space_index,time_index,time_center_s,location_center_m,speed_kmh,sample_count,filled,t_bottom_left_s,t_bottom_right_s,t_top_right_s,t_top_left_s,x_bottom_m,x_top_m
0,0,10.375,26.577777777777662,66.2336507936508,9,0,1.0,31.0,19.75,-10.25,1.57777777777766,51.57777777777766
0,1,40.375,26.577777777777662,75.35750000000002,8,0,31.0,61.0,49.75,19.75,1.57777777777766,51.57777777777766
0,2,70.375,26.577777777777662,69.12565656565657,11,0,61.0,91.0,79.75,49.75,1.57777777777766,51.57777777777766
0,3,100.375,26.577777777777662,63.99383333333333,20,0,91.0,121.0,109.75,79.75,1.57777777777766,51.57777777777766
0,4,130.375,26.577777777777662,67.49277777777777,24,0,121.0,151.0,139.75,109.75,1.57777777777766,51.57777777777766
0,5,160.375,26.577777777777662,66.35279761904762,24,0,151.0,181.0,169.75,139.75,1.57777777777766,51.57777777777766
0,6,190.375,26.577777777777662,71.39765625000001,16,0,181.0,211.0,199.75,169.75,1.57777777777766,51.57777777777766
0,7,220.375,26.577777777777662,68.41544444444443,15,0,211.0,241.0,229.75,199.75,1.57777777777766,51.57777777777766
0,8,250.375,26.577777777777662,71.52082539682539,15,0,241.0,271.0,259.75,229.75,1.57777777777766,51.57777777777766
0,9,280.375,26.577777777777662,78.42666666666666,6,0,271.0,301.0,289.75,259.75,1.57777777777766,51.57777777777766
0,10,310.375,26.577777777777662,69.1584312169312,15,0,301.0,331.0,319.75,289.75,1.57777777777766,51.57777777777766
0,11,340.375,26.577777777777662,68.80322222222223,25,0,331.0,361.0,349.75,319.75,1.57777777777766,51.57777777777766
0,12,370.375,26.577777777777662,64.64009803921569,17,0,361.0,391.0,379.75,349.75,1.57777777777766,51.57777777777766
0,13,400.375,26.577777777777662,61.43258095238096,25,0,391.0,421.0,409.75,379.75,1.57777777777766,51.57777777777766
0,14,430.375,26.577777777777662,61.5881272893773,26,0,421.0,451.0,439.75,409.75,1.57777777777766,51.57777777777766
0,15,460.375,26.577777777777662,63.14105742296921,34,0,451.0,481.0,469.75,439.75,1.57777777777766,51.57777777777766
0,16,490.375,26.577777777777662,66.71988636363638,22,0,481.0,511.0,499.75,469.75,1.57777777777766,51.57777777777766
0,17,520.375,26.577777777777662,75.26669444444444,20,0,511.0,541.0,529.75,499.75,1.57777777777766,51.57777777777766
0,18,550.375,26.577777777777662,65.56085659551178,29,0,541.0,571.0,559.75,529.75,1.57777777777766,51.57777777777766
0,19,580.375,26.577777777777662,70.92783068783068,15,0,571.0,601.0,589.75,559.75,1.57777777777766,51.57777777777766
0,20,610.375,26.577777777777662,65.14208333333333,12,0,601.0,631.0,619.75,589.75,1.57777777777766,51.57777777777766
0,21,640.375,26.577777777777662,69.24902777777778,16,0,631.0,661.0,649.75,619.75,1.57777777777766,51.57777777777766
0,22,670.375,26.577777777777662,66.17474937343358,19,0,661.0,691.0,679.75,649.75,1.57777777777766,51.57777777777766
0,23,700.375,26.577777777777662,66.52164609053499,27,0,691.0,721.0,709.75,679.75,1.57777777777766,51.57777777777766
0,24,730.375,26.577777777777662,65.86035126396239,27,0,721.0,751.0,739.75,709.75,1.57777777777766,51.57777777777766
0,25,760.375,26.577777777777662,59.53879629629629,24,0,751.0,781.0,769.75,739.75,1.57777777777766,51.57777777777766
0,26,790.375,26.577777777777662,64.51613553113552,26,0,781.0,811.0,799.75,769.75,1.57777777777766,51.57777777777766
0,27,820.375,26.577777777777662,67.90592857142857,20,0,811.0,841.0,829.75,799.75,1.57777777777766,51.57777777777766
0,28,850.375,26.577777777777662,73.36111111111111,6,0,841.0,871.0,859.75,829.75,1.57777777777766,51.57777777777766
0,29,880.375,26.577777777777662,55.32159318048207,27,0,871.0,901.0,889.75,859.75,1.57777777777766,51.57777777777766
0,30,910.375,26.577777777777662,59.24387096774194,31,0,901.0,931.0,919.75,889.75,1.57777777777766,51.57777777777766
0,31,940.375,26.577777777777662,50.90307692307693,52,0,931.0,961.0,949.75,919.75,1.57777777777766,51.57777777777766
0,32,970.375,26.577777777777662,46.28095320767195,48,0,961.0,991.0,979.75,949.75,1.57777777777766,51.57777777777766
0,33,1000.375,26.577777777777662,51.36175125313282,38,0,991.0,1021.0,1009.75,979.75,1.57777777777766,51.57777777777766
0,34,1030.375,26.577777777777662,49.48262188208618,42,0,1021.0,1051.0,1039.75,1009.75,1.57777777777766,51.57777777777766
0,35,1060.375,26.577777777777662,43.24892063492064,45,0,1051.0,1081.0,1069.75,1039.75,1.57777777777766,51.57777777777766
0,36,1090.375,26.577777777777662,49.25340136054421,35,0,1081.0,1111.0,1099.75,1069.75,1.57777777777766,51.57777777777766
0,37,1120.375,26.577777777777662,47.954410774410775,33,0,1111.0,1141.0,1129.75,1099.75,1.57777777777766,51.57777777777766
0,38,1150.375,26.577777777777662,55.690000000000005,15,0,1141.0,1171.0,1159.75,1129.75,1.57777777777766,51.57777777777766
0,39,1180.375,26.577777777777662,65.75854910714285,16,0,1171.0,1201.0,1189.75,1159.75,1.57777777777766,51.57777777777766
0,40,1210.375,26.577777777777662,57.92732600732599,26,0,1201.0,1231.0,1219.75,1189.75,1.57777777777766,51.57777777777766
0,41,1240.375,26.577777777777662,58.87555555555556,30,0,1231.0,1261.0,1249.75,1219.75,1.57777777777766,51.57777777777766
0,42,1270.375,26.577777777777662,61.6806283068783,18,0,1261.0,1291.0,1279.75,1249.75,1.57777777777766,51.57777777777766
0,43,1300.375,26.577777777777662,62.676854636591486,19,0,1291.0,1321.0,1309.75,1279.75,1.57777777777766,51.57777777777766
0,44,1330.375,26.577777777777662,60.7563961038961,11,0,1321.0,1351.0,1339.75,1309.75,1.57777777777766,51.57777777777766
0,45,1360.375,26.577777777777662,55.53866959064329,38,0,1351.0,1381.0,1369.75,1339.75,1.57777777777766,51.57777777777766
0,46,1390.375,26.577777777777662,53.137499999999996,38,0,1381.0,1411.0,1399.75,1369.75,1.57777777777766,51.57777777777766
0,47,1420.375,26.577777777777662,64.65286549707602,19,0,1411.0,1441.0,1429.75,1399.75,1.57777777777766,51.57777777777766
0,48,1450.375,26.577777777777662,61.98410714285713,28,0,1441.0,1471.0,1459.75,1429.75,1.57777777777766,51.57777777777766
0,49,1480.375,26.577777777777662,62.39707738095238,20,0,1471.0,1501.0,1489.75,1459.75,1.57777777777766,51.57777777777766
0,50,1510.375,26.577777777777662,55.578153594771244,34,0,1501.0,1531.0,1519.75,1489.75,1.57777777777766,51.57777777777766
0,51,1540.375,26.577777777777662,58.04946258503402,35,0,1531.0,1561.0,1549.75,1519.75,1.57777777777766,51.57777777777766
0,52,1570.375,26.577777777777662,54.169796466973885,31,0,1561.0,1591.0,1579.75,1549.75,1.57777777777766,51.57777777777766
0,53,1600.375,26.577777777777662,40.74562103174603,40,0,1591.0,1621.0,1609.75,1579.75,1.57777777777766,51.57777777777766
0,54,1630.375,26.577777777777662,33.577976190476186,56,0,1621.0,1651.0,1639.75,1609.75,1.57777777777766,51.57777777777766
0,55,1660.375,26.577777777777662,35.06325102880659,54,0,1651.0,1681.0,1669.75,1639.75,1.57777777777766,51.57777777777766
0,56,1690.375,26.577777777777662,38.175764715608466,48,0,1681.0,1711.0,1699.75,1669.75,1.57777777777766,51.57777777777766
0,57,1720.375,26.577777777777662,33.61271768707483,70,0,1711.0,1741.0,1729.75,1699.75,1.57777777777766,51.57777777777766
0,58,1750.375,26.577777777777662,31.465188323917133,59,0,1741.0,1771.0,1759.75,1729.75,1.57777777777766,51.57777777777766
0,59,1780.375,26.577777777777662,22.671156204906204,66,0,1771.0,1801.0,1789.75,1759.75,1.57777777777766,51.57777777777766
0,60,1810.375,26.577777777777662,24.380428571428563,70,0,1801.0,1831.0,1819.75,1789.75,1.57777777777766,51.57777777777766
0,61,1840.375,26.577777777777662,23.882264957264947,78,0,1831.0,1861.0,1849.75,1819.75,1.57777777777766,51.57777777777766
0,62,1870.375,26.577777777777662,25.911453301127207,69,0,1861.0,1891.0,1879.75,1849.75,1.57777777777766,51.57777777777766
0,63,1900.375,26.577777777777662,28.52282396565183,61,0,1891.0,1921.0,1909.75,1879.75,1.57777777777766,51.57777777777766
0,64,1930.375,26.577777777777662,24.604968354430373,79,0,1921.0,1951.0,1939.75,1909.75,1.57777777777766,51.57777777777766
0,65,1960.375,26.577777777777662,21.807457837301584,64,0,1951.0,1981.0,1969.75,1939.75,1.57777777777766,51.57777777777766
0,66,1990.375,26.577777777777662,21.33594380094381,74,0,1981.0,2011.0,1999.75,1969.75,1.57777777777766,51.57777777777766
0,67,2020.375,26.577777777777662,27.28956140350877,76,0,2011.0,2041.0,2029.75,1999.75,1.57777777777766,51.57777777777766
0,68,2050.375,26.577777777777662,34.58638888888889,61,0,2041.0,2071.0,2059.75,2029.75,1.57777777777766,51.57777777777766
0,69,2080.375,26.577777777777662,32.19793073593073,55,0,2071.0,2101.0,2089.75,2059.75,1.57777777777766,51.57777777777766
0,70,2110.375,26.577777777777662,29.521613060428855,57,0,2101.0,2131.0,2119.75,2089.75,1.57777777777766,51.57777777777766
0,71,2140.375,26.577777777777662,34.23029797979798,55,0,2131.0,2161.0,2149.75,2119.75,1.57777777777766,51.57777777777766
0,72,2170.375,26.577777777777662,34.70863492063493,60,0,2161.0,2191.0,2179.75,2149.75,1.57777777777766,51.57777777777766
0,73,2200.375,26.577777777777662,35.378826530612265,49,0,2191.0,2221.0,2209.75,2179.75,1.57777777777766,51.57777777777766
0,74,2230.375,26.577777777777662,38.88280303030304,44,0,2221.0,2251.0,2239.75,2209.75,1.57777777777766,51.57777777777766
0,75,2260.375,26.577777777777662,21.834087893864023,67,0,2251.0,2281.0,2269.75,2239.75,1.57777777777766,51.57777777777766
0,76,2290.375,26.577777777777662,14.384894894894893,111,0,2281.0,2311.0,2299.75,2269.75,1.57777777777766,51.57777777777766
0,77,2320.375,26.577777777777662,18.97988304093568,95,0,2311.0,2341.0,2329.75,2299.75,1.57777777777766,51.57777777777766
0,78,2350.375,26.577777777777662,22.895013227513225,84,0,2341.0,2371.0,2359.75,2329.75,1.57777777777766,51.57777777777766
0,79,2380.375,26.577777777777662,27.984146825396834,56,0,2371.0,2401.0,2389.75,2359.75,1.57777777777766,51.57777777777766
0,80,2410.375,26.577777777777662,25.902876609763393,53,0,2401.0,2431.0,2419.75,2389.75,1.57777777777766,51.57777777777766
0,81,2440.375,26.577777777777662,28.505911949685537,53,0,2431.0,2461.0,2449.75,2419.75,1.57777777777766,51.57777777777766
0,82,2470.375,26.577777777777662,32.21632594417077,58,0,2461.0,2491.0,2479.75,2449.75,1.57777777777766,51.57777777777766
0,83,2500.375,26.577777777777662,32.4634660218254,64,0,2491.0,2521.0,2509.75,2479.75,1.57777777777766,51.57777777777766
0,84,2530.375,26.577777777777662,36.695156300615494,49,0,2521.0,2551.0,2539.75,2509.75,1.57777777777766,51.57777777777766
0,85,2560.375,26.577777777777662,40.921712809154656,43,0,2551.0,2581.0,2569.75,2539.75,1.57777777777766,51.57777777777766
0,86,2590.375,26.577777777777662,38.15939775910365,51,0,2581.0,2611.0,2599.75,2569.75,1.57777777777766,51.57777777777766
0,87,2620.375,26.577777777777662,40.1192673992674,52,0,2611.0,2641.0,2629.75,2599.75,1.57777777777766,51.57777777777766
0,88,2650.375,26.577777777777662,42.25208646616541,38,0,2641.0,2671.0,2659.75,2629.75,1.57777777777766,51.57777777777766
0,89,2680.375,26.577777777777662,38.72981456043955,52,0,2671.0,2701.0,2689.75,2659.75,1.57777777777766,51.57777777777766
0,90,2710.375,26.577777777777662,30.361981481481475,75,0,2701.0,2731.0,2719.75,2689.75,1.57777777777766,51.57777777777766
0,91,2740.375,26.577777777777662,12.73927631578947,114,0,2731.0,2761.0,2749.75,2719.75,1.57777777777766,51.57777777777766
0,92,2770.375,26.577777777777662,21.28040277777778,80,0,2761.0,2791.0,2779.75,2749.75,1.57777777777766,51.57777777777766
0,93,2800.375,26.577777777777662,33.523240418118455,41,0,2791.0,2821.0,2809.75,2779.75,1.57777777777766,51.57777777777766
0,94,2830.375,26.577777777777662,36.77225225225224,37,0,2821.0,2851.0,2839.75,2809.75,1.57777777777766,51.57777777777766
0,95,2860.375,26.577777777777662,42.347403926482876,38,0,2851.0,2881.0,2869.75,2839.75,1.57777777777766,51.57777777777766
0,96,2890.375,26.577777777777662,45.5456986215539,38,0,2881.0,2911.0,2899.75,2869.75,1.57777777777766,51.57777777777766
0,97,2920.375,26.577777777777662,42.48010705057217,43,0,2911.0,2941.0,2929.75,2899.75,1.57777777777766,51.57777777777766
0,98,2950.375,26.577777777777662,35.331691849816835,52,0,2941.0,2971.0,2959.75,2929.75,1.57777777777766,51.57777777777766
0,99,2980.375,26.577777777777662,23.962642276422766,82,0,2971.0,3001.0,2989.75,2959.75,1.57777777777766,51.57777777777766
0,100,3010.375,26.577777777777662,25.38462709284628,73,0,3001.0,3031.0,3019.75,2989.75,1.57777777777766,51.57777777777766
0,101,3040.375,26.577777777777662,25.011835748792272,69,0,3031.0,3061.0,3049.75,3019.75,1.57777777777766,51.57777777777766
0,102,3070.375,26.577777777777662,26.70665725047081,59,0,3061.0,3091.0,3079.75,3049.75,1.57777777777766,51.57777777777766
0,103,3100.375,26.577777777777662,30.466832325522798,63,0,3091.0,3121.0,3109.75,3079.75,1.57777777777766,51.57777777777766
0,104,3130.375,26.577777777777662,40.7379218106996,54,0,3121.0,3151.0,3139.75,3109.75,1.57777777777766,51.57777777777766
0,105,3160.375,26.577777777777662,43.66677154195012,42,0,3151.0,3181.0,3169.75,3139.75,1.57777777777766,51.57777777777766
0,106,3190.375,26.577777777777662,31.400156565656573,55,0,3181.0,3211.0,3199.75,3169.75,1.57777777777766,51.57777777777766
0,107,3220.375,26.577777777777662,18.20902329749104,93,0,3211.0,3241.0,3229.75,3199.75,1.57777777777766,51.57777777777766
0,108,3250.375,26.577777777777662,33.23005102040817,56,0,3241.0,3271.0,3259.75,3229.75,1.57777777777766,51.57777777777766
0,109,3280.375,26.577777777777662,40.978902831402834,37,0,3271.0,3301.0,3289.75,3259.75,1.57777777777766,51.57777777777766
0,110,3310.375,26.577777777777662,46.21544444444444,40,0,3301.0,3331.0,3319.75,3289.75,1.57777777777766,51.57777777777766
0,111,3340.375,26.577777777777662,43.31909611992944,36,0,3331.0,3361.0,3349.75,3319.75,1.57777777777766,51.57777777777766
0,112,3370.375,26.577777777777662,42.72798786181139,51,0,3361.0,3391.0,3379.75,3349.75,1.57777777777766,51.57777777777766
0,113,3400.375,26.577777777777662,27.43120634920635,55,0,3391.0,3421.0,3409.75,3379.75,1.57777777777766,51.57777777777766
0,114,3430.375,26.577777777777662,22.61952731092437,68,0,3421.0,3451.0,3439.75,3409.75,1.57777777777766,51.57777777777766
0,115,3460.375,26.577777777777662,24.176645502645496,75,0,3451.0,3481.0,3469.75,3439.75,1.57777777777766,51.57777777777766
0,116,3490.375,26.577777777777662,30.51418926366842,72,0,3481.0,3511.0,3499.75,3469.75,1.57777777777766,51.57777777777766
0,117,3520.375,26.577777777777662,33.78047763347763,55,0,3511.0,3541.0,3529.75,3499.75,1.57777777777766,51.57777777777766
0,118,3550.375,26.577777777777662,31.057557043650807,64,0,3541.0,3571.0,3559.75,3529.75,1.57777777777766,51.57777777777766
0,119,3580.375,26.577777777777662,23.161253968253973,60,0,3571.0,3601.0,3589.75,3559.75,1.57777777777766,51.57777777777766
0,120,3610.375,26.577777777777662,21.86126984126984,42,0,3601.0,3631.0,3619.75,3589.75,1.57777777777766,51.57777777777766
0,121,3640.375,26.577777777777662,,0,0,3631.0,3661.0,3649.75,3619.75,1.57777777777766,51.57777777777766
0,122,3670.375,26.577777777777662,,0,0,3661.0,3691.0,3679.75,3649.75,1.57777777777766,51.57777777777766
0,123,3700.375,26.577777777777662,,0,0,3691.0,3721.0,3709.75,3679.75,1.57777777777766,51.57777777777766
0,124,3730.375,26.577777777777662,,0,0,3721.0,3751.0,3739.75,3709.75,1.57777777777766,51.57777777777766
0,125,3760.375,26.577777777777662,,0,0,3751.0,3781.0,3769.75,3739.75,1.57777777777766,51.57777777777766
0,126,3790.375,26.577777777777662,,0,0,3781.0,3811.0,3799.75,3769.75,1.57777777777766,51.57777777777766
0,127,3820.375,26.577777777777662,,0,0,3811.0,3841.0,3829.75,3799.75,1.57777777777766,51.57777777777766
0,128,3850.375,26.577777777777662,,0,0,3841.0,3871.0,3859.75,3829.75,1.57777777777766,51.57777777777766
0,129,3880.375,26.577777777777662,,0,0,3871.0,3901.0,3889.75,3859.75,1.57777777777766,51.57777777777766
1,0,-0.875,76.57777777777765,68.69166666666666,6,0,-10.25,19.75,8.5,-21.5,51.57777777777766,101.57777777777765
1,1,29.125,76.57777777777765,73.58555555555556,9,0,19.75,49.75,38.5,8.5,51.57777777777766,101.57777777777765
1,2,59.125,76.57777777777765,72.18153846153847,13,0,49.75,79.75,68.5,38.5,51.57777777777766,101.57777777777765
1,3,89.125,76.57777777777765,72.32529411764708,17,0,79.75,109.75,98.5,68.5,51.57777777777766,101.57777777777765
1,4,119.125,76.57777777777765,63.561515151515145,33,0,109.75,139.75,128.5,98.5,51.57777777777766,101.57777777777765
1,5,149.125,76.57777777777765,68.15280000000001,25,0,139.75,169.75,158.5,128.5,51.57777777777766,101.57777777777765
1,6,179.125,76.57777777777765,67.25999999999998,31,0,169.75,199.75,188.5,158.5,51.57777777777766,101.57777777777765
1,7,209.125,76.57777777777765,73.48600000000002,15,0,199.75,229.75,218.5,188.5,51.57777777777766,101.57777777777765
1,8,239.125,76.57777777777765,70.13470588235293,17,0,229.75,259.75,248.5,218.5,51.57777777777766,101.57777777777765
1,9,269.125,76.57777777777765,76.34727272727274,11,0,259.75,289.75,278.5,248.5,51.57777777777766,101.57777777777765
1,10,299.125,76.57777777777765,74.7025,12,0,289.75,319.75,308.5,278.5,51.57777777777766,101.57777777777765
1,11,329.125,76.57777777777765,68.94882352941178,34,0,319.75,349.75,338.5,308.5,51.57777777777766,101.57777777777765
1,12,359.125,76.57777777777765,69.84584795321636,19,0,349.75,379.75,368.5,338.5,51.57777777777766,101.57777777777765
1,13,389.125,76.57777777777765,62.58576923076923,26,0,379.75,409.75,398.5,368.5,51.57777777777766,101.57777777777765
1,14,419.125,76.57777777777765,61.88266666666666,30,0,409.75,439.75,428.5,398.5,51.57777777777766,101.57777777777765
1,15,449.125,76.57777777777765,62.858249999999984,40,0,439.75,469.75,458.5,428.5,51.57777777777766,101.57777777777765
1,16,479.125,76.57777777777765,66.42516129032259,31,0,469.75,499.75,488.5,458.5,51.57777777777766,101.57777777777765
1,17,509.125,76.57777777777765,68.859375,16,0,499.75,529.75,518.5,488.5,51.57777777777766,101.57777777777765
1,18,539.125,76.57777777777765,71.08416666666668,24,0,529.75,559.75,548.5,518.5,51.57777777777766,101.57777777777765
1,19,569.125,76.57777777777765,67.6405,20,0,559.75,589.75,578.5,548.5,51.57777777777766,101.57777777777765
1,20,599.125,76.57777777777765,70.10684210526317,19,0,589.75,619.75,608.5,578.5,51.57777777777766,101.57777777777765
1,21,629.125,76.57777777777765,69.71261904761907,21,0,619.75,649.75,638.5,608.5,51.57777777777766,101.57777777777765
1,22,659.125,76.57777777777765,69.40499999999999,16,0,649.75,679.75,668.5,638.5,51.57777777777766,101.57777777777765
1,23,689.125,76.57777777777765,65.7097435897436,39,0,679.75,709.75,698.5,668.5,51.57777777777766,101.57777777777765
1,24,719.125,76.57777777777765,67.78634920634921,28,0,709.75,739.75,728.5,698.5,51.57777777777766,101.57777777777765
1,25,749.125,76.57777777777765,62.74639999999999,25,0,739.75,769.75,758.5,728.5,51.57777777777766,101.57777777777765
1,26,779.125,76.57777777777765,64.74727272727273,22,0,769.75,799.75,788.5,758.5,51.57777777777766,101.57777777777765
1,27,809.125,76.57777777777765,65.8525,28,0,799.75,829.75,818.5,788.5,51.57777777777766,101.57777777777765
1,28,839.125,76.57777777777765,70.93700000000001,10,0,829.75,859.75,848.5,818.5,51.57777777777766,101.57777777777765
1,29,869.125,76.57777777777765,59.747894736842106,19,0,859.75,889.75,878.5,848.5,51.57777777777766,101.57777777777765
1,30,899.125,76.57777777777765,57.33857142857143,28,0,889.75,919.75,908.5,878.5,51.57777777777766,101.57777777777765
1,31,929.125,76.57777777777765,55.205283018867924,53,0,919.75,949.75,938.5,908.5,51.57777777777766,101.57777777777765
1,32,959.125,76.57777777777765,47.910677966101694,59,0,949.75,979.75,968.5,938.5,51.57777777777766,101.57777777777765
1,33,989.125,76.57777777777765,49.71163265306122,49,0,979.75,1009.75,998.5,968.5,51.57777777777766,101.57777777777765
1,34,1019.125,76.57777777777765,51.27279069767441,43,0,1009.75,1039.75,1028.5,998.5,51.57777777777766,101.57777777777765
1,35,1049.125,76.57777777777765,41.22701754385965,57,0,1039.75,1069.75,1058.5,1028.5,51.57777777777766,101.57777777777765
1,36,1079.125,76.57777777777765,43.00185185185185,54,0,1069.75,1099.75,1088.5,1058.5,51.57777777777766,101.57777777777765
1,37,1109.125,76.57777777777765,47.74113636363638,44,0,1099.75,1129.75,1118.5,1088.5,51.57777777777766,101.57777777777765
1,38,1139.125,76.57777777777765,47.36041666666666,24,0,1129.75,1159.75,1148.5,1118.5,51.57777777777766,101.57777777777765
1,39,1169.125,76.57777777777765,55.93863636363637,22,0,1159.75,1189.75,1178.5,1148.5,51.57777777777766,101.57777777777765
1,40,1199.125,76.57777777777765,61.714230769230774,26,0,1189.75,1219.75,1208.5,1178.5,51.57777777777766,101.57777777777765
1,41,1229.125,76.57777777777765,56.829006211180136,46,0,1219.75,1249.75,1238.5,1208.5,51.57777777777766,101.57777777777765
1,42,1259.125,76.57777777777765,66.43809523809526,21,0,1249.75,1279.75,1268.5,1238.5,51.57777777777766,101.57777777777765
1,43,1289.125,76.57777777777765,60.425483870967746,31,0,1279.75,1309.75,1298.5,1268.5,51.57777777777766,101.57777777777765
1,44,1319.125,76.57777777777765,68.50166666666665,12,0,1309.75,1339.75,1328.5,1298.5,51.57777777777766,101.57777777777765
1,45,1349.125,76.57777777777765,57.461000000000006,30,0,1339.75,1369.75,1358.5,1328.5,51.57777777777766,101.57777777777765
1,46,1379.125,76.57777777777765,53.62562500000001,48,0,1369.75,1399.75,1388.5,1358.5,51.57777777777766,101.57777777777765
1,47,1409.125,76.57777777777765,60.92678571428571,28,0,1399.75,1429.75,1418.5,1388.5,51.57777777777766,101.57777777777765
1,48,1439.125,76.57777777777765,63.328518518518514,27,0,1429.75,1459.75,1448.5,1418.5,51.57777777777766,101.57777777777765
1,49,1469.125,76.57777777777765,63.84911764705882,34,0,1459.75,1489.75,1478.5,1448.5,51.57777777777766,101.57777777777765
1,50,1499.125,76.57777777777765,58.724571428571416,35,0,1489.75,1519.75,1508.5,1478.5,51.57777777777766,101.57777777777765
1,51,1529.125,76.57777777777765,55.595,34,0,1519.75,1549.75,1538.5,1508.5,51.57777777777766,101.57777777777765
1,52,1559.125,76.57777777777765,57.44681818181818,44,0,1549.75,1579.75,1568.5,1538.5,51.57777777777766,101.57777777777765
1,53,1589.125,76.57777777777765,39.12854166666667,48,0,1579.75,1609.75,1598.5,1568.5,51.57777777777766,101.57777777777765
1,54,1619.125,76.57777777777765,30.170983606557385,61,0,1609.75,1639.75,1628.5,1598.5,51.57777777777766,101.57777777777765
1,55,1649.125,76.57777777777765,31.907887323943662,71,0,1639.75,1669.75,1658.5,1628.5,51.57777777777766,101.57777777777765
1,56,1679.125,76.57777777777765,35.7318,50,0,1669.75,1699.75,1688.5,1658.5,51.57777777777766,101.57777777777765
1,57,1709.125,76.57777777777765,34.51202898550725,69,0,1699.75,1729.75,1718.5,1688.5,51.57777777777766,101.57777777777765
1,58,1739.125,76.57777777777765,32.53671875,64,0,1729.75,1759.75,1748.5,1718.5,51.57777777777766,101.57777777777765
1,59,1769.125,76.57777777777765,28.74981132075472,53,0,1759.75,1789.75,1778.5,1748.5,51.57777777777766,101.57777777777765
1,60,1799.125,76.57777777777765,24.058253968253975,63,0,1789.75,1819.75,1808.5,1778.5,51.57777777777766,101.57777777777765
1,61,1829.125,76.57777777777765,24.478266666666663,75,0,1819.75,1849.75,1838.5,1808.5,51.57777777777766,101.57777777777765
1,62,1859.125,76.57777777777765,27.7408,75,0,1849.75,1879.75,1868.5,1838.5,51.57777777777766,101.57777777777765
1,63,1889.125,76.57777777777765,31.75186440677967,59,0,1879.75,1909.75,1898.5,1868.5,51.57777777777766,101.57777777777765
1,64,1919.125,76.57777777777765,28.11734375,64,0,1909.75,1939.75,1928.5,1898.5,51.57777777777766,101.57777777777765
1,65,1949.125,76.57777777777765,21.39303797468354,79,0,1939.75,1969.75,1958.5,1928.5,51.57777777777766,101.57777777777765
1,66,1979.125,76.57777777777765,21.678448275862067,58,0,1969.75,1999.75,1988.5,1958.5,51.57777777777766,101.57777777777765
1,67,2009.125,76.57777777777765,27.65222222222222,63,0,1999.75,2029.75,2018.5,1988.5,51.57777777777766,101.57777777777765
1,68,2039.125,76.57777777777765,31.355070422535217,71,0,2029.75,2059.75,2048.5,2018.5,51.57777777777766,101.57777777777765
1,69,2069.125,76.57777777777765,31.22708494208494,74,0,2059.75,2089.75,2078.5,2048.5,51.57777777777766,101.57777777777765
1,70,2099.125,76.57777777777765,29.40603174603175,63,0,2089.75,2119.75,2108.5,2078.5,51.57777777777766,101.57777777777765
1,71,2129.125,76.57777777777765,33.45179999999999,50,0,2119.75,2149.75,2138.5,2108.5,51.57777777777766,101.57777777777765
1,72,2159.125,76.57777777777765,36.58822580645162,62,0,2149.75,2179.75,2168.5,2138.5,51.57777777777766,101.57777777777765
1,73,2189.125,76.57777777777765,36.56013333333333,50,0,2179.75,2209.75,2198.5,2168.5,51.57777777777766,101.57777777777765
1,74,2219.125,76.57777777777765,33.44714285714286,56,0,2209.75,2239.75,2228.5,2198.5,51.57777777777766,101.57777777777765
1,75,2249.125,76.57777777777765,28.27489795918368,49,0,2239.75,2269.75,2258.5,2228.5,51.57777777777766,101.57777777777765
1,76,2279.125,76.57777777777765,20.09393939393939,66,0,2269.75,2299.75,2288.5,2258.5,51.57777777777766,101.57777777777765
1,77,2309.125,76.57777777777765,21.037435897435913,78,0,2299.75,2329.75,2318.5,2288.5,51.57777777777766,101.57777777777765
1,78,2339.125,76.57777777777765,20.959032258064525,93,0,2329.75,2359.75,2348.5,2318.5,51.57777777777766,101.57777777777765
1,79,2369.125,76.57777777777765,26.176712328767128,73,0,2359.75,2389.75,2378.5,2348.5,51.57777777777766,101.57777777777765
1,80,2399.125,76.57777777777765,27.665333333333333,60,0,2389.75,2419.75,2408.5,2378.5,51.57777777777766,101.57777777777765
1,81,2429.125,76.57777777777765,29.497313432835828,67,0,2419.75,2449.75,2438.5,2408.5,51.57777777777766,101.57777777777765
1,82,2459.125,76.57777777777765,32.96778061224488,56,0,2449.75,2479.75,2468.5,2438.5,51.57777777777766,101.57777777777765
1,83,2489.125,76.57777777777765,37.54543859649123,57,0,2479.75,2509.75,2498.5,2468.5,51.57777777777766,101.57777777777765
1,84,2519.125,76.57777777777765,38.13628571428572,70,0,2509.75,2539.75,2528.5,2498.5,51.57777777777766,101.57777777777765
1,85,2549.125,76.57777777777765,42.33120000000001,50,0,2539.75,2569.75,2558.5,2528.5,51.57777777777766,101.57777777777765
1,86,2579.125,76.57777777777765,42.504000000000005,45,0,2569.75,2599.75,2588.5,2558.5,51.57777777777766,101.57777777777765
1,87,2609.125,76.57777777777765,40.43358208955225,67,0,2599.75,2629.75,2618.5,2588.5,51.57777777777766,101.57777777777765
1,88,2639.125,76.57777777777765,41.34363636363637,55,0,2629.75,2659.75,2648.5,2618.5,51.57777777777766,101.57777777777765
1,89,2669.125,76.57777777777765,38.251999999999995,65,0,2659.75,2689.75,2678.5,2648.5,51.57777777777766,101.57777777777765
1,90,2699.125,76.57777777777765,29.267831325301195,83,0,2689.75,2719.75,2708.5,2678.5,51.57777777777766,101.57777777777765
1,91,2729.125,76.57777777777765,17.80285714285714,112,0,2719.75,2749.75,2738.5,2708.5,51.57777777777766,101.57777777777765
1,92,2759.125,76.57777777777765,24.01445945945946,74,0,2749.75,2779.75,2768.5,2738.5,51.57777777777766,101.57777777777765
1,93,2789.125,76.57777777777765,33.72327272727272,55,0,2779.75,2809.75,2798.5,2768.5,51.57777777777766,101.57777777777765
1,94,2819.125,76.57777777777765,37.984347826086946,46,0,2809.75,2839.75,2828.5,2798.5,51.57777777777766,101.57777777777765
1,95,2849.125,76.57777777777765,40.837906976744186,43,0,2839.75,2869.75,2858.5,2828.5,51.57777777777766,101.57777777777765
1,96,2879.125,76.57777777777765,46.59787234042554,47,0,2869.75,2899.75,2888.5,2858.5,51.57777777777766,101.57777777777765
1,97,2909.125,76.57777777777765,44.3996598639456,49,0,2899.75,2929.75,2918.5,2888.5,51.57777777777766,101.57777777777765
1,98,2939.125,76.57777777777765,36.15129629629629,54,0,2929.75,2959.75,2948.5,2918.5,51.57777777777766,101.57777777777765
1,99,2969.125,76.57777777777765,26.093253012048194,83,0,2959.75,2989.75,2978.5,2948.5,51.57777777777766,101.57777777777765
1,100,2999.125,76.57777777777765,24.445569620253174,79,0,2989.75,3019.75,3008.5,2978.5,51.57777777777766,101.57777777777765
1,101,3029.125,76.57777777777765,23.907191011235952,89,0,3019.75,3049.75,3038.5,3008.5,51.57777777777766,101.57777777777765
1,102,3059.125,76.57777777777765,23.33632575757576,66,0,3049.75,3079.75,3068.5,3038.5,51.57777777777766,101.57777777777765
1,103,3089.125,76.57777777777765,29.72581081081081,74,0,3079.75,3109.75,3098.5,3068.5,51.57777777777766,101.57777777777765
1,104,3119.125,76.57777777777765,39.17600000000001,65,0,3109.75,3139.75,3128.5,3098.5,51.57777777777766,101.57777777777765
1,105,3149.125,76.57777777777765,42.550923076923056,65,0,3139.75,3169.75,3158.5,3128.5,51.57777777777766,101.57777777777765
1,106,3179.125,76.57777777777765,30.53500000000001,66,0,3169.75,3199.75,3188.5,3158.5,51.57777777777766,101.57777777777765
1,107,3209.125,76.57777777777765,20.082435897435907,78,0,3199.75,3229.75,3218.5,3188.5,51.57777777777766,101.57777777777765
1,108,3239.125,76.57777777777765,30.234999999999996,70,0,3229.75,3259.75,3248.5,3218.5,51.57777777777766,101.57777777777765
1,109,3269.125,76.57777777777765,41.16076923076923,52,0,3259.75,3289.75,3278.5,3248.5,51.57777777777766,101.57777777777765
1,110,3299.125,76.57777777777765,44.76315789473684,38,0,3289.75,3319.75,3308.5,3278.5,51.57777777777766,101.57777777777765
1,111,3329.125,76.57777777777765,45.15489361702128,47,0,3319.75,3349.75,3338.5,3308.5,51.57777777777766,101.57777777777765
1,112,3359.125,76.57777777777765,39.09684210526316,57,0,3349.75,3379.75,3368.5,3338.5,51.57777777777766,101.57777777777765
1,113,3389.125,76.57777777777765,24.587093023255807,86,0,3379.75,3409.75,3398.5,3368.5,51.57777777777766,101.57777777777765
1,114,3419.125,76.57777777777765,20.049638554216862,83,0,3409.75,3439.75,3428.5,3398.5,51.57777777777766,101.57777777777765
1,115,3449.125,76.57777777777765,23.638,70,0,3439.75,3469.75,3458.5,3428.5,51.57777777777766,101.57777777777765
1,116,3479.125,76.57777777777765,31.056547619047635,84,0,3469.75,3499.75,3488.5,3458.5,51.57777777777766,101.57777777777765
1,117,3509.125,76.57777777777765,31.93434210526316,76,0,3499.75,3529.75,3518.5,3488.5,51.57777777777766,101.57777777777765
1,118,3539.125,76.57777777777765,28.489318181818177,88,0,3529.75,3559.75,3548.5,3518.5,51.57777777777766,101.57777777777765
1,119,3569.125,76.57777777777765,21.480888888888884,90,0,3559.75,3589.75,3578.5,3548.5,51.57777777777766,101.57777777777765
1,120,3599.125,76.57777777777765,23.887014925373137,67,0,3589.75,3619.75,3608.5,3578.5,51.57777777777766,101.57777777777765
1,121,3629.125,76.57777777777765,27.562727272727273,11,0,3619.75,3649.75,3638.5,3608.5,51.57777777777766,101.57777777777765
1,122,3659.125,76.57777777777765,,0,0,3649.75,3679.75,3668.5,3638.5,51.57777777777766,101.57777777777765
1,123,3689.125,76.57777777777765,,0,0,3679.75,3709.75,3698.5,3668.5,51.57777777777766,101.57777777777765
1,124,3719.125,76.57777777777765,,0,0,3709.75,3739.75,3728.5,3698.5,51.57777777777766,101.57777777777765
1,125,3749.125,76.57777777777765,,0,0,3739.75,3769.75,3758.5,3728.5,51.57777777777766,101.57777777777765
1,126,3779.125,76.57777777777765,,0,0,3769.75,3799.75,3788.5,3758.5,51.57777777777766,101.57777777777765
1,127,3809.125,76.57777777777765,,0,0,3799.75,3829.75,3818.5,3788.5,51.57777777777766,101.57777777777765
1,128,3839.125,76.57777777777765,,0,0,3829.75,3859.75,3848.5,3818.5,51.57777777777766,101.57777777777765
1,129,3869.125,76.57777777777765,,0,0,3859.75,3889.75,3878.5,3848.5,51.57777777777766,101.57777777777765
2,0,-12.125,126.57777777777767,69.01,1,0,-21.5,8.5,-2.75,-32.75,101.57777777777765,151.57777777777767
2,1,17.875,126.57777777777767,66.73092592592594,18,0,8.5,38.5,27.25,-2.75,101.57777777777765,151.57777777777767
2,2,47.875,126.57777777777767,74.959,10,0,38.5,68.5,57.25,27.25,101.57777777777765,151.57777777777767
2,3,77.875,126.57777777777767,68.70785714285715,14,0,68.5,98.5,87.25,57.25,101.57777777777765,151.57777777777767
2,4,107.875,126.57777777777767,64.10172413793101,29,0,98.5,128.5,117.25,87.25,101.57777777777765,151.57777777777767
2,5,137.875,126.57777777777767,68.51033333333334,30,0,128.5,158.5,147.25,117.25,101.57777777777765,151.57777777777767
2,6,167.875,126.57777777777767,64.725625,32,0,158.5,188.5,177.25,147.25,101.57777777777765,151.57777777777767
2,7,197.875,126.57777777777767,72.01285714285714,21,0,188.5,218.5,207.25,177.25,101.57777777777765,151.57777777777767
2,8,227.875,126.57777777777767,67.93125,16,0,218.5,248.5,237.25,207.25,101.57777777777765,151.57777777777767
2,9,257.875,126.57777777777767,71.25555555555553,18,0,248.5,278.5,267.25,237.25,101.57777777777765,151.57777777777767
2,10,287.875,126.57777777777767,80.4211111111111,9,0,278.5,308.5,297.25,267.25,101.57777777777765,151.57777777777767
2,11,317.875,126.57777777777767,68.40809523809523,21,0,308.5,338.5,327.25,297.25,101.57777777777765,151.57777777777767
2,12,347.875,126.57777777777767,68.345,26,0,338.5,368.5,357.25,327.25,101.57777777777765,151.57777777777767
2,13,377.875,126.57777777777767,62.661,20,0,368.5,398.5,387.25,357.25,101.57777777777765,151.57777777777767
2,14,407.875,126.57777777777767,61.70666666666667,24,0,398.5,428.5,417.25,387.25,101.57777777777765,151.57777777777767
2,15,437.875,126.57777777777767,61.95181818181817,33,0,428.5,458.5,447.25,417.25,101.57777777777765,151.57777777777767
2,16,467.875,126.57777777777767,63.88297297297297,37,0,458.5,488.5,477.25,447.25,101.57777777777765,151.57777777777767
2,17,497.875,126.57777777777767,65.08741935483872,31,0,488.5,518.5,507.25,477.25,101.57777777777765,151.57777777777767
2,18,527.875,126.57777777777767,75.3095652173913,23,0,518.5,548.5,537.25,507.25,101.57777777777765,151.57777777777767
2,19,557.875,126.57777777777767,64.44925925925925,27,0,548.5,578.5,567.25,537.25,101.57777777777765,151.57777777777767
2,20,587.875,126.57777777777767,70.94863636363637,22,0,578.5,608.5,597.25,567.25,101.57777777777765,151.57777777777767
2,21,617.875,126.57777777777767,66.94695652173912,23,0,608.5,638.5,627.25,597.25,101.57777777777765,151.57777777777767
2,22,647.875,126.57777777777767,70.29263157894738,19,0,638.5,668.5,657.25,627.25,101.57777777777765,151.57777777777767
2,23,677.875,126.57777777777767,66.24583333333335,24,0,668.5,698.5,687.25,657.25,101.57777777777765,151.57777777777767
2,24,707.875,126.57777777777767,66.09705882352942,34,0,698.5,728.5,717.25,687.25,101.57777777777765,151.57777777777767
2,25,737.875,126.57777777777767,66.69483870967743,31,0,728.5,758.5,747.25,717.25,101.57777777777765,151.57777777777767
2,26,767.875,126.57777777777767,61.33545454545454,33,0,758.5,788.5,777.25,747.25,101.57777777777765,151.57777777777767
2,27,797.875,126.57777777777767,65.49275862068964,29,0,788.5,818.5,807.25,777.25,101.57777777777765,151.57777777777767
2,28,827.875,126.57777777777767,67.5272222222222,18,0,818.5,848.5,837.25,807.25,101.57777777777765,151.57777777777767
2,29,857.875,126.57777777777767,70.88545454545455,11,0,848.5,878.5,867.25,837.25,101.57777777777765,151.57777777777767
2,30,887.875,126.57777777777767,52.318666666666665,30,0,878.5,908.5,897.25,867.25,101.57777777777765,151.57777777777767
2,31,917.875,126.57777777777767,57.63666666666666,39,0,908.5,938.5,927.25,897.25,101.57777777777765,151.57777777777767
2,32,947.875,126.57777777777767,50.26582210242587,53,0,938.5,968.5,957.25,927.25,101.57777777777765,151.57777777777767
2,33,977.875,126.57777777777767,43.81385964912281,57,0,968.5,998.5,987.25,957.25,101.57777777777765,151.57777777777767
2,34,1007.875,126.57777777777767,46.206226415094335,53,0,998.5,1028.5,1017.25,987.25,101.57777777777765,151.57777777777767
2,35,1037.875,126.57777777777767,44.546428571428564,56,0,1028.5,1058.5,1047.25,1017.25,101.57777777777765,151.57777777777767
2,36,1067.875,126.57777777777767,36.64075757575757,66,0,1058.5,1088.5,1077.25,1047.25,101.57777777777765,151.57777777777767
2,37,1097.875,126.57777777777767,39.29600000000001,55,0,1088.5,1118.5,1107.25,1077.25,101.57777777777765,151.57777777777767
2,38,1127.875,126.57777777777767,46.03785714285714,42,0,1118.5,1148.5,1137.25,1107.25,101.57777777777765,151.57777777777767
2,39,1157.875,126.57777777777767,51.57750000000001,24,0,1148.5,1178.5,1167.25,1137.25,101.57777777777765,151.57777777777767
2,40,1187.875,126.57777777777767,63.48545454545454,22,0,1178.5,1208.5,1197.25,1167.25,101.57777777777765,151.57777777777767
2,41,1217.875,126.57777777777767,57.05342857142856,35,0,1208.5,1238.5,1227.25,1197.25,101.57777777777765,151.57777777777767
2,42,1247.875,126.57777777777767,58.577631578947376,38,0,1238.5,1268.5,1257.25,1227.25,101.57777777777765,151.57777777777767
2,43,1277.875,126.57777777777767,59.54499999999999,24,0,1268.5,1298.5,1287.25,1257.25,101.57777777777765,151.57777777777767
2,44,1307.875,126.57777777777767,62.82299999999999,20,0,1298.5,1328.5,1317.25,1287.25,101.57777777777765,151.57777777777767
2,45,1337.875,126.57777777777767,59.89857142857142,14,0,1328.5,1358.5,1347.25,1317.25,101.57777777777765,151.57777777777767
2,46,1367.875,126.57777777777767,56.20738095238095,42,0,1358.5,1388.5,1377.25,1347.25,101.57777777777765,151.57777777777767
2,47,1397.875,126.57777777777767,54.7995744680851,47,0,1388.5,1418.5,1407.25,1377.25,101.57777777777765,151.57777777777767
2,48,1427.875,126.57777777777767,63.17307692307692,26,0,1418.5,1448.5,1437.25,1407.25,101.57777777777765,151.57777777777767
2,49,1457.875,126.57777777777767,62.4269696969697,33,0,1448.5,1478.5,1467.25,1437.25,101.57777777777765,151.57777777777767
2,50,1487.875,126.57777777777767,61.98866666666667,30,0,1478.5,1508.5,1497.25,1467.25,101.57777777777765,151.57777777777767
2,51,1517.875,126.57777777777767,55.077749999999995,40,0,1508.5,1538.5,1527.25,1497.25,101.57777777777765,151.57777777777767
2,52,1547.875,126.57777777777767,56.012926829268295,41,0,1538.5,1568.5,1557.25,1527.25,101.57777777777765,151.57777777777767
2,53,1577.875,126.57777777777767,44.669200000000004,50,0,1568.5,1598.5,1587.25,1557.25,101.57777777777765,151.57777777777767
2,54,1607.875,126.57777777777767,27.815737704918035,61,0,1598.5,1628.5,1617.25,1587.25,101.57777777777765,151.57777777777767
2,55,1637.875,126.57777777777767,28.988591549295784,71,0,1628.5,1658.5,1647.25,1617.25,101.57777777777765,151.57777777777767
2,56,1667.875,126.57777777777767,27.851948051948057,77,0,1658.5,1688.5,1677.25,1647.25,101.57777777777765,151.57777777777767
2,57,1697.875,126.57777777777767,31.912539682539684,63,0,1688.5,1718.5,1707.25,1677.25,101.57777777777765,151.57777777777767
2,58,1727.875,126.57777777777767,30.702499999999997,80,0,1718.5,1748.5,1737.25,1707.25,101.57777777777765,151.57777777777767
2,59,1757.875,126.57777777777767,32.06072727272728,55,0,1748.5,1778.5,1767.25,1737.25,101.57777777777765,151.57777777777767
2,60,1787.875,126.57777777777767,29.346304347826084,46,0,1778.5,1808.5,1797.25,1767.25,101.57777777777765,151.57777777777767
2,61,1817.875,126.57777777777767,26.362424242424243,66,0,1808.5,1838.5,1827.25,1797.25,101.57777777777765,151.57777777777767
2,62,1847.875,126.57777777777767,29.56784615384616,65,0,1838.5,1868.5,1857.25,1827.25,101.57777777777765,151.57777777777767
2,63,1877.875,126.57777777777767,33.288225806451614,62,0,1868.5,1898.5,1887.25,1857.25,101.57777777777765,151.57777777777767
2,64,1907.875,126.57777777777767,29.823333333333327,60,0,1898.5,1928.5,1917.25,1887.25,101.57777777777765,151.57777777777767
2,65,1937.875,126.57777777777767,22.928101265822782,79,0,1928.5,1958.5,1947.25,1917.25,101.57777777777765,151.57777777777767
2,66,1967.875,126.57777777777767,21.911369863013697,73,0,1958.5,1988.5,1977.25,1947.25,101.57777777777765,151.57777777777767
2,67,1997.875,126.57777777777767,26.36796610169492,59,0,1988.5,2018.5,2007.25,1977.25,101.57777777777765,151.57777777777767
2,68,2027.875,126.57777777777767,28.346133333333327,75,0,2018.5,2048.5,2037.25,2007.25,101.57777777777765,151.57777777777767
2,69,2057.875,126.57777777777767,29.855194805194802,77,0,2048.5,2078.5,2067.25,2037.25,101.57777777777765,151.57777777777767
2,70,2087.875,126.57777777777767,27.43859154929578,71,0,2078.5,2108.5,2097.25,2067.25,101.57777777777765,151.57777777777767
2,71,2117.875,126.57777777777767,32.44962962962964,54,0,2108.5,2138.5,2127.25,2097.25,101.57777777777765,151.57777777777767
2,72,2147.875,126.57777777777767,34.50517857142857,56,0,2138.5,2168.5,2157.25,2127.25,101.57777777777765,151.57777777777767
2,73,2177.875,126.57777777777767,35.57655737704918,61,0,2168.5,2198.5,2187.25,2157.25,101.57777777777765,151.57777777777767
2,74,2207.875,126.57777777777767,31.28600000000001,60,0,2198.5,2228.5,2217.25,2187.25,101.57777777777765,151.57777777777767
2,75,2237.875,126.57777777777767,27.226119402985077,67,0,2228.5,2258.5,2247.25,2217.25,101.57777777777765,151.57777777777767
2,76,2267.875,126.57777777777767,23.05297872340426,47,0,2258.5,2288.5,2277.25,2247.25,101.57777777777765,151.57777777777767
2,77,2297.875,126.57777777777767,24.588000000000005,65,0,2288.5,2318.5,2307.25,2277.25,101.57777777777765,151.57777777777767
2,78,2327.875,126.57777777777767,23.77835616438356,73,0,2318.5,2348.5,2337.25,2307.25,101.57777777777765,151.57777777777767
2,79,2357.875,126.57777777777767,24.71388235294118,85,0,2348.5,2378.5,2367.25,2337.25,101.57777777777765,151.57777777777767
2,80,2387.875,126.57777777777767,26.84553846153846,65,0,2378.5,2408.5,2397.25,2367.25,101.57777777777765,151.57777777777767
2,81,2417.875,126.57777777777767,26.98317460317461,63,0,2408.5,2438.5,2427.25,2397.25,101.57777777777765,151.57777777777767
2,82,2447.875,126.57777777777767,29.797534246575346,73,0,2438.5,2468.5,2457.25,2427.25,101.57777777777765,151.57777777777767
2,83,2477.875,126.57777777777767,36.062499999999986,60,0,2468.5,2498.5,2487.25,2457.25,101.57777777777765,151.57777777777767
2,84,2507.875,126.57777777777767,38.89073529411763,68,0,2498.5,2528.5,2517.25,2487.25,101.57777777777765,151.57777777777767
2,85,2537.875,126.57777777777767,41.46612903225806,62,0,2528.5,2558.5,2547.25,2517.25,101.57777777777765,151.57777777777767
2,86,2567.875,126.57777777777767,43.4392156862745,51,0,2558.5,2588.5,2577.25,2547.25,101.57777777777765,151.57777777777767
2,87,2597.875,126.57777777777767,40.06719298245615,57,0,2588.5,2618.5,2607.25,2577.25,101.57777777777765,151.57777777777767
2,88,2627.875,126.57777777777767,40.498955223880586,67,0,2618.5,2648.5,2637.25,2607.25,101.57777777777765,151.57777777777767
2,89,2657.875,126.57777777777767,39.9551923076923,52,0,2648.5,2678.5,2667.25,2637.25,101.57777777777765,151.57777777777767
2,90,2687.875,126.57777777777767,28.304819277108425,83,0,2678.5,2708.5,2697.25,2667.25,101.57777777777765,151.57777777777767
2,91,2717.875,126.57777777777767,22.52948979591837,98,0,2708.5,2738.5,2727.25,2697.25,101.57777777777765,151.57777777777767
2,92,2747.875,126.57777777777767,21.760989010989015,91,0,2738.5,2768.5,2757.25,2727.25,101.57777777777765,151.57777777777767
2,93,2777.875,126.57777777777767,34.659696969696974,66,0,2768.5,2798.5,2787.25,2757.25,101.57777777777765,151.57777777777767
2,94,2807.875,126.57777777777767,38.69534883720931,43,0,2798.5,2828.5,2817.25,2787.25,101.57777777777765,151.57777777777767
2,95,2837.875,126.57777777777767,38.70666666666666,45,0,2828.5,2858.5,2847.25,2817.25,101.57777777777765,151.57777777777767
2,96,2867.875,126.57777777777767,42.177600000000005,50,0,2858.5,2888.5,2877.25,2847.25,101.57777777777765,151.57777777777767
2,97,2897.875,126.57777777777767,44.32727272727275,55,0,2888.5,2918.5,2907.25,2877.25,101.57777777777765,151.57777777777767
2,98,2927.875,126.57777777777767,37.01016949152543,59,0,2918.5,2948.5,2937.25,2907.25,101.57777777777765,151.57777777777767
2,99,2957.875,126.57777777777767,27.872876712328758,73,0,2948.5,2978.5,2967.25,2937.25,101.57777777777765,151.57777777777767
2,100,2987.875,126.57777777777767,24.432758620689647,87,0,2978.5,3008.5,2997.25,2967.25,101.57777777777765,151.57777777777767
2,101,3017.875,126.57777777777767,24.147011494252872,87,0,3008.5,3038.5,3027.25,2997.25,101.57777777777765,151.57777777777767
2,102,3047.875,126.57777777777767,22.14620689655172,87,0,3038.5,3068.5,3057.25,3027.25,101.57777777777765,151.57777777777767
2,103,3077.875,126.57777777777767,29.22631578947368,57,0,3068.5,3098.5,3087.25,3057.25,101.57777777777765,151.57777777777767
2,104,3107.875,126.57777777777767,33.1979104477612,67,0,3098.5,3128.5,3117.25,3087.25,101.57777777777765,151.57777777777767
2,105,3137.875,126.57777777777767,39.15780821917808,73,0,3128.5,3158.5,3147.25,3117.25,101.57777777777765,151.57777777777767
2,106,3167.875,126.57777777777767,32.38356164383562,73,0,3158.5,3188.5,3177.25,3147.25,101.57777777777765,151.57777777777767
2,107,3197.875,126.57777777777767,19.11512195121951,82,0,3188.5,3218.5,3207.25,3177.25,101.57777777777765,151.57777777777767
2,108,3227.875,126.57777777777767,29.285972222222213,72,0,3218.5,3248.5,3237.25,3207.25,101.57777777777765,151.57777777777767
2,109,3257.875,126.57777777777767,38.10086206896552,58,0,3248.5,3278.5,3267.25,3237.25,101.57777777777765,151.57777777777767
2,110,3287.875,126.57777777777767,43.66304347826087,46,0,3278.5,3308.5,3297.25,3267.25,101.57777777777765,151.57777777777767
2,111,3317.875,126.57777777777767,42.537,60,0,3308.5,3338.5,3327.25,3297.25,101.57777777777765,151.57777777777767
2,112,3347.875,126.57777777777767,37.07629629629629,54,0,3338.5,3368.5,3357.25,3327.25,101.57777777777765,151.57777777777767
2,113,3377.875,126.57777777777767,23.838279569892467,93,0,3368.5,3398.5,3387.25,3357.25,101.57777777777765,151.57777777777767
2,114,3407.875,126.57777777777767,20.855061728395064,81,0,3398.5,3428.5,3417.25,3387.25,101.57777777777765,151.57777777777767
2,115,3437.875,126.57777777777767,24.214666666666663,75,0,3428.5,3458.5,3447.25,3417.25,101.57777777777765,151.57777777777767
2,116,3467.875,126.57777777777767,30.02716216216217,74,0,3458.5,3488.5,3477.25,3447.25,101.57777777777765,151.57777777777767
2,117,3497.875,126.57777777777767,30.778181818181817,88,0,3488.5,3518.5,3507.25,3477.25,101.57777777777765,151.57777777777767
2,118,3527.875,126.57777777777767,27.641500000000008,80,0,3518.5,3548.5,3537.25,3507.25,101.57777777777765,151.57777777777767
2,119,3557.875,126.57777777777767,20.723750000000013,112,0,3548.5,3578.5,3567.25,3537.25,101.57777777777765,151.57777777777767
2,120,3587.875,126.57777777777767,22.66560975609756,82,0,3578.5,3608.5,3597.25,3567.25,101.57777777777765,151.57777777777767
2,121,3617.875,126.57777777777767,26.855098039215697,51,0,3608.5,3638.5,3627.25,3597.25,101.57777777777765,151.57777777777767
2,122,3647.875,126.57777777777767,,0,0,3638.5,3668.5,3657.25,3627.25,101.57777777777765,151.57777777777767
2,123,3677.875,126.57777777777767,,0,0,3668.5,3698.5,3687.25,3657.25,101.57777777777765,151.57777777777767
2,124,3707.875,126.57777777777767,,0,0,3698.5,3728.5,3717.25,3687.25,101.57777777777765,151.57777777777767
2,125,3737.875,126.57777777777767,,0,0,3728.5,3758.5,3747.25,3717.25,101.57777777777765,151.57777777777767
2,126,3767.875,126.57777777777767,,0,0,3758.5,3788.5,3777.25,3747.25,101.57777777777765,151.57777777777767
2,127,3797.875,126.57777777777767,,0,0,3788.5,3818.5,3807.25,3777.25,101.57777777777765,151.57777777777767
2,128,3827.875,126.57777777777767,,0,0,3818.5,3848.5,3837.25,3807.25,101.57777777777765,151.57777777777767
2,129,3857.875,126.57777777777767,,0,0,3848.5,3878.5,3867.25,3837.25,101.57777777777765,151.57777777777767
2,130,3887.875,126.57777777777767,,0,0,3878.5,3908.5,3897.25,3867.25,101.57777777777765,151.57777777777767
3,1,6.625,176.57777777777767,61.790952380952376,21,0,-2.75,27.25,16.0,-14.0,151.57777777777767,201.57777777777767
3,2,36.625,176.57777777777767,74.048,10,0,27.25,57.25,46.0,16.0,151.57777777777767,201.57777777777767
3,3,66.625,176.57777777777767,71.10615384615386,13,0,57.25,87.25,76.0,46.0,151.57777777777767,201.57777777777767
3,4,96.625,176.57777777777767,73.13444444444444,18,0,87.25,117.25,106.0,76.0,151.57777777777767,201.57777777777767
3,5,126.625,176.57777777777767,63.02263157894737,38,0,117.25,147.25,136.0,106.0,151.57777777777767,201.57777777777767
3,6,156.625,176.57777777777767,65.72285714285714,28,0,147.25,177.25,166.0,136.0,151.57777777777767,201.57777777777767
3,7,186.625,176.57777777777767,64.63794117647059,34,0,177.25,207.25,196.0,166.0,151.57777777777767,201.57777777777767
3,8,216.625,176.57777777777767,72.57466666666666,15,0,207.25,237.25,226.0,196.0,151.57777777777767,201.57777777777767
3,9,246.625,176.57777777777767,67.89368421052632,19,0,237.25,267.25,256.0,226.0,151.57777777777767,201.57777777777767
3,10,276.625,176.57777777777767,73.37750000000001,12,0,267.25,297.25,286.0,256.0,151.57777777777767,201.57777777777767
3,11,306.625,176.57777777777767,73.54785714285715,14,0,297.25,327.25,316.0,286.0,151.57777777777767,201.57777777777767
3,12,336.625,176.57777777777767,66.07157894736844,38,0,327.25,357.25,346.0,316.0,151.57777777777767,201.57777777777767
3,13,366.625,176.57777777777767,65.17214285714284,14,0,357.25,387.25,376.0,346.0,151.57777777777767,201.57777777777767
3,14,396.625,176.57777777777767,61.64068965517241,29,0,387.25,417.25,406.0,376.0,151.57777777777767,201.57777777777767
3,15,426.625,176.57777777777767,59.667058823529395,34,0,417.25,447.25,436.0,406.0,151.57777777777767,201.57777777777767
3,16,456.625,176.57777777777767,59.91512195121953,41,0,447.25,477.25,466.0,436.0,151.57777777777767,201.57777777777767
3,17,486.625,176.57777777777767,62.05589743589746,39,0,477.25,507.25,496.0,466.0,151.57777777777767,201.57777777777767
3,18,516.625,176.57777777777767,68.98625000000003,24,0,507.25,537.25,526.0,496.0,151.57777777777767,201.57777777777767
3,19,546.625,176.57777777777767,67.85838709677418,31,0,537.25,567.25,556.0,526.0,151.57777777777767,201.57777777777767
3,20,576.625,176.57777777777767,68.6513043478261,23,0,567.25,597.25,586.0,556.0,151.57777777777767,201.57777777777767
3,21,606.625,176.57777777777767,67.099,20,0,597.25,627.25,616.0,586.0,151.57777777777767,201.57777777777767
3,22,636.625,176.57777777777767,66.26269230769228,26,0,627.25,657.25,646.0,616.0,151.57777777777767,201.57777777777767
3,23,666.625,176.57777777777767,66.50842105263159,19,0,657.25,687.25,676.0,646.0,151.57777777777767,201.57777777777767
3,24,696.625,176.57777777777767,63.24976190476192,42,0,687.25,717.25,706.0,676.0,151.57777777777767,201.57777777777767
3,25,726.625,176.57777777777767,65.19416666666666,36,0,717.25,747.25,736.0,706.0,151.57777777777767,201.57777777777767
3,26,756.625,176.57777777777767,62.165000000000006,26,0,747.25,777.25,766.0,736.0,151.57777777777767,201.57777777777767
3,27,786.625,176.57777777777767,62.884375000000006,32,0,777.25,807.25,796.0,766.0,151.57777777777767,201.57777777777767
3,28,816.625,176.57777777777767,64.01264705882352,34,0,807.25,837.25,826.0,796.0,151.57777777777767,201.57777777777767
3,29,846.625,176.57777777777767,68.84,10,0,837.25,867.25,856.0,826.0,151.57777777777767,201.57777777777767
3,30,876.625,176.57777777777767,58.457032828282834,22,0,867.25,897.25,886.0,856.0,151.57777777777767,201.57777777777767
3,31,906.625,176.57777777777767,53.479090909090914,33,0,897.25,927.25,916.0,886.0,151.57777777777767,201.57777777777767
3,32,936.625,176.57777777777767,52.10851851851853,54,0,927.25,957.25,946.0,916.0,151.57777777777767,201.57777777777767
3,33,966.625,176.57777777777767,46.32169491525422,59,0,957.25,987.25,976.0,946.0,151.57777777777767,201.57777777777767
3,34,996.625,176.57777777777767,42.24039215686274,51,0,987.25,1017.25,1006.0,976.0,151.57777777777767,201.57777777777767
3,35,1026.625,176.57777777777767,43.070754716981135,53,0,1017.25,1047.25,1036.0,1006.0,151.57777777777767,201.57777777777767
3,36,1056.625,176.57777777777767,38.38749999999999,56,0,1047.25,1077.25,1066.0,1036.0,151.57777777777767,201.57777777777767
3,37,1086.625,176.57777777777767,36.15719298245613,57,0,1077.25,1107.25,1096.0,1066.0,151.57777777777767,201.57777777777767
3,38,1116.625,176.57777777777767,43.43148148148149,54,0,1107.25,1137.25,1126.0,1096.0,151.57777777777767,201.57777777777767
3,39,1146.625,176.57777777777767,48.940769230769234,26,0,1137.25,1167.25,1156.0,1126.0,151.57777777777767,201.57777777777767
3,40,1176.625,176.57777777777767,54.191250000000004,32,0,1167.25,1197.25,1186.0,1156.0,151.57777777777767,201.57777777777767
3,41,1206.625,176.57777777777767,60.09914285714285,35,0,1197.25,1227.25,1216.0,1186.0,151.57777777777767,201.57777777777767
3,42,1236.625,176.57777777777767,54.173953488372085,43,0,1227.25,1257.25,1246.0,1216.0,151.57777777777767,201.57777777777767
3,43,1266.625,176.57777777777767,61.342962962962964,27,0,1257.25,1287.25,1276.0,1246.0,151.57777777777767,201.57777777777767
3,44,1296.625,176.57777777777767,57.72828571428571,35,0,1287.25,1317.25,1306.0,1276.0,151.57777777777767,201.57777777777767
3,45,1326.625,176.57777777777767,64.66428571428571,14,0,1317.25,1347.25,1336.0,1306.0,151.57777777777767,201.57777777777767
3,46,1356.625,176.57777777777767,55.182352941176475,34,0,1347.25,1377.25,1366.0,1336.0,151.57777777777767,201.57777777777767
3,47,1386.625,176.57777777777767,52.904629629629625,54,0,1377.25,1407.25,1396.0,1366.0,151.57777777777767,201.57777777777767
3,48,1416.625,176.57777777777767,58.435523809523794,35,0,1407.25,1437.25,1426.0,1396.0,151.57777777777767,201.57777777777767
3,49,1446.625,176.57777777777767,62.40575757575757,33,0,1437.25,1467.25,1456.0,1426.0,151.57777777777767,201.57777777777767
3,50,1476.625,176.57777777777767,61.977352941176484,34,0,1467.25,1497.25,1486.0,1456.0,151.57777777777767,201.57777777777767
3,51,1506.625,176.57777777777767,56.089069767441856,43,0,1497.25,1527.25,1516.0,1486.0,151.57777777777767,201.57777777777767
3,52,1536.625,176.57777777777767,51.57444444444445,45,0,1527.25,1557.25,1546.0,1516.0,151.57777777777767,201.57777777777767
3,53,1566.625,176.57777777777767,47.46661538461537,65,0,1557.25,1587.25,1576.0,1546.0,151.57777777777767,201.57777777777767
3,54,1596.625,176.57777777777767,29.61779411764706,68,0,1587.25,1617.25,1606.0,1576.0,151.57777777777767,201.57777777777767
3,55,1626.625,176.57777777777767,31.93372881355932,59,0,1617.25,1647.25,1636.0,1606.0,151.57777777777767,201.57777777777767
3,56,1656.625,176.57777777777767,30.431369863013696,73,0,1647.25,1677.25,1666.0,1636.0,151.57777777777767,201.57777777777767
3,57,1686.625,176.57777777777767,30.020476190476185,63,0,1677.25,1707.25,1696.0,1666.0,151.57777777777767,201.57777777777767
3,58,1716.625,176.57777777777767,33.305373134328356,67,0,1707.25,1737.25,1726.0,1696.0,151.57777777777767,201.57777777777767
3,59,1746.625,176.57777777777767,34.748307692307684,65,0,1737.25,1767.25,1756.0,1726.0,151.57777777777767,201.57777777777767
3,60,1776.625,176.57777777777767,35.60195652173913,46,0,1767.25,1797.25,1786.0,1756.0,151.57777777777767,201.57777777777767
3,61,1806.625,176.57777777777767,33.68979166666667,48,0,1797.25,1827.25,1816.0,1786.0,151.57777777777767,201.57777777777767
3,62,1836.625,176.57777777777767,32.05492307692309,65,0,1827.25,1857.25,1846.0,1816.0,151.57777777777767,201.57777777777767
3,63,1866.625,176.57777777777767,37.49603174603173,63,0,1857.25,1887.25,1876.0,1846.0,151.57777777777767,201.57777777777767
3,64,1896.625,176.57777777777767,33.223387096774175,62,0,1887.25,1917.25,1906.0,1876.0,151.57777777777767,201.57777777777767
3,65,1926.625,176.57777777777767,25.88636363636364,66,0,1917.25,1947.25,1936.0,1906.0,151.57777777777767,201.57777777777767
3,66,1956.625,176.57777777777767,23.12987951807229,83,0,1947.25,1977.25,1966.0,1936.0,151.57777777777767,201.57777777777767
3,67,1986.625,176.57777777777767,24.222647058823526,68,0,1977.25,2007.25,1996.0,1966.0,151.57777777777767,201.57777777777767
3,68,2016.625,176.57777777777767,29.265714285714285,63,0,2007.25,2037.25,2026.0,1996.0,151.57777777777767,201.57777777777767
3,69,2046.625,176.57777777777767,30.36988095238095,84,0,2037.25,2067.25,2056.0,2026.0,151.57777777777767,201.57777777777767
3,70,2076.625,176.57777777777767,28.427228915662653,83,0,2067.25,2097.25,2086.0,2056.0,151.57777777777767,201.57777777777767
3,71,2106.625,176.57777777777767,32.417333333333325,60,0,2097.25,2127.25,2116.0,2086.0,151.57777777777767,201.57777777777767
3,72,2136.625,176.57777777777767,34.99648148148148,54,0,2127.25,2157.25,2146.0,2116.0,151.57777777777767,201.57777777777767
3,73,2166.625,176.57777777777767,33.41472222222223,72,0,2157.25,2187.25,2176.0,2146.0,151.57777777777767,201.57777777777767
3,74,2196.625,176.57777777777767,32.178805970149256,67,0,2187.25,2217.25,2206.0,2176.0,151.57777777777767,201.57777777777767
3,75,2226.625,176.57777777777767,27.425352112676055,71,0,2217.25,2247.25,2236.0,2206.0,151.57777777777767,201.57777777777767
3,76,2256.625,176.57777777777767,25.04616666666666,60,0,2247.25,2277.25,2266.0,2236.0,151.57777777777767,201.57777777777767
3,77,2286.625,176.57777777777767,27.851836734693872,49,0,2277.25,2307.25,2296.0,2266.0,151.57777777777767,201.57777777777767
3,78,2316.625,176.57777777777767,27.28,71,0,2307.25,2337.25,2326.0,2296.0,151.57777777777767,201.57777777777767
3,79,2346.625,176.57777777777767,28.404487179487177,78,0,2337.25,2367.25,2356.0,2326.0,151.57777777777767,201.57777777777767
3,80,2376.625,176.57777777777767,31.142307692307696,65,0,2367.25,2397.25,2386.0,2356.0,151.57777777777767,201.57777777777767
3,81,2406.625,176.57777777777767,32.607169811320745,53,0,2397.25,2427.25,2416.0,2386.0,151.57777777777767,201.57777777777767
3,82,2436.625,176.57777777777767,30.386896551724142,58,0,2427.25,2457.25,2446.0,2416.0,151.57777777777767,201.57777777777767
3,83,2466.625,176.57777777777767,31.089797979797982,66,0,2457.25,2487.25,2476.0,2446.0,151.57777777777767,201.57777777777767
3,84,2496.625,176.57777777777767,40.555090909090914,55,0,2487.25,2517.25,2506.0,2476.0,151.57777777777767,201.57777777777767
3,85,2526.625,176.57777777777767,42.61430769230768,65,0,2517.25,2547.25,2536.0,2506.0,151.57777777777767,201.57777777777767
3,86,2556.625,176.57777777777767,43.44222222222223,54,0,2547.25,2577.25,2566.0,2536.0,151.57777777777767,201.57777777777767
3,87,2586.625,176.57777777777767,43.203653846153856,52,0,2577.25,2607.25,2596.0,2566.0,151.57777777777767,201.57777777777767
3,88,2616.625,176.57777777777767,39.160833333333336,72,0,2607.25,2637.25,2626.0,2596.0,151.57777777777767,201.57777777777767
3,89,2646.625,176.57777777777767,42.11830508474575,59,0,2637.25,2667.25,2656.0,2626.0,151.57777777777767,201.57777777777767
3,90,2676.625,176.57777777777767,30.417826086956527,69,0,2667.25,2697.25,2686.0,2656.0,151.57777777777767,201.57777777777767
3,91,2706.625,176.57777777777767,23.0461052631579,95,0,2697.25,2727.25,2716.0,2686.0,151.57777777777767,201.57777777777767
3,92,2736.625,176.57777777777767,24.862530120481914,83,0,2727.25,2757.25,2746.0,2716.0,151.57777777777767,201.57777777777767
3,93,2766.625,176.57777777777767,34.06915492957747,71,0,2757.25,2787.25,2776.0,2746.0,151.57777777777767,201.57777777777767
3,94,2796.625,176.57777777777767,40.744615384615386,52,0,2787.25,2817.25,2806.0,2776.0,151.57777777777767,201.57777777777767
3,95,2826.625,176.57777777777767,41.18000000000001,43,0,2817.25,2847.25,2836.0,2806.0,151.57777777777767,201.57777777777767
3,96,2856.625,176.57777777777767,40.89,46,0,2847.25,2877.25,2866.0,2836.0,151.57777777777767,201.57777777777767
3,97,2886.625,176.57777777777767,41.22407407407408,54,0,2877.25,2907.25,2896.0,2866.0,151.57777777777767,201.57777777777767
3,98,2916.625,176.57777777777767,37.82457627118645,59,0,2907.25,2937.25,2926.0,2896.0,151.57777777777767,201.57777777777767
3,99,2946.625,176.57777777777767,29.727333333333327,60,0,2937.25,2967.25,2956.0,2926.0,151.57777777777767,201.57777777777767
3,100,2976.625,176.57777777777767,26.155405405405407,74,0,2967.25,2997.25,2986.0,2956.0,151.57777777777767,201.57777777777767
3,101,3006.625,176.57777777777767,28.686301369863017,73,0,2997.25,3027.25,3016.0,2986.0,151.57777777777767,201.57777777777767
3,102,3036.625,176.57777777777767,25.921081081081073,74,0,3027.25,3057.25,3046.0,3016.0,151.57777777777767,201.57777777777767
3,103,3066.625,176.57777777777767,31.13620689655173,58,0,3057.25,3087.25,3076.0,3046.0,151.57777777777767,201.57777777777767
3,104,3096.625,176.57777777777767,33.670952380952386,63,0,3087.25,3117.25,3106.0,3076.0,151.57777777777767,201.57777777777767
3,105,3126.625,176.57777777777767,35.981159420289856,69,0,3117.25,3147.25,3136.0,3106.0,151.57777777777767,201.57777777777767
3,106,3156.625,176.57777777777767,31.910119047619034,84,0,3147.25,3177.25,3166.0,3136.0,151.57777777777767,201.57777777777767
3,107,3186.625,176.57777777777767,22.22129411764705,85,0,3177.25,3207.25,3196.0,3166.0,151.57777777777767,201.57777777777767
3,108,3216.625,176.57777777777767,29.088095238095228,63,0,3207.25,3237.25,3226.0,3196.0,151.57777777777767,201.57777777777767
3,109,3246.625,176.57777777777767,36.669852941176465,68,0,3237.25,3267.25,3256.0,3226.0,151.57777777777767,201.57777777777767
3,110,3276.625,176.57777777777767,43.10396226415094,53,0,3267.25,3297.25,3286.0,3256.0,151.57777777777767,201.57777777777767
3,111,3306.625,176.57777777777767,41.60595238095238,42,0,3297.25,3327.25,3316.0,3286.0,151.57777777777767,201.57777777777767
3,112,3336.625,176.57777777777767,37.4744642857143,56,0,3327.25,3357.25,3346.0,3316.0,151.57777777777767,201.57777777777767
3,113,3366.625,176.57777777777767,25.73478260869566,69,0,3357.25,3387.25,3376.0,3346.0,151.57777777777767,201.57777777777767
3,114,3396.625,176.57777777777767,24.01121951219511,82,0,3387.25,3417.25,3406.0,3376.0,151.57777777777767,201.57777777777767
3,115,3426.625,176.57777777777767,30.225689655172413,58,0,3417.25,3447.25,3436.0,3406.0,151.57777777777767,201.57777777777767
3,116,3456.625,176.57777777777767,33.12054545454545,55,0,3447.25,3477.25,3466.0,3436.0,151.57777777777767,201.57777777777767
3,117,3486.625,176.57777777777767,30.268333333333334,90,0,3477.25,3507.25,3496.0,3466.0,151.57777777777767,201.57777777777767
3,118,3516.625,176.57777777777767,29.029518072289154,83,0,3507.25,3537.25,3526.0,3496.0,151.57777777777767,201.57777777777767
3,119,3546.625,176.57777777777767,23.36107142857143,84,0,3537.25,3567.25,3556.0,3526.0,151.57777777777767,201.57777777777767
3,120,3576.625,176.57777777777767,24.960235294117652,85,0,3567.25,3597.25,3586.0,3556.0,151.57777777777767,201.57777777777767
3,121,3606.625,176.57777777777767,27.985692307692315,65,0,3597.25,3627.25,3616.0,3586.0,151.57777777777767,201.57777777777767
3,122,3636.625,176.57777777777767,28.39555555555556,27,0,3627.25,3657.25,3646.0,3616.0,151.57777777777767,201.57777777777767
3,123,3666.625,176.57777777777767,,0,0,3657.25,3687.25,3676.0,3646.0,151.57777777777767,201.57777777777767
3,124,3696.625,176.57777777777767,,0,0,3687.25,3717.25,3706.0,3676.0,151.57777777777767,201.57777777777767
3,125,3726.625,176.57777777777767,,0,0,3717.25,3747.25,3736.0,3706.0,151.57777777777767,201.57777777777767
3,126,3756.625,176.57777777777767,,0,0,3747.25,3777.25,3766.0,3736.0,151.57777777777767,201.57777777777767
3,127,3786.625,176.57777777777767,,0,0,3777.25,3807.25,3796.0,3766.0,151.57777777777767,201.57777777777767
3,128,3816.625,176.57777777777767,,0,0,3807.25,3837.25,3826.0,3796.0,151.57777777777767,201.57777777777767
3,129,3846.625,176.57777777777767,,0,0,3837.25,3867.25,3856.0,3826.0,151.57777777777767,201.57777777777767
3,130,3876.625,176.57777777777767,,0,0,3867.25,3897.25,3886.0,3856.0,151.57777777777767,201.57777777777767
4,1,-4.625,226.57777777777767,58.9175,12,0,-14.0,16.0,4.75,-25.25,201.57777777777767,251.57777777777767
4,2,25.375,226.57777777777767,66.08555555555554,18,0,16.0,46.0,34.75,4.75,201.57777777777767,251.57777777777767
4,3,55.375,226.57777777777767,74.861,10,0,46.0,76.0,64.75,34.75,201.57777777777767,251.57777777777767
4,4,85.375,226.57777777777767,67.77133333333333,15,0,76.0,106.0,94.75,64.75,201.57777777777767,251.57777777777767
4,5,115.375,226.57777777777767,62.98839999999999,25,0,106.0,136.0,124.75,94.75,201.57777777777767,251.57777777777767
4,6,145.375,226.57777777777767,65.7875,32,0,136.0,166.0,154.75,124.75,201.57777777777767,251.57777777777767
4,7,175.375,226.57777777777767,62.63714285714286,35,0,166.0,196.0,184.75,154.75,201.57777777777767,251.57777777777767
4,8,205.375,226.57777777777767,72.75684210526315,19,0,196.0,226.0,214.75,184.75,201.57777777777767,251.57777777777767
4,9,235.375,226.57777777777767,68.33357142857143,14,0,226.0,256.0,244.75,214.75,201.57777777777767,251.57777777777767
4,10,265.375,226.57777777777767,70.78166666666668,18,0,256.0,286.0,274.75,244.75,201.57777777777767,251.57777777777767
4,11,295.375,226.57777777777767,75.79363636363637,11,0,286.0,316.0,304.75,274.75,201.57777777777767,251.57777777777767
4,12,325.375,226.57777777777767,66.2204347826087,23,0,316.0,346.0,334.75,304.75,201.57777777777767,251.57777777777767
4,13,355.375,226.57777777777767,65.48185185185184,27,0,346.0,376.0,364.75,334.75,201.57777777777767,251.57777777777767
4,14,385.375,226.57777777777767,61.895238095238106,21,0,376.0,406.0,394.75,364.75,201.57777777777767,251.57777777777767
4,15,415.375,226.57777777777767,59.83857142857142,28,0,406.0,436.0,424.75,394.75,201.57777777777767,251.57777777777767
4,16,445.375,226.57777777777767,59.650625,32,0,436.0,466.0,454.75,424.75,201.57777777777767,251.57777777777767
4,17,475.375,226.57777777777767,58.274750000000004,40,0,466.0,496.0,484.75,454.75,201.57777777777767,251.57777777777767
4,18,505.375,226.57777777777767,60.91892857142857,28,0,496.0,526.0,514.75,484.75,201.57777777777767,251.57777777777767
4,19,535.375,226.57777777777767,73.30749999999999,18,0,526.0,556.0,544.75,514.75,201.57777777777767,251.57777777777767
4,20,565.375,226.57777777777767,65.1094117647059,34,0,556.0,586.0,574.75,544.75,201.57777777777767,251.57777777777767
4,21,595.375,226.57777777777767,69.47227272727274,22,0,586.0,616.0,604.75,574.75,201.57777777777767,251.57777777777767
4,22,625.375,226.57777777777767,63.80916666666668,24,0,616.0,646.0,634.75,604.75,201.57777777777767,251.57777777777767
4,23,655.375,226.57777777777767,68.71894736842106,19,0,646.0,676.0,664.75,634.75,201.57777777777767,251.57777777777767
4,24,685.375,226.57777777777767,64.88461538461539,26,0,676.0,706.0,694.75,664.75,201.57777777777767,251.57777777777767
4,25,715.375,226.57777777777767,62.89307692307692,39,0,706.0,736.0,724.75,694.75,201.57777777777767,251.57777777777767
4,26,745.375,226.57777777777767,64.83679999999998,25,0,736.0,766.0,754.75,724.75,201.57777777777767,251.57777777777767
4,27,775.375,226.57777777777767,59.142258064516106,31,0,766.0,796.0,784.75,754.75,201.57777777777767,251.57777777777767
4,28,805.375,226.57777777777767,63.25225806451612,31,0,796.0,826.0,814.75,784.75,201.57777777777767,251.57777777777767
4,29,835.375,226.57777777777767,66.32263157894735,19,0,826.0,856.0,844.75,814.75,201.57777777777767,251.57777777777767
4,30,865.375,226.57777777777767,69.865,12,0,856.0,886.0,874.75,844.75,201.57777777777767,251.57777777777767
4,31,895.375,226.57777777777767,53.52064516129031,31,0,886.0,916.0,904.75,874.75,201.57777777777767,251.57777777777767
4,32,925.375,226.57777777777767,55.97800000000001,40,0,916.0,946.0,934.75,904.75,201.57777777777767,251.57777777777767
4,33,955.375,226.57777777777767,50.032553191489356,47,0,946.0,976.0,964.75,934.75,201.57777777777767,251.57777777777767
4,34,985.375,226.57777777777767,44.350689655172424,58,0,976.0,1006.0,994.75,964.75,201.57777777777767,251.57777777777767
4,35,1015.375,226.57777777777767,43.01823529411766,51,0,1006.0,1036.0,1024.75,994.75,201.57777777777767,251.57777777777767
4,36,1045.375,226.57777777777767,43.696170212765956,47,0,1036.0,1066.0,1054.75,1024.75,201.57777777777767,251.57777777777767
4,37,1075.375,226.57777777777767,39.48551020408163,49,0,1066.0,1096.0,1084.75,1054.75,201.57777777777767,251.57777777777767
4,38,1105.375,226.57777777777767,41.968600000000016,50,0,1096.0,1126.0,1114.75,1084.75,201.57777777777767,251.57777777777767
4,39,1135.375,226.57777777777767,49.14365853658538,41,0,1126.0,1156.0,1144.75,1114.75,201.57777777777767,251.57777777777767
4,40,1165.375,226.57777777777767,53.13260869565217,23,0,1156.0,1186.0,1174.75,1144.75,201.57777777777767,251.57777777777767
4,41,1195.375,226.57777777777767,61.61115384615387,26,0,1186.0,1216.0,1204.75,1174.75,201.57777777777767,251.57777777777767
4,42,1225.375,226.57777777777767,56.16471544715448,41,0,1216.0,1246.0,1234.75,1204.75,201.57777777777767,251.57777777777767
4,43,1255.375,226.57777777777767,57.97538461538461,39,0,1246.0,1276.0,1264.75,1234.75,201.57777777777767,251.57777777777767
4,44,1285.375,226.57777777777767,57.47666666666667,24,0,1276.0,1306.0,1294.75,1264.75,201.57777777777767,251.57777777777767
4,45,1315.375,226.57777777777767,62.57818181818182,22,0,1306.0,1336.0,1324.75,1294.75,201.57777777777767,251.57777777777767
4,46,1345.375,226.57777777777767,59.299285714285716,14,0,1336.0,1366.0,1354.75,1324.75,201.57777777777767,251.57777777777767
4,47,1375.375,226.57777777777767,55.69512195121951,41,0,1366.0,1396.0,1384.75,1354.75,201.57777777777767,251.57777777777767
4,48,1405.375,226.57777777777767,53.56961309523808,48,0,1396.0,1426.0,1414.75,1384.75,201.57777777777767,251.57777777777767
4,49,1435.375,226.57777777777767,61.33730769230768,26,0,1426.0,1456.0,1444.75,1414.75,201.57777777777767,251.57777777777767
4,50,1465.375,226.57777777777767,62.841111111111104,36,0,1456.0,1486.0,1474.75,1444.75,201.57777777777767,251.57777777777767
4,51,1495.375,226.57777777777767,58.01258064516128,31,0,1486.0,1516.0,1504.75,1474.75,201.57777777777767,251.57777777777767
4,52,1525.375,226.57777777777767,51.89754385964911,38,0,1516.0,1546.0,1534.75,1504.75,201.57777777777767,251.57777777777767
4,53,1555.375,226.57777777777767,46.849444444444444,54,0,1546.0,1576.0,1564.75,1534.75,201.57777777777767,251.57777777777767
4,54,1585.375,226.57777777777767,24.218333333333334,84,0,1576.0,1606.0,1594.75,1564.75,201.57777777777767,251.57777777777767
4,55,1615.375,226.57777777777767,27.637457627118643,59,0,1606.0,1636.0,1624.75,1594.75,201.57777777777767,251.57777777777767
4,56,1645.375,226.57777777777767,36.03981132075471,53,0,1636.0,1666.0,1654.75,1624.75,201.57777777777767,251.57777777777767
4,57,1675.375,226.57777777777767,35.560526315789474,57,0,1666.0,1696.0,1684.75,1654.75,201.57777777777767,251.57777777777767
4,58,1705.375,226.57777777777767,38.04022222222222,45,0,1696.0,1726.0,1714.75,1684.75,201.57777777777767,251.57777777777767
4,59,1735.375,226.57777777777767,36.23047619047619,63,0,1726.0,1756.0,1744.75,1714.75,201.57777777777767,251.57777777777767
4,60,1765.375,226.57777777777767,38.08125,48,0,1756.0,1786.0,1774.75,1744.75,201.57777777777767,251.57777777777767
4,61,1795.375,226.57777777777767,34.438444444444436,45,0,1786.0,1816.0,1804.75,1774.75,201.57777777777767,251.57777777777767
4,62,1825.375,226.57777777777767,32.72945454545455,55,0,1816.0,1846.0,1834.75,1804.75,201.57777777777767,251.57777777777767
4,63,1855.375,226.57777777777767,36.50034482758621,58,0,1846.0,1876.0,1864.75,1834.75,201.57777777777767,251.57777777777767
4,64,1885.375,226.57777777777767,35.358749999999986,56,0,1876.0,1906.0,1894.75,1864.75,201.57777777777767,251.57777777777767
4,65,1915.375,226.57777777777767,26.974098360655734,61,0,1906.0,1936.0,1924.75,1894.75,201.57777777777767,251.57777777777767
4,66,1945.375,226.57777777777767,20.60310810810811,74,0,1936.0,1966.0,1954.75,1924.75,201.57777777777767,251.57777777777767
4,67,1975.375,226.57777777777767,24.36685714285715,70,0,1966.0,1996.0,1984.75,1954.75,201.57777777777767,251.57777777777767
4,68,2005.375,226.57777777777767,29.677254901960783,51,0,1996.0,2026.0,2014.75,1984.75,201.57777777777767,251.57777777777767
4,69,2035.375,226.57777777777767,32.20298245614035,57,0,2026.0,2056.0,2044.75,2014.75,201.57777777777767,251.57777777777767
4,70,2065.375,226.57777777777767,29.151304347826077,69,0,2056.0,2086.0,2074.75,2044.75,201.57777777777767,251.57777777777767
4,71,2095.375,226.57777777777767,32.90343434343435,66,0,2086.0,2116.0,2104.75,2074.75,201.57777777777767,251.57777777777767
4,72,2125.375,226.57777777777767,36.992777777777775,54,0,2116.0,2146.0,2134.75,2104.75,201.57777777777767,251.57777777777767
4,73,2155.375,226.57777777777767,38.51152173913043,46,0,2146.0,2176.0,2164.75,2134.75,201.57777777777767,251.57777777777767
4,74,2185.375,226.57777777777767,32.16483870967742,62,0,2176.0,2206.0,2194.75,2164.75,201.57777777777767,251.57777777777767
4,75,2215.375,226.57777777777767,26.517999999999997,70,0,2206.0,2236.0,2224.75,2194.75,201.57777777777767,251.57777777777767
4,76,2245.375,226.57777777777767,22.741944444444446,72,0,2236.0,2266.0,2254.75,2224.75,201.57777777777767,251.57777777777767
4,77,2275.375,226.57777777777767,28.401666666666664,42,0,2266.0,2296.0,2284.75,2254.75,201.57777777777767,251.57777777777767
4,78,2305.375,226.57777777777767,26.243275862068966,58,0,2296.0,2326.0,2314.75,2284.75,201.57777777777767,251.57777777777767
4,79,2335.375,226.57777777777767,26.43703125,64,0,2326.0,2356.0,2344.75,2314.75,201.57777777777767,251.57777777777767
4,80,2365.375,226.57777777777767,32.65402985074626,67,0,2356.0,2386.0,2374.75,2344.75,201.57777777777767,251.57777777777767
4,81,2395.375,226.57777777777767,37.95466666666666,45,0,2386.0,2416.0,2404.75,2374.75,201.57777777777767,251.57777777777767
4,82,2425.375,226.57777777777767,33.92227272727273,44,0,2416.0,2446.0,2434.75,2404.75,201.57777777777767,251.57777777777767
4,83,2455.375,226.57777777777767,32.584406779661,59,0,2446.0,2476.0,2464.75,2434.75,201.57777777777767,251.57777777777767
4,84,2485.375,226.57777777777767,36.726226415094345,53,0,2476.0,2506.0,2494.75,2464.75,201.57777777777767,251.57777777777767
4,85,2515.375,226.57777777777767,44.54947368421051,57,0,2506.0,2536.0,2524.75,2494.75,201.57777777777767,251.57777777777767
4,86,2545.375,226.57777777777767,44.22155844155845,55,0,2536.0,2566.0,2554.75,2524.75,201.57777777777767,251.57777777777767
4,87,2575.375,226.57777777777767,43.17875,48,0,2566.0,2596.0,2584.75,2554.75,201.57777777777767,251.57777777777767
4,88,2605.375,226.57777777777767,40.07319727891157,49,0,2596.0,2626.0,2614.75,2584.75,201.57777777777767,251.57777777777767
4,89,2635.375,226.57777777777767,41.02387096774193,62,0,2626.0,2656.0,2644.75,2614.75,201.57777777777767,251.57777777777767
4,90,2665.375,226.57777777777767,37.059999999999995,49,0,2656.0,2686.0,2674.75,2644.75,201.57777777777767,251.57777777777767
4,91,2695.375,226.57777777777767,23.358800000000006,75,0,2686.0,2716.0,2704.75,2674.75,201.57777777777767,251.57777777777767
4,92,2725.375,226.57777777777767,23.795875000000002,80,0,2716.0,2746.0,2734.75,2704.75,201.57777777777767,251.57777777777767
4,93,2755.375,226.57777777777767,32.27630769230769,65,0,2746.0,2776.0,2764.75,2734.75,201.57777777777767,251.57777777777767
4,94,2785.375,226.57777777777767,39.077936507936506,63,0,2776.0,2806.0,2794.75,2764.75,201.57777777777767,251.57777777777767
4,95,2815.375,226.57777777777767,43.3502564102564,39,0,2806.0,2836.0,2824.75,2794.75,201.57777777777767,251.57777777777767
4,96,2845.375,226.57777777777767,41.41710526315789,38,0,2836.0,2866.0,2854.75,2824.75,201.57777777777767,251.57777777777767
4,97,2875.375,226.57777777777767,39.17872340425531,47,0,2866.0,2896.0,2884.75,2854.75,201.57777777777767,251.57777777777767
4,98,2905.375,226.57777777777767,36.465333333333334,60,0,2896.0,2926.0,2914.75,2884.75,201.57777777777767,251.57777777777767
4,99,2935.375,226.57777777777767,32.064615384615394,52,0,2926.0,2956.0,2944.75,2914.75,201.57777777777767,251.57777777777767
4,100,2965.375,226.57777777777767,28.21447761194031,67,0,2956.0,2986.0,2974.75,2944.75,201.57777777777767,251.57777777777767
4,101,2995.375,226.57777777777767,25.962750000000018,80,0,2986.0,3016.0,3004.75,2974.75,201.57777777777767,251.57777777777767
4,102,3025.375,226.57777777777767,30.23051724137931,58,0,3016.0,3046.0,3034.75,3004.75,201.57777777777767,251.57777777777767
4,103,3055.375,226.57777777777767,32.103548387096765,62,0,3046.0,3076.0,3064.75,3034.75,201.57777777777767,251.57777777777767
4,104,3085.375,226.57777777777767,32.77708641975308,45,0,3076.0,3106.0,3094.75,3064.75,201.57777777777767,251.57777777777767
4,105,3115.375,226.57777777777767,34.652131147540985,61,0,3106.0,3136.0,3124.75,3094.75,201.57777777777767,251.57777777777767
4,106,3145.375,226.57777777777767,31.441038961038974,77,0,3136.0,3166.0,3154.75,3124.75,201.57777777777767,251.57777777777767
4,107,3175.375,226.57777777777767,20.192637362637363,91,0,3166.0,3196.0,3184.75,3154.75,201.57777777777767,251.57777777777767
4,108,3205.375,226.57777777777767,24.829999999999988,69,0,3196.0,3226.0,3214.75,3184.75,201.57777777777767,251.57777777777767
4,109,3235.375,226.57777777777767,37.62945454545455,55,0,3226.0,3256.0,3244.75,3214.75,201.57777777777767,251.57777777777767
4,110,3265.375,226.57777777777767,39.93183333333332,60,0,3256.0,3286.0,3274.75,3244.75,201.57777777777767,251.57777777777767
4,111,3295.375,226.57777777777767,40.984782608695646,46,0,3286.0,3316.0,3304.75,3274.75,201.57777777777767,251.57777777777767
4,112,3325.375,226.57777777777767,37.86053571428572,56,0,3316.0,3346.0,3334.75,3304.75,201.57777777777767,251.57777777777767
4,113,3355.375,226.57777777777767,32.016363636363636,44,0,3346.0,3376.0,3364.75,3334.75,201.57777777777767,251.57777777777767
4,114,3385.375,226.57777777777767,26.849152542372888,59,0,3376.0,3406.0,3394.75,3364.75,201.57777777777767,251.57777777777767
4,115,3415.375,226.57777777777767,29.63333333333333,66,0,3406.0,3436.0,3424.75,3394.75,201.57777777777767,251.57777777777767
4,116,3445.375,226.57777777777767,34.7375,52,0,3436.0,3466.0,3454.75,3424.75,201.57777777777767,251.57777777777767
4,117,3475.375,226.57777777777767,31.909655172413796,58,0,3466.0,3496.0,3484.75,3454.75,201.57777777777767,251.57777777777767
4,118,3505.375,226.57777777777767,28.357790697674417,86,0,3496.0,3526.0,3514.75,3484.75,201.57777777777767,251.57777777777767
4,119,3535.375,226.57777777777767,24.769594594594597,74,0,3526.0,3556.0,3544.75,3514.75,201.57777777777767,251.57777777777767
4,120,3565.375,226.57777777777767,23.9841975308642,81,0,3556.0,3586.0,3574.75,3544.75,201.57777777777767,251.57777777777767
4,121,3595.375,226.57777777777767,31.086451612903225,62,0,3586.0,3616.0,3604.75,3574.75,201.57777777777767,251.57777777777767
4,122,3625.375,226.57777777777767,30.307999999999993,45,0,3616.0,3646.0,3634.75,3604.75,201.57777777777767,251.57777777777767
4,123,3655.375,226.57777777777767,33.595,2,0,3646.0,3676.0,3664.75,3634.75,201.57777777777767,251.57777777777767
4,124,3685.375,226.57777777777767,,0,0,3676.0,3706.0,3694.75,3664.75,201.57777777777767,251.57777777777767
4,125,3715.375,226.57777777777767,,0,0,3706.0,3736.0,3724.75,3694.75,201.57777777777767,251.57777777777767
4,126,3745.375,226.57777777777767,,0,0,3736.0,3766.0,3754.75,3724.75,201.57777777777767,251.57777777777767
4,127,3775.375,226.57777777777767,,0,0,3766.0,3796.0,3784.75,3754.75,201.57777777777767,251.57777777777767
4,128,3805.375,226.57777777777767,,0,0,3796.0,3826.0,3814.75,3784.75,201.57777777777767,251.57777777777767
4,129,3835.375,226.57777777777767,,0,0,3826.0,3856.0,3844.75,3814.75,201.57777777777767,251.57777777777767
4,130,3865.375,226.57777777777767,,0,0,3856.0,3886.0,3874.75,3844.75,201.57777777777767,251.57777777777767
4,131,3895.375,226.57777777777767,,0,0,3886.0,3916.0,3904.75,3874.75,201.57777777777767,251.57777777777767
5,1,-15.875,276.57777777777767,,0,0,-25.25,4.75,-6.5,-36.5,251.57777777777767,301.57777777777767
5,2,14.125,276.57777777777767,60.84214285714285,28,0,4.75,34.75,23.5,-6.5,251.57777777777767,301.57777777777767
5,3,44.125,276.57777777777767,73.09100000000002,10,0,34.75,64.75,53.5,23.5,251.57777777777767,301.57777777777767
5,4,74.125,276.57777777777767,70.64944444444444,18,0,64.75,94.75,83.5,53.5,251.57777777777767,301.57777777777767
5,5,104.125,276.57777777777767,70.42636363636362,22,0,94.75,124.75,113.5,83.5,251.57777777777767,301.57777777777767
5,6,134.125,276.57777777777767,61.344054054054055,37,0,124.75,154.75,143.5,113.5,251.57777777777767,301.57777777777767
5,7,164.125,276.57777777777767,65.74347826086957,23,0,154.75,184.75,173.5,143.5,251.57777777777767,301.57777777777767
5,8,194.125,276.57777777777767,62.147352941176464,34,0,184.75,214.75,203.5,173.5,251.57777777777767,301.57777777777767
5,9,224.125,276.57777777777767,73.59625000000001,16,0,214.75,244.75,233.5,203.5,251.57777777777767,301.57777777777767
5,10,254.125,276.57777777777767,70.7465,20,0,244.75,274.75,263.5,233.5,251.57777777777767,301.57777777777767
5,11,284.125,276.57777777777767,77.162,10,0,274.75,304.75,293.5,263.5,251.57777777777767,301.57777777777767
5,12,314.125,276.57777777777767,72.68989795918367,14,0,304.75,334.75,323.5,293.5,251.57777777777767,301.57777777777767
5,13,344.125,276.57777777777767,65.34176470588235,34,0,334.75,364.75,353.5,323.5,251.57777777777767,301.57777777777767
5,14,374.125,276.57777777777767,70.40969387755102,14,0,364.75,394.75,383.5,353.5,251.57777777777767,301.57777777777767
5,15,404.125,276.57777777777767,60.890357142857155,28,0,394.75,424.75,413.5,383.5,251.57777777777767,301.57777777777767
5,16,434.125,276.57777777777767,59.57093750000001,32,0,424.75,454.75,443.5,413.5,251.57777777777767,301.57777777777767
5,17,464.125,276.57777777777767,56.6845,40,0,454.75,484.75,473.5,443.5,251.57777777777767,301.57777777777767
5,18,494.125,276.57777777777767,58.96230769230771,39,0,484.75,514.75,503.5,473.5,251.57777777777767,301.57777777777767
5,19,524.125,276.57777777777767,70.15789473684212,19,0,514.75,544.75,533.5,503.5,251.57777777777767,301.57777777777767
5,20,554.125,276.57777777777767,64.70159999999998,25,0,544.75,574.75,563.5,533.5,251.57777777777767,301.57777777777767
5,21,584.125,276.57777777777767,69.04749999999999,20,0,574.75,604.75,593.5,563.5,251.57777777777767,301.57777777777767
5,22,614.125,276.57777777777767,67.04799999999999,20,0,604.75,634.75,623.5,593.5,251.57777777777767,301.57777777777767
5,23,644.125,276.57777777777767,66.18000000000002,26,0,634.75,664.75,653.5,623.5,251.57777777777767,301.57777777777767
5,24,674.125,276.57777777777767,66.62444444444446,18,0,664.75,694.75,683.5,653.5,251.57777777777767,301.57777777777767
5,25,704.125,276.57777777777767,63.068618618618615,37,0,694.75,724.75,713.5,683.5,251.57777777777767,301.57777777777767
5,26,734.125,276.57777777777767,64.03545454545454,33,0,724.75,754.75,743.5,713.5,251.57777777777767,301.57777777777767
5,27,764.125,276.57777777777767,61.45478260869565,23,0,754.75,784.75,773.5,743.5,251.57777777777767,301.57777777777767
5,28,794.125,276.57777777777767,63.59275510204082,28,0,784.75,814.75,803.5,773.5,251.57777777777767,301.57777777777767
5,29,824.125,276.57777777777767,62.49749999999999,28,0,814.75,844.75,833.5,803.5,251.57777777777767,301.57777777777767
5,30,854.125,276.57777777777767,72.31833333333334,6,0,844.75,874.75,863.5,833.5,251.57777777777767,301.57777777777767
5,31,884.125,276.57777777777767,60.33959999999999,25,0,874.75,904.75,893.5,863.5,251.57777777777767,301.57777777777767
5,32,914.125,276.57777777777767,54.18838709677419,31,0,904.75,934.75,923.5,893.5,251.57777777777767,301.57777777777767
5,33,944.125,276.57777777777767,53.797555555555554,45,0,934.75,964.75,953.5,923.5,251.57777777777767,301.57777777777767
5,34,974.125,276.57777777777767,48.8995744680851,47,0,964.75,994.75,983.5,953.5,251.57777777777767,301.57777777777767
5,35,1004.125,276.57777777777767,46.86127659574467,47,0,994.75,1024.75,1013.5,983.5,251.57777777777767,301.57777777777767
5,36,1034.125,276.57777777777767,45.87291666666666,48,0,1024.75,1054.75,1043.5,1013.5,251.57777777777767,301.57777777777767
5,37,1064.125,276.57777777777767,46.42956521739129,46,0,1054.75,1084.75,1073.5,1043.5,251.57777777777767,301.57777777777767
5,38,1094.125,276.57777777777767,44.266000000000005,45,0,1084.75,1114.75,1103.5,1073.5,251.57777777777767,301.57777777777767
5,39,1124.125,276.57777777777767,47.90390243902439,41,0,1114.75,1144.75,1133.5,1103.5,251.57777777777767,301.57777777777767
5,40,1154.125,276.57777777777767,55.70956521739131,23,0,1144.75,1174.75,1163.5,1133.5,251.57777777777767,301.57777777777767
5,41,1184.125,276.57777777777767,53.45111111111111,27,0,1174.75,1204.75,1193.5,1163.5,251.57777777777767,301.57777777777767
5,42,1214.125,276.57777777777767,59.11363636363635,33,0,1204.75,1234.75,1223.5,1193.5,251.57777777777767,301.57777777777767
5,43,1244.125,276.57777777777767,58.22975,40,0,1234.75,1264.75,1253.5,1223.5,251.57777777777767,301.57777777777767
5,44,1274.125,276.57777777777767,60.783333333333324,21,0,1264.75,1294.75,1283.5,1253.5,251.57777777777767,301.57777777777767
5,45,1304.125,276.57777777777767,57.582857142857144,28,0,1294.75,1324.75,1313.5,1283.5,251.57777777777767,301.57777777777767
5,46,1334.125,276.57777777777767,66.59272727272729,11,0,1324.75,1354.75,1343.5,1313.5,251.57777777777767,301.57777777777767
5,47,1364.125,276.57777777777767,57.67535714285713,28,0,1354.75,1384.75,1373.5,1343.5,251.57777777777767,301.57777777777767
5,48,1394.125,276.57777777777767,56.297441860465106,43,0,1384.75,1414.75,1403.5,1373.5,251.57777777777767,301.57777777777767
5,49,1424.125,276.57777777777767,56.54137931034483,29,0,1414.75,1444.75,1433.5,1403.5,251.57777777777767,301.57777777777767
5,50,1454.125,276.57777777777767,63.860344827586204,29,0,1444.75,1474.75,1463.5,1433.5,251.57777777777767,301.57777777777767
5,51,1484.125,276.57777777777767,60.72692307692308,26,0,1474.75,1504.75,1493.5,1463.5,251.57777777777767,301.57777777777767
5,52,1514.125,276.57777777777767,54.093750000000014,40,0,1504.75,1534.75,1523.5,1493.5,251.57777777777767,301.57777777777767
5,53,1544.125,276.57777777777767,49.822941176470586,34,0,1534.75,1564.75,1553.5,1523.5,251.57777777777767,301.57777777777767
5,54,1574.125,276.57777777777767,30.964193548387104,62,0,1564.75,1594.75,1583.5,1553.5,251.57777777777767,301.57777777777767
5,55,1604.125,276.57777777777767,30.720535714285713,56,0,1594.75,1624.75,1613.5,1583.5,251.57777777777767,301.57777777777767
5,56,1634.125,276.57777777777767,37.918000000000006,45,0,1624.75,1654.75,1643.5,1613.5,251.57777777777767,301.57777777777767
5,57,1664.125,276.57777777777767,39.7991836734694,49,0,1654.75,1684.75,1673.5,1643.5,251.57777777777767,301.57777777777767
5,58,1694.125,276.57777777777767,41.99822222222222,45,0,1684.75,1714.75,1703.5,1673.5,251.57777777777767,301.57777777777767
5,59,1724.125,276.57777777777767,40.58750000000001,52,0,1714.75,1744.75,1733.5,1703.5,251.57777777777767,301.57777777777767
5,60,1754.125,276.57777777777767,38.858823529411765,51,0,1744.75,1774.75,1763.5,1733.5,251.57777777777767,301.57777777777767
5,61,1784.125,276.57777777777767,35.27116279069768,43,0,1774.75,1804.75,1793.5,1763.5,251.57777777777767,301.57777777777767
5,62,1814.125,276.57777777777767,33.41347826086957,46,0,1804.75,1834.75,1823.5,1793.5,251.57777777777767,301.57777777777767
5,63,1844.125,276.57777777777767,35.988301886792456,53,0,1834.75,1864.75,1853.5,1823.5,251.57777777777767,301.57777777777767
5,64,1874.125,276.57777777777767,36.338965517241384,58,0,1864.75,1894.75,1883.5,1853.5,251.57777777777767,301.57777777777767
5,65,1904.125,276.57777777777767,30.665185185185187,54,0,1894.75,1924.75,1913.5,1883.5,251.57777777777767,301.57777777777767
5,66,1934.125,276.57777777777767,25.06690909090909,55,0,1924.75,1954.75,1943.5,1913.5,251.57777777777767,301.57777777777767
5,67,1964.125,276.57777777777767,26.642419354838708,62,0,1954.75,1984.75,1973.5,1943.5,251.57777777777767,301.57777777777767
5,68,1994.125,276.57777777777767,31.65125,48,0,1984.75,2014.75,2003.5,1973.5,251.57777777777767,301.57777777777767
5,69,2024.125,276.57777777777767,36.541777777777774,45,0,2014.75,2044.75,2033.5,2003.5,251.57777777777767,301.57777777777767
5,70,2054.125,276.57777777777767,36.14545454545454,55,0,2044.75,2074.75,2063.5,2033.5,251.57777777777767,301.57777777777767
5,71,2084.125,276.57777777777767,36.14716981132076,53,0,2074.75,2104.75,2093.5,2063.5,251.57777777777767,301.57777777777767
5,72,2114.125,276.57777777777767,40.38350931677018,46,0,2104.75,2134.75,2123.5,2093.5,251.57777777777767,301.57777777777767
5,73,2144.125,276.57777777777767,38.510000000000005,47,0,2134.75,2164.75,2153.5,2123.5,251.57777777777767,301.57777777777767
5,74,2174.125,276.57777777777767,38.9404,50,0,2164.75,2194.75,2183.5,2153.5,251.57777777777767,301.57777777777767
5,75,2204.125,276.57777777777767,31.278235294117653,51,0,2194.75,2224.75,2213.5,2183.5,251.57777777777767,301.57777777777767
5,76,2234.125,276.57777777777767,27.66477611940299,67,0,2224.75,2254.75,2243.5,2213.5,251.57777777777767,301.57777777777767
5,77,2264.125,276.57777777777767,28.403518518518517,54,0,2254.75,2284.75,2273.5,2243.5,251.57777777777767,301.57777777777767
5,78,2294.125,276.57777777777767,29.146923076923077,39,0,2284.75,2314.75,2303.5,2273.5,251.57777777777767,301.57777777777767
5,79,2324.125,276.57777777777767,31.172244897959185,49,0,2314.75,2344.75,2333.5,2303.5,251.57777777777767,301.57777777777767
5,80,2354.125,276.57777777777767,36.632600000000004,50,0,2344.75,2374.75,2363.5,2333.5,251.57777777777767,301.57777777777767
5,81,2384.125,276.57777777777767,38.17760869565218,46,0,2374.75,2404.75,2393.5,2363.5,251.57777777777767,301.57777777777767
5,82,2414.125,276.57777777777767,40.017894736842095,38,0,2404.75,2434.75,2423.5,2393.5,251.57777777777767,301.57777777777767
5,83,2444.125,276.57777777777767,37.19500000000001,40,0,2434.75,2464.75,2453.5,2423.5,251.57777777777767,301.57777777777767
5,84,2474.125,276.57777777777767,34.65196078431374,51,0,2464.75,2494.75,2483.5,2453.5,251.57777777777767,301.57777777777767
5,85,2504.125,276.57777777777767,42.02333333333335,48,0,2494.75,2524.75,2513.5,2483.5,251.57777777777767,301.57777777777767
5,86,2534.125,276.57777777777767,47.56461538461538,52,0,2524.75,2554.75,2543.5,2513.5,251.57777777777767,301.57777777777767
5,87,2564.125,276.57777777777767,45.00833333333335,48,0,2554.75,2584.75,2573.5,2543.5,251.57777777777767,301.57777777777767
5,88,2594.125,276.57777777777767,43.16250000000001,40,0,2584.75,2614.75,2603.5,2573.5,251.57777777777767,301.57777777777767
5,89,2624.125,276.57777777777767,40.651403508771935,57,0,2614.75,2644.75,2633.5,2603.5,251.57777777777767,301.57777777777767
5,90,2654.125,276.57777777777767,43.48690476190476,42,0,2644.75,2674.75,2663.5,2633.5,251.57777777777767,301.57777777777767
5,91,2684.125,276.57777777777767,32.97000000000001,43,0,2674.75,2704.75,2693.5,2663.5,251.57777777777767,301.57777777777767
5,92,2714.125,276.57777777777767,28.745526315789476,76,0,2704.75,2734.75,2723.5,2693.5,251.57777777777767,301.57777777777767
5,93,2744.125,276.57777777777767,32.27734375,64,0,2734.75,2764.75,2753.5,2723.5,251.57777777777767,301.57777777777767
5,94,2774.125,276.57777777777767,38.69263157894736,57,0,2764.75,2794.75,2783.5,2753.5,251.57777777777767,301.57777777777767
5,95,2804.125,276.57777777777767,42.30833333333333,48,0,2794.75,2824.75,2813.5,2783.5,251.57777777777767,301.57777777777767
5,96,2834.125,276.57777777777767,41.918,40,0,2824.75,2854.75,2843.5,2813.5,251.57777777777767,301.57777777777767
5,97,2864.125,276.57777777777767,38.46782608695652,46,0,2854.75,2884.75,2873.5,2843.5,251.57777777777767,301.57777777777767
5,98,2894.125,276.57777777777767,36.16339285714286,56,0,2884.75,2914.75,2903.5,2873.5,251.57777777777767,301.57777777777767
5,99,2924.125,276.57777777777767,35.65509433962264,53,0,2914.75,2944.75,2933.5,2903.5,251.57777777777767,301.57777777777767
5,100,2954.125,276.57777777777767,31.528846153846157,52,0,2944.75,2974.75,2963.5,2933.5,251.57777777777767,301.57777777777767
5,101,2984.125,276.57777777777767,30.792575757575765,66,0,2974.75,3004.75,2993.5,2963.5,251.57777777777767,301.57777777777767
5,102,3014.125,276.57777777777767,34.63070175438598,57,0,3004.75,3034.75,3023.5,2993.5,251.57777777777767,301.57777777777767
5,103,3044.125,276.57777777777767,35.784285714285716,49,0,3034.75,3064.75,3053.5,3023.5,251.57777777777767,301.57777777777767
5,104,3074.125,276.57777777777767,34.47222222222223,45,0,3064.75,3094.75,3083.5,3053.5,251.57777777777767,301.57777777777767
5,105,3104.125,276.57777777777767,34.3048,50,0,3094.75,3124.75,3113.5,3083.5,251.57777777777767,301.57777777777767
5,106,3134.125,276.57777777777767,35.539833333333334,60,0,3124.75,3154.75,3143.5,3113.5,251.57777777777767,301.57777777777767
5,107,3164.125,276.57777777777767,25.71151898734178,79,0,3154.75,3184.75,3173.5,3143.5,251.57777777777767,301.57777777777767
5,108,3194.125,276.57777777777767,27.25362068965517,58,0,3184.75,3214.75,3203.5,3173.5,251.57777777777767,301.57777777777767
5,109,3224.125,276.57777777777767,36.33641509433963,53,0,3214.75,3244.75,3233.5,3203.5,251.57777777777767,301.57777777777767
5,110,3254.125,276.57777777777767,41.38886792452831,53,0,3244.75,3274.75,3263.5,3233.5,251.57777777777767,301.57777777777767
5,111,3284.125,276.57777777777767,37.899803921568626,51,0,3274.75,3304.75,3293.5,3263.5,251.57777777777767,301.57777777777767
5,112,3314.125,276.57777777777767,38.254390243902435,41,0,3304.75,3334.75,3323.5,3293.5,251.57777777777767,301.57777777777767
5,113,3344.125,276.57777777777767,36.02018867924529,53,0,3334.75,3364.75,3353.5,3323.5,251.57777777777767,301.57777777777767
5,114,3374.125,276.57777777777767,28.066964285714295,56,0,3364.75,3394.75,3383.5,3353.5,251.57777777777767,301.57777777777767
5,115,3404.125,276.57777777777767,29.26115942028986,69,0,3394.75,3424.75,3413.5,3383.5,251.57777777777767,301.57777777777767
5,116,3434.125,276.57777777777767,33.8830612244898,49,0,3424.75,3454.75,3443.5,3413.5,251.57777777777767,301.57777777777767
5,117,3464.125,276.57777777777767,35.24692307692308,52,0,3454.75,3484.75,3473.5,3443.5,251.57777777777767,301.57777777777767
5,118,3494.125,276.57777777777767,30.35083333333333,72,0,3484.75,3514.75,3503.5,3473.5,251.57777777777767,301.57777777777767
5,119,3524.125,276.57777777777767,27.473333333333333,78,0,3514.75,3544.75,3533.5,3503.5,251.57777777777767,301.57777777777767
5,120,3554.125,276.57777777777767,25.947031250000002,64,0,3544.75,3574.75,3563.5,3533.5,251.57777777777767,301.57777777777767
5,121,3584.125,276.57777777777767,31.88152777777777,72,0,3574.75,3604.75,3593.5,3563.5,251.57777777777767,301.57777777777767
5,122,3614.125,276.57777777777767,36.716136363636366,44,0,3604.75,3634.75,3623.5,3593.5,251.57777777777767,301.57777777777767
5,123,3644.125,276.57777777777767,37.540533333333336,25,0,3634.75,3664.75,3653.5,3623.5,251.57777777777767,301.57777777777767
5,124,3674.125,276.57777777777767,,0,0,3664.75,3694.75,3683.5,3653.5,251.57777777777767,301.57777777777767
5,125,3704.125,276.57777777777767,,0,0,3694.75,3724.75,3713.5,3683.5,251.57777777777767,301.57777777777767
5,126,3734.125,276.57777777777767,,0,0,3724.75,3754.75,3743.5,3713.5,251.57777777777767,301.57777777777767
5,127,3764.125,276.57777777777767,,0,0,3754.75,3784.75,3773.5,3743.5,251.57777777777767,301.57777777777767
5,128,3794.125,276.57777777777767,,0,0,3784.75,3814.75,3803.5,3773.5,251.57777777777767,301.57777777777767
5,129,3824.125,276.57777777777767,,0,0,3814.75,3844.75,3833.5,3803.5,251.57777777777767,301.57777777777767
5,130,3854.125,276.57777777777767,,0,0,3844.75,3874.75,3863.5,3833.5,251.57777777777767,301.57777777777767
5,131,3884.125,276.57777777777767,,0,0,3874.75,3904.75,3893.5,3863.5,251.57777777777767,301.57777777777767
6,2,2.875,326.57777777777767,60.034130434782604,23,0,-6.5,23.5,12.25,-17.75,301.57777777777767,351.57777777777767
6,3,32.875,326.57777777777767,64.62736842105264,19,0,23.5,53.5,42.25,12.25,301.57777777777767,351.57777777777767
6,4,62.875,326.57777777777767,73.83333333333334,12,0,53.5,83.5,72.25,42.25,301.57777777777767,351.57777777777767
6,5,92.875,326.57777777777767,69.78058823529412,17,0,83.5,113.5,102.25,72.25,301.57777777777767,351.57777777777767
6,6,122.875,326.57777777777767,61.60566666666668,30,0,113.5,143.5,132.25,102.25,301.57777777777767,351.57777777777767
6,7,152.875,326.57777777777767,65.96214285714287,28,0,143.5,173.5,162.25,132.25,301.57777777777767,351.57777777777767
6,8,182.875,326.57777777777767,63.54818181818181,33,0,173.5,203.5,192.25,162.25,301.57777777777767,351.57777777777767
6,9,212.875,326.57777777777767,70.06119999999999,25,0,203.5,233.5,222.25,192.25,301.57777777777767,351.57777777777767
6,10,242.875,326.57777777777767,70.90428571428572,14,0,233.5,263.5,252.25,222.25,301.57777777777767,351.57777777777767
6,11,272.875,326.57777777777767,71.96875,16,0,263.5,293.5,282.25,252.25,301.57777777777767,351.57777777777767
6,12,302.875,326.57777777777767,75.73,13,0,293.5,323.5,312.25,282.25,301.57777777777767,351.57777777777767
6,13,332.875,326.57777777777767,65.47227272727274,22,0,323.5,353.5,342.25,312.25,301.57777777777767,351.57777777777767
6,14,362.875,326.57777777777767,65.90041666666669,24,0,353.5,383.5,372.25,342.25,301.57777777777767,351.57777777777767
6,15,392.875,326.57777777777767,67.12272727272727,22,0,383.5,413.5,402.25,372.25,301.57777777777767,351.57777777777767
6,16,422.875,326.57777777777767,59.436296296296284,27,0,413.5,443.5,432.25,402.25,301.57777777777767,351.57777777777767
6,17,452.875,326.57777777777767,59.77151515151516,33,0,443.5,473.5,462.25,432.25,301.57777777777767,351.57777777777767
6,18,482.875,326.57777777777767,56.346578947368414,38,0,473.5,503.5,492.25,462.25,301.57777777777767,351.57777777777767
6,19,512.875,326.57777777777767,61.26548387096773,31,0,503.5,533.5,522.25,492.25,301.57777777777767,351.57777777777767
6,20,542.875,326.57777777777767,73.165,18,0,533.5,563.5,552.25,522.25,301.57777777777767,351.57777777777767
6,21,572.875,326.57777777777767,65.61343749999999,32,0,563.5,593.5,582.25,552.25,301.57777777777767,351.57777777777767
6,22,602.875,326.57777777777767,70.16157894736841,19,0,593.5,623.5,612.25,582.25,301.57777777777767,351.57777777777767
6,23,632.875,326.57777777777767,63.38374999999999,24,0,623.5,653.5,642.25,612.25,301.57777777777767,351.57777777777767
6,24,662.875,326.57777777777767,71.71062500000001,16,0,653.5,683.5,672.25,642.25,301.57777777777767,351.57777777777767
6,25,692.875,326.57777777777767,63.37241379310345,29,0,683.5,713.5,702.25,672.25,301.57777777777767,351.57777777777767
6,26,722.875,326.57777777777767,63.70371428571429,35,0,713.5,743.5,732.25,702.25,301.57777777777767,351.57777777777767
6,27,752.875,326.57777777777767,61.807272727272725,22,0,743.5,773.5,762.25,732.25,301.57777777777767,351.57777777777767
6,28,782.875,326.57777777777767,61.170857142857145,35,0,773.5,803.5,792.25,762.25,301.57777777777767,351.57777777777767
6,29,812.875,326.57777777777767,62.947419354838715,31,0,803.5,833.5,822.25,792.25,301.57777777777767,351.57777777777767
6,30,842.875,326.57777777777767,66.458,20,0,833.5,863.5,852.25,822.25,301.57777777777767,351.57777777777767
6,31,872.875,326.57777777777767,70.114,10,0,863.5,893.5,882.25,852.25,301.57777777777767,351.57777777777767
6,32,902.875,326.57777777777767,55.54857142857143,29,0,893.5,923.5,912.25,882.25,301.57777777777767,351.57777777777767
6,33,932.875,326.57777777777767,54.99384615384616,39,0,923.5,953.5,942.25,912.25,301.57777777777767,351.57777777777767
6,34,962.875,326.57777777777767,53.44476190476191,42,0,953.5,983.5,972.25,942.25,301.57777777777767,351.57777777777767
6,35,992.875,326.57777777777767,47.51061224489797,49,0,983.5,1013.5,1002.25,972.25,301.57777777777767,351.57777777777767
6,36,1022.875,326.57777777777767,48.57489361702129,47,0,1013.5,1043.5,1032.25,1002.25,301.57777777777767,351.57777777777767
6,37,1052.875,326.57777777777767,48.5295,40,0,1043.5,1073.5,1062.25,1032.25,301.57777777777767,351.57777777777767
6,38,1082.875,326.57777777777767,47.592777777777776,36,0,1073.5,1103.5,1092.25,1062.25,301.57777777777767,351.57777777777767
6,39,1112.875,326.57777777777767,48.5146511627907,43,0,1103.5,1133.5,1122.25,1092.25,301.57777777777767,351.57777777777767
6,40,1142.875,326.57777777777767,52.91742857142858,35,0,1133.5,1163.5,1152.25,1122.25,301.57777777777767,351.57777777777767
6,41,1172.875,326.57777777777767,58.834,20,0,1163.5,1193.5,1182.25,1152.25,301.57777777777767,351.57777777777767
6,42,1202.875,326.57777777777767,59.544999999999995,28,0,1193.5,1223.5,1212.25,1182.25,301.57777777777767,351.57777777777767
6,43,1232.875,326.57777777777767,56.96471544715447,41,0,1223.5,1253.5,1242.25,1212.25,301.57777777777767,351.57777777777767
6,44,1262.875,326.57777777777767,59.07696969696971,33,0,1253.5,1283.5,1272.25,1242.25,301.57777777777767,351.57777777777767
6,45,1292.875,326.57777777777767,58.02192307692307,26,0,1283.5,1313.5,1302.25,1272.25,301.57777777777767,351.57777777777767
6,46,1322.875,326.57777777777767,63.88000000000001,18,0,1313.5,1343.5,1332.25,1302.25,301.57777777777767,351.57777777777767
6,47,1352.875,326.57777777777767,57.65733333333334,15,0,1343.5,1373.5,1362.25,1332.25,301.57777777777767,351.57777777777767
6,48,1382.875,326.57777777777767,57.304594594594604,37,0,1373.5,1403.5,1392.25,1362.25,301.57777777777767,351.57777777777767
6,49,1412.875,326.57777777777767,55.63904761904761,42,0,1403.5,1433.5,1422.25,1392.25,301.57777777777767,351.57777777777767
6,50,1442.875,326.57777777777767,62.56416666666667,24,0,1433.5,1463.5,1452.25,1422.25,301.57777777777767,351.57777777777767
6,51,1472.875,326.57777777777767,61.380285714285726,35,0,1463.5,1493.5,1482.25,1452.25,301.57777777777767,351.57777777777767
6,52,1502.875,326.57777777777767,56.433448275862084,29,0,1493.5,1523.5,1512.25,1482.25,301.57777777777767,351.57777777777767
6,53,1532.875,326.57777777777767,50.0863888888889,36,0,1523.5,1553.5,1542.25,1512.25,301.57777777777767,351.57777777777767
6,54,1562.875,326.57777777777767,41.89804347826087,46,0,1553.5,1583.5,1572.25,1542.25,301.57777777777767,351.57777777777767
6,55,1592.875,326.57777777777767,35.95803921568628,51,0,1583.5,1613.5,1602.25,1572.25,301.57777777777767,351.57777777777767
6,56,1622.875,326.57777777777767,39.87714285714286,42,0,1613.5,1643.5,1632.25,1602.25,301.57777777777767,351.57777777777767
6,57,1652.875,326.57777777777767,42.26697674418605,43,0,1643.5,1673.5,1662.25,1632.25,301.57777777777767,351.57777777777767
6,58,1682.875,326.57777777777767,41.70169811320755,53,0,1673.5,1703.5,1692.25,1662.25,301.57777777777767,351.57777777777767
6,59,1712.875,326.57777777777767,43.28439024390245,41,0,1703.5,1733.5,1722.25,1692.25,301.57777777777767,351.57777777777767
6,60,1742.875,326.57777777777767,40.50660377358491,53,0,1733.5,1763.5,1752.25,1722.25,301.57777777777767,351.57777777777767
6,61,1772.875,326.57777777777767,35.05781818181818,55,0,1763.5,1793.5,1782.25,1752.25,301.57777777777767,351.57777777777767
6,62,1802.875,326.57777777777767,33.635568181818186,44,0,1793.5,1823.5,1812.25,1782.25,301.57777777777767,351.57777777777767
6,63,1832.875,326.57777777777767,37.05066666666666,45,0,1823.5,1853.5,1842.25,1812.25,301.57777777777767,351.57777777777767
6,64,1862.875,326.57777777777767,36.13559322033898,59,0,1853.5,1883.5,1872.25,1842.25,301.57777777777767,351.57777777777767
6,65,1892.875,326.57777777777767,32.44046153846154,65,0,1883.5,1913.5,1902.25,1872.25,301.57777777777767,351.57777777777767
6,66,1922.875,326.57777777777767,33.88681818181819,44,0,1913.5,1943.5,1932.25,1902.25,301.57777777777767,351.57777777777767
6,67,1952.875,326.57777777777767,32.70394736842105,38,0,1943.5,1973.5,1962.25,1932.25,301.57777777777767,351.57777777777767
6,68,1982.875,326.57777777777767,33.89245283018868,53,0,1973.5,2003.5,1992.25,1962.25,301.57777777777767,351.57777777777767
6,69,2012.875,326.57777777777767,37.60590909090908,44,0,2003.5,2033.5,2022.25,1992.25,301.57777777777767,351.57777777777767
6,70,2042.875,326.57777777777767,41.39551020408164,49,0,2033.5,2063.5,2052.25,2022.25,301.57777777777767,351.57777777777767
6,71,2072.875,326.57777777777767,42.4068888888889,45,0,2063.5,2093.5,2082.25,2052.25,301.57777777777767,351.57777777777767
6,72,2102.875,326.57777777777767,39.0176,50,0,2093.5,2123.5,2112.25,2082.25,301.57777777777767,351.57777777777767
6,73,2132.875,326.57777777777767,38.2012,50,0,2123.5,2153.5,2142.25,2112.25,301.57777777777767,351.57777777777767
6,74,2162.875,326.57777777777767,38.912978723404244,47,0,2153.5,2183.5,2172.25,2142.25,301.57777777777767,351.57777777777767
6,75,2192.875,326.57777777777767,34.823018867924524,53,0,2183.5,2213.5,2202.25,2172.25,301.57777777777767,351.57777777777767
6,76,2222.875,326.57777777777767,31.776181818181815,55,0,2213.5,2243.5,2232.25,2202.25,301.57777777777767,351.57777777777767
6,77,2252.875,326.57777777777767,27.745797101449284,69,0,2243.5,2273.5,2262.25,2232.25,301.57777777777767,351.57777777777767
6,78,2282.875,326.57777777777767,30.2002380952381,42,0,2273.5,2303.5,2292.25,2262.25,301.57777777777767,351.57777777777767
6,79,2312.875,326.57777777777767,33.03255813953488,43,0,2303.5,2333.5,2322.25,2292.25,301.57777777777767,351.57777777777767
6,80,2342.875,326.57777777777767,39.616304347826095,46,0,2333.5,2363.5,2352.25,2322.25,301.57777777777767,351.57777777777767
6,81,2372.875,326.57777777777767,40.420181818181824,55,0,2363.5,2393.5,2382.25,2352.25,301.57777777777767,351.57777777777767
6,82,2402.875,326.57777777777767,41.5195,40,0,2393.5,2423.5,2412.25,2382.25,301.57777777777767,351.57777777777767
6,83,2432.875,326.57777777777767,41.16285714285713,35,0,2423.5,2453.5,2442.25,2412.25,301.57777777777767,351.57777777777767
6,84,2462.875,326.57777777777767,37.74145833333332,48,0,2453.5,2483.5,2472.25,2442.25,301.57777777777767,351.57777777777767
6,85,2492.875,326.57777777777767,38.23333333333333,51,0,2483.5,2513.5,2502.25,2472.25,301.57777777777767,351.57777777777767
6,86,2522.875,326.57777777777767,45.557307692307695,52,0,2513.5,2543.5,2532.25,2502.25,301.57777777777767,351.57777777777767
6,87,2552.875,326.57777777777767,45.00733333333332,45,0,2543.5,2573.5,2562.25,2532.25,301.57777777777767,351.57777777777767
6,88,2582.875,326.57777777777767,48.10238095238095,42,0,2573.5,2603.5,2592.25,2562.25,301.57777777777767,351.57777777777767
6,89,2612.875,326.57777777777767,42.10717391304348,46,0,2603.5,2633.5,2622.25,2592.25,301.57777777777767,351.57777777777767
6,90,2642.875,326.57777777777767,43.956041666666664,48,0,2633.5,2663.5,2652.25,2622.25,301.57777777777767,351.57777777777767
6,91,2672.875,326.57777777777767,35.35065217391307,46,0,2663.5,2693.5,2682.25,2652.25,301.57777777777767,351.57777777777767
6,92,2702.875,326.57777777777767,32.67185185185187,54,0,2693.5,2723.5,2712.25,2682.25,301.57777777777767,351.57777777777767
6,93,2732.875,326.57777777777767,36.77438596491229,57,0,2723.5,2753.5,2742.25,2712.25,301.57777777777767,351.57777777777767
6,94,2762.875,326.57777777777767,39.52560000000001,50,0,2753.5,2783.5,2772.25,2742.25,301.57777777777767,351.57777777777767
6,95,2792.875,326.57777777777767,42.373793103448286,58,0,2783.5,2813.5,2802.25,2772.25,301.57777777777767,351.57777777777767
6,96,2822.875,326.57777777777767,38.57068181818181,44,0,2813.5,2843.5,2832.25,2802.25,301.57777777777767,351.57777777777767
6,97,2852.875,326.57777777777767,35.151777777777774,45,0,2843.5,2873.5,2862.25,2832.25,301.57777777777767,351.57777777777767
6,98,2882.875,326.57777777777767,38.26809876543211,45,0,2873.5,2903.5,2892.25,2862.25,301.57777777777767,351.57777777777767
6,99,2912.875,326.57777777777767,38.490555555555545,54,0,2903.5,2933.5,2922.25,2892.25,301.57777777777767,351.57777777777767
6,100,2942.875,326.57777777777767,37.038695652173914,46,0,2933.5,2963.5,2952.25,2922.25,301.57777777777767,351.57777777777767
6,101,2972.875,326.57777777777767,37.122200854700864,52,0,2963.5,2993.5,2982.25,2952.25,301.57777777777767,351.57777777777767
6,102,3002.875,326.57777777777767,38.70071428571429,56,0,2993.5,3023.5,3012.25,2982.25,301.57777777777767,351.57777777777767
6,103,3032.875,326.57777777777767,40.07404255319148,47,0,3023.5,3053.5,3042.25,3012.25,301.57777777777767,351.57777777777767
6,104,3062.875,326.57777777777767,37.413137254901955,51,0,3053.5,3083.5,3072.25,3042.25,301.57777777777767,351.57777777777767
6,105,3092.875,326.57777777777767,37.21967741935484,31,0,3083.5,3113.5,3102.25,3072.25,301.57777777777767,351.57777777777767
6,106,3122.875,326.57777777777767,36.91833333333332,60,0,3113.5,3143.5,3132.25,3102.25,301.57777777777767,351.57777777777767
6,107,3152.875,326.57777777777767,30.519846153846164,65,0,3143.5,3173.5,3162.25,3132.25,301.57777777777767,351.57777777777767
6,108,3182.875,326.57777777777767,33.208301886792455,53,0,3173.5,3203.5,3192.25,3162.25,301.57777777777767,351.57777777777767
6,109,3212.875,326.57777777777767,37.352941176470594,51,0,3203.5,3233.5,3222.25,3192.25,301.57777777777767,351.57777777777767
6,110,3242.875,326.57777777777767,42.13078431372549,51,0,3233.5,3263.5,3252.25,3222.25,301.57777777777767,351.57777777777767
6,111,3272.875,326.57777777777767,38.71457627118643,59,0,3263.5,3293.5,3282.25,3252.25,301.57777777777767,351.57777777777767
6,112,3302.875,326.57777777777767,35.54979591836735,49,0,3293.5,3323.5,3312.25,3282.25,301.57777777777767,351.57777777777767
6,113,3332.875,326.57777777777767,39.893333333333345,48,0,3323.5,3353.5,3342.25,3312.25,301.57777777777767,351.57777777777767
6,114,3362.875,326.57777777777767,33.940250000000006,40,0,3353.5,3383.5,3372.25,3342.25,301.57777777777767,351.57777777777767
6,115,3392.875,326.57777777777767,27.380317460317453,63,0,3383.5,3413.5,3402.25,3372.25,301.57777777777767,351.57777777777767
6,116,3422.875,326.57777777777767,35.276363636363634,55,0,3413.5,3443.5,3432.25,3402.25,301.57777777777767,351.57777777777767
6,117,3452.875,326.57777777777767,34.52622641509433,53,0,3443.5,3473.5,3462.25,3432.25,301.57777777777767,351.57777777777767
6,118,3482.875,326.57777777777767,33.29625000000001,48,0,3473.5,3503.5,3492.25,3462.25,301.57777777777767,351.57777777777767
6,119,3512.875,326.57777777777767,32.465641025641034,78,0,3503.5,3533.5,3522.25,3492.25,301.57777777777767,351.57777777777767
6,120,3542.875,326.57777777777767,28.145757575757578,66,0,3533.5,3563.5,3552.25,3522.25,301.57777777777767,351.57777777777767
6,121,3572.875,326.57777777777767,34.20037735849058,53,0,3563.5,3593.5,3582.25,3552.25,301.57777777777767,351.57777777777767
6,122,3602.875,326.57777777777767,38.687966101694926,59,0,3593.5,3623.5,3612.25,3582.25,301.57777777777767,351.57777777777767
6,123,3632.875,326.57777777777767,40.92633333333333,30,0,3623.5,3653.5,3642.25,3612.25,301.57777777777767,351.57777777777767
6,124,3662.875,326.57777777777767,43.50666666666667,3,0,3653.5,3683.5,3672.25,3642.25,301.57777777777767,351.57777777777767
6,125,3692.875,326.57777777777767,,0,0,3683.5,3713.5,3702.25,3672.25,301.57777777777767,351.57777777777767
6,126,3722.875,326.57777777777767,,0,0,3713.5,3743.5,3732.25,3702.25,301.57777777777767,351.57777777777767
6,127,3752.875,326.57777777777767,,0,0,3743.5,3773.5,3762.25,3732.25,301.57777777777767,351.57777777777767
6,128,3782.875,326.57777777777767,,0,0,3773.5,3803.5,3792.25,3762.25,301.57777777777767,351.57777777777767
6,129,3812.875,326.57777777777767,,0,0,3803.5,3833.5,3822.25,3792.25,301.57777777777767,351.57777777777767
6,130,3842.875,326.57777777777767,,0,0,3833.5,3863.5,3852.25,3822.25,301.57777777777767,351.57777777777767
6,131,3872.875,326.57777777777767,,0,0,3863.5,3893.5,3882.25,3852.25,301.57777777777767,351.57777777777767
7,2,-8.375,376.57777777777767,61.73571428571428,7,0,-17.75,12.25,1.0,-29.0,351.57777777777767,401.57777777777767
7,3,21.625,376.57777777777767,59.19874999999999,32,0,12.25,42.25,31.0,1.0,351.57777777777767,401.57777777777767
7,4,51.625,376.57777777777767,74.88636363636364,11,0,42.25,72.25,61.0,31.0,351.57777777777767,401.57777777777767
7,5,81.625,376.57777777777767,69.538125,16,0,72.25,102.25,91.0,61.0,351.57777777777767,401.57777777777767
7,6,111.625,376.57777777777767,72.0411111111111,18,0,102.25,132.25,121.0,91.0,351.57777777777767,401.57777777777767
7,7,141.625,376.57777777777767,60.592857142857156,35,0,132.25,162.25,151.0,121.0,351.57777777777767,401.57777777777767
7,8,171.625,376.57777777777767,66.17166666666667,24,0,162.25,192.25,181.0,151.0,351.57777777777767,401.57777777777767
7,9,201.625,376.57777777777767,62.378275862068975,29,0,192.25,222.25,211.0,181.0,351.57777777777767,401.57777777777767
7,10,231.625,376.57777777777767,74.63870748299321,21,0,222.25,252.25,241.0,211.0,351.57777777777767,401.57777777777767
7,11,261.625,376.57777777777767,73.974375,16,0,252.25,282.25,271.0,241.0,351.57777777777767,401.57777777777767
7,12,291.625,376.57777777777767,75.5625,8,0,282.25,312.25,301.0,271.0,351.57777777777767,401.57777777777767
7,13,321.625,376.57777777777767,70.6083193277311,17,0,312.25,342.25,331.0,301.0,351.57777777777767,401.57777777777767
7,14,351.625,376.57777777777767,66.17171428571429,35,0,342.25,372.25,361.0,331.0,351.57777777777767,401.57777777777767
7,15,381.625,376.57777777777767,73.86812499999998,16,0,372.25,402.25,391.0,361.0,351.57777777777767,401.57777777777767
7,16,411.625,376.57777777777767,60.794814814814806,27,0,402.25,432.25,421.0,391.0,351.57777777777767,401.57777777777767
7,17,441.625,376.57777777777767,60.096250000000005,32,0,432.25,462.25,451.0,421.0,351.57777777777767,401.57777777777767
7,18,471.625,376.57777777777767,57.98024999999999,40,0,462.25,492.25,481.0,451.0,351.57777777777767,401.57777777777767
7,19,501.625,376.57777777777767,58.293684210526315,38,0,492.25,522.25,511.0,481.0,351.57777777777767,401.57777777777767
7,20,531.625,376.57777777777767,70.84789473684211,19,0,522.25,552.25,541.0,511.0,351.57777777777767,401.57777777777767
7,21,561.625,376.57777777777767,67.39018433179724,31,0,552.25,582.25,571.0,541.0,351.57777777777767,401.57777777777767
7,22,591.625,376.57777777777767,70.42631578947368,19,0,582.25,612.25,601.0,571.0,351.57777777777767,401.57777777777767
7,23,621.625,376.57777777777767,66.93055555555554,18,0,612.25,642.25,631.0,601.0,351.57777777777767,401.57777777777767
7,24,651.625,376.57777777777767,68.52423076923077,26,0,642.25,672.25,661.0,631.0,351.57777777777767,401.57777777777767
7,25,681.625,376.57777777777767,66.17190476190477,21,0,672.25,702.25,691.0,661.0,351.57777777777767,401.57777777777767
7,26,711.625,376.57777777777767,63.10333333333333,33,0,702.25,732.25,721.0,691.0,351.57777777777767,401.57777777777767
7,27,741.625,376.57777777777767,64.0425806451613,31,0,732.25,762.25,751.0,721.0,351.57777777777767,401.57777777777767
7,28,771.625,376.57777777777767,63.88818181818181,22,0,762.25,792.25,781.0,751.0,351.57777777777767,401.57777777777767
7,29,801.625,376.57777777777767,64.37166666666666,30,0,792.25,822.25,811.0,781.0,351.57777777777767,401.57777777777767
7,30,831.625,376.57777777777767,62.53676470588233,34,0,822.25,852.25,841.0,811.0,351.57777777777767,401.57777777777767
7,31,861.625,376.57777777777767,71.69857142857143,7,0,852.25,882.25,871.0,841.0,351.57777777777767,401.57777777777767
7,32,891.625,376.57777777777767,62.49565217391305,23,0,882.25,912.25,901.0,871.0,351.57777777777767,401.57777777777767
7,33,921.625,376.57777777777767,54.3125806451613,31,0,912.25,942.25,931.0,901.0,351.57777777777767,401.57777777777767
7,34,951.625,376.57777777777767,55.18595744680851,47,0,942.25,972.25,961.0,931.0,351.57777777777767,401.57777777777767
7,35,981.625,376.57777777777767,51.10674418604651,43,0,972.25,1002.25,991.0,961.0,351.57777777777767,401.57777777777767
7,36,1011.625,376.57777777777767,49.978809523809524,42,0,1002.25,1032.25,1021.0,991.0,351.57777777777767,401.57777777777767
7,37,1041.625,376.57777777777767,52.591904761904765,42,0,1032.25,1062.25,1051.0,1021.0,351.57777777777767,401.57777777777767
7,38,1071.625,376.57777777777767,52.516578947368416,38,0,1062.25,1092.25,1081.0,1051.0,351.57777777777767,401.57777777777767
7,39,1101.625,376.57777777777767,49.57380952380953,42,0,1092.25,1122.25,1111.0,1081.0,351.57777777777767,401.57777777777767
7,40,1131.625,376.57777777777767,52.75564102564102,39,0,1122.25,1152.25,1141.0,1111.0,351.57777777777767,401.57777777777767
7,41,1161.625,376.57777777777767,58.57772727272727,22,0,1152.25,1182.25,1171.0,1141.0,351.57777777777767,401.57777777777767
7,42,1191.625,376.57777777777767,57.87692307692308,26,0,1182.25,1212.25,1201.0,1171.0,351.57777777777767,401.57777777777767
7,43,1221.625,376.57777777777767,58.72235294117647,34,0,1212.25,1242.25,1231.0,1201.0,351.57777777777767,401.57777777777767
7,44,1251.625,376.57777777777767,59.253846153846155,39,0,1242.25,1272.25,1261.0,1231.0,351.57777777777767,401.57777777777767
7,45,1281.625,376.57777777777767,59.95666666666667,21,0,1272.25,1302.25,1291.0,1261.0,351.57777777777767,401.57777777777767
7,46,1311.625,376.57777777777767,60.575806451612905,31,0,1302.25,1332.25,1321.0,1291.0,351.57777777777767,401.57777777777767
7,47,1341.625,376.57777777777767,64.19800000000001,10,0,1332.25,1362.25,1351.0,1321.0,351.57777777777767,401.57777777777767
7,48,1371.625,376.57777777777767,57.45156250000001,32,0,1362.25,1392.25,1381.0,1351.0,351.57777777777767,401.57777777777767
7,49,1401.625,376.57777777777767,58.5175,40,0,1392.25,1422.25,1411.0,1381.0,351.57777777777767,401.57777777777767
7,50,1431.625,376.57777777777767,59.41114285714286,35,0,1422.25,1452.25,1441.0,1411.0,351.57777777777767,401.57777777777767
7,51,1461.625,376.57777777777767,62.06933333333334,30,0,1452.25,1482.25,1471.0,1441.0,351.57777777777767,401.57777777777767
7,52,1491.625,376.57777777777767,58.21516129032259,31,0,1482.25,1512.25,1501.0,1471.0,351.57777777777767,401.57777777777767
7,53,1521.625,376.57777777777767,51.86904761904762,42,0,1512.25,1542.25,1531.0,1501.0,351.57777777777767,401.57777777777767
7,54,1551.625,376.57777777777767,46.3974358974359,39,0,1542.25,1572.25,1561.0,1531.0,351.57777777777767,401.57777777777767
7,55,1581.625,376.57777777777767,42.33142857142857,49,0,1572.25,1602.25,1591.0,1561.0,351.57777777777767,401.57777777777767
7,56,1611.625,376.57777777777767,44.72560975609757,41,0,1602.25,1632.25,1621.0,1591.0,351.57777777777767,401.57777777777767
7,57,1641.625,376.57777777777767,46.118974358974356,39,0,1632.25,1662.25,1651.0,1621.0,351.57777777777767,401.57777777777767
7,58,1671.625,376.57777777777767,45.27177777777777,45,0,1662.25,1692.25,1681.0,1651.0,351.57777777777767,401.57777777777767
7,59,1701.625,376.57777777777767,43.39704545454546,44,0,1692.25,1722.25,1711.0,1681.0,351.57777777777767,401.57777777777767
7,60,1731.625,376.57777777777767,44.551063829787225,47,0,1722.25,1752.25,1741.0,1711.0,351.57777777777767,401.57777777777767
7,61,1761.625,376.57777777777767,38.714,55,0,1752.25,1782.25,1771.0,1741.0,351.57777777777767,401.57777777777767
7,62,1791.625,376.57777777777767,35.79468085106383,47,0,1782.25,1812.25,1801.0,1771.0,351.57777777777767,401.57777777777767
7,63,1821.625,376.57777777777767,39.182083333333324,48,0,1812.25,1842.25,1831.0,1801.0,351.57777777777767,401.57777777777767
7,64,1851.625,376.57777777777767,36.01272727272727,55,0,1842.25,1872.25,1861.0,1831.0,351.57777777777767,401.57777777777767
7,65,1881.625,376.57777777777767,30.16434782608696,69,0,1872.25,1902.25,1891.0,1861.0,351.57777777777767,401.57777777777767
7,66,1911.625,376.57777777777767,35.2942857142857,49,0,1902.25,1932.25,1921.0,1891.0,351.57777777777767,401.57777777777767
7,67,1941.625,376.57777777777767,39.17205128205129,39,0,1932.25,1962.25,1951.0,1921.0,351.57777777777767,401.57777777777767
7,68,1971.625,376.57777777777767,38.43374999999999,48,0,1962.25,1992.25,1981.0,1951.0,351.57777777777767,401.57777777777767
7,69,2001.625,376.57777777777767,37.196363636363635,44,0,1992.25,2022.25,2011.0,1981.0,351.57777777777767,401.57777777777767
7,70,2031.625,376.57777777777767,43.520500000000006,40,0,2022.25,2052.25,2041.0,2011.0,351.57777777777767,401.57777777777767
7,71,2061.625,376.57777777777767,46.25288888888889,45,0,2052.25,2082.25,2071.0,2041.0,351.57777777777767,401.57777777777767
7,72,2091.625,376.57777777777767,42.460434782608694,46,0,2082.25,2112.25,2101.0,2071.0,351.57777777777767,401.57777777777767
7,73,2121.625,376.57777777777767,39.78630434782608,46,0,2112.25,2142.25,2131.0,2101.0,351.57777777777767,401.57777777777767
7,74,2151.625,376.57777777777767,37.57056603773585,53,0,2142.25,2172.25,2161.0,2131.0,351.57777777777767,401.57777777777767
7,75,2181.625,376.57777777777767,38.652352941176474,51,0,2172.25,2202.25,2191.0,2161.0,351.57777777777767,401.57777777777767
7,76,2211.625,376.57777777777767,34.938490566037736,53,0,2202.25,2232.25,2221.0,2191.0,351.57777777777767,401.57777777777767
7,77,2241.625,376.57777777777767,28.47367647058823,68,0,2232.25,2262.25,2251.0,2221.0,351.57777777777767,401.57777777777767
7,78,2271.625,376.57777777777767,28.869032258064518,62,0,2262.25,2292.25,2281.0,2251.0,351.57777777777767,401.57777777777767
7,79,2301.625,376.57777777777767,31.184113475177302,47,0,2292.25,2322.25,2311.0,2281.0,351.57777777777767,401.57777777777767
7,80,2331.625,376.57777777777767,37.7430612244898,49,0,2322.25,2352.25,2341.0,2311.0,351.57777777777767,401.57777777777767
7,81,2361.625,376.57777777777767,42.575744680851074,47,0,2352.25,2382.25,2371.0,2341.0,351.57777777777767,401.57777777777767
7,82,2391.625,376.57777777777767,44.12955555555556,45,0,2382.25,2412.25,2401.0,2371.0,351.57777777777767,401.57777777777767
7,83,2421.625,376.57777777777767,43.745555555555555,36,0,2412.25,2442.25,2431.0,2401.0,351.57777777777767,401.57777777777767
7,84,2451.625,376.57777777777767,40.82666666666666,39,0,2442.25,2472.25,2461.0,2431.0,351.57777777777767,401.57777777777767
7,85,2481.625,376.57777777777767,38.55807692307691,52,0,2472.25,2502.25,2491.0,2461.0,351.57777777777767,401.57777777777767
7,86,2511.625,376.57777777777767,41.99571428571429,56,0,2502.25,2532.25,2521.0,2491.0,351.57777777777767,401.57777777777767
7,87,2541.625,376.57777777777767,49.56297872340426,47,0,2532.25,2562.25,2551.0,2521.0,351.57777777777767,401.57777777777767
7,88,2571.625,376.57777777777767,47.34441860465117,43,0,2562.25,2592.25,2581.0,2551.0,351.57777777777767,401.57777777777767
7,89,2601.625,376.57777777777767,50.2234375,32,0,2592.25,2622.25,2611.0,2581.0,351.57777777777767,401.57777777777767
7,90,2631.625,376.57777777777767,43.689344262295066,61,0,2622.25,2652.25,2641.0,2611.0,351.57777777777767,401.57777777777767
7,91,2661.625,376.57777777777767,39.40787234042553,47,0,2652.25,2682.25,2671.0,2641.0,351.57777777777767,401.57777777777767
7,92,2691.625,376.57777777777767,30.499591836734695,49,0,2682.25,2712.25,2701.0,2671.0,351.57777777777767,401.57777777777767
7,93,2721.625,376.57777777777767,39.91071428571428,56,0,2712.25,2742.25,2731.0,2701.0,351.57777777777767,401.57777777777767
7,94,2751.625,376.57777777777767,43.08436363636364,55,0,2742.25,2772.25,2761.0,2731.0,351.57777777777767,401.57777777777767
7,95,2781.625,376.57777777777767,44.39092592592593,54,0,2772.25,2802.25,2791.0,2761.0,351.57777777777767,401.57777777777767
7,96,2811.625,376.57777777777767,39.86607843137255,51,0,2802.25,2832.25,2821.0,2791.0,351.57777777777767,401.57777777777767
7,97,2841.625,376.57777777777767,35.99630434782608,46,0,2832.25,2862.25,2851.0,2821.0,351.57777777777767,401.57777777777767
7,98,2871.625,376.57777777777767,38.18510638297872,47,0,2862.25,2892.25,2881.0,2851.0,351.57777777777767,401.57777777777767
7,99,2901.625,376.57777777777767,41.90975609756097,41,0,2892.25,2922.25,2911.0,2881.0,351.57777777777767,401.57777777777767
7,100,2931.625,376.57777777777767,39.581482479784356,53,0,2922.25,2952.25,2941.0,2911.0,351.57777777777767,401.57777777777767
7,101,2961.625,376.57777777777767,38.24673913043478,46,0,2952.25,2982.25,2971.0,2941.0,351.57777777777767,401.57777777777767
7,102,2991.625,376.57777777777767,42.62854545454547,55,0,2982.25,3012.25,3001.0,2971.0,351.57777777777767,401.57777777777767
7,103,3021.625,376.57777777777767,44.917234042553204,47,0,3012.25,3042.25,3031.0,3001.0,351.57777777777767,401.57777777777767
7,104,3051.625,376.57777777777767,42.81743589743591,39,0,3042.25,3072.25,3061.0,3031.0,351.57777777777767,401.57777777777767
7,105,3081.625,376.57777777777767,38.059378019323674,46,0,3072.25,3102.25,3091.0,3061.0,351.57777777777767,401.57777777777767
7,106,3111.625,376.57777777777767,37.73041666666667,48,0,3102.25,3132.25,3121.0,3091.0,351.57777777777767,401.57777777777767
7,107,3141.625,376.57777777777767,35.83824561403509,57,0,3132.25,3162.25,3151.0,3121.0,351.57777777777767,401.57777777777767
7,108,3171.625,376.57777777777767,37.48616666666666,60,0,3162.25,3192.25,3181.0,3151.0,351.57777777777767,401.57777777777767
7,109,3201.625,376.57777777777767,43.98527777777778,36,0,3192.25,3222.25,3211.0,3181.0,351.57777777777767,401.57777777777767
7,110,3231.625,376.57777777777767,41.79619999999999,50,0,3222.25,3252.25,3241.0,3211.0,351.57777777777767,401.57777777777767
7,111,3261.625,376.57777777777767,44.42448979591837,49,0,3252.25,3282.25,3271.0,3241.0,351.57777777777767,401.57777777777767
7,112,3291.625,376.57777777777767,37.37713131313132,55,0,3282.25,3312.25,3301.0,3271.0,351.57777777777767,401.57777777777767
7,113,3321.625,376.57777777777767,39.41005681818181,44,0,3312.25,3342.25,3331.0,3301.0,351.57777777777767,401.57777777777767
7,114,3351.625,376.57777777777767,38.304074074074066,54,0,3342.25,3372.25,3361.0,3331.0,351.57777777777767,401.57777777777767
7,115,3381.625,376.57777777777767,30.833653846153855,52,0,3372.25,3402.25,3391.0,3361.0,351.57777777777767,401.57777777777767
7,116,3411.625,376.57777777777767,36.733396226415095,53,0,3402.25,3432.25,3421.0,3391.0,351.57777777777767,401.57777777777767
7,117,3441.625,376.57777777777767,35.91423076923077,52,0,3432.25,3462.25,3451.0,3421.0,351.57777777777767,401.57777777777767
7,118,3471.625,376.57777777777767,36.17460000000002,50,0,3462.25,3492.25,3481.0,3451.0,351.57777777777767,401.57777777777767
7,119,3501.625,376.57777777777767,35.1555172413793,58,0,3492.25,3522.25,3511.0,3481.0,351.57777777777767,401.57777777777767
7,120,3531.625,376.57777777777767,33.320938166311315,67,0,3522.25,3552.25,3541.0,3511.0,351.57777777777767,401.57777777777767
7,121,3561.625,376.57777777777767,36.8943137254902,51,0,3552.25,3582.25,3571.0,3541.0,351.57777777777767,401.57777777777767
7,122,3591.625,376.57777777777767,41.9367857142857,56,0,3582.25,3612.25,3601.0,3571.0,351.57777777777767,401.57777777777767
7,123,3621.625,376.57777777777767,43.948048780487795,41,0,3612.25,3642.25,3631.0,3601.0,351.57777777777767,401.57777777777767
7,124,3651.625,376.57777777777767,42.796818181818175,22,0,3642.25,3672.25,3661.0,3631.0,351.57777777777767,401.57777777777767
7,125,3681.625,376.57777777777767,,0,0,3672.25,3702.25,3691.0,3661.0,351.57777777777767,401.57777777777767
7,126,3711.625,376.57777777777767,,0,0,3702.25,3732.25,3721.0,3691.0,351.57777777777767,401.57777777777767
7,127,3741.625,376.57777777777767,,0,0,3732.25,3762.25,3751.0,3721.0,351.57777777777767,401.57777777777767
7,128,3771.625,376.57777777777767,,0,0,3762.25,3792.25,3781.0,3751.0,351.57777777777767,401.57777777777767
7,129,3801.625,376.57777777777767,,0,0,3792.25,3822.25,3811.0,3781.0,351.57777777777767,401.57777777777767
7,130,3831.625,376.57777777777767,,0,0,3822.25,3852.25,3841.0,3811.0,351.57777777777767,401.57777777777767
7,131,3861.625,376.57777777777767,,0,0,3852.25,3882.25,3871.0,3841.0,351.57777777777767,401.57777777777767
7,132,3891.625,376.57777777777767,,0,0,3882.25,3912.25,3901.0,3871.0,351.57777777777767,401.57777777777767
8,3,10.375,426.57777777777767,57.105937499999996,32,0,1.0,31.0,19.75,-10.25,401.57777777777767,451.57777777777767
8,4,40.375,426.57777777777767,62.950625,16,0,31.0,61.0,49.75,19.75,401.57777777777767,451.57777777777767
8,5,70.375,426.57777777777767,70.66428571428571,14,0,61.0,91.0,79.75,49.75,401.57777777777767,451.57777777777767
8,6,100.375,426.57777777777767,65.650625,16,0,91.0,121.0,109.75,79.75,401.57777777777767,451.57777777777767
8,7,130.375,426.57777777777767,60.787931034482774,29,0,121.0,151.0,139.75,109.75,401.57777777777767,451.57777777777767
8,8,160.375,426.57777777777767,65.3236,25,0,151.0,181.0,169.75,139.75,401.57777777777767,451.57777777777767
8,9,190.375,426.57777777777767,63.00285714285714,35,0,181.0,211.0,199.75,169.75,401.57777777777767,451.57777777777767
8,10,220.375,426.57777777777767,69.70421052631579,19,0,211.0,241.0,229.75,199.75,401.57777777777767,451.57777777777767
8,11,250.375,426.57777777777767,68.89222222222222,18,0,241.0,271.0,259.75,229.75,401.57777777777767,451.57777777777767
8,12,280.375,426.57777777777767,71.15666666666668,15,0,271.0,301.0,289.75,259.75,401.57777777777767,451.57777777777767
8,13,310.375,426.57777777777767,70.8275,16,0,301.0,331.0,319.75,289.75,401.57777777777767,451.57777777777767
8,14,340.375,426.57777777777767,63.49272727272727,22,0,331.0,361.0,349.75,319.75,401.57777777777767,451.57777777777767
8,15,370.375,426.57777777777767,65.54875,24,0,361.0,391.0,379.75,349.75,401.57777777777767,451.57777777777767
8,16,400.375,426.57777777777767,64.29178571428572,28,0,391.0,421.0,409.75,379.75,401.57777777777767,451.57777777777767
8,17,430.375,426.57777777777767,58.06357142857144,28,0,421.0,451.0,439.75,409.75,401.57777777777767,451.57777777777767
8,18,460.375,426.57777777777767,57.99848484848485,33,0,451.0,481.0,469.75,439.75,401.57777777777767,451.57777777777767
8,19,490.375,426.57777777777767,54.79999999999999,41,0,481.0,511.0,499.75,469.75,401.57777777777767,451.57777777777767
8,20,520.375,426.57777777777767,60.66484848484848,33,0,511.0,541.0,529.75,499.75,401.57777777777767,451.57777777777767
8,21,550.375,426.57777777777767,74.52619047619048,21,0,541.0,571.0,559.75,529.75,401.57777777777767,451.57777777777767
8,22,580.375,426.57777777777767,64.069,30,0,571.0,601.0,589.75,559.75,401.57777777777767,451.57777777777767
8,23,610.375,426.57777777777767,67.75782608695654,23,0,601.0,631.0,619.75,589.75,401.57777777777767,451.57777777777767
8,24,640.375,426.57777777777767,64.11074074074074,27,0,631.0,661.0,649.75,619.75,401.57777777777767,451.57777777777767
8,25,670.375,426.57777777777767,67.72,20,0,661.0,691.0,679.75,649.75,401.57777777777767,451.57777777777767
8,26,700.375,426.57777777777767,60.843124999999986,32,0,691.0,721.0,709.75,679.75,401.57777777777767,451.57777777777767
8,27,730.375,426.57777777777767,63.88379310344829,29,0,721.0,751.0,739.75,709.75,401.57777777777767,451.57777777777767
8,28,760.375,426.57777777777767,62.89919999999999,25,0,751.0,781.0,769.75,739.75,401.57777777777767,451.57777777777767
8,29,790.375,426.57777777777767,60.356,35,0,781.0,811.0,799.75,769.75,401.57777777777767,451.57777777777767
8,30,820.375,426.57777777777767,61.091612903225794,31,0,811.0,841.0,829.75,799.75,401.57777777777767,451.57777777777767
8,31,850.375,426.57777777777767,65.14272727272727,22,0,841.0,871.0,859.75,829.75,401.57777777777767,451.57777777777767
8,32,880.375,426.57777777777767,68.77755102040818,14,0,871.0,901.0,889.75,859.75,401.57777777777767,451.57777777777767
8,33,910.375,426.57777777777767,56.34233333333332,30,0,901.0,931.0,919.75,889.75,401.57777777777767,451.57777777777767
8,34,940.375,426.57777777777767,52.12380952380953,42,0,931.0,961.0,949.75,919.75,401.57777777777767,451.57777777777767
8,35,970.375,426.57777777777767,53.79891304347825,46,0,961.0,991.0,979.75,949.75,401.57777777777767,451.57777777777767
8,36,1000.375,426.57777777777767,48.199148936170225,47,0,991.0,1021.0,1009.75,979.75,401.57777777777767,451.57777777777767
8,37,1030.375,426.57777777777767,51.2773469387755,49,0,1021.0,1051.0,1039.75,1009.75,401.57777777777767,451.57777777777767
8,38,1060.375,426.57777777777767,51.78717948717948,39,0,1051.0,1081.0,1069.75,1039.75,401.57777777777767,451.57777777777767
8,39,1090.375,426.57777777777767,50.77606060606058,33,0,1081.0,1111.0,1099.75,1069.75,401.57777777777767,451.57777777777767
8,40,1120.375,426.57777777777767,51.410731707317076,41,0,1111.0,1141.0,1129.75,1099.75,401.57777777777767,451.57777777777767
8,41,1150.375,426.57777777777767,54.2636842105263,38,0,1141.0,1171.0,1159.75,1129.75,401.57777777777767,451.57777777777767
8,42,1180.375,426.57777777777767,59.65809523809524,21,0,1171.0,1201.0,1189.75,1159.75,401.57777777777767,451.57777777777767
8,43,1210.375,426.57777777777767,57.723636363636366,33,0,1201.0,1231.0,1219.75,1189.75,401.57777777777767,451.57777777777767
8,44,1240.375,426.57777777777767,56.025641025641015,39,0,1231.0,1261.0,1249.75,1219.75,401.57777777777767,451.57777777777767
8,45,1270.375,426.57777777777767,57.743142857142864,35,0,1261.0,1291.0,1279.75,1249.75,401.57777777777767,451.57777777777767
8,46,1300.375,426.57777777777767,57.078518518518514,27,0,1291.0,1321.0,1309.75,1279.75,401.57777777777767,451.57777777777767
8,47,1330.375,426.57777777777767,61.18894736842106,19,0,1321.0,1351.0,1339.75,1309.75,401.57777777777767,451.57777777777767
8,48,1360.375,426.57777777777767,54.41789473684209,19,0,1351.0,1381.0,1369.75,1339.75,401.57777777777767,451.57777777777767
8,49,1390.375,426.57777777777767,56.87954545454547,44,0,1381.0,1411.0,1399.75,1369.75,401.57777777777767,451.57777777777767
8,50,1420.375,426.57777777777767,55.93560975609756,41,0,1411.0,1441.0,1429.75,1399.75,401.57777777777767,451.57777777777767
8,51,1450.375,426.57777777777767,61.374913793103445,29,0,1441.0,1471.0,1459.75,1429.75,401.57777777777767,451.57777777777767
8,52,1480.375,426.57777777777767,54.386511627906984,43,0,1471.0,1501.0,1489.75,1459.75,401.57777777777767,451.57777777777767
8,53,1510.375,426.57777777777767,53.917037037037026,27,0,1501.0,1531.0,1519.75,1489.75,401.57777777777767,451.57777777777767
8,54,1540.375,426.57777777777767,45.127906976744185,43,0,1531.0,1561.0,1549.75,1519.75,401.57777777777767,451.57777777777767
8,55,1570.375,426.57777777777767,43.715,48,0,1561.0,1591.0,1579.75,1549.75,401.57777777777767,451.57777777777767
8,56,1600.375,426.57777777777767,45.317551020408175,49,0,1591.0,1621.0,1609.75,1579.75,401.57777777777767,451.57777777777767
8,57,1630.375,426.57777777777767,48.32783783783783,37,0,1621.0,1651.0,1639.75,1609.75,401.57777777777767,451.57777777777767
8,58,1660.375,426.57777777777767,45.970263157894735,38,0,1651.0,1681.0,1669.75,1639.75,401.57777777777767,451.57777777777767
8,59,1690.375,426.57777777777767,42.63351851851852,54,0,1681.0,1711.0,1699.75,1669.75,401.57777777777767,451.57777777777767
8,60,1720.375,426.57777777777767,43.3423076923077,52,0,1711.0,1741.0,1729.75,1699.75,401.57777777777767,451.57777777777767
8,61,1750.375,426.57777777777767,39.81709090909091,55,0,1741.0,1771.0,1759.75,1729.75,401.57777777777767,451.57777777777767
8,62,1780.375,426.57777777777767,34.642413793103444,58,0,1771.0,1801.0,1789.75,1759.75,401.57777777777767,451.57777777777767
8,63,1810.375,426.57777777777767,38.06547619047619,42,0,1801.0,1831.0,1819.75,1789.75,401.57777777777767,451.57777777777767
8,64,1840.375,426.57777777777767,35.89760000000001,50,0,1831.0,1861.0,1849.75,1819.75,401.57777777777767,451.57777777777767
8,65,1870.375,426.57777777777767,32.0533870967742,62,0,1861.0,1891.0,1879.75,1849.75,401.57777777777767,451.57777777777767
8,66,1900.375,426.57777777777767,35.29696428571429,56,0,1891.0,1921.0,1909.75,1879.75,401.57777777777767,451.57777777777767
8,67,1930.375,426.57777777777767,37.483555555555554,45,0,1921.0,1951.0,1939.75,1909.75,401.57777777777767,451.57777777777767
8,68,1960.375,426.57777777777767,38.09555555555554,36,0,1951.0,1981.0,1969.75,1939.75,401.57777777777767,451.57777777777767
8,69,1990.375,426.57777777777767,36.39685185185184,54,0,1981.0,2011.0,1999.75,1969.75,401.57777777777767,451.57777777777767
8,70,2020.375,426.57777777777767,37.79377358490566,53,0,2011.0,2041.0,2029.75,1999.75,401.57777777777767,451.57777777777767
8,71,2050.375,426.57777777777767,43.495000000000005,48,0,2041.0,2071.0,2059.75,2029.75,401.57777777777767,451.57777777777767
8,72,2080.375,426.57777777777767,45.41785714285714,42,0,2071.0,2101.0,2089.75,2059.75,401.57777777777767,451.57777777777767
8,73,2110.375,426.57777777777767,37.64759259259259,54,0,2101.0,2131.0,2119.75,2089.75,401.57777777777767,451.57777777777767
8,74,2140.375,426.57777777777767,38.320000000000014,51,0,2131.0,2161.0,2149.75,2119.75,401.57777777777767,451.57777777777767
8,75,2170.375,426.57777777777767,36.74358490566038,53,0,2161.0,2191.0,2179.75,2149.75,401.57777777777767,451.57777777777767
8,76,2200.375,426.57777777777767,33.9431450094162,59,0,2191.0,2221.0,2209.75,2179.75,401.57777777777767,451.57777777777767
8,77,2230.375,426.57777777777767,27.296666666666667,69,0,2221.0,2251.0,2239.75,2209.75,401.57777777777767,451.57777777777767
8,78,2260.375,426.57777777777767,24.327777777777776,72,0,2251.0,2281.0,2269.75,2239.75,401.57777777777767,451.57777777777767
8,79,2290.375,426.57777777777767,26.040701754385957,57,0,2281.0,2311.0,2299.75,2269.75,401.57777777777767,451.57777777777767
8,80,2320.375,426.57777777777767,32.910588235294114,51,0,2311.0,2341.0,2329.75,2299.75,401.57777777777767,451.57777777777767
8,81,2350.375,426.57777777777767,40.89270833333334,48,0,2341.0,2371.0,2359.75,2329.75,401.57777777777767,451.57777777777767
8,82,2380.375,426.57777777777767,41.742280701754396,57,0,2371.0,2401.0,2389.75,2359.75,401.57777777777767,451.57777777777767
8,83,2410.375,426.57777777777767,42.764772727272714,44,0,2401.0,2431.0,2419.75,2389.75,401.57777777777767,451.57777777777767
8,84,2440.375,426.57777777777767,41.45485714285714,35,0,2431.0,2461.0,2449.75,2419.75,401.57777777777767,451.57777777777767
8,85,2470.375,426.57777777777767,39.01978260869566,46,0,2461.0,2491.0,2479.75,2449.75,401.57777777777767,451.57777777777767
8,86,2500.375,426.57777777777767,38.717777777777776,54,0,2491.0,2521.0,2509.75,2479.75,401.57777777777767,451.57777777777767
8,87,2530.375,426.57777777777767,45.33036363636363,55,0,2521.0,2551.0,2539.75,2509.75,401.57777777777767,451.57777777777767
8,88,2560.375,426.57777777777767,50.759772727272725,44,0,2551.0,2581.0,2569.75,2539.75,401.57777777777767,451.57777777777767
8,89,2590.375,426.57777777777767,51.2265,40,0,2581.0,2611.0,2599.75,2569.75,401.57777777777767,451.57777777777767
8,90,2620.375,426.57777777777767,44.90577777777778,45,0,2611.0,2641.0,2629.75,2599.75,401.57777777777767,451.57777777777767
8,91,2650.375,426.57777777777767,38.11439393939396,66,0,2641.0,2671.0,2659.75,2629.75,401.57777777777767,451.57777777777767
8,92,2680.375,426.57777777777767,26.277796610169492,59,0,2671.0,2701.0,2689.75,2659.75,401.57777777777767,451.57777777777767
8,93,2710.375,426.57777777777767,33.42403508771931,57,0,2701.0,2731.0,2719.75,2689.75,401.57777777777767,451.57777777777767
8,94,2740.375,426.57777777777767,42.657592592592586,54,0,2731.0,2761.0,2749.75,2719.75,401.57777777777767,451.57777777777767
8,95,2770.375,426.57777777777767,44.583999999999996,55,0,2761.0,2791.0,2779.75,2749.75,401.57777777777767,451.57777777777767
8,96,2800.375,426.57777777777767,41.843030303030304,66,0,2791.0,2821.0,2809.75,2779.75,401.57777777777767,451.57777777777767
8,97,2830.375,426.57777777777767,36.722941176470584,51,0,2821.0,2851.0,2839.75,2809.75,401.57777777777767,451.57777777777767
8,98,2860.375,426.57777777777767,37.598372093023265,43,0,2851.0,2881.0,2869.75,2839.75,401.57777777777767,451.57777777777767
8,99,2890.375,426.57777777777767,38.97208333333334,48,0,2881.0,2911.0,2899.75,2869.75,401.57777777777767,451.57777777777767
8,100,2920.375,426.57777777777767,39.98842105263157,57,0,2911.0,2941.0,2929.75,2899.75,401.57777777777767,451.57777777777767
8,101,2950.375,426.57777777777767,34.15250000000001,48,0,2941.0,2971.0,2959.75,2929.75,401.57777777777767,451.57777777777767
8,102,2980.375,426.57777777777767,44.653333333333336,51,0,2971.0,3001.0,2989.75,2959.75,401.57777777777767,451.57777777777767
8,103,3010.375,426.57777777777767,43.920357142857135,56,0,3001.0,3031.0,3019.75,2989.75,401.57777777777767,451.57777777777767
8,104,3040.375,426.57777777777767,44.589318181818186,44,0,3031.0,3061.0,3049.75,3019.75,401.57777777777767,451.57777777777767
8,105,3070.375,426.57777777777767,39.651111111111106,54,0,3061.0,3091.0,3079.75,3049.75,401.57777777777767,451.57777777777767
8,106,3100.375,426.57777777777767,35.96685714285714,35,0,3091.0,3121.0,3109.75,3079.75,401.57777777777767,451.57777777777767
8,107,3130.375,426.57777777777767,34.73955223880597,67,0,3121.0,3151.0,3139.75,3109.75,401.57777777777767,451.57777777777767
8,108,3160.375,426.57777777777767,36.7042105263158,57,0,3151.0,3181.0,3169.75,3139.75,401.57777777777767,451.57777777777767
8,109,3190.375,426.57777777777767,44.09788461538461,52,0,3181.0,3211.0,3199.75,3169.75,401.57777777777767,451.57777777777767
8,110,3220.375,426.57777777777767,41.918863636363625,44,0,3211.0,3241.0,3229.75,3199.75,401.57777777777767,451.57777777777767
8,111,3250.375,426.57777777777767,42.906363636363615,55,0,3241.0,3271.0,3259.75,3229.75,401.57777777777767,451.57777777777767
8,112,3280.375,426.57777777777767,38.23269841269842,63,0,3271.0,3301.0,3289.75,3259.75,401.57777777777767,451.57777777777767
8,113,3310.375,426.57777777777767,37.37629629629629,54,0,3301.0,3331.0,3319.75,3289.75,401.57777777777767,451.57777777777767
8,114,3340.375,426.57777777777767,36.20274193548387,62,0,3331.0,3361.0,3349.75,3319.75,401.57777777777767,451.57777777777767
8,115,3370.375,426.57777777777767,25.841571428571438,70,0,3361.0,3391.0,3379.75,3349.75,401.57777777777767,451.57777777777767
8,116,3400.375,426.57777777777767,31.08217391304348,69,0,3391.0,3421.0,3409.75,3379.75,401.57777777777767,451.57777777777767
8,117,3430.375,426.57777777777767,36.75241379310344,58,0,3421.0,3451.0,3439.75,3409.75,401.57777777777767,451.57777777777767
8,118,3460.375,426.57777777777767,34.62944444444444,54,0,3451.0,3481.0,3469.75,3439.75,401.57777777777767,451.57777777777767
8,119,3490.375,426.57777777777767,35.62779999999999,50,0,3481.0,3511.0,3499.75,3469.75,401.57777777777767,451.57777777777767
8,120,3520.375,426.57777777777767,32.16892857142858,84,0,3511.0,3541.0,3529.75,3499.75,401.57777777777767,451.57777777777767
8,121,3550.375,426.57777777777767,36.1072131147541,61,0,3541.0,3571.0,3559.75,3529.75,401.57777777777767,451.57777777777767
8,122,3580.375,426.57777777777767,41.74408163265306,49,0,3571.0,3601.0,3589.75,3559.75,401.57777777777767,451.57777777777767
8,123,3610.375,426.57777777777767,43.75189655172414,58,0,3601.0,3631.0,3619.75,3589.75,401.57777777777767,451.57777777777767
8,124,3640.375,426.57777777777767,41.19714285714284,35,0,3631.0,3661.0,3649.75,3619.75,401.57777777777767,451.57777777777767
8,125,3670.375,426.57777777777767,40.93333333333334,3,0,3661.0,3691.0,3679.75,3649.75,401.57777777777767,451.57777777777767
8,126,3700.375,426.57777777777767,,0,0,3691.0,3721.0,3709.75,3679.75,401.57777777777767,451.57777777777767
8,127,3730.375,426.57777777777767,,0,0,3721.0,3751.0,3739.75,3709.75,401.57777777777767,451.57777777777767
8,128,3760.375,426.57777777777767,,0,0,3751.0,3781.0,3769.75,3739.75,401.57777777777767,451.57777777777767
8,129,3790.375,426.57777777777767,,0,0,3781.0,3811.0,3799.75,3769.75,401.57777777777767,451.57777777777767
8,130,3820.375,426.57777777777767,,0,0,3811.0,3841.0,3829.75,3799.75,401.57777777777767,451.57777777777767
8,131,3850.375,426.57777777777767,,0,0,3841.0,3871.0,3859.75,3829.75,401.57777777777767,451.57777777777767
8,132,3880.375,426.57777777777767,,0,0,3871.0,3901.0,3889.75,3859.75,401.57777777777767,451.57777777777767
9,3,-0.875,476.57777777777767,60.60166666666666,12,0,-10.25,19.75,8.5,-21.5,451.57777777777767,501.57777777777767
9,4,29.125,476.57777777777767,58.90911764705883,34,0,19.75,49.75,38.5,8.5,451.57777777777767,501.57777777777767
9,5,59.125,476.57777777777767,69.03583333333331,12,0,49.75,79.75,68.5,38.5,451.57777777777767,501.57777777777767
9,6,89.125,476.57777777777767,66.80222222222223,18,0,79.75,109.75,98.5,68.5,451.57777777777767,501.57777777777767
9,7,119.125,476.57777777777767,67.45588235294117,17,0,109.75,139.75,128.5,98.5,451.57777777777767,501.57777777777767
9,8,149.125,476.57777777777767,60.97454545454544,33,0,139.75,169.75,158.5,128.5,451.57777777777767,501.57777777777767
9,9,179.125,476.57777777777767,66.14230769230768,26,0,169.75,199.75,188.5,158.5,451.57777777777767,501.57777777777767
9,10,209.125,476.57777777777767,66.31,31,0,199.75,229.75,218.5,188.5,451.57777777777767,501.57777777777767
9,11,239.125,476.57777777777767,70.70052631578947,19,0,229.75,259.75,248.5,218.5,451.57777777777767,501.57777777777767
9,12,269.125,476.57777777777767,72.00411764705885,17,0,259.75,289.75,278.5,248.5,451.57777777777767,501.57777777777767
9,13,299.125,476.57777777777767,71.94099999999999,10,0,289.75,319.75,308.5,278.5,451.57777777777767,501.57777777777767
9,14,329.125,476.57777777777767,66.91444444444446,18,0,319.75,349.75,338.5,308.5,451.57777777777767,501.57777777777767
9,15,359.125,476.57777777777767,65.73483870967743,31,0,349.75,379.75,368.5,338.5,451.57777777777767,501.57777777777767
9,16,389.125,476.57777777777767,69.48684210526316,19,0,379.75,409.75,398.5,368.5,451.57777777777767,501.57777777777767
9,17,419.125,476.57777777777767,60.935714285714276,21,0,409.75,439.75,428.5,398.5,451.57777777777767,501.57777777777767
9,18,449.125,476.57777777777767,60.63857142857144,35,0,439.75,469.75,458.5,428.5,451.57777777777767,501.57777777777767
9,19,479.125,476.57777777777767,59.2385294117647,34,0,469.75,499.75,488.5,458.5,451.57777777777767,501.57777777777767
9,20,509.125,476.57777777777767,58.60027027027027,37,0,499.75,529.75,518.5,488.5,451.57777777777767,501.57777777777767
9,21,539.125,476.57777777777767,72.38571428571429,21,0,529.75,559.75,548.5,518.5,451.57777777777767,501.57777777777767
9,22,569.125,476.57777777777767,67.08928571428571,28,0,559.75,589.75,578.5,548.5,451.57777777777767,501.57777777777767
9,23,599.125,476.57777777777767,69.88727272727273,22,0,589.75,619.75,608.5,578.5,451.57777777777767,501.57777777777767
9,24,629.125,476.57777777777767,66.81888888888889,18,0,619.75,649.75,638.5,608.5,451.57777777777767,501.57777777777767
9,25,659.125,476.57777777777767,68.40880000000001,25,0,649.75,679.75,668.5,638.5,451.57777777777767,501.57777777777767
9,26,689.125,476.57777777777767,64.51333333333335,21,0,679.75,709.75,698.5,668.5,451.57777777777767,501.57777777777767
9,27,719.125,476.57777777777767,64.38142857142859,35,0,709.75,739.75,728.5,698.5,451.57777777777767,501.57777777777767
9,28,749.125,476.57777777777767,64.88366666666667,30,0,739.75,769.75,758.5,728.5,451.57777777777767,501.57777777777767
9,29,779.125,476.57777777777767,64.99148148148149,27,0,769.75,799.75,788.5,758.5,451.57777777777767,501.57777777777767
9,30,809.125,476.57777777777767,63.1851724137931,29,0,799.75,829.75,818.5,788.5,451.57777777777767,501.57777777777767
9,31,839.125,476.57777777777767,62.372258064516146,31,0,829.75,859.75,848.5,818.5,451.57777777777767,501.57777777777767
9,32,869.125,476.57777777777767,69.55999999999999,7,0,859.75,889.75,878.5,848.5,451.57777777777767,501.57777777777767
9,33,899.125,476.57777777777767,63.79239999999999,25,0,889.75,919.75,908.5,878.5,451.57777777777767,501.57777777777767
9,34,929.125,476.57777777777767,54.52919047619047,30,0,919.75,949.75,938.5,908.5,451.57777777777767,501.57777777777767
9,35,959.125,476.57777777777767,56.846363636363634,44,0,949.75,979.75,968.5,938.5,451.57777777777767,501.57777777777767
9,36,989.125,476.57777777777767,54.11333333333332,39,0,979.75,1009.75,998.5,968.5,451.57777777777767,501.57777777777767
9,37,1019.125,476.57777777777767,53.62076923076922,39,0,1009.75,1039.75,1028.5,998.5,451.57777777777767,501.57777777777767
9,38,1049.125,476.57777777777767,54.970714285714294,42,0,1039.75,1069.75,1058.5,1028.5,451.57777777777767,501.57777777777767
9,39,1079.125,476.57777777777767,54.685937499999994,32,0,1069.75,1099.75,1088.5,1058.5,451.57777777777767,501.57777777777767
9,40,1109.125,476.57777777777767,54.36051282051283,39,0,1099.75,1129.75,1118.5,1088.5,451.57777777777767,501.57777777777767
9,41,1139.125,476.57777777777767,54.89230769230771,39,0,1129.75,1159.75,1148.5,1118.5,451.57777777777767,501.57777777777767
9,42,1169.125,476.57777777777767,60.14227272727273,22,0,1159.75,1189.75,1178.5,1148.5,451.57777777777767,501.57777777777767
9,43,1199.125,476.57777777777767,58.185999999999986,25,0,1189.75,1219.75,1208.5,1178.5,451.57777777777767,501.57777777777767
9,44,1229.125,476.57777777777767,58.367435897435904,39,0,1219.75,1249.75,1238.5,1208.5,451.57777777777767,501.57777777777767
9,45,1259.125,476.57777777777767,58.84236842105264,38,0,1249.75,1279.75,1268.5,1238.5,451.57777777777767,501.57777777777767
9,46,1289.125,476.57777777777767,59.230500000000006,20,0,1279.75,1309.75,1298.5,1268.5,451.57777777777767,501.57777777777767
9,47,1319.125,476.57777777777767,59.71393939393939,33,0,1309.75,1339.75,1328.5,1298.5,451.57777777777767,501.57777777777767
9,48,1349.125,476.57777777777767,59.27999999999999,14,0,1339.75,1369.75,1358.5,1328.5,451.57777777777767,501.57777777777767
9,49,1379.125,476.57777777777767,57.11575757575758,33,0,1369.75,1399.75,1388.5,1358.5,451.57777777777767,501.57777777777767
9,50,1409.125,476.57777777777767,58.97409090909089,44,0,1399.75,1429.75,1418.5,1388.5,451.57777777777767,501.57777777777767
9,51,1439.125,476.57777777777767,58.471351351351366,37,0,1429.75,1459.75,1448.5,1418.5,451.57777777777767,501.57777777777767
9,52,1469.125,476.57777777777767,55.287428571428585,35,0,1459.75,1489.75,1478.5,1448.5,451.57777777777767,501.57777777777767
9,53,1499.125,476.57777777777767,48.71805555555555,36,0,1489.75,1519.75,1508.5,1478.5,451.57777777777767,501.57777777777767
9,54,1529.125,476.57777777777767,48.899230769230776,39,0,1519.75,1549.75,1538.5,1508.5,451.57777777777767,501.57777777777767
9,55,1559.125,476.57777777777767,43.098749999999995,40,0,1549.75,1579.75,1568.5,1538.5,451.57777777777767,501.57777777777767
9,56,1589.125,476.57777777777767,45.83933333333334,45,0,1579.75,1609.75,1598.5,1568.5,451.57777777777767,501.57777777777767
9,57,1619.125,476.57777777777767,52.16944444444444,36,0,1609.75,1639.75,1628.5,1598.5,451.57777777777767,501.57777777777767
9,58,1649.125,476.57777777777767,48.591388888888886,36,0,1639.75,1669.75,1658.5,1628.5,451.57777777777767,501.57777777777767
9,59,1679.125,476.57777777777767,44.57062500000001,48,0,1669.75,1699.75,1688.5,1658.5,451.57777777777767,501.57777777777767
9,60,1709.125,476.57777777777767,41.1640425531915,47,0,1699.75,1729.75,1718.5,1688.5,451.57777777777767,501.57777777777767
9,61,1739.125,476.57777777777767,42.735294117647065,51,0,1729.75,1759.75,1748.5,1718.5,451.57777777777767,501.57777777777767
9,62,1769.125,476.57777777777767,34.691874999999996,64,0,1759.75,1789.75,1778.5,1748.5,451.57777777777767,501.57777777777767
9,63,1799.125,476.57777777777767,36.69,54,0,1789.75,1819.75,1808.5,1778.5,451.57777777777767,501.57777777777767
9,64,1829.125,476.57777777777767,36.78775510204082,49,0,1819.75,1849.75,1838.5,1808.5,451.57777777777767,501.57777777777767
9,65,1859.125,476.57777777777767,31.359838709677422,62,0,1849.75,1879.75,1868.5,1838.5,451.57777777777767,501.57777777777767
9,66,1889.125,476.57777777777767,38.717592592592595,54,0,1879.75,1909.75,1898.5,1868.5,451.57777777777767,501.57777777777767
9,67,1919.125,476.57777777777767,36.94599999999999,50,0,1909.75,1939.75,1928.5,1898.5,451.57777777777767,501.57777777777767
9,68,1949.125,476.57777777777767,34.997521865889205,49,0,1939.75,1969.75,1958.5,1928.5,451.57777777777767,501.57777777777767
9,69,1979.125,476.57777777777767,36.125744680851064,47,0,1969.75,1999.75,1988.5,1958.5,451.57777777777767,501.57777777777767
9,70,2009.125,476.57777777777767,32.631578947368425,57,0,1999.75,2029.75,2018.5,1988.5,451.57777777777767,501.57777777777767
9,71,2039.125,476.57777777777767,39.05039999999999,50,0,2029.75,2059.75,2048.5,2018.5,451.57777777777767,501.57777777777767
9,72,2069.125,476.57777777777767,44.730566037735855,53,0,2059.75,2089.75,2078.5,2048.5,451.57777777777767,501.57777777777767
9,73,2099.125,476.57777777777767,40.17041666666667,48,0,2089.75,2119.75,2108.5,2078.5,451.57777777777767,501.57777777777767
9,74,2129.125,476.57777777777767,36.84134615384616,52,0,2119.75,2149.75,2138.5,2108.5,451.57777777777767,501.57777777777767
9,75,2159.125,476.57777777777767,39.15673076923077,52,0,2149.75,2179.75,2168.5,2138.5,451.57777777777767,501.57777777777767
9,76,2189.125,476.57777777777767,33.42086206896553,58,0,2179.75,2209.75,2198.5,2168.5,451.57777777777767,501.57777777777767
9,77,2219.125,476.57777777777767,21.548351648351655,91,0,2209.75,2239.75,2228.5,2198.5,451.57777777777767,501.57777777777767
9,78,2249.125,476.57777777777767,20.974404761904758,84,0,2239.75,2269.75,2258.5,2228.5,451.57777777777767,501.57777777777767
9,79,2279.125,476.57777777777767,26.097313432835822,67,0,2269.75,2299.75,2288.5,2258.5,451.57777777777767,501.57777777777767
9,80,2309.125,476.57777777777767,30.42591836734693,49,0,2299.75,2329.75,2318.5,2288.5,451.57777777777767,501.57777777777767
9,81,2339.125,476.57777777777767,40.098627450980395,51,0,2329.75,2359.75,2348.5,2318.5,451.57777777777767,501.57777777777767
9,82,2369.125,476.57777777777767,41.2782,50,0,2359.75,2389.75,2378.5,2348.5,451.57777777777767,501.57777777777767
9,83,2399.125,476.57777777777767,42.943265306122456,49,0,2389.75,2419.75,2408.5,2378.5,451.57777777777767,501.57777777777767
9,84,2429.125,476.57777777777767,40.03227272727274,44,0,2419.75,2449.75,2438.5,2408.5,451.57777777777767,501.57777777777767
9,85,2459.125,476.57777777777767,41.29486486486487,37,0,2449.75,2479.75,2468.5,2438.5,451.57777777777767,501.57777777777767
9,86,2489.125,476.57777777777767,38.977746031746015,45,0,2479.75,2509.75,2498.5,2468.5,451.57777777777767,501.57777777777767
9,87,2519.125,476.57777777777767,40.85349999999999,60,0,2509.75,2539.75,2528.5,2498.5,451.57777777777767,501.57777777777767
9,88,2549.125,476.57777777777767,51.66800000000001,50,0,2539.75,2569.75,2558.5,2528.5,451.57777777777767,501.57777777777767
9,89,2579.125,476.57777777777767,51.40409090909089,44,0,2569.75,2599.75,2588.5,2558.5,451.57777777777767,501.57777777777767
9,90,2609.125,476.57777777777767,51.72333333333332,39,0,2599.75,2629.75,2618.5,2588.5,451.57777777777767,501.57777777777767
9,91,2639.125,476.57777777777767,36.32161764705882,68,0,2629.75,2659.75,2648.5,2618.5,451.57777777777767,501.57777777777767
9,92,2669.125,476.57777777777767,19.38035294117647,85,0,2659.75,2689.75,2678.5,2648.5,451.57777777777767,501.57777777777767
9,93,2699.125,476.57777777777767,22.854714285714287,70,0,2689.75,2719.75,2708.5,2678.5,451.57777777777767,501.57777777777767
9,94,2729.125,476.57777777777767,39.998482142857135,56,0,2719.75,2749.75,2738.5,2708.5,451.57777777777767,501.57777777777767
9,95,2759.125,476.57777777777767,42.69701754385965,57,0,2749.75,2779.75,2768.5,2738.5,451.57777777777767,501.57777777777767
9,96,2789.125,476.57777777777767,41.134032258064515,62,0,2779.75,2809.75,2798.5,2768.5,451.57777777777767,501.57777777777767
9,97,2819.125,476.57777777777767,35.95453125,64,0,2809.75,2839.75,2828.5,2798.5,451.57777777777767,501.57777777777767
9,98,2849.125,476.57777777777767,36.73808510638297,47,0,2839.75,2869.75,2858.5,2828.5,451.57777777777767,501.57777777777767
9,99,2879.125,476.57777777777767,37.51565217391305,46,0,2869.75,2899.75,2888.5,2858.5,451.57777777777767,501.57777777777767
9,100,2909.125,476.57777777777767,39.79811320754717,53,0,2899.75,2929.75,2918.5,2888.5,451.57777777777767,501.57777777777767
9,101,2939.125,476.57777777777767,40.508750000000006,48,0,2929.75,2959.75,2948.5,2918.5,451.57777777777767,501.57777777777767
9,102,2969.125,476.57777777777767,41.66466666666666,45,0,2959.75,2989.75,2978.5,2948.5,451.57777777777767,501.57777777777767
9,103,2999.125,476.57777777777767,48.88045454545454,44,0,2989.75,3019.75,3008.5,2978.5,451.57777777777767,501.57777777777767
9,104,3029.125,476.57777777777767,46.82725490196078,51,0,3019.75,3049.75,3038.5,3008.5,451.57777777777767,501.57777777777767
9,105,3059.125,476.57777777777767,44.62190476190476,42,0,3049.75,3079.75,3068.5,3038.5,451.57777777777767,501.57777777777767
9,106,3089.125,476.57777777777767,39.87489795918368,49,0,3079.75,3109.75,3098.5,3068.5,451.57777777777767,501.57777777777767
9,107,3119.125,476.57777777777767,37.199999999999996,44,0,3109.75,3139.75,3128.5,3098.5,451.57777777777767,501.57777777777767
9,108,3149.125,476.57777777777767,35.15435483870968,62,0,3139.75,3169.75,3158.5,3128.5,451.57777777777767,501.57777777777767
9,109,3179.125,476.57777777777767,43.32962962962964,54,0,3169.75,3199.75,3188.5,3158.5,451.57777777777767,501.57777777777767
9,110,3209.125,476.57777777777767,49.49891891891892,37,0,3199.75,3229.75,3218.5,3188.5,451.57777777777767,501.57777777777767
9,111,3239.125,476.57777777777767,43.477254901960784,51,0,3229.75,3259.75,3248.5,3218.5,451.57777777777767,501.57777777777767
9,112,3269.125,476.57777777777767,41.99586206896551,58,0,3259.75,3289.75,3278.5,3248.5,451.57777777777767,501.57777777777767
9,113,3299.125,476.57777777777767,38.01460317460317,63,0,3289.75,3319.75,3308.5,3278.5,451.57777777777767,501.57777777777767
9,114,3329.125,476.57777777777767,36.716274509803924,51,0,3319.75,3349.75,3338.5,3308.5,451.57777777777767,501.57777777777767
9,115,3359.125,476.57777777777767,17.81239583333334,96,0,3349.75,3379.75,3368.5,3338.5,451.57777777777767,501.57777777777767
9,116,3389.125,476.57777777777767,23.39875,72,0,3379.75,3409.75,3398.5,3368.5,451.57777777777767,501.57777777777767
9,117,3419.125,476.57777777777767,34.317230769230775,65,0,3409.75,3439.75,3428.5,3398.5,451.57777777777767,501.57777777777767
9,118,3449.125,476.57777777777767,32.029999999999994,58,0,3439.75,3469.75,3458.5,3428.5,451.57777777777767,501.57777777777767
9,119,3479.125,476.57777777777767,32.993442622950816,61,0,3469.75,3499.75,3488.5,3458.5,451.57777777777767,501.57777777777767
9,120,3509.125,476.57777777777767,32.41051724137931,58,0,3499.75,3529.75,3518.5,3488.5,451.57777777777767,501.57777777777767
9,121,3539.125,476.57777777777767,34.4367105263158,76,0,3529.75,3559.75,3548.5,3518.5,451.57777777777767,501.57777777777767
9,122,3569.125,476.57777777777767,41.559387755102044,49,0,3559.75,3589.75,3578.5,3548.5,451.57777777777767,501.57777777777767
9,123,3599.125,476.57777777777767,47.62382978723403,47,0,3589.75,3619.75,3608.5,3578.5,451.57777777777767,501.57777777777767
9,124,3629.125,476.57777777777767,43.16372093023255,43,0,3619.75,3649.75,3638.5,3608.5,451.57777777777767,501.57777777777767
9,125,3659.125,476.57777777777767,38.612399999999994,25,0,3649.75,3679.75,3668.5,3638.5,451.57777777777767,501.57777777777767
9,126,3689.125,476.57777777777767,,0,0,3679.75,3709.75,3698.5,3668.5,451.57777777777767,501.57777777777767
9,127,3719.125,476.57777777777767,,0,0,3709.75,3739.75,3728.5,3698.5,451.57777777777767,501.57777777777767
9,128,3749.125,476.57777777777767,,0,0,3739.75,3769.75,3758.5,3728.5,451.57777777777767,501.57777777777767
9,129,3779.125,476.57777777777767,,0,0,3769.75,3799.75,3788.5,3758.5,451.57777777777767,501.57777777777767
9,130,3809.125,476.57777777777767,,0,0,3799.75,3829.75,3818.5,3788.5,451.57777777777767,501.57777777777767
9,131,3839.125,476.57777777777767,,0,0,3829.75,3859.75,3848.5,3818.5,451.57777777777767,501.57777777777767
9,132,3869.125,476.57777777777767,,0,0,3859.75,3889.75,3878.5,3848.5,451.57777777777767,501.57777777777767
10,3,-12.125,526.5777777777777,61.67,1,0,-21.5,8.5,-2.75,-32.75,501.57777777777767,551.5777777777777
10,4,17.875,526.5777777777777,60.47393939393941,33,0,8.5,38.5,27.25,-2.75,501.57777777777767,551.5777777777777
10,5,47.875,526.5777777777777,67.13357142857144,14,0,38.5,68.5,57.25,27.25,501.57777777777767,551.5777777777777
10,6,77.875,526.5777777777777,70.50272727272727,11,0,68.5,98.5,87.25,57.25,501.57777777777767,551.5777777777777
10,7,107.875,526.5777777777777,70.70736842105262,19,0,98.5,128.5,117.25,87.25,501.57777777777767,551.5777777777777
10,8,137.875,526.5777777777777,59.94304347826087,23,0,128.5,158.5,147.25,117.25,501.57777777777767,551.5777777777777
10,9,167.875,526.5777777777777,66.64888888888889,27,0,158.5,188.5,177.25,147.25,501.57777777777767,551.5777777777777
10,10,197.875,526.5777777777777,66.69,34,0,188.5,218.5,207.25,177.25,501.57777777777767,551.5777777777777
10,11,227.875,526.5777777777777,74.15714285714287,21,0,218.5,248.5,237.25,207.25,501.57777777777767,551.5777777777777
10,12,257.875,526.5777777777777,69.59055555555557,18,0,248.5,278.5,267.25,237.25,501.57777777777767,551.5777777777777
10,13,287.875,526.5777777777777,74.08857142857143,14,0,278.5,308.5,297.25,267.25,501.57777777777767,551.5777777777777
10,14,317.875,526.5777777777777,70.71153846153847,13,0,308.5,338.5,327.25,297.25,501.57777777777767,551.5777777777777
10,15,347.875,526.5777777777777,66.11148148148149,27,0,338.5,368.5,357.25,327.25,501.57777777777767,551.5777777777777
10,16,377.875,526.5777777777777,70.67260869565219,23,0,368.5,398.5,387.25,357.25,501.57777777777767,551.5777777777777
10,17,407.875,526.5777777777777,65.6804347826087,23,0,398.5,428.5,417.25,387.25,501.57777777777767,551.5777777777777
10,18,437.875,526.5777777777777,61.357999999999976,25,0,428.5,458.5,447.25,417.25,501.57777777777767,551.5777777777777
10,19,467.875,526.5777777777777,60.99,37,0,458.5,488.5,477.25,447.25,501.57777777777767,551.5777777777777
10,20,497.875,526.5777777777777,57.836470588235294,34,0,488.5,518.5,507.25,477.25,501.57777777777767,551.5777777777777
10,21,527.875,526.5777777777777,62.40969696969695,33,0,518.5,548.5,537.25,507.25,501.57777777777767,551.5777777777777
10,22,557.875,526.5777777777777,71.67635714285714,20,0,548.5,578.5,567.25,537.25,501.57777777777767,551.5777777777777
10,23,587.875,526.5777777777777,66.29599999999999,25,0,578.5,608.5,597.25,567.25,501.57777777777767,551.5777777777777
10,24,617.875,526.5777777777777,70.68631578947368,19,0,608.5,638.5,627.25,597.25,501.57777777777767,551.5777777777777
10,25,647.875,526.5777777777777,66.42541666666666,24,0,638.5,668.5,657.25,627.25,501.57777777777767,551.5777777777777
10,26,677.875,526.5777777777777,67.51352941176471,17,0,668.5,698.5,687.25,657.25,501.57777777777767,551.5777777777777
10,27,707.875,526.5777777777777,66.10033333333334,30,0,698.5,728.5,717.25,687.25,501.57777777777767,551.5777777777777
10,28,737.875,526.5777777777777,68.26379310344828,29,0,728.5,758.5,747.25,717.25,501.57777777777767,551.5777777777777
10,29,767.875,526.5777777777777,66.16954545454547,22,0,758.5,788.5,777.25,747.25,501.57777777777767,551.5777777777777
10,30,797.875,526.5777777777777,64.4121212121212,33,0,788.5,818.5,807.25,777.25,501.57777777777767,551.5777777777777
10,31,827.875,526.5777777777777,63.46379310344827,29,0,818.5,848.5,837.25,807.25,501.57777777777767,551.5777777777777
10,32,857.875,526.5777777777777,67.03058823529412,17,0,848.5,878.5,867.25,837.25,501.57777777777767,551.5777777777777
10,33,887.875,526.5777777777777,71.505,16,0,878.5,908.5,897.25,867.25,501.57777777777767,551.5777777777777
10,34,917.875,526.5777777777777,56.824137931034485,29,0,908.5,938.5,927.25,897.25,501.57777777777767,551.5777777777777
10,35,947.875,526.5777777777777,58.00875,32,0,938.5,968.5,957.25,927.25,501.57777777777767,551.5777777777777
10,36,977.875,526.5777777777777,58.33076923076922,39,0,968.5,998.5,987.25,957.25,501.57777777777767,551.5777777777777
10,37,1007.875,526.5777777777777,55.70849999999998,40,0,998.5,1028.5,1017.25,987.25,501.57777777777767,551.5777777777777
10,38,1037.875,526.5777777777777,56.152894736842114,38,0,1028.5,1058.5,1047.25,1017.25,501.57777777777767,551.5777777777777
10,39,1067.875,526.5777777777777,57.43589743589744,39,0,1058.5,1088.5,1077.25,1047.25,501.57777777777767,551.5777777777777
10,40,1097.875,526.5777777777777,58.633,30,0,1088.5,1118.5,1107.25,1077.25,501.57777777777767,551.5777777777777
10,41,1127.875,526.5777777777777,58.15212121212121,33,0,1118.5,1148.5,1137.25,1107.25,501.57777777777767,551.5777777777777
10,42,1157.875,526.5777777777777,58.83029411764704,34,0,1148.5,1178.5,1167.25,1137.25,501.57777777777767,551.5777777777777
10,43,1187.875,526.5777777777777,63.595555555555556,18,0,1178.5,1208.5,1197.25,1167.25,501.57777777777767,551.5777777777777
10,44,1217.875,526.5777777777777,60.719629629629644,27,0,1208.5,1238.5,1227.25,1197.25,501.57777777777767,551.5777777777777
10,45,1247.875,526.5777777777777,58.43675,40,0,1238.5,1268.5,1257.25,1227.25,501.57777777777767,551.5777777777777
10,46,1277.875,526.5777777777777,60.39785714285714,28,0,1268.5,1298.5,1287.25,1257.25,501.57777777777767,551.5777777777777
10,47,1307.875,526.5777777777777,59.56576923076922,26,0,1298.5,1328.5,1317.25,1287.25,501.57777777777767,551.5777777777777
10,48,1337.875,526.5777777777777,62.4735294117647,17,0,1328.5,1358.5,1347.25,1317.25,501.57777777777767,551.5777777777777
10,49,1367.875,526.5777777777777,55.59749999999999,20,0,1358.5,1388.5,1377.25,1347.25,501.57777777777767,551.5777777777777
10,50,1397.875,526.5777777777777,61.16299999999999,40,0,1388.5,1418.5,1407.25,1377.25,501.57777777777767,551.5777777777777
10,51,1427.875,526.5777777777777,56.301333333333325,45,0,1418.5,1448.5,1437.25,1407.25,501.57777777777767,551.5777777777777
10,52,1457.875,526.5777777777777,56.14558823529411,34,0,1448.5,1478.5,1467.25,1437.25,501.57777777777767,551.5777777777777
10,53,1487.875,526.5777777777777,48.033953488372084,43,0,1478.5,1508.5,1497.25,1467.25,501.57777777777767,551.5777777777777
10,54,1517.875,526.5777777777777,47.33833333333334,36,0,1508.5,1538.5,1527.25,1497.25,501.57777777777767,551.5777777777777
10,55,1547.875,526.5777777777777,41.79575,50,0,1538.5,1568.5,1557.25,1527.25,501.57777777777767,551.5777777777777
10,56,1577.875,526.5777777777777,43.36020408163265,49,0,1568.5,1598.5,1587.25,1557.25,501.57777777777767,551.5777777777777
10,57,1607.875,526.5777777777777,50.44046511627906,43,0,1598.5,1628.5,1617.25,1587.25,501.57777777777767,551.5777777777777
10,58,1637.875,526.5777777777777,49.92203252032519,41,0,1628.5,1658.5,1647.25,1617.25,501.57777777777767,551.5777777777777
10,59,1667.875,526.5777777777777,42.881860465116276,43,0,1658.5,1688.5,1677.25,1647.25,501.57777777777767,551.5777777777777
10,60,1697.875,526.5777777777777,41.93543859649122,57,0,1688.5,1718.5,1707.25,1677.25,501.57777777777767,551.5777777777777
10,61,1727.875,526.5777777777777,38.849999999999994,57,0,1718.5,1748.5,1737.25,1707.25,501.57777777777767,551.5777777777777
10,62,1757.875,526.5777777777777,38.11683333333333,60,0,1748.5,1778.5,1767.25,1737.25,501.57777777777767,551.5777777777777
10,63,1787.875,526.5777777777777,32.241428571428585,63,0,1778.5,1808.5,1797.25,1767.25,501.57777777777767,551.5777777777777
10,64,1817.875,526.5777777777777,36.33647058823529,51,0,1808.5,1838.5,1827.25,1797.25,501.57777777777767,551.5777777777777
10,65,1847.875,526.5777777777777,26.083283582089557,67,0,1838.5,1868.5,1857.25,1827.25,501.57777777777767,551.5777777777777
10,66,1877.875,526.5777777777777,32.42072463768116,69,0,1868.5,1898.5,1887.25,1857.25,501.57777777777767,551.5777777777777
10,67,1907.875,526.5777777777777,37.59,57,0,1898.5,1928.5,1917.25,1887.25,501.57777777777767,551.5777777777777
10,68,1937.875,526.5777777777777,29.78249999999999,60,0,1928.5,1958.5,1947.25,1917.25,501.57777777777767,551.5777777777777
10,69,1967.875,526.5777777777777,32.00480769230769,52,0,1958.5,1988.5,1977.25,1947.25,501.57777777777767,551.5777777777777
10,70,1997.875,526.5777777777777,32.841020408163274,49,0,1988.5,2018.5,2007.25,1977.25,501.57777777777767,551.5777777777777
10,71,2027.875,526.5777777777777,35.37592592592592,54,0,2018.5,2048.5,2037.25,2007.25,501.57777777777767,551.5777777777777
10,72,2057.875,526.5777777777777,37.3942372881356,59,0,2048.5,2078.5,2067.25,2037.25,501.57777777777767,551.5777777777777
10,73,2087.875,526.5777777777777,39.219454545454546,55,0,2078.5,2108.5,2097.25,2067.25,501.57777777777767,551.5777777777777
10,74,2117.875,526.5777777777777,33.36234374999998,64,0,2108.5,2138.5,2127.25,2097.25,501.57777777777767,551.5777777777777
10,75,2147.875,526.5777777777777,36.041296296296295,54,0,2138.5,2168.5,2157.25,2127.25,501.57777777777767,551.5777777777777
10,76,2177.875,526.5777777777777,32.30035087719299,57,0,2168.5,2198.5,2187.25,2157.25,501.57777777777767,551.5777777777777
10,77,2207.875,526.5777777777777,15.79870370370371,108,0,2198.5,2228.5,2217.25,2187.25,501.57777777777767,551.5777777777777
10,78,2237.875,526.5777777777777,19.374943820224722,89,0,2228.5,2258.5,2247.25,2217.25,501.57777777777767,551.5777777777777
10,79,2267.875,526.5777777777777,24.36131578947369,76,0,2258.5,2288.5,2277.25,2247.25,501.57777777777767,551.5777777777777
10,80,2297.875,526.5777777777777,27.856551724137937,58,0,2288.5,2318.5,2307.25,2277.25,501.57777777777767,551.5777777777777
10,81,2327.875,526.5777777777777,36.86750000000001,40,0,2318.5,2348.5,2337.25,2307.25,501.57777777777767,551.5777777777777
10,82,2357.875,526.5777777777777,37.03228070175438,57,0,2348.5,2378.5,2367.25,2337.25,501.57777777777767,551.5777777777777
10,83,2387.875,526.5777777777777,38.827288135593214,59,0,2378.5,2408.5,2397.25,2367.25,501.57777777777767,551.5777777777777
10,84,2417.875,526.5777777777777,36.55555555555555,45,0,2408.5,2438.5,2427.25,2397.25,501.57777777777767,551.5777777777777
10,85,2447.875,526.5777777777777,36.910714285714285,42,0,2438.5,2468.5,2457.25,2427.25,501.57777777777767,551.5777777777777
10,86,2477.875,526.5777777777777,36.97346153846153,52,0,2468.5,2498.5,2487.25,2457.25,501.57777777777767,551.5777777777777
10,87,2507.875,526.5777777777777,35.98293103448276,58,0,2498.5,2528.5,2517.25,2487.25,501.57777777777767,551.5777777777777
10,88,2537.875,526.5777777777777,45.36491228070175,57,0,2528.5,2558.5,2547.25,2517.25,501.57777777777767,551.5777777777777
10,89,2567.875,526.5777777777777,49.48365853658537,41,0,2558.5,2588.5,2577.25,2547.25,501.57777777777767,551.5777777777777
10,90,2597.875,526.5777777777777,48.67454545454545,44,0,2588.5,2618.5,2607.25,2577.25,501.57777777777767,551.5777777777777
10,91,2627.875,526.5777777777777,39.41313725490195,51,0,2618.5,2648.5,2637.25,2607.25,501.57777777777767,551.5777777777777
10,92,2657.875,526.5777777777777,17.28073394495414,109,0,2648.5,2678.5,2667.25,2637.25,501.57777777777767,551.5777777777777
10,93,2687.875,526.5777777777777,15.134607843137255,102,0,2678.5,2708.5,2697.25,2667.25,501.57777777777767,551.5777777777777
10,94,2717.875,526.5777777777777,30.024923076923077,65,0,2708.5,2738.5,2727.25,2697.25,501.57777777777767,551.5777777777777
10,95,2747.875,526.5777777777777,41.61895833333333,48,0,2738.5,2768.5,2757.25,2727.25,501.57777777777767,551.5777777777777
10,96,2777.875,526.5777777777777,38.08387096774194,62,0,2768.5,2798.5,2787.25,2757.25,501.57777777777767,551.5777777777777
10,97,2807.875,526.5777777777777,32.679642857142866,84,0,2798.5,2828.5,2817.25,2787.25,501.57777777777767,551.5777777777777
10,98,2837.875,526.5777777777777,24.384216867469878,83,0,2828.5,2858.5,2847.25,2817.25,501.57777777777767,551.5777777777777
10,99,2867.875,526.5777777777777,35.56875000000001,48,0,2858.5,2888.5,2877.25,2847.25,501.57777777777767,551.5777777777777
10,100,2897.875,526.5777777777777,33.13807692307692,52,0,2888.5,2918.5,2907.25,2877.25,501.57777777777767,551.5777777777777
10,101,2927.875,526.5777777777777,39.21644067796609,59,0,2918.5,2948.5,2937.25,2907.25,501.57777777777767,551.5777777777777
10,102,2957.875,526.5777777777777,40.75358974358975,39,0,2948.5,2978.5,2967.25,2937.25,501.57777777777767,551.5777777777777
10,103,2987.875,526.5777777777777,48.44129251700682,49,0,2978.5,3008.5,2997.25,2967.25,501.57777777777767,551.5777777777777
10,104,3017.875,526.5777777777777,45.023018867924534,53,0,3008.5,3038.5,3027.25,2997.25,501.57777777777767,551.5777777777777
10,105,3047.875,526.5777777777777,41.615306122448985,49,0,3038.5,3068.5,3057.25,3027.25,501.57777777777767,551.5777777777777
10,106,3077.875,526.5777777777777,42.59347826086957,46,0,3068.5,3098.5,3087.25,3057.25,501.57777777777767,551.5777777777777
10,107,3107.875,526.5777777777777,37.1146511627907,43,0,3098.5,3128.5,3117.25,3087.25,501.57777777777767,551.5777777777777
10,108,3137.875,526.5777777777777,36.00309090909091,55,0,3128.5,3158.5,3147.25,3117.25,501.57777777777767,551.5777777777777
10,109,3167.875,526.5777777777777,39.60333333333333,60,0,3158.5,3188.5,3177.25,3147.25,501.57777777777767,551.5777777777777
10,110,3197.875,526.5777777777777,47.88377777777779,45,0,3188.5,3218.5,3207.25,3177.25,501.57777777777767,551.5777777777777
10,111,3227.875,526.5777777777777,43.37837209302325,43,0,3218.5,3248.5,3237.25,3207.25,501.57777777777767,551.5777777777777
10,112,3257.875,526.5777777777777,35.82294117647058,68,0,3248.5,3278.5,3267.25,3237.25,501.57777777777767,551.5777777777777
10,113,3287.875,526.5777777777777,32.281891891891895,74,0,3278.5,3308.5,3297.25,3267.25,501.57777777777767,551.5777777777777
10,114,3317.875,526.5777777777777,31.448,70,0,3308.5,3338.5,3327.25,3297.25,501.57777777777767,551.5777777777777
10,115,3347.875,526.5777777777777,16.49521276595745,94,0,3338.5,3368.5,3357.25,3327.25,501.57777777777767,551.5777777777777
10,116,3377.875,526.5777777777777,19.682087912087916,91,0,3368.5,3398.5,3387.25,3357.25,501.57777777777767,551.5777777777777
10,117,3407.875,526.5777777777777,29.647647058823537,68,0,3398.5,3428.5,3417.25,3387.25,501.57777777777767,551.5777777777777
10,118,3437.875,526.5777777777777,29.470136986301373,73,0,3428.5,3458.5,3447.25,3417.25,501.57777777777767,551.5777777777777
10,119,3467.875,526.5777777777777,25.169863013698638,73,0,3458.5,3488.5,3477.25,3447.25,501.57777777777767,551.5777777777777
10,120,3497.875,526.5777777777777,25.774305555555554,72,0,3488.5,3518.5,3507.25,3477.25,501.57777777777767,551.5777777777777
10,121,3527.875,526.5777777777777,32.985454545454544,77,0,3518.5,3548.5,3537.25,3507.25,501.57777777777767,551.5777777777777
10,122,3557.875,526.5777777777777,35.67422535211267,71,0,3548.5,3578.5,3567.25,3537.25,501.57777777777767,551.5777777777777
10,123,3587.875,526.5777777777777,41.29611111111112,54,0,3578.5,3608.5,3597.25,3567.25,501.57777777777767,551.5777777777777
10,124,3617.875,526.5777777777777,40.98052631578948,57,0,3608.5,3638.5,3627.25,3597.25,501.57777777777767,551.5777777777777
10,125,3647.875,526.5777777777777,34.72333333333332,42,0,3638.5,3668.5,3657.25,3627.25,501.57777777777767,551.5777777777777
10,126,3677.875,526.5777777777777,31.526666666666667,6,0,3668.5,3698.5,3687.25,3657.25,501.57777777777767,551.5777777777777
10,127,3707.875,526.5777777777777,,0,0,3698.5,3728.5,3717.25,3687.25,501.57777777777767,551.5777777777777
10,128,3737.875,526.5777777777777,,0,0,3728.5,3758.5,3747.25,3717.25,501.57777777777767,551.5777777777777
10,129,3767.875,526.5777777777777,,0,0,3758.5,3788.5,3777.25,3747.25,501.57777777777767,551.5777777777777
10,130,3797.875,526.5777777777777,,0,0,3788.5,3818.5,3807.25,3777.25,501.57777777777767,551.5777777777777
10,131,3827.875,526.5777777777777,,0,0,3818.5,3848.5,3837.25,3807.25,501.57777777777767,551.5777777777777
10,132,3857.875,526.5777777777777,,0,0,3848.5,3878.5,3867.25,3837.25,501.57777777777767,551.5777777777777
10,133,3887.875,526.5777777777777,,0,0,3878.5,3908.5,3897.25,3867.25,501.57777777777767,551.5777777777777
11,4,6.625,576.5777777777777,63.90615384615384,13,0,-2.75,27.25,16.0,-14.0,551.5777777777777,601.5777777777777
11,5,36.625,576.5777777777777,63.87185185185185,27,0,27.25,57.25,46.0,16.0,551.5777777777777,601.5777777777777
11,6,66.625,576.5777777777777,70.46076923076923,13,0,57.25,87.25,76.0,46.0,551.5777777777777,601.5777777777777
11,7,96.625,576.5777777777777,70.66999999999999,15,0,87.25,117.25,106.0,76.0,551.5777777777777,601.5777777777777
11,8,126.625,576.5777777777777,69.10050000000001,20,0,117.25,147.25,136.0,106.0,551.5777777777777,601.5777777777777
11,9,156.625,576.5777777777777,62.23933333333333,30,0,147.25,177.25,166.0,136.0,551.5777777777777,601.5777777777777
11,10,186.625,576.5777777777777,67.47814814814815,27,0,177.25,207.25,196.0,166.0,551.5777777777777,601.5777777777777
11,11,216.625,576.5777777777777,68.3030769230769,26,0,207.25,237.25,226.0,196.0,551.5777777777777,601.5777777777777
11,12,246.625,576.5777777777777,69.864375,16,0,237.25,267.25,256.0,226.0,551.5777777777777,601.5777777777777
11,13,276.625,576.5777777777777,71.68583333333333,12,0,267.25,297.25,286.0,256.0,551.5777777777777,601.5777777777777
11,14,306.625,576.5777777777777,72.92181818181818,11,0,297.25,327.25,316.0,286.0,551.5777777777777,601.5777777777777
11,15,336.625,576.5777777777777,66.013125,16,0,327.25,357.25,346.0,316.0,551.5777777777777,601.5777777777777
11,16,366.625,576.5777777777777,66.65214285714286,28,0,357.25,387.25,376.0,346.0,551.5777777777777,601.5777777777777
11,17,396.625,576.5777777777777,71.92166666666667,18,0,387.25,417.25,406.0,376.0,551.5777777777777,601.5777777777777
11,18,426.625,576.5777777777777,62.69833333333333,18,0,417.25,447.25,436.0,406.0,551.5777777777777,601.5777777777777
11,19,456.625,576.5777777777777,63.10793103448276,29,0,447.25,477.25,466.0,436.0,551.5777777777777,601.5777777777777
11,20,486.625,576.5777777777777,62.12605263157896,38,0,477.25,507.25,496.0,466.0,551.5777777777777,601.5777777777777
11,21,516.625,576.5777777777777,59.151714285714284,35,0,507.25,537.25,526.0,496.0,551.5777777777777,601.5777777777777
11,22,546.625,576.5777777777777,70.72111111111113,18,0,537.25,567.25,556.0,526.0,551.5777777777777,601.5777777777777
11,23,576.625,576.5777777777777,68.12375000000002,24,0,567.25,597.25,586.0,556.0,551.5777777777777,601.5777777777777
11,24,606.625,576.5777777777777,71.93,19,0,597.25,627.25,616.0,586.0,551.5777777777777,601.5777777777777
11,25,636.625,576.5777777777777,68.24666666666667,18,0,627.25,657.25,646.0,616.0,551.5777777777777,601.5777777777777
11,26,666.625,576.5777777777777,68.15363636363635,22,0,657.25,687.25,676.0,646.0,551.5777777777777,601.5777777777777
11,27,696.625,576.5777777777777,67.25999999999999,23,0,687.25,717.25,706.0,676.0,551.5777777777777,601.5777777777777
11,28,726.625,576.5777777777777,67.87517241379311,29,0,717.25,747.25,736.0,706.0,551.5777777777777,601.5777777777777
11,29,756.625,576.5777777777777,67.44730769230767,26,0,747.25,777.25,766.0,736.0,551.5777777777777,601.5777777777777
11,30,786.625,576.5777777777777,67.04416666666667,24,0,777.25,807.25,796.0,766.0,551.5777777777777,601.5777777777777
11,31,816.625,576.5777777777777,66.94466666666666,30,0,807.25,837.25,826.0,796.0,551.5777777777777,601.5777777777777
11,32,846.625,576.5777777777777,64.91387096774193,31,0,837.25,867.25,856.0,826.0,551.5777777777777,601.5777777777777
11,33,876.625,576.5777777777777,71.268,10,0,867.25,897.25,886.0,856.0,551.5777777777777,601.5777777777777
11,34,906.625,576.5777777777777,64.87230769230769,26,0,897.25,927.25,916.0,886.0,551.5777777777777,601.5777777777777
11,35,936.625,576.5777777777777,57.1917857142857,28,0,927.25,957.25,946.0,916.0,551.5777777777777,601.5777777777777
11,36,966.625,576.5777777777777,58.73547619047616,42,0,957.25,987.25,976.0,946.0,551.5777777777777,601.5777777777777
11,37,996.625,576.5777777777777,58.420571428571435,35,0,987.25,1017.25,1006.0,976.0,551.5777777777777,601.5777777777777
11,38,1026.625,576.5777777777777,55.55690476190475,42,0,1017.25,1047.25,1036.0,1006.0,551.5777777777777,601.5777777777777
11,39,1056.625,576.5777777777777,57.94564102564103,39,0,1047.25,1077.25,1066.0,1036.0,551.5777777777777,601.5777777777777
11,40,1086.625,576.5777777777777,58.59566666666667,30,0,1077.25,1107.25,1096.0,1066.0,551.5777777777777,601.5777777777777
11,41,1116.625,576.5777777777777,60.12027777777777,36,0,1107.25,1137.25,1126.0,1096.0,551.5777777777777,601.5777777777777
11,42,1146.625,576.5777777777777,58.3537142857143,35,0,1137.25,1167.25,1156.0,1126.0,551.5777777777777,601.5777777777777
11,43,1176.625,576.5777777777777,64.79526315789474,19,0,1167.25,1197.25,1186.0,1156.0,551.5777777777777,601.5777777777777
11,44,1206.625,576.5777777777777,62.85592592592593,27,0,1197.25,1227.25,1216.0,1186.0,551.5777777777777,601.5777777777777
11,45,1236.625,576.5777777777777,60.23909090909089,33,0,1227.25,1257.25,1246.0,1216.0,551.5777777777777,601.5777777777777
11,46,1266.625,576.5777777777777,60.36461538461539,39,0,1257.25,1287.25,1276.0,1246.0,551.5777777777777,601.5777777777777
11,47,1296.625,576.5777777777777,61.46764705882353,17,0,1287.25,1317.25,1306.0,1276.0,551.5777777777777,601.5777777777777
11,48,1326.625,576.5777777777777,61.22580645161292,31,0,1317.25,1347.25,1336.0,1306.0,551.5777777777777,601.5777777777777
11,49,1356.625,576.5777777777777,59.595000000000006,12,0,1347.25,1377.25,1366.0,1336.0,551.5777777777777,601.5777777777777
11,50,1386.625,576.5777777777777,59.9859375,32,0,1377.25,1407.25,1396.0,1366.0,551.5777777777777,601.5777777777777
11,51,1416.625,576.5777777777777,58.28142857142858,42,0,1407.25,1437.25,1426.0,1396.0,551.5777777777777,601.5777777777777
11,52,1446.625,576.5777777777777,51.59333333333333,45,0,1437.25,1467.25,1456.0,1426.0,551.5777777777777,601.5777777777777
11,53,1476.625,576.5777777777777,51.62314285714285,35,0,1467.25,1497.25,1486.0,1456.0,551.5777777777777,601.5777777777777
11,54,1506.625,576.5777777777777,44.177499999999995,40,0,1497.25,1527.25,1516.0,1486.0,551.5777777777777,601.5777777777777
11,55,1536.625,576.5777777777777,46.691463414634136,41,0,1527.25,1557.25,1546.0,1516.0,551.5777777777777,601.5777777777777
11,56,1566.625,576.5777777777777,39.50301886792452,53,0,1557.25,1587.25,1576.0,1546.0,551.5777777777777,601.5777777777777
11,57,1596.625,576.5777777777777,44.51919999999999,50,0,1587.25,1617.25,1606.0,1576.0,551.5777777777777,601.5777777777777
11,58,1626.625,576.5777777777777,46.811521739130434,46,0,1617.25,1647.25,1636.0,1606.0,551.5777777777777,601.5777777777777
11,59,1656.625,576.5777777777777,38.05188679245284,53,0,1647.25,1677.25,1666.0,1636.0,551.5777777777777,601.5777777777777
11,60,1686.625,576.5777777777777,40.149074074074086,54,0,1677.25,1707.25,1696.0,1666.0,551.5777777777777,601.5777777777777
11,61,1716.625,576.5777777777777,36.682678571428575,56,0,1707.25,1737.25,1726.0,1696.0,551.5777777777777,601.5777777777777
11,62,1746.625,576.5777777777777,33.17449275362317,69,0,1737.25,1767.25,1756.0,1726.0,551.5777777777777,601.5777777777777
11,63,1776.625,576.5777777777777,35.65892307692309,65,0,1767.25,1797.25,1786.0,1756.0,551.5777777777777,601.5777777777777
11,64,1806.625,576.5777777777777,32.16153846153847,65,0,1797.25,1827.25,1816.0,1786.0,551.5777777777777,601.5777777777777
11,65,1836.625,576.5777777777777,28.405510204081637,49,0,1827.25,1857.25,1846.0,1816.0,551.5777777777777,601.5777777777777
11,66,1866.625,576.5777777777777,27.431911764705873,68,0,1857.25,1887.25,1876.0,1846.0,551.5777777777777,601.5777777777777
11,67,1896.625,576.5777777777777,30.913536585365847,82,0,1887.25,1917.25,1906.0,1876.0,551.5777777777777,601.5777777777777
11,68,1926.625,576.5777777777777,21.674268292682925,82,0,1917.25,1947.25,1936.0,1906.0,551.5777777777777,601.5777777777777
11,69,1956.625,576.5777777777777,27.959375,64,0,1947.25,1977.25,1966.0,1936.0,551.5777777777777,601.5777777777777
11,70,1986.625,576.5777777777777,34.578823529411764,51,0,1977.25,2007.25,1996.0,1966.0,551.5777777777777,601.5777777777777
11,71,2016.625,576.5777777777777,37.499387755102035,49,0,2007.25,2037.25,2026.0,1996.0,551.5777777777777,601.5777777777777
11,72,2046.625,576.5777777777777,30.84396825396825,63,0,2037.25,2067.25,2056.0,2026.0,551.5777777777777,601.5777777777777
11,73,2076.625,576.5777777777777,31.976000000000006,85,0,2067.25,2097.25,2086.0,2056.0,551.5777777777777,601.5777777777777
11,74,2106.625,576.5777777777777,22.94619047619048,84,0,2097.25,2127.25,2116.0,2086.0,551.5777777777777,601.5777777777777
11,75,2136.625,576.5777777777777,28.359027777777772,72,0,2127.25,2157.25,2146.0,2116.0,551.5777777777777,601.5777777777777
11,76,2166.625,576.5777777777777,29.338450704225355,71,0,2157.25,2187.25,2176.0,2146.0,551.5777777777777,601.5777777777777
11,77,2196.625,576.5777777777777,14.629010989010999,91,0,2187.25,2217.25,2206.0,2176.0,551.5777777777777,601.5777777777777
11,78,2226.625,576.5777777777777,19.91130434782608,92,0,2217.25,2247.25,2236.0,2206.0,551.5777777777777,601.5777777777777
11,79,2256.625,576.5777777777777,22.748072289156628,83,0,2247.25,2277.25,2266.0,2236.0,551.5777777777777,601.5777777777777
11,80,2286.625,576.5777777777777,26.020428571428578,70,0,2277.25,2307.25,2296.0,2266.0,551.5777777777777,601.5777777777777
11,81,2316.625,576.5777777777777,31.476875000000003,48,0,2307.25,2337.25,2326.0,2296.0,551.5777777777777,601.5777777777777
11,82,2346.625,576.5777777777777,34.53418181818182,55,0,2337.25,2367.25,2356.0,2326.0,551.5777777777777,601.5777777777777
11,83,2376.625,576.5777777777777,32.96159420289855,69,0,2367.25,2397.25,2386.0,2356.0,551.5777777777777,601.5777777777777
11,84,2406.625,576.5777777777777,34.0172222222222,72,0,2397.25,2427.25,2416.0,2386.0,551.5777777777777,601.5777777777777
11,85,2436.625,576.5777777777777,31.248301886792454,53,0,2427.25,2457.25,2446.0,2416.0,551.5777777777777,601.5777777777777
11,86,2466.625,576.5777777777777,39.328292682926836,41,0,2457.25,2487.25,2476.0,2446.0,551.5777777777777,601.5777777777777
11,87,2496.625,576.5777777777777,32.658125,64,0,2487.25,2517.25,2506.0,2476.0,551.5777777777777,601.5777777777777
11,88,2526.625,576.5777777777777,38.21462686567164,67,0,2517.25,2547.25,2536.0,2506.0,551.5777777777777,601.5777777777777
11,89,2556.625,576.5777777777777,42.70969230769233,65,0,2547.25,2577.25,2566.0,2536.0,551.5777777777777,601.5777777777777
11,90,2586.625,576.5777777777777,45.99833333333334,48,0,2577.25,2607.25,2596.0,2566.0,551.5777777777777,601.5777777777777
11,91,2616.625,576.5777777777777,39.386153846153846,52,0,2607.25,2637.25,2626.0,2596.0,551.5777777777777,601.5777777777777
11,92,2646.625,576.5777777777777,19.338780487804872,82,0,2637.25,2667.25,2656.0,2626.0,551.5777777777777,601.5777777777777
11,93,2676.625,576.5777777777777,18.325172413793105,87,0,2667.25,2697.25,2686.0,2656.0,551.5777777777777,601.5777777777777
11,94,2706.625,576.5777777777777,28.44626865671641,67,0,2697.25,2727.25,2716.0,2686.0,551.5777777777777,601.5777777777777
11,95,2736.625,576.5777777777777,33.174782608695644,69,0,2727.25,2757.25,2746.0,2716.0,551.5777777777777,601.5777777777777
11,96,2766.625,576.5777777777777,29.77113924050634,79,0,2757.25,2787.25,2776.0,2746.0,551.5777777777777,601.5777777777777
11,97,2796.625,576.5777777777777,29.888928571428572,84,0,2787.25,2817.25,2806.0,2776.0,551.5777777777777,601.5777777777777
11,98,2826.625,576.5777777777777,20.589714285714287,105,0,2817.25,2847.25,2836.0,2806.0,551.5777777777777,601.5777777777777
11,99,2856.625,576.5777777777777,24.245227272727274,88,0,2847.25,2877.25,2866.0,2836.0,551.5777777777777,601.5777777777777
11,100,2886.625,576.5777777777777,30.97163265306123,49,0,2877.25,2907.25,2896.0,2866.0,551.5777777777777,601.5777777777777
11,101,2916.625,576.5777777777777,33.50790322580645,62,0,2907.25,2937.25,2926.0,2896.0,551.5777777777777,601.5777777777777
11,102,2946.625,576.5777777777777,41.20326923076922,52,0,2937.25,2967.25,2956.0,2926.0,551.5777777777777,601.5777777777777
11,103,2976.625,576.5777777777777,44.74622222222222,45,0,2967.25,2997.25,2986.0,2956.0,551.5777777777777,601.5777777777777
11,104,3006.625,576.5777777777777,47.188478260869566,46,0,2997.25,3027.25,3016.0,2986.0,551.5777777777777,601.5777777777777
11,105,3036.625,576.5777777777777,39.63412698412697,63,0,3027.25,3057.25,3046.0,3016.0,551.5777777777777,601.5777777777777
11,106,3066.625,576.5777777777777,43.514444444444436,45,0,3057.25,3087.25,3076.0,3046.0,551.5777777777777,601.5777777777777
11,107,3096.625,576.5777777777777,41.034791666666656,48,0,3087.25,3117.25,3106.0,3076.0,551.5777777777777,601.5777777777777
11,108,3126.625,576.5777777777777,35.28024242424241,55,0,3117.25,3147.25,3136.0,3106.0,551.5777777777777,601.5777777777777
11,109,3156.625,576.5777777777777,38.461372549019615,51,0,3147.25,3177.25,3166.0,3136.0,551.5777777777777,601.5777777777777
11,110,3186.625,576.5777777777777,42.65233333333334,60,0,3177.25,3207.25,3196.0,3166.0,551.5777777777777,601.5777777777777
11,111,3216.625,576.5777777777777,43.32822222222222,45,0,3207.25,3237.25,3226.0,3196.0,551.5777777777777,601.5777777777777
11,112,3246.625,576.5777777777777,33.02161290322581,62,0,3237.25,3267.25,3256.0,3226.0,551.5777777777777,601.5777777777777
11,113,3276.625,576.5777777777777,26.79333333333333,87,0,3267.25,3297.25,3286.0,3256.0,551.5777777777777,601.5777777777777
11,114,3306.625,576.5777777777777,26.993095238095233,84,0,3297.25,3327.25,3316.0,3286.0,551.5777777777777,601.5777777777777
11,115,3336.625,576.5777777777777,11.763545454545454,110,0,3327.25,3357.25,3346.0,3316.0,551.5777777777777,601.5777777777777
11,116,3366.625,576.5777777777777,20.48357142857143,84,0,3357.25,3387.25,3376.0,3346.0,551.5777777777777,601.5777777777777
11,117,3396.625,576.5777777777777,25.68368421052631,76,0,3387.25,3417.25,3406.0,3376.0,551.5777777777777,601.5777777777777
11,118,3426.625,576.5777777777777,24.97662650602409,83,0,3417.25,3447.25,3436.0,3406.0,551.5777777777777,601.5777777777777
11,119,3456.625,576.5777777777777,19.571098901098903,91,0,3447.25,3477.25,3466.0,3436.0,551.5777777777777,601.5777777777777
11,120,3486.625,576.5777777777777,22.30178571428572,84,0,3477.25,3507.25,3496.0,3466.0,551.5777777777777,601.5777777777777
11,121,3516.625,576.5777777777777,31.252741935483865,62,0,3507.25,3537.25,3526.0,3496.0,551.5777777777777,601.5777777777777
11,122,3546.625,576.5777777777777,33.03447368421054,76,0,3537.25,3567.25,3556.0,3526.0,551.5777777777777,601.5777777777777
11,123,3576.625,576.5777777777777,32.457121212121216,66,0,3567.25,3597.25,3586.0,3556.0,551.5777777777777,601.5777777777777
11,124,3606.625,576.5777777777777,33.63684931506851,73,0,3597.25,3627.25,3616.0,3586.0,551.5777777777777,601.5777777777777
11,125,3636.625,576.5777777777777,27.326811594202894,69,0,3627.25,3657.25,3646.0,3616.0,551.5777777777777,601.5777777777777
11,126,3666.625,576.5777777777777,27.722790697674416,43,0,3657.25,3687.25,3676.0,3646.0,551.5777777777777,601.5777777777777
11,127,3696.625,576.5777777777777,,0,0,3687.25,3717.25,3706.0,3676.0,551.5777777777777,601.5777777777777
11,128,3726.625,576.5777777777777,,0,0,3717.25,3747.25,3736.0,3706.0,551.5777777777777,601.5777777777777
11,129,3756.625,576.5777777777777,,0,0,3747.25,3777.25,3766.0,3736.0,551.5777777777777,601.5777777777777
11,130,3786.625,576.5777777777777,,0,0,3777.25,3807.25,3796.0,3766.0,551.5777777777777,601.5777777777777
11,131,3816.625,576.5777777777777,,0,0,3807.25,3837.25,3826.0,3796.0,551.5777777777777,601.5777777777777
11,132,3846.625,576.5777777777777,,0,0,3837.25,3867.25,3856.0,3826.0,551.5777777777777,601.5777777777777
11,133,3876.625,576.5777777777777,,0,0,3867.25,3897.25,3886.0,3856.0,551.5777777777777,601.5777777777777
12,4,-4.625,626.5777777777777,75.5,5,0,-14.0,16.0,4.75,-25.25,601.5777777777777,651.5777777777777
12,5,25.375,626.5777777777777,65.0051612903226,31,0,16.0,46.0,34.75,4.75,601.5777777777777,651.5777777777777
12,6,55.375,626.5777777777777,65.99749999999999,16,0,46.0,76.0,64.75,34.75,601.5777777777777,651.5777777777777
12,7,85.375,626.5777777777777,71.32181818181817,11,0,76.0,106.0,94.75,64.75,601.5777777777777,651.5777777777777
12,8,115.375,626.5777777777777,71.09349999999999,20,0,106.0,136.0,124.75,94.75,601.5777777777777,651.5777777777777
12,9,145.375,626.5777777777777,60.59858974358974,26,0,136.0,166.0,154.75,124.75,601.5777777777777,651.5777777777777
12,10,175.375,626.5777777777777,68.88583333333332,24,0,166.0,196.0,184.75,154.75,601.5777777777777,651.5777777777777
12,11,205.375,626.5777777777777,68.96382352941177,34,0,196.0,226.0,214.75,184.75,601.5777777777777,651.5777777777777
12,12,235.375,626.5777777777777,76.97684210526316,19,0,226.0,256.0,244.75,214.75,601.5777777777777,651.5777777777777
12,13,265.375,626.5777777777777,68.86285714285714,21,0,256.0,286.0,274.75,244.75,601.5777777777777,651.5777777777777
12,14,295.375,626.5777777777777,75.59416666666667,12,0,286.0,316.0,304.75,274.75,601.5777777777777,651.5777777777777
12,15,325.375,626.5777777777777,71.64,13,0,316.0,346.0,334.75,304.75,601.5777777777777,651.5777777777777
12,16,355.375,626.5777777777777,66.60392857142858,28,0,346.0,376.0,364.75,334.75,601.5777777777777,651.5777777777777
12,17,385.375,626.5777777777777,74.87,19,0,376.0,406.0,394.75,364.75,601.5777777777777,651.5777777777777
12,18,415.375,626.5777777777777,65.90636363636364,22,0,406.0,436.0,424.75,394.75,601.5777777777777,651.5777777777777
12,19,445.375,626.5777777777777,64.4223076923077,26,0,436.0,466.0,454.75,424.75,601.5777777777777,651.5777777777777
12,20,475.375,626.5777777777777,61.248124999999995,32,0,466.0,496.0,484.75,454.75,601.5777777777777,651.5777777777777
12,21,505.375,626.5777777777777,60.18200000000001,35,0,496.0,526.0,514.75,484.75,601.5777777777777,651.5777777777777
12,22,535.375,626.5777777777777,60.86275862068966,29,0,526.0,556.0,544.75,514.75,601.5777777777777,651.5777777777777
12,23,565.375,626.5777777777777,69.4545,20,0,556.0,586.0,574.75,544.75,601.5777777777777,651.5777777777777
12,24,595.375,626.5777777777777,66.67083333333333,24,0,586.0,616.0,604.75,574.75,601.5777777777777,651.5777777777777
12,25,625.375,626.5777777777777,70.22800000000001,20,0,616.0,646.0,634.75,604.75,601.5777777777777,651.5777777777777
12,26,655.375,626.5777777777777,65.84433333333332,30,0,646.0,676.0,664.75,634.75,601.5777777777777,651.5777777777777
12,27,685.375,626.5777777777777,67.41368421052631,19,0,676.0,706.0,694.75,664.75,601.5777777777777,651.5777777777777
12,28,715.375,626.5777777777777,65.14999999999999,33,0,706.0,736.0,724.75,694.75,601.5777777777777,651.5777777777777
12,29,745.375,626.5777777777777,67.43935483870969,31,0,736.0,766.0,754.75,724.75,601.5777777777777,651.5777777777777
12,30,775.375,626.5777777777777,66.07875000000001,24,0,766.0,796.0,784.75,754.75,601.5777777777777,651.5777777777777
12,31,805.375,626.5777777777777,63.3035294117647,34,0,796.0,826.0,814.75,784.75,601.5777777777777,651.5777777777777
12,32,835.375,626.5777777777777,63.52843749999999,32,0,826.0,856.0,844.75,814.75,601.5777777777777,651.5777777777777
12,33,865.375,626.5777777777777,68.75624999999998,16,0,856.0,886.0,874.75,844.75,601.5777777777777,651.5777777777777
12,34,895.375,626.5777777777777,73.01125,16,0,886.0,916.0,904.75,874.75,601.5777777777777,651.5777777777777
12,35,925.375,626.5777777777777,55.81448275862069,29,0,916.0,946.0,934.75,904.75,601.5777777777777,651.5777777777777
12,36,955.375,626.5777777777777,59.24538461538459,39,0,946.0,976.0,964.75,934.75,601.5777777777777,651.5777777777777
12,37,985.375,626.5777777777777,56.84951219512194,41,0,976.0,1006.0,994.75,964.75,601.5777777777777,651.5777777777777
12,38,1015.375,626.5777777777777,54.69238095238095,42,0,1006.0,1036.0,1024.75,994.75,601.5777777777777,651.5777777777777
12,39,1045.375,626.5777777777777,55.9354347826087,46,0,1036.0,1066.0,1054.75,1024.75,601.5777777777777,651.5777777777777
12,40,1075.375,626.5777777777777,59.478888888888896,36,0,1066.0,1096.0,1084.75,1054.75,601.5777777777777,651.5777777777777
12,41,1105.375,626.5777777777777,60.596363636363634,33,0,1096.0,1126.0,1114.75,1084.75,601.5777777777777,651.5777777777777
12,42,1135.375,626.5777777777777,59.407714285714285,35,0,1126.0,1156.0,1144.75,1114.75,601.5777777777777,651.5777777777777
12,43,1165.375,626.5777777777777,59.529411764705905,34,0,1156.0,1186.0,1174.75,1144.75,601.5777777777777,651.5777777777777
12,44,1195.375,626.5777777777777,62.5145,20,0,1186.0,1216.0,1204.75,1174.75,601.5777777777777,651.5777777777777
12,45,1225.375,626.5777777777777,61.26818181818182,33,0,1216.0,1246.0,1234.75,1204.75,601.5777777777777,651.5777777777777
12,46,1255.375,626.5777777777777,57.09634146341464,41,0,1246.0,1276.0,1264.75,1234.75,601.5777777777777,651.5777777777777
12,47,1285.375,626.5777777777777,60.2058064516129,31,0,1276.0,1306.0,1294.75,1264.75,601.5777777777777,651.5777777777777
12,48,1315.375,626.5777777777777,58.59827586206898,29,0,1306.0,1336.0,1324.75,1294.75,601.5777777777777,651.5777777777777
12,49,1345.375,626.5777777777777,58.77492063492063,21,0,1336.0,1366.0,1354.75,1324.75,601.5777777777777,651.5777777777777
12,50,1375.375,626.5777777777777,54.83217391304348,23,0,1366.0,1396.0,1384.75,1354.75,601.5777777777777,651.5777777777777
12,51,1405.375,626.5777777777777,59.93391304347827,46,0,1396.0,1426.0,1414.75,1384.75,601.5777777777777,651.5777777777777
12,52,1435.375,626.5777777777777,47.08659999999999,50,0,1426.0,1456.0,1444.75,1414.75,601.5777777777777,651.5777777777777
12,53,1465.375,626.5777777777777,51.9135,40,0,1456.0,1486.0,1474.75,1444.75,601.5777777777777,651.5777777777777
12,54,1495.375,626.5777777777777,47.07744186046512,43,0,1486.0,1516.0,1504.75,1474.75,601.5777777777777,651.5777777777777
12,55,1525.375,626.5777777777777,45.081250000000004,40,0,1516.0,1546.0,1534.75,1504.75,601.5777777777777,651.5777777777777
12,56,1555.375,626.5777777777777,42.967173913043474,46,0,1546.0,1576.0,1564.75,1534.75,601.5777777777777,651.5777777777777
12,57,1585.375,626.5777777777777,41.764833333333314,60,0,1576.0,1606.0,1594.75,1564.75,601.5777777777777,651.5777777777777
12,58,1615.375,626.5777777777777,44.95333333333332,51,0,1606.0,1636.0,1624.75,1594.75,601.5777777777777,651.5777777777777
12,59,1645.375,626.5777777777777,32.05779661016948,59,0,1636.0,1666.0,1654.75,1624.75,601.5777777777777,651.5777777777777
12,60,1675.375,626.5777777777777,33.609166666666674,60,0,1666.0,1696.0,1684.75,1654.75,601.5777777777777,651.5777777777777
12,61,1705.375,626.5777777777777,38.42694915254236,59,0,1696.0,1726.0,1714.75,1684.75,601.5777777777777,651.5777777777777
12,62,1735.375,626.5777777777777,32.64230769230769,65,0,1726.0,1756.0,1744.75,1714.75,601.5777777777777,651.5777777777777
12,63,1765.375,626.5777777777777,32.57233766233767,77,0,1756.0,1786.0,1774.75,1744.75,601.5777777777777,651.5777777777777
12,64,1795.375,626.5777777777777,32.69131147540984,61,0,1786.0,1816.0,1804.75,1774.75,601.5777777777777,651.5777777777777
12,65,1825.375,626.5777777777777,25.970281690140848,71,0,1816.0,1846.0,1834.75,1804.75,601.5777777777777,651.5777777777777
12,66,1855.375,626.5777777777777,26.30383333333333,60,0,1846.0,1876.0,1864.75,1834.75,601.5777777777777,651.5777777777777
12,67,1885.375,626.5777777777777,26.089176470588235,85,0,1876.0,1906.0,1894.75,1864.75,601.5777777777777,651.5777777777777
12,68,1915.375,626.5777777777777,16.98490740740742,108,0,1906.0,1936.0,1924.75,1894.75,601.5777777777777,651.5777777777777
12,69,1945.375,626.5777777777777,26.33231884057972,69,0,1936.0,1966.0,1954.75,1924.75,601.5777777777777,651.5777777777777
12,70,1975.375,626.5777777777777,31.44172413793103,58,0,1966.0,1996.0,1984.75,1954.75,601.5777777777777,651.5777777777777
12,71,2005.375,626.5777777777777,38.54434782608695,46,0,1996.0,2026.0,2014.75,1984.75,601.5777777777777,651.5777777777777
12,72,2035.375,626.5777777777777,33.00160714285715,56,0,2026.0,2056.0,2044.75,2014.75,601.5777777777777,651.5777777777777
12,73,2065.375,626.5777777777777,27.377808219178096,73,0,2056.0,2086.0,2074.75,2044.75,601.5777777777777,651.5777777777777
12,74,2095.375,626.5777777777777,17.721621621621615,111,0,2086.0,2116.0,2104.75,2074.75,601.5777777777777,651.5777777777777
12,75,2125.375,626.5777777777777,24.588977272727266,88,0,2116.0,2146.0,2134.75,2104.75,601.5777777777777,651.5777777777777
12,76,2155.375,626.5777777777777,25.982571428571433,70,0,2146.0,2176.0,2164.75,2134.75,601.5777777777777,651.5777777777777
12,77,2185.375,626.5777777777777,15.008315789473686,95,0,2176.0,2206.0,2194.75,2164.75,601.5777777777777,651.5777777777777
12,78,2215.375,626.5777777777777,17.13527472527473,91,0,2206.0,2236.0,2224.75,2194.75,601.5777777777777,651.5777777777777
12,79,2245.375,626.5777777777777,21.69822222222221,90,0,2236.0,2266.0,2254.75,2224.75,601.5777777777777,651.5777777777777
12,80,2275.375,626.5777777777777,25.825945945945943,74,0,2266.0,2296.0,2284.75,2254.75,601.5777777777777,651.5777777777777
12,81,2305.375,626.5777777777777,29.232698412698408,63,0,2296.0,2326.0,2314.75,2284.75,601.5777777777777,651.5777777777777
12,82,2335.375,626.5777777777777,33.939800000000005,50,0,2326.0,2356.0,2344.75,2314.75,601.5777777777777,651.5777777777777
12,83,2365.375,626.5777777777777,31.401833333333336,60,0,2356.0,2386.0,2374.75,2344.75,601.5777777777777,651.5777777777777
12,84,2395.375,626.5777777777777,31.19453333333333,75,0,2386.0,2416.0,2404.75,2374.75,601.5777777777777,651.5777777777777
12,85,2425.375,626.5777777777777,29.44666666666667,66,0,2416.0,2446.0,2434.75,2404.75,601.5777777777777,651.5777777777777
12,86,2455.375,626.5777777777777,35.12816326530613,49,0,2446.0,2476.0,2464.75,2434.75,601.5777777777777,651.5777777777777
12,87,2485.375,626.5777777777777,34.983703703703696,54,0,2476.0,2506.0,2494.75,2464.75,601.5777777777777,651.5777777777777
12,88,2515.375,626.5777777777777,33.75254237288135,59,0,2506.0,2536.0,2524.75,2494.75,601.5777777777777,651.5777777777777
12,89,2545.375,626.5777777777777,35.167073170731705,82,0,2536.0,2566.0,2554.75,2524.75,601.5777777777777,651.5777777777777
12,90,2575.375,626.5777777777777,38.627049180327866,61,0,2566.0,2596.0,2584.75,2554.75,601.5777777777777,651.5777777777777
12,91,2605.375,626.5777777777777,36.761379310344836,58,0,2596.0,2626.0,2614.75,2584.75,601.5777777777777,651.5777777777777
12,92,2635.375,626.5777777777777,20.38536585365854,82,0,2626.0,2656.0,2644.75,2614.75,601.5777777777777,651.5777777777777
12,93,2665.375,626.5777777777777,17.68581395348837,86,0,2656.0,2686.0,2674.75,2644.75,601.5777777777777,651.5777777777777
12,94,2695.375,626.5777777777777,28.582428571428572,70,0,2686.0,2716.0,2704.75,2674.75,601.5777777777777,651.5777777777777
12,95,2725.375,626.5777777777777,29.59197368421053,76,0,2716.0,2746.0,2734.75,2704.75,601.5777777777777,651.5777777777777
12,96,2755.375,626.5777777777777,23.683333333333337,87,0,2746.0,2776.0,2764.75,2734.75,601.5777777777777,651.5777777777777
12,97,2785.375,626.5777777777777,22.506464646464632,99,0,2776.0,2806.0,2794.75,2764.75,601.5777777777777,651.5777777777777
12,98,2815.375,626.5777777777777,19.809454545454543,110,0,2806.0,2836.0,2824.75,2794.75,601.5777777777777,651.5777777777777
12,99,2845.375,626.5777777777777,21.78229166666667,96,0,2836.0,2866.0,2854.75,2824.75,601.5777777777777,651.5777777777777
12,100,2875.375,626.5777777777777,24.961973684210523,76,0,2866.0,2896.0,2884.75,2854.75,601.5777777777777,651.5777777777777
12,101,2905.375,626.5777777777777,29.505333333333326,60,0,2896.0,2926.0,2914.75,2884.75,601.5777777777777,651.5777777777777
12,102,2935.375,626.5777777777777,37.81578124999999,64,0,2926.0,2956.0,2944.75,2914.75,601.5777777777777,651.5777777777777
12,103,2965.375,626.5777777777777,42.93761904761904,42,0,2956.0,2986.0,2974.75,2944.75,601.5777777777777,651.5777777777777
12,104,2995.375,626.5777777777777,43.261372549019605,51,0,2986.0,3016.0,3004.75,2974.75,601.5777777777777,651.5777777777777
12,105,3025.375,626.5777777777777,36.18421875,64,0,3016.0,3046.0,3034.75,3004.75,601.5777777777777,651.5777777777777
12,106,3055.375,626.5777777777777,35.92838709677419,62,0,3046.0,3076.0,3064.75,3034.75,601.5777777777777,651.5777777777777
12,107,3085.375,626.5777777777777,42.345098039215685,51,0,3076.0,3106.0,3094.75,3064.75,601.5777777777777,651.5777777777777
12,108,3115.375,626.5777777777777,35.51581818181818,55,0,3106.0,3136.0,3124.75,3094.75,601.5777777777777,651.5777777777777
12,109,3145.375,626.5777777777777,36.11416666666666,60,0,3136.0,3166.0,3154.75,3124.75,601.5777777777777,651.5777777777777
12,110,3175.375,626.5777777777777,37.61560606060606,66,0,3166.0,3196.0,3184.75,3154.75,601.5777777777777,651.5777777777777
12,111,3205.375,626.5777777777777,33.59144927536232,69,0,3196.0,3226.0,3214.75,3184.75,601.5777777777777,651.5777777777777
12,112,3235.375,626.5777777777777,36.63645833333332,48,0,3226.0,3256.0,3244.75,3214.75,601.5777777777777,651.5777777777777
12,113,3265.375,626.5777777777777,29.96779411764706,68,0,3256.0,3286.0,3274.75,3244.75,601.5777777777777,651.5777777777777
12,114,3295.375,626.5777777777777,29.401518987341763,79,0,3286.0,3316.0,3304.75,3274.75,601.5777777777777,651.5777777777777
12,115,3325.375,626.5777777777777,14.706756756756771,111,0,3316.0,3346.0,3334.75,3304.75,601.5777777777777,651.5777777777777
12,116,3355.375,626.5777777777777,19.08320987654321,81,0,3346.0,3376.0,3364.75,3334.75,601.5777777777777,651.5777777777777
12,117,3385.375,626.5777777777777,24.560581395348834,86,0,3376.0,3406.0,3394.75,3364.75,601.5777777777777,651.5777777777777
12,118,3415.375,626.5777777777777,24.002777777777776,72,0,3406.0,3436.0,3424.75,3394.75,601.5777777777777,651.5777777777777
12,119,3445.375,626.5777777777777,20.667528089887643,89,0,3436.0,3466.0,3454.75,3424.75,601.5777777777777,651.5777777777777
12,120,3475.375,626.5777777777777,22.468378378378375,74,0,3466.0,3496.0,3484.75,3454.75,601.5777777777777,651.5777777777777
12,121,3505.375,626.5777777777777,29.453437499999996,64,0,3496.0,3526.0,3514.75,3484.75,601.5777777777777,651.5777777777777
12,122,3535.375,626.5777777777777,32.53379746835443,79,0,3526.0,3556.0,3544.75,3514.75,601.5777777777777,651.5777777777777
12,123,3565.375,626.5777777777777,30.329634146341455,82,0,3556.0,3586.0,3574.75,3544.75,601.5777777777777,651.5777777777777
12,124,3595.375,626.5777777777777,26.490119047619043,84,0,3586.0,3616.0,3604.75,3574.75,601.5777777777777,651.5777777777777
12,125,3625.375,626.5777777777777,20.838415841584165,101,0,3616.0,3646.0,3634.75,3604.75,601.5777777777777,651.5777777777777
12,126,3655.375,626.5777777777777,20.27452054794521,73,0,3646.0,3676.0,3664.75,3634.75,601.5777777777777,651.5777777777777
12,127,3685.375,626.5777777777777,22.231111111111108,27,0,3676.0,3706.0,3694.75,3664.75,601.5777777777777,651.5777777777777
12,128,3715.375,626.5777777777777,,0,0,3706.0,3736.0,3724.75,3694.75,601.5777777777777,651.5777777777777
12,129,3745.375,626.5777777777777,,0,0,3736.0,3766.0,3754.75,3724.75,601.5777777777777,651.5777777777777
12,130,3775.375,626.5777777777777,,0,0,3766.0,3796.0,3784.75,3754.75,601.5777777777777,651.5777777777777
12,131,3805.375,626.5777777777777,,0,0,3796.0,3826.0,3814.75,3784.75,601.5777777777777,651.5777777777777
12,132,3835.375,626.5777777777777,,0,0,3826.0,3856.0,3844.75,3814.75,601.5777777777777,651.5777777777777
12,133,3865.375,626.5777777777777,,0,0,3856.0,3886.0,3874.75,3844.75,601.5777777777777,651.5777777777777
12,134,3895.375,626.5777777777777,,0,0,3886.0,3916.0,3904.75,3874.75,601.5777777777777,651.5777777777777
13,4,-15.875,676.5777777777777,,0,0,-25.25,4.75,-6.5,-36.5,651.5777777777777,701.5777777777777
13,5,14.125,676.5777777777777,69.98777777777777,21,0,4.75,34.75,23.5,-6.5,651.5777777777777,701.5777777777777
13,6,44.125,676.5777777777777,64.55896551724138,29,0,34.75,64.75,53.5,23.5,651.5777777777777,701.5777777777777
13,7,74.125,676.5777777777777,72.08000000000001,14,0,64.75,94.75,83.5,53.5,651.5777777777777,701.5777777777777
13,8,104.125,676.5777777777777,71.81,13,0,94.75,124.75,113.5,83.5,651.5777777777777,701.5777777777777
13,9,134.125,676.5777777777777,69.9923076923077,13,0,124.75,154.75,143.5,113.5,651.5777777777777,701.5777777777777
13,10,164.125,676.5777777777777,66.80909090909091,33,0,154.75,184.75,173.5,143.5,651.5777777777777,701.5777777777777
13,11,194.125,676.5777777777777,69.24958333333332,24,0,184.75,214.75,203.5,173.5,651.5777777777777,701.5777777777777
13,12,224.125,676.5777777777777,72.27310344827586,29,0,214.75,244.75,233.5,203.5,651.5777777777777,701.5777777777777
13,13,254.125,676.5777777777777,70.790625,16,0,244.75,274.75,263.5,233.5,651.5777777777777,701.5777777777777
13,14,284.125,676.5777777777777,75.43400000000001,15,0,274.75,304.75,293.5,263.5,651.5777777777777,701.5777777777777
13,15,314.125,676.5777777777777,75.56090909090909,11,0,304.75,334.75,323.5,293.5,651.5777777777777,701.5777777777777
13,16,344.125,676.5777777777777,68.22647058823529,17,0,334.75,364.75,353.5,323.5,651.5777777777777,701.5777777777777
13,17,374.125,676.5777777777777,69.86074074074074,27,0,364.75,394.75,383.5,353.5,651.5777777777777,701.5777777777777
13,18,404.125,676.5777777777777,74.44142857142856,21,0,394.75,424.75,413.5,383.5,651.5777777777777,701.5777777777777
13,19,434.125,676.5777777777777,65.50666666666667,21,0,424.75,454.75,443.5,413.5,651.5777777777777,701.5777777777777
13,20,464.125,676.5777777777777,63.08225806451613,31,0,454.75,484.75,473.5,443.5,651.5777777777777,701.5777777777777
13,21,494.125,676.5777777777777,64.0235135135135,37,0,484.75,514.75,503.5,473.5,651.5777777777777,701.5777777777777
13,22,524.125,676.5777777777777,60.746562499999996,32,0,514.75,544.75,533.5,503.5,651.5777777777777,701.5777777777777
13,23,554.125,676.5777777777777,69.66473684210527,19,0,544.75,574.75,563.5,533.5,651.5777777777777,701.5777777777777
13,24,584.125,676.5777777777777,65.6875,24,0,574.75,604.75,593.5,563.5,651.5777777777777,701.5777777777777
13,25,614.125,676.5777777777777,72.99652173913046,23,0,604.75,634.75,623.5,593.5,651.5777777777777,701.5777777777777
13,26,644.125,676.5777777777777,66.50312500000001,16,0,634.75,664.75,653.5,623.5,651.5777777777777,701.5777777777777
13,27,674.125,676.5777777777777,67.9049019607843,17,0,664.75,694.75,683.5,653.5,651.5777777777777,701.5777777777777
13,28,704.125,676.5777777777777,66.00888888888888,27,0,694.75,724.75,713.5,683.5,651.5777777777777,701.5777777777777
13,29,734.125,676.5777777777777,68.2706896551724,29,0,724.75,754.75,743.5,713.5,651.5777777777777,701.5777777777777
13,30,764.125,676.5777777777777,67.28040000000001,25,0,754.75,784.75,773.5,743.5,651.5777777777777,701.5777777777777
13,31,794.125,676.5777777777777,65.97208333333334,24,0,784.75,814.75,803.5,773.5,651.5777777777777,701.5777777777777
13,32,824.125,676.5777777777777,65.46000000000001,29,0,814.75,844.75,833.5,803.5,651.5777777777777,701.5777777777777
13,33,854.125,676.5777777777777,66.84000000000002,27,0,844.75,874.75,863.5,833.5,651.5777777777777,701.5777777777777
13,34,884.125,676.5777777777777,75.07527777777777,12,0,874.75,904.75,893.5,863.5,651.5777777777777,701.5777777777777
13,35,914.125,676.5777777777777,62.68695652173915,23,0,904.75,934.75,923.5,893.5,651.5777777777777,701.5777777777777
13,36,944.125,676.5777777777777,60.17423076923077,26,0,934.75,964.75,953.5,923.5,651.5777777777777,701.5777777777777
13,37,974.125,676.5777777777777,60.11487804878049,41,0,964.75,994.75,983.5,953.5,651.5777777777777,701.5777777777777
13,38,1004.125,676.5777777777777,58.80882352941176,34,0,994.75,1024.75,1013.5,983.5,651.5777777777777,701.5777777777777
13,39,1034.125,676.5777777777777,55.57552631578946,38,0,1024.75,1054.75,1043.5,1013.5,651.5777777777777,701.5777777777777
13,40,1064.125,676.5777777777777,58.65860465116278,43,0,1054.75,1084.75,1073.5,1043.5,651.5777777777777,701.5777777777777
13,41,1094.125,676.5777777777777,62.31846153846155,26,0,1084.75,1114.75,1103.5,1073.5,651.5777777777777,701.5777777777777
13,42,1124.125,676.5777777777777,61.81571428571429,35,0,1114.75,1144.75,1133.5,1103.5,651.5777777777777,701.5777777777777
13,43,1154.125,676.5777777777777,61.16432432432431,37,0,1144.75,1174.75,1163.5,1133.5,651.5777777777777,701.5777777777777
13,44,1184.125,676.5777777777777,64.60947368421053,19,0,1174.75,1204.75,1193.5,1163.5,651.5777777777777,701.5777777777777
13,45,1214.125,676.5777777777777,63.07130434782608,23,0,1204.75,1234.75,1223.5,1193.5,651.5777777777777,701.5777777777777
13,46,1244.125,676.5777777777777,58.554285714285705,35,0,1234.75,1264.75,1253.5,1223.5,651.5777777777777,701.5777777777777
13,47,1274.125,676.5777777777777,59.04475000000001,40,0,1264.75,1294.75,1283.5,1253.5,651.5777777777777,701.5777777777777
13,48,1304.125,676.5777777777777,60.83222222222222,18,0,1294.75,1324.75,1313.5,1283.5,651.5777777777777,701.5777777777777
13,49,1334.125,676.5777777777777,57.462051282051284,39,0,1324.75,1354.75,1343.5,1313.5,651.5777777777777,701.5777777777777
13,50,1364.125,676.5777777777777,57.48133333333333,15,0,1354.75,1384.75,1373.5,1343.5,651.5777777777777,701.5777777777777
13,51,1394.125,676.5777777777777,59.41257142857143,35,0,1384.75,1414.75,1403.5,1373.5,651.5777777777777,701.5777777777777
13,52,1424.125,676.5777777777777,52.035510204081625,49,0,1414.75,1444.75,1433.5,1403.5,651.5777777777777,701.5777777777777
13,53,1454.125,676.5777777777777,44.111228070175436,57,0,1444.75,1474.75,1463.5,1433.5,651.5777777777777,701.5777777777777
13,54,1484.125,676.5777777777777,53.6967741935484,31,0,1474.75,1504.75,1493.5,1463.5,651.5777777777777,701.5777777777777
13,55,1514.125,676.5777777777777,48.61923076923077,39,0,1504.75,1534.75,1523.5,1493.5,651.5777777777777,701.5777777777777
13,56,1544.125,676.5777777777777,50.68914285714286,35,0,1534.75,1564.75,1553.5,1523.5,651.5777777777777,701.5777777777777
13,57,1574.125,676.5777777777777,44.51695652173913,46,0,1564.75,1594.75,1583.5,1553.5,651.5777777777777,701.5777777777777
13,58,1604.125,676.5777777777777,44.77147435897435,52,0,1594.75,1624.75,1613.5,1583.5,651.5777777777777,701.5777777777777
13,59,1634.125,676.5777777777777,33.84590163934426,61,0,1624.75,1654.75,1643.5,1613.5,651.5777777777777,701.5777777777777
13,60,1664.125,676.5777777777777,32.164576271186434,59,0,1654.75,1684.75,1673.5,1643.5,651.5777777777777,701.5777777777777
13,61,1694.125,676.5777777777777,37.416714285714285,60,0,1684.75,1714.75,1703.5,1673.5,651.5777777777777,701.5777777777777
13,62,1724.125,676.5777777777777,35.73074074074074,54,0,1714.75,1744.75,1733.5,1703.5,651.5777777777777,701.5777777777777
13,63,1754.125,676.5777777777777,32.650937500000005,64,0,1744.75,1774.75,1763.5,1733.5,651.5777777777777,701.5777777777777
13,64,1784.125,676.5777777777777,35.80735294117647,68,0,1774.75,1804.75,1793.5,1763.5,651.5777777777777,701.5777777777777
13,65,1814.125,676.5777777777777,26.612731481481486,72,0,1804.75,1834.75,1823.5,1793.5,651.5777777777777,701.5777777777777
13,66,1844.125,676.5777777777777,26.93779661016949,59,0,1834.75,1864.75,1853.5,1823.5,651.5777777777777,701.5777777777777
13,67,1874.125,676.5777777777777,30.102909090909083,55,0,1864.75,1894.75,1883.5,1853.5,651.5777777777777,701.5777777777777
13,68,1904.125,676.5777777777777,27.120138888888885,72,0,1894.75,1924.75,1913.5,1883.5,651.5777777777777,701.5777777777777
13,69,1934.125,676.5777777777777,30.95149253731343,67,0,1924.75,1954.75,1943.5,1913.5,651.5777777777777,701.5777777777777
13,70,1964.125,676.5777777777777,33.41444444444445,54,0,1954.75,1984.75,1973.5,1943.5,651.5777777777777,701.5777777777777
13,71,1994.125,676.5777777777777,36.81199999999999,50,0,1984.75,2014.75,2003.5,1973.5,651.5777777777777,701.5777777777777
13,72,2024.125,676.5777777777777,37.59458333333334,48,0,2014.75,2044.75,2033.5,2003.5,651.5777777777777,701.5777777777777
13,73,2054.125,676.5777777777777,32.77365384615384,52,0,2044.75,2074.75,2063.5,2033.5,651.5777777777777,701.5777777777777
13,74,2084.125,676.5777777777777,24.403181818181817,88,0,2074.75,2104.75,2093.5,2063.5,651.5777777777777,701.5777777777777
13,75,2114.125,676.5777777777777,28.192000000000007,70,0,2104.75,2134.75,2123.5,2093.5,651.5777777777777,701.5777777777777
13,76,2144.125,676.5777777777777,25.77217948717949,78,0,2134.75,2164.75,2153.5,2123.5,651.5777777777777,701.5777777777777
13,77,2174.125,676.5777777777777,24.299523809523812,63,0,2164.75,2194.75,2183.5,2153.5,651.5777777777777,701.5777777777777
13,78,2204.125,676.5777777777777,17.453835616438358,73,0,2194.75,2224.75,2213.5,2183.5,651.5777777777777,701.5777777777777
13,79,2234.125,676.5777777777777,25.682328767123288,73,0,2224.75,2254.75,2243.5,2213.5,651.5777777777777,701.5777777777777
13,80,2264.125,676.5777777777777,33.5622033898305,59,0,2254.75,2284.75,2273.5,2243.5,651.5777777777777,701.5777777777777
13,81,2294.125,676.5777777777777,34.629999999999995,57,0,2284.75,2314.75,2303.5,2273.5,651.5777777777777,701.5777777777777
13,82,2324.125,676.5777777777777,35.49422222222223,45,0,2314.75,2344.75,2333.5,2303.5,651.5777777777777,701.5777777777777
13,83,2354.125,676.5777777777777,37.03999999999999,46,0,2344.75,2374.75,2363.5,2333.5,651.5777777777777,701.5777777777777
13,84,2384.125,676.5777777777777,32.171935483870975,62,0,2374.75,2404.75,2393.5,2363.5,651.5777777777777,701.5777777777777
13,85,2414.125,676.5777777777777,32.38171428571428,70,0,2404.75,2434.75,2423.5,2393.5,651.5777777777777,701.5777777777777
13,86,2444.125,676.5777777777777,38.461999999999996,45,0,2434.75,2464.75,2453.5,2423.5,651.5777777777777,701.5777777777777
13,87,2474.125,676.5777777777777,38.21928571428572,42,0,2464.75,2494.75,2483.5,2453.5,651.5777777777777,701.5777777777777
13,88,2504.125,676.5777777777777,37.5303846153846,52,0,2494.75,2524.75,2513.5,2483.5,651.5777777777777,701.5777777777777
13,89,2534.125,676.5777777777777,35.9016393442623,61,0,2524.75,2554.75,2543.5,2513.5,651.5777777777777,701.5777777777777
13,90,2564.125,676.5777777777777,35.130495495495495,74,0,2554.75,2584.75,2573.5,2543.5,651.5777777777777,701.5777777777777
13,91,2594.125,676.5777777777777,38.663272727272734,55,0,2584.75,2614.75,2603.5,2573.5,651.5777777777777,701.5777777777777
13,92,2624.125,676.5777777777777,22.218289473684205,76,0,2614.75,2644.75,2633.5,2603.5,651.5777777777777,701.5777777777777
13,93,2654.125,676.5777777777777,19.509594594594596,74,0,2644.75,2674.75,2663.5,2633.5,651.5777777777777,701.5777777777777
13,94,2684.125,676.5777777777777,31.27045454545455,66,0,2674.75,2704.75,2693.5,2663.5,651.5777777777777,701.5777777777777
13,95,2714.125,676.5777777777777,31.78590163934427,61,0,2704.75,2734.75,2723.5,2693.5,651.5777777777777,701.5777777777777
13,96,2744.125,676.5777777777777,27.584202898550725,69,0,2734.75,2764.75,2753.5,2723.5,651.5777777777777,701.5777777777777
13,97,2774.125,676.5777777777777,26.714358974358976,78,0,2764.75,2794.75,2783.5,2753.5,651.5777777777777,701.5777777777777
13,98,2804.125,676.5777777777777,25.01025316455696,79,0,2794.75,2824.75,2813.5,2783.5,651.5777777777777,701.5777777777777
13,99,2834.125,676.5777777777777,28.65772727272728,66,0,2824.75,2854.75,2843.5,2813.5,651.5777777777777,701.5777777777777
13,100,2864.125,676.5777777777777,29.193287671232877,73,0,2854.75,2884.75,2873.5,2843.5,651.5777777777777,701.5777777777777
13,101,2894.125,676.5777777777777,30.323636363636357,55,0,2884.75,2914.75,2903.5,2873.5,651.5777777777777,701.5777777777777
13,102,2924.125,676.5777777777777,36.45701754385964,57,0,2914.75,2944.75,2933.5,2903.5,651.5777777777777,701.5777777777777
13,103,2954.125,676.5777777777777,41.973958333333314,48,0,2944.75,2974.75,2963.5,2933.5,651.5777777777777,701.5777777777777
13,104,2984.125,676.5777777777777,44.39651162790696,43,0,2974.75,3004.75,2993.5,2963.5,651.5777777777777,701.5777777777777
13,105,3014.125,676.5777777777777,37.177833333333325,60,0,3004.75,3034.75,3023.5,2993.5,651.5777777777777,701.5777777777777
13,106,3044.125,676.5777777777777,34.332598039215675,68,0,3034.75,3064.75,3053.5,3023.5,651.5777777777777,701.5777777777777
13,107,3074.125,676.5777777777777,36.98872727272727,55,0,3064.75,3094.75,3083.5,3053.5,651.5777777777777,701.5777777777777
13,108,3104.125,676.5777777777777,37.23890909090909,55,0,3094.75,3124.75,3113.5,3083.5,651.5777777777777,701.5777777777777
13,109,3134.125,676.5777777777777,37.64521739130435,46,0,3124.75,3154.75,3143.5,3113.5,651.5777777777777,701.5777777777777
13,110,3164.125,676.5777777777777,34.92276923076922,65,0,3154.75,3184.75,3173.5,3143.5,651.5777777777777,701.5777777777777
13,111,3194.125,676.5777777777777,29.4878313253012,83,0,3184.75,3214.75,3203.5,3173.5,651.5777777777777,701.5777777777777
13,112,3224.125,676.5777777777777,31.826923076923084,65,0,3214.75,3244.75,3233.5,3203.5,651.5777777777777,701.5777777777777
13,113,3254.125,676.5777777777777,33.08803921568629,51,0,3244.75,3274.75,3263.5,3233.5,651.5777777777777,701.5777777777777
13,114,3284.125,676.5777777777777,32.7159420289855,69,0,3274.75,3304.75,3293.5,3263.5,651.5777777777777,701.5777777777777
13,115,3314.125,676.5777777777777,19.67902439024392,82,0,3304.75,3334.75,3323.5,3293.5,651.5777777777777,701.5777777777777
13,116,3344.125,676.5777777777777,22.306756756756755,74,0,3334.75,3364.75,3353.5,3323.5,651.5777777777777,701.5777777777777
13,117,3374.125,676.5777777777777,28.648412698412695,63,0,3364.75,3394.75,3383.5,3353.5,651.5777777777777,701.5777777777777
13,118,3404.125,676.5777777777777,31.676923076923064,65,0,3394.75,3424.75,3413.5,3383.5,651.5777777777777,701.5777777777777
13,119,3434.125,676.5777777777777,25.21279411764706,68,0,3424.75,3454.75,3443.5,3413.5,651.5777777777777,701.5777777777777
13,120,3464.125,676.5777777777777,31.12049180327869,61,0,3454.75,3484.75,3473.5,3443.5,651.5777777777777,701.5777777777777
13,121,3494.125,676.5777777777777,33.10241935483871,62,0,3484.75,3514.75,3503.5,3473.5,651.5777777777777,701.5777777777777
13,122,3524.125,676.5777777777777,35.77207547169811,53,0,3514.75,3544.75,3533.5,3503.5,651.5777777777777,701.5777777777777
13,123,3554.125,676.5777777777777,34.027260273972615,73,0,3544.75,3574.75,3563.5,3533.5,651.5777777777777,701.5777777777777
13,124,3584.125,676.5777777777777,29.817941176470587,68,0,3574.75,3604.75,3593.5,3563.5,651.5777777777777,701.5777777777777
13,125,3614.125,676.5777777777777,26.82689189189189,74,0,3604.75,3634.75,3623.5,3593.5,651.5777777777777,701.5777777777777
13,126,3644.125,676.5777777777777,25.57797297297297,74,0,3634.75,3664.75,3653.5,3623.5,651.5777777777777,701.5777777777777
13,127,3674.125,676.5777777777777,23.234285714285715,63,0,3664.75,3694.75,3683.5,3653.5,651.5777777777777,701.5777777777777
13,128,3704.125,676.5777777777777,20.801666666666666,6,0,3694.75,3724.75,3713.5,3683.5,651.5777777777777,701.5777777777777
13,129,3734.125,676.5777777777777,,0,0,3724.75,3754.75,3743.5,3713.5,651.5777777777777,701.5777777777777
13,130,3764.125,676.5777777777777,,0,0,3754.75,3784.75,3773.5,3743.5,651.5777777777777,701.5777777777777
13,131,3794.125,676.5777777777777,,0,0,3784.75,3814.75,3803.5,3773.5,651.5777777777777,701.5777777777777
13,132,3824.125,676.5777777777777,,0,0,3814.75,3844.75,3833.5,3803.5,651.5777777777777,701.5777777777777
13,133,3854.125,676.5777777777777,,0,0,3844.75,3874.75,3863.5,3833.5,651.5777777777777,701.5777777777777
13,134,3884.125,676.5777777777777,,0,0,3874.75,3904.75,3893.5,3863.5,651.5777777777777,701.5777777777777
14,5,2.875,726.5777777777777,67.70444444444445,9,0,-6.5,23.5,12.25,-17.75,701.5777777777777,751.5777777777777
14,6,32.875,726.5777777777777,64.98121212121212,33,0,23.5,53.5,42.25,12.25,701.5777777777777,751.5777777777777
14,7,62.875,726.5777777777777,63.13700000000002,20,0,53.5,83.5,72.25,42.25,701.5777777777777,751.5777777777777
14,8,92.875,726.5777777777777,71.158,15,0,83.5,113.5,102.25,72.25,701.5777777777777,751.5777777777777
14,9,122.875,726.5777777777777,73.9325,16,0,113.5,143.5,132.25,102.25,701.5777777777777,751.5777777777777
14,10,152.875,726.5777777777777,60.7932258064516,31,0,143.5,173.5,162.25,132.25,701.5777777777777,751.5777777777777
14,11,182.875,726.5777777777777,68.8125,28,0,173.5,203.5,192.25,162.25,701.5777777777777,751.5777777777777
14,12,212.875,726.5777777777777,68.468,35,0,203.5,233.5,222.25,192.25,701.5777777777777,751.5777777777777
14,13,242.875,726.5777777777777,78.8975,16,0,233.5,263.5,252.25,222.25,701.5777777777777,751.5777777777777
14,14,272.875,726.5777777777777,71.34,19,0,263.5,293.5,282.25,252.25,701.5777777777777,751.5777777777777
14,15,302.875,726.5777777777777,78.80636363636364,11,0,293.5,323.5,312.25,282.25,701.5777777777777,751.5777777777777
14,16,332.875,726.5777777777777,74.22,10,0,323.5,353.5,342.25,312.25,701.5777777777777,751.5777777777777
14,17,362.875,726.5777777777777,67.41533333333331,30,0,353.5,383.5,372.25,342.25,701.5777777777777,751.5777777777777
14,18,392.875,726.5777777777777,77.92210526315789,19,0,383.5,413.5,402.25,372.25,701.5777777777777,751.5777777777777
14,19,422.875,726.5777777777777,68.21200000000002,20,0,413.5,443.5,432.25,402.25,701.5777777777777,751.5777777777777
14,20,452.875,726.5777777777777,67.27275720164607,27,0,443.5,473.5,462.25,432.25,701.5777777777777,751.5777777777777
14,21,482.875,726.5777777777777,61.906249999999986,32,0,473.5,503.5,492.25,462.25,701.5777777777777,751.5777777777777
14,22,512.875,726.5777777777777,62.235277777777775,36,0,503.5,533.5,522.25,492.25,701.5777777777777,751.5777777777777
14,23,542.875,726.5777777777777,61.1948275862069,29,0,533.5,563.5,552.25,522.25,701.5777777777777,751.5777777777777
14,24,572.875,726.5777777777777,72.85636363636364,22,0,563.5,593.5,582.25,552.25,701.5777777777777,751.5777777777777
14,25,602.875,726.5777777777777,68.9296,25,0,593.5,623.5,612.25,582.25,701.5777777777777,751.5777777777777
14,26,632.875,726.5777777777777,73.14529411764707,17,0,623.5,653.5,642.25,612.25,701.5777777777777,751.5777777777777
14,27,662.875,726.5777777777777,66.82074074074073,27,0,653.5,683.5,672.25,642.25,701.5777777777777,751.5777777777777
14,28,692.875,726.5777777777777,66.316875,16,0,683.5,713.5,702.25,672.25,701.5777777777777,751.5777777777777
14,29,722.875,726.5777777777777,66.71735294117647,34,0,713.5,743.5,732.25,702.25,701.5777777777777,751.5777777777777
14,30,752.875,726.5777777777777,68.19923076923077,26,0,743.5,773.5,762.25,732.25,701.5777777777777,751.5777777777777
14,31,782.875,726.5777777777777,67.99478260869564,23,0,773.5,803.5,792.25,762.25,701.5777777777777,751.5777777777777
14,32,812.875,726.5777777777777,64.91617647058824,34,0,803.5,833.5,822.25,792.25,701.5777777777777,751.5777777777777
14,33,842.875,726.5777777777777,66.14,29,0,833.5,863.5,852.25,822.25,701.5777777777777,751.5777777777777
14,34,872.875,726.5777777777777,69.8423076923077,13,0,863.5,893.5,882.25,852.25,701.5777777777777,751.5777777777777
14,35,902.875,726.5777777777777,73.86857142857143,14,0,893.5,923.5,912.25,882.25,701.5777777777777,751.5777777777777
14,36,932.875,726.5777777777777,57.310322580645156,31,0,923.5,953.5,942.25,912.25,701.5777777777777,751.5777777777777
14,37,962.875,726.5777777777777,62.45485714285713,35,0,953.5,983.5,972.25,942.25,701.5777777777777,751.5777777777777
14,38,992.875,726.5777777777777,59.24888888888889,36,0,983.5,1013.5,1002.25,972.25,701.5777777777777,751.5777777777777
14,39,1022.875,726.5777777777777,57.171463414634154,41,0,1013.5,1043.5,1032.25,1002.25,701.5777777777777,751.5777777777777
14,40,1052.875,726.5777777777777,53.18702127659574,47,0,1043.5,1073.5,1062.25,1032.25,701.5777777777777,751.5777777777777
14,41,1082.875,726.5777777777777,61.31281250000001,32,0,1073.5,1103.5,1092.25,1062.25,701.5777777777777,751.5777777777777
14,42,1112.875,726.5777777777777,63.36551724137931,29,0,1103.5,1133.5,1122.25,1092.25,701.5777777777777,751.5777777777777
14,43,1142.875,726.5777777777777,61.66431746031746,35,0,1133.5,1163.5,1152.25,1122.25,701.5777777777777,751.5777777777777
14,44,1172.875,726.5777777777777,63.7496551724138,29,0,1163.5,1193.5,1182.25,1152.25,701.5777777777777,751.5777777777777
14,45,1202.875,726.5777777777777,61.82047619047618,21,0,1193.5,1223.5,1212.25,1182.25,701.5777777777777,751.5777777777777
14,46,1232.875,726.5777777777777,62.66896551724137,29,0,1223.5,1253.5,1242.25,1212.25,701.5777777777777,751.5777777777777
14,47,1262.875,726.5777777777777,54.315,40,0,1253.5,1283.5,1272.25,1242.25,701.5777777777777,751.5777777777777
14,48,1292.875,726.5777777777777,59.13935483870968,31,0,1283.5,1313.5,1302.25,1272.25,701.5777777777777,751.5777777777777
14,49,1322.875,726.5777777777777,54.32411764705881,34,0,1313.5,1343.5,1332.25,1302.25,701.5777777777777,751.5777777777777
14,50,1352.875,726.5777777777777,47.85571428571429,28,0,1343.5,1373.5,1362.25,1332.25,701.5777777777777,751.5777777777777
14,51,1382.875,726.5777777777777,55.13111111111111,27,0,1373.5,1403.5,1392.25,1362.25,701.5777777777777,751.5777777777777
14,52,1412.875,726.5777777777777,56.19926829268294,41,0,1403.5,1433.5,1422.25,1392.25,701.5777777777777,751.5777777777777
14,53,1442.875,726.5777777777777,42.868113207547175,53,0,1433.5,1463.5,1452.25,1422.25,701.5777777777777,751.5777777777777
14,54,1472.875,726.5777777777777,46.526511627906984,43,0,1463.5,1493.5,1482.25,1452.25,701.5777777777777,751.5777777777777
14,55,1502.875,726.5777777777777,52.544166666666655,36,0,1493.5,1523.5,1512.25,1482.25,701.5777777777777,751.5777777777777
14,56,1532.875,726.5777777777777,49.938421052631575,38,0,1523.5,1553.5,1542.25,1512.25,701.5777777777777,751.5777777777777
14,57,1562.875,726.5777777777777,46.71944444444445,36,0,1553.5,1583.5,1572.25,1542.25,701.5777777777777,751.5777777777777
14,58,1592.875,726.5777777777777,43.196950354609946,47,0,1583.5,1613.5,1602.25,1572.25,701.5777777777777,751.5777777777777
14,59,1622.875,726.5777777777777,36.8561403508772,57,0,1613.5,1643.5,1632.25,1602.25,701.5777777777777,751.5777777777777
14,60,1652.875,726.5777777777777,33.497307692307686,52,0,1643.5,1673.5,1662.25,1632.25,701.5777777777777,751.5777777777777
14,61,1682.875,726.5777777777777,34.73196428571429,56,0,1673.5,1703.5,1692.25,1662.25,701.5777777777777,751.5777777777777
14,62,1712.875,726.5777777777777,33.59984126984127,63,0,1703.5,1733.5,1722.25,1692.25,701.5777777777777,751.5777777777777
14,63,1742.875,726.5777777777777,33.64578947368422,57,0,1733.5,1763.5,1752.25,1722.25,701.5777777777777,751.5777777777777
14,64,1772.875,726.5777777777777,35.57723958333331,64,0,1763.5,1793.5,1782.25,1752.25,701.5777777777777,751.5777777777777
14,65,1802.875,726.5777777777777,30.180000000000007,66,0,1793.5,1823.5,1812.25,1782.25,701.5777777777777,751.5777777777777
14,66,1832.875,726.5777777777777,27.86,68,0,1823.5,1853.5,1842.25,1812.25,701.5777777777777,751.5777777777777
14,67,1862.875,726.5777777777777,31.801,50,0,1853.5,1883.5,1872.25,1842.25,701.5777777777777,751.5777777777777
14,68,1892.875,726.5777777777777,29.25434782608695,69,0,1883.5,1913.5,1902.25,1872.25,701.5777777777777,751.5777777777777
14,69,1922.875,726.5777777777777,29.881617647058825,68,0,1913.5,1943.5,1932.25,1902.25,701.5777777777777,751.5777777777777
14,70,1952.875,726.5777777777777,33.04661016949152,59,0,1943.5,1973.5,1962.25,1932.25,701.5777777777777,751.5777777777777
14,71,1982.875,726.5777777777777,34.244629629629635,54,0,1973.5,2003.5,1992.25,1962.25,701.5777777777777,751.5777777777777
14,72,2012.875,726.5777777777777,37.188076923076906,52,0,2003.5,2033.5,2022.25,1992.25,701.5777777777777,751.5777777777777
14,73,2042.875,726.5777777777777,33.74179999999999,50,0,2033.5,2063.5,2052.25,2022.25,701.5777777777777,751.5777777777777
14,74,2072.875,726.5777777777777,24.95379746835443,79,0,2063.5,2093.5,2082.25,2052.25,701.5777777777777,751.5777777777777
14,75,2102.875,726.5777777777777,26.476172839506177,81,0,2093.5,2123.5,2112.25,2082.25,701.5777777777777,751.5777777777777
14,76,2132.875,726.5777777777777,27.34890410958904,73,0,2123.5,2153.5,2142.25,2112.25,701.5777777777777,751.5777777777777
14,77,2162.875,726.5777777777777,23.408026315789485,76,0,2153.5,2183.5,2172.25,2142.25,701.5777777777777,751.5777777777777
14,78,2192.875,726.5777777777777,21.84854545454546,55,0,2183.5,2213.5,2202.25,2172.25,701.5777777777777,751.5777777777777
14,79,2222.875,726.5777777777777,26.681857142857137,70,0,2213.5,2243.5,2232.25,2202.25,701.5777777777777,751.5777777777777
14,80,2252.875,726.5777777777777,33.436701680672265,68,0,2243.5,2273.5,2262.25,2232.25,701.5777777777777,751.5777777777777
14,81,2282.875,726.5777777777777,39.01265306122449,49,0,2273.5,2303.5,2292.25,2262.25,701.5777777777777,751.5777777777777
14,82,2312.875,726.5777777777777,37.8838,50,0,2303.5,2333.5,2322.25,2292.25,701.5777777777777,751.5777777777777
14,83,2342.875,726.5777777777777,39.51428571428571,42,0,2333.5,2363.5,2352.25,2322.25,701.5777777777777,751.5777777777777
14,84,2372.875,726.5777777777777,31.225423728813567,59,0,2363.5,2393.5,2382.25,2352.25,701.5777777777777,751.5777777777777
14,85,2402.875,726.5777777777777,31.50661538461539,65,0,2393.5,2423.5,2412.25,2382.25,701.5777777777777,751.5777777777777
14,86,2432.875,726.5777777777777,39.40566037735848,53,0,2423.5,2453.5,2442.25,2412.25,701.5777777777777,751.5777777777777
14,87,2462.875,726.5777777777777,38.80439024390243,41,0,2453.5,2483.5,2472.25,2442.25,701.5777777777777,751.5777777777777
14,88,2492.875,726.5777777777777,39.09500000000001,44,0,2483.5,2513.5,2502.25,2472.25,701.5777777777777,751.5777777777777
14,89,2522.875,726.5777777777777,36.29491228070175,57,0,2513.5,2543.5,2532.25,2502.25,701.5777777777777,751.5777777777777
14,90,2552.875,726.5777777777777,35.79259740259741,77,0,2543.5,2573.5,2562.25,2532.25,701.5777777777777,751.5777777777777
14,91,2582.875,726.5777777777777,36.66909090909091,66,0,2573.5,2603.5,2592.25,2562.25,701.5777777777777,751.5777777777777
14,92,2612.875,726.5777777777777,25.704929577464778,71,0,2603.5,2633.5,2622.25,2592.25,701.5777777777777,751.5777777777777
14,93,2642.875,726.5777777777777,15.473799999999999,100,0,2633.5,2663.5,2652.25,2622.25,701.5777777777777,751.5777777777777
14,94,2672.875,726.5777777777777,25.645875,80,0,2663.5,2693.5,2682.25,2652.25,701.5777777777777,751.5777777777777
14,95,2702.875,726.5777777777777,33.95507936507937,63,0,2693.5,2723.5,2712.25,2682.25,701.5777777777777,751.5777777777777
14,96,2732.875,726.5777777777777,28.688769230769225,65,0,2723.5,2753.5,2742.25,2712.25,701.5777777777777,751.5777777777777
14,97,2762.875,726.5777777777777,24.644516129032247,93,0,2753.5,2783.5,2772.25,2742.25,701.5777777777777,751.5777777777777
14,98,2792.875,726.5777777777777,20.53722772277228,101,0,2783.5,2813.5,2802.25,2772.25,701.5777777777777,751.5777777777777
14,99,2822.875,726.5777777777777,33.76956521739131,69,0,2813.5,2843.5,2832.25,2802.25,701.5777777777777,751.5777777777777
14,100,2852.875,726.5777777777777,33.16045454545454,66,0,2843.5,2873.5,2862.25,2832.25,701.5777777777777,751.5777777777777
14,101,2882.875,726.5777777777777,33.190000000000005,61,0,2873.5,2903.5,2892.25,2862.25,701.5777777777777,751.5777777777777
14,102,2912.875,726.5777777777777,33.90660377358491,53,0,2903.5,2933.5,2922.25,2892.25,701.5777777777777,751.5777777777777
14,103,2942.875,726.5777777777777,39.49444444444445,63,0,2933.5,2963.5,2952.25,2922.25,701.5777777777777,751.5777777777777
14,104,2972.875,726.5777777777777,42.11851063829786,47,0,2963.5,2993.5,2982.25,2952.25,701.5777777777777,751.5777777777777
14,105,3002.875,726.5777777777777,34.684999999999995,60,0,2993.5,3023.5,3012.25,2982.25,701.5777777777777,751.5777777777777
14,106,3032.875,726.5777777777777,30.735147058823532,68,0,3023.5,3053.5,3042.25,3012.25,701.5777777777777,751.5777777777777
14,107,3062.875,726.5777777777777,32.55840579710144,69,0,3053.5,3083.5,3072.25,3042.25,701.5777777777777,751.5777777777777
14,108,3092.875,726.5777777777777,32.81059701492537,67,0,3083.5,3113.5,3102.25,3072.25,701.5777777777777,751.5777777777777
14,109,3122.875,726.5777777777777,34.92258620689655,58,0,3113.5,3143.5,3132.25,3102.25,701.5777777777777,751.5777777777777
14,110,3152.875,726.5777777777777,34.56711864406779,59,0,3143.5,3173.5,3162.25,3132.25,701.5777777777777,751.5777777777777
14,111,3182.875,726.5777777777777,28.588181818181816,77,0,3173.5,3203.5,3192.25,3162.25,701.5777777777777,751.5777777777777
14,112,3212.875,726.5777777777777,27.943295454545446,88,0,3203.5,3233.5,3222.25,3192.25,701.5777777777777,751.5777777777777
14,113,3242.875,726.5777777777777,25.435789473684213,76,0,3233.5,3263.5,3252.25,3222.25,701.5777777777777,751.5777777777777
14,114,3272.875,726.5777777777777,32.62274193548386,62,0,3263.5,3293.5,3282.25,3252.25,701.5777777777777,751.5777777777777
14,115,3302.875,726.5777777777777,22.785816326530615,98,0,3293.5,3323.5,3312.25,3282.25,701.5777777777777,751.5777777777777
14,116,3332.875,726.5777777777777,18.208876404494394,89,0,3323.5,3353.5,3342.25,3312.25,701.5777777777777,751.5777777777777
14,117,3362.875,726.5777777777777,28.06223880597015,67,0,3353.5,3383.5,3372.25,3342.25,701.5777777777777,751.5777777777777
14,118,3392.875,726.5777777777777,33.249852941176464,68,0,3383.5,3413.5,3402.25,3372.25,701.5777777777777,751.5777777777777
14,119,3422.875,726.5777777777777,22.710375000000006,80,0,3413.5,3443.5,3432.25,3402.25,701.5777777777777,751.5777777777777
14,120,3452.875,726.5777777777777,28.07774647887324,71,0,3443.5,3473.5,3462.25,3432.25,701.5777777777777,751.5777777777777
14,121,3482.875,726.5777777777777,33.0562962962963,54,0,3473.5,3503.5,3492.25,3462.25,701.5777777777777,751.5777777777777
14,122,3512.875,726.5777777777777,33.596515151515156,66,0,3503.5,3533.5,3522.25,3492.25,701.5777777777777,751.5777777777777
14,123,3542.875,726.5777777777777,37.51233333333334,60,0,3533.5,3563.5,3552.25,3522.25,701.5777777777777,751.5777777777777
14,124,3572.875,726.5777777777777,34.26760563380283,71,0,3563.5,3593.5,3582.25,3552.25,701.5777777777777,751.5777777777777
14,125,3602.875,726.5777777777777,29.48757575757576,66,0,3593.5,3623.5,3612.25,3582.25,701.5777777777777,751.5777777777777
14,126,3632.875,726.5777777777777,25.33551724137932,87,0,3623.5,3653.5,3642.25,3612.25,701.5777777777777,751.5777777777777
14,127,3662.875,726.5777777777777,24.831142857142854,70,0,3653.5,3683.5,3672.25,3642.25,701.5777777777777,751.5777777777777
14,128,3692.875,726.5777777777777,19.244807692307692,52,0,3683.5,3713.5,3702.25,3672.25,701.5777777777777,751.5777777777777
14,129,3722.875,726.5777777777777,13.45,1,0,3713.5,3743.5,3732.25,3702.25,701.5777777777777,751.5777777777777
14,130,3752.875,726.5777777777777,,0,0,3743.5,3773.5,3762.25,3732.25,701.5777777777777,751.5777777777777
14,131,3782.875,726.5777777777777,,0,0,3773.5,3803.5,3792.25,3762.25,701.5777777777777,751.5777777777777
14,132,3812.875,726.5777777777777,,0,0,3803.5,3833.5,3822.25,3792.25,701.5777777777777,751.5777777777777
14,133,3842.875,726.5777777777777,,0,0,3833.5,3863.5,3852.25,3822.25,701.5777777777777,751.5777777777777
14,134,3872.875,726.5777777777777,,0,0,3863.5,3893.5,3882.25,3852.25,701.5777777777777,751.5777777777777
15,5,-8.375,776.5777777777777,61.46916666666666,8,0,-17.75,12.25,1.0,-29.0,751.5777777777777,801.5777777777777
15,6,21.625,776.5777777777777,63.0424,25,0,12.25,42.25,31.0,1.0,751.5777777777777,801.5777777777777
15,7,51.625,776.5777777777777,61.36566666666666,30,0,42.25,72.25,61.0,31.0,751.5777777777777,801.5777777777777
15,8,81.625,776.5777777777777,67.61625000000001,16,0,72.25,102.25,91.0,61.0,751.5777777777777,801.5777777777777
15,9,111.625,776.5777777777777,69.60999999999999,12,0,102.25,132.25,121.0,91.0,751.5777777777777,801.5777777777777
15,10,141.625,776.5777777777777,72.45857142857142,19,0,132.25,162.25,151.0,121.0,751.5777777777777,801.5777777777777
15,11,171.625,776.5777777777777,60.79114285714289,35,0,162.25,192.25,181.0,151.0,751.5777777777777,801.5777777777777
15,12,201.625,776.5777777777777,65.96275862068967,29,0,192.25,222.25,211.0,181.0,751.5777777777777,801.5777777777777
15,13,231.625,776.5777777777777,69.81818181818181,33,0,222.25,252.25,241.0,211.0,751.5777777777777,801.5777777777777
15,14,261.625,776.5777777777777,69.57555555555557,18,0,252.25,282.25,271.0,241.0,751.5777777777777,801.5777777777777
15,15,291.625,776.5777777777777,75.55153846153847,13,0,282.25,312.25,301.0,271.0,751.5777777777777,801.5777777777777
15,16,321.625,776.5777777777777,75.27538461538462,13,0,312.25,342.25,331.0,301.0,751.5777777777777,801.5777777777777
15,17,351.625,776.5777777777777,66.3511111111111,18,0,342.25,372.25,361.0,331.0,751.5777777777777,801.5777777777777
15,18,381.625,776.5777777777777,69.65384615384616,26,0,372.25,402.25,391.0,361.0,751.5777777777777,801.5777777777777
15,19,411.625,776.5777777777777,75.04136363636366,22,0,402.25,432.25,421.0,391.0,751.5777777777777,801.5777777777777
15,20,441.625,776.5777777777777,64.86153846153846,26,0,432.25,462.25,451.0,421.0,751.5777777777777,801.5777777777777
15,21,471.625,776.5777777777777,60.48800000000001,30,0,462.25,492.25,481.0,451.0,751.5777777777777,801.5777777777777
15,22,501.625,776.5777777777777,63.11699999999998,40,0,492.25,522.25,511.0,481.0,751.5777777777777,801.5777777777777
15,23,531.625,776.5777777777777,59.597878787878784,33,0,522.25,552.25,541.0,511.0,751.5777777777777,801.5777777777777
15,24,561.625,776.5777777777777,69.48380952380953,21,0,552.25,582.25,571.0,541.0,751.5777777777777,801.5777777777777
15,25,591.625,776.5777777777777,67.98853333333334,25,0,582.25,612.25,601.0,571.0,751.5777777777777,801.5777777777777
15,26,621.625,776.5777777777777,72.40304347826086,23,0,612.25,642.25,631.0,601.0,751.5777777777777,801.5777777777777
15,27,651.625,776.5777777777777,66.62888888888888,18,0,642.25,672.25,661.0,631.0,751.5777777777777,801.5777777777777
15,28,681.625,776.5777777777777,67.4811111111111,18,0,672.25,702.25,691.0,661.0,751.5777777777777,801.5777777777777
15,29,711.625,776.5777777777777,64.58714285714287,28,0,702.25,732.25,721.0,691.0,751.5777777777777,801.5777777777777
15,30,741.625,776.5777777777777,67.24764705882352,34,0,732.25,762.25,751.0,721.0,751.5777777777777,801.5777777777777
15,31,771.625,776.5777777777777,66.52423076923077,26,0,762.25,792.25,781.0,751.0,751.5777777777777,801.5777777777777
15,32,801.625,776.5777777777777,64.33714285714285,28,0,792.25,822.25,811.0,781.0,751.5777777777777,801.5777777777777
15,33,831.625,776.5777777777777,63.11233333333333,30,0,822.25,852.25,841.0,811.0,751.5777777777777,801.5777777777777
15,34,861.625,776.5777777777777,64.86965517241379,29,0,852.25,882.25,871.0,841.0,751.5777777777777,801.5777777777777
15,35,891.625,776.5777777777777,71.68583333333332,12,0,882.25,912.25,901.0,871.0,751.5777777777777,801.5777777777777
15,36,921.625,776.5777777777777,61.06809523809524,21,0,912.25,942.25,931.0,901.0,751.5777777777777,801.5777777777777
15,37,951.625,776.5777777777777,61.59370370370371,27,0,942.25,972.25,961.0,931.0,751.5777777777777,801.5777777777777
15,38,981.625,776.5777777777777,59.99880952380953,42,0,972.25,1002.25,991.0,961.0,751.5777777777777,801.5777777777777
15,39,1011.625,776.5777777777777,59.12441176470588,34,0,1002.25,1032.25,1021.0,991.0,751.5777777777777,801.5777777777777
15,40,1041.625,776.5777777777777,53.489250000000006,40,0,1032.25,1062.25,1051.0,1021.0,751.5777777777777,801.5777777777777
15,41,1071.625,776.5777777777777,55.97755434782609,46,0,1062.25,1092.25,1081.0,1051.0,751.5777777777777,801.5777777777777
15,42,1101.625,776.5777777777777,63.47555555555556,27,0,1092.25,1122.25,1111.0,1081.0,751.5777777777777,801.5777777777777
15,43,1131.625,776.5777777777777,59.401621621621615,37,0,1122.25,1152.25,1141.0,1111.0,751.5777777777777,801.5777777777777
15,44,1161.625,776.5777777777777,61.28027027027029,37,0,1152.25,1182.25,1171.0,1141.0,751.5777777777777,801.5777777777777
15,45,1191.625,776.5777777777777,65.48631578947368,19,0,1182.25,1212.25,1201.0,1171.0,751.5777777777777,801.5777777777777
15,46,1221.625,776.5777777777777,61.02629629629629,27,0,1212.25,1242.25,1231.0,1201.0,751.5777777777777,801.5777777777777
15,47,1251.625,776.5777777777777,56.57257142857143,35,0,1242.25,1272.25,1261.0,1231.0,751.5777777777777,801.5777777777777
15,48,1281.625,776.5777777777777,53.632500000000014,40,0,1272.25,1302.25,1291.0,1261.0,751.5777777777777,801.5777777777777
15,49,1311.625,776.5777777777777,52.440999999999995,20,0,1302.25,1332.25,1321.0,1291.0,751.5777777777777,801.5777777777777
15,50,1341.625,776.5777777777777,42.55,47,0,1332.25,1362.25,1351.0,1321.0,751.5777777777777,801.5777777777777
15,51,1371.625,776.5777777777777,54.54952380952382,21,0,1362.25,1392.25,1381.0,1351.0,751.5777777777777,801.5777777777777
15,52,1401.625,776.5777777777777,53.41262872628726,41,0,1392.25,1422.25,1411.0,1381.0,751.5777777777777,801.5777777777777
15,53,1431.625,776.5777777777777,47.985434782608706,46,0,1422.25,1452.25,1441.0,1411.0,751.5777777777777,801.5777777777777
15,54,1461.625,776.5777777777777,41.10491803278689,61,0,1452.25,1482.25,1471.0,1441.0,751.5777777777777,801.5777777777777
15,55,1491.625,776.5777777777777,51.777714285714296,35,0,1482.25,1512.25,1501.0,1471.0,751.5777777777777,801.5777777777777
15,56,1521.625,776.5777777777777,50.74914285714286,35,0,1512.25,1542.25,1531.0,1501.0,751.5777777777777,801.5777777777777
15,57,1551.625,776.5777777777777,48.64048780487806,41,0,1542.25,1572.25,1561.0,1531.0,751.5777777777777,801.5777777777777
15,58,1581.625,776.5777777777777,42.779999999999994,37,0,1572.25,1602.25,1591.0,1561.0,751.5777777777777,801.5777777777777
15,59,1611.625,776.5777777777777,29.97037671232876,73,0,1602.25,1632.25,1621.0,1591.0,751.5777777777777,801.5777777777777
15,60,1641.625,776.5777777777777,30.113181818181825,66,0,1632.25,1662.25,1651.0,1621.0,751.5777777777777,801.5777777777777
15,61,1671.625,776.5777777777777,35.34196078431373,51,0,1662.25,1692.25,1681.0,1651.0,751.5777777777777,801.5777777777777
15,62,1701.625,776.5777777777777,34.29862068965518,58,0,1692.25,1722.25,1711.0,1681.0,751.5777777777777,801.5777777777777
15,63,1731.625,776.5777777777777,32.8319298245614,57,0,1722.25,1752.25,1741.0,1711.0,751.5777777777777,801.5777777777777
15,64,1761.625,776.5777777777777,35.526226415094335,53,0,1752.25,1782.25,1771.0,1741.0,751.5777777777777,801.5777777777777
15,65,1791.625,776.5777777777777,31.275342465753436,73,0,1782.25,1812.25,1801.0,1771.0,751.5777777777777,801.5777777777777
15,66,1821.625,776.5777777777777,30.606206896551722,58,0,1812.25,1842.25,1831.0,1801.0,751.5777777777777,801.5777777777777
15,67,1851.625,776.5777777777777,28.749655172413803,58,0,1842.25,1872.25,1861.0,1831.0,751.5777777777777,801.5777777777777
15,68,1881.625,776.5777777777777,27.159999999999982,59,0,1872.25,1902.25,1891.0,1861.0,751.5777777777777,801.5777777777777
15,69,1911.625,776.5777777777777,26.27131578947369,76,0,1902.25,1932.25,1921.0,1891.0,751.5777777777777,801.5777777777777
15,70,1941.625,776.5777777777777,32.36707692307692,65,0,1932.25,1962.25,1951.0,1921.0,751.5777777777777,801.5777777777777
15,71,1971.625,776.5777777777777,34.255740740740734,54,0,1962.25,1992.25,1981.0,1951.0,751.5777777777777,801.5777777777777
15,72,2001.625,776.5777777777777,33.41309090909091,55,0,1992.25,2022.25,2011.0,1981.0,751.5777777777777,801.5777777777777
15,73,2031.625,776.5777777777777,33.24730769230769,52,0,2022.25,2052.25,2041.0,2011.0,751.5777777777777,801.5777777777777
15,74,2061.625,776.5777777777777,25.271525423728818,59,0,2052.25,2082.25,2071.0,2041.0,751.5777777777777,801.5777777777777
15,75,2091.625,776.5777777777777,26.98891891891893,74,0,2082.25,2112.25,2101.0,2071.0,751.5777777777777,801.5777777777777
15,76,2121.625,776.5777777777777,27.441688311688313,77,0,2112.25,2142.25,2131.0,2101.0,751.5777777777777,801.5777777777777
15,77,2151.625,776.5777777777777,22.826309523809527,84,0,2142.25,2172.25,2161.0,2131.0,751.5777777777777,801.5777777777777
15,78,2181.625,776.5777777777777,22.701095890410954,73,0,2172.25,2202.25,2191.0,2161.0,751.5777777777777,801.5777777777777
15,79,2211.625,776.5777777777777,31.537142857142857,35,0,2202.25,2232.25,2221.0,2191.0,751.5777777777777,801.5777777777777
15,80,2241.625,776.5777777777777,34.82670634920635,63,0,2232.25,2262.25,2251.0,2221.0,751.5777777777777,801.5777777777777
15,81,2271.625,776.5777777777777,39.64212698412698,45,0,2262.25,2292.25,2281.0,2251.0,751.5777777777777,801.5777777777777
15,82,2301.625,776.5777777777777,41.255813953488364,43,0,2292.25,2322.25,2311.0,2281.0,751.5777777777777,801.5777777777777
15,83,2331.625,776.5777777777777,42.71179487179488,39,0,2322.25,2352.25,2341.0,2311.0,751.5777777777777,801.5777777777777
15,84,2361.625,776.5777777777777,37.1097435897436,39,0,2352.25,2382.25,2371.0,2341.0,751.5777777777777,801.5777777777777
15,85,2391.625,776.5777777777777,35.676964285714284,56,0,2382.25,2412.25,2401.0,2371.0,751.5777777777777,801.5777777777777
15,86,2421.625,776.5777777777777,37.087611940298515,67,0,2412.25,2442.25,2431.0,2401.0,751.5777777777777,801.5777777777777
15,87,2451.625,776.5777777777777,39.43044444444444,45,0,2442.25,2472.25,2461.0,2431.0,751.5777777777777,801.5777777777777
15,88,2481.625,776.5777777777777,37.29534883720931,43,0,2472.25,2502.25,2491.0,2461.0,751.5777777777777,801.5777777777777
15,89,2511.625,776.5777777777777,37.07888888888889,54,0,2502.25,2532.25,2521.0,2491.0,751.5777777777777,801.5777777777777
15,90,2541.625,776.5777777777777,34.76475409836064,61,0,2532.25,2562.25,2551.0,2521.0,751.5777777777777,801.5777777777777
15,91,2571.625,776.5777777777777,34.024675324675314,77,0,2562.25,2592.25,2581.0,2551.0,751.5777777777777,801.5777777777777
15,92,2601.625,776.5777777777777,22.501951219512204,82,0,2592.25,2622.25,2611.0,2581.0,751.5777777777777,801.5777777777777
15,93,2631.625,776.5777777777777,16.280120481927707,83,0,2622.25,2652.25,2641.0,2611.0,751.5777777777777,801.5777777777777
15,94,2661.625,776.5777777777777,26.424032258064514,62,0,2652.25,2682.25,2671.0,2641.0,751.5777777777777,801.5777777777777
15,95,2691.625,776.5777777777777,29.89394366197184,71,0,2682.25,2712.25,2701.0,2671.0,751.5777777777777,801.5777777777777
15,96,2721.625,776.5777777777777,33.878214285714286,56,0,2712.25,2742.25,2731.0,2701.0,751.5777777777777,801.5777777777777
15,97,2751.625,776.5777777777777,24.984383561643842,73,0,2742.25,2772.25,2761.0,2731.0,751.5777777777777,801.5777777777777
15,98,2781.625,776.5777777777777,19.45122159090909,88,0,2772.25,2802.25,2791.0,2761.0,751.5777777777777,801.5777777777777
15,99,2811.625,776.5777777777777,31.200428571428567,70,0,2802.25,2832.25,2821.0,2791.0,751.5777777777777,801.5777777777777
15,100,2841.625,776.5777777777777,34.96129032258066,62,0,2832.25,2862.25,2851.0,2821.0,751.5777777777777,801.5777777777777
15,101,2871.625,776.5777777777777,34.67466666666667,60,0,2862.25,2892.25,2881.0,2851.0,751.5777777777777,801.5777777777777
15,102,2901.625,776.5777777777777,35.859411764705875,51,0,2892.25,2922.25,2911.0,2881.0,751.5777777777777,801.5777777777777
15,103,2931.625,776.5777777777777,37.69375,56,0,2922.25,2952.25,2941.0,2911.0,751.5777777777777,801.5777777777777
15,104,2961.625,776.5777777777777,40.63854166666666,48,0,2952.25,2982.25,2971.0,2941.0,751.5777777777777,801.5777777777777
15,105,2991.625,776.5777777777777,37.816222222222216,45,0,2982.25,3012.25,3001.0,2971.0,751.5777777777777,801.5777777777777
15,106,3021.625,776.5777777777777,32.134912280701755,57,0,3012.25,3042.25,3031.0,3001.0,751.5777777777777,801.5777777777777
15,107,3051.625,776.5777777777777,31.89734374999999,64,0,3042.25,3072.25,3061.0,3031.0,751.5777777777777,801.5777777777777
15,108,3081.625,776.5777777777777,28.57914285714286,70,0,3072.25,3102.25,3091.0,3061.0,751.5777777777777,801.5777777777777
15,109,3111.625,776.5777777777777,28.927611940298508,67,0,3102.25,3132.25,3121.0,3091.0,751.5777777777777,801.5777777777777
15,110,3141.625,776.5777777777777,35.42673913043478,46,0,3132.25,3162.25,3151.0,3121.0,751.5777777777777,801.5777777777777
15,111,3171.625,776.5777777777777,33.09466666666666,60,0,3162.25,3192.25,3181.0,3151.0,751.5777777777777,801.5777777777777
15,112,3201.625,776.5777777777777,25.73839506172839,81,0,3192.25,3222.25,3211.0,3181.0,751.5777777777777,801.5777777777777
15,113,3231.625,776.5777777777777,24.351084337349395,83,0,3222.25,3252.25,3241.0,3211.0,751.5777777777777,801.5777777777777
15,114,3261.625,776.5777777777777,30.985862068965524,58,0,3252.25,3282.25,3271.0,3241.0,751.5777777777777,801.5777777777777
15,115,3291.625,776.5777777777777,22.39238095238096,84,0,3282.25,3312.25,3301.0,3271.0,751.5777777777777,801.5777777777777
15,116,3321.625,776.5777777777777,17.29319587628866,97,0,3312.25,3342.25,3331.0,3301.0,751.5777777777777,801.5777777777777
15,117,3351.625,776.5777777777777,27.558266666666672,75,0,3342.25,3372.25,3361.0,3331.0,751.5777777777777,801.5777777777777
15,118,3381.625,776.5777777777777,31.275737704918033,61,0,3372.25,3402.25,3391.0,3361.0,751.5777777777777,801.5777777777777
15,119,3411.625,776.5777777777777,15.916486486486496,111,0,3402.25,3432.25,3421.0,3391.0,751.5777777777777,801.5777777777777
15,120,3441.625,776.5777777777777,25.3627536231884,69,0,3432.25,3462.25,3451.0,3421.0,751.5777777777777,801.5777777777777
15,121,3471.625,776.5777777777777,31.652931034482773,58,0,3462.25,3492.25,3481.0,3451.0,751.5777777777777,801.5777777777777
15,122,3501.625,776.5777777777777,37.75387755102041,49,0,3492.25,3522.25,3511.0,3481.0,751.5777777777777,801.5777777777777
15,123,3531.625,776.5777777777777,36.25296296296296,54,0,3522.25,3552.25,3541.0,3511.0,751.5777777777777,801.5777777777777
15,124,3561.625,776.5777777777777,39.69888888888889,63,0,3552.25,3582.25,3571.0,3541.0,751.5777777777777,801.5777777777777
15,125,3591.625,776.5777777777777,36.224013605442174,49,0,3582.25,3612.25,3601.0,3571.0,751.5777777777777,801.5777777777777
15,126,3621.625,776.5777777777777,26.628591549295784,71,0,3612.25,3642.25,3631.0,3601.0,751.5777777777777,801.5777777777777
15,127,3651.625,776.5777777777777,27.17529411764704,68,0,3642.25,3672.25,3661.0,3631.0,751.5777777777777,801.5777777777777
15,128,3681.625,776.5777777777777,21.460363636363642,55,0,3672.25,3702.25,3691.0,3661.0,751.5777777777777,801.5777777777777
15,129,3711.625,776.5777777777777,9.330769230769228,52,0,3702.25,3732.25,3721.0,3691.0,751.5777777777777,801.5777777777777
15,130,3741.625,776.5777777777777,,0,0,3732.25,3762.25,3751.0,3721.0,751.5777777777777,801.5777777777777
15,131,3771.625,776.5777777777777,,0,0,3762.25,3792.25,3781.0,3751.0,751.5777777777777,801.5777777777777
15,132,3801.625,776.5777777777777,,0,0,3792.25,3822.25,3811.0,3781.0,751.5777777777777,801.5777777777777
15,133,3831.625,776.5777777777777,,0,0,3822.25,3852.25,3841.0,3811.0,751.5777777777777,801.5777777777777
15,134,3861.625,776.5777777777777,,0,0,3852.25,3882.25,3871.0,3841.0,751.5777777777777,801.5777777777777
15,135,3891.625,776.5777777777777,,0,0,3882.25,3912.25,3901.0,3871.0,751.5777777777777,801.5777777777777
16,6,10.375,826.5777777777777,61.2615,20,0,1.0,31.0,19.75,-10.25,801.5777777777777,851.5777777777777
16,7,40.375,826.5777777777777,62.93133333333334,30,0,31.0,61.0,49.75,19.75,801.5777777777777,851.5777777777777
16,8,70.375,826.5777777777777,65.44,18,0,61.0,91.0,79.75,49.75,801.5777777777777,851.5777777777777
16,9,100.375,826.5777777777777,68.20000000000002,13,0,91.0,121.0,109.75,79.75,801.5777777777777,851.5777777777777
16,10,130.375,826.5777777777777,76.52466666666666,15,0,121.0,151.0,139.75,109.75,801.5777777777777,851.5777777777777
16,11,160.375,826.5777777777777,60.83212121212122,33,0,151.0,181.0,169.75,139.75,801.5777777777777,851.5777777777777
16,12,190.375,826.5777777777777,65.56259259259258,27,0,181.0,211.0,199.75,169.75,801.5777777777777,851.5777777777777
16,13,220.375,826.5777777777777,66.12222222222222,27,0,211.0,241.0,229.75,199.75,801.5777777777777,851.5777777777777
16,14,250.375,826.5777777777777,75.23882352941176,17,0,241.0,271.0,259.75,229.75,801.5777777777777,851.5777777777777
16,15,280.375,826.5777777777777,72.1555,20,0,271.0,301.0,289.75,259.75,801.5777777777777,851.5777777777777
16,16,310.375,826.5777777777777,77.80909090909091,11,0,301.0,331.0,319.75,289.75,801.5777777777777,851.5777777777777
16,17,340.375,826.5777777777777,71.10909090909091,11,0,331.0,361.0,349.75,319.75,801.5777777777777,851.5777777777777
16,18,370.375,826.5777777777777,67.05370370370369,27,0,361.0,391.0,379.75,349.75,801.5777777777777,851.5777777777777
16,19,400.375,826.5777777777777,77.46944444444445,18,0,391.0,421.0,409.75,379.75,801.5777777777777,851.5777777777777
16,20,430.375,826.5777777777777,65.7333333333333,24,0,421.0,451.0,439.75,409.75,801.5777777777777,851.5777777777777
16,21,460.375,826.5777777777777,64.55285714285714,28,0,451.0,481.0,469.75,439.75,801.5777777777777,851.5777777777777
16,22,490.375,826.5777777777777,60.77764705882353,34,0,481.0,511.0,499.75,469.75,801.5777777777777,851.5777777777777
16,23,520.375,826.5777777777777,62.361578947368415,38,0,511.0,541.0,529.75,499.75,801.5777777777777,851.5777777777777
16,24,550.375,826.5777777777777,59.102068965517226,29,0,541.0,571.0,559.75,529.75,801.5777777777777,851.5777777777777
16,25,580.375,826.5777777777777,71.05851851851851,27,0,571.0,601.0,589.75,559.75,801.5777777777777,851.5777777777777
16,26,610.375,826.5777777777777,68.527,20,0,601.0,631.0,619.75,589.75,801.5777777777777,851.5777777777777
16,27,640.375,826.5777777777777,69.51882352941176,17,0,631.0,661.0,649.75,619.75,801.5777777777777,851.5777777777777
16,28,670.375,826.5777777777777,66.55444444444444,27,0,661.0,691.0,679.75,649.75,801.5777777777777,851.5777777777777
16,29,700.375,826.5777777777777,64.1575,16,0,691.0,721.0,709.75,679.75,801.5777777777777,851.5777777777777
16,30,730.375,826.5777777777777,64.69594594594594,37,0,721.0,751.0,739.75,709.75,801.5777777777777,851.5777777777777
16,31,760.375,826.5777777777777,65.96931034482758,29,0,751.0,781.0,769.75,739.75,801.5777777777777,851.5777777777777
16,32,790.375,826.5777777777777,67.35304347826086,23,0,781.0,811.0,799.75,769.75,801.5777777777777,851.5777777777777
16,33,820.375,826.5777777777777,62.25194444444443,36,0,811.0,841.0,829.75,799.75,801.5777777777777,851.5777777777777
16,34,850.375,826.5777777777777,62.917741935483875,31,0,841.0,871.0,859.75,829.75,801.5777777777777,851.5777777777777
16,35,880.375,826.5777777777777,69.38181818181819,11,0,871.0,901.0,889.75,859.75,801.5777777777777,851.5777777777777
16,36,910.375,826.5777777777777,68.71714285714286,14,0,901.0,931.0,919.75,889.75,801.5777777777777,851.5777777777777
16,37,940.375,826.5777777777777,57.25333333333333,30,0,931.0,961.0,949.75,919.75,801.5777777777777,851.5777777777777
16,38,970.375,826.5777777777777,61.756060606060615,33,0,961.0,991.0,979.75,949.75,801.5777777777777,851.5777777777777
16,39,1000.375,826.5777777777777,59.963055555555556,36,0,991.0,1021.0,1009.75,979.75,801.5777777777777,851.5777777777777
16,40,1030.375,826.5777777777777,59.351538461538475,39,0,1021.0,1051.0,1039.75,1009.75,801.5777777777777,851.5777777777777
16,41,1060.375,826.5777777777777,51.918222222222234,45,0,1051.0,1081.0,1069.75,1039.75,801.5777777777777,851.5777777777777
16,42,1090.375,826.5777777777777,60.27787878787879,33,0,1081.0,1111.0,1099.75,1069.75,801.5777777777777,851.5777777777777
16,43,1120.375,826.5777777777777,62.24,32,0,1111.0,1141.0,1129.75,1099.75,801.5777777777777,851.5777777777777
16,44,1150.375,826.5777777777777,60.21447368421054,38,0,1141.0,1171.0,1159.75,1129.75,801.5777777777777,851.5777777777777
16,45,1180.375,826.5777777777777,65.53181818181818,22,0,1171.0,1201.0,1189.75,1159.75,801.5777777777777,851.5777777777777
16,46,1210.375,826.5777777777777,60.309545454545464,22,0,1201.0,1231.0,1219.75,1189.75,801.5777777777777,851.5777777777777
16,47,1240.375,826.5777777777777,62.06888888888888,27,0,1231.0,1261.0,1249.75,1219.75,801.5777777777777,851.5777777777777
16,48,1270.375,826.5777777777777,54.12583333333332,36,0,1261.0,1291.0,1279.75,1249.75,801.5777777777777,851.5777777777777
16,49,1300.375,826.5777777777777,56.765625,32,0,1291.0,1321.0,1309.75,1279.75,801.5777777777777,851.5777777777777
16,50,1330.375,826.5777777777777,42.081136363636354,44,0,1321.0,1351.0,1339.75,1309.75,801.5777777777777,851.5777777777777
16,51,1360.375,826.5777777777777,44.7706432748538,38,0,1351.0,1381.0,1369.75,1339.75,801.5777777777777,851.5777777777777
16,52,1390.375,826.5777777777777,48.94225806451614,31,0,1381.0,1411.0,1399.75,1369.75,801.5777777777777,851.5777777777777
16,53,1420.375,826.5777777777777,51.630666666666656,50,0,1411.0,1441.0,1429.75,1399.75,801.5777777777777,851.5777777777777
16,54,1450.375,826.5777777777777,45.194375,48,0,1441.0,1471.0,1459.75,1429.75,801.5777777777777,851.5777777777777
16,55,1480.375,826.5777777777777,41.685636363636355,55,0,1471.0,1501.0,1489.75,1459.75,801.5777777777777,851.5777777777777
16,56,1510.375,826.5777777777777,53.28710526315789,38,0,1501.0,1531.0,1519.75,1489.75,801.5777777777777,851.5777777777777
16,57,1540.375,826.5777777777777,47.88282051282051,39,0,1531.0,1561.0,1549.75,1519.75,801.5777777777777,851.5777777777777
16,58,1570.375,826.5777777777777,47.029729729729716,37,0,1561.0,1591.0,1579.75,1549.75,801.5777777777777,851.5777777777777
16,59,1600.375,826.5777777777777,38.28270833333334,48,0,1591.0,1621.0,1609.75,1579.75,801.5777777777777,851.5777777777777
16,60,1630.375,826.5777777777777,32.38298245614035,57,0,1621.0,1651.0,1639.75,1609.75,801.5777777777777,851.5777777777777
16,61,1660.375,826.5777777777777,35.28962264150944,53,0,1651.0,1681.0,1669.75,1639.75,801.5777777777777,851.5777777777777
16,62,1690.375,826.5777777777777,36.524909090909084,55,0,1681.0,1711.0,1699.75,1669.75,801.5777777777777,851.5777777777777
16,63,1720.375,826.5777777777777,37.471320754716984,53,0,1711.0,1741.0,1729.75,1699.75,801.5777777777777,851.5777777777777
16,64,1750.375,826.5777777777777,34.68586206896552,58,0,1741.0,1771.0,1759.75,1729.75,801.5777777777777,851.5777777777777
16,65,1780.375,826.5777777777777,34.259032258064515,62,0,1771.0,1801.0,1789.75,1759.75,801.5777777777777,851.5777777777777
16,66,1810.375,826.5777777777777,34.410892857142855,56,0,1801.0,1831.0,1819.75,1789.75,801.5777777777777,851.5777777777777
16,67,1840.375,826.5777777777777,37.84632653061225,49,0,1831.0,1861.0,1849.75,1819.75,801.5777777777777,851.5777777777777
16,68,1870.375,826.5777777777777,30.446470588235304,51,0,1861.0,1891.0,1879.75,1849.75,801.5777777777777,851.5777777777777
16,69,1900.375,826.5777777777777,33.33615384615385,52,0,1891.0,1921.0,1909.75,1879.75,801.5777777777777,851.5777777777777
16,70,1930.375,826.5777777777777,36.490535714285706,56,0,1921.0,1951.0,1939.75,1909.75,801.5777777777777,851.5777777777777
16,71,1960.375,826.5777777777777,37.76907407407407,54,0,1951.0,1981.0,1969.75,1939.75,801.5777777777777,851.5777777777777
16,72,1990.375,826.5777777777777,33.78448275862069,58,0,1981.0,2011.0,1999.75,1969.75,801.5777777777777,851.5777777777777
16,73,2020.375,826.5777777777777,30.153124999999992,64,0,2011.0,2041.0,2029.75,1999.75,801.5777777777777,851.5777777777777
16,74,2050.375,826.5777777777777,26.698771929824566,57,0,2041.0,2071.0,2059.75,2029.75,801.5777777777777,851.5777777777777
16,75,2080.375,826.5777777777777,29.168813559322043,59,0,2071.0,2101.0,2089.75,2059.75,801.5777777777777,851.5777777777777
16,76,2110.375,826.5777777777777,28.115975609756088,82,0,2101.0,2131.0,2119.75,2089.75,801.5777777777777,851.5777777777777
16,77,2140.375,826.5777777777777,21.167872340425525,94,0,2131.0,2161.0,2149.75,2119.75,801.5777777777777,851.5777777777777
16,78,2170.375,826.5777777777777,20.9206976744186,86,0,2161.0,2191.0,2179.75,2149.75,801.5777777777777,851.5777777777777
16,79,2200.375,826.5777777777777,32.497346938775515,49,0,2191.0,2221.0,2209.75,2179.75,801.5777777777777,851.5777777777777
16,80,2230.375,826.5777777777777,38.47048780487804,41,0,2221.0,2251.0,2239.75,2209.75,801.5777777777777,851.5777777777777
16,81,2260.375,826.5777777777777,43.48450000000001,40,0,2251.0,2281.0,2269.75,2239.75,801.5777777777777,851.5777777777777
16,82,2290.375,826.5777777777777,45.429959183673475,35,0,2281.0,2311.0,2299.75,2269.75,801.5777777777777,851.5777777777777
16,83,2320.375,826.5777777777777,46.36048780487804,41,0,2311.0,2341.0,2329.75,2299.75,801.5777777777777,851.5777777777777
16,84,2350.375,826.5777777777777,46.22129032258064,31,0,2341.0,2371.0,2359.75,2329.75,801.5777777777777,851.5777777777777
16,85,2380.375,826.5777777777777,42.304054054054056,37,0,2371.0,2401.0,2389.75,2359.75,801.5777777777777,851.5777777777777
16,86,2410.375,826.5777777777777,41.635714285714286,49,0,2401.0,2431.0,2419.75,2389.75,801.5777777777777,851.5777777777777
16,87,2440.375,826.5777777777777,40.671176470588236,51,0,2431.0,2461.0,2449.75,2419.75,801.5777777777777,851.5777777777777
16,88,2470.375,826.5777777777777,39.764864864864855,37,0,2461.0,2491.0,2479.75,2449.75,801.5777777777777,851.5777777777777
16,89,2500.375,826.5777777777777,39.08102564102563,39,0,2491.0,2521.0,2509.75,2479.75,801.5777777777777,851.5777777777777
16,90,2530.375,826.5777777777777,38.58469387755101,49,0,2521.0,2551.0,2539.75,2509.75,801.5777777777777,851.5777777777777
16,91,2560.375,826.5777777777777,32.48141025641026,78,0,2551.0,2581.0,2569.75,2539.75,801.5777777777777,851.5777777777777
16,92,2590.375,826.5777777777777,24.110714285714295,84,0,2581.0,2611.0,2599.75,2569.75,801.5777777777777,851.5777777777777
16,93,2620.375,826.5777777777777,20.006986301369864,73,0,2611.0,2641.0,2629.75,2599.75,801.5777777777777,851.5777777777777
16,94,2650.375,826.5777777777777,33.19401515151515,44,0,2641.0,2671.0,2659.75,2629.75,801.5777777777777,851.5777777777777
16,95,2680.375,826.5777777777777,35.03784313725489,51,0,2671.0,2701.0,2689.75,2659.75,801.5777777777777,851.5777777777777
16,96,2710.375,826.5777777777777,35.78625000000001,56,0,2701.0,2731.0,2719.75,2689.75,801.5777777777777,851.5777777777777
16,97,2740.375,826.5777777777777,27.017666666666667,60,0,2731.0,2761.0,2749.75,2719.75,801.5777777777777,851.5777777777777
16,98,2770.375,826.5777777777777,19.090888888888884,90,0,2761.0,2791.0,2779.75,2749.75,801.5777777777777,851.5777777777777
16,99,2800.375,826.5777777777777,35.59945454545455,55,0,2791.0,2821.0,2809.75,2779.75,801.5777777777777,851.5777777777777
16,100,2830.375,826.5777777777777,37.032037037037036,54,0,2821.0,2851.0,2839.75,2809.75,801.5777777777777,851.5777777777777
16,101,2860.375,826.5777777777777,40.2834,50,0,2851.0,2881.0,2869.75,2839.75,801.5777777777777,851.5777777777777
16,102,2890.375,826.5777777777777,39.47127659574467,47,0,2881.0,2911.0,2899.75,2869.75,801.5777777777777,851.5777777777777
16,103,2920.375,826.5777777777777,38.76139534883721,43,0,2911.0,2941.0,2929.75,2899.75,801.5777777777777,851.5777777777777
16,104,2950.375,826.5777777777777,40.9896,50,0,2941.0,2971.0,2959.75,2929.75,801.5777777777777,851.5777777777777
16,105,2980.375,826.5777777777777,42.21694444444444,36,0,2971.0,3001.0,2989.75,2959.75,801.5777777777777,851.5777777777777
16,106,3010.375,826.5777777777777,38.25266666666668,45,0,3001.0,3031.0,3019.75,2989.75,801.5777777777777,851.5777777777777
16,107,3040.375,826.5777777777777,39.28470588235294,51,0,3031.0,3061.0,3049.75,3019.75,801.5777777777777,851.5777777777777
16,108,3070.375,826.5777777777777,31.74033333333334,60,0,3061.0,3091.0,3079.75,3049.75,801.5777777777777,851.5777777777777
16,109,3100.375,826.5777777777777,31.859333333333332,60,0,3091.0,3121.0,3109.75,3079.75,801.5777777777777,851.5777777777777
16,110,3130.375,826.5777777777777,37.299400000000006,50,0,3121.0,3151.0,3139.75,3109.75,801.5777777777777,851.5777777777777
16,111,3160.375,826.5777777777777,35.562745098039215,51,0,3151.0,3181.0,3169.75,3139.75,801.5777777777777,851.5777777777777
16,112,3190.375,826.5777777777777,30.394375,64,0,3181.0,3211.0,3199.75,3169.75,801.5777777777777,851.5777777777777
16,113,3220.375,826.5777777777777,25.687790697674416,86,0,3211.0,3241.0,3229.75,3199.75,801.5777777777777,851.5777777777777
16,114,3250.375,826.5777777777777,34.065636363636365,55,0,3241.0,3271.0,3259.75,3229.75,801.5777777777777,851.5777777777777
16,115,3280.375,826.5777777777777,22.92653333333334,75,0,3271.0,3301.0,3289.75,3259.75,801.5777777777777,851.5777777777777
16,116,3310.375,826.5777777777777,16.686633663366344,101,0,3301.0,3331.0,3319.75,3289.75,801.5777777777777,851.5777777777777
16,117,3340.375,826.5777777777777,27.25984848484849,66,0,3331.0,3361.0,3349.75,3319.75,801.5777777777777,851.5777777777777
16,118,3370.375,826.5777777777777,27.318902439024384,82,0,3361.0,3391.0,3379.75,3349.75,801.5777777777777,851.5777777777777
16,119,3400.375,826.5777777777777,17.785176470588244,85,0,3391.0,3421.0,3409.75,3379.75,801.5777777777777,851.5777777777777
16,120,3430.375,826.5777777777777,28.633839285714277,64,0,3421.0,3451.0,3439.75,3409.75,801.5777777777777,851.5777777777777
16,121,3460.375,826.5777777777777,32.34062500000001,48,0,3451.0,3481.0,3469.75,3439.75,801.5777777777777,851.5777777777777
16,122,3490.375,826.5777777777777,41.495,38,0,3481.0,3511.0,3499.75,3469.75,801.5777777777777,851.5777777777777
16,123,3520.375,826.5777777777777,40.801276595744675,47,0,3511.0,3541.0,3529.75,3499.75,801.5777777777777,851.5777777777777
16,124,3550.375,826.5777777777777,38.604482758620684,58,0,3541.0,3571.0,3559.75,3529.75,801.5777777777777,851.5777777777777
16,125,3580.375,826.5777777777777,39.61933333333333,45,0,3571.0,3601.0,3589.75,3559.75,801.5777777777777,851.5777777777777
16,126,3610.375,826.5777777777777,37.306060606060605,33,0,3601.0,3631.0,3619.75,3589.75,801.5777777777777,851.5777777777777
16,127,3640.375,826.5777777777777,31.868727272727266,55,0,3631.0,3661.0,3649.75,3619.75,801.5777777777777,851.5777777777777
16,128,3670.375,826.5777777777777,23.852857142857147,70,0,3661.0,3691.0,3679.75,3649.75,801.5777777777777,851.5777777777777
16,129,3700.375,826.5777777777777,11.050300000000002,100,0,3691.0,3721.0,3709.75,3679.75,801.5777777777777,851.5777777777777
16,130,3730.375,826.5777777777777,11.692619047619043,42,0,3721.0,3751.0,3739.75,3709.75,801.5777777777777,851.5777777777777
16,131,3760.375,826.5777777777777,,0,0,3751.0,3781.0,3769.75,3739.75,801.5777777777777,851.5777777777777
16,132,3790.375,826.5777777777777,,0,0,3781.0,3811.0,3799.75,3769.75,801.5777777777777,851.5777777777777
16,133,3820.375,826.5777777777777,,0,0,3811.0,3841.0,3829.75,3799.75,801.5777777777777,851.5777777777777
16,134,3850.375,826.5777777777777,,0,0,3841.0,3871.0,3859.75,3829.75,801.5777777777777,851.5777777777777
16,135,3880.375,826.5777777777777,,0,0,3871.0,3901.0,3889.75,3859.75,801.5777777777777,851.5777777777777
17,6,-0.875,876.5777777777777,58.894285714285715,14,0,-10.25,19.75,8.5,-21.5,851.5777777777777,901.5777777777777
17,7,29.125,876.5777777777777,60.70333333333333,30,0,19.75,49.75,38.5,8.5,851.5777777777777,901.5777777777777
17,8,59.125,876.5777777777777,62.173225806451605,31,0,49.75,79.75,68.5,38.5,851.5777777777777,901.5777777777777
17,9,89.125,876.5777777777777,68.55937499999999,16,0,79.75,109.75,98.5,68.5,851.5777777777777,901.5777777777777
17,10,119.125,876.5777777777777,70.64,17,0,109.75,139.75,128.5,98.5,851.5777777777777,901.5777777777777
17,11,149.125,876.5777777777777,70.80312500000001,16,0,139.75,169.75,158.5,128.5,851.5777777777777,901.5777777777777
17,12,179.125,876.5777777777777,59.23135135135135,37,0,169.75,199.75,188.5,158.5,851.5777777777777,901.5777777777777
17,13,209.125,876.5777777777777,66.91129464285713,32,0,199.75,229.75,218.5,188.5,851.5777777777777,901.5777777777777
17,14,239.125,876.5777777777777,68.34970588235295,34,0,229.75,259.75,248.5,218.5,851.5777777777777,901.5777777777777
17,15,269.125,876.5777777777777,69.985,18,0,259.75,289.75,278.5,248.5,851.5777777777777,901.5777777777777
17,16,299.125,876.5777777777777,74.53846153846156,13,0,289.75,319.75,308.5,278.5,851.5777777777777,901.5777777777777
17,17,329.125,876.5777777777777,76.93692307692307,13,0,319.75,349.75,338.5,308.5,851.5777777777777,901.5777777777777
17,18,359.125,876.5777777777777,66.45761904761905,21,0,349.75,379.75,368.5,338.5,851.5777777777777,901.5777777777777
17,19,389.125,876.5777777777777,69.09518518518519,27,0,379.75,409.75,398.5,368.5,851.5777777777777,901.5777777777777
17,20,419.125,876.5777777777777,73.11333333333333,24,0,409.75,439.75,428.5,398.5,851.5777777777777,901.5777777777777
17,21,449.125,876.5777777777777,65.68620689655172,29,0,439.75,469.75,458.5,428.5,851.5777777777777,901.5777777777777
17,22,479.125,876.5777777777777,61.46866666666667,30,0,469.75,499.75,488.5,458.5,851.5777777777777,901.5777777777777
17,23,509.125,876.5777777777777,62.56202090592334,41,0,499.75,529.75,518.5,488.5,851.5777777777777,901.5777777777777
17,24,539.125,876.5777777777777,59.73324324324324,37,0,529.75,559.75,548.5,518.5,851.5777777777777,901.5777777777777
17,25,569.125,876.5777777777777,65.85888888888887,27,0,559.75,589.75,578.5,548.5,851.5777777777777,901.5777777777777
17,26,599.125,876.5777777777777,67.358125,32,0,589.75,619.75,608.5,578.5,851.5777777777777,901.5777777777777
17,27,629.125,876.5777777777777,69.73454545454545,22,0,619.75,649.75,638.5,608.5,851.5777777777777,901.5777777777777
17,28,659.125,876.5777777777777,65.03391304347826,23,0,649.75,679.75,668.5,638.5,851.5777777777777,901.5777777777777
17,29,689.125,876.5777777777777,67.03698412698414,21,0,679.75,709.75,698.5,668.5,851.5777777777777,901.5777777777777
17,30,719.125,876.5777777777777,63.05793103448276,29,0,709.75,739.75,728.5,698.5,851.5777777777777,901.5777777777777
17,31,749.125,876.5777777777777,64.83676470588236,34,0,739.75,769.75,758.5,728.5,851.5777777777777,901.5777777777777
17,32,779.125,876.5777777777777,65.78153846153845,26,0,769.75,799.75,788.5,758.5,851.5777777777777,901.5777777777777
17,33,809.125,876.5777777777777,63.585,28,0,799.75,829.75,818.5,788.5,851.5777777777777,901.5777777777777
17,34,839.125,876.5777777777777,62.837741935483876,31,0,829.75,859.75,848.5,818.5,851.5777777777777,901.5777777777777
17,35,869.125,876.5777777777777,63.36884615384614,26,0,859.75,889.75,878.5,848.5,851.5777777777777,901.5777777777777
17,36,899.125,876.5777777777777,68.36818181818181,11,0,889.75,919.75,908.5,878.5,851.5777777777777,901.5777777777777
17,37,929.125,876.5777777777777,58.82818181818181,22,0,919.75,949.75,938.5,908.5,851.5777777777777,901.5777777777777
17,38,959.125,876.5777777777777,60.15433333333332,30,0,949.75,979.75,968.5,938.5,851.5777777777777,901.5777777777777
17,39,989.125,876.5777777777777,58.39232558139533,43,0,979.75,1009.75,998.5,968.5,851.5777777777777,901.5777777777777
17,40,1019.125,876.5777777777777,59.072702702702706,37,0,1009.75,1039.75,1028.5,998.5,851.5777777777777,901.5777777777777
17,41,1049.125,876.5777777777777,52.25315789473686,38,0,1039.75,1069.75,1058.5,1028.5,851.5777777777777,901.5777777777777
17,42,1079.125,876.5777777777777,51.330799999999996,50,0,1069.75,1099.75,1088.5,1058.5,851.5777777777777,901.5777777777777
17,43,1109.125,876.5777777777777,60.918124999999996,32,0,1099.75,1129.75,1118.5,1088.5,851.5777777777777,901.5777777777777
17,44,1139.125,876.5777777777777,56.580227272727264,44,0,1129.75,1159.75,1148.5,1118.5,851.5777777777777,901.5777777777777
17,45,1169.125,876.5777777777777,61.80828571428572,35,0,1159.75,1189.75,1178.5,1148.5,851.5777777777777,901.5777777777777
17,46,1199.125,876.5777777777777,60.74166666666666,18,0,1189.75,1219.75,1208.5,1178.5,851.5777777777777,901.5777777777777
17,47,1229.125,876.5777777777777,59.79933333333334,30,0,1219.75,1249.75,1238.5,1208.5,851.5777777777777,901.5777777777777
17,48,1259.125,876.5777777777777,53.59891891891891,37,0,1249.75,1279.75,1268.5,1238.5,851.5777777777777,901.5777777777777
17,49,1289.125,876.5777777777777,50.96837209302324,43,0,1279.75,1309.75,1298.5,1268.5,851.5777777777777,901.5777777777777
17,50,1319.125,876.5777777777777,46.0303125,32,0,1309.75,1339.75,1328.5,1298.5,851.5777777777777,901.5777777777777
17,51,1349.125,876.5777777777777,37.28758620689655,58,0,1339.75,1369.75,1358.5,1328.5,851.5777777777777,901.5777777777777
17,52,1379.125,876.5777777777777,45.623333333333335,30,0,1369.75,1399.75,1388.5,1358.5,851.5777777777777,901.5777777777777
17,53,1409.125,876.5777777777777,46.89125000000001,48,0,1399.75,1429.75,1418.5,1388.5,851.5777777777777,901.5777777777777
17,54,1439.125,876.5777777777777,47.21943396226415,53,0,1429.75,1459.75,1448.5,1418.5,851.5777777777777,901.5777777777777
17,55,1469.125,876.5777777777777,41.721864406779645,59,0,1459.75,1489.75,1478.5,1448.5,851.5777777777777,901.5777777777777
17,56,1499.125,876.5777777777777,42.797254901960784,51,0,1489.75,1519.75,1508.5,1478.5,851.5777777777777,901.5777777777777
17,57,1529.125,876.5777777777777,47.79315789473684,38,0,1519.75,1549.75,1538.5,1508.5,851.5777777777777,901.5777777777777
17,58,1559.125,876.5777777777777,45.79717391304348,46,0,1549.75,1579.75,1568.5,1538.5,851.5777777777777,901.5777777777777
17,59,1589.125,876.5777777777777,41.54131578947368,38,0,1579.75,1609.75,1598.5,1568.5,851.5777777777777,901.5777777777777
17,60,1619.125,876.5777777777777,38.426923076923075,52,0,1609.75,1639.75,1628.5,1598.5,851.5777777777777,901.5777777777777
17,61,1649.125,876.5777777777777,35.92070175438596,57,0,1639.75,1669.75,1658.5,1628.5,851.5777777777777,901.5777777777777
17,62,1679.125,876.5777777777777,34.51622950819672,61,0,1669.75,1699.75,1688.5,1658.5,851.5777777777777,901.5777777777777
17,63,1709.125,876.5777777777777,33.780645161290316,62,0,1699.75,1729.75,1718.5,1688.5,851.5777777777777,901.5777777777777
17,64,1739.125,876.5777777777777,34.66864406779662,59,0,1729.75,1759.75,1748.5,1718.5,851.5777777777777,901.5777777777777
17,65,1769.125,876.5777777777777,29.70611111111112,72,0,1759.75,1789.75,1778.5,1748.5,851.5777777777777,901.5777777777777
17,66,1799.125,876.5777777777777,37.645573770491794,61,0,1789.75,1819.75,1808.5,1778.5,851.5777777777777,901.5777777777777
17,67,1829.125,876.5777777777777,38.0138,50,0,1819.75,1849.75,1838.5,1808.5,851.5777777777777,901.5777777777777
17,68,1859.125,876.5777777777777,34.012800000000006,50,0,1849.75,1879.75,1868.5,1838.5,851.5777777777777,901.5777777777777
17,69,1889.125,876.5777777777777,36.061458333333334,48,0,1879.75,1909.75,1898.5,1868.5,851.5777777777777,901.5777777777777
17,70,1919.125,876.5777777777777,38.25166666666667,60,0,1909.75,1939.75,1928.5,1898.5,851.5777777777777,901.5777777777777
17,71,1949.125,876.5777777777777,40.29055555555555,54,0,1939.75,1969.75,1958.5,1928.5,851.5777777777777,901.5777777777777
17,72,1979.125,876.5777777777777,30.453333333333333,63,0,1969.75,1999.75,1988.5,1958.5,851.5777777777777,901.5777777777777
17,73,2009.125,876.5777777777777,29.8741935483871,62,0,1999.75,2029.75,2018.5,1988.5,851.5777777777777,901.5777777777777
17,74,2039.125,876.5777777777777,27.689838709677424,62,0,2029.75,2059.75,2048.5,2018.5,851.5777777777777,901.5777777777777
17,75,2069.125,876.5777777777777,22.346619718309856,71,0,2059.75,2089.75,2078.5,2048.5,851.5777777777777,901.5777777777777
17,76,2099.125,876.5777777777777,23.93284090909091,88,0,2089.75,2119.75,2108.5,2078.5,851.5777777777777,901.5777777777777
17,77,2129.125,876.5777777777777,17.653333333333336,114,0,2119.75,2149.75,2138.5,2108.5,851.5777777777777,901.5777777777777
17,78,2159.125,876.5777777777777,25.807199999999995,75,0,2149.75,2179.75,2168.5,2138.5,851.5777777777777,901.5777777777777
17,79,2189.125,876.5777777777777,33.599833333333336,60,0,2179.75,2209.75,2198.5,2168.5,851.5777777777777,901.5777777777777
17,80,2219.125,876.5777777777777,40.708275862068966,29,0,2209.75,2239.75,2228.5,2198.5,851.5777777777777,901.5777777777777
17,81,2249.125,876.5777777777777,41.620508474576255,59,0,2239.75,2269.75,2258.5,2228.5,851.5777777777777,901.5777777777777
17,82,2279.125,876.5777777777777,47.402702702702705,37,0,2269.75,2299.75,2288.5,2258.5,851.5777777777777,901.5777777777777
17,83,2309.125,876.5777777777777,48.090999999999994,40,0,2299.75,2329.75,2318.5,2288.5,851.5777777777777,901.5777777777777
17,84,2339.125,876.5777777777777,46.331842105263156,38,0,2329.75,2359.75,2348.5,2318.5,851.5777777777777,901.5777777777777
17,85,2369.125,876.5777777777777,45.8783870967742,31,0,2359.75,2389.75,2378.5,2348.5,851.5777777777777,901.5777777777777
17,86,2399.125,876.5777777777777,44.17217391304348,46,0,2389.75,2419.75,2408.5,2378.5,851.5777777777777,901.5777777777777
17,87,2429.125,876.5777777777777,40.85233333333334,60,0,2419.75,2449.75,2438.5,2408.5,851.5777777777777,901.5777777777777
17,88,2459.125,876.5777777777777,40.9308510638298,47,0,2449.75,2479.75,2468.5,2438.5,851.5777777777777,901.5777777777777
17,89,2489.125,876.5777777777777,39.296363636363644,44,0,2479.75,2509.75,2498.5,2468.5,851.5777777777777,901.5777777777777
17,90,2519.125,876.5777777777777,37.16622641509434,53,0,2509.75,2539.75,2528.5,2498.5,851.5777777777777,901.5777777777777
17,91,2549.125,876.5777777777777,33.63953125,64,0,2539.75,2569.75,2558.5,2528.5,851.5777777777777,901.5777777777777
17,92,2579.125,876.5777777777777,25.945531914893632,94,0,2569.75,2599.75,2588.5,2558.5,851.5777777777777,901.5777777777777
17,93,2609.125,876.5777777777777,27.475614035087712,57,0,2599.75,2629.75,2618.5,2588.5,851.5777777777777,901.5777777777777
17,94,2639.125,876.5777777777777,35.75229166666666,48,0,2629.75,2659.75,2648.5,2618.5,851.5777777777777,901.5777777777777
17,95,2669.125,876.5777777777777,42.234615384615395,39,0,2659.75,2689.75,2678.5,2648.5,851.5777777777777,901.5777777777777
17,96,2699.125,876.5777777777777,38.41765624999999,64,0,2689.75,2719.75,2708.5,2678.5,851.5777777777777,901.5777777777777
17,97,2729.125,876.5777777777777,18.78813186813186,91,0,2719.75,2749.75,2738.5,2708.5,851.5777777777777,901.5777777777777
17,98,2759.125,876.5777777777777,17.304062500000004,96,0,2749.75,2779.75,2768.5,2738.5,851.5777777777777,901.5777777777777
17,99,2789.125,876.5777777777777,31.775333333333336,75,0,2779.75,2809.75,2798.5,2768.5,851.5777777777777,901.5777777777777
17,100,2819.125,876.5777777777777,38.68672131147541,61,0,2809.75,2839.75,2828.5,2798.5,851.5777777777777,901.5777777777777
17,101,2849.125,876.5777777777777,42.25698113207547,53,0,2839.75,2869.75,2858.5,2828.5,851.5777777777777,901.5777777777777
17,102,2879.125,876.5777777777777,41.43254545454546,55,0,2869.75,2899.75,2888.5,2858.5,851.5777777777777,901.5777777777777
17,103,2909.125,876.5777777777777,37.26720000000001,50,0,2899.75,2929.75,2918.5,2888.5,851.5777777777777,901.5777777777777
17,104,2939.125,876.5777777777777,36.40816666666665,60,0,2929.75,2959.75,2948.5,2918.5,851.5777777777777,901.5777777777777
17,105,2969.125,876.5777777777777,40.80354166666667,48,0,2959.75,2989.75,2978.5,2948.5,851.5777777777777,901.5777777777777
17,106,2999.125,876.5777777777777,39.115476190476194,42,0,2989.75,3019.75,3008.5,2978.5,851.5777777777777,901.5777777777777
17,107,3029.125,876.5777777777777,38.86924528301886,53,0,3019.75,3049.75,3038.5,3008.5,851.5777777777777,901.5777777777777
17,108,3059.125,876.5777777777777,34.716406250000006,64,0,3049.75,3079.75,3068.5,3038.5,851.5777777777777,901.5777777777777
17,109,3089.125,876.5777777777777,33.48542372881356,59,0,3079.75,3109.75,3098.5,3068.5,851.5777777777777,901.5777777777777
17,110,3119.125,876.5777777777777,35.25046153846154,65,0,3109.75,3139.75,3128.5,3098.5,851.5777777777777,901.5777777777777
17,111,3149.125,876.5777777777777,33.99444444444444,45,0,3139.75,3169.75,3158.5,3128.5,851.5777777777777,901.5777777777777
17,112,3179.125,876.5777777777777,27.587733333333343,75,0,3169.75,3199.75,3188.5,3158.5,851.5777777777777,901.5777777777777
17,113,3209.125,876.5777777777777,26.38840000000001,75,0,3199.75,3229.75,3218.5,3188.5,851.5777777777777,901.5777777777777
17,114,3239.125,876.5777777777777,31.312716049382715,81,0,3229.75,3259.75,3248.5,3218.5,851.5777777777777,901.5777777777777
17,115,3269.125,876.5777777777777,22.929864864864868,74,0,3259.75,3289.75,3278.5,3248.5,851.5777777777777,901.5777777777777
17,116,3299.125,876.5777777777777,17.354545454545455,88,0,3289.75,3319.75,3308.5,3278.5,851.5777777777777,901.5777777777777
17,117,3329.125,876.5777777777777,25.674943820224712,89,0,3319.75,3349.75,3338.5,3308.5,851.5777777777777,901.5777777777777
17,118,3359.125,876.5777777777777,22.913222222222224,90,0,3349.75,3379.75,3368.5,3338.5,851.5777777777777,901.5777777777777
17,119,3389.125,876.5777777777777,23.800684931506847,73,0,3379.75,3409.75,3398.5,3368.5,851.5777777777777,901.5777777777777
17,120,3419.125,876.5777777777777,31.62761194029851,67,0,3409.75,3439.75,3428.5,3398.5,851.5777777777777,901.5777777777777
17,121,3449.125,876.5777777777777,36.17611111111109,54,0,3439.75,3469.75,3458.5,3428.5,851.5777777777777,901.5777777777777
17,122,3479.125,876.5777777777777,40.101802469135805,45,0,3469.75,3499.75,3488.5,3458.5,851.5777777777777,901.5777777777777
17,123,3509.125,876.5777777777777,41.68812499999999,48,0,3499.75,3529.75,3518.5,3488.5,851.5777777777777,901.5777777777777
17,124,3539.125,876.5777777777777,39.18230769230769,52,0,3529.75,3559.75,3548.5,3518.5,851.5777777777777,901.5777777777777
17,125,3569.125,876.5777777777777,35.66373333333333,75,0,3559.75,3589.75,3578.5,3548.5,851.5777777777777,901.5777777777777
17,126,3599.125,876.5777777777777,37.39490196078431,51,0,3589.75,3619.75,3608.5,3578.5,851.5777777777777,901.5777777777777
17,127,3629.125,876.5777777777777,33.91189655172414,58,0,3619.75,3649.75,3638.5,3608.5,851.5777777777777,901.5777777777777
17,128,3659.125,876.5777777777777,23.890348837209306,86,0,3649.75,3679.75,3668.5,3638.5,851.5777777777777,901.5777777777777
17,129,3689.125,876.5777777777777,10.758245614035088,114,0,3679.75,3709.75,3698.5,3668.5,851.5777777777777,901.5777777777777
17,130,3719.125,876.5777777777777,10.01824561403509,114,0,3709.75,3739.75,3728.5,3698.5,851.5777777777777,901.5777777777777
17,131,3749.125,876.5777777777777,11.048679245283017,53,0,3739.75,3769.75,3758.5,3728.5,851.5777777777777,901.5777777777777
17,132,3779.125,876.5777777777777,,0,0,3769.75,3799.75,3788.5,3758.5,851.5777777777777,901.5777777777777
17,133,3809.125,876.5777777777777,,0,0,3799.75,3829.75,3818.5,3788.5,851.5777777777777,901.5777777777777
17,134,3839.125,876.5777777777777,,0,0,3829.75,3859.75,3848.5,3818.5,851.5777777777777,901.5777777777777
17,135,3869.125,876.5777777777777,,0,0,3859.75,3889.75,3878.5,3848.5,851.5777777777777,901.5777777777777
18,6,-12.125,926.5777777777777,58.59,2,0,-21.5,8.5,-2.75,-32.75,901.5777777777777,951.5777777777777
18,7,17.875,926.5777777777777,59.01307692307692,26,0,8.5,38.5,27.25,-2.75,901.5777777777777,951.5777777777777
18,8,47.875,926.5777777777777,60.53793103448275,29,0,38.5,68.5,57.25,27.25,901.5777777777777,951.5777777777777
18,9,77.875,926.5777777777777,63.3492857142857,14,0,68.5,98.5,87.25,57.25,901.5777777777777,951.5777777777777
18,10,107.875,926.5777777777777,64.748,15,0,98.5,128.5,117.25,87.25,901.5777777777777,951.5777777777777
18,11,137.875,926.5777777777777,71.13153846153845,13,0,128.5,158.5,147.25,117.25,901.5777777777777,951.5777777777777
18,12,167.875,926.5777777777777,58.72142857142857,28,0,158.5,188.5,177.25,147.25,901.5777777777777,951.5777777777777
18,13,197.875,926.5777777777777,63.109565217391314,23,0,188.5,218.5,207.25,177.25,901.5777777777777,951.5777777777777
18,14,227.875,926.5777777777777,63.53999999999999,29,0,218.5,248.5,237.25,207.25,901.5777777777777,951.5777777777777
18,15,257.875,926.5777777777777,72.35000000000001,16,0,248.5,278.5,267.25,237.25,901.5777777777777,951.5777777777777
18,16,287.875,926.5777777777777,70.71842105263157,19,0,278.5,308.5,297.25,267.25,901.5777777777777,951.5777777777777
18,17,317.875,926.5777777777777,76.63499999999999,8,0,308.5,338.5,327.25,297.25,901.5777777777777,951.5777777777777
18,18,347.875,926.5777777777777,69.62538461538462,13,0,338.5,368.5,357.25,327.25,901.5777777777777,951.5777777777777
18,19,377.875,926.5777777777777,65.72625000000002,32,0,368.5,398.5,387.25,357.25,901.5777777777777,951.5777777777777
18,20,407.875,926.5777777777777,74.05625,16,0,398.5,428.5,417.25,387.25,901.5777777777777,951.5777777777777
18,21,437.875,926.5777777777777,64.11695652173913,23,0,428.5,458.5,447.25,417.25,901.5777777777777,951.5777777777777
18,22,467.875,926.5777777777777,62.66300000000001,30,0,458.5,488.5,477.25,447.25,901.5777777777777,951.5777777777777
18,23,497.875,926.5777777777777,60.840909090909086,33,0,488.5,518.5,507.25,477.25,901.5777777777777,951.5777777777777
18,24,527.875,926.5777777777777,60.468571428571416,35,0,518.5,548.5,537.25,507.25,901.5777777777777,951.5777777777777
18,25,557.875,926.5777777777777,59.223,30,0,548.5,578.5,567.25,537.25,901.5777777777777,951.5777777777777
18,26,587.875,926.5777777777777,67.00653846153845,26,0,578.5,608.5,597.25,567.25,901.5777777777777,951.5777777777777
18,27,617.875,926.5777777777777,65.41692307692308,26,0,608.5,638.5,627.25,597.25,901.5777777777777,951.5777777777777
18,28,647.875,926.5777777777777,66.82411764705883,17,0,638.5,668.5,657.25,627.25,901.5777777777777,951.5777777777777
18,29,677.875,926.5777777777777,66.36423076923077,26,0,668.5,698.5,687.25,657.25,901.5777777777777,951.5777777777777
18,30,707.875,926.5777777777777,60.47937500000001,16,0,698.5,728.5,717.25,687.25,901.5777777777777,951.5777777777777
18,31,737.875,926.5777777777777,60.91351351351352,37,0,728.5,758.5,747.25,717.25,901.5777777777777,951.5777777777777
18,32,767.875,926.5777777777777,64.65655172413794,29,0,758.5,788.5,777.25,747.25,901.5777777777777,951.5777777777777
18,33,797.875,926.5777777777777,66.22380952380952,21,0,788.5,818.5,807.25,777.25,901.5777777777777,951.5777777777777
18,34,827.875,926.5777777777777,62.28111111111111,27,0,818.5,848.5,837.25,807.25,901.5777777777777,951.5777777777777
18,35,857.875,926.5777777777777,61.17600000000001,30,0,848.5,878.5,867.25,837.25,901.5777777777777,951.5777777777777
18,36,887.875,926.5777777777777,69.54666666666667,9,0,878.5,908.5,897.25,867.25,901.5777777777777,951.5777777777777
18,37,917.875,926.5777777777777,65.4323076923077,13,0,908.5,938.5,927.25,897.25,901.5777777777777,951.5777777777777
18,38,947.875,926.5777777777777,57.531111111111116,27,0,938.5,968.5,957.25,927.25,901.5777777777777,951.5777777777777
18,39,977.875,926.5777777777777,59.406,35,0,968.5,998.5,987.25,957.25,901.5777777777777,951.5777777777777
18,40,1007.875,926.5777777777777,58.649375000000006,32,0,998.5,1028.5,1017.25,987.25,901.5777777777777,951.5777777777777
18,41,1037.875,926.5777777777777,57.78382352941176,34,0,1028.5,1058.5,1047.25,1017.25,901.5777777777777,951.5777777777777
18,42,1067.875,926.5777777777777,51.0745,40,0,1058.5,1088.5,1077.25,1047.25,901.5777777777777,951.5777777777777
18,43,1097.875,926.5777777777777,57.575806451612905,31,0,1088.5,1118.5,1107.25,1077.25,901.5777777777777,951.5777777777777
18,44,1127.875,926.5777777777777,60.61233333333333,30,0,1118.5,1148.5,1137.25,1107.25,901.5777777777777,951.5777777777777
18,45,1157.875,926.5777777777777,58.97750000000001,36,0,1148.5,1178.5,1167.25,1137.25,901.5777777777777,951.5777777777777
18,46,1187.875,926.5777777777777,59.441818181818185,22,0,1178.5,1208.5,1197.25,1167.25,901.5777777777777,951.5777777777777
18,47,1217.875,926.5777777777777,57.335238095238104,21,0,1208.5,1238.5,1227.25,1197.25,901.5777777777777,951.5777777777777
18,48,1247.875,926.5777777777777,59.593846153846165,26,0,1238.5,1268.5,1257.25,1227.25,901.5777777777777,951.5777777777777
18,49,1277.875,926.5777777777777,50.059714285714286,35,0,1268.5,1298.5,1287.25,1257.25,901.5777777777777,951.5777777777777
18,50,1307.875,926.5777777777777,47.40993902439023,41,0,1298.5,1328.5,1317.25,1287.25,901.5777777777777,951.5777777777777
18,51,1337.875,926.5777777777777,37.98295454545456,44,0,1328.5,1358.5,1347.25,1317.25,901.5777777777777,951.5777777777777
18,52,1367.875,926.5777777777777,40.48555555555557,45,0,1358.5,1388.5,1377.25,1347.25,901.5777777777777,951.5777777777777
18,53,1397.875,926.5777777777777,41.41263513513515,37,0,1388.5,1418.5,1407.25,1377.25,901.5777777777777,951.5777777777777
18,54,1427.875,926.5777777777777,48.001666666666665,48,0,1418.5,1448.5,1437.25,1407.25,901.5777777777777,951.5777777777777
18,55,1457.875,926.5777777777777,41.592708333333334,48,0,1448.5,1478.5,1467.25,1437.25,901.5777777777777,951.5777777777777
18,56,1487.875,926.5777777777777,41.0209433962264,53,0,1478.5,1508.5,1497.25,1467.25,901.5777777777777,951.5777777777777
18,57,1517.875,926.5777777777777,45.25023255813953,43,0,1508.5,1538.5,1527.25,1497.25,901.5777777777777,951.5777777777777
18,58,1547.875,926.5777777777777,44.70236842105263,38,0,1538.5,1568.5,1557.25,1527.25,901.5777777777777,951.5777777777777
18,59,1577.875,926.5777777777777,45.028611111111125,36,0,1568.5,1598.5,1587.25,1557.25,901.5777777777777,951.5777777777777
18,60,1607.875,926.5777777777777,40.75697674418605,43,0,1598.5,1628.5,1617.25,1587.25,901.5777777777777,951.5777777777777
18,61,1637.875,926.5777777777777,44.00238095238095,42,0,1628.5,1658.5,1647.25,1617.25,901.5777777777777,951.5777777777777
18,62,1667.875,926.5777777777777,35.02375,48,0,1658.5,1688.5,1677.25,1647.25,901.5777777777777,951.5777777777777
18,63,1697.875,926.5777777777777,32.039122807017534,57,0,1688.5,1718.5,1707.25,1677.25,901.5777777777777,951.5777777777777
18,64,1727.875,926.5777777777777,29.014782608695647,69,0,1718.5,1748.5,1737.25,1707.25,901.5777777777777,951.5777777777777
18,65,1757.875,926.5777777777777,25.298636363636366,66,0,1748.5,1778.5,1767.25,1737.25,901.5777777777777,951.5777777777777
18,66,1787.875,926.5777777777777,34.74316666666666,60,0,1778.5,1808.5,1797.25,1767.25,901.5777777777777,951.5777777777777
18,67,1817.875,926.5777777777777,39.9608,50,0,1808.5,1838.5,1827.25,1797.25,901.5777777777777,951.5777777777777
18,68,1847.875,926.5777777777777,30.665185185185184,54,0,1838.5,1868.5,1857.25,1827.25,901.5777777777777,951.5777777777777
18,69,1877.875,926.5777777777777,37.43772727272726,44,0,1868.5,1898.5,1887.25,1857.25,901.5777777777777,951.5777777777777
18,70,1907.875,926.5777777777777,40.12288888888889,45,0,1898.5,1928.5,1917.25,1887.25,901.5777777777777,951.5777777777777
18,71,1937.875,926.5777777777777,42.4,54,0,1928.5,1958.5,1947.25,1917.25,901.5777777777777,951.5777777777777
18,72,1967.875,926.5777777777777,33.03535714285714,56,0,1958.5,1988.5,1977.25,1947.25,901.5777777777777,951.5777777777777
18,73,1997.875,926.5777777777777,26.291194029850754,67,0,1988.5,2018.5,2007.25,1977.25,901.5777777777777,951.5777777777777
18,74,2027.875,926.5777777777777,23.462948717948727,78,0,2018.5,2048.5,2037.25,2007.25,901.5777777777777,951.5777777777777
18,75,2057.875,926.5777777777777,17.86592105263158,76,0,2048.5,2078.5,2067.25,2037.25,901.5777777777777,951.5777777777777
18,76,2087.875,926.5777777777777,25.762903225806454,62,0,2078.5,2108.5,2097.25,2067.25,901.5777777777777,951.5777777777777
18,77,2117.875,926.5777777777777,24.00961038961039,77,0,2108.5,2138.5,2127.25,2097.25,901.5777777777777,951.5777777777777
18,78,2147.875,926.5777777777777,27.820937499999985,64,0,2138.5,2168.5,2157.25,2127.25,901.5777777777777,951.5777777777777
18,79,2177.875,926.5777777777777,36.49587142857142,50,0,2168.5,2198.5,2187.25,2157.25,901.5777777777777,951.5777777777777
18,80,2207.875,926.5777777777777,38.76341463414635,41,0,2198.5,2228.5,2217.25,2187.25,901.5777777777777,951.5777777777777
18,81,2237.875,926.5777777777777,42.869428571428564,35,0,2228.5,2258.5,2247.25,2217.25,901.5777777777777,951.5777777777777
18,82,2267.875,926.5777777777777,45.149772727272726,44,0,2258.5,2288.5,2277.25,2247.25,901.5777777777777,951.5777777777777
18,83,2297.875,926.5777777777777,48.093548387096774,31,0,2288.5,2318.5,2307.25,2277.25,901.5777777777777,951.5777777777777
18,84,2327.875,926.5777777777777,46.64307692307692,39,0,2318.5,2348.5,2337.25,2307.25,901.5777777777777,951.5777777777777
18,85,2357.875,926.5777777777777,50.243225806451605,31,0,2348.5,2378.5,2367.25,2337.25,901.5777777777777,951.5777777777777
18,86,2387.875,926.5777777777777,49.31633333333333,30,0,2378.5,2408.5,2397.25,2367.25,901.5777777777777,951.5777777777777
18,87,2417.875,926.5777777777777,42.65108695652174,46,0,2408.5,2438.5,2427.25,2397.25,901.5777777777777,951.5777777777777
18,88,2447.875,926.5777777777777,38.86685185185185,54,0,2438.5,2468.5,2457.25,2427.25,901.5777777777777,951.5777777777777
18,89,2477.875,926.5777777777777,42.47810810810811,37,0,2468.5,2498.5,2487.25,2457.25,901.5777777777777,951.5777777777777
18,90,2507.875,926.5777777777777,37.386744186046506,43,0,2498.5,2528.5,2517.25,2487.25,901.5777777777777,951.5777777777777
18,91,2537.875,926.5777777777777,34.548113207547175,53,0,2528.5,2558.5,2547.25,2517.25,901.5777777777777,951.5777777777777
18,92,2567.875,926.5777777777777,32.56732394366199,71,0,2558.5,2588.5,2577.25,2547.25,901.5777777777777,951.5777777777777
18,93,2597.875,926.5777777777777,29.070277777777772,72,0,2588.5,2618.5,2607.25,2577.25,901.5777777777777,951.5777777777777
18,94,2627.875,926.5777777777777,37.01142857142857,42,0,2618.5,2648.5,2637.25,2607.25,901.5777777777777,951.5777777777777
18,95,2657.875,926.5777777777777,44.483000000000004,40,0,2648.5,2678.5,2667.25,2637.25,901.5777777777777,951.5777777777777
18,96,2687.875,926.5777777777777,40.220212765957456,47,0,2678.5,2708.5,2697.25,2667.25,901.5777777777777,951.5777777777777
18,97,2717.875,926.5777777777777,16.676330935251805,139,0,2708.5,2738.5,2727.25,2697.25,901.5777777777777,951.5777777777777
18,98,2747.875,926.5777777777777,20.535,84,0,2738.5,2768.5,2757.25,2727.25,901.5777777777777,951.5777777777777
18,99,2777.875,926.5777777777777,27.891184210526323,76,0,2768.5,2798.5,2787.25,2757.25,901.5777777777777,951.5777777777777
18,100,2807.875,926.5777777777777,31.52705128205128,78,0,2798.5,2828.5,2817.25,2787.25,901.5777777777777,951.5777777777777
18,101,2837.875,926.5777777777777,38.61192982456141,57,0,2828.5,2858.5,2847.25,2817.25,901.5777777777777,951.5777777777777
18,102,2867.875,926.5777777777777,45.38333333333334,42,0,2858.5,2888.5,2877.25,2847.25,901.5777777777777,951.5777777777777
18,103,2897.875,926.5777777777777,35.88616666666666,60,0,2888.5,2918.5,2907.25,2877.25,901.5777777777777,951.5777777777777
18,104,2927.875,926.5777777777777,34.05166666666667,48,0,2918.5,2948.5,2937.25,2907.25,901.5777777777777,951.5777777777777
18,105,2957.875,926.5777777777777,36.67693548387097,62,0,2948.5,2978.5,2967.25,2937.25,901.5777777777777,951.5777777777777
18,106,2987.875,926.5777777777777,37.72533333333332,45,0,2978.5,3008.5,2997.25,2967.25,901.5777777777777,951.5777777777777
18,107,3017.875,926.5777777777777,40.08282608695652,46,0,3008.5,3038.5,3027.25,2997.25,901.5777777777777,951.5777777777777
18,108,3047.875,926.5777777777777,31.206935483870968,62,0,3038.5,3068.5,3057.25,3027.25,901.5777777777777,951.5777777777777
18,109,3077.875,926.5777777777777,30.518088235294112,68,0,3068.5,3098.5,3087.25,3057.25,901.5777777777777,951.5777777777777
18,110,3107.875,926.5777777777777,34.77633333333333,60,0,3098.5,3128.5,3117.25,3087.25,901.5777777777777,951.5777777777777
18,111,3137.875,926.5777777777777,31.2344776119403,67,0,3128.5,3158.5,3147.25,3117.25,901.5777777777777,951.5777777777777
18,112,3167.875,926.5777777777777,25.81693548387098,62,0,3158.5,3188.5,3177.25,3147.25,901.5777777777777,951.5777777777777
18,113,3197.875,926.5777777777777,24.941369863013694,73,0,3188.5,3218.5,3207.25,3177.25,901.5777777777777,951.5777777777777
18,114,3227.875,926.5777777777777,30.395921052631586,76,0,3218.5,3248.5,3237.25,3207.25,901.5777777777777,951.5777777777777
18,115,3257.875,926.5777777777777,18.346574074074063,108,0,3248.5,3278.5,3267.25,3237.25,901.5777777777777,951.5777777777777
18,116,3287.875,926.5777777777777,16.715729166666666,96,0,3278.5,3308.5,3297.25,3267.25,901.5777777777777,951.5777777777777
18,117,3317.875,926.5777777777777,23.527560975609774,82,0,3308.5,3338.5,3327.25,3297.25,901.5777777777777,951.5777777777777
18,118,3347.875,926.5777777777777,20.94604166666667,96,0,3338.5,3368.5,3357.25,3327.25,901.5777777777777,951.5777777777777
18,119,3377.875,926.5777777777777,24.999756097560976,82,0,3368.5,3398.5,3387.25,3357.25,901.5777777777777,951.5777777777777
18,120,3407.875,926.5777777777777,32.11176470588235,51,0,3398.5,3428.5,3417.25,3387.25,901.5777777777777,951.5777777777777
18,121,3437.875,926.5777777777777,39.56938775510205,49,0,3428.5,3458.5,3447.25,3417.25,901.5777777777777,951.5777777777777
18,122,3467.875,926.5777777777777,40.0648888888889,45,0,3458.5,3488.5,3477.25,3447.25,901.5777777777777,951.5777777777777
18,123,3497.875,926.5777777777777,41.785348837209284,43,0,3488.5,3518.5,3507.25,3477.25,901.5777777777777,951.5777777777777
18,124,3527.875,926.5777777777777,40.650196078431364,51,0,3518.5,3548.5,3537.25,3507.25,901.5777777777777,951.5777777777777
18,125,3557.875,926.5777777777777,35.96209677419353,62,0,3548.5,3578.5,3567.25,3537.25,901.5777777777777,951.5777777777777
18,126,3587.875,926.5777777777777,29.859156626506035,83,0,3578.5,3608.5,3597.25,3567.25,901.5777777777777,951.5777777777777
18,127,3617.875,926.5777777777777,32.63934782608696,46,0,3608.5,3638.5,3627.25,3597.25,901.5777777777777,951.5777777777777
18,128,3647.875,926.5777777777777,18.287457627118638,118,0,3638.5,3668.5,3657.25,3627.25,901.5777777777777,951.5777777777777
18,129,3677.875,926.5777777777777,13.054925373134317,134,0,3668.5,3698.5,3687.25,3657.25,901.5777777777777,951.5777777777777
18,130,3707.875,926.5777777777777,10.411652173913037,115,0,3698.5,3728.5,3717.25,3687.25,901.5777777777777,951.5777777777777
18,131,3737.875,926.5777777777777,18.9825,64,0,3728.5,3758.5,3747.25,3717.25,901.5777777777777,951.5777777777777
18,132,3767.875,926.5777777777777,26.112727272727273,11,0,3758.5,3788.5,3777.25,3747.25,901.5777777777777,951.5777777777777
18,133,3797.875,926.5777777777777,,0,0,3788.5,3818.5,3807.25,3777.25,901.5777777777777,951.5777777777777
18,134,3827.875,926.5777777777777,,0,0,3818.5,3848.5,3837.25,3807.25,901.5777777777777,951.5777777777777
18,135,3857.875,926.5777777777777,,0,0,3848.5,3878.5,3867.25,3837.25,901.5777777777777,951.5777777777777
18,136,3887.875,926.5777777777777,,0,0,3878.5,3908.5,3897.25,3867.25,901.5777777777777,951.5777777777777
19,7,6.625,976.5777777777777,58.52333333333333,24,0,-2.75,27.25,16.0,-14.0,951.5777777777777,1001.5777777777777
19,8,36.625,976.5777777777777,59.263928571428586,28,0,27.25,57.25,46.0,16.0,951.5777777777777,1001.5777777777777
19,9,66.625,976.5777777777777,60.19666666666667,27,0,57.25,87.25,76.0,46.0,951.5777777777777,1001.5777777777777
19,10,96.625,976.5777777777777,63.634666666666675,15,0,87.25,117.25,106.0,76.0,951.5777777777777,1001.5777777777777
19,11,126.625,976.5777777777777,64.72,17,0,117.25,147.25,136.0,106.0,951.5777777777777,1001.5777777777777
19,12,156.625,976.5777777777777,67.8094117647059,17,0,147.25,177.25,166.0,136.0,951.5777777777777,1001.5777777777777
19,13,186.625,976.5777777777777,58.91176470588237,34,0,177.25,207.25,196.0,166.0,951.5777777777777,1001.5777777777777
19,14,216.625,976.5777777777777,63.9758064516129,31,0,207.25,237.25,226.0,196.0,951.5777777777777,1001.5777777777777
19,15,246.625,976.5777777777777,65.29407407407408,27,0,237.25,267.25,256.0,226.0,951.5777777777777,1001.5777777777777
19,16,276.625,976.5777777777777,68.15444444444444,18,0,267.25,297.25,286.0,256.0,951.5777777777777,1001.5777777777777
19,17,306.625,976.5777777777777,72.626,15,0,297.25,327.25,316.0,286.0,951.5777777777777,1001.5777777777777
19,18,336.625,976.5777777777777,70.41076923076922,13,0,327.25,357.25,346.0,316.0,951.5777777777777,1001.5777777777777
19,19,366.625,976.5777777777777,64.97055555555556,18,0,357.25,387.25,376.0,346.0,951.5777777777777,1001.5777777777777
19,20,396.625,976.5777777777777,67.48310344827584,29,0,387.25,417.25,406.0,376.0,951.5777777777777,1001.5777777777777
19,21,426.625,976.5777777777777,69.17678571428573,28,0,417.25,447.25,436.0,406.0,951.5777777777777,1001.5777777777777
19,22,456.625,976.5777777777777,61.24592592592591,27,0,447.25,477.25,466.0,436.0,951.5777777777777,1001.5777777777777
19,23,486.625,976.5777777777777,59.287812499999994,32,0,477.25,507.25,496.0,466.0,951.5777777777777,1001.5777777777777
19,24,516.625,976.5777777777777,60.55600000000001,35,0,507.25,537.25,526.0,496.0,951.5777777777777,1001.5777777777777
19,25,546.625,976.5777777777777,58.22562499999999,32,0,537.25,567.25,556.0,526.0,951.5777777777777,1001.5777777777777
19,26,576.625,976.5777777777777,64.79724137931035,29,0,567.25,597.25,586.0,556.0,951.5777777777777,1001.5777777777777
19,27,606.625,976.5777777777777,60.34225806451614,31,0,597.25,627.25,616.0,586.0,951.5777777777777,1001.5777777777777
19,28,636.625,976.5777777777777,64.95181818181818,22,0,627.25,657.25,646.0,616.0,951.5777777777777,1001.5777777777777
19,29,666.625,976.5777777777777,62.89833333333333,24,0,657.25,687.25,676.0,646.0,951.5777777777777,1001.5777777777777
19,30,696.625,976.5777777777777,64.64789473684212,19,0,687.25,717.25,706.0,676.0,951.5777777777777,1001.5777777777777
19,31,726.625,976.5777777777777,59.57258064516129,31,0,717.25,747.25,736.0,706.0,951.5777777777777,1001.5777777777777
19,32,756.625,976.5777777777777,62.12945945945946,37,0,747.25,777.25,766.0,736.0,951.5777777777777,1001.5777777777777
19,33,786.625,976.5777777777777,62.52923076923076,26,0,777.25,807.25,796.0,766.0,951.5777777777777,1001.5777777777777
19,34,816.625,976.5777777777777,61.35677419354837,31,0,807.25,837.25,826.0,796.0,951.5777777777777,1001.5777777777777
19,35,846.625,976.5777777777777,59.41428571428571,28,0,837.25,867.25,856.0,826.0,951.5777777777777,1001.5777777777777
19,36,876.625,976.5777777777777,62.01230769230771,26,0,867.25,897.25,886.0,856.0,951.5777777777777,1001.5777777777777
19,37,906.625,976.5777777777777,63.148181818181826,11,0,897.25,927.25,916.0,886.0,951.5777777777777,1001.5777777777777
19,38,936.625,976.5777777777777,55.45136363636365,22,0,927.25,957.25,946.0,916.0,951.5777777777777,1001.5777777777777
19,39,966.625,976.5777777777777,57.45617647058824,34,0,957.25,987.25,976.0,946.0,951.5777777777777,1001.5777777777777
19,40,996.625,976.5777777777777,57.357948717948716,39,0,987.25,1017.25,1006.0,976.0,951.5777777777777,1001.5777777777777
19,41,1026.625,976.5777777777777,57.897428571428584,35,0,1017.25,1047.25,1036.0,1006.0,951.5777777777777,1001.5777777777777
19,42,1056.625,976.5777777777777,54.328125,32,0,1047.25,1077.25,1066.0,1036.0,951.5777777777777,1001.5777777777777
19,43,1086.625,976.5777777777777,52.5104347826087,46,0,1077.25,1107.25,1096.0,1066.0,951.5777777777777,1001.5777777777777
19,44,1116.625,976.5777777777777,61.330303030303035,33,0,1107.25,1137.25,1126.0,1096.0,951.5777777777777,1001.5777777777777
19,45,1146.625,976.5777777777777,56.71295454545453,44,0,1137.25,1167.25,1156.0,1126.0,951.5777777777777,1001.5777777777777
19,46,1176.625,976.5777777777777,58.29945945945944,37,0,1167.25,1197.25,1186.0,1156.0,951.5777777777777,1001.5777777777777
19,47,1206.625,976.5777777777777,56.175499999999985,20,0,1197.25,1227.25,1216.0,1186.0,951.5777777777777,1001.5777777777777
19,48,1236.625,976.5777777777777,57.629655172413784,29,0,1227.25,1257.25,1246.0,1216.0,951.5777777777777,1001.5777777777777
19,49,1266.625,976.5777777777777,49.63131578947368,38,0,1257.25,1287.25,1276.0,1246.0,951.5777777777777,1001.5777777777777
19,50,1296.625,976.5777777777777,43.24037735849056,53,0,1287.25,1317.25,1306.0,1276.0,951.5777777777777,1001.5777777777777
19,51,1326.625,976.5777777777777,44.938064516129025,31,0,1317.25,1347.25,1336.0,1306.0,951.5777777777777,1001.5777777777777
19,52,1356.625,976.5777777777777,36.50540983606558,61,0,1347.25,1377.25,1366.0,1336.0,951.5777777777777,1001.5777777777777
19,53,1386.625,976.5777777777777,41.94210526315789,38,0,1377.25,1407.25,1396.0,1366.0,951.5777777777777,1001.5777777777777
19,54,1416.625,976.5777777777777,38.92999999999999,70,0,1407.25,1437.25,1426.0,1396.0,951.5777777777777,1001.5777777777777
19,55,1446.625,976.5777777777777,36.23529411764706,68,0,1437.25,1467.25,1456.0,1426.0,951.5777777777777,1001.5777777777777
19,56,1476.625,976.5777777777777,37.47384615384617,65,0,1467.25,1497.25,1486.0,1456.0,951.5777777777777,1001.5777777777777
19,57,1506.625,976.5777777777777,36.64540983606557,61,0,1497.25,1527.25,1516.0,1486.0,951.5777777777777,1001.5777777777777
19,58,1536.625,976.5777777777777,39.001020408163264,49,0,1527.25,1557.25,1546.0,1516.0,951.5777777777777,1001.5777777777777
19,59,1566.625,976.5777777777777,40.476,50,0,1557.25,1587.25,1576.0,1546.0,951.5777777777777,1001.5777777777777
19,60,1596.625,976.5777777777777,38.584523809523816,42,0,1587.25,1617.25,1606.0,1576.0,951.5777777777777,1001.5777777777777
19,61,1626.625,976.5777777777777,43.619607843137246,51,0,1617.25,1647.25,1636.0,1606.0,951.5777777777777,1001.5777777777777
19,62,1656.625,976.5777777777777,34.8882456140351,57,0,1647.25,1677.25,1666.0,1636.0,951.5777777777777,1001.5777777777777
19,63,1686.625,976.5777777777777,31.61810344827586,58,0,1677.25,1707.25,1696.0,1666.0,951.5777777777777,1001.5777777777777
19,64,1716.625,976.5777777777777,21.94413793103448,87,0,1707.25,1737.25,1726.0,1696.0,951.5777777777777,1001.5777777777777
19,65,1746.625,976.5777777777777,20.79340909090909,88,0,1737.25,1767.25,1756.0,1726.0,951.5777777777777,1001.5777777777777
19,66,1776.625,976.5777777777777,28.215905797101442,69,0,1767.25,1797.25,1786.0,1756.0,951.5777777777777,1001.5777777777777
19,67,1806.625,976.5777777777777,39.16048387096776,62,0,1797.25,1827.25,1816.0,1786.0,951.5777777777777,1001.5777777777777
19,68,1836.625,976.5777777777777,26.412272727272736,66,0,1827.25,1857.25,1846.0,1816.0,951.5777777777777,1001.5777777777777
19,69,1866.625,976.5777777777777,26.583823529411763,68,0,1857.25,1887.25,1876.0,1846.0,951.5777777777777,1001.5777777777777
19,70,1896.625,976.5777777777777,37.044000000000004,50,0,1887.25,1917.25,1906.0,1876.0,951.5777777777777,1001.5777777777777
19,71,1926.625,976.5777777777777,37.91044776119402,67,0,1917.25,1947.25,1936.0,1906.0,951.5777777777777,1001.5777777777777
19,72,1956.625,976.5777777777777,27.00950617283951,81,0,1947.25,1977.25,1966.0,1936.0,951.5777777777777,1001.5777777777777
19,73,1986.625,976.5777777777777,24.154109589041084,73,0,1977.25,2007.25,1996.0,1966.0,951.5777777777777,1001.5777777777777
19,74,2016.625,976.5777777777777,18.73233333333333,90,0,2007.25,2037.25,2026.0,1996.0,951.5777777777777,1001.5777777777777
19,75,2046.625,976.5777777777777,17.63333333333334,90,0,2037.25,2067.25,2056.0,2026.0,951.5777777777777,1001.5777777777777
19,76,2076.625,976.5777777777777,23.78985074626866,67,0,2067.25,2097.25,2086.0,2056.0,951.5777777777777,1001.5777777777777
19,77,2106.625,976.5777777777777,24.21575342465753,73,0,2097.25,2127.25,2116.0,2086.0,951.5777777777777,1001.5777777777777
19,78,2136.625,976.5777777777777,24.187634408602143,93,0,2127.25,2157.25,2146.0,2116.0,951.5777777777777,1001.5777777777777
19,79,2166.625,976.5777777777777,31.121756756756753,74,0,2157.25,2187.25,2176.0,2146.0,951.5777777777777,1001.5777777777777
19,80,2196.625,976.5777777777777,37.7591836734694,49,0,2187.25,2217.25,2206.0,2176.0,951.5777777777777,1001.5777777777777
19,81,2226.625,976.5777777777777,38.71513513513512,37,0,2217.25,2247.25,2236.0,2206.0,951.5777777777777,1001.5777777777777
19,82,2256.625,976.5777777777777,42.081071428571434,56,0,2247.25,2277.25,2266.0,2236.0,951.5777777777777,1001.5777777777777
19,83,2286.625,976.5777777777777,46.417179487179496,39,0,2277.25,2307.25,2296.0,2266.0,951.5777777777777,1001.5777777777777
19,84,2316.625,976.5777777777777,47.75815789473683,38,0,2307.25,2337.25,2326.0,2296.0,951.5777777777777,1001.5777777777777
19,85,2346.625,976.5777777777777,47.65815789473684,38,0,2337.25,2367.25,2356.0,2326.0,951.5777777777777,1001.5777777777777
19,86,2376.625,976.5777777777777,48.846785714285716,28,0,2367.25,2397.25,2386.0,2356.0,951.5777777777777,1001.5777777777777
19,87,2406.625,976.5777777777777,45.41488888888889,45,0,2397.25,2427.25,2416.0,2386.0,951.5777777777777,1001.5777777777777
19,88,2436.625,976.5777777777777,35.47882352941177,68,0,2427.25,2457.25,2446.0,2416.0,951.5777777777777,1001.5777777777777
19,89,2466.625,976.5777777777777,36.976000000000006,50,0,2457.25,2487.25,2476.0,2446.0,951.5777777777777,1001.5777777777777
19,90,2496.625,976.5777777777777,37.4632558139535,43,0,2487.25,2517.25,2506.0,2476.0,951.5777777777777,1001.5777777777777
19,91,2526.625,976.5777777777777,34.87962264150943,53,0,2517.25,2547.25,2536.0,2506.0,951.5777777777777,1001.5777777777777
19,92,2556.625,976.5777777777777,29.70294117647059,68,0,2547.25,2577.25,2566.0,2536.0,951.5777777777777,1001.5777777777777
19,93,2586.625,976.5777777777777,26.791379310344816,87,0,2577.25,2607.25,2596.0,2566.0,951.5777777777777,1001.5777777777777
19,94,2616.625,976.5777777777777,34.19263157894736,57,0,2607.25,2637.25,2626.0,2596.0,951.5777777777777,1001.5777777777777
19,95,2646.625,976.5777777777777,41.211333333333336,45,0,2637.25,2667.25,2656.0,2626.0,951.5777777777777,1001.5777777777777
19,96,2676.625,976.5777777777777,40.26999999999999,44,0,2667.25,2697.25,2686.0,2656.0,951.5777777777777,1001.5777777777777
19,97,2706.625,976.5777777777777,14.231441441441431,111,0,2697.25,2727.25,2716.0,2686.0,951.5777777777777,1001.5777777777777
19,98,2736.625,976.5777777777777,16.404622641509434,106,0,2727.25,2757.25,2746.0,2716.0,951.5777777777777,1001.5777777777777
19,99,2766.625,976.5777777777777,29.135312499999998,64,0,2757.25,2787.25,2776.0,2746.0,951.5777777777777,1001.5777777777777
19,100,2796.625,976.5777777777777,25.571702127659574,94,0,2787.25,2817.25,2806.0,2776.0,951.5777777777777,1001.5777777777777
19,101,2826.625,976.5777777777777,27.365869565217398,92,0,2817.25,2847.25,2836.0,2806.0,951.5777777777777,1001.5777777777777
19,102,2856.625,976.5777777777777,38.823518518518505,54,0,2847.25,2877.25,2866.0,2836.0,951.5777777777777,1001.5777777777777
19,103,2886.625,976.5777777777777,39.55438596491228,57,0,2877.25,2907.25,2896.0,2866.0,951.5777777777777,1001.5777777777777
19,104,2916.625,976.5777777777777,33.650625,64,0,2907.25,2937.25,2926.0,2896.0,951.5777777777777,1001.5777777777777
19,105,2946.625,976.5777777777777,32.68482142857142,56,0,2937.25,2967.25,2956.0,2926.0,951.5777777777777,1001.5777777777777
19,106,2976.625,976.5777777777777,29.48400000000001,80,0,2967.25,2997.25,2986.0,2956.0,951.5777777777777,1001.5777777777777
19,107,3006.625,976.5777777777777,33.040526315789464,57,0,2997.25,3027.25,3016.0,2986.0,951.5777777777777,1001.5777777777777
19,108,3036.625,976.5777777777777,24.307974683544316,79,0,3027.25,3057.25,3046.0,3016.0,951.5777777777777,1001.5777777777777
19,109,3066.625,976.5777777777777,21.936320754716974,106,0,3057.25,3087.25,3076.0,3046.0,951.5777777777777,1001.5777777777777
19,110,3096.625,976.5777777777777,24.307234042553183,94,0,3087.25,3117.25,3106.0,3076.0,951.5777777777777,1001.5777777777777
19,111,3126.625,976.5777777777777,22.736969696969688,99,0,3117.25,3147.25,3136.0,3106.0,951.5777777777777,1001.5777777777777
19,112,3156.625,976.5777777777777,16.840124999999993,80,0,3147.25,3177.25,3166.0,3136.0,951.5777777777777,1001.5777777777777
19,113,3186.625,976.5777777777777,23.11690476190476,84,0,3177.25,3207.25,3196.0,3166.0,951.5777777777777,1001.5777777777777
19,114,3216.625,976.5777777777777,28.095571428571425,70,0,3207.25,3237.25,3226.0,3196.0,951.5777777777777,1001.5777777777777
19,115,3246.625,976.5777777777777,17.097583333333333,120,0,3237.25,3267.25,3256.0,3226.0,951.5777777777777,1001.5777777777777
19,116,3276.625,976.5777777777777,13.140733944954125,109,0,3267.25,3297.25,3286.0,3256.0,951.5777777777777,1001.5777777777777
19,117,3306.625,976.5777777777777,18.14063157894737,95,0,3297.25,3327.25,3316.0,3286.0,951.5777777777777,1001.5777777777777
19,118,3336.625,976.5777777777777,17.7791891891892,111,0,3327.25,3357.25,3346.0,3316.0,951.5777777777777,1001.5777777777777
19,119,3366.625,976.5777777777777,21.541165048543693,103,0,3357.25,3387.25,3376.0,3346.0,951.5777777777777,1001.5777777777777
19,120,3396.625,976.5777777777777,27.91171052631579,76,0,3387.25,3417.25,3406.0,3376.0,951.5777777777777,1001.5777777777777
19,121,3426.625,976.5777777777777,37.72646153846153,65,0,3417.25,3447.25,3436.0,3406.0,951.5777777777777,1001.5777777777777
19,122,3456.625,976.5777777777777,38.62711538461539,52,0,3447.25,3477.25,3466.0,3436.0,951.5777777777777,1001.5777777777777
19,123,3486.625,976.5777777777777,40.40153846153846,52,0,3477.25,3507.25,3496.0,3466.0,951.5777777777777,1001.5777777777777
19,124,3516.625,976.5777777777777,40.90372549019609,51,0,3507.25,3537.25,3526.0,3496.0,951.5777777777777,1001.5777777777777
19,125,3546.625,976.5777777777777,33.326,60,0,3537.25,3567.25,3556.0,3526.0,951.5777777777777,1001.5777777777777
19,126,3576.625,976.5777777777777,25.789793814432986,97,0,3567.25,3597.25,3586.0,3556.0,951.5777777777777,1001.5777777777777
19,127,3606.625,976.5777777777777,20.4703144654088,106,0,3597.25,3627.25,3616.0,3586.0,951.5777777777777,1001.5777777777777
19,128,3636.625,976.5777777777777,12.804954954954953,111,0,3627.25,3657.25,3646.0,3616.0,951.5777777777777,1001.5777777777777
19,129,3666.625,976.5777777777777,9.070070921985817,141,0,3657.25,3687.25,3676.0,3646.0,951.5777777777777,1001.5777777777777
19,130,3696.625,976.5777777777777,8.328200000000002,150,0,3687.25,3717.25,3706.0,3676.0,951.5777777777777,1001.5777777777777
19,131,3726.625,976.5777777777777,11.295392156862745,102,0,3717.25,3747.25,3736.0,3706.0,951.5777777777777,1001.5777777777777
19,132,3756.625,976.5777777777777,24.21387755102041,49,0,3747.25,3777.25,3766.0,3736.0,951.5777777777777,1001.5777777777777
19,133,3786.625,976.5777777777777,,0,0,3777.25,3807.25,3796.0,3766.0,951.5777777777777,1001.5777777777777
19,134,3816.625,976.5777777777777,,0,0,3807.25,3837.25,3826.0,3796.0,951.5777777777777,1001.5777777777777
19,135,3846.625,976.5777777777777,,0,0,3837.25,3867.25,3856.0,3826.0,951.5777777777777,1001.5777777777777
19,136,3876.625,976.5777777777777,,0,0,3867.25,3897.25,3886.0,3856.0,951.5777777777777,1001.5777777777777
20,7,-4.625,1026.5777777777776,57.792207792207776,11,0,-14.0,16.0,4.75,-25.25,1001.5777777777777,1051.5777777777776
20,8,25.375,1026.5777777777776,58.34551724137931,29,0,16.0,46.0,34.75,4.75,1001.5777777777777,1051.5777777777776
20,9,55.375,1026.5777777777776,60.17212121212121,33,0,46.0,76.0,64.75,34.75,1001.5777777777777,1051.5777777777776
20,10,85.375,1026.5777777777776,63.987500000000004,16,0,76.0,106.0,94.75,64.75,1001.5777777777777,1051.5777777777776
20,11,115.375,1026.5777777777776,61.071176470588235,17,0,106.0,136.0,124.75,94.75,1001.5777777777777,1051.5777777777776
20,12,145.375,1026.5777777777776,68.70066666666668,15,0,136.0,166.0,154.75,124.75,1001.5777777777777,1051.5777777777776
20,13,175.375,1026.5777777777776,60.390909090909105,33,0,166.0,196.0,184.75,154.75,1001.5777777777777,1051.5777777777776
20,14,205.375,1026.5777777777776,62.067142857142855,28,0,196.0,226.0,214.75,184.75,1001.5777777777777,1051.5777777777776
20,15,235.375,1026.5777777777776,62.722972972972975,37,0,226.0,256.0,244.75,214.75,1001.5777777777777,1051.5777777777776
20,16,265.375,1026.5777777777776,67.19263157894738,19,0,256.0,286.0,274.75,244.75,1001.5777777777777,1051.5777777777776
20,17,295.375,1026.5777777777776,66.91954545454546,22,0,286.0,316.0,304.75,274.75,1001.5777777777777,1051.5777777777776
20,18,325.375,1026.5777777777776,72.75,10,0,316.0,346.0,334.75,304.75,1001.5777777777777,1051.5777777777776
20,19,355.375,1026.5777777777776,66.97266666666667,15,0,346.0,376.0,364.75,334.75,1001.5777777777777,1051.5777777777776
20,20,385.375,1026.5777777777776,62.478823529411756,34,0,376.0,406.0,394.75,364.75,1001.5777777777777,1051.5777777777776
20,21,415.375,1026.5777777777776,71.94,20,0,406.0,436.0,424.75,394.75,1001.5777777777777,1051.5777777777776
20,22,445.375,1026.5777777777776,61.947096774193554,31,0,436.0,466.0,454.75,424.75,1001.5777777777777,1051.5777777777776
20,23,475.375,1026.5777777777776,58.80437500000001,32,0,466.0,496.0,484.75,454.75,1001.5777777777777,1051.5777777777776
20,24,505.375,1026.5777777777776,60.71285714285715,42,0,496.0,526.0,514.75,484.75,1001.5777777777777,1051.5777777777776
20,25,535.375,1026.5777777777776,59.28111111111112,36,0,526.0,556.0,544.75,514.75,1001.5777777777777,1051.5777777777776
20,26,565.375,1026.5777777777776,57.00948717948719,39,0,556.0,586.0,574.75,544.75,1001.5777777777777,1051.5777777777776
20,27,595.375,1026.5777777777776,60.0840625,32,0,586.0,616.0,604.75,574.75,1001.5777777777777,1051.5777777777776
20,28,625.375,1026.5777777777776,62.075769230769225,26,0,616.0,646.0,634.75,604.75,1001.5777777777777,1051.5777777777776
20,29,655.375,1026.5777777777776,63.92857142857144,21,0,646.0,676.0,664.75,634.75,1001.5777777777777,1051.5777777777776
20,30,685.375,1026.5777777777776,64.24206896551725,29,0,676.0,706.0,694.75,664.75,1001.5777777777777,1051.5777777777776
20,31,715.375,1026.5777777777776,60.33249999999998,20,0,706.0,736.0,724.75,694.75,1001.5777777777777,1051.5777777777776
20,32,745.375,1026.5777777777776,59.30913043478262,46,0,736.0,766.0,754.75,724.75,1001.5777777777777,1051.5777777777776
20,33,775.375,1026.5777777777776,61.895277777777764,36,0,766.0,796.0,784.75,754.75,1001.5777777777777,1051.5777777777776
20,34,805.375,1026.5777777777776,63.6905,20,0,796.0,826.0,814.75,784.75,1001.5777777777777,1051.5777777777776
20,35,835.375,1026.5777777777776,61.59342857142857,35,0,826.0,856.0,844.75,814.75,1001.5777777777777,1051.5777777777776
20,36,865.375,1026.5777777777776,59.6191891891892,37,0,856.0,886.0,874.75,844.75,1001.5777777777777,1051.5777777777776
20,37,895.375,1026.5777777777776,67.083,10,0,886.0,916.0,904.75,874.75,1001.5777777777777,1051.5777777777776
20,38,925.375,1026.5777777777776,61.63294117647059,17,0,916.0,946.0,934.75,904.75,1001.5777777777777,1051.5777777777776
20,39,955.375,1026.5777777777776,54.9155882352941,34,0,946.0,976.0,964.75,934.75,1001.5777777777777,1051.5777777777776
20,40,985.375,1026.5777777777776,58.53133333333332,45,0,976.0,1006.0,994.75,964.75,1001.5777777777777,1051.5777777777776
20,41,1015.375,1026.5777777777776,58.70853658536585,41,0,1006.0,1036.0,1024.75,994.75,1001.5777777777777,1051.5777777777776
20,42,1045.375,1026.5777777777776,57.81071428571429,42,0,1036.0,1066.0,1054.75,1024.75,1001.5777777777777,1051.5777777777776
20,43,1075.375,1026.5777777777776,52.78219512195121,41,0,1066.0,1096.0,1084.75,1054.75,1001.5777777777777,1051.5777777777776
20,44,1105.375,1026.5777777777776,56.938837209302335,43,0,1096.0,1126.0,1114.75,1084.75,1001.5777777777777,1051.5777777777776
20,45,1135.375,1026.5777777777776,57.9252777777778,36,0,1126.0,1156.0,1144.75,1114.75,1001.5777777777777,1051.5777777777776
20,46,1165.375,1026.5777777777776,56.89697674418604,43,0,1156.0,1186.0,1174.75,1144.75,1001.5777777777777,1051.5777777777776
20,47,1195.375,1026.5777777777776,56.476400000000005,25,0,1186.0,1216.0,1204.75,1174.75,1001.5777777777777,1051.5777777777776
20,48,1225.375,1026.5777777777776,55.832068965517244,29,0,1216.0,1246.0,1234.75,1204.75,1001.5777777777777,1051.5777777777776
20,49,1255.375,1026.5777777777776,57.546774193548394,31,0,1246.0,1276.0,1264.75,1234.75,1001.5777777777777,1051.5777777777776
20,50,1285.375,1026.5777777777776,38.749999999999986,54,0,1276.0,1306.0,1294.75,1264.75,1001.5777777777777,1051.5777777777776
20,51,1315.375,1026.5777777777776,41.83070175438596,57,0,1306.0,1336.0,1324.75,1294.75,1001.5777777777777,1051.5777777777776
20,52,1345.375,1026.5777777777776,37.24826086956522,46,0,1336.0,1366.0,1354.75,1324.75,1001.5777777777777,1051.5777777777776
20,53,1375.375,1026.5777777777776,34.003939393939376,66,0,1366.0,1396.0,1384.75,1354.75,1001.5777777777777,1051.5777777777776
20,54,1405.375,1026.5777777777776,36.411521739130436,46,0,1396.0,1426.0,1414.75,1384.75,1001.5777777777777,1051.5777777777776
20,55,1435.375,1026.5777777777776,30.389638554216862,83,0,1426.0,1456.0,1444.75,1414.75,1001.5777777777777,1051.5777777777776
20,56,1465.375,1026.5777777777776,33.1507042253521,71,0,1456.0,1486.0,1474.75,1444.75,1001.5777777777777,1051.5777777777776
20,57,1495.375,1026.5777777777776,29.80706666666668,75,0,1486.0,1516.0,1504.75,1474.75,1001.5777777777777,1051.5777777777776
20,58,1525.375,1026.5777777777776,32.74797101449274,69,0,1516.0,1546.0,1534.75,1504.75,1001.5777777777777,1051.5777777777776
20,59,1555.375,1026.5777777777776,30.44254237288136,59,0,1546.0,1576.0,1564.75,1534.75,1001.5777777777777,1051.5777777777776
20,60,1585.375,1026.5777777777776,34.29280701754386,57,0,1576.0,1606.0,1594.75,1564.75,1001.5777777777777,1051.5777777777776
20,61,1615.375,1026.5777777777776,36.802264150943394,53,0,1606.0,1636.0,1624.75,1594.75,1001.5777777777777,1051.5777777777776
20,62,1645.375,1026.5777777777776,36.35178571428572,56,0,1636.0,1666.0,1654.75,1624.75,1001.5777777777777,1051.5777777777776
20,63,1675.375,1026.5777777777776,29.52092307692308,65,0,1666.0,1696.0,1684.75,1654.75,1001.5777777777777,1051.5777777777776
20,64,1705.375,1026.5777777777776,20.100843373493976,83,0,1696.0,1726.0,1714.75,1684.75,1001.5777777777777,1051.5777777777776
20,65,1735.375,1026.5777777777776,20.966590909090908,88,0,1726.0,1756.0,1744.75,1714.75,1001.5777777777777,1051.5777777777776
20,66,1765.375,1026.5777777777776,25.919718309859146,71,0,1756.0,1786.0,1774.75,1744.75,1001.5777777777777,1051.5777777777776
20,67,1795.375,1026.5777777777776,33.55579710144927,69,0,1786.0,1816.0,1804.75,1774.75,1001.5777777777777,1051.5777777777776
20,68,1825.375,1026.5777777777776,22.495116279069766,86,0,1816.0,1846.0,1834.75,1804.75,1001.5777777777777,1051.5777777777776
20,69,1855.375,1026.5777777777776,22.820666666666668,75,0,1846.0,1876.0,1864.75,1834.75,1001.5777777777777,1051.5777777777776
20,70,1885.375,1026.5777777777776,32.09854545454546,55,0,1876.0,1906.0,1894.75,1864.75,1001.5777777777777,1051.5777777777776
20,71,1915.375,1026.5777777777776,30.502089552238807,67,0,1906.0,1936.0,1924.75,1894.75,1001.5777777777777,1051.5777777777776
20,72,1945.375,1026.5777777777776,20.368846153846164,104,0,1936.0,1966.0,1954.75,1924.75,1001.5777777777777,1051.5777777777776
20,73,1975.375,1026.5777777777776,20.582222222222224,90,0,1966.0,1996.0,1984.75,1954.75,1001.5777777777777,1051.5777777777776
20,74,2005.375,1026.5777777777776,17.12869565217392,92,0,1996.0,2026.0,2014.75,1984.75,1001.5777777777777,1051.5777777777776
20,75,2035.375,1026.5777777777776,17.43942528735632,87,0,2026.0,2056.0,2044.75,2014.75,1001.5777777777777,1051.5777777777776
20,76,2065.375,1026.5777777777776,22.840000000000014,77,0,2056.0,2086.0,2074.75,2044.75,1001.5777777777777,1051.5777777777776
20,77,2095.375,1026.5777777777776,22.16779220779221,77,0,2086.0,2116.0,2104.75,2074.75,1001.5777777777777,1051.5777777777776
20,78,2125.375,1026.5777777777776,22.92825,80,0,2116.0,2146.0,2134.75,2104.75,1001.5777777777777,1051.5777777777776
20,79,2155.375,1026.5777777777776,25.323295454545462,88,0,2146.0,2176.0,2164.75,2134.75,1001.5777777777777,1051.5777777777776
20,80,2185.375,1026.5777777777776,31.123142857142856,70,0,2176.0,2206.0,2194.75,2164.75,1001.5777777777777,1051.5777777777776
20,81,2215.375,1026.5777777777776,31.298727272727273,55,0,2206.0,2236.0,2224.75,2194.75,1001.5777777777777,1051.5777777777776
20,82,2245.375,1026.5777777777776,38.987567567567574,37,0,2236.0,2266.0,2254.75,2224.75,1001.5777777777777,1051.5777777777776
20,83,2275.375,1026.5777777777776,41.025535714285716,56,0,2266.0,2296.0,2284.75,2254.75,1001.5777777777777,1051.5777777777776
20,84,2305.375,1026.5777777777776,47.668378378378385,37,0,2296.0,2326.0,2314.75,2284.75,1001.5777777777777,1051.5777777777776
20,85,2335.375,1026.5777777777776,47.76875,40,0,2326.0,2356.0,2344.75,2314.75,1001.5777777777777,1051.5777777777776
20,86,2365.375,1026.5777777777776,48.192352941176466,34,0,2356.0,2386.0,2374.75,2344.75,1001.5777777777777,1051.5777777777776
20,87,2395.375,1026.5777777777776,50.34133333333333,30,0,2386.0,2416.0,2404.75,2374.75,1001.5777777777777,1051.5777777777776
20,88,2425.375,1026.5777777777776,35.43170212765957,47,0,2416.0,2446.0,2434.75,2404.75,1001.5777777777777,1051.5777777777776
20,89,2455.375,1026.5777777777776,34.07647058823529,68,0,2446.0,2476.0,2464.75,2434.75,1001.5777777777777,1051.5777777777776
20,90,2485.375,1026.5777777777776,34.88340909090909,44,0,2476.0,2506.0,2494.75,2464.75,1001.5777777777777,1051.5777777777776
20,91,2515.375,1026.5777777777776,38.14738095238095,42,0,2506.0,2536.0,2524.75,2494.75,1001.5777777777777,1051.5777777777776
20,92,2545.375,1026.5777777777776,33.58204081632653,49,0,2536.0,2566.0,2554.75,2524.75,1001.5777777777777,1051.5777777777776
20,93,2575.375,1026.5777777777776,27.556301369863018,73,0,2566.0,2596.0,2584.75,2554.75,1001.5777777777777,1051.5777777777776
20,94,2605.375,1026.5777777777776,30.427073170731717,82,0,2596.0,2626.0,2614.75,2584.75,1001.5777777777777,1051.5777777777776
20,95,2635.375,1026.5777777777776,37.4878,50,0,2626.0,2656.0,2644.75,2614.75,1001.5777777777777,1051.5777777777776
20,96,2665.375,1026.5777777777776,33.85615384615385,52,0,2656.0,2686.0,2674.75,2644.75,1001.5777777777777,1051.5777777777776
20,97,2695.375,1026.5777777777776,13.298137254901953,102,0,2686.0,2716.0,2704.75,2674.75,1001.5777777777777,1051.5777777777776
20,98,2725.375,1026.5777777777776,16.272967032967028,91,0,2716.0,2746.0,2734.75,2704.75,1001.5777777777777,1051.5777777777776
20,99,2755.375,1026.5777777777776,29.025600000000008,75,0,2746.0,2776.0,2764.75,2734.75,1001.5777777777777,1051.5777777777776
20,100,2785.375,1026.5777777777776,27.479,70,0,2776.0,2806.0,2794.75,2764.75,1001.5777777777777,1051.5777777777776
20,101,2815.375,1026.5777777777776,24.608055555555556,92,0,2806.0,2836.0,2824.75,2794.75,1001.5777777777777,1051.5777777777776
20,102,2845.375,1026.5777777777776,31.377875,80,0,2836.0,2866.0,2854.75,2824.75,1001.5777777777777,1051.5777777777776
20,103,2875.375,1026.5777777777776,36.06228070175439,57,0,2866.0,2896.0,2884.75,2854.75,1001.5777777777777,1051.5777777777776
20,104,2905.375,1026.5777777777776,34.236379310344816,58,0,2896.0,2926.0,2914.75,2884.75,1001.5777777777777,1051.5777777777776
20,105,2935.375,1026.5777777777776,34.6645652173913,46,0,2926.0,2956.0,2944.75,2914.75,1001.5777777777777,1051.5777777777776
20,106,2965.375,1026.5777777777776,21.90494382022472,89,0,2956.0,2986.0,2974.75,2944.75,1001.5777777777777,1051.5777777777776
20,107,2995.375,1026.5777777777776,17.458186813186813,104,0,2986.0,3016.0,3004.75,2974.75,1001.5777777777777,1051.5777777777776
20,108,3025.375,1026.5777777777776,22.257428571428573,70,0,3016.0,3046.0,3034.75,3004.75,1001.5777777777777,1051.5777777777776
20,109,3055.375,1026.5777777777776,19.105411764705877,85,0,3046.0,3076.0,3064.75,3034.75,1001.5777777777777,1051.5777777777776
20,110,3085.375,1026.5777777777776,17.532333333333337,120,0,3076.0,3106.0,3094.75,3064.75,1001.5777777777777,1051.5777777777776
20,111,3115.375,1026.5777777777776,20.379492753623193,92,0,3106.0,3136.0,3124.75,3094.75,1001.5777777777777,1051.5777777777776
20,112,3145.375,1026.5777777777776,19.45483870967742,93,0,3136.0,3166.0,3154.75,3124.75,1001.5777777777777,1051.5777777777776
20,113,3175.375,1026.5777777777776,22.916885245901632,61,0,3166.0,3196.0,3184.75,3154.75,1001.5777777777777,1051.5777777777776
20,114,3205.375,1026.5777777777776,24.447738095238098,84,0,3196.0,3226.0,3214.75,3184.75,1001.5777777777777,1051.5777777777776
20,115,3235.375,1026.5777777777776,14.344298245614032,114,0,3226.0,3256.0,3244.75,3214.75,1001.5777777777777,1051.5777777777776
20,116,3265.375,1026.5777777777776,14.380185185185189,108,0,3256.0,3286.0,3274.75,3244.75,1001.5777777777777,1051.5777777777776
20,117,3295.375,1026.5777777777776,18.96095744680851,94,0,3286.0,3316.0,3304.75,3274.75,1001.5777777777777,1051.5777777777776
20,118,3325.375,1026.5777777777776,19.00714285714285,91,0,3316.0,3346.0,3334.75,3304.75,1001.5777777777777,1051.5777777777776
20,119,3355.375,1026.5777777777776,19.187722772277223,101,0,3346.0,3376.0,3364.75,3334.75,1001.5777777777777,1051.5777777777776
20,120,3385.375,1026.5777777777776,25.605238095238096,84,0,3376.0,3406.0,3394.75,3364.75,1001.5777777777777,1051.5777777777776
20,121,3415.375,1026.5777777777776,34.85796296296296,54,0,3406.0,3436.0,3424.75,3394.75,1001.5777777777777,1051.5777777777776
20,122,3445.375,1026.5777777777776,40.11208333333334,48,0,3436.0,3466.0,3454.75,3424.75,1001.5777777777777,1051.5777777777776
20,123,3475.375,1026.5777777777776,38.151698113207544,53,0,3466.0,3496.0,3484.75,3454.75,1001.5777777777777,1051.5777777777776
20,124,3505.375,1026.5777777777776,39.11872340425532,47,0,3496.0,3526.0,3514.75,3484.75,1001.5777777777777,1051.5777777777776
20,125,3535.375,1026.5777777777776,31.392000000000007,65,0,3526.0,3556.0,3544.75,3514.75,1001.5777777777777,1051.5777777777776
20,126,3565.375,1026.5777777777776,18.466063829787227,94,0,3556.0,3586.0,3574.75,3544.75,1001.5777777777777,1051.5777777777776
20,127,3595.375,1026.5777777777776,14.942926829268297,123,0,3586.0,3616.0,3604.75,3574.75,1001.5777777777777,1051.5777777777776
20,128,3625.375,1026.5777777777776,9.82902255639098,133,0,3616.0,3646.0,3634.75,3604.75,1001.5777777777777,1051.5777777777776
20,129,3655.375,1026.5777777777776,9.260277777777777,108,0,3646.0,3676.0,3664.75,3634.75,1001.5777777777777,1051.5777777777776
20,130,3685.375,1026.5777777777776,9.323174603174605,126,0,3676.0,3706.0,3694.75,3664.75,1001.5777777777777,1051.5777777777776
20,131,3715.375,1026.5777777777776,11.938869565217392,115,0,3706.0,3736.0,3724.75,3694.75,1001.5777777777777,1051.5777777777776
20,132,3745.375,1026.5777777777776,20.303783783783786,74,0,3736.0,3766.0,3754.75,3724.75,1001.5777777777777,1051.5777777777776
20,133,3775.375,1026.5777777777776,21.988214285714285,28,0,3766.0,3796.0,3784.75,3754.75,1001.5777777777777,1051.5777777777776
20,134,3805.375,1026.5777777777776,,0,0,3796.0,3826.0,3814.75,3784.75,1001.5777777777777,1051.5777777777776
20,135,3835.375,1026.5777777777776,,0,0,3826.0,3856.0,3844.75,3814.75,1001.5777777777777,1051.5777777777776
20,136,3865.375,1026.5777777777776,,0,0,3856.0,3886.0,3874.75,3844.75,1001.5777777777777,1051.5777777777776
20,137,3895.375,1026.5777777777776,,0,0,3886.0,3916.0,3904.75,3874.75,1001.5777777777777,1051.5777777777776
21,7,-15.875,1076.5777777777776,54.84,2,0,-25.25,4.75,-6.5,-36.5,1051.5777777777776,1101.5777777777776
21,8,14.125,1076.5777777777776,58.92483870967743,31,0,4.75,34.75,23.5,-6.5,1051.5777777777776,1101.5777777777776
21,9,44.125,1076.5777777777776,59.24156249999999,32,0,34.75,64.75,53.5,23.5,1051.5777777777776,1101.5777777777776
21,10,74.125,1076.5777777777776,62.72851851851851,27,0,64.75,94.75,83.5,53.5,1051.5777777777776,1101.5777777777776
21,11,104.125,1076.5777777777776,62.98533333333332,15,0,94.75,124.75,113.5,83.5,1051.5777777777776,1101.5777777777776
21,12,134.125,1076.5777777777776,64.42666666666668,18,0,124.75,154.75,143.5,113.5,1051.5777777777776,1101.5777777777776
21,13,164.125,1076.5777777777776,65.52277777777778,18,0,154.75,184.75,173.5,143.5,1051.5777777777776,1101.5777777777776
21,14,194.125,1076.5777777777776,62.02515151515151,33,0,184.75,214.75,203.5,173.5,1051.5777777777776,1101.5777777777776
21,15,224.125,1076.5777777777776,63.74655172413792,29,0,214.75,244.75,233.5,203.5,1051.5777777777776,1101.5777777777776
21,16,254.125,1076.5777777777776,66.24586206896551,29,0,244.75,274.75,263.5,233.5,1051.5777777777776,1101.5777777777776
21,17,284.125,1076.5777777777776,64.85055555555557,18,0,274.75,304.75,293.5,263.5,1051.5777777777776,1101.5777777777776
21,18,314.125,1076.5777777777776,73.31066666666668,15,0,304.75,334.75,323.5,293.5,1051.5777777777776,1101.5777777777776
21,19,344.125,1076.5777777777776,72.03545454545456,11,0,334.75,364.75,353.5,323.5,1051.5777777777776,1101.5777777777776
21,20,374.125,1076.5777777777776,63.032916666666665,24,0,364.75,394.75,383.5,353.5,1051.5777777777776,1101.5777777777776
21,21,404.125,1076.5777777777776,67.42625,24,0,394.75,424.75,413.5,383.5,1051.5777777777776,1101.5777777777776
21,22,434.125,1076.5777777777776,66.62043478260868,23,0,424.75,454.75,443.5,413.5,1051.5777777777776,1101.5777777777776
21,23,464.125,1076.5777777777776,61.103199999999994,25,0,454.75,484.75,473.5,443.5,1051.5777777777776,1101.5777777777776
21,24,494.125,1076.5777777777776,61.35843750000001,32,0,484.75,514.75,503.5,473.5,1051.5777777777776,1101.5777777777776
21,25,524.125,1076.5777777777776,61.72631578947368,38,0,514.75,544.75,533.5,503.5,1051.5777777777776,1101.5777777777776
21,26,554.125,1076.5777777777776,57.16470588235294,34,0,544.75,574.75,563.5,533.5,1051.5777777777776,1101.5777777777776
21,27,584.125,1076.5777777777776,58.16705882352942,34,0,574.75,604.75,593.5,563.5,1051.5777777777776,1101.5777777777776
21,28,614.125,1076.5777777777776,57.78509259259259,36,0,604.75,634.75,623.5,593.5,1051.5777777777776,1101.5777777777776
21,29,644.125,1076.5777777777776,62.501666666666665,24,0,634.75,664.75,653.5,623.5,1051.5777777777776,1101.5777777777776
21,30,674.125,1076.5777777777776,64.20111111111112,27,0,664.75,694.75,683.5,653.5,1051.5777777777776,1101.5777777777776
21,31,704.125,1076.5777777777776,64.45722222222221,18,0,694.75,724.75,713.5,683.5,1051.5777777777776,1101.5777777777776
21,32,734.125,1076.5777777777776,62.032142857142844,28,0,724.75,754.75,743.5,713.5,1051.5777777777776,1101.5777777777776
21,33,764.125,1076.5777777777776,63.206,35,0,754.75,784.75,773.5,743.5,1051.5777777777776,1101.5777777777776
21,34,794.125,1076.5777777777776,62.59615384615385,26,0,784.75,814.75,803.5,773.5,1051.5777777777776,1101.5777777777776
21,35,824.125,1076.5777777777776,64.00259259259259,27,0,814.75,844.75,833.5,803.5,1051.5777777777776,1101.5777777777776
21,36,854.125,1076.5777777777776,61.213928571428575,28,0,844.75,874.75,863.5,833.5,1051.5777777777776,1101.5777777777776
21,37,884.125,1076.5777777777776,63.7525,20,0,874.75,904.75,893.5,863.5,1051.5777777777776,1101.5777777777776
21,38,914.125,1076.5777777777776,63.60999999999999,12,0,904.75,934.75,923.5,893.5,1051.5777777777776,1101.5777777777776
21,39,944.125,1076.5777777777776,57.1315,20,0,934.75,964.75,953.5,923.5,1051.5777777777776,1101.5777777777776
21,40,974.125,1076.5777777777776,59.048064516129024,31,0,964.75,994.75,983.5,953.5,1051.5777777777776,1101.5777777777776
21,41,1004.125,1076.5777777777776,60.528536585365856,41,0,994.75,1024.75,1013.5,983.5,1051.5777777777776,1101.5777777777776
21,42,1034.125,1076.5777777777776,60.954687500000006,32,0,1024.75,1054.75,1043.5,1013.5,1051.5777777777776,1101.5777777777776
21,43,1064.125,1076.5777777777776,58.67625,32,0,1054.75,1084.75,1073.5,1043.5,1051.5777777777776,1101.5777777777776
21,44,1094.125,1076.5777777777776,52.8458695652174,46,0,1084.75,1114.75,1103.5,1073.5,1051.5777777777776,1101.5777777777776
21,45,1124.125,1076.5777777777776,60.85000000000001,31,0,1114.75,1144.75,1133.5,1103.5,1051.5777777777776,1101.5777777777776
21,46,1154.125,1076.5777777777776,55.707777777777764,45,0,1144.75,1174.75,1163.5,1133.5,1051.5777777777776,1101.5777777777776
21,47,1184.125,1076.5777777777776,58.00783783783784,37,0,1174.75,1204.75,1193.5,1163.5,1051.5777777777776,1101.5777777777776
21,48,1214.125,1076.5777777777776,56.768947368421045,19,0,1204.75,1234.75,1223.5,1193.5,1051.5777777777776,1101.5777777777776
21,49,1244.125,1076.5777777777776,57.97758620689655,29,0,1234.75,1264.75,1253.5,1223.5,1051.5777777777776,1101.5777777777776
21,50,1274.125,1076.5777777777776,39.967441860465115,43,0,1264.75,1294.75,1283.5,1253.5,1051.5777777777776,1101.5777777777776
21,51,1304.125,1076.5777777777776,35.428870967741936,62,0,1294.75,1324.75,1313.5,1283.5,1051.5777777777776,1101.5777777777776
21,52,1334.125,1076.5777777777776,34.72044444444445,45,0,1324.75,1354.75,1343.5,1313.5,1051.5777777777776,1101.5777777777776
21,53,1364.125,1076.5777777777776,31.68462686567164,67,0,1354.75,1384.75,1373.5,1343.5,1051.5777777777776,1101.5777777777776
21,54,1394.125,1076.5777777777776,31.950175438596492,57,0,1384.75,1414.75,1403.5,1373.5,1051.5777777777776,1101.5777777777776
21,55,1424.125,1076.5777777777776,31.214411764705886,68,0,1414.75,1444.75,1433.5,1403.5,1051.5777777777776,1101.5777777777776
21,56,1454.125,1076.5777777777776,29.445061728395082,81,0,1444.75,1474.75,1463.5,1433.5,1051.5777777777776,1101.5777777777776
21,57,1484.125,1076.5777777777776,27.407951807228912,83,0,1474.75,1504.75,1493.5,1463.5,1051.5777777777776,1101.5777777777776
21,58,1514.125,1076.5777777777776,30.295492957746465,71,0,1504.75,1534.75,1523.5,1493.5,1051.5777777777776,1101.5777777777776
21,59,1544.125,1076.5777777777776,24.62150684931507,73,0,1534.75,1564.75,1553.5,1523.5,1051.5777777777776,1101.5777777777776
21,60,1574.125,1076.5777777777776,21.61333333333333,90,0,1564.75,1594.75,1583.5,1553.5,1051.5777777777776,1101.5777777777776
21,61,1604.125,1076.5777777777776,27.766562499999996,64,0,1594.75,1624.75,1613.5,1583.5,1051.5777777777776,1101.5777777777776
21,62,1634.125,1076.5777777777776,28.523684210526312,76,0,1624.75,1654.75,1643.5,1613.5,1051.5777777777776,1101.5777777777776
21,63,1664.125,1076.5777777777776,25.495135135135126,74,0,1654.75,1684.75,1673.5,1643.5,1051.5777777777776,1101.5777777777776
21,64,1694.125,1076.5777777777776,20.619358974358978,78,0,1684.75,1714.75,1703.5,1673.5,1051.5777777777776,1101.5777777777776
21,65,1724.125,1076.5777777777776,26.450000000000006,62,0,1714.75,1744.75,1733.5,1703.5,1051.5777777777776,1101.5777777777776
21,66,1754.125,1076.5777777777776,29.932714285714287,70,0,1744.75,1774.75,1763.5,1733.5,1051.5777777777776,1101.5777777777776
21,67,1784.125,1076.5777777777776,30.051917808219166,73,0,1774.75,1804.75,1793.5,1763.5,1051.5777777777776,1101.5777777777776
21,68,1814.125,1076.5777777777776,20.605619047619047,105,0,1804.75,1834.75,1823.5,1793.5,1051.5777777777776,1101.5777777777776
21,69,1844.125,1076.5777777777776,21.965211267605632,71,0,1834.75,1864.75,1853.5,1823.5,1051.5777777777776,1101.5777777777776
21,70,1874.125,1076.5777777777776,28.050128205128196,78,0,1864.75,1894.75,1883.5,1853.5,1051.5777777777776,1101.5777777777776
21,71,1904.125,1076.5777777777776,27.056153846153844,65,0,1894.75,1924.75,1913.5,1883.5,1051.5777777777776,1101.5777777777776
21,72,1934.125,1076.5777777777776,22.692613636363628,88,0,1924.75,1954.75,1943.5,1913.5,1051.5777777777776,1101.5777777777776
21,73,1964.125,1076.5777777777776,22.357093023255807,86,0,1954.75,1984.75,1973.5,1943.5,1051.5777777777776,1101.5777777777776
21,74,1994.125,1076.5777777777776,22.786666666666658,75,0,1984.75,2014.75,2003.5,1973.5,1051.5777777777776,1101.5777777777776
21,75,2024.125,1076.5777777777776,21.58069444444445,72,0,2014.75,2044.75,2033.5,2003.5,1051.5777777777776,1101.5777777777776
21,76,2054.125,1076.5777777777776,22.52262500000001,80,0,2044.75,2074.75,2063.5,2033.5,1051.5777777777776,1101.5777777777776
21,77,2084.125,1076.5777777777776,23.899733333333327,75,0,2074.75,2104.75,2093.5,2063.5,1051.5777777777776,1101.5777777777776
21,78,2114.125,1076.5777777777776,25.75968253968254,63,0,2104.75,2134.75,2123.5,2093.5,1051.5777777777776,1101.5777777777776
21,79,2144.125,1076.5777777777776,25.118651685393257,89,0,2134.75,2164.75,2153.5,2123.5,1051.5777777777776,1101.5777777777776
21,80,2174.125,1076.5777777777776,24.988191489361697,94,0,2164.75,2194.75,2183.5,2153.5,1051.5777777777776,1101.5777777777776
21,81,2204.125,1076.5777777777776,19.578000000000003,100,0,2194.75,2224.75,2213.5,2183.5,1051.5777777777776,1101.5777777777776
21,82,2234.125,1076.5777777777776,32.00807692307691,52,0,2224.75,2254.75,2243.5,2213.5,1051.5777777777776,1101.5777777777776
21,83,2264.125,1076.5777777777776,34.47247899159665,68,0,2254.75,2284.75,2273.5,2243.5,1051.5777777777776,1101.5777777777776
21,84,2294.125,1076.5777777777776,41.507499999999986,48,0,2284.75,2314.75,2303.5,2273.5,1051.5777777777776,1101.5777777777776
21,85,2324.125,1076.5777777777776,43.997209302325594,43,0,2314.75,2344.75,2333.5,2303.5,1051.5777777777776,1101.5777777777776
21,86,2354.125,1076.5777777777776,43.91652173913044,46,0,2344.75,2374.75,2363.5,2333.5,1051.5777777777776,1101.5777777777776
21,87,2384.125,1076.5777777777776,44.60864864864864,37,0,2374.75,2404.75,2393.5,2363.5,1051.5777777777776,1101.5777777777776
21,88,2414.125,1076.5777777777776,42.33642857142859,42,0,2404.75,2434.75,2423.5,2393.5,1051.5777777777776,1101.5777777777776
21,89,2444.125,1076.5777777777776,33.66076923076924,65,0,2434.75,2464.75,2453.5,2423.5,1051.5777777777776,1101.5777777777776
21,90,2474.125,1076.5777777777776,30.595223880597022,67,0,2464.75,2494.75,2483.5,2453.5,1051.5777777777776,1101.5777777777776
21,91,2504.125,1076.5777777777776,38.75840909090909,44,0,2494.75,2524.75,2513.5,2483.5,1051.5777777777776,1101.5777777777776
21,92,2534.125,1076.5777777777776,35.383396226415094,53,0,2524.75,2554.75,2543.5,2513.5,1051.5777777777776,1101.5777777777776
21,93,2564.125,1076.5777777777776,29.058135593220324,59,0,2554.75,2584.75,2573.5,2543.5,1051.5777777777776,1101.5777777777776
21,94,2594.125,1076.5777777777776,28.484705882352944,85,0,2584.75,2614.75,2603.5,2573.5,1051.5777777777776,1101.5777777777776
21,95,2624.125,1076.5777777777776,27.57788235294118,85,0,2614.75,2644.75,2633.5,2603.5,1051.5777777777776,1101.5777777777776
21,96,2654.125,1076.5777777777776,23.380117647058825,85,0,2644.75,2674.75,2663.5,2633.5,1051.5777777777776,1101.5777777777776
21,97,2684.125,1076.5777777777776,12.670442477876106,113,0,2674.75,2704.75,2693.5,2663.5,1051.5777777777776,1101.5777777777776
21,98,2714.125,1076.5777777777776,14.051500000000006,100,0,2704.75,2734.75,2723.5,2693.5,1051.5777777777776,1101.5777777777776
21,99,2744.125,1076.5777777777776,28.353132530120487,83,0,2734.75,2764.75,2753.5,2723.5,1051.5777777777776,1101.5777777777776
21,100,2774.125,1076.5777777777776,28.983698630136985,73,0,2764.75,2794.75,2783.5,2753.5,1051.5777777777776,1101.5777777777776
21,101,2804.125,1076.5777777777776,25.439629629629632,81,0,2794.75,2824.75,2813.5,2783.5,1051.5777777777776,1101.5777777777776
21,102,2834.125,1076.5777777777776,27.2298947368421,95,0,2824.75,2854.75,2843.5,2813.5,1051.5777777777776,1101.5777777777776
21,103,2864.125,1076.5777777777776,22.622323232323232,99,0,2854.75,2884.75,2873.5,2843.5,1051.5777777777776,1101.5777777777776
21,104,2894.125,1076.5777777777776,28.27962025316456,79,0,2884.75,2914.75,2903.5,2873.5,1051.5777777777776,1101.5777777777776
21,105,2924.125,1076.5777777777776,32.864375,64,0,2914.75,2944.75,2933.5,2903.5,1051.5777777777776,1101.5777777777776
21,106,2954.125,1076.5777777777776,27.44341013824884,62,0,2944.75,2974.75,2963.5,2933.5,1051.5777777777776,1101.5777777777776
21,107,2984.125,1076.5777777777776,18.506195652173904,92,0,2974.75,3004.75,2993.5,2963.5,1051.5777777777776,1101.5777777777776
21,108,3014.125,1076.5777777777776,17.699532710280373,107,0,3004.75,3034.75,3023.5,2993.5,1051.5777777777776,1101.5777777777776
21,109,3044.125,1076.5777777777776,16.853888888888893,90,0,3034.75,3064.75,3053.5,3023.5,1051.5777777777776,1101.5777777777776
21,110,3074.125,1076.5777777777776,19.35278350515464,97,0,3064.75,3094.75,3083.5,3053.5,1051.5777777777776,1101.5777777777776
21,111,3104.125,1076.5777777777776,22.37374999999999,96,0,3094.75,3124.75,3113.5,3083.5,1051.5777777777776,1101.5777777777776
21,112,3134.125,1076.5777777777776,22.123170731707315,82,0,3124.75,3154.75,3143.5,3113.5,1051.5777777777776,1101.5777777777776
21,113,3164.125,1076.5777777777776,25.140263157894744,76,0,3154.75,3184.75,3173.5,3143.5,1051.5777777777776,1101.5777777777776
21,114,3194.125,1076.5777777777776,24.50662337662338,77,0,3184.75,3214.75,3203.5,3173.5,1051.5777777777776,1101.5777777777776
21,115,3224.125,1076.5777777777776,19.42362637362637,91,0,3214.75,3244.75,3233.5,3203.5,1051.5777777777776,1101.5777777777776
21,116,3254.125,1076.5777777777776,15.99207547169811,106,0,3244.75,3274.75,3263.5,3233.5,1051.5777777777776,1101.5777777777776
21,117,3284.125,1076.5777777777776,19.135319148936173,94,0,3274.75,3304.75,3293.5,3263.5,1051.5777777777776,1101.5777777777776
21,118,3314.125,1076.5777777777776,22.25987951807228,83,0,3304.75,3334.75,3323.5,3293.5,1051.5777777777776,1101.5777777777776
21,119,3344.125,1076.5777777777776,20.410989010989002,91,0,3334.75,3364.75,3353.5,3323.5,1051.5777777777776,1101.5777777777776
21,120,3374.125,1076.5777777777776,25.727375000000002,80,0,3364.75,3394.75,3383.5,3353.5,1051.5777777777776,1101.5777777777776
21,121,3404.125,1076.5777777777776,29.27116279069766,86,0,3394.75,3424.75,3413.5,3383.5,1051.5777777777776,1101.5777777777776
21,122,3434.125,1076.5777777777776,33.230131578947365,76,0,3424.75,3454.75,3443.5,3413.5,1051.5777777777776,1101.5777777777776
21,123,3464.125,1076.5777777777776,30.69064516129031,62,0,3454.75,3484.75,3473.5,3443.5,1051.5777777777776,1101.5777777777776
21,124,3494.125,1076.5777777777776,32.93476923076923,65,0,3484.75,3514.75,3503.5,3473.5,1051.5777777777776,1101.5777777777776
21,125,3524.125,1076.5777777777776,24.326455696202526,79,0,3514.75,3544.75,3533.5,3503.5,1051.5777777777776,1101.5777777777776
21,126,3554.125,1076.5777777777776,16.600918367346942,98,0,3544.75,3574.75,3563.5,3533.5,1051.5777777777776,1101.5777777777776
21,127,3584.125,1076.5777777777776,15.980280373831773,107,0,3574.75,3604.75,3593.5,3563.5,1051.5777777777776,1101.5777777777776
21,128,3614.125,1076.5777777777776,13.59438461538462,130,0,3604.75,3634.75,3623.5,3593.5,1051.5777777777776,1101.5777777777776
21,129,3644.125,1076.5777777777776,9.937239858906525,126,0,3634.75,3664.75,3653.5,3623.5,1051.5777777777776,1101.5777777777776
21,130,3674.125,1076.5777777777776,13.571860465116275,86,0,3664.75,3694.75,3683.5,3653.5,1051.5777777777776,1101.5777777777776
21,131,3704.125,1076.5777777777776,12.248761904761905,105,0,3694.75,3724.75,3713.5,3683.5,1051.5777777777776,1101.5777777777776
21,132,3734.125,1076.5777777777776,19.44211111111111,90,0,3724.75,3754.75,3743.5,3713.5,1051.5777777777776,1101.5777777777776
21,133,3764.125,1076.5777777777776,21.596268656716425,67,0,3754.75,3784.75,3773.5,3743.5,1051.5777777777776,1101.5777777777776
21,134,3794.125,1076.5777777777776,22.74714285714285,7,0,3784.75,3814.75,3803.5,3773.5,1051.5777777777776,1101.5777777777776
21,135,3824.125,1076.5777777777776,,0,0,3814.75,3844.75,3833.5,3803.5,1051.5777777777776,1101.5777777777776
21,136,3854.125,1076.5777777777776,,0,0,3844.75,3874.75,3863.5,3833.5,1051.5777777777776,1101.5777777777776
21,137,3884.125,1076.5777777777776,,0,0,3874.75,3904.75,3893.5,3863.5,1051.5777777777776,1101.5777777777776
22,8,2.875,1126.5777777777776,57.69423076923078,26,0,-6.5,23.5,12.25,-17.75,1101.5777777777776,1151.5777777777776
22,9,32.875,1126.5777777777776,58.47642857142858,28,0,23.5,53.5,42.25,12.25,1101.5777777777776,1151.5777777777776
22,10,62.875,1126.5777777777776,62.000625,32,0,53.5,83.5,72.25,42.25,1101.5777777777776,1151.5777777777776
22,11,92.875,1126.5777777777776,62.826315789473696,19,0,83.5,113.5,102.25,72.25,1101.5777777777776,1151.5777777777776
22,12,122.875,1126.5777777777776,61.16533333333335,15,0,113.5,143.5,132.25,102.25,1101.5777777777776,1151.5777777777776
22,13,152.875,1126.5777777777776,67.41277777777776,18,0,143.5,173.5,162.25,132.25,1101.5777777777776,1151.5777777777776
22,14,182.875,1126.5777777777776,60.012258064516125,31,0,173.5,203.5,192.25,162.25,1101.5777777777776,1151.5777777777776
22,15,212.875,1126.5777777777776,60.8451724137931,29,0,203.5,233.5,222.25,192.25,1101.5777777777776,1151.5777777777776
22,16,242.875,1126.5777777777776,62.04891891891893,37,0,233.5,263.5,252.25,222.25,1101.5777777777776,1151.5777777777776
22,17,272.875,1126.5777777777776,63.91761904761905,21,0,263.5,293.5,282.25,252.25,1101.5777777777776,1151.5777777777776
22,18,302.875,1126.5777777777776,68.6321052631579,19,0,293.5,323.5,312.25,282.25,1101.5777777777776,1151.5777777777776
22,19,332.875,1126.5777777777776,76.9190909090909,11,0,323.5,353.5,342.25,312.25,1101.5777777777776,1151.5777777777776
22,20,362.875,1126.5777777777776,66.16714285714285,14,0,353.5,383.5,372.25,342.25,1101.5777777777776,1151.5777777777776
22,21,392.875,1126.5777777777776,62.64771428571429,35,0,383.5,413.5,402.25,372.25,1101.5777777777776,1151.5777777777776
22,22,422.875,1126.5777777777776,73.50949999999999,20,0,413.5,443.5,432.25,402.25,1101.5777777777776,1151.5777777777776
22,23,452.875,1126.5777777777776,60.837500000000006,32,0,443.5,473.5,462.25,432.25,1101.5777777777776,1151.5777777777776
22,24,482.875,1126.5777777777776,59.1441935483871,31,0,473.5,503.5,492.25,462.25,1101.5777777777776,1151.5777777777776
22,25,512.875,1126.5777777777776,59.40913043478261,46,0,503.5,533.5,522.25,492.25,1101.5777777777776,1151.5777777777776
22,26,542.875,1126.5777777777776,55.979512195121956,41,0,533.5,563.5,552.25,522.25,1101.5777777777776,1151.5777777777776
22,27,572.875,1126.5777777777776,52.113,40,0,563.5,593.5,582.25,552.25,1101.5777777777776,1151.5777777777776
22,28,602.875,1126.5777777777776,55.39681818181817,44,0,593.5,623.5,612.25,582.25,1101.5777777777776,1151.5777777777776
22,29,632.875,1126.5777777777776,56.25740740740742,27,0,623.5,653.5,642.25,612.25,1101.5777777777776,1151.5777777777776
22,30,662.875,1126.5777777777776,59.97090909090909,22,0,653.5,683.5,672.25,642.25,1101.5777777777776,1151.5777777777776
22,31,692.875,1126.5777777777776,65.19148148148149,27,0,683.5,713.5,702.25,672.25,1101.5777777777776,1151.5777777777776
22,32,722.875,1126.5777777777776,61.791739130434784,23,0,713.5,743.5,732.25,702.25,1101.5777777777776,1151.5777777777776
22,33,752.875,1126.5777777777776,59.9339534883721,43,0,743.5,773.5,762.25,732.25,1101.5777777777776,1151.5777777777776
22,34,782.875,1126.5777777777776,62.46514285714285,35,0,773.5,803.5,792.25,762.25,1101.5777777777776,1151.5777777777776
22,35,812.875,1126.5777777777776,65.27782608695654,23,0,803.5,833.5,822.25,792.25,1101.5777777777776,1151.5777777777776
22,36,842.875,1126.5777777777776,60.66151515151516,33,0,833.5,863.5,852.25,822.25,1101.5777777777776,1151.5777777777776
22,37,872.875,1126.5777777777776,60.32794871794873,39,0,863.5,893.5,882.25,852.25,1101.5777777777776,1151.5777777777776
22,38,902.875,1126.5777777777776,69.70666666666666,9,0,893.5,923.5,912.25,882.25,1101.5777777777776,1151.5777777777776
22,39,932.875,1126.5777777777776,61.06,17,0,923.5,953.5,942.25,912.25,1101.5777777777776,1151.5777777777776
22,40,962.875,1126.5777777777776,55.72763157894738,38,0,953.5,983.5,972.25,942.25,1101.5777777777776,1151.5777777777776
22,41,992.875,1126.5777777777776,58.97769230769229,39,0,983.5,1013.5,1002.25,972.25,1101.5777777777776,1151.5777777777776
22,42,1022.875,1126.5777777777776,59.070243902439024,41,0,1013.5,1043.5,1032.25,1002.25,1101.5777777777776,1151.5777777777776
22,43,1052.875,1126.5777777777776,58.47454545454545,33,0,1043.5,1073.5,1062.25,1032.25,1101.5777777777776,1151.5777777777776
22,44,1082.875,1126.5777777777776,52.81627906976746,43,0,1073.5,1103.5,1092.25,1062.25,1101.5777777777776,1151.5777777777776
22,45,1112.875,1126.5777777777776,54.03906976744186,43,0,1103.5,1133.5,1122.25,1092.25,1101.5777777777776,1151.5777777777776
22,46,1142.875,1126.5777777777776,53.178999999999995,40,0,1133.5,1163.5,1152.25,1122.25,1101.5777777777776,1151.5777777777776
22,47,1172.875,1126.5777777777776,49.95399999999999,45,0,1163.5,1193.5,1182.25,1152.25,1101.5777777777776,1151.5777777777776
22,48,1202.875,1126.5777777777776,52.824444444444445,27,0,1193.5,1223.5,1212.25,1182.25,1101.5777777777776,1151.5777777777776
22,49,1232.875,1126.5777777777776,52.27413793103447,29,0,1223.5,1253.5,1242.25,1212.25,1101.5777777777776,1151.5777777777776
22,50,1262.875,1126.5777777777776,51.94371428571429,35,0,1253.5,1283.5,1272.25,1242.25,1101.5777777777776,1151.5777777777776
22,51,1292.875,1126.5777777777776,32.49593220338981,59,0,1283.5,1313.5,1302.25,1272.25,1101.5777777777776,1151.5777777777776
22,52,1322.875,1126.5777777777776,26.07923076923077,91,0,1313.5,1343.5,1332.25,1302.25,1101.5777777777776,1151.5777777777776
22,53,1352.875,1126.5777777777776,26.08070175438597,57,0,1343.5,1373.5,1362.25,1332.25,1101.5777777777776,1151.5777777777776
22,54,1382.875,1126.5777777777776,29.531643835616425,73,0,1373.5,1403.5,1392.25,1362.25,1101.5777777777776,1151.5777777777776
22,55,1412.875,1126.5777777777776,31.263846153846153,52,0,1403.5,1433.5,1422.25,1392.25,1101.5777777777776,1151.5777777777776
22,56,1442.875,1126.5777777777776,31.96214285714286,70,0,1433.5,1463.5,1452.25,1422.25,1101.5777777777776,1151.5777777777776
22,57,1472.875,1126.5777777777776,32.6553125,64,0,1463.5,1493.5,1482.25,1452.25,1101.5777777777776,1151.5777777777776
22,58,1502.875,1126.5777777777776,32.05916666666666,72,0,1493.5,1523.5,1512.25,1482.25,1101.5777777777776,1151.5777777777776
22,59,1532.875,1126.5777777777776,26.274657534246575,73,0,1523.5,1553.5,1542.25,1512.25,1101.5777777777776,1151.5777777777776
22,60,1562.875,1126.5777777777776,23.759850746268665,67,0,1553.5,1583.5,1572.25,1542.25,1101.5777777777776,1151.5777777777776
22,61,1592.875,1126.5777777777776,24.04134146341464,82,0,1583.5,1613.5,1602.25,1572.25,1101.5777777777776,1151.5777777777776
22,62,1622.875,1126.5777777777776,25.880285714285712,70,0,1613.5,1643.5,1632.25,1602.25,1101.5777777777776,1151.5777777777776
22,63,1652.875,1126.5777777777776,17.25690721649484,97,0,1643.5,1673.5,1662.25,1632.25,1101.5777777777776,1151.5777777777776
22,64,1682.875,1126.5777777777776,21.666202531645567,79,0,1673.5,1703.5,1692.25,1662.25,1101.5777777777776,1151.5777777777776
22,65,1712.875,1126.5777777777776,29.401639344262293,61,0,1703.5,1733.5,1722.25,1692.25,1101.5777777777776,1151.5777777777776
22,66,1742.875,1126.5777777777776,32.826140350877196,57,0,1733.5,1763.5,1752.25,1722.25,1101.5777777777776,1151.5777777777776
22,67,1772.875,1126.5777777777776,32.66666666666665,66,0,1763.5,1793.5,1782.25,1752.25,1101.5777777777776,1151.5777777777776
22,68,1802.875,1126.5777777777776,27.040142857142854,70,0,1793.5,1823.5,1812.25,1782.25,1101.5777777777776,1151.5777777777776
22,69,1832.875,1126.5777777777776,23.88609756097561,82,0,1823.5,1853.5,1842.25,1812.25,1101.5777777777776,1151.5777777777776
22,70,1862.875,1126.5777777777776,29.45819672131147,61,0,1853.5,1883.5,1872.25,1842.25,1101.5777777777776,1151.5777777777776
22,71,1892.875,1126.5777777777776,27.927910447761196,67,0,1883.5,1913.5,1902.25,1872.25,1101.5777777777776,1151.5777777777776
22,72,1922.875,1126.5777777777776,26.716166666666663,60,0,1913.5,1943.5,1932.25,1902.25,1101.5777777777776,1151.5777777777776
22,73,1952.875,1126.5777777777776,24.741066666666672,75,0,1943.5,1973.5,1962.25,1932.25,1101.5777777777776,1151.5777777777776
22,74,1982.875,1126.5777777777776,24.694520547945206,73,0,1973.5,2003.5,1992.25,1962.25,1101.5777777777776,1151.5777777777776
22,75,2012.875,1126.5777777777776,25.298965517241374,58,0,2003.5,2033.5,2022.25,1992.25,1101.5777777777776,1151.5777777777776
22,76,2042.875,1126.5777777777776,25.25107692307692,65,0,2033.5,2063.5,2052.25,2022.25,1101.5777777777776,1151.5777777777776
22,77,2072.875,1126.5777777777776,24.52541666666665,72,0,2063.5,2093.5,2082.25,2052.25,1101.5777777777776,1151.5777777777776
22,78,2102.875,1126.5777777777776,28.95406779661017,59,0,2093.5,2123.5,2112.25,2082.25,1101.5777777777776,1151.5777777777776
22,79,2132.875,1126.5777777777776,29.324444444444445,54,0,2123.5,2153.5,2142.25,2112.25,1101.5777777777776,1151.5777777777776
22,80,2162.875,1126.5777777777776,27.294302325581395,86,0,2153.5,2183.5,2172.25,2142.25,1101.5777777777776,1151.5777777777776
22,81,2192.875,1126.5777777777776,21.868117647058824,85,0,2183.5,2213.5,2202.25,2172.25,1101.5777777777776,1151.5777777777776
22,82,2222.875,1126.5777777777776,29.759846153846148,65,0,2213.5,2243.5,2232.25,2202.25,1101.5777777777776,1151.5777777777776
22,83,2252.875,1126.5777777777776,36.92384615384615,39,0,2243.5,2273.5,2262.25,2232.25,1101.5777777777776,1151.5777777777776
22,84,2282.875,1126.5777777777776,35.431323529411756,68,0,2273.5,2303.5,2292.25,2262.25,1101.5777777777776,1151.5777777777776
22,85,2312.875,1126.5777777777776,39.78589743589744,39,0,2303.5,2333.5,2322.25,2292.25,1101.5777777777776,1151.5777777777776
22,86,2342.875,1126.5777777777776,41.395800000000015,50,0,2333.5,2363.5,2352.25,2322.25,1101.5777777777776,1151.5777777777776
22,87,2372.875,1126.5777777777776,37.49090909090909,44,0,2363.5,2393.5,2382.25,2352.25,1101.5777777777776,1151.5777777777776
22,88,2402.875,1126.5777777777776,41.786666666666655,39,0,2393.5,2423.5,2412.25,2382.25,1101.5777777777776,1151.5777777777776
22,89,2432.875,1126.5777777777776,37.16418604651163,43,0,2423.5,2453.5,2442.25,2412.25,1101.5777777777776,1151.5777777777776
22,90,2462.875,1126.5777777777776,32.49249999999999,64,0,2453.5,2483.5,2472.25,2442.25,1101.5777777777776,1151.5777777777776
22,91,2492.875,1126.5777777777776,34.38666666666666,51,0,2483.5,2513.5,2502.25,2472.25,1101.5777777777776,1151.5777777777776
22,92,2522.875,1126.5777777777776,37.07357142857142,42,0,2513.5,2543.5,2532.25,2502.25,1101.5777777777776,1151.5777777777776
22,93,2552.875,1126.5777777777776,31.353454545454547,55,0,2543.5,2573.5,2562.25,2532.25,1101.5777777777776,1151.5777777777776
22,94,2582.875,1126.5777777777776,31.58216666666667,60,0,2573.5,2603.5,2592.25,2562.25,1101.5777777777776,1151.5777777777776
22,95,2612.875,1126.5777777777776,32.1411111111111,72,0,2603.5,2633.5,2622.25,2592.25,1101.5777777777776,1151.5777777777776
22,96,2642.875,1126.5777777777776,16.572254901960783,102,0,2633.5,2663.5,2652.25,2622.25,1101.5777777777776,1151.5777777777776
22,97,2672.875,1126.5777777777776,12.811730769230767,104,0,2663.5,2693.5,2682.25,2652.25,1101.5777777777776,1151.5777777777776
22,98,2702.875,1126.5777777777776,13.938690476190473,84,0,2693.5,2723.5,2712.25,2682.25,1101.5777777777776,1151.5777777777776
22,99,2732.875,1126.5777777777776,29.584179104477606,67,0,2723.5,2753.5,2742.25,2712.25,1101.5777777777776,1151.5777777777776
22,100,2762.875,1126.5777777777776,31.438493150684934,73,0,2753.5,2783.5,2772.25,2742.25,1101.5777777777776,1151.5777777777776
22,101,2792.875,1126.5777777777776,28.88338983050847,59,0,2783.5,2813.5,2802.25,2772.25,1101.5777777777776,1151.5777777777776
22,102,2822.875,1126.5777777777776,30.269599999999997,75,0,2813.5,2843.5,2832.25,2802.25,1101.5777777777776,1151.5777777777776
22,103,2852.875,1126.5777777777776,26.73329411764704,85,0,2843.5,2873.5,2862.25,2832.25,1101.5777777777776,1151.5777777777776
22,104,2882.875,1126.5777777777776,21.26108910891089,101,0,2873.5,2903.5,2892.25,2862.25,1101.5777777777776,1151.5777777777776
22,105,2912.875,1126.5777777777776,27.32933333333334,75,0,2903.5,2933.5,2922.25,2892.25,1101.5777777777776,1151.5777777777776
22,106,2942.875,1126.5777777777776,27.78711864406779,59,0,2933.5,2963.5,2952.25,2922.25,1101.5777777777776,1151.5777777777776
22,107,2972.875,1126.5777777777776,20.898906250000003,64,0,2963.5,2993.5,2982.25,2952.25,1101.5777777777776,1151.5777777777776
22,108,3002.875,1126.5777777777776,18.531789473684217,95,0,2993.5,3023.5,3012.25,2982.25,1101.5777777777776,1151.5777777777776
22,109,3032.875,1126.5777777777776,16.822022471910113,89,0,3023.5,3053.5,3042.25,3012.25,1101.5777777777776,1151.5777777777776
22,110,3062.875,1126.5777777777776,20.58324675324675,77,0,3053.5,3083.5,3072.25,3042.25,1101.5777777777776,1151.5777777777776
22,111,3092.875,1126.5777777777776,28.80198051948052,77,0,3083.5,3113.5,3102.25,3072.25,1101.5777777777776,1151.5777777777776
22,112,3122.875,1126.5777777777776,22.926842105263148,76,0,3113.5,3143.5,3132.25,3102.25,1101.5777777777776,1151.5777777777776
22,113,3152.875,1126.5777777777776,27.25402985074626,67,0,3143.5,3173.5,3162.25,3132.25,1101.5777777777776,1151.5777777777776
22,114,3182.875,1126.5777777777776,28.301454545454543,55,0,3173.5,3203.5,3192.25,3162.25,1101.5777777777776,1151.5777777777776
22,115,3212.875,1126.5777777777776,19.443956043956035,91,0,3203.5,3233.5,3222.25,3192.25,1101.5777777777776,1151.5777777777776
22,116,3242.875,1126.5777777777776,14.976063829787236,94,0,3233.5,3263.5,3252.25,3222.25,1101.5777777777776,1151.5777777777776
22,117,3272.875,1126.5777777777776,23.50530120481928,83,0,3263.5,3293.5,3282.25,3252.25,1101.5777777777776,1151.5777777777776
22,118,3302.875,1126.5777777777776,27.958358208955225,67,0,3293.5,3323.5,3312.25,3282.25,1101.5777777777776,1151.5777777777776
22,119,3332.875,1126.5777777777776,26.136250000000004,64,0,3323.5,3353.5,3342.25,3312.25,1101.5777777777776,1151.5777777777776
22,120,3362.875,1126.5777777777776,26.682435897435898,78,0,3353.5,3383.5,3372.25,3342.25,1101.5777777777776,1151.5777777777776
22,121,3392.875,1126.5777777777776,28.861351351351356,74,0,3383.5,3413.5,3402.25,3372.25,1101.5777777777776,1151.5777777777776
22,122,3422.875,1126.5777777777776,28.96025316455697,79,0,3413.5,3443.5,3432.25,3402.25,1101.5777777777776,1151.5777777777776
22,123,3452.875,1126.5777777777776,28.860999999999997,70,0,3443.5,3473.5,3462.25,3432.25,1101.5777777777776,1151.5777777777776
22,124,3482.875,1126.5777777777776,26.976769230769243,65,0,3473.5,3503.5,3492.25,3462.25,1101.5777777777776,1151.5777777777776
22,125,3512.875,1126.5777777777776,22.158026315789474,76,0,3503.5,3533.5,3522.25,3492.25,1101.5777777777776,1151.5777777777776
22,126,3542.875,1126.5777777777776,16.292584269662918,89,0,3533.5,3563.5,3552.25,3522.25,1101.5777777777776,1151.5777777777776
22,127,3572.875,1126.5777777777776,18.923684210526318,76,0,3563.5,3593.5,3582.25,3552.25,1101.5777777777776,1151.5777777777776
22,128,3602.875,1126.5777777777776,11.858671874999999,128,0,3593.5,3623.5,3612.25,3582.25,1101.5777777777776,1151.5777777777776
22,129,3632.875,1126.5777777777776,9.590714285714288,154,0,3623.5,3653.5,3642.25,3612.25,1101.5777777777776,1151.5777777777776
22,130,3662.875,1126.5777777777776,10.01,126,0,3653.5,3683.5,3672.25,3642.25,1101.5777777777776,1151.5777777777776
22,131,3692.875,1126.5777777777776,11.99242424242425,99,0,3683.5,3713.5,3702.25,3672.25,1101.5777777777776,1151.5777777777776
22,132,3722.875,1126.5777777777776,18.615999999999993,90,0,3713.5,3743.5,3732.25,3702.25,1101.5777777777776,1151.5777777777776
22,133,3752.875,1126.5777777777776,25.01983050847457,59,0,3743.5,3773.5,3762.25,3732.25,1101.5777777777776,1151.5777777777776
22,134,3782.875,1126.5777777777776,24.904186046511626,43,0,3773.5,3803.5,3792.25,3762.25,1101.5777777777776,1151.5777777777776
22,135,3812.875,1126.5777777777776,,0,0,3803.5,3833.5,3822.25,3792.25,1101.5777777777776,1151.5777777777776
22,136,3842.875,1126.5777777777776,,0,0,3833.5,3863.5,3852.25,3822.25,1101.5777777777776,1151.5777777777776
22,137,3872.875,1126.5777777777776,,0,0,3863.5,3893.5,3882.25,3852.25,1101.5777777777776,1151.5777777777776
23,8,-8.375,1176.5777777777776,52.13875,16,0,-17.75,12.25,1.0,-29.0,1151.5777777777776,1201.5777777777776
23,9,21.625,1176.5777777777776,57.88815789473686,38,0,12.25,42.25,31.0,1.0,1151.5777777777776,1201.5777777777776
23,10,51.625,1176.5777777777776,60.21142857142858,28,0,42.25,72.25,61.0,31.0,1151.5777777777776,1201.5777777777776
23,11,81.625,1176.5777777777776,63.308846153846154,26,0,72.25,102.25,91.0,61.0,1151.5777777777776,1201.5777777777776
23,12,111.625,1176.5777777777776,61.376250000000006,16,0,102.25,132.25,121.0,91.0,1151.5777777777776,1201.5777777777776
23,13,141.625,1176.5777777777776,63.507058823529405,17,0,132.25,162.25,151.0,121.0,1151.5777777777776,1201.5777777777776
23,14,171.625,1176.5777777777776,61.855000000000004,18,0,162.25,192.25,181.0,151.0,1151.5777777777776,1201.5777777777776
23,15,201.625,1176.5777777777776,59.06727272727274,33,0,192.25,222.25,211.0,181.0,1151.5777777777776,1201.5777777777776
23,16,231.625,1176.5777777777776,60.6621212121212,33,0,222.25,252.25,241.0,211.0,1151.5777777777776,1201.5777777777776
23,17,261.625,1176.5777777777776,61.81607142857144,28,0,252.25,282.25,271.0,241.0,1151.5777777777776,1201.5777777777776
23,18,291.625,1176.5777777777776,65.22761904761904,21,0,282.25,312.25,301.0,271.0,1151.5777777777776,1201.5777777777776
23,19,321.625,1176.5777777777776,73.83285714285715,14,0,312.25,342.25,331.0,301.0,1151.5777777777776,1201.5777777777776
23,20,351.625,1176.5777777777776,72.7623076923077,13,0,342.25,372.25,361.0,331.0,1151.5777777777776,1201.5777777777776
23,21,381.625,1176.5777777777776,60.87333333333332,27,0,372.25,402.25,391.0,361.0,1151.5777777777776,1201.5777777777776
23,22,411.625,1176.5777777777776,70.14961538461537,26,0,402.25,432.25,421.0,391.0,1151.5777777777776,1201.5777777777776
23,23,441.625,1176.5777777777776,61.25739130434783,23,0,432.25,462.25,451.0,421.0,1151.5777777777776,1201.5777777777776
23,24,471.625,1176.5777777777776,59.73433333333334,30,0,462.25,492.25,481.0,451.0,1151.5777777777776,1201.5777777777776
23,25,501.625,1176.5777777777776,59.01593750000001,32,0,492.25,522.25,511.0,481.0,1151.5777777777776,1201.5777777777776
23,26,531.625,1176.5777777777776,54.811395348837216,43,0,522.25,552.25,541.0,511.0,1151.5777777777776,1201.5777777777776
23,27,561.625,1176.5777777777776,53.0691891891892,37,0,552.25,582.25,571.0,541.0,1151.5777777777776,1201.5777777777776
23,28,591.625,1176.5777777777776,53.58457142857143,35,0,582.25,612.25,601.0,571.0,1151.5777777777776,1201.5777777777776
23,29,621.625,1176.5777777777776,52.841666666666676,42,0,612.25,642.25,631.0,601.0,1151.5777777777776,1201.5777777777776
23,30,651.625,1176.5777777777776,50.546785714285704,28,0,642.25,672.25,661.0,631.0,1151.5777777777776,1201.5777777777776
23,31,681.625,1176.5777777777776,63.879000000000026,30,0,672.25,702.25,691.0,661.0,1151.5777777777776,1201.5777777777776
23,32,711.625,1176.5777777777776,62.87388888888889,18,0,702.25,732.25,721.0,691.0,1151.5777777777776,1201.5777777777776
23,33,741.625,1176.5777777777776,59.97433333333333,30,0,732.25,762.25,751.0,721.0,1151.5777777777776,1201.5777777777776
23,34,771.625,1176.5777777777776,61.0171875,32,0,762.25,792.25,781.0,751.0,1151.5777777777776,1201.5777777777776
23,35,801.625,1176.5777777777776,63.38499999999999,26,0,792.25,822.25,811.0,781.0,1151.5777777777776,1201.5777777777776
23,36,831.625,1176.5777777777776,61.773793103448284,29,0,822.25,852.25,841.0,811.0,1151.5777777777776,1201.5777777777776
23,37,861.625,1176.5777777777776,58.49451612903225,31,0,852.25,882.25,871.0,841.0,1151.5777777777776,1201.5777777777776
23,38,891.625,1176.5777777777776,62.01652173913043,23,0,882.25,912.25,901.0,871.0,1151.5777777777776,1201.5777777777776
23,39,921.625,1176.5777777777776,61.02692307692307,13,0,912.25,942.25,931.0,901.0,1151.5777777777776,1201.5777777777776
23,40,951.625,1176.5777777777776,56.58949999999999,20,0,942.25,972.25,961.0,931.0,1151.5777777777776,1201.5777777777776
23,41,981.625,1176.5777777777776,56.400540540540554,37,0,972.25,1002.25,991.0,961.0,1151.5777777777776,1201.5777777777776
23,42,1011.625,1176.5777777777776,57.86675,40,0,1002.25,1032.25,1021.0,991.0,1151.5777777777776,1201.5777777777776
23,43,1041.625,1176.5777777777776,59.20944444444444,36,0,1032.25,1062.25,1051.0,1021.0,1151.5777777777776,1201.5777777777776
23,44,1071.625,1176.5777777777776,56.60764705882353,34,0,1062.25,1092.25,1081.0,1051.0,1151.5777777777776,1201.5777777777776
23,45,1101.625,1176.5777777777776,49.99687500000001,48,0,1092.25,1122.25,1111.0,1081.0,1151.5777777777776,1201.5777777777776
23,46,1131.625,1176.5777777777776,54.3175,36,0,1122.25,1152.25,1141.0,1111.0,1151.5777777777776,1201.5777777777776
23,47,1161.625,1176.5777777777776,45.707454545454546,55,0,1152.25,1182.25,1171.0,1141.0,1151.5777777777776,1201.5777777777776
23,48,1191.625,1176.5777777777776,49.40222222222222,38,0,1182.25,1212.25,1201.0,1171.0,1151.5777777777776,1201.5777777777776
23,49,1221.625,1176.5777777777776,50.11499999999999,18,0,1212.25,1242.25,1231.0,1201.0,1151.5777777777776,1201.5777777777776
23,50,1251.625,1176.5777777777776,48.77263157894736,38,0,1242.25,1272.25,1261.0,1231.0,1151.5777777777776,1201.5777777777776
23,51,1281.625,1176.5777777777776,44.13969696969698,33,0,1272.25,1302.25,1291.0,1261.0,1151.5777777777776,1201.5777777777776
23,52,1311.625,1176.5777777777776,24.595714285714294,77,0,1302.25,1332.25,1321.0,1291.0,1151.5777777777776,1201.5777777777776
23,53,1341.625,1176.5777777777776,21.7815,80,0,1332.25,1362.25,1351.0,1321.0,1151.5777777777776,1201.5777777777776
23,54,1371.625,1176.5777777777776,27.007837837837837,74,0,1362.25,1392.25,1381.0,1351.0,1151.5777777777776,1201.5777777777776
23,55,1401.625,1176.5777777777776,28.042914389799634,61,0,1392.25,1422.25,1411.0,1381.0,1151.5777777777776,1201.5777777777776
23,56,1431.625,1176.5777777777776,34.146271186440686,59,0,1422.25,1452.25,1441.0,1411.0,1151.5777777777776,1201.5777777777776
23,57,1461.625,1176.5777777777776,37.49716417910448,67,0,1452.25,1482.25,1471.0,1441.0,1151.5777777777776,1201.5777777777776
23,58,1491.625,1176.5777777777776,34.04225806451611,62,0,1482.25,1512.25,1501.0,1471.0,1151.5777777777776,1201.5777777777776
23,59,1521.625,1176.5777777777776,30.624705882352927,68,0,1512.25,1542.25,1531.0,1501.0,1151.5777777777776,1201.5777777777776
23,60,1551.625,1176.5777777777776,26.68123287671232,73,0,1542.25,1572.25,1561.0,1531.0,1151.5777777777776,1201.5777777777776
23,61,1581.625,1176.5777777777776,28.37036363636364,55,0,1572.25,1602.25,1591.0,1561.0,1151.5777777777776,1201.5777777777776
23,62,1611.625,1176.5777777777776,25.69632352941177,68,0,1602.25,1632.25,1621.0,1591.0,1151.5777777777776,1201.5777777777776
23,63,1641.625,1176.5777777777776,21.914625000000008,80,0,1632.25,1662.25,1651.0,1621.0,1151.5777777777776,1201.5777777777776
23,64,1671.625,1176.5777777777776,26.287499999999994,68,0,1662.25,1692.25,1681.0,1651.0,1151.5777777777776,1201.5777777777776
23,65,1701.625,1176.5777777777776,30.45086206896551,58,0,1692.25,1722.25,1711.0,1681.0,1151.5777777777776,1201.5777777777776
23,66,1731.625,1176.5777777777776,34.530754716981136,53,0,1722.25,1752.25,1741.0,1711.0,1151.5777777777776,1201.5777777777776
23,67,1761.625,1176.5777777777776,35.71321428571429,56,0,1752.25,1782.25,1771.0,1741.0,1151.5777777777776,1201.5777777777776
23,68,1791.625,1176.5777777777776,29.48279411764705,68,0,1782.25,1812.25,1801.0,1771.0,1151.5777777777776,1201.5777777777776
23,69,1821.625,1176.5777777777776,19.025700000000015,100,0,1812.25,1842.25,1831.0,1801.0,1151.5777777777776,1201.5777777777776
23,70,1851.625,1176.5777777777776,28.891690140845082,71,0,1842.25,1872.25,1861.0,1831.0,1151.5777777777776,1201.5777777777776
23,71,1881.625,1176.5777777777776,32.180491803278684,61,0,1872.25,1902.25,1891.0,1861.0,1151.5777777777776,1201.5777777777776
23,72,1911.625,1176.5777777777776,30.497678571428562,56,0,1902.25,1932.25,1921.0,1891.0,1151.5777777777776,1201.5777777777776
23,73,1941.625,1176.5777777777776,28.267538461538464,65,0,1932.25,1962.25,1951.0,1921.0,1151.5777777777776,1201.5777777777776
23,74,1971.625,1176.5777777777776,22.779047619047624,84,0,1962.25,1992.25,1981.0,1951.0,1151.5777777777776,1201.5777777777776
23,75,2001.625,1176.5777777777776,23.365,76,0,1992.25,2022.25,2011.0,1981.0,1151.5777777777776,1201.5777777777776
23,76,2031.625,1176.5777777777776,29.210192307692303,52,0,2022.25,2052.25,2041.0,2011.0,1151.5777777777776,1201.5777777777776
23,77,2061.625,1176.5777777777776,27.382131147540978,61,0,2052.25,2082.25,2071.0,2041.0,1151.5777777777776,1201.5777777777776
23,78,2091.625,1176.5777777777776,30.22857142857143,56,0,2082.25,2112.25,2101.0,2071.0,1151.5777777777776,1201.5777777777776
23,79,2121.625,1176.5777777777776,30.57755102040816,49,0,2112.25,2142.25,2131.0,2101.0,1151.5777777777776,1201.5777777777776
23,80,2151.625,1176.5777777777776,25.921447368421056,76,0,2142.25,2172.25,2161.0,2131.0,1151.5777777777776,1201.5777777777776
23,81,2181.625,1176.5777777777776,24.93851851851852,81,0,2172.25,2202.25,2191.0,2161.0,1151.5777777777776,1201.5777777777776
23,82,2211.625,1176.5777777777776,33.23553846153846,65,0,2202.25,2232.25,2221.0,2191.0,1151.5777777777776,1201.5777777777776
23,83,2241.625,1176.5777777777776,35.632340425531915,47,0,2232.25,2262.25,2251.0,2221.0,1151.5777777777776,1201.5777777777776
23,84,2271.625,1176.5777777777776,37.00927272727273,55,0,2262.25,2292.25,2281.0,2251.0,1151.5777777777776,1201.5777777777776
23,85,2301.625,1176.5777777777776,36.314827586206896,58,0,2292.25,2322.25,2311.0,2281.0,1151.5777777777776,1201.5777777777776
23,86,2331.625,1176.5777777777776,36.096808510638304,47,0,2322.25,2352.25,2341.0,2311.0,1151.5777777777776,1201.5777777777776
23,87,2361.625,1176.5777777777776,38.33622222222223,45,0,2352.25,2382.25,2371.0,2341.0,1151.5777777777776,1201.5777777777776
23,88,2391.625,1176.5777777777776,35.962682926829274,41,0,2382.25,2412.25,2401.0,2371.0,1151.5777777777776,1201.5777777777776
23,89,2421.625,1176.5777777777776,43.0765909090909,44,0,2412.25,2442.25,2431.0,2401.0,1151.5777777777776,1201.5777777777776
23,90,2451.625,1176.5777777777776,38.61176470588235,51,0,2442.25,2472.25,2461.0,2431.0,1151.5777777777776,1201.5777777777776
23,91,2481.625,1176.5777777777776,33.986181818181805,55,0,2472.25,2502.25,2491.0,2461.0,1151.5777777777776,1201.5777777777776
23,92,2511.625,1176.5777777777776,36.2025,48,0,2502.25,2532.25,2521.0,2491.0,1151.5777777777776,1201.5777777777776
23,93,2541.625,1176.5777777777776,32.073200000000014,50,0,2532.25,2562.25,2551.0,2521.0,1151.5777777777776,1201.5777777777776
23,94,2571.625,1176.5777777777776,32.828399999999995,50,0,2562.25,2592.25,2581.0,2551.0,1151.5777777777776,1201.5777777777776
23,95,2601.625,1176.5777777777776,32.59133333333333,75,0,2592.25,2622.25,2611.0,2581.0,1151.5777777777776,1201.5777777777776
23,96,2631.625,1176.5777777777776,18.573714285714278,105,0,2622.25,2652.25,2641.0,2611.0,1151.5777777777776,1201.5777777777776
23,97,2661.625,1176.5777777777776,18.02848739495798,119,0,2652.25,2682.25,2671.0,2641.0,1151.5777777777776,1201.5777777777776
23,98,2691.625,1176.5777777777776,13.389826086956521,115,0,2682.25,2712.25,2701.0,2671.0,1151.5777777777776,1201.5777777777776
23,99,2721.625,1176.5777777777776,28.05183098591549,71,0,2712.25,2742.25,2731.0,2701.0,1151.5777777777776,1201.5777777777776
23,100,2751.625,1176.5777777777776,27.667529411764704,85,0,2742.25,2772.25,2761.0,2731.0,1151.5777777777776,1201.5777777777776
23,101,2781.625,1176.5777777777776,28.183055555555548,72,0,2772.25,2802.25,2791.0,2761.0,1151.5777777777776,1201.5777777777776
23,102,2811.625,1176.5777777777776,29.219565217391306,69,0,2802.25,2832.25,2821.0,2791.0,1151.5777777777776,1201.5777777777776
23,103,2841.625,1176.5777777777776,26.97685393258427,89,0,2832.25,2862.25,2851.0,2821.0,1151.5777777777776,1201.5777777777776
23,104,2871.625,1176.5777777777776,18.750188679245277,106,0,2862.25,2892.25,2881.0,2851.0,1151.5777777777776,1201.5777777777776
23,105,2901.625,1176.5777777777776,23.481290322580634,93,0,2892.25,2922.25,2911.0,2881.0,1151.5777777777776,1201.5777777777776
23,106,2931.625,1176.5777777777776,25.59223684210527,76,0,2922.25,2952.25,2941.0,2911.0,1151.5777777777776,1201.5777777777776
23,107,2961.625,1176.5777777777776,20.089466666666674,75,0,2952.25,2982.25,2971.0,2941.0,1151.5777777777776,1201.5777777777776
23,108,2991.625,1176.5777777777776,20.144999999999996,72,0,2982.25,3012.25,3001.0,2971.0,1151.5777777777776,1201.5777777777776
23,109,3021.625,1176.5777777777776,17.663333333333338,105,0,3012.25,3042.25,3031.0,3001.0,1151.5777777777776,1201.5777777777776
23,110,3051.625,1176.5777777777776,21.315769230769217,78,0,3042.25,3072.25,3061.0,3031.0,1151.5777777777776,1201.5777777777776
23,111,3081.625,1176.5777777777776,24.413827160493824,81,0,3072.25,3102.25,3091.0,3061.0,1151.5777777777776,1201.5777777777776
23,112,3111.625,1176.5777777777776,23.586413043478252,92,0,3102.25,3132.25,3121.0,3091.0,1151.5777777777776,1201.5777777777776
23,113,3141.625,1176.5777777777776,27.83424242424243,66,0,3132.25,3162.25,3151.0,3121.0,1151.5777777777776,1201.5777777777776
23,114,3171.625,1176.5777777777776,26.657333333333334,75,0,3162.25,3192.25,3181.0,3151.0,1151.5777777777776,1201.5777777777776
23,115,3201.625,1176.5777777777776,20.355735294117654,68,0,3192.25,3222.25,3211.0,3181.0,1151.5777777777776,1201.5777777777776
23,116,3231.625,1176.5777777777776,16.218715596330274,109,0,3222.25,3252.25,3241.0,3211.0,1151.5777777777776,1201.5777777777776
23,117,3261.625,1176.5777777777776,22.862874999999992,80,0,3252.25,3282.25,3271.0,3241.0,1151.5777777777776,1201.5777777777776
23,118,3291.625,1176.5777777777776,30.547361111111098,72,0,3282.25,3312.25,3301.0,3271.0,1151.5777777777776,1201.5777777777776
23,119,3321.625,1176.5777777777776,29.138281249999995,64,0,3312.25,3342.25,3331.0,3301.0,1151.5777777777776,1201.5777777777776
23,120,3351.625,1176.5777777777776,28.595573770491807,61,0,3342.25,3372.25,3361.0,3331.0,1151.5777777777776,1201.5777777777776
23,121,3381.625,1176.5777777777776,31.16114754098361,61,0,3372.25,3402.25,3391.0,3361.0,1151.5777777777776,1201.5777777777776
23,122,3411.625,1176.5777777777776,32.20180555555557,72,0,3402.25,3432.25,3421.0,3391.0,1151.5777777777776,1201.5777777777776
23,123,3441.625,1176.5777777777776,28.506913580246923,81,0,3432.25,3462.25,3451.0,3421.0,1151.5777777777776,1201.5777777777776
23,124,3471.625,1176.5777777777776,25.885384615384616,65,0,3462.25,3492.25,3481.0,3451.0,1151.5777777777776,1201.5777777777776
23,125,3501.625,1176.5777777777776,20.3255294117647,85,0,3492.25,3522.25,3511.0,3481.0,1151.5777777777776,1201.5777777777776
23,126,3531.625,1176.5777777777776,15.544747474747478,99,0,3522.25,3552.25,3541.0,3511.0,1151.5777777777776,1201.5777777777776
23,127,3561.625,1176.5777777777776,22.514303797468358,79,0,3552.25,3582.25,3571.0,3541.0,1151.5777777777776,1201.5777777777776
23,128,3591.625,1176.5777777777776,15.653457943925225,107,0,3582.25,3612.25,3601.0,3571.0,1151.5777777777776,1201.5777777777776
23,129,3621.625,1176.5777777777776,11.785833333333334,144,0,3612.25,3642.25,3631.0,3601.0,1151.5777777777776,1201.5777777777776
23,130,3651.625,1176.5777777777776,11.489387755102054,147,0,3642.25,3672.25,3661.0,3631.0,1151.5777777777776,1201.5777777777776
23,131,3681.625,1176.5777777777776,13.9076724137931,116,0,3672.25,3702.25,3691.0,3661.0,1151.5777777777776,1201.5777777777776
23,132,3711.625,1176.5777777777776,19.85157894736842,76,0,3702.25,3732.25,3721.0,3691.0,1151.5777777777776,1201.5777777777776
23,133,3741.625,1176.5777777777776,26.398289473684205,76,0,3732.25,3762.25,3751.0,3721.0,1151.5777777777776,1201.5777777777776
23,134,3771.625,1176.5777777777776,25.675087719298244,57,0,3762.25,3792.25,3781.0,3751.0,1151.5777777777776,1201.5777777777776
23,135,3801.625,1176.5777777777776,25.87294117647059,17,0,3792.25,3822.25,3811.0,3781.0,1151.5777777777776,1201.5777777777776
23,136,3831.625,1176.5777777777776,,0,0,3822.25,3852.25,3841.0,3811.0,1151.5777777777776,1201.5777777777776
23,137,3861.625,1176.5777777777776,,0,0,3852.25,3882.25,3871.0,3841.0,1151.5777777777776,1201.5777777777776
23,138,3891.625,1176.5777777777776,,0,0,3882.25,3912.25,3901.0,3871.0,1151.5777777777776,1201.5777777777776
24,9,10.375,1226.5777777777776,51.85148936170213,47,0,1.0,31.0,19.75,-10.25,1201.5777777777776,1251.5777777777776
24,10,40.375,1226.5777777777776,57.79290322580645,31,0,31.0,61.0,49.75,19.75,1201.5777777777776,1251.5777777777776
24,11,70.375,1226.5777777777776,60.06027777777778,36,0,61.0,91.0,79.75,49.75,1201.5777777777776,1251.5777777777776
24,12,100.375,1226.5777777777776,60.43294117647059,17,0,91.0,121.0,109.75,79.75,1201.5777777777776,1251.5777777777776
24,13,130.375,1226.5777777777776,60.0411111111111,18,0,121.0,151.0,139.75,109.75,1201.5777777777776,1251.5777777777776
24,14,160.375,1226.5777777777776,66.160625,16,0,151.0,181.0,169.75,139.75,1201.5777777777776,1251.5777777777776
24,15,190.375,1226.5777777777776,56.69794871794871,39,0,181.0,211.0,199.75,169.75,1201.5777777777776,1251.5777777777776
24,16,220.375,1226.5777777777776,56.04965517241378,29,0,211.0,241.0,229.75,199.75,1201.5777777777776,1251.5777777777776
24,17,250.375,1226.5777777777776,59.19692307692307,39,0,241.0,271.0,259.75,229.75,1201.5777777777776,1251.5777777777776
24,18,280.375,1226.5777777777776,61.80650000000001,20,0,271.0,301.0,289.75,259.75,1201.5777777777776,1251.5777777777776
24,19,310.375,1226.5777777777776,69.58833333333332,18,0,301.0,331.0,319.75,289.75,1201.5777777777776,1251.5777777777776
24,20,340.375,1226.5777777777776,74.80272727272728,11,0,331.0,361.0,349.75,319.75,1201.5777777777776,1251.5777777777776
24,21,370.375,1226.5777777777776,63.87200000000001,15,0,361.0,391.0,379.75,349.75,1201.5777777777776,1251.5777777777776
24,22,400.375,1226.5777777777776,61.835714285714275,35,0,391.0,421.0,409.75,379.75,1201.5777777777776,1251.5777777777776
24,23,430.375,1226.5777777777776,71.35714285714285,14,0,421.0,451.0,439.75,409.75,1201.5777777777776,1251.5777777777776
24,24,460.375,1226.5777777777776,60.0375,28,0,451.0,481.0,469.75,439.75,1201.5777777777776,1251.5777777777776
24,25,490.375,1226.5777777777776,58.33515151515151,33,0,481.0,511.0,499.75,469.75,1201.5777777777776,1251.5777777777776
24,26,520.375,1226.5777777777776,52.64399999999999,45,0,511.0,541.0,529.75,499.75,1201.5777777777776,1251.5777777777776
24,27,550.375,1226.5777777777776,50.87024390243902,41,0,541.0,571.0,559.75,529.75,1201.5777777777776,1251.5777777777776
24,28,580.375,1226.5777777777776,50.20976190476188,42,0,571.0,601.0,589.75,559.75,1201.5777777777776,1251.5777777777776
24,29,610.375,1226.5777777777776,52.15400000000001,40,0,601.0,631.0,619.75,589.75,1201.5777777777776,1251.5777777777776
24,30,640.375,1226.5777777777776,45.34052631578946,38,0,631.0,661.0,649.75,619.75,1201.5777777777776,1251.5777777777776
24,31,670.375,1226.5777777777776,53.39649999999999,20,0,661.0,691.0,679.75,649.75,1201.5777777777776,1251.5777777777776
24,32,700.375,1226.5777777777776,61.46285714285712,28,0,691.0,721.0,709.75,679.75,1201.5777777777776,1251.5777777777776
24,33,730.375,1226.5777777777776,61.99454545454547,22,0,721.0,751.0,739.75,709.75,1201.5777777777776,1251.5777777777776
24,34,760.375,1226.5777777777776,59.42682926829269,41,0,751.0,781.0,769.75,739.75,1201.5777777777776,1251.5777777777776
24,35,790.375,1226.5777777777776,62.54275862068965,29,0,781.0,811.0,799.75,769.75,1201.5777777777776,1251.5777777777776
24,36,820.375,1226.5777777777776,64.085,22,0,811.0,841.0,829.75,799.75,1201.5777777777776,1251.5777777777776
24,37,850.375,1226.5777777777776,57.01806451612902,31,0,841.0,871.0,859.75,829.75,1201.5777777777776,1251.5777777777776
24,38,880.375,1226.5777777777776,59.028787878787874,33,0,871.0,901.0,889.75,859.75,1201.5777777777776,1251.5777777777776
24,39,910.375,1226.5777777777776,67.86888888888889,9,0,901.0,931.0,919.75,889.75,1201.5777777777776,1251.5777777777776
24,40,940.375,1226.5777777777776,59.034,15,0,931.0,961.0,949.75,919.75,1201.5777777777776,1251.5777777777776
24,41,970.375,1226.5777777777776,54.488000000000014,30,0,961.0,991.0,979.75,949.75,1201.5777777777776,1251.5777777777776
24,42,1000.375,1226.5777777777776,59.0,36,0,991.0,1021.0,1009.75,979.75,1201.5777777777776,1251.5777777777776
24,43,1030.375,1226.5777777777776,58.44230769230769,39,0,1021.0,1051.0,1039.75,1009.75,1201.5777777777776,1251.5777777777776
24,44,1060.375,1226.5777777777776,56.92875000000001,32,0,1051.0,1081.0,1069.75,1039.75,1201.5777777777776,1251.5777777777776
24,45,1090.375,1226.5777777777776,52.42333333333333,39,0,1081.0,1111.0,1099.75,1069.75,1201.5777777777776,1251.5777777777776
24,46,1120.375,1226.5777777777776,47.148723404255314,47,0,1111.0,1141.0,1129.75,1099.75,1201.5777777777776,1251.5777777777776
24,47,1150.375,1226.5777777777776,44.98900000000001,40,0,1141.0,1171.0,1159.75,1129.75,1201.5777777777776,1251.5777777777776
24,48,1180.375,1226.5777777777776,40.67958333333335,48,0,1171.0,1201.0,1189.75,1159.75,1201.5777777777776,1251.5777777777776
24,49,1210.375,1226.5777777777776,47.348260869565216,23,0,1201.0,1231.0,1219.75,1189.75,1201.5777777777776,1251.5777777777776
24,50,1240.375,1226.5777777777776,46.492592592592594,27,0,1231.0,1261.0,1249.75,1219.75,1201.5777777777776,1251.5777777777776
24,51,1270.375,1226.5777777777776,45.51555555555556,36,0,1261.0,1291.0,1279.75,1249.75,1201.5777777777776,1251.5777777777776
24,52,1300.375,1226.5777777777776,35.675000000000004,44,0,1291.0,1321.0,1309.75,1279.75,1201.5777777777776,1251.5777777777776
24,53,1330.375,1226.5777777777776,23.296428571428578,84,0,1321.0,1351.0,1339.75,1309.75,1201.5777777777776,1251.5777777777776
24,54,1360.375,1226.5777777777776,23.545289514866976,71,0,1351.0,1381.0,1369.75,1339.75,1201.5777777777776,1251.5777777777776
24,55,1390.375,1226.5777777777776,28.50635135135134,74,0,1381.0,1411.0,1399.75,1369.75,1201.5777777777776,1251.5777777777776
24,56,1420.375,1226.5777777777776,33.2645652173913,46,0,1411.0,1441.0,1429.75,1399.75,1201.5777777777776,1251.5777777777776
24,57,1450.375,1226.5777777777776,38.09999999999999,63,0,1441.0,1471.0,1459.75,1429.75,1201.5777777777776,1251.5777777777776
24,58,1480.375,1226.5777777777776,34.04836065573771,61,0,1471.0,1501.0,1489.75,1459.75,1201.5777777777776,1251.5777777777776
24,59,1510.375,1226.5777777777776,30.927808219178083,73,0,1501.0,1531.0,1519.75,1489.75,1201.5777777777776,1251.5777777777776
24,60,1540.375,1226.5777777777776,24.912222222222223,72,0,1531.0,1561.0,1549.75,1519.75,1201.5777777777776,1251.5777777777776
24,61,1570.375,1226.5777777777776,26.972769230769234,65,0,1561.0,1591.0,1579.75,1549.75,1201.5777777777776,1251.5777777777776
24,62,1600.375,1226.5777777777776,25.193974358974366,78,0,1591.0,1621.0,1609.75,1579.75,1201.5777777777776,1251.5777777777776
24,63,1630.375,1226.5777777777776,21.93702702702703,74,0,1621.0,1651.0,1639.75,1609.75,1201.5777777777776,1251.5777777777776
24,64,1660.375,1226.5777777777776,26.045416666666668,72,0,1651.0,1681.0,1669.75,1639.75,1201.5777777777776,1251.5777777777776
24,65,1690.375,1226.5777777777776,32.993148148148144,54,0,1681.0,1711.0,1699.75,1669.75,1201.5777777777776,1251.5777777777776
24,66,1720.375,1226.5777777777776,37.01958333333334,48,0,1711.0,1741.0,1729.75,1699.75,1201.5777777777776,1251.5777777777776
24,67,1750.375,1226.5777777777776,34.25303571428571,56,0,1741.0,1771.0,1759.75,1729.75,1201.5777777777776,1251.5777777777776
24,68,1780.375,1226.5777777777776,31.254333333333346,60,0,1771.0,1801.0,1789.75,1759.75,1201.5777777777776,1251.5777777777776
24,69,1810.375,1226.5777777777776,19.40032967032967,91,0,1801.0,1831.0,1819.75,1789.75,1201.5777777777776,1251.5777777777776
24,70,1840.375,1226.5777777777776,27.83,77,0,1831.0,1861.0,1849.75,1819.75,1201.5777777777776,1251.5777777777776
24,71,1870.375,1226.5777777777776,34.09425000000001,50,0,1861.0,1891.0,1879.75,1849.75,1201.5777777777776,1251.5777777777776
24,72,1900.375,1226.5777777777776,32.2698245614035,57,0,1891.0,1921.0,1909.75,1879.75,1201.5777777777776,1251.5777777777776
24,73,1930.375,1226.5777777777776,31.12538461538461,52,0,1921.0,1951.0,1939.75,1909.75,1201.5777777777776,1251.5777777777776
24,74,1960.375,1226.5777777777776,24.110821917808227,73,0,1951.0,1981.0,1969.75,1939.75,1201.5777777777776,1251.5777777777776
24,75,1990.375,1226.5777777777776,24.978309859154916,71,0,1981.0,2011.0,1999.75,1969.75,1201.5777777777776,1251.5777777777776
24,76,2020.375,1226.5777777777776,30.14547169811321,53,0,2011.0,2041.0,2029.75,1999.75,1201.5777777777776,1251.5777777777776
24,77,2050.375,1226.5777777777776,33.831304347826084,46,0,2041.0,2071.0,2059.75,2029.75,1201.5777777777776,1251.5777777777776
24,78,2080.375,1226.5777777777776,33.95981132075472,53,0,2071.0,2101.0,2089.75,2059.75,1201.5777777777776,1251.5777777777776
24,79,2110.375,1226.5777777777776,32.63057692307693,52,0,2101.0,2131.0,2119.75,2089.75,1201.5777777777776,1251.5777777777776
24,80,2140.375,1226.5777777777776,26.122105263157902,57,0,2131.0,2161.0,2149.75,2119.75,1201.5777777777776,1251.5777777777776
24,81,2170.375,1226.5777777777776,30.290684931506842,73,0,2161.0,2191.0,2179.75,2149.75,1201.5777777777776,1251.5777777777776
24,82,2200.375,1226.5777777777776,35.16836363636363,55,0,2191.0,2221.0,2209.75,2179.75,1201.5777777777776,1251.5777777777776
24,83,2230.375,1226.5777777777776,38.98096153846153,52,0,2221.0,2251.0,2239.75,2209.75,1201.5777777777776,1251.5777777777776
24,84,2260.375,1226.5777777777776,39.20583333333334,36,0,2251.0,2281.0,2269.75,2239.75,1201.5777777777776,1251.5777777777776
24,85,2290.375,1226.5777777777776,37.27216666666667,60,0,2281.0,2311.0,2299.75,2269.75,1201.5777777777776,1251.5777777777776
24,86,2320.375,1226.5777777777776,33.788636363636364,44,0,2311.0,2341.0,2329.75,2299.75,1201.5777777777776,1251.5777777777776
24,87,2350.375,1226.5777777777776,38.62246200607903,47,0,2341.0,2371.0,2359.75,2329.75,1201.5777777777776,1251.5777777777776
24,88,2380.375,1226.5777777777776,38.93648648648648,37,0,2371.0,2401.0,2389.75,2359.75,1201.5777777777776,1251.5777777777776
24,89,2410.375,1226.5777777777776,40.51171428571429,35,0,2401.0,2431.0,2419.75,2389.75,1201.5777777777776,1251.5777777777776
24,90,2440.375,1226.5777777777776,42.871176470588246,34,0,2431.0,2461.0,2449.75,2419.75,1201.5777777777776,1251.5777777777776
24,91,2470.375,1226.5777777777776,35.093928571428556,56,0,2461.0,2491.0,2479.75,2449.75,1201.5777777777776,1251.5777777777776
24,92,2500.375,1226.5777777777776,33.11773584905662,53,0,2491.0,2521.0,2509.75,2479.75,1201.5777777777776,1251.5777777777776
24,93,2530.375,1226.5777777777776,33.304249999999996,40,0,2521.0,2551.0,2539.75,2509.75,1201.5777777777776,1251.5777777777776
24,94,2560.375,1226.5777777777776,31.99568627450979,51,0,2551.0,2581.0,2569.75,2539.75,1201.5777777777776,1251.5777777777776
24,95,2590.375,1226.5777777777776,32.275423728813564,59,0,2581.0,2611.0,2599.75,2569.75,1201.5777777777776,1251.5777777777776
24,96,2620.375,1226.5777777777776,21.599347079037805,97,0,2611.0,2641.0,2629.75,2599.75,1201.5777777777776,1251.5777777777776
24,97,2650.375,1226.5777777777776,18.08731958762886,97,0,2641.0,2671.0,2659.75,2629.75,1201.5777777777776,1251.5777777777776
24,98,2680.375,1226.5777777777776,11.68804071246819,131,0,2671.0,2701.0,2689.75,2659.75,1201.5777777777776,1251.5777777777776
24,99,2710.375,1226.5777777777776,23.179374999999993,80,0,2701.0,2731.0,2719.75,2689.75,1201.5777777777776,1251.5777777777776
24,100,2740.375,1226.5777777777776,26.799253731343292,67,0,2731.0,2761.0,2749.75,2719.75,1201.5777777777776,1251.5777777777776
24,101,2770.375,1226.5777777777776,29.329736842105262,76,0,2761.0,2791.0,2779.75,2749.75,1201.5777777777776,1251.5777777777776
24,102,2800.375,1226.5777777777776,26.870483870967742,62,0,2791.0,2821.0,2809.75,2779.75,1201.5777777777776,1251.5777777777776
24,103,2830.375,1226.5777777777776,25.618372093023254,86,0,2821.0,2851.0,2839.75,2809.75,1201.5777777777776,1251.5777777777776
24,104,2860.375,1226.5777777777776,19.96714285714286,98,0,2851.0,2881.0,2869.75,2839.75,1201.5777777777776,1251.5777777777776
24,105,2890.375,1226.5777777777776,28.245999999999995,65,0,2881.0,2911.0,2899.75,2869.75,1201.5777777777776,1251.5777777777776
24,106,2920.375,1226.5777777777776,23.6825,92,0,2911.0,2941.0,2929.75,2899.75,1201.5777777777776,1251.5777777777776
24,107,2950.375,1226.5777777777776,18.116976744186047,86,0,2941.0,2971.0,2959.75,2929.75,1201.5777777777776,1251.5777777777776
24,108,2980.375,1226.5777777777776,19.21128571428572,70,0,2971.0,3001.0,2989.75,2959.75,1201.5777777777776,1251.5777777777776
24,109,3010.375,1226.5777777777776,18.95833333333333,78,0,3001.0,3031.0,3019.75,2989.75,1201.5777777777776,1251.5777777777776
24,110,3040.375,1226.5777777777776,21.708343023255814,86,0,3031.0,3061.0,3049.75,3019.75,1201.5777777777776,1251.5777777777776
24,111,3070.375,1226.5777777777776,22.994164989939637,71,0,3061.0,3091.0,3079.75,3049.75,1201.5777777777776,1251.5777777777776
24,112,3100.375,1226.5777777777776,20.93556701030928,97,0,3091.0,3121.0,3109.75,3079.75,1201.5777777777776,1251.5777777777776
24,113,3130.375,1226.5777777777776,22.909875000000003,80,0,3121.0,3151.0,3139.75,3109.75,1201.5777777777776,1251.5777777777776
24,114,3160.375,1226.5777777777776,25.656323529411765,68,0,3151.0,3181.0,3169.75,3139.75,1201.5777777777776,1251.5777777777776
24,115,3190.375,1226.5777777777776,23.059230769230776,65,0,3181.0,3211.0,3199.75,3169.75,1201.5777777777776,1251.5777777777776
24,116,3220.375,1226.5777777777776,15.3495,95,0,3211.0,3241.0,3229.75,3199.75,1201.5777777777776,1251.5777777777776
24,117,3250.375,1226.5777777777776,20.70195121951219,82,0,3241.0,3271.0,3259.75,3229.75,1201.5777777777776,1251.5777777777776
24,118,3280.375,1226.5777777777776,28.38838235294116,68,0,3271.0,3301.0,3289.75,3259.75,1201.5777777777776,1251.5777777777776
24,119,3310.375,1226.5777777777776,27.58430769230769,65,0,3301.0,3331.0,3319.75,3289.75,1201.5777777777776,1251.5777777777776
24,120,3340.375,1226.5777777777776,30.112295918367348,49,0,3331.0,3361.0,3349.75,3319.75,1201.5777777777776,1251.5777777777776
24,121,3370.375,1226.5777777777776,33.062105263157896,57,0,3361.0,3391.0,3379.75,3349.75,1201.5777777777776,1251.5777777777776
24,122,3400.375,1226.5777777777776,36.35519999999999,50,0,3391.0,3421.0,3409.75,3379.75,1201.5777777777776,1251.5777777777776
24,123,3430.375,1226.5777777777776,31.022758620689647,58,0,3421.0,3451.0,3439.75,3409.75,1201.5777777777776,1251.5777777777776
24,124,3460.375,1226.5777777777776,24.9953164556962,79,0,3451.0,3481.0,3469.75,3439.75,1201.5777777777776,1251.5777777777776
24,125,3490.375,1226.5777777777776,18.726491862567812,79,0,3481.0,3511.0,3499.75,3469.75,1201.5777777777776,1251.5777777777776
24,126,3520.375,1226.5777777777776,17.00726315789474,95,0,3511.0,3541.0,3529.75,3499.75,1201.5777777777776,1251.5777777777776
24,127,3550.375,1226.5777777777776,20.990915750915754,78,0,3541.0,3571.0,3559.75,3529.75,1201.5777777777776,1251.5777777777776
24,128,3580.375,1226.5777777777776,11.895891472868216,129,0,3571.0,3601.0,3589.75,3559.75,1201.5777777777776,1251.5777777777776
24,129,3610.375,1226.5777777777776,10.961682242990651,107,0,3601.0,3631.0,3619.75,3589.75,1201.5777777777776,1251.5777777777776
24,130,3640.375,1226.5777777777776,12.03762711864407,118,0,3631.0,3661.0,3649.75,3619.75,1201.5777777777776,1251.5777777777776
24,131,3670.375,1226.5777777777776,12.941102362204724,127,0,3661.0,3691.0,3679.75,3649.75,1201.5777777777776,1251.5777777777776
24,132,3700.375,1226.5777777777776,18.736369863013703,73,0,3691.0,3721.0,3709.75,3679.75,1201.5777777777776,1251.5777777777776
24,133,3730.375,1226.5777777777776,25.13891891891892,74,0,3721.0,3751.0,3739.75,3709.75,1201.5777777777776,1251.5777777777776
24,134,3760.375,1226.5777777777776,27.163035714285705,56,0,3751.0,3781.0,3769.75,3739.75,1201.5777777777776,1251.5777777777776
24,135,3790.375,1226.5777777777776,27.4293023255814,43,0,3781.0,3811.0,3799.75,3769.75,1201.5777777777776,1251.5777777777776
24,136,3820.375,1226.5777777777776,29.5,1,0,3811.0,3841.0,3829.75,3799.75,1201.5777777777776,1251.5777777777776
24,137,3850.375,1226.5777777777776,,0,0,3841.0,3871.0,3859.75,3829.75,1201.5777777777776,1251.5777777777776
24,138,3880.375,1226.5777777777776,,0,0,3871.0,3901.0,3889.75,3859.75,1201.5777777777776,1251.5777777777776
25,9,-0.875,1276.5777777777776,49.37869565217392,23,0,-10.25,19.75,8.5,-21.5,1251.5777777777776,1301.5777777777776
25,10,29.125,1276.5777777777776,52.46086805555556,48,0,19.75,49.75,38.5,8.5,1251.5777777777776,1301.5777777777776
25,11,59.125,1276.5777777777776,59.26,37,0,49.75,79.75,68.5,38.5,1251.5777777777776,1301.5777777777776
25,12,89.125,1276.5777777777776,57.49458333333333,32,0,79.75,109.75,98.5,68.5,1251.5777777777776,1301.5777777777776
25,13,119.125,1276.5777777777776,60.36857142857143,21,0,109.75,139.75,128.5,98.5,1251.5777777777776,1301.5777777777776
25,14,149.125,1276.5777777777776,59.650777777777776,30,0,139.75,169.75,158.5,128.5,1251.5777777777776,1301.5777777777776
25,15,179.125,1276.5777777777776,56.67645962732917,23,0,169.75,199.75,188.5,158.5,1251.5777777777776,1301.5777777777776
25,16,209.125,1276.5777777777776,52.52699546485261,49,0,199.75,229.75,218.5,188.5,1251.5777777777776,1301.5777777777776
25,17,239.125,1276.5777777777776,57.31025839793281,43,0,229.75,259.75,248.5,218.5,1251.5777777777776,1301.5777777777776
25,18,269.125,1276.5777777777776,57.07189393939394,33,0,259.75,289.75,278.5,248.5,1251.5777777777776,1301.5777777777776
25,19,299.125,1276.5777777777776,65.14045454545455,22,0,289.75,319.75,308.5,278.5,1251.5777777777776,1301.5777777777776
25,20,329.125,1276.5777777777776,65.74063492063493,21,0,319.75,349.75,338.5,308.5,1251.5777777777776,1301.5777777777776
25,21,359.125,1276.5777777777776,65.09888888888888,18,0,349.75,379.75,368.5,338.5,1251.5777777777776,1301.5777777777776
25,22,389.125,1276.5777777777776,60.614977477477474,37,0,379.75,409.75,398.5,368.5,1251.5777777777776,1301.5777777777776
25,23,419.125,1276.5777777777776,68.81811111111112,30,0,409.75,439.75,428.5,398.5,1251.5777777777776,1301.5777777777776
25,24,449.125,1276.5777777777776,59.43898745519712,31,0,439.75,469.75,458.5,428.5,1251.5777777777776,1301.5777777777776
25,25,479.125,1276.5777777777776,56.067723577235775,41,0,469.75,499.75,488.5,458.5,1251.5777777777776,1301.5777777777776
25,26,509.125,1276.5777777777776,55.065054945054946,39,0,499.75,529.75,518.5,488.5,1251.5777777777776,1301.5777777777776
25,27,539.125,1276.5777777777776,47.4973451730419,61,0,529.75,559.75,548.5,518.5,1251.5777777777776,1301.5777777777776
25,28,569.125,1276.5777777777776,47.59381642512078,46,0,559.75,589.75,578.5,548.5,1251.5777777777776,1301.5777777777776
25,29,599.125,1276.5777777777776,48.861000000000004,50,0,589.75,619.75,608.5,578.5,1251.5777777777776,1301.5777777777776
25,30,629.125,1276.5777777777776,43.89605128205127,65,0,619.75,649.75,638.5,608.5,1251.5777777777776,1301.5777777777776
25,31,659.125,1276.5777777777776,44.933993506493515,55,0,649.75,679.75,668.5,638.5,1251.5777777777776,1301.5777777777776
25,32,689.125,1276.5777777777776,60.02569444444444,32,0,679.75,709.75,698.5,668.5,1251.5777777777776,1301.5777777777776
25,33,719.125,1276.5777777777776,55.491318681318674,26,0,709.75,739.75,728.5,698.5,1251.5777777777776,1301.5777777777776
25,34,749.125,1276.5777777777776,53.78771241830064,51,0,739.75,769.75,758.5,728.5,1251.5777777777776,1301.5777777777776
25,35,779.125,1276.5777777777776,57.8091111111111,40,0,769.75,799.75,788.5,758.5,1251.5777777777776,1301.5777777777776
25,36,809.125,1276.5777777777776,59.8241414141414,33,0,799.75,829.75,818.5,788.5,1251.5777777777776,1301.5777777777776
25,37,839.125,1276.5777777777776,56.74179487179488,39,0,829.75,859.75,848.5,818.5,1251.5777777777776,1301.5777777777776
25,38,869.125,1276.5777777777776,54.39220930232557,43,0,859.75,889.75,878.5,848.5,1251.5777777777776,1301.5777777777776
25,39,899.125,1276.5777777777776,55.88346700083541,38,0,889.75,919.75,908.5,878.5,1251.5777777777776,1301.5777777777776
25,40,929.125,1276.5777777777776,56.61106280193237,23,0,919.75,949.75,938.5,908.5,1251.5777777777776,1301.5777777777776
25,41,959.125,1276.5777777777776,55.28316872427985,27,0,949.75,979.75,968.5,938.5,1251.5777777777776,1301.5777777777776
25,42,989.125,1276.5777777777776,53.899407407407395,45,0,979.75,1009.75,998.5,968.5,1251.5777777777776,1301.5777777777776
25,43,1019.125,1276.5777777777776,55.75106382978723,47,0,1009.75,1039.75,1028.5,998.5,1251.5777777777776,1301.5777777777776
25,44,1049.125,1276.5777777777776,54.72063829787234,47,0,1039.75,1069.75,1058.5,1028.5,1251.5777777777776,1301.5777777777776
25,45,1079.125,1276.5777777777776,53.32692307692309,39,0,1069.75,1099.75,1088.5,1058.5,1251.5777777777776,1301.5777777777776
25,46,1109.125,1276.5777777777776,44.73844827586208,58,0,1099.75,1129.75,1118.5,1088.5,1251.5777777777776,1301.5777777777776
25,47,1139.125,1276.5777777777776,42.79982972582973,55,0,1129.75,1159.75,1148.5,1118.5,1251.5777777777776,1301.5777777777776
25,48,1169.125,1276.5777777777776,37.99789141414143,66,0,1159.75,1189.75,1178.5,1148.5,1251.5777777777776,1301.5777777777776
25,49,1199.125,1276.5777777777776,35.61626666666666,75,0,1189.75,1219.75,1208.5,1178.5,1251.5777777777776,1301.5777777777776
25,50,1229.125,1276.5777777777776,42.368249999999996,40,0,1219.75,1249.75,1238.5,1208.5,1251.5777777777776,1301.5777777777776
25,51,1259.125,1276.5777777777776,40.90218390804598,58,0,1249.75,1279.75,1268.5,1238.5,1251.5777777777776,1301.5777777777776
25,52,1289.125,1276.5777777777776,40.101875,40,0,1279.75,1309.75,1298.5,1268.5,1251.5777777777776,1301.5777777777776
25,53,1319.125,1276.5777777777776,24.248571428571424,77,0,1309.75,1339.75,1328.5,1298.5,1251.5777777777776,1301.5777777777776
25,54,1349.125,1276.5777777777776,25.197326007326005,91,0,1339.75,1369.75,1358.5,1328.5,1251.5777777777776,1301.5777777777776
25,55,1379.125,1276.5777777777776,31.53450980392157,68,0,1369.75,1399.75,1388.5,1358.5,1251.5777777777776,1301.5777777777776
25,56,1409.125,1276.5777777777776,32.842499999999994,61,0,1399.75,1429.75,1418.5,1388.5,1251.5777777777776,1301.5777777777776
25,57,1439.125,1276.5777777777776,37.331034482758625,58,0,1429.75,1459.75,1448.5,1418.5,1251.5777777777776,1301.5777777777776
25,58,1469.125,1276.5777777777776,35.00048780487804,82,0,1459.75,1489.75,1478.5,1448.5,1251.5777777777776,1301.5777777777776
25,59,1499.125,1276.5777777777776,33.30949074074074,72,0,1489.75,1519.75,1508.5,1478.5,1251.5777777777776,1301.5777777777776
25,60,1529.125,1276.5777777777776,23.758252427184466,103,0,1519.75,1549.75,1538.5,1508.5,1251.5777777777776,1301.5777777777776
25,61,1559.125,1276.5777777777776,27.05250000000001,76,0,1549.75,1579.75,1568.5,1538.5,1251.5777777777776,1301.5777777777776
25,62,1589.125,1276.5777777777776,22.605974025974024,77,0,1579.75,1609.75,1598.5,1568.5,1251.5777777777776,1301.5777777777776
25,63,1619.125,1276.5777777777776,19.929374999999997,96,0,1609.75,1639.75,1628.5,1598.5,1251.5777777777776,1301.5777777777776
25,64,1649.125,1276.5777777777776,24.047936507936512,84,0,1639.75,1669.75,1658.5,1628.5,1251.5777777777776,1301.5777777777776
25,65,1679.125,1276.5777777777776,31.59895522388059,67,0,1669.75,1699.75,1688.5,1658.5,1251.5777777777776,1301.5777777777776
25,66,1709.125,1276.5777777777776,35.240299823633144,63,0,1699.75,1729.75,1718.5,1688.5,1251.5777777777776,1301.5777777777776
25,67,1739.125,1276.5777777777776,30.985057263411687,79,0,1729.75,1759.75,1748.5,1718.5,1251.5777777777776,1301.5777777777776
25,68,1769.125,1276.5777777777776,28.674331065759638,98,0,1759.75,1789.75,1778.5,1748.5,1251.5777777777776,1301.5777777777776
25,69,1799.125,1276.5777777777776,16.511886792452838,106,0,1789.75,1819.75,1808.5,1778.5,1251.5777777777776,1301.5777777777776
25,70,1829.125,1276.5777777777776,28.150421940928275,79,0,1819.75,1849.75,1838.5,1808.5,1251.5777777777776,1301.5777777777776
25,71,1859.125,1276.5777777777776,32.95698630136988,73,0,1849.75,1879.75,1868.5,1838.5,1251.5777777777776,1301.5777777777776
25,72,1889.125,1276.5777777777776,34.323278688524596,61,0,1879.75,1909.75,1898.5,1868.5,1251.5777777777776,1301.5777777777776
25,73,1919.125,1276.5777777777776,32.76704301075269,62,0,1909.75,1939.75,1928.5,1898.5,1251.5777777777776,1301.5777777777776
25,74,1949.125,1276.5777777777776,26.93592995169083,92,0,1939.75,1969.75,1958.5,1928.5,1251.5777777777776,1301.5777777777776
25,75,1979.125,1276.5777777777776,26.224867724867718,78,0,1969.75,1999.75,1988.5,1958.5,1251.5777777777776,1301.5777777777776
25,76,2009.125,1276.5777777777776,31.33087719298246,76,0,1999.75,2029.75,2018.5,1988.5,1251.5777777777776,1301.5777777777776
25,77,2039.125,1276.5777777777776,33.40142857142857,56,0,2029.75,2059.75,2048.5,2018.5,1251.5777777777776,1301.5777777777776
25,78,2069.125,1276.5777777777776,38.70580188679245,53,0,2059.75,2089.75,2078.5,2048.5,1251.5777777777776,1301.5777777777776
25,79,2099.125,1276.5777777777776,35.49842105263157,57,0,2089.75,2119.75,2108.5,2078.5,1251.5777777777776,1301.5777777777776
25,80,2129.125,1276.5777777777776,28.933269230769234,65,0,2119.75,2149.75,2138.5,2108.5,1251.5777777777776,1301.5777777777776
25,81,2159.125,1276.5777777777776,32.278904991948465,69,0,2149.75,2179.75,2168.5,2138.5,1251.5777777777776,1301.5777777777776
25,82,2189.125,1276.5777777777776,37.02344262295081,61,0,2179.75,2209.75,2198.5,2168.5,1251.5777777777776,1301.5777777777776
25,83,2219.125,1276.5777777777776,41.33817325800377,59,0,2209.75,2239.75,2228.5,2198.5,1251.5777777777776,1301.5777777777776
25,84,2249.125,1276.5777777777776,38.48655172413793,58,0,2239.75,2269.75,2258.5,2228.5,1251.5777777777776,1301.5777777777776
25,85,2279.125,1276.5777777777776,38.22767857142858,56,0,2269.75,2299.75,2288.5,2258.5,1251.5777777777776,1301.5777777777776
25,86,2309.125,1276.5777777777776,34.70657142857143,70,0,2299.75,2329.75,2318.5,2288.5,1251.5777777777776,1301.5777777777776
25,87,2339.125,1276.5777777777776,36.63941176470587,68,0,2329.75,2359.75,2348.5,2318.5,1251.5777777777776,1301.5777777777776
25,88,2369.125,1276.5777777777776,41.61083333333333,48,0,2359.75,2389.75,2378.5,2348.5,1251.5777777777776,1301.5777777777776
25,89,2399.125,1276.5777777777776,37.63812030075187,57,0,2389.75,2419.75,2408.5,2378.5,1251.5777777777776,1301.5777777777776
25,90,2429.125,1276.5777777777776,42.32390022675737,49,0,2419.75,2449.75,2438.5,2408.5,1251.5777777777776,1301.5777777777776
25,91,2459.125,1276.5777777777776,38.79683333333333,60,0,2449.75,2479.75,2468.5,2438.5,1251.5777777777776,1301.5777777777776
25,92,2489.125,1276.5777777777776,27.518333333333327,92,0,2479.75,2509.75,2498.5,2468.5,1251.5777777777776,1301.5777777777776
25,93,2519.125,1276.5777777777776,34.23081790123457,72,0,2509.75,2539.75,2528.5,2498.5,1251.5777777777776,1301.5777777777776
25,94,2549.125,1276.5777777777776,34.03959064327485,57,0,2539.75,2569.75,2558.5,2528.5,1251.5777777777776,1301.5777777777776
25,95,2579.125,1276.5777777777776,33.61732683982684,77,0,2569.75,2599.75,2588.5,2558.5,1251.5777777777776,1301.5777777777776
25,96,2609.125,1276.5777777777776,27.808783068783075,105,0,2599.75,2629.75,2618.5,2588.5,1251.5777777777776,1301.5777777777776
25,97,2639.125,1276.5777777777776,20.553622047244094,127,0,2629.75,2659.75,2648.5,2618.5,1251.5777777777776,1301.5777777777776
25,98,2669.125,1276.5777777777776,13.107984496124025,129,0,2659.75,2689.75,2678.5,2648.5,1251.5777777777776,1301.5777777777776
25,99,2699.125,1276.5777777777776,22.58733333333332,105,0,2689.75,2719.75,2708.5,2678.5,1251.5777777777776,1301.5777777777776
25,100,2729.125,1276.5777777777776,30.499242424242425,66,0,2719.75,2749.75,2738.5,2708.5,1251.5777777777776,1301.5777777777776
25,101,2759.125,1276.5777777777776,32.637468354430375,79,0,2749.75,2779.75,2768.5,2738.5,1251.5777777777776,1301.5777777777776
25,102,2789.125,1276.5777777777776,31.461285714285715,80,0,2779.75,2809.75,2798.5,2768.5,1251.5777777777776,1301.5777777777776
25,103,2819.125,1276.5777777777776,29.116047979797987,88,0,2809.75,2839.75,2828.5,2798.5,1251.5777777777776,1301.5777777777776
25,104,2849.125,1276.5777777777776,24.40770642201834,109,0,2839.75,2869.75,2858.5,2828.5,1251.5777777777776,1301.5777777777776
25,105,2879.125,1276.5777777777776,30.28619047619046,87,0,2869.75,2899.75,2888.5,2858.5,1251.5777777777776,1301.5777777777776
25,106,2909.125,1276.5777777777776,22.055261707988983,121,0,2899.75,2929.75,2918.5,2888.5,1251.5777777777776,1301.5777777777776
25,107,2939.125,1276.5777777777776,21.44651162790698,86,0,2929.75,2959.75,2948.5,2918.5,1251.5777777777776,1301.5777777777776
25,108,2969.125,1276.5777777777776,23.422479674796758,82,0,2959.75,2989.75,2978.5,2948.5,1251.5777777777776,1301.5777777777776
25,109,2999.125,1276.5777777777776,19.84448412698413,84,0,2989.75,3019.75,3008.5,2978.5,1251.5777777777776,1301.5777777777776
25,110,3029.125,1276.5777777777776,19.387424242424235,110,0,3019.75,3049.75,3038.5,3008.5,1251.5777777777776,1301.5777777777776
25,111,3059.125,1276.5777777777776,22.315364431486877,98,0,3049.75,3079.75,3068.5,3038.5,1251.5777777777776,1301.5777777777776
25,112,3089.125,1276.5777777777776,23.328514851485146,101,0,3079.75,3109.75,3098.5,3068.5,1251.5777777777776,1301.5777777777776
25,113,3119.125,1276.5777777777776,25.415108695652176,92,0,3109.75,3139.75,3128.5,3098.5,1251.5777777777776,1301.5777777777776
25,114,3149.125,1276.5777777777776,25.012628434886494,93,0,3139.75,3169.75,3158.5,3128.5,1251.5777777777776,1301.5777777777776
25,115,3179.125,1276.5777777777776,25.762608695652172,92,0,3169.75,3199.75,3188.5,3158.5,1251.5777777777776,1301.5777777777776
25,116,3209.125,1276.5777777777776,17.743699813258647,119,0,3199.75,3229.75,3218.5,3188.5,1251.5777777777776,1301.5777777777776
25,117,3239.125,1276.5777777777776,21.863723404255325,94,0,3229.75,3259.75,3248.5,3218.5,1251.5777777777776,1301.5777777777776
25,118,3269.125,1276.5777777777776,29.5256338028169,71,0,3259.75,3289.75,3278.5,3248.5,1251.5777777777776,1301.5777777777776
25,119,3299.125,1276.5777777777776,29.22486471861472,88,0,3289.75,3319.75,3308.5,3278.5,1251.5777777777776,1301.5777777777776
25,120,3329.125,1276.5777777777776,30.187532299741612,86,0,3319.75,3349.75,3338.5,3308.5,1251.5777777777776,1301.5777777777776
25,121,3359.125,1276.5777777777776,32.08948051948052,77,0,3349.75,3379.75,3368.5,3338.5,1251.5777777777776,1301.5777777777776
25,122,3389.125,1276.5777777777776,35.96028985507247,69,0,3379.75,3409.75,3398.5,3368.5,1251.5777777777776,1301.5777777777776
25,123,3419.125,1276.5777777777776,35.25893835616437,73,0,3409.75,3439.75,3428.5,3398.5,1251.5777777777776,1301.5777777777776
25,124,3449.125,1276.5777777777776,27.45644444444445,85,0,3439.75,3469.75,3458.5,3428.5,1251.5777777777776,1301.5777777777776
25,125,3479.125,1276.5777777777776,22.26747301587303,100,0,3469.75,3499.75,3488.5,3458.5,1251.5777777777776,1301.5777777777776
25,126,3509.125,1276.5777777777776,19.509824561403505,114,0,3499.75,3529.75,3518.5,3488.5,1251.5777777777776,1301.5777777777776
25,127,3539.125,1276.5777777777776,22.951469534050183,93,0,3529.75,3559.75,3548.5,3518.5,1251.5777777777776,1301.5777777777776
25,128,3569.125,1276.5777777777776,13.715360360360362,111,0,3559.75,3589.75,3578.5,3548.5,1251.5777777777776,1301.5777777777776
25,129,3599.125,1276.5777777777776,12.72571428571429,119,0,3589.75,3619.75,3608.5,3578.5,1251.5777777777776,1301.5777777777776
25,130,3629.125,1276.5777777777776,17.917137254901963,85,0,3619.75,3649.75,3638.5,3608.5,1251.5777777777776,1301.5777777777776
25,131,3659.125,1276.5777777777776,15.248799999999997,75,0,3649.75,3679.75,3668.5,3638.5,1251.5777777777776,1301.5777777777776
25,132,3689.125,1276.5777777777776,21.730389610389604,77,0,3679.75,3709.75,3698.5,3668.5,1251.5777777777776,1301.5777777777776
25,133,3719.125,1276.5777777777776,24.86225806451613,62,0,3709.75,3739.75,3728.5,3698.5,1251.5777777777776,1301.5777777777776
25,134,3749.125,1276.5777777777776,30.117794117647055,68,0,3739.75,3769.75,3758.5,3728.5,1251.5777777777776,1301.5777777777776
25,135,3779.125,1276.5777777777776,28.34117647058824,51,0,3769.75,3799.75,3788.5,3758.5,1251.5777777777776,1301.5777777777776
25,136,3809.125,1276.5777777777776,26.234516129032258,31,0,3799.75,3829.75,3818.5,3788.5,1251.5777777777776,1301.5777777777776
25,137,3839.125,1276.5777777777776,,0,0,3829.75,3859.75,3848.5,3818.5,1251.5777777777776,1301.5777777777776
25,138,3869.125,1276.5777777777776,,0,0,3859.75,3889.75,3878.5,3848.5,1251.5777777777776,1301.5777777777776
26,9,-12.125,1326.5777777777776,60.22,2,0,-21.5,8.5,-2.75,-32.75,1301.5777777777776,1351.5777777777776
26,10,17.875,1326.5777777777776,51.192777777777785,54,0,8.5,38.5,27.25,-2.75,1301.5777777777776,1351.5777777777776
26,11,47.875,1326.5777777777776,56.151666666666664,40,0,38.5,68.5,57.25,27.25,1301.5777777777776,1351.5777777777776
26,12,77.875,1326.5777777777776,59.64777777777777,36,0,68.5,98.5,87.25,57.25,1301.5777777777776,1351.5777777777776
26,13,107.875,1326.5777777777776,60.92964285714286,28,0,98.5,128.5,117.25,87.25,1301.5777777777776,1351.5777777777776
26,14,137.875,1326.5777777777776,60.20296296296299,27,0,128.5,158.5,147.25,117.25,1301.5777777777776,1351.5777777777776
26,15,167.875,1326.5777777777776,64.39789473684212,19,0,158.5,188.5,177.25,147.25,1301.5777777777776,1351.5777777777776
26,16,197.875,1326.5777777777776,53.876041666666644,48,0,188.5,218.5,207.25,177.25,1301.5777777777776,1351.5777777777776
26,17,227.875,1326.5777777777776,55.34977272727272,44,0,218.5,248.5,237.25,207.25,1301.5777777777776,1351.5777777777776
26,18,257.875,1326.5777777777776,58.68208333333334,48,0,248.5,278.5,267.25,237.25,1301.5777777777776,1351.5777777777776
26,19,287.875,1326.5777777777776,63.60086956521738,23,0,278.5,308.5,297.25,267.25,1301.5777777777776,1351.5777777777776
26,20,317.875,1326.5777777777776,67.63814814814815,27,0,308.5,338.5,327.25,297.25,1301.5777777777776,1351.5777777777776
26,21,347.875,1326.5777777777776,71.11333333333332,15,0,338.5,368.5,357.25,327.25,1301.5777777777776,1351.5777777777776
26,22,377.875,1326.5777777777776,63.35384615384615,26,0,368.5,398.5,387.25,357.25,1301.5777777777776,1351.5777777777776
26,23,407.875,1326.5777777777776,65.3370588235294,34,0,398.5,428.5,417.25,387.25,1301.5777777777776,1351.5777777777776
26,24,437.875,1326.5777777777776,70.36916666666666,24,0,428.5,458.5,447.25,417.25,1301.5777777777776,1351.5777777777776
26,25,467.875,1326.5777777777776,58.823055555555555,36,0,458.5,488.5,477.25,447.25,1301.5777777777776,1351.5777777777776
26,26,497.875,1326.5777777777776,59.086764705882345,34,0,488.5,518.5,507.25,477.25,1301.5777777777776,1351.5777777777776
26,27,527.875,1326.5777777777776,51.00346153846153,52,0,518.5,548.5,537.25,507.25,1301.5777777777776,1351.5777777777776
26,28,557.875,1326.5777777777776,47.87263157894739,57,0,548.5,578.5,567.25,537.25,1301.5777777777776,1351.5777777777776
26,29,587.875,1326.5777777777776,46.045666666666655,60,0,578.5,608.5,597.25,567.25,1301.5777777777776,1351.5777777777776
26,30,617.875,1326.5777777777776,50.84822222222221,45,0,608.5,638.5,627.25,597.25,1301.5777777777776,1351.5777777777776
26,31,647.875,1326.5777777777776,42.03885245901639,61,0,638.5,668.5,657.25,627.25,1301.5777777777776,1351.5777777777776
26,32,677.875,1326.5777777777776,53.56147058823528,34,0,668.5,698.5,687.25,657.25,1301.5777777777776,1351.5777777777776
26,33,707.875,1326.5777777777776,60.723636363636366,33,0,698.5,728.5,717.25,687.25,1301.5777777777776,1351.5777777777776
26,34,737.875,1326.5777777777776,54.70771428571428,35,0,728.5,758.5,747.25,717.25,1301.5777777777776,1351.5777777777776
26,35,767.875,1326.5777777777776,58.62270833333335,48,0,758.5,788.5,777.25,747.25,1301.5777777777776,1351.5777777777776
26,36,797.875,1326.5777777777776,60.121515151515155,33,0,788.5,818.5,807.25,777.25,1301.5777777777776,1351.5777777777776
26,37,827.875,1326.5777777777776,59.94799999999999,35,0,818.5,848.5,837.25,807.25,1301.5777777777776,1351.5777777777776
26,38,857.875,1326.5777777777776,52.11458333333334,48,0,848.5,878.5,867.25,837.25,1301.5777777777776,1351.5777777777776
26,39,887.875,1326.5777777777776,56.74581395348837,43,0,878.5,908.5,897.25,867.25,1301.5777777777776,1351.5777777777776
26,40,917.875,1326.5777777777776,57.88928571428572,28,0,908.5,938.5,927.25,897.25,1301.5777777777776,1351.5777777777776
26,41,947.875,1326.5777777777776,58.65611111111111,18,0,938.5,968.5,957.25,927.25,1301.5777777777776,1351.5777777777776
26,42,977.875,1326.5777777777776,55.902750000000005,40,0,968.5,998.5,987.25,957.25,1301.5777777777776,1351.5777777777776
26,43,1007.875,1326.5777777777776,58.26047619047617,42,0,998.5,1028.5,1017.25,987.25,1301.5777777777776,1351.5777777777776
26,44,1037.875,1326.5777777777776,56.04768707482993,49,0,1028.5,1058.5,1047.25,1017.25,1301.5777777777776,1351.5777777777776
26,45,1067.875,1326.5777777777776,55.937954545454545,44,0,1058.5,1088.5,1077.25,1047.25,1301.5777777777776,1351.5777777777776
26,46,1097.875,1326.5777777777776,52.479166666666664,48,0,1088.5,1118.5,1107.25,1077.25,1301.5777777777776,1351.5777777777776
26,47,1127.875,1326.5777777777776,42.89706896551726,58,0,1118.5,1148.5,1137.25,1107.25,1301.5777777777776,1351.5777777777776
26,48,1157.875,1326.5777777777776,43.14396551724138,58,0,1148.5,1178.5,1167.25,1137.25,1301.5777777777776,1351.5777777777776
26,49,1187.875,1326.5777777777776,36.85027027027027,74,0,1178.5,1208.5,1197.25,1167.25,1301.5777777777776,1351.5777777777776
26,50,1217.875,1326.5777777777776,40.55215686274509,51,0,1208.5,1238.5,1227.25,1197.25,1301.5777777777776,1351.5777777777776
26,51,1247.875,1326.5777777777776,36.97819672131148,61,0,1238.5,1268.5,1257.25,1227.25,1301.5777777777776,1351.5777777777776
26,52,1277.875,1326.5777777777776,30.931408450704225,71,0,1268.5,1298.5,1287.25,1257.25,1301.5777777777776,1351.5777777777776
26,53,1307.875,1326.5777777777776,33.962631578947374,57,0,1298.5,1328.5,1317.25,1287.25,1301.5777777777776,1351.5777777777776
26,54,1337.875,1326.5777777777776,31.913108108108112,74,0,1328.5,1358.5,1347.25,1317.25,1301.5777777777776,1351.5777777777776
26,55,1367.875,1326.5777777777776,34.852950819672145,61,0,1358.5,1388.5,1377.25,1347.25,1301.5777777777776,1351.5777777777776
26,56,1397.875,1326.5777777777776,36.550625,64,0,1388.5,1418.5,1407.25,1377.25,1301.5777777777776,1351.5777777777776
26,57,1427.875,1326.5777777777776,38.076862745098055,51,0,1418.5,1448.5,1437.25,1407.25,1301.5777777777776,1351.5777777777776
26,58,1457.875,1326.5777777777776,40.850000000000016,65,0,1448.5,1478.5,1467.25,1437.25,1301.5777777777776,1351.5777777777776
26,59,1487.875,1326.5777777777776,39.157361111111136,72,0,1478.5,1508.5,1497.25,1467.25,1301.5777777777776,1351.5777777777776
26,60,1517.875,1326.5777777777776,30.79299999999999,80,0,1508.5,1538.5,1527.25,1497.25,1301.5777777777776,1351.5777777777776
26,61,1547.875,1326.5777777777776,31.000263157894725,76,0,1538.5,1568.5,1557.25,1527.25,1301.5777777777776,1351.5777777777776
26,62,1577.875,1326.5777777777776,31.345970149253716,67,0,1568.5,1598.5,1587.25,1557.25,1301.5777777777776,1351.5777777777776
26,63,1607.875,1326.5777777777776,24.33926829268293,82,0,1598.5,1628.5,1617.25,1587.25,1301.5777777777776,1351.5777777777776
26,64,1637.875,1326.5777777777776,25.555512820512824,78,0,1628.5,1658.5,1647.25,1617.25,1301.5777777777776,1351.5777777777776
26,65,1667.875,1326.5777777777776,31.719078947368423,76,0,1658.5,1688.5,1677.25,1647.25,1301.5777777777776,1351.5777777777776
26,66,1697.875,1326.5777777777776,33.6120895522388,67,0,1688.5,1718.5,1707.25,1677.25,1301.5777777777776,1351.5777777777776
26,67,1727.875,1326.5777777777776,33.77705882352941,68,0,1718.5,1748.5,1737.25,1707.25,1301.5777777777776,1351.5777777777776
26,68,1757.875,1326.5777777777776,29.750400000000003,100,0,1748.5,1778.5,1767.25,1737.25,1301.5777777777776,1351.5777777777776
26,69,1787.875,1326.5777777777776,19.740934579439244,107,0,1778.5,1808.5,1797.25,1767.25,1301.5777777777776,1351.5777777777776
26,70,1817.875,1326.5777777777776,29.892124999999993,80,0,1808.5,1838.5,1827.25,1797.25,1301.5777777777776,1351.5777777777776
26,71,1847.875,1326.5777777777776,31.27516483516482,91,0,1838.5,1868.5,1857.25,1827.25,1301.5777777777776,1351.5777777777776
26,72,1877.875,1326.5777777777776,39.610784313725475,51,0,1868.5,1898.5,1887.25,1857.25,1301.5777777777776,1351.5777777777776
26,73,1907.875,1326.5777777777776,39.03958333333335,48,0,1898.5,1928.5,1917.25,1887.25,1301.5777777777776,1351.5777777777776
26,74,1937.875,1326.5777777777776,36.167419354838714,62,0,1928.5,1958.5,1947.25,1917.25,1301.5777777777776,1351.5777777777776
26,75,1967.875,1326.5777777777776,33.855138888888895,72,0,1958.5,1988.5,1977.25,1947.25,1301.5777777777776,1351.5777777777776
26,76,1997.875,1326.5777777777776,38.02660714285714,56,0,1988.5,2018.5,2007.25,1977.25,1301.5777777777776,1351.5777777777776
26,77,2027.875,1326.5777777777776,38.77897959183674,49,0,2018.5,2048.5,2037.25,2007.25,1301.5777777777776,1351.5777777777776
26,78,2057.875,1326.5777777777776,38.801111111111105,54,0,2048.5,2078.5,2067.25,2037.25,1301.5777777777776,1351.5777777777776
26,79,2087.875,1326.5777777777776,41.239629629629626,54,0,2078.5,2108.5,2097.25,2067.25,1301.5777777777776,1351.5777777777776
26,80,2117.875,1326.5777777777776,34.58089285714285,56,0,2108.5,2138.5,2127.25,2097.25,1301.5777777777776,1351.5777777777776
26,81,2147.875,1326.5777777777776,34.02795918367346,49,0,2138.5,2168.5,2157.25,2127.25,1301.5777777777776,1351.5777777777776
26,82,2177.875,1326.5777777777776,37.16473684210526,76,0,2168.5,2198.5,2187.25,2157.25,1301.5777777777776,1351.5777777777776
26,83,2207.875,1326.5777777777776,44.843265306122454,49,0,2198.5,2228.5,2217.25,2187.25,1301.5777777777776,1351.5777777777776
26,84,2237.875,1326.5777777777776,43.63290909090908,55,0,2228.5,2258.5,2247.25,2217.25,1301.5777777777776,1351.5777777777776
26,85,2267.875,1326.5777777777776,43.15333333333331,42,0,2258.5,2288.5,2277.25,2247.25,1301.5777777777776,1351.5777777777776
26,86,2297.875,1326.5777777777776,38.58580645161289,62,0,2288.5,2318.5,2307.25,2277.25,1301.5777777777776,1351.5777777777776
26,87,2327.875,1326.5777777777776,36.514333333333326,60,0,2318.5,2348.5,2337.25,2307.25,1301.5777777777776,1351.5777777777776
26,88,2357.875,1326.5777777777776,36.36708333333334,72,0,2348.5,2378.5,2367.25,2337.25,1301.5777777777776,1351.5777777777776
26,89,2387.875,1326.5777777777776,37.57903846153847,52,0,2378.5,2408.5,2397.25,2367.25,1301.5777777777776,1351.5777777777776
26,90,2417.875,1326.5777777777776,40.22574074074074,54,0,2408.5,2438.5,2427.25,2397.25,1301.5777777777776,1351.5777777777776
26,91,2447.875,1326.5777777777776,45.931777777777775,45,0,2438.5,2468.5,2457.25,2427.25,1301.5777777777776,1351.5777777777776
26,92,2477.875,1326.5777777777776,34.34890410958903,73,0,2468.5,2498.5,2487.25,2457.25,1301.5777777777776,1351.5777777777776
26,93,2507.875,1326.5777777777776,34.50500000000001,58,0,2498.5,2528.5,2517.25,2487.25,1301.5777777777776,1351.5777777777776
26,94,2537.875,1326.5777777777776,37.71081967213114,61,0,2528.5,2558.5,2547.25,2517.25,1301.5777777777776,1351.5777777777776
26,95,2567.875,1326.5777777777776,39.991250000000015,64,0,2558.5,2588.5,2577.25,2547.25,1301.5777777777776,1351.5777777777776
26,96,2597.875,1326.5777777777776,35.655066666666656,75,0,2588.5,2618.5,2607.25,2577.25,1301.5777777777776,1351.5777777777776
26,97,2627.875,1326.5777777777776,28.121509433962274,106,0,2618.5,2648.5,2637.25,2607.25,1301.5777777777776,1351.5777777777776
26,98,2657.875,1326.5777777777776,16.471063829787234,141,0,2648.5,2678.5,2667.25,2637.25,1301.5777777777776,1351.5777777777776
26,99,2687.875,1326.5777777777776,28.753733333333336,75,0,2678.5,2708.5,2697.25,2667.25,1301.5777777777776,1351.5777777777776
26,100,2717.875,1326.5777777777776,35.16201058201059,63,0,2708.5,2738.5,2727.25,2697.25,1301.5777777777776,1351.5777777777776
26,101,2747.875,1326.5777777777776,39.558269230769234,52,0,2738.5,2768.5,2757.25,2727.25,1301.5777777777776,1351.5777777777776
26,102,2777.875,1326.5777777777776,38.6067605633803,71,0,2768.5,2798.5,2787.25,2757.25,1301.5777777777776,1351.5777777777776
26,103,2807.875,1326.5777777777776,36.70169230769232,65,0,2798.5,2828.5,2817.25,2787.25,1301.5777777777776,1351.5777777777776
26,104,2837.875,1326.5777777777776,35.63414285714286,70,0,2828.5,2858.5,2847.25,2817.25,1301.5777777777776,1351.5777777777776
26,105,2867.875,1326.5777777777776,34.1154054054054,74,0,2858.5,2888.5,2877.25,2847.25,1301.5777777777776,1351.5777777777776
26,106,2897.875,1326.5777777777776,31.90721518987343,79,0,2888.5,2918.5,2907.25,2877.25,1301.5777777777776,1351.5777777777776
26,107,2927.875,1326.5777777777776,25.185977011494245,87,0,2918.5,2948.5,2937.25,2907.25,1301.5777777777776,1351.5777777777776
26,108,2957.875,1326.5777777777776,28.939868421052637,76,0,2948.5,2978.5,2967.25,2937.25,1301.5777777777776,1351.5777777777776
26,109,2987.875,1326.5777777777776,22.555357142857144,84,0,2978.5,3008.5,2997.25,2967.25,1301.5777777777776,1351.5777777777776
26,110,3017.875,1326.5777777777776,21.875749999999996,80,0,3008.5,3038.5,3027.25,2997.25,1301.5777777777776,1351.5777777777776
26,111,3047.875,1326.5777777777776,27.81238095238096,84,0,3038.5,3068.5,3057.25,3027.25,1301.5777777777776,1351.5777777777776
26,112,3077.875,1326.5777777777776,28.48492957746479,71,0,3068.5,3098.5,3087.25,3057.25,1301.5777777777776,1351.5777777777776
26,113,3107.875,1326.5777777777776,30.565999999999992,75,0,3098.5,3128.5,3117.25,3087.25,1301.5777777777776,1351.5777777777776
26,114,3137.875,1326.5777777777776,35.64349206349206,63,0,3128.5,3158.5,3147.25,3117.25,1301.5777777777776,1351.5777777777776
26,115,3167.875,1326.5777777777776,31.01348484848485,66,0,3158.5,3188.5,3177.25,3147.25,1301.5777777777776,1351.5777777777776
26,116,3197.875,1326.5777777777776,24.32933962264151,106,0,3188.5,3218.5,3207.25,3177.25,1301.5777777777776,1351.5777777777776
26,117,3227.875,1326.5777777777776,25.630833333333324,84,0,3218.5,3248.5,3237.25,3207.25,1301.5777777777776,1351.5777777777776
26,118,3257.875,1326.5777777777776,30.78070422535211,71,0,3248.5,3278.5,3267.25,3237.25,1301.5777777777776,1351.5777777777776
26,119,3287.875,1326.5777777777776,39.68120689655171,58,0,3278.5,3308.5,3297.25,3267.25,1301.5777777777776,1351.5777777777776
26,120,3317.875,1326.5777777777776,36.26133333333335,60,0,3308.5,3338.5,3327.25,3297.25,1301.5777777777776,1351.5777777777776
26,121,3347.875,1326.5777777777776,32.420945945945945,74,0,3338.5,3368.5,3357.25,3327.25,1301.5777777777776,1351.5777777777776
26,122,3377.875,1326.5777777777776,36.447887323943675,71,0,3368.5,3398.5,3387.25,3357.25,1301.5777777777776,1351.5777777777776
26,123,3407.875,1326.5777777777776,37.12129032258066,62,0,3398.5,3428.5,3417.25,3387.25,1301.5777777777776,1351.5777777777776
26,124,3437.875,1326.5777777777776,34.649701492537304,67,0,3428.5,3458.5,3447.25,3417.25,1301.5777777777776,1351.5777777777776
26,125,3467.875,1326.5777777777776,28.655217391304344,92,0,3458.5,3488.5,3477.25,3447.25,1301.5777777777776,1351.5777777777776
26,126,3497.875,1326.5777777777776,27.661690140845074,71,0,3488.5,3518.5,3507.25,3477.25,1301.5777777777776,1351.5777777777776
26,127,3527.875,1326.5777777777776,26.59280487804878,82,0,3518.5,3548.5,3537.25,3507.25,1301.5777777777776,1351.5777777777776
26,128,3557.875,1326.5777777777776,19.490180180180175,111,0,3548.5,3578.5,3567.25,3537.25,1301.5777777777776,1351.5777777777776
26,129,3587.875,1326.5777777777776,18.706941176470597,85,0,3578.5,3608.5,3597.25,3567.25,1301.5777777777776,1351.5777777777776
26,130,3617.875,1326.5777777777776,23.722054794520552,73,0,3608.5,3638.5,3627.25,3597.25,1301.5777777777776,1351.5777777777776
26,131,3647.875,1326.5777777777776,23.581194029850753,67,0,3638.5,3668.5,3657.25,3627.25,1301.5777777777776,1351.5777777777776
26,132,3677.875,1326.5777777777776,26.75472727272726,55,0,3668.5,3698.5,3687.25,3657.25,1301.5777777777776,1351.5777777777776
26,133,3707.875,1326.5777777777776,31.964821428571423,56,0,3698.5,3728.5,3717.25,3687.25,1301.5777777777776,1351.5777777777776
26,134,3737.875,1326.5777777777776,34.43881355932203,59,0,3728.5,3758.5,3747.25,3717.25,1301.5777777777776,1351.5777777777776
26,135,3767.875,1326.5777777777776,34.17566037735848,53,0,3758.5,3788.5,3777.25,3747.25,1301.5777777777776,1351.5777777777776
26,136,3797.875,1326.5777777777776,30.35833333333333,42,0,3788.5,3818.5,3807.25,3777.25,1301.5777777777776,1351.5777777777776
26,137,3827.875,1326.5777777777776,30.303999999999995,5,0,3818.5,3848.5,3837.25,3807.25,1301.5777777777776,1351.5777777777776
26,138,3857.875,1326.5777777777776,,0,0,3848.5,3878.5,3867.25,3837.25,1301.5777777777776,1351.5777777777776
26,139,3887.875,1326.5777777777776,,0,0,3878.5,3908.5,3897.25,3867.25,1301.5777777777776,1351.5777777777776
27,10,6.625,1376.5777777777776,51.0888,25,0,-2.75,27.25,16.0,-14.0,1351.5777777777776,1401.5777777777776
27,11,36.625,1376.5777777777776,50.97094339622642,53,0,27.25,57.25,46.0,16.0,1351.5777777777776,1401.5777777777776
27,12,66.625,1376.5777777777776,58.6361111111111,36,0,57.25,87.25,76.0,46.0,1351.5777777777776,1401.5777777777776
27,13,96.625,1376.5777777777776,57.89027777777777,36,0,87.25,117.25,106.0,76.0,1351.5777777777776,1401.5777777777776
27,14,126.625,1376.5777777777776,62.03307692307692,26,0,117.25,147.25,136.0,106.0,1351.5777777777776,1401.5777777777776
27,15,156.625,1376.5777777777776,60.80642857142857,28,0,147.25,177.25,166.0,136.0,1351.5777777777776,1401.5777777777776
27,16,186.625,1376.5777777777776,58.36761904761905,21,0,177.25,207.25,196.0,166.0,1351.5777777777776,1401.5777777777776
27,17,216.625,1376.5777777777776,51.99296296296298,54,0,207.25,237.25,226.0,196.0,1351.5777777777776,1401.5777777777776
27,18,246.625,1376.5777777777776,57.89512195121952,41,0,237.25,267.25,256.0,226.0,1351.5777777777776,1401.5777777777776
27,19,276.625,1376.5777777777776,57.84205882352941,34,0,267.25,297.25,286.0,256.0,1351.5777777777776,1401.5777777777776
27,20,306.625,1376.5777777777776,65.29884615384617,26,0,297.25,327.25,316.0,286.0,1351.5777777777776,1401.5777777777776
27,21,336.625,1376.5777777777776,69.88250000000001,20,0,327.25,357.25,346.0,316.0,1351.5777777777776,1401.5777777777776
27,22,366.625,1376.5777777777776,66.95349999999999,20,0,357.25,387.25,376.0,346.0,1351.5777777777776,1401.5777777777776
27,23,396.625,1376.5777777777776,63.53,36,0,387.25,417.25,406.0,376.0,1351.5777777777776,1401.5777777777776
27,24,426.625,1376.5777777777776,70.01166666666667,24,0,417.25,447.25,436.0,406.0,1351.5777777777776,1401.5777777777776
27,25,456.625,1376.5777777777776,60.82677419354839,31,0,447.25,477.25,466.0,436.0,1351.5777777777776,1401.5777777777776
27,26,486.625,1376.5777777777776,56.718536585365854,41,0,477.25,507.25,496.0,466.0,1351.5777777777776,1401.5777777777776
27,27,516.625,1376.5777777777776,54.26871794871796,39,0,507.25,537.25,526.0,496.0,1351.5777777777776,1401.5777777777776
27,28,546.625,1376.5777777777776,48.32566666666666,60,0,537.25,567.25,556.0,526.0,1351.5777777777776,1401.5777777777776
27,29,576.625,1376.5777777777776,44.083137254901956,51,0,567.25,597.25,586.0,556.0,1351.5777777777776,1401.5777777777776
27,30,606.625,1376.5777777777776,44.60315789473686,57,0,597.25,627.25,616.0,586.0,1351.5777777777776,1401.5777777777776
27,31,636.625,1376.5777777777776,47.25890909090909,55,0,627.25,657.25,646.0,616.0,1351.5777777777776,1401.5777777777776
27,32,666.625,1376.5777777777776,40.31285714285714,56,0,657.25,687.25,676.0,646.0,1351.5777777777776,1401.5777777777776
27,33,696.625,1376.5777777777776,61.56333333333333,33,0,687.25,717.25,706.0,676.0,1351.5777777777776,1401.5777777777776
27,34,726.625,1376.5777777777776,58.98076923076921,26,0,717.25,747.25,736.0,706.0,1351.5777777777776,1401.5777777777776
27,35,756.625,1376.5777777777776,55.58490566037736,53,0,747.25,777.25,766.0,736.0,1351.5777777777776,1401.5777777777776
27,36,786.625,1376.5777777777776,57.13973684210525,38,0,777.25,807.25,796.0,766.0,1351.5777777777776,1401.5777777777776
27,37,816.625,1376.5777777777776,57.92973684210525,38,0,807.25,837.25,826.0,796.0,1351.5777777777776,1401.5777777777776
27,38,846.625,1376.5777777777776,57.446428571428584,42,0,837.25,867.25,856.0,826.0,1351.5777777777776,1401.5777777777776
27,39,876.625,1376.5777777777776,51.28280000000001,50,0,867.25,897.25,886.0,856.0,1351.5777777777776,1401.5777777777776
27,40,906.625,1376.5777777777776,55.30809523809523,42,0,897.25,927.25,916.0,886.0,1351.5777777777776,1401.5777777777776
27,41,936.625,1376.5777777777776,57.80409090909091,22,0,927.25,957.25,946.0,916.0,1351.5777777777776,1401.5777777777776
27,42,966.625,1376.5777777777776,55.5664,25,0,957.25,987.25,976.0,946.0,1351.5777777777776,1401.5777777777776
27,43,996.625,1376.5777777777776,55.71953488372094,43,0,987.25,1017.25,1006.0,976.0,1351.5777777777776,1401.5777777777776
27,44,1026.625,1376.5777777777776,53.773673469387745,49,0,1017.25,1047.25,1036.0,1006.0,1351.5777777777776,1401.5777777777776
27,45,1056.625,1376.5777777777776,54.34037735849056,53,0,1047.25,1077.25,1066.0,1036.0,1351.5777777777776,1401.5777777777776
27,46,1086.625,1376.5777777777776,54.48878048780489,41,0,1077.25,1107.25,1096.0,1066.0,1351.5777777777776,1401.5777777777776
27,47,1116.625,1376.5777777777776,47.16672727272727,55,0,1107.25,1137.25,1126.0,1096.0,1351.5777777777776,1401.5777777777776
27,48,1146.625,1376.5777777777776,39.59700000000001,60,0,1137.25,1167.25,1156.0,1126.0,1351.5777777777776,1401.5777777777776
27,49,1176.625,1376.5777777777776,43.053207547169826,53,0,1167.25,1197.25,1186.0,1156.0,1351.5777777777776,1401.5777777777776
27,50,1206.625,1376.5777777777776,35.36587499999999,80,0,1197.25,1227.25,1216.0,1186.0,1351.5777777777776,1401.5777777777776
27,51,1236.625,1376.5777777777776,31.27818181818182,55,0,1227.25,1257.25,1246.0,1216.0,1351.5777777777776,1401.5777777777776
27,52,1266.625,1376.5777777777776,25.14743902439024,82,0,1257.25,1287.25,1276.0,1246.0,1351.5777777777776,1401.5777777777776
27,53,1296.625,1376.5777777777776,27.110166666666665,60,0,1287.25,1317.25,1306.0,1276.0,1351.5777777777776,1401.5777777777776
27,54,1326.625,1376.5777777777776,32.441250000000004,56,0,1317.25,1347.25,1336.0,1306.0,1351.5777777777776,1401.5777777777776
27,55,1356.625,1376.5777777777776,34.315454545454536,77,0,1347.25,1377.25,1366.0,1336.0,1351.5777777777776,1401.5777777777776
27,56,1386.625,1376.5777777777776,36.273,60,0,1377.25,1407.25,1396.0,1366.0,1351.5777777777776,1401.5777777777776
27,57,1416.625,1376.5777777777776,36.05206896551725,58,0,1407.25,1437.25,1426.0,1396.0,1351.5777777777776,1401.5777777777776
27,58,1446.625,1376.5777777777776,38.15964285714285,56,0,1437.25,1467.25,1456.0,1426.0,1351.5777777777776,1401.5777777777776
27,59,1476.625,1376.5777777777776,41.28944444444444,72,0,1467.25,1497.25,1486.0,1456.0,1351.5777777777776,1401.5777777777776
27,60,1506.625,1376.5777777777776,32.506231884057975,69,0,1497.25,1527.25,1516.0,1486.0,1351.5777777777776,1401.5777777777776
27,61,1536.625,1376.5777777777776,33.3927397260274,73,0,1527.25,1557.25,1546.0,1516.0,1351.5777777777776,1401.5777777777776
27,62,1566.625,1376.5777777777776,27.25835443037974,79,0,1557.25,1587.25,1576.0,1546.0,1351.5777777777776,1401.5777777777776
27,63,1596.625,1376.5777777777776,22.57055555555555,72,0,1587.25,1617.25,1606.0,1576.0,1351.5777777777776,1401.5777777777776
27,64,1626.625,1376.5777777777776,25.520253164556962,79,0,1617.25,1647.25,1636.0,1606.0,1351.5777777777776,1401.5777777777776
27,65,1656.625,1376.5777777777776,28.97929577464789,71,0,1647.25,1677.25,1666.0,1636.0,1351.5777777777776,1401.5777777777776
27,66,1686.625,1376.5777777777776,25.21081395348838,86,0,1677.25,1707.25,1696.0,1666.0,1351.5777777777776,1401.5777777777776
27,67,1716.625,1376.5777777777776,30.356029411764705,68,0,1707.25,1737.25,1726.0,1696.0,1351.5777777777776,1401.5777777777776
27,68,1746.625,1376.5777777777776,29.43876712328766,73,0,1737.25,1767.25,1756.0,1726.0,1351.5777777777776,1401.5777777777776
27,69,1776.625,1376.5777777777776,25.500823529411758,85,0,1767.25,1797.25,1786.0,1756.0,1351.5777777777776,1401.5777777777776
27,70,1806.625,1376.5777777777776,31.81934426229508,61,0,1797.25,1827.25,1816.0,1786.0,1351.5777777777776,1401.5777777777776
27,71,1836.625,1376.5777777777776,31.880144927536225,69,0,1827.25,1857.25,1846.0,1816.0,1351.5777777777776,1401.5777777777776
27,72,1866.625,1376.5777777777776,33.315675675675685,74,0,1857.25,1887.25,1876.0,1846.0,1351.5777777777776,1401.5777777777776
27,73,1896.625,1376.5777777777776,42.441333333333326,45,0,1887.25,1917.25,1906.0,1876.0,1351.5777777777776,1401.5777777777776
27,74,1926.625,1376.5777777777776,40.33416666666667,48,0,1917.25,1947.25,1936.0,1906.0,1351.5777777777776,1401.5777777777776
27,75,1956.625,1376.5777777777776,35.843766233766246,77,0,1947.25,1977.25,1966.0,1936.0,1351.5777777777776,1401.5777777777776
27,76,1986.625,1376.5777777777776,37.89741935483871,62,0,1977.25,2007.25,1996.0,1966.0,1351.5777777777776,1401.5777777777776
27,77,2016.625,1376.5777777777776,41.10530303030303,66,0,2007.25,2037.25,2026.0,1996.0,1351.5777777777776,1401.5777777777776
27,78,2046.625,1376.5777777777776,40.275471698113215,53,0,2037.25,2067.25,2056.0,2026.0,1351.5777777777776,1401.5777777777776
27,79,2076.625,1376.5777777777776,39.55935483870968,62,0,2067.25,2097.25,2086.0,2056.0,1351.5777777777776,1401.5777777777776
27,80,2106.625,1376.5777777777776,35.377377049180325,61,0,2097.25,2127.25,2116.0,2086.0,1351.5777777777776,1401.5777777777776
27,81,2136.625,1376.5777777777776,34.38515624999998,64,0,2127.25,2157.25,2146.0,2116.0,1351.5777777777776,1401.5777777777776
27,82,2166.625,1376.5777777777776,36.172769230769234,65,0,2157.25,2187.25,2176.0,2146.0,1351.5777777777776,1401.5777777777776
27,83,2196.625,1376.5777777777776,41.74333333333334,66,0,2187.25,2217.25,2206.0,2176.0,1351.5777777777776,1401.5777777777776
27,84,2226.625,1376.5777777777776,43.11044776119404,67,0,2217.25,2247.25,2236.0,2206.0,1351.5777777777776,1401.5777777777776
27,85,2256.625,1376.5777777777776,43.86915254237289,59,0,2247.25,2277.25,2266.0,2236.0,1351.5777777777776,1401.5777777777776
27,86,2286.625,1376.5777777777776,43.48716981132074,53,0,2277.25,2307.25,2296.0,2266.0,1351.5777777777776,1401.5777777777776
27,87,2316.625,1376.5777777777776,34.38013513513514,74,0,2307.25,2337.25,2326.0,2296.0,1351.5777777777776,1401.5777777777776
27,88,2346.625,1376.5777777777776,32.325,74,0,2337.25,2367.25,2356.0,2326.0,1351.5777777777776,1401.5777777777776
27,89,2376.625,1376.5777777777776,30.217361111111117,72,0,2367.25,2397.25,2386.0,2356.0,1351.5777777777776,1401.5777777777776
27,90,2406.625,1376.5777777777776,36.46428571428571,63,0,2397.25,2427.25,2416.0,2386.0,1351.5777777777776,1401.5777777777776
27,91,2436.625,1376.5777777777776,42.42435483870968,62,0,2427.25,2457.25,2446.0,2416.0,1351.5777777777776,1401.5777777777776
27,92,2466.625,1376.5777777777776,41.245272727272734,55,0,2457.25,2487.25,2476.0,2446.0,1351.5777777777776,1401.5777777777776
27,93,2496.625,1376.5777777777776,35.55543209876544,81,0,2487.25,2517.25,2506.0,2476.0,1351.5777777777776,1401.5777777777776
27,94,2526.625,1376.5777777777776,36.137808219178076,73,0,2517.25,2547.25,2536.0,2506.0,1351.5777777777776,1401.5777777777776
27,95,2556.625,1376.5777777777776,36.78338461538463,65,0,2547.25,2577.25,2566.0,2536.0,1351.5777777777776,1401.5777777777776
27,96,2586.625,1376.5777777777776,39.08837837837839,74,0,2577.25,2607.25,2596.0,2566.0,1351.5777777777776,1401.5777777777776
27,97,2616.625,1376.5777777777776,27.844230769230744,104,0,2607.25,2637.25,2626.0,2596.0,1351.5777777777776,1401.5777777777776
27,98,2646.625,1376.5777777777776,16.031344537815126,119,0,2637.25,2667.25,2656.0,2626.0,1351.5777777777776,1401.5777777777776
27,99,2676.625,1376.5777777777776,31.827733333333345,75,0,2667.25,2697.25,2686.0,2656.0,1351.5777777777776,1401.5777777777776
27,100,2706.625,1376.5777777777776,34.50410958904109,73,0,2697.25,2727.25,2716.0,2686.0,1351.5777777777776,1401.5777777777776
27,101,2736.625,1376.5777777777776,39.650461538461535,65,0,2727.25,2757.25,2746.0,2716.0,1351.5777777777776,1401.5777777777776
27,102,2766.625,1376.5777777777776,41.35194444444444,72,0,2757.25,2787.25,2776.0,2746.0,1351.5777777777776,1401.5777777777776
27,103,2796.625,1376.5777777777776,38.06647887323945,71,0,2787.25,2817.25,2806.0,2776.0,1351.5777777777776,1401.5777777777776
27,104,2826.625,1376.5777777777776,37.86408450704227,71,0,2817.25,2847.25,2836.0,2806.0,1351.5777777777776,1401.5777777777776
27,105,2856.625,1376.5777777777776,35.88784946236559,93,0,2847.25,2877.25,2866.0,2836.0,1351.5777777777776,1401.5777777777776
27,106,2886.625,1376.5777777777776,30.455567010309274,97,0,2877.25,2907.25,2896.0,2866.0,1351.5777777777776,1401.5777777777776
27,107,2916.625,1376.5777777777776,26.21542857142858,105,0,2907.25,2937.25,2926.0,2896.0,1351.5777777777776,1401.5777777777776
27,108,2946.625,1376.5777777777776,26.781529411764716,85,0,2937.25,2967.25,2956.0,2926.0,1351.5777777777776,1401.5777777777776
27,109,2976.625,1376.5777777777776,23.28349397590362,83,0,2967.25,2997.25,2986.0,2956.0,1351.5777777777776,1401.5777777777776
27,110,3006.625,1376.5777777777776,21.32189189189189,74,0,2997.25,3027.25,3016.0,2986.0,1351.5777777777776,1401.5777777777776
27,111,3036.625,1376.5777777777776,27.38576470588236,85,0,3027.25,3057.25,3046.0,3016.0,1351.5777777777776,1401.5777777777776
27,112,3066.625,1376.5777777777776,29.747402597402594,77,0,3057.25,3087.25,3076.0,3046.0,1351.5777777777776,1401.5777777777776
27,113,3096.625,1376.5777777777776,32.60187499999999,80,0,3087.25,3117.25,3106.0,3076.0,1351.5777777777776,1401.5777777777776
27,114,3126.625,1376.5777777777776,36.44614457831324,83,0,3117.25,3147.25,3136.0,3106.0,1351.5777777777776,1401.5777777777776
27,115,3156.625,1376.5777777777776,25.465913978494633,93,0,3147.25,3177.25,3166.0,3136.0,1351.5777777777776,1401.5777777777776
27,116,3186.625,1376.5777777777776,20.74461538461538,91,0,3177.25,3207.25,3196.0,3166.0,1351.5777777777776,1401.5777777777776
27,117,3216.625,1376.5777777777776,25.71968749999998,96,0,3207.25,3237.25,3226.0,3196.0,1351.5777777777776,1401.5777777777776
27,118,3246.625,1376.5777777777776,28.61691358024694,81,0,3237.25,3267.25,3256.0,3226.0,1351.5777777777776,1401.5777777777776
27,119,3276.625,1376.5777777777776,33.422948717948714,78,0,3267.25,3297.25,3286.0,3256.0,1351.5777777777776,1401.5777777777776
27,120,3306.625,1376.5777777777776,38.46923076923077,78,0,3297.25,3327.25,3316.0,3286.0,1351.5777777777776,1401.5777777777776
27,121,3336.625,1376.5777777777776,37.53416666666666,72,0,3327.25,3357.25,3346.0,3316.0,1351.5777777777776,1401.5777777777776
27,122,3366.625,1376.5777777777776,31.94024096385541,83,0,3357.25,3387.25,3376.0,3346.0,1351.5777777777776,1401.5777777777776
27,123,3396.625,1376.5777777777776,35.84350649350649,77,0,3387.25,3417.25,3406.0,3376.0,1351.5777777777776,1401.5777777777776
27,124,3426.625,1376.5777777777776,31.649512195121964,82,0,3417.25,3447.25,3436.0,3406.0,1351.5777777777776,1401.5777777777776
27,125,3456.625,1376.5777777777776,31.276582278481023,79,0,3447.25,3477.25,3466.0,3436.0,1351.5777777777776,1401.5777777777776
27,126,3486.625,1376.5777777777776,28.402417582417563,91,0,3477.25,3507.25,3496.0,3466.0,1351.5777777777776,1401.5777777777776
27,127,3516.625,1376.5777777777776,28.7836,75,0,3507.25,3537.25,3526.0,3496.0,1351.5777777777776,1401.5777777777776
27,128,3546.625,1376.5777777777776,20.4420618556701,97,0,3537.25,3567.25,3556.0,3526.0,1351.5777777777776,1401.5777777777776
27,129,3576.625,1376.5777777777776,20.233625000000004,80,0,3567.25,3597.25,3586.0,3556.0,1351.5777777777776,1401.5777777777776
27,130,3606.625,1376.5777777777776,25.742948717948714,78,0,3597.25,3627.25,3616.0,3586.0,1351.5777777777776,1401.5777777777776
27,131,3636.625,1376.5777777777776,25.31890625,64,0,3627.25,3657.25,3646.0,3616.0,1351.5777777777776,1401.5777777777776
27,132,3666.625,1376.5777777777776,29.426199999999998,50,0,3657.25,3687.25,3676.0,3646.0,1351.5777777777776,1401.5777777777776
27,133,3696.625,1376.5777777777776,30.344090909090905,66,0,3687.25,3717.25,3706.0,3676.0,1351.5777777777776,1401.5777777777776
27,134,3726.625,1376.5777777777776,27.444843750000008,64,0,3717.25,3747.25,3736.0,3706.0,1351.5777777777776,1401.5777777777776
27,135,3756.625,1376.5777777777776,28.56530864197532,81,0,3747.25,3777.25,3766.0,3736.0,1351.5777777777776,1401.5777777777776
27,136,3786.625,1376.5777777777776,31.57961538461539,52,0,3777.25,3807.25,3796.0,3766.0,1351.5777777777776,1401.5777777777776
27,137,3816.625,1376.5777777777776,35.55724137931034,29,0,3807.25,3837.25,3826.0,3796.0,1351.5777777777776,1401.5777777777776
27,138,3846.625,1376.5777777777776,,0,0,3837.25,3867.25,3856.0,3826.0,1351.5777777777776,1401.5777777777776
27,139,3876.625,1376.5777777777776,,0,0,3867.25,3897.25,3886.0,3856.0,1351.5777777777776,1401.5777777777776
28,10,-4.625,1426.5777777777776,60.135000000000005,2,0,-14.0,16.0,4.75,-25.25,1401.5777777777776,1451.5777777777776
28,11,25.375,1426.5777777777776,50.11964912280702,57,0,16.0,46.0,34.75,4.75,1401.5777777777776,1451.5777777777776
28,12,55.375,1426.5777777777776,52.696279069767435,43,0,46.0,76.0,64.75,34.75,1401.5777777777776,1451.5777777777776
28,13,85.375,1426.5777777777776,57.04432432432432,37,0,76.0,106.0,94.75,64.75,1401.5777777777776,1451.5777777777776
28,14,115.375,1426.5777777777776,59.48964285714284,28,0,106.0,136.0,124.75,94.75,1401.5777777777776,1451.5777777777776
28,15,145.375,1426.5777777777776,59.280666666666654,30,0,136.0,166.0,154.75,124.75,1401.5777777777776,1451.5777777777776
28,16,175.375,1426.5777777777776,64.0957894736842,19,0,166.0,196.0,184.75,154.75,1401.5777777777776,1451.5777777777776
28,17,205.375,1426.5777777777776,53.47279069767442,43,0,196.0,226.0,214.75,184.75,1401.5777777777776,1451.5777777777776
28,18,235.375,1426.5777777777776,52.472941176470606,51,0,226.0,256.0,244.75,214.75,1401.5777777777776,1451.5777777777776
28,19,265.375,1426.5777777777776,55.318000000000005,50,0,256.0,286.0,274.75,244.75,1401.5777777777776,1451.5777777777776
28,20,295.375,1426.5777777777776,60.99142857142857,28,0,286.0,316.0,304.75,274.75,1401.5777777777776,1451.5777777777776
28,21,325.375,1426.5777777777776,67.9876923076923,26,0,316.0,346.0,334.75,304.75,1401.5777777777776,1451.5777777777776
28,22,355.375,1426.5777777777776,70.48266666666667,15,0,346.0,376.0,364.75,334.75,1401.5777777777776,1451.5777777777776
28,23,385.375,1426.5777777777776,66.06279999999998,25,0,376.0,406.0,394.75,364.75,1401.5777777777776,1451.5777777777776
28,24,415.375,1426.5777777777776,63.413243243243244,37,0,406.0,436.0,424.75,394.75,1401.5777777777776,1451.5777777777776
28,25,445.375,1426.5777777777776,68.58076923076922,26,0,436.0,466.0,454.75,424.75,1401.5777777777776,1451.5777777777776
28,26,475.375,1426.5777777777776,57.676,40,0,466.0,496.0,484.75,454.75,1401.5777777777776,1451.5777777777776
28,27,505.375,1426.5777777777776,57.33514285714284,35,0,496.0,526.0,514.75,484.75,1401.5777777777776,1451.5777777777776
28,28,535.375,1426.5777777777776,50.02436363636363,55,0,526.0,556.0,544.75,514.75,1401.5777777777776,1451.5777777777776
28,29,565.375,1426.5777777777776,46.15232142857142,56,0,556.0,586.0,574.75,544.75,1401.5777777777776,1451.5777777777776
28,30,595.375,1426.5777777777776,42.32245901639343,61,0,586.0,616.0,604.75,574.75,1401.5777777777776,1451.5777777777776
28,31,625.375,1426.5777777777776,48.4546,50,0,616.0,646.0,634.75,604.75,1401.5777777777776,1451.5777777777776
28,32,655.375,1426.5777777777776,42.16299999999999,60,0,646.0,676.0,664.75,634.75,1401.5777777777776,1451.5777777777776
28,33,685.375,1426.5777777777776,46.76405405405406,37,0,676.0,706.0,694.75,664.75,1401.5777777777776,1451.5777777777776
28,34,715.375,1426.5777777777776,62.615483870967736,31,0,706.0,736.0,724.75,694.75,1401.5777777777776,1451.5777777777776
28,35,745.375,1426.5777777777776,56.04,36,0,736.0,766.0,754.75,724.75,1401.5777777777776,1451.5777777777776
28,36,775.375,1426.5777777777776,56.19819999999997,50,0,766.0,796.0,784.75,754.75,1401.5777777777776,1451.5777777777776
28,37,805.375,1426.5777777777776,59.15242424242424,33,0,796.0,826.0,814.75,784.75,1401.5777777777776,1451.5777777777776
28,38,835.375,1426.5777777777776,56.6454054054054,37,0,826.0,856.0,844.75,814.75,1401.5777777777776,1451.5777777777776
28,39,865.375,1426.5777777777776,51.9984090909091,44,0,856.0,886.0,874.75,844.75,1401.5777777777776,1451.5777777777776
28,40,895.375,1426.5777777777776,51.72208333333335,48,0,886.0,916.0,904.75,874.75,1401.5777777777776,1451.5777777777776
28,41,925.375,1426.5777777777776,57.39629629629629,27,0,916.0,946.0,934.75,904.75,1401.5777777777776,1451.5777777777776
28,42,955.375,1426.5777777777776,56.718421052631584,19,0,946.0,976.0,964.75,934.75,1401.5777777777776,1451.5777777777776
28,43,985.375,1426.5777777777776,55.751999999999995,40,0,976.0,1006.0,994.75,964.75,1401.5777777777776,1451.5777777777776
28,44,1015.375,1426.5777777777776,53.93641025641024,39,0,1006.0,1036.0,1024.75,994.75,1401.5777777777776,1451.5777777777776
28,45,1045.375,1426.5777777777776,52.88000000000002,51,0,1036.0,1066.0,1054.75,1024.75,1401.5777777777776,1451.5777777777776
28,46,1075.375,1426.5777777777776,52.53425,40,0,1066.0,1096.0,1084.75,1054.75,1401.5777777777776,1451.5777777777776
28,47,1105.375,1426.5777777777776,50.61234042553191,47,0,1096.0,1126.0,1114.75,1084.75,1401.5777777777776,1451.5777777777776
28,48,1135.375,1426.5777777777776,43.81916666666668,48,0,1126.0,1156.0,1144.75,1114.75,1401.5777777777776,1451.5777777777776
28,49,1165.375,1426.5777777777776,42.86854545454545,55,0,1156.0,1186.0,1174.75,1144.75,1401.5777777777776,1451.5777777777776
28,50,1195.375,1426.5777777777776,40.745,60,0,1186.0,1216.0,1204.75,1174.75,1401.5777777777776,1451.5777777777776
28,51,1225.375,1426.5777777777776,28.90180555555556,72,0,1216.0,1246.0,1234.75,1204.75,1401.5777777777776,1451.5777777777776
28,52,1255.375,1426.5777777777776,27.56111111111112,63,0,1246.0,1276.0,1264.75,1234.75,1401.5777777777776,1451.5777777777776
28,53,1285.375,1426.5777777777776,29.15828125,64,0,1276.0,1306.0,1294.75,1264.75,1401.5777777777776,1451.5777777777776
28,54,1315.375,1426.5777777777776,37.41395833333334,48,0,1306.0,1336.0,1324.75,1294.75,1401.5777777777776,1451.5777777777776
28,55,1345.375,1426.5777777777776,35.53362068965518,58,0,1336.0,1366.0,1354.75,1324.75,1401.5777777777776,1451.5777777777776
28,56,1375.375,1426.5777777777776,34.077611940298496,67,0,1366.0,1396.0,1384.75,1354.75,1401.5777777777776,1451.5777777777776
28,57,1405.375,1426.5777777777776,35.07260869565216,69,0,1396.0,1426.0,1414.75,1384.75,1401.5777777777776,1451.5777777777776
28,58,1435.375,1426.5777777777776,34.2906779661017,59,0,1426.0,1456.0,1444.75,1414.75,1401.5777777777776,1451.5777777777776
28,59,1465.375,1426.5777777777776,36.965714285714284,77,0,1456.0,1486.0,1474.75,1444.75,1401.5777777777776,1451.5777777777776
28,60,1495.375,1426.5777777777776,32.359537037037036,81,0,1486.0,1516.0,1504.75,1474.75,1401.5777777777776,1451.5777777777776
28,61,1525.375,1426.5777777777776,31.80229729729729,74,0,1516.0,1546.0,1534.75,1504.75,1401.5777777777776,1451.5777777777776
28,62,1555.375,1426.5777777777776,31.165,76,0,1546.0,1576.0,1564.75,1534.75,1401.5777777777776,1451.5777777777776
28,63,1585.375,1426.5777777777776,22.363164556962026,79,0,1576.0,1606.0,1594.75,1564.75,1401.5777777777776,1451.5777777777776
28,64,1615.375,1426.5777777777776,25.481014492753623,69,0,1606.0,1636.0,1624.75,1594.75,1401.5777777777776,1451.5777777777776
28,65,1645.375,1426.5777777777776,30.618805970149253,67,0,1636.0,1666.0,1654.75,1624.75,1401.5777777777776,1451.5777777777776
28,66,1675.375,1426.5777777777776,27.884054054054054,74,0,1666.0,1696.0,1684.75,1654.75,1401.5777777777776,1451.5777777777776
28,67,1705.375,1426.5777777777776,32.164545454545454,66,0,1696.0,1726.0,1714.75,1684.75,1401.5777777777776,1451.5777777777776
28,68,1735.375,1426.5777777777776,33.03809523809523,63,0,1726.0,1756.0,1744.75,1714.75,1401.5777777777776,1451.5777777777776
28,69,1765.375,1426.5777777777776,32.91859375,64,0,1756.0,1786.0,1774.75,1744.75,1401.5777777777776,1451.5777777777776
28,70,1795.375,1426.5777777777776,33.62772222222222,60,0,1786.0,1816.0,1804.75,1774.75,1401.5777777777776,1451.5777777777776
28,71,1825.375,1426.5777777777776,37.185254237288135,59,0,1816.0,1846.0,1834.75,1804.75,1401.5777777777776,1451.5777777777776
28,72,1855.375,1426.5777777777776,34.19728571428572,70,0,1846.0,1876.0,1864.75,1834.75,1401.5777777777776,1451.5777777777776
28,73,1885.375,1426.5777777777776,38.81821428571429,56,0,1876.0,1906.0,1894.75,1864.75,1401.5777777777776,1451.5777777777776
28,74,1915.375,1426.5777777777776,42.985869565217385,46,0,1906.0,1936.0,1924.75,1894.75,1401.5777777777776,1451.5777777777776
28,75,1945.375,1426.5777777777776,39.66943396226415,53,0,1936.0,1966.0,1954.75,1924.75,1401.5777777777776,1451.5777777777776
28,76,1975.375,1426.5777777777776,38.14666666666666,60,0,1966.0,1996.0,1984.75,1954.75,1401.5777777777776,1451.5777777777776
28,77,2005.375,1426.5777777777776,43.39686274509803,51,0,1996.0,2026.0,2014.75,1984.75,1401.5777777777776,1451.5777777777776
28,78,2035.375,1426.5777777777776,43.71021739130435,46,0,2026.0,2056.0,2044.75,2014.75,1401.5777777777776,1451.5777777777776
28,79,2065.375,1426.5777777777776,41.02918367346938,49,0,2056.0,2086.0,2074.75,2044.75,1401.5777777777776,1451.5777777777776
28,80,2095.375,1426.5777777777776,38.45169811320755,53,0,2086.0,2116.0,2104.75,2074.75,1401.5777777777776,1451.5777777777776
28,81,2125.375,1426.5777777777776,36.168363636363644,55,0,2116.0,2146.0,2134.75,2104.75,1401.5777777777776,1451.5777777777776
28,82,2155.375,1426.5777777777776,35.692708333333336,48,0,2146.0,2176.0,2164.75,2134.75,1401.5777777777776,1451.5777777777776
28,83,2185.375,1426.5777777777776,39.8071875,64,0,2176.0,2206.0,2194.75,2164.75,1401.5777777777776,1451.5777777777776
28,84,2215.375,1426.5777777777776,43.5221818181818,55,0,2206.0,2236.0,2224.75,2194.75,1401.5777777777776,1451.5777777777776
28,85,2245.375,1426.5777777777776,42.811052631578946,57,0,2236.0,2266.0,2254.75,2224.75,1401.5777777777776,1451.5777777777776
28,86,2275.375,1426.5777777777776,45.65,36,0,2266.0,2296.0,2284.75,2254.75,1401.5777777777776,1451.5777777777776
28,87,2305.375,1426.5777777777776,42.48019607843137,51,0,2296.0,2326.0,2314.75,2284.75,1401.5777777777776,1451.5777777777776
28,88,2335.375,1426.5777777777776,35.954166666666666,60,0,2326.0,2356.0,2344.75,2314.75,1401.5777777777776,1451.5777777777776
28,89,2365.375,1426.5777777777776,33.044354838709694,62,0,2356.0,2386.0,2374.75,2344.75,1401.5777777777776,1451.5777777777776
28,90,2395.375,1426.5777777777776,36.07473684210527,57,0,2386.0,2416.0,2404.75,2374.75,1401.5777777777776,1451.5777777777776
28,91,2425.375,1426.5777777777776,37.82428571428572,56,0,2416.0,2446.0,2434.75,2404.75,1401.5777777777776,1451.5777777777776
28,92,2455.375,1426.5777777777776,46.66444444444445,54,0,2446.0,2476.0,2464.75,2434.75,1401.5777777777776,1451.5777777777776
28,93,2485.375,1426.5777777777776,37.49603174603173,63,0,2476.0,2506.0,2494.75,2464.75,1401.5777777777776,1451.5777777777776
28,94,2515.375,1426.5777777777776,35.10641791044775,67,0,2506.0,2536.0,2524.75,2494.75,1401.5777777777776,1451.5777777777776
28,95,2545.375,1426.5777777777776,35.68906249999999,64,0,2536.0,2566.0,2554.75,2524.75,1401.5777777777776,1451.5777777777776
28,96,2575.375,1426.5777777777776,37.41830985915493,71,0,2566.0,2596.0,2584.75,2554.75,1401.5777777777776,1451.5777777777776
28,97,2605.375,1426.5777777777776,28.853736263736263,91,0,2596.0,2626.0,2614.75,2584.75,1401.5777777777776,1451.5777777777776
28,98,2635.375,1426.5777777777776,19.236176470588244,102,0,2626.0,2656.0,2644.75,2614.75,1401.5777777777776,1451.5777777777776
28,99,2665.375,1426.5777777777776,34.19728571428571,70,0,2656.0,2686.0,2674.75,2644.75,1401.5777777777776,1451.5777777777776
28,100,2695.375,1426.5777777777776,39.05293103448276,58,0,2686.0,2716.0,2704.75,2674.75,1401.5777777777776,1451.5777777777776
28,101,2725.375,1426.5777777777776,39.82766666666668,60,0,2716.0,2746.0,2734.75,2704.75,1401.5777777777776,1451.5777777777776
28,102,2755.375,1426.5777777777776,43.820600000000006,50,0,2746.0,2776.0,2764.75,2734.75,1401.5777777777776,1451.5777777777776
28,103,2785.375,1426.5777777777776,42.9215625,64,0,2776.0,2806.0,2794.75,2764.75,1401.5777777777776,1451.5777777777776
28,104,2815.375,1426.5777777777776,37.590746268656716,67,0,2806.0,2836.0,2824.75,2794.75,1401.5777777777776,1451.5777777777776
28,105,2845.375,1426.5777777777776,38.04539682539682,63,0,2836.0,2866.0,2854.75,2824.75,1401.5777777777776,1451.5777777777776
28,106,2875.375,1426.5777777777776,30.537840909090917,88,0,2866.0,2896.0,2884.75,2854.75,1401.5777777777776,1451.5777777777776
28,107,2905.375,1426.5777777777776,23.811891891891896,111,0,2896.0,2926.0,2914.75,2884.75,1401.5777777777776,1451.5777777777776
28,108,2935.375,1426.5777777777776,21.092672413793107,116,0,2926.0,2956.0,2944.75,2914.75,1401.5777777777776,1451.5777777777776
28,109,2965.375,1426.5777777777776,25.684691358024697,81,0,2956.0,2986.0,2974.75,2944.75,1401.5777777777776,1451.5777777777776
28,110,2995.375,1426.5777777777776,30.265964912280705,57,0,2986.0,3016.0,3004.75,2974.75,1401.5777777777776,1451.5777777777776
28,111,3025.375,1426.5777777777776,32.13068965517241,58,0,3016.0,3046.0,3034.75,3004.75,1401.5777777777776,1451.5777777777776
28,112,3055.375,1426.5777777777776,33.41383561643837,73,0,3046.0,3076.0,3064.75,3034.75,1401.5777777777776,1451.5777777777776
28,113,3085.375,1426.5777777777776,31.41850746268658,67,0,3076.0,3106.0,3094.75,3064.75,1401.5777777777776,1451.5777777777776
28,114,3115.375,1426.5777777777776,32.66086419753087,81,0,3106.0,3136.0,3124.75,3094.75,1401.5777777777776,1451.5777777777776
28,115,3145.375,1426.5777777777776,26.120967741935488,93,0,3136.0,3166.0,3154.75,3124.75,1401.5777777777776,1451.5777777777776
28,116,3175.375,1426.5777777777776,26.223692307692307,65,0,3166.0,3196.0,3184.75,3154.75,1401.5777777777776,1451.5777777777776
28,117,3205.375,1426.5777777777776,32.0334328358209,67,0,3196.0,3226.0,3214.75,3184.75,1401.5777777777776,1451.5777777777776
28,118,3235.375,1426.5777777777776,31.171944444444435,72,0,3226.0,3256.0,3244.75,3214.75,1401.5777777777776,1451.5777777777776
28,119,3265.375,1426.5777777777776,30.591898734177217,79,0,3256.0,3286.0,3274.75,3244.75,1401.5777777777776,1451.5777777777776
28,120,3295.375,1426.5777777777776,33.68531645569619,79,0,3286.0,3316.0,3304.75,3274.75,1401.5777777777776,1451.5777777777776
28,121,3325.375,1426.5777777777776,36.196363636363635,66,0,3316.0,3346.0,3334.75,3304.75,1401.5777777777776,1451.5777777777776
28,122,3355.375,1426.5777777777776,37.502424242424226,66,0,3346.0,3376.0,3364.75,3334.75,1401.5777777777776,1451.5777777777776
28,123,3385.375,1426.5777777777776,34.704520547945194,73,0,3376.0,3406.0,3394.75,3364.75,1401.5777777777776,1451.5777777777776
28,124,3415.375,1426.5777777777776,34.690615384615384,65,0,3406.0,3436.0,3424.75,3394.75,1401.5777777777776,1451.5777777777776
28,125,3445.375,1426.5777777777776,29.7528947368421,76,0,3436.0,3466.0,3454.75,3424.75,1401.5777777777776,1451.5777777777776
28,126,3475.375,1426.5777777777776,28.373647058823515,85,0,3466.0,3496.0,3484.75,3454.75,1401.5777777777776,1451.5777777777776
28,127,3505.375,1426.5777777777776,28.03249999999999,72,0,3496.0,3526.0,3514.75,3484.75,1401.5777777777776,1451.5777777777776
28,128,3535.375,1426.5777777777776,25.02974025974026,77,0,3526.0,3556.0,3544.75,3514.75,1401.5777777777776,1451.5777777777776
28,129,3565.375,1426.5777777777776,22.407594936708865,79,0,3556.0,3586.0,3574.75,3544.75,1401.5777777777776,1451.5777777777776
28,130,3595.375,1426.5777777777776,27.032903225806443,62,0,3586.0,3616.0,3604.75,3574.75,1401.5777777777776,1451.5777777777776
28,131,3625.375,1426.5777777777776,29.392833333333332,60,0,3616.0,3646.0,3634.75,3604.75,1401.5777777777776,1451.5777777777776
28,132,3655.375,1426.5777777777776,32.86355555555556,45,0,3646.0,3676.0,3664.75,3634.75,1401.5777777777776,1451.5777777777776
28,133,3685.375,1426.5777777777776,31.877333333333333,45,0,3676.0,3706.0,3694.75,3664.75,1401.5777777777776,1451.5777777777776
28,134,3715.375,1426.5777777777776,24.304354838709674,62,0,3706.0,3736.0,3724.75,3694.75,1401.5777777777776,1451.5777777777776
28,135,3745.375,1426.5777777777776,29.258499999999994,60,0,3736.0,3766.0,3754.75,3724.75,1401.5777777777776,1451.5777777777776
28,136,3775.375,1426.5777777777776,32.067666666666675,60,0,3766.0,3796.0,3784.75,3754.75,1401.5777777777776,1451.5777777777776
28,137,3805.375,1426.5777777777776,34.620999999999995,40,0,3796.0,3826.0,3814.75,3784.75,1401.5777777777776,1451.5777777777776
28,138,3835.375,1426.5777777777776,39.975,6,0,3826.0,3856.0,3844.75,3814.75,1401.5777777777776,1451.5777777777776
28,139,3865.375,1426.5777777777776,,0,0,3856.0,3886.0,3874.75,3844.75,1401.5777777777776,1451.5777777777776
28,140,3895.375,1426.5777777777776,,0,0,3886.0,3916.0,3904.75,3874.75,1401.5777777777776,1451.5777777777776
29,10,-15.875,1476.5777777777776,,0,0,-25.25,4.75,-6.5,-36.5,1451.5777777777776,1501.5777777777776
29,11,14.125,1476.5777777777776,53.35655172413793,29,0,4.75,34.75,23.5,-6.5,1451.5777777777776,1501.5777777777776
29,12,44.125,1476.5777777777776,49.84709677419353,62,0,34.75,64.75,53.5,23.5,1451.5777777777776,1501.5777777777776
29,13,74.125,1476.5777777777776,55.91454545454545,44,0,64.75,94.75,83.5,53.5,1451.5777777777776,1501.5777777777776
29,14,104.125,1476.5777777777776,54.15377260981911,43,0,94.75,124.75,113.5,83.5,1451.5777777777776,1501.5777777777776
29,15,134.125,1476.5777777777776,60.00500000000001,30,0,124.75,154.75,143.5,113.5,1451.5777777777776,1501.5777777777776
29,16,164.125,1476.5777777777776,60.01718750000002,32,0,154.75,184.75,173.5,143.5,1451.5777777777776,1501.5777777777776
29,17,194.125,1476.5777777777776,58.420869565217394,23,0,184.75,214.75,203.5,173.5,1451.5777777777776,1501.5777777777776
29,18,224.125,1476.5777777777776,52.21240000000001,50,0,214.75,244.75,233.5,203.5,1451.5777777777776,1501.5777777777776
29,19,254.125,1476.5777777777776,53.66792452830188,53,0,244.75,274.75,263.5,233.5,1451.5777777777776,1501.5777777777776
29,20,284.125,1476.5777777777776,53.19309523809523,42,0,274.75,304.75,293.5,263.5,1451.5777777777776,1501.5777777777776
29,21,314.125,1476.5777777777776,65.73107142857144,28,0,304.75,334.75,323.5,293.5,1451.5777777777776,1501.5777777777776
29,22,344.125,1476.5777777777776,71.7935,20,0,334.75,364.75,353.5,323.5,1451.5777777777776,1501.5777777777776
29,23,374.125,1476.5777777777776,65.83789473684212,19,0,364.75,394.75,383.5,353.5,1451.5777777777776,1501.5777777777776
29,24,404.125,1476.5777777777776,65.07939393939392,33,0,394.75,424.75,413.5,383.5,1451.5777777777776,1501.5777777777776
29,25,434.125,1476.5777777777776,69.3934375,32,0,424.75,454.75,443.5,413.5,1451.5777777777776,1501.5777777777776
29,26,464.125,1476.5777777777776,61.17437499999999,32,0,454.75,484.75,473.5,443.5,1451.5777777777776,1501.5777777777776
29,27,494.125,1476.5777777777776,57.139702380952386,42,0,484.75,514.75,503.5,473.5,1451.5777777777776,1501.5777777777776
29,28,524.125,1476.5777777777776,56.54142857142856,35,0,514.75,544.75,533.5,503.5,1451.5777777777776,1501.5777777777776
29,29,554.125,1476.5777777777776,47.89566666666667,60,0,544.75,574.75,563.5,533.5,1451.5777777777776,1501.5777777777776
29,30,584.125,1476.5777777777776,46.392745098039214,51,0,574.75,604.75,593.5,563.5,1451.5777777777776,1501.5777777777776
29,31,614.125,1476.5777777777776,42.638750000000016,56,0,604.75,634.75,623.5,593.5,1451.5777777777776,1501.5777777777776
29,32,644.125,1476.5777777777776,48.855686274509786,51,0,634.75,664.75,653.5,623.5,1451.5777777777776,1501.5777777777776
29,33,674.125,1476.5777777777776,42.598421052631586,57,0,664.75,694.75,683.5,653.5,1451.5777777777776,1501.5777777777776
29,34,704.125,1476.5777777777776,61.498108108108106,37,0,694.75,724.75,713.5,683.5,1451.5777777777776,1501.5777777777776
29,35,734.125,1476.5777777777776,60.76730769230771,26,0,724.75,754.75,743.5,713.5,1451.5777777777776,1501.5777777777776
29,36,764.125,1476.5777777777776,55.86730769230769,52,0,754.75,784.75,773.5,743.5,1451.5777777777776,1501.5777777777776
29,37,794.125,1476.5777777777776,59.05526315789472,38,0,784.75,814.75,803.5,773.5,1451.5777777777776,1501.5777777777776
29,38,824.125,1476.5777777777776,58.03027027027028,37,0,814.75,844.75,833.5,803.5,1451.5777777777776,1501.5777777777776
29,39,854.125,1476.5777777777776,55.768095238095235,42,0,844.75,874.75,863.5,833.5,1451.5777777777776,1501.5777777777776
29,40,884.125,1476.5777777777776,52.01925925925926,54,0,874.75,904.75,893.5,863.5,1451.5777777777776,1501.5777777777776
29,41,914.125,1476.5777777777776,52.95571428571428,42,0,904.75,934.75,923.5,893.5,1451.5777777777776,1501.5777777777776
29,42,944.125,1476.5777777777776,58.7309090909091,22,0,934.75,964.75,953.5,923.5,1451.5777777777776,1501.5777777777776
29,43,974.125,1476.5777777777776,56.63000000000001,26,0,964.75,994.75,983.5,953.5,1451.5777777777776,1501.5777777777776
29,44,1004.125,1476.5777777777776,54.80139534883721,43,0,994.75,1024.75,1013.5,983.5,1451.5777777777776,1501.5777777777776
29,45,1034.125,1476.5777777777776,53.457333333333345,45,0,1024.75,1054.75,1043.5,1013.5,1451.5777777777776,1501.5777777777776
29,46,1064.125,1476.5777777777776,53.188510638297885,47,0,1054.75,1084.75,1073.5,1043.5,1451.5777777777776,1501.5777777777776
29,47,1094.125,1476.5777777777776,54.913783783783785,37,0,1084.75,1114.75,1103.5,1073.5,1451.5777777777776,1501.5777777777776
29,48,1124.125,1476.5777777777776,47.67941176470588,51,0,1114.75,1144.75,1133.5,1103.5,1451.5777777777776,1501.5777777777776
29,49,1154.125,1476.5777777777776,45.64352941176471,51,0,1144.75,1174.75,1163.5,1133.5,1451.5777777777776,1501.5777777777776
29,50,1184.125,1476.5777777777776,44.15479166666668,48,0,1174.75,1204.75,1193.5,1163.5,1451.5777777777776,1501.5777777777776
29,51,1214.125,1476.5777777777776,36.59250000000002,68,0,1204.75,1234.75,1223.5,1193.5,1451.5777777777776,1501.5777777777776
29,52,1244.125,1476.5777777777776,28.217499999999998,64,0,1234.75,1264.75,1253.5,1223.5,1451.5777777777776,1501.5777777777776
29,53,1274.125,1476.5777777777776,31.18289855072463,69,0,1264.75,1294.75,1283.5,1253.5,1451.5777777777776,1501.5777777777776
29,54,1304.125,1476.5777777777776,37.87808510638296,47,0,1294.75,1324.75,1313.5,1283.5,1451.5777777777776,1501.5777777777776
29,55,1334.125,1476.5777777777776,43.05760869565217,46,0,1324.75,1354.75,1343.5,1313.5,1451.5777777777776,1501.5777777777776
29,56,1364.125,1476.5777777777776,36.638939393939395,66,0,1354.75,1384.75,1373.5,1343.5,1451.5777777777776,1501.5777777777776
29,57,1394.125,1476.5777777777776,34.119672131147546,61,0,1384.75,1414.75,1403.5,1373.5,1451.5777777777776,1501.5777777777776
29,58,1424.125,1476.5777777777776,31.062399999999993,75,0,1414.75,1444.75,1433.5,1403.5,1451.5777777777776,1501.5777777777776
29,59,1454.125,1476.5777777777776,33.81353846153846,65,0,1444.75,1474.75,1463.5,1433.5,1451.5777777777776,1501.5777777777776
29,60,1484.125,1476.5777777777776,31.010777777777776,90,0,1474.75,1504.75,1493.5,1463.5,1451.5777777777776,1501.5777777777776
29,61,1514.125,1476.5777777777776,31.654411764705884,68,0,1504.75,1534.75,1523.5,1493.5,1451.5777777777776,1501.5777777777776
29,62,1544.125,1476.5777777777776,29.43483146067416,89,0,1534.75,1564.75,1553.5,1523.5,1451.5777777777776,1501.5777777777776
29,63,1574.125,1476.5777777777776,29.806250000000006,64,0,1564.75,1594.75,1583.5,1553.5,1451.5777777777776,1501.5777777777776
29,64,1604.125,1476.5777777777776,31.788148148148142,54,0,1594.75,1624.75,1613.5,1583.5,1451.5777777777776,1501.5777777777776
29,65,1634.125,1476.5777777777776,33.121538461538464,65,0,1624.75,1654.75,1643.5,1613.5,1451.5777777777776,1501.5777777777776
29,66,1664.125,1476.5777777777776,33.22120689655173,58,0,1654.75,1684.75,1673.5,1643.5,1451.5777777777776,1501.5777777777776
29,67,1694.125,1476.5777777777776,33.606923076923074,65,0,1684.75,1714.75,1703.5,1673.5,1451.5777777777776,1501.5777777777776
29,68,1724.125,1476.5777777777776,38.13285714285714,56,0,1714.75,1744.75,1733.5,1703.5,1451.5777777777776,1501.5777777777776
29,69,1754.125,1476.5777777777776,40.16745098039217,51,0,1744.75,1774.75,1763.5,1733.5,1451.5777777777776,1501.5777777777776
29,70,1784.125,1476.5777777777776,38.24203703703704,54,0,1774.75,1804.75,1793.5,1763.5,1451.5777777777776,1501.5777777777776
29,71,1814.125,1476.5777777777776,40.06019230769231,52,0,1804.75,1834.75,1823.5,1793.5,1451.5777777777776,1501.5777777777776
29,72,1844.125,1476.5777777777776,40.20269230769232,52,0,1834.75,1864.75,1853.5,1823.5,1451.5777777777776,1501.5777777777776
29,73,1874.125,1476.5777777777776,36.76100000000001,70,0,1864.75,1894.75,1883.5,1853.5,1451.5777777777776,1501.5777777777776
29,74,1904.125,1476.5777777777776,42.53282608695652,46,0,1894.75,1924.75,1913.5,1883.5,1451.5777777777776,1501.5777777777776
29,75,1934.125,1476.5777777777776,44.61425000000001,40,0,1924.75,1954.75,1943.5,1913.5,1451.5777777777776,1501.5777777777776
29,76,1964.125,1476.5777777777776,40.32259259259259,54,0,1954.75,1984.75,1973.5,1943.5,1451.5777777777776,1501.5777777777776
29,77,1994.125,1476.5777777777776,44.87224489795916,49,0,1984.75,2014.75,2003.5,1973.5,1451.5777777777776,1501.5777777777776
29,78,2024.125,1476.5777777777776,45.96666666666668,54,0,2014.75,2044.75,2033.5,2003.5,1451.5777777777776,1501.5777777777776
29,79,2054.125,1476.5777777777776,45.84184210526316,38,0,2044.75,2074.75,2063.5,2033.5,1451.5777777777776,1501.5777777777776
29,80,2084.125,1476.5777777777776,42.09807692307691,52,0,2074.75,2104.75,2093.5,2063.5,1451.5777777777776,1501.5777777777776
29,81,2114.125,1476.5777777777776,41.22590909090909,44,0,2104.75,2134.75,2123.5,2093.5,1451.5777777777776,1501.5777777777776
29,82,2144.125,1476.5777777777776,38.11943396226415,53,0,2134.75,2164.75,2153.5,2123.5,1451.5777777777776,1501.5777777777776
29,83,2174.125,1476.5777777777776,39.27910714285715,56,0,2164.75,2194.75,2183.5,2153.5,1451.5777777777776,1501.5777777777776
29,84,2204.125,1476.5777777777776,42.51745762711863,59,0,2194.75,2224.75,2213.5,2183.5,1451.5777777777776,1501.5777777777776
29,85,2234.125,1476.5777777777776,44.823214285714286,56,0,2224.75,2254.75,2243.5,2213.5,1451.5777777777776,1501.5777777777776
29,86,2264.125,1476.5777777777776,45.60851063829787,47,0,2254.75,2284.75,2273.5,2243.5,1451.5777777777776,1501.5777777777776
29,87,2294.125,1476.5777777777776,47.5202380952381,42,0,2284.75,2314.75,2303.5,2273.5,1451.5777777777776,1501.5777777777776
29,88,2324.125,1476.5777777777776,42.20826923076921,52,0,2314.75,2344.75,2333.5,2303.5,1451.5777777777776,1501.5777777777776
29,89,2354.125,1476.5777777777776,38.634912280701755,57,0,2344.75,2374.75,2363.5,2333.5,1451.5777777777776,1501.5777777777776
29,90,2384.125,1476.5777777777776,37.704629629629636,54,0,2374.75,2404.75,2393.5,2363.5,1451.5777777777776,1501.5777777777776
29,91,2414.125,1476.5777777777776,39.98307692307693,52,0,2404.75,2434.75,2423.5,2393.5,1451.5777777777776,1501.5777777777776
29,92,2444.125,1476.5777777777776,45.06339622641508,53,0,2434.75,2464.75,2453.5,2423.5,1451.5777777777776,1501.5777777777776
29,93,2474.125,1476.5777777777776,44.115,48,0,2464.75,2494.75,2483.5,2453.5,1451.5777777777776,1501.5777777777776
29,94,2504.125,1476.5777777777776,36.02028169014085,71,0,2494.75,2524.75,2513.5,2483.5,1451.5777777777776,1501.5777777777776
29,95,2534.125,1476.5777777777776,37.83462686567166,67,0,2524.75,2554.75,2543.5,2513.5,1451.5777777777776,1501.5777777777776
29,96,2564.125,1476.5777777777776,36.74576271186441,59,0,2554.75,2584.75,2573.5,2543.5,1451.5777777777776,1501.5777777777776
29,97,2594.125,1476.5777777777776,28.48659340659341,91,0,2584.75,2614.75,2603.5,2573.5,1451.5777777777776,1501.5777777777776
29,98,2624.125,1476.5777777777776,23.04782178217821,101,0,2614.75,2644.75,2633.5,2603.5,1451.5777777777776,1501.5777777777776
29,99,2654.125,1476.5777777777776,29.97188235294117,85,0,2644.75,2674.75,2663.5,2633.5,1451.5777777777776,1501.5777777777776
29,100,2684.125,1476.5777777777776,42.09272727272726,66,0,2674.75,2704.75,2693.5,2663.5,1451.5777777777776,1501.5777777777776
29,101,2714.125,1476.5777777777776,42.98830188679245,53,0,2704.75,2734.75,2723.5,2693.5,1451.5777777777776,1501.5777777777776
29,102,2744.125,1476.5777777777776,43.94927272727272,55,0,2734.75,2764.75,2753.5,2723.5,1451.5777777777776,1501.5777777777776
29,103,2774.125,1476.5777777777776,46.34122807017543,57,0,2764.75,2794.75,2783.5,2753.5,1451.5777777777776,1501.5777777777776
29,104,2804.125,1476.5777777777776,43.77132075471697,53,0,2794.75,2824.75,2813.5,2783.5,1451.5777777777776,1501.5777777777776
29,105,2834.125,1476.5777777777776,38.283428571428566,70,0,2824.75,2854.75,2843.5,2813.5,1451.5777777777776,1501.5777777777776
29,106,2864.125,1476.5777777777776,31.30043010752687,93,0,2854.75,2884.75,2873.5,2843.5,1451.5777777777776,1501.5777777777776
29,107,2894.125,1476.5777777777776,23.754811320754712,106,0,2884.75,2914.75,2903.5,2873.5,1451.5777777777776,1501.5777777777776
29,108,2924.125,1476.5777777777776,23.267596153846135,104,0,2914.75,2944.75,2933.5,2903.5,1451.5777777777776,1501.5777777777776
29,109,2954.125,1476.5777777777776,26.85432098765432,81,0,2944.75,2974.75,2963.5,2933.5,1451.5777777777776,1501.5777777777776
29,110,2984.125,1476.5777777777776,33.074375,64,0,2974.75,3004.75,2993.5,2963.5,1451.5777777777776,1501.5777777777776
29,111,3014.125,1476.5777777777776,38.19822222222222,45,0,3004.75,3034.75,3023.5,2993.5,1451.5777777777776,1501.5777777777776
29,112,3044.125,1476.5777777777776,38.519454545454565,55,0,3034.75,3064.75,3053.5,3023.5,1451.5777777777776,1501.5777777777776
29,113,3074.125,1476.5777777777776,37.42793103448276,58,0,3064.75,3094.75,3083.5,3053.5,1451.5777777777776,1501.5777777777776
29,114,3104.125,1476.5777777777776,35.089104477611954,67,0,3094.75,3124.75,3113.5,3083.5,1451.5777777777776,1501.5777777777776
29,115,3134.125,1476.5777777777776,30.476250000000004,80,0,3124.75,3154.75,3143.5,3113.5,1451.5777777777776,1501.5777777777776
29,116,3164.125,1476.5777777777776,31.45940298507462,67,0,3154.75,3184.75,3173.5,3143.5,1451.5777777777776,1501.5777777777776
29,117,3194.125,1476.5777777777776,37.756181818181815,55,0,3184.75,3214.75,3203.5,3173.5,1451.5777777777776,1501.5777777777776
29,118,3224.125,1476.5777777777776,37.666153846153854,65,0,3214.75,3244.75,3233.5,3203.5,1451.5777777777776,1501.5777777777776
29,119,3254.125,1476.5777777777776,34.80516666666667,60,0,3244.75,3274.75,3263.5,3233.5,1451.5777777777776,1501.5777777777776
29,120,3284.125,1476.5777777777776,35.66985074626866,67,0,3274.75,3304.75,3293.5,3263.5,1451.5777777777776,1501.5777777777776
29,121,3314.125,1476.5777777777776,36.27602739726027,73,0,3304.75,3334.75,3323.5,3293.5,1451.5777777777776,1501.5777777777776
29,122,3344.125,1476.5777777777776,39.0841935483871,62,0,3334.75,3364.75,3353.5,3323.5,1451.5777777777776,1501.5777777777776
29,123,3374.125,1476.5777777777776,38.12629032258065,62,0,3364.75,3394.75,3383.5,3353.5,1451.5777777777776,1501.5777777777776
29,124,3404.125,1476.5777777777776,38.54939393939394,66,0,3394.75,3424.75,3413.5,3383.5,1451.5777777777776,1501.5777777777776
29,125,3434.125,1476.5777777777776,38.57277777777777,54,0,3424.75,3454.75,3443.5,3413.5,1451.5777777777776,1501.5777777777776
29,126,3464.125,1476.5777777777776,31.837352941176466,68,0,3454.75,3484.75,3473.5,3443.5,1451.5777777777776,1501.5777777777776
29,127,3494.125,1476.5777777777776,28.30505617977527,89,0,3484.75,3514.75,3503.5,3473.5,1451.5777777777776,1501.5777777777776
29,128,3524.125,1476.5777777777776,28.89322580645163,62,0,3514.75,3544.75,3533.5,3503.5,1451.5777777777776,1501.5777777777776
29,129,3554.125,1476.5777777777776,28.655076923076923,65,0,3544.75,3574.75,3563.5,3533.5,1451.5777777777776,1501.5777777777776
29,130,3584.125,1476.5777777777776,29.5560655737705,61,0,3574.75,3604.75,3593.5,3563.5,1451.5777777777776,1501.5777777777776
29,131,3614.125,1476.5777777777776,32.32355932203388,59,0,3604.75,3634.75,3623.5,3593.5,1451.5777777777776,1501.5777777777776
29,132,3644.125,1476.5777777777776,37.54690476190476,42,0,3634.75,3664.75,3653.5,3623.5,1451.5777777777776,1501.5777777777776
29,133,3674.125,1476.5777777777776,37.68918918918919,37,0,3664.75,3694.75,3683.5,3653.5,1451.5777777777776,1501.5777777777776
29,134,3704.125,1476.5777777777776,33.614090909090905,44,0,3694.75,3724.75,3713.5,3683.5,1451.5777777777776,1501.5777777777776
29,135,3734.125,1476.5777777777776,32.741176470588236,51,0,3724.75,3754.75,3743.5,3713.5,1451.5777777777776,1501.5777777777776
29,136,3764.125,1476.5777777777776,37.77754716981133,53,0,3754.75,3784.75,3773.5,3743.5,1451.5777777777776,1501.5777777777776
29,137,3794.125,1476.5777777777776,35.60159090909091,44,0,3784.75,3814.75,3803.5,3773.5,1451.5777777777776,1501.5777777777776
29,138,3824.125,1476.5777777777776,38.36533333333334,30,0,3814.75,3844.75,3833.5,3803.5,1451.5777777777776,1501.5777777777776
29,139,3854.125,1476.5777777777776,,0,0,3844.75,3874.75,3863.5,3833.5,1451.5777777777776,1501.5777777777776
29,140,3884.125,1476.5777777777776,,0,0,3874.75,3904.75,3893.5,3863.5,1451.5777777777776,1501.5777777777776
30,11,2.875,1526.5777777777776,60.29,4,0,-6.5,23.5,12.25,-17.75,1501.5777777777776,1551.5777777777776
30,12,32.875,1526.5777777777776,49.08264150943396,53,0,23.5,53.5,42.25,12.25,1501.5777777777776,1551.5777777777776
30,13,62.875,1526.5777777777776,49.274509803921575,51,0,53.5,83.5,72.25,42.25,1501.5777777777776,1551.5777777777776
30,14,92.875,1526.5777777777776,52.45810810810811,37,0,83.5,113.5,102.25,72.25,1501.5777777777776,1551.5777777777776
30,15,122.875,1526.5777777777776,53.54885714285714,35,0,113.5,143.5,132.25,102.25,1501.5777777777776,1551.5777777777776
30,16,152.875,1526.5777777777776,57.3148484848485,33,0,143.5,173.5,162.25,132.25,1501.5777777777776,1551.5777777777776
30,17,182.875,1526.5777777777776,61.79058823529412,17,0,173.5,203.5,192.25,162.25,1501.5777777777776,1551.5777777777776
30,18,212.875,1526.5777777777776,54.50297872340424,47,0,203.5,233.5,222.25,192.25,1501.5777777777776,1551.5777777777776
30,19,242.875,1526.5777777777776,49.45333333333332,48,0,233.5,263.5,252.25,222.25,1501.5777777777776,1551.5777777777776
30,20,272.875,1526.5777777777776,48.59981818181816,55,0,263.5,293.5,282.25,252.25,1501.5777777777776,1551.5777777777776
30,21,302.875,1526.5777777777776,57.61071428571427,28,0,293.5,323.5,312.25,282.25,1501.5777777777776,1551.5777777777776
30,22,332.875,1526.5777777777776,69.79434782608693,23,0,323.5,353.5,342.25,312.25,1501.5777777777776,1551.5777777777776
30,23,362.875,1526.5777777777776,69.5975,16,0,353.5,383.5,372.25,342.25,1501.5777777777776,1551.5777777777776
30,24,392.875,1526.5777777777776,68.08857142857144,28,0,383.5,413.5,402.25,372.25,1501.5777777777776,1551.5777777777776
30,25,422.875,1526.5777777777776,62.097297297297295,37,0,413.5,443.5,432.25,402.25,1501.5777777777776,1551.5777777777776
30,26,452.875,1526.5777777777776,67.86625000000001,24,0,443.5,473.5,462.25,432.25,1501.5777777777776,1551.5777777777776
30,27,482.875,1526.5777777777776,56.38162162162162,37,0,473.5,503.5,492.25,462.25,1501.5777777777776,1551.5777777777776
30,28,512.875,1526.5777777777776,57.48484848484848,33,0,503.5,533.5,522.25,492.25,1501.5777777777776,1551.5777777777776
30,29,542.875,1526.5777777777776,51.17369565217391,46,0,533.5,563.5,552.25,522.25,1501.5777777777776,1551.5777777777776
30,30,572.875,1526.5777777777776,46.6587037037037,54,0,563.5,593.5,582.25,552.25,1501.5777777777776,1551.5777777777776
30,31,602.875,1526.5777777777776,45.615961538461534,52,0,593.5,623.5,612.25,582.25,1501.5777777777776,1551.5777777777776
30,32,632.875,1526.5777777777776,47.711224489795946,49,0,623.5,653.5,642.25,612.25,1501.5777777777776,1551.5777777777776
30,33,662.875,1526.5777777777776,44.607173913043475,46,0,653.5,683.5,672.25,642.25,1501.5777777777776,1551.5777777777776
30,34,692.875,1526.5777777777776,47.97219512195124,41,0,683.5,713.5,702.25,672.25,1501.5777777777776,1551.5777777777776
30,35,722.875,1526.5777777777776,62.15068965517241,29,0,713.5,743.5,732.25,702.25,1501.5777777777776,1551.5777777777776
30,36,752.875,1526.5777777777776,57.03179487179488,39,0,743.5,773.5,762.25,732.25,1501.5777777777776,1551.5777777777776
30,37,782.875,1526.5777777777776,55.63170212765959,47,0,773.5,803.5,792.25,762.25,1501.5777777777776,1551.5777777777776
30,38,812.875,1526.5777777777776,59.58827586206895,29,0,803.5,833.5,822.25,792.25,1501.5777777777776,1551.5777777777776
30,39,842.875,1526.5777777777776,50.69119047619047,42,0,833.5,863.5,852.25,822.25,1501.5777777777776,1551.5777777777776
30,40,872.875,1526.5777777777776,52.762249999999995,40,0,863.5,893.5,882.25,852.25,1501.5777777777776,1551.5777777777776
30,41,902.875,1526.5777777777776,47.07367346938776,49,0,893.5,923.5,912.25,882.25,1501.5777777777776,1551.5777777777776
30,42,932.875,1526.5777777777776,54.97133333333333,30,0,923.5,953.5,942.25,912.25,1501.5777777777776,1551.5777777777776
30,43,962.875,1526.5777777777776,56.69,18,0,953.5,983.5,972.25,942.25,1501.5777777777776,1551.5777777777776
30,44,992.875,1526.5777777777776,55.25102564102563,39,0,983.5,1013.5,1002.25,972.25,1501.5777777777776,1551.5777777777776
30,45,1022.875,1526.5777777777776,50.26500000000001,48,0,1013.5,1043.5,1032.25,1002.25,1501.5777777777776,1551.5777777777776
30,46,1052.875,1526.5777777777776,51.73659999999998,50,0,1043.5,1073.5,1062.25,1032.25,1501.5777777777776,1551.5777777777776
30,47,1082.875,1526.5777777777776,50.901960784313715,51,0,1073.5,1103.5,1092.25,1062.25,1501.5777777777776,1551.5777777777776
30,48,1112.875,1526.5777777777776,49.693749999999994,48,0,1103.5,1133.5,1122.25,1092.25,1501.5777777777776,1551.5777777777776
30,49,1142.875,1526.5777777777776,44.38686274509804,51,0,1133.5,1163.5,1152.25,1122.25,1501.5777777777776,1551.5777777777776
30,50,1172.875,1526.5777777777776,41.13634920634921,63,0,1163.5,1193.5,1182.25,1152.25,1501.5777777777776,1551.5777777777776
30,51,1202.875,1526.5777777777776,37.848387096774196,62,0,1193.5,1223.5,1212.25,1182.25,1501.5777777777776,1551.5777777777776
30,52,1232.875,1526.5777777777776,27.985641025641026,78,0,1223.5,1253.5,1242.25,1212.25,1501.5777777777776,1551.5777777777776
30,53,1262.875,1526.5777777777776,28.562131147540985,61,0,1253.5,1283.5,1272.25,1242.25,1501.5777777777776,1551.5777777777776
30,54,1292.875,1526.5777777777776,35.043833333333346,60,0,1283.5,1313.5,1302.25,1272.25,1501.5777777777776,1551.5777777777776
30,55,1322.875,1526.5777777777776,43.01744186046512,43,0,1313.5,1343.5,1332.25,1302.25,1501.5777777777776,1551.5777777777776
30,56,1352.875,1526.5777777777776,40.56000000000002,49,0,1343.5,1373.5,1362.25,1332.25,1501.5777777777776,1551.5777777777776
30,57,1382.875,1526.5777777777776,37.57901639344261,61,0,1373.5,1403.5,1392.25,1362.25,1501.5777777777776,1551.5777777777776
30,58,1412.875,1526.5777777777776,32.34225806451612,62,0,1403.5,1433.5,1422.25,1392.25,1501.5777777777776,1551.5777777777776
30,59,1442.875,1526.5777777777776,31.06311475409836,61,0,1433.5,1463.5,1452.25,1422.25,1501.5777777777776,1551.5777777777776
30,60,1472.875,1526.5777777777776,31.041052631578953,76,0,1463.5,1493.5,1482.25,1452.25,1501.5777777777776,1551.5777777777776
30,61,1502.875,1526.5777777777776,33.220597014925374,67,0,1493.5,1523.5,1512.25,1482.25,1501.5777777777776,1551.5777777777776
30,62,1532.875,1526.5777777777776,29.79651515151515,66,0,1523.5,1553.5,1542.25,1512.25,1501.5777777777776,1551.5777777777776
30,63,1562.875,1526.5777777777776,30.909285714285716,70,0,1553.5,1583.5,1572.25,1542.25,1501.5777777777776,1551.5777777777776
30,64,1592.875,1526.5777777777776,35.598000000000006,50,0,1583.5,1613.5,1602.25,1572.25,1501.5777777777776,1551.5777777777776
30,65,1622.875,1526.5777777777776,34.56666666666666,48,0,1613.5,1643.5,1632.25,1602.25,1501.5777777777776,1551.5777777777776
30,66,1652.875,1526.5777777777776,33.65568965517242,58,0,1643.5,1673.5,1662.25,1632.25,1501.5777777777776,1551.5777777777776
30,67,1682.875,1526.5777777777776,34.590491803278695,61,0,1673.5,1703.5,1692.25,1662.25,1501.5777777777776,1551.5777777777776
30,68,1712.875,1526.5777777777776,37.66596774193548,62,0,1703.5,1733.5,1722.25,1692.25,1501.5777777777776,1551.5777777777776
30,69,1742.875,1526.5777777777776,40.23803571428572,56,0,1733.5,1763.5,1752.25,1722.25,1501.5777777777776,1551.5777777777776
30,70,1772.875,1526.5777777777776,40.953214285714274,56,0,1763.5,1793.5,1782.25,1752.25,1501.5777777777776,1551.5777777777776
30,71,1802.875,1526.5777777777776,39.620961538461536,52,0,1793.5,1823.5,1812.25,1782.25,1501.5777777777776,1551.5777777777776
30,72,1832.875,1526.5777777777776,38.63533333333332,60,0,1823.5,1853.5,1842.25,1812.25,1501.5777777777776,1551.5777777777776
30,73,1862.875,1526.5777777777776,39.338644067796615,59,0,1853.5,1883.5,1872.25,1842.25,1501.5777777777776,1551.5777777777776
30,74,1892.875,1526.5777777777776,37.346666666666685,63,0,1883.5,1913.5,1902.25,1872.25,1501.5777777777776,1551.5777777777776
30,75,1922.875,1526.5777777777776,41.53652173913044,46,0,1913.5,1943.5,1932.25,1902.25,1501.5777777777776,1551.5777777777776
30,76,1952.875,1526.5777777777776,43.506808510638294,47,0,1943.5,1973.5,1962.25,1932.25,1501.5777777777776,1551.5777777777776
30,77,1982.875,1526.5777777777776,42.6119298245614,57,0,1973.5,2003.5,1992.25,1962.25,1501.5777777777776,1551.5777777777776
30,78,2012.875,1526.5777777777776,44.98615384615384,52,0,2003.5,2033.5,2022.25,1992.25,1501.5777777777776,1551.5777777777776
30,79,2042.875,1526.5777777777776,45.74377777777779,45,0,2033.5,2063.5,2052.25,2022.25,1501.5777777777776,1551.5777777777776
30,80,2072.875,1526.5777777777776,43.88355555555555,45,0,2063.5,2093.5,2082.25,2052.25,1501.5777777777776,1551.5777777777776
30,81,2102.875,1526.5777777777776,42.08297872340425,47,0,2093.5,2123.5,2112.25,2082.25,1501.5777777777776,1551.5777777777776
30,82,2132.875,1526.5777777777776,39.72229166666667,48,0,2123.5,2153.5,2142.25,2112.25,1501.5777777777776,1551.5777777777776
30,83,2162.875,1526.5777777777776,40.04346938775512,49,0,2153.5,2183.5,2172.25,2142.25,1501.5777777777776,1551.5777777777776
30,84,2192.875,1526.5777777777776,40.21636363636364,66,0,2183.5,2213.5,2202.25,2172.25,1501.5777777777776,1551.5777777777776
30,85,2222.875,1526.5777777777776,42.32214285714286,56,0,2213.5,2243.5,2232.25,2202.25,1501.5777777777776,1551.5777777777776
30,86,2252.875,1526.5777777777776,44.05999999999998,60,0,2243.5,2273.5,2262.25,2232.25,1501.5777777777776,1551.5777777777776
30,87,2282.875,1526.5777777777776,44.37785714285714,42,0,2273.5,2303.5,2292.25,2262.25,1501.5777777777776,1551.5777777777776
30,88,2312.875,1526.5777777777776,42.46900000000001,50,0,2303.5,2333.5,2322.25,2292.25,1501.5777777777776,1551.5777777777776
30,89,2342.875,1526.5777777777776,41.87178571428573,56,0,2333.5,2363.5,2352.25,2322.25,1501.5777777777776,1551.5777777777776
30,90,2372.875,1526.5777777777776,36.985,56,0,2363.5,2393.5,2382.25,2352.25,1501.5777777777776,1551.5777777777776
30,91,2402.875,1526.5777777777776,38.18654545454545,55,0,2393.5,2423.5,2412.25,2382.25,1501.5777777777776,1551.5777777777776
30,92,2432.875,1526.5777777777776,41.88018867924529,53,0,2423.5,2453.5,2442.25,2412.25,1501.5777777777776,1551.5777777777776
30,93,2462.875,1526.5777777777776,42.01526315789474,57,0,2453.5,2483.5,2472.25,2442.25,1501.5777777777776,1551.5777777777776
30,94,2492.875,1526.5777777777776,40.09142857142857,56,0,2483.5,2513.5,2502.25,2472.25,1501.5777777777776,1551.5777777777776
30,95,2522.875,1526.5777777777776,35.90571428571429,63,0,2513.5,2543.5,2532.25,2502.25,1501.5777777777776,1551.5777777777776
30,96,2552.875,1526.5777777777776,35.35893939393938,66,0,2543.5,2573.5,2562.25,2532.25,1501.5777777777776,1551.5777777777776
30,97,2582.875,1526.5777777777776,29.042972972972972,74,0,2573.5,2603.5,2592.25,2562.25,1501.5777777777776,1551.5777777777776
30,98,2612.875,1526.5777777777776,25.691542857142863,75,0,2603.5,2633.5,2622.25,2592.25,1501.5777777777776,1551.5777777777776
30,99,2642.875,1526.5777777777776,29.74402777777776,72,0,2633.5,2663.5,2652.25,2622.25,1501.5777777777776,1551.5777777777776
30,100,2672.875,1526.5777777777776,33.923749999999984,80,0,2663.5,2693.5,2682.25,2652.25,1501.5777777777776,1551.5777777777776
30,101,2702.875,1526.5777777777776,41.403454545454544,55,0,2693.5,2723.5,2712.25,2682.25,1501.5777777777776,1551.5777777777776
30,102,2732.875,1526.5777777777776,43.13232142857144,56,0,2723.5,2753.5,2742.25,2712.25,1501.5777777777776,1551.5777777777776
30,103,2762.875,1526.5777777777776,44.39218181818182,55,0,2753.5,2783.5,2772.25,2742.25,1501.5777777777776,1551.5777777777776
30,104,2792.875,1526.5777777777776,46.059999999999995,64,0,2783.5,2813.5,2802.25,2772.25,1501.5777777777776,1551.5777777777776
30,105,2822.875,1526.5777777777776,35.76546875,64,0,2813.5,2843.5,2832.25,2802.25,1501.5777777777776,1551.5777777777776
30,106,2852.875,1526.5777777777776,28.621219512195122,82,0,2843.5,2873.5,2862.25,2832.25,1501.5777777777776,1551.5777777777776
30,107,2882.875,1526.5777777777776,25.109278350515453,97,0,2873.5,2903.5,2892.25,2862.25,1501.5777777777776,1551.5777777777776
30,108,2912.875,1526.5777777777776,27.118433734939753,83,0,2903.5,2933.5,2922.25,2892.25,1501.5777777777776,1551.5777777777776
30,109,2942.875,1526.5777777777776,30.380666666666656,75,0,2933.5,2963.5,2952.25,2922.25,1501.5777777777776,1551.5777777777776
30,110,2972.875,1526.5777777777776,33.665625000000006,64,0,2963.5,2993.5,2982.25,2952.25,1501.5777777777776,1551.5777777777776
30,111,3002.875,1526.5777777777776,37.71938775510205,49,0,2993.5,3023.5,3012.25,2982.25,1501.5777777777776,1551.5777777777776
30,112,3032.875,1526.5777777777776,41.58145833333334,48,0,3023.5,3053.5,3042.25,3012.25,1501.5777777777776,1551.5777777777776
30,113,3062.875,1526.5777777777776,40.63233333333332,60,0,3053.5,3083.5,3072.25,3042.25,1501.5777777777776,1551.5777777777776
30,114,3092.875,1526.5777777777776,38.606274509803924,51,0,3083.5,3113.5,3102.25,3072.25,1501.5777777777776,1551.5777777777776
30,115,3122.875,1526.5777777777776,37.23435483870967,62,0,3113.5,3143.5,3132.25,3102.25,1501.5777777777776,1551.5777777777776
30,116,3152.875,1526.5777777777776,33.59073529411765,68,0,3143.5,3173.5,3162.25,3132.25,1501.5777777777776,1551.5777777777776
30,117,3182.875,1526.5777777777776,37.53727272727273,55,0,3173.5,3203.5,3192.25,3162.25,1501.5777777777776,1551.5777777777776
30,118,3212.875,1526.5777777777776,40.82945454545455,55,0,3203.5,3233.5,3222.25,3192.25,1501.5777777777776,1551.5777777777776
30,119,3242.875,1526.5777777777776,40.30549019607843,51,0,3233.5,3263.5,3252.25,3222.25,1501.5777777777776,1551.5777777777776
30,120,3272.875,1526.5777777777776,36.89967213114754,61,0,3263.5,3293.5,3282.25,3252.25,1501.5777777777776,1551.5777777777776
30,121,3302.875,1526.5777777777776,37.77203124999999,64,0,3293.5,3323.5,3312.25,3282.25,1501.5777777777776,1551.5777777777776
30,122,3332.875,1526.5777777777776,38.745384615384616,65,0,3323.5,3353.5,3342.25,3312.25,1501.5777777777776,1551.5777777777776
30,123,3362.875,1526.5777777777776,37.788166666666676,60,0,3353.5,3383.5,3372.25,3342.25,1501.5777777777776,1551.5777777777776
30,124,3392.875,1526.5777777777776,40.38727272727274,66,0,3383.5,3413.5,3402.25,3372.25,1501.5777777777776,1551.5777777777776
30,125,3422.875,1526.5777777777776,42.11446428571428,56,0,3413.5,3443.5,3432.25,3402.25,1501.5777777777776,1551.5777777777776
30,126,3452.875,1526.5777777777776,39.08173076923076,52,0,3443.5,3473.5,3462.25,3432.25,1501.5777777777776,1551.5777777777776
30,127,3482.875,1526.5777777777776,32.626060606060605,66,0,3473.5,3503.5,3492.25,3462.25,1501.5777777777776,1551.5777777777776
30,128,3512.875,1526.5777777777776,31.813064516129025,62,0,3503.5,3533.5,3522.25,3492.25,1501.5777777777776,1551.5777777777776
30,129,3542.875,1526.5777777777776,31.753703703703703,54,0,3533.5,3563.5,3552.25,3522.25,1501.5777777777776,1551.5777777777776
30,130,3572.875,1526.5777777777776,32.272222222222226,54,0,3563.5,3593.5,3582.25,3552.25,1501.5777777777776,1551.5777777777776
30,131,3602.875,1526.5777777777776,32.629074074074076,54,0,3593.5,3623.5,3612.25,3582.25,1501.5777777777776,1551.5777777777776
30,132,3632.875,1526.5777777777776,36.556599999999996,50,0,3623.5,3653.5,3642.25,3612.25,1501.5777777777776,1551.5777777777776
30,133,3662.875,1526.5777777777776,41.011707317073174,41,0,3653.5,3683.5,3672.25,3642.25,1501.5777777777776,1551.5777777777776
30,134,3692.875,1526.5777777777776,40.42151515151515,33,0,3683.5,3713.5,3702.25,3672.25,1501.5777777777776,1551.5777777777776
30,135,3722.875,1526.5777777777776,36.31880952380952,42,0,3713.5,3743.5,3732.25,3702.25,1501.5777777777776,1551.5777777777776
30,136,3752.875,1526.5777777777776,36.39180000000001,50,0,3743.5,3773.5,3762.25,3732.25,1501.5777777777776,1551.5777777777776
30,137,3782.875,1526.5777777777776,37.893818181818176,55,0,3773.5,3803.5,3792.25,3762.25,1501.5777777777776,1551.5777777777776
30,138,3812.875,1526.5777777777776,37.09763157894736,38,0,3803.5,3833.5,3822.25,3792.25,1501.5777777777776,1551.5777777777776
30,139,3842.875,1526.5777777777776,38.62499999999999,10,0,3833.5,3863.5,3852.25,3822.25,1501.5777777777776,1551.5777777777776
30,140,3872.875,1526.5777777777776,,0,0,3863.5,3893.5,3882.25,3852.25,1501.5777777777776,1551.5777777777776
31,11,-8.375,1576.5777777777776,63.8,1,0,-17.75,12.25,1.0,-29.0,1551.5777777777776,1601.5777777777776
31,12,21.625,1576.5777777777776,53.40310344827586,29,0,12.25,42.25,31.0,1.0,1551.5777777777776,1601.5777777777776
31,13,51.625,1576.5777777777776,49.27036363636363,55,0,42.25,72.25,61.0,31.0,1551.5777777777776,1601.5777777777776
31,14,81.625,1576.5777777777776,51.46636363636366,44,0,72.25,102.25,91.0,61.0,1551.5777777777776,1601.5777777777776
31,15,111.625,1576.5777777777776,51.23857142857144,42,0,102.25,132.25,121.0,91.0,1551.5777777777776,1601.5777777777776
31,16,141.625,1576.5777777777776,60.242799999999995,25,0,132.25,162.25,151.0,121.0,1551.5777777777776,1601.5777777777776
31,17,171.625,1576.5777777777776,57.93161904761905,30,0,162.25,192.25,181.0,151.0,1551.5777777777776,1601.5777777777776
31,18,201.625,1576.5777777777776,58.791324786324786,26,0,192.25,222.25,211.0,181.0,1551.5777777777776,1601.5777777777776
31,19,231.625,1576.5777777777776,52.80361702127661,47,0,222.25,252.25,241.0,211.0,1551.5777777777776,1601.5777777777776
31,20,261.625,1576.5777777777776,48.94722222222223,54,0,252.25,282.25,271.0,241.0,1551.5777777777776,1601.5777777777776
31,21,291.625,1576.5777777777776,50.59800000000001,35,0,282.25,312.25,301.0,271.0,1551.5777777777776,1601.5777777777776
31,22,321.625,1576.5777777777776,66.98645161290322,31,0,312.25,342.25,331.0,301.0,1551.5777777777776,1601.5777777777776
31,23,351.625,1576.5777777777776,72.43,18,0,342.25,372.25,361.0,331.0,1551.5777777777776,1601.5777777777776
31,24,381.625,1576.5777777777776,67.66150326797386,17,0,372.25,402.25,391.0,361.0,1551.5777777777776,1601.5777777777776
31,25,411.625,1576.5777777777776,64.02548387096776,31,0,402.25,432.25,421.0,391.0,1551.5777777777776,1601.5777777777776
31,26,441.625,1576.5777777777776,69.3875,30,0,432.25,462.25,451.0,421.0,1551.5777777777776,1601.5777777777776
31,27,471.625,1576.5777777777776,59.74967741935484,31,0,462.25,492.25,481.0,451.0,1551.5777777777776,1601.5777777777776
31,28,501.625,1576.5777777777776,56.73722222222222,36,0,492.25,522.25,511.0,481.0,1551.5777777777776,1601.5777777777776
31,29,531.625,1576.5777777777776,57.53771428571429,35,0,522.25,552.25,541.0,511.0,1551.5777777777776,1601.5777777777776
31,30,561.625,1576.5777777777776,50.19098290598289,52,0,552.25,582.25,571.0,541.0,1551.5777777777776,1601.5777777777776
31,31,591.625,1576.5777777777776,47.478695652173904,46,0,582.25,612.25,601.0,571.0,1551.5777777777776,1601.5777777777776
31,32,621.625,1576.5777777777776,47.42725490196079,51,0,612.25,642.25,631.0,601.0,1551.5777777777776,1601.5777777777776
31,33,651.625,1576.5777777777776,50.43285714285713,49,0,642.25,672.25,661.0,631.0,1551.5777777777776,1601.5777777777776
31,34,681.625,1576.5777777777776,44.1131914893617,47,0,672.25,702.25,691.0,661.0,1551.5777777777776,1601.5777777777776
31,35,711.625,1576.5777777777776,60.068378378378384,37,0,702.25,732.25,721.0,691.0,1551.5777777777776,1601.5777777777776
31,36,741.625,1576.5777777777776,62.25913043478261,23,0,732.25,762.25,751.0,721.0,1551.5777777777776,1601.5777777777776
31,37,771.625,1576.5777777777776,56.016249999999985,48,0,762.25,792.25,781.0,751.0,1551.5777777777776,1601.5777777777776
31,38,801.625,1576.5777777777776,55.65439024390245,41,0,792.25,822.25,811.0,781.0,1551.5777777777776,1601.5777777777776
31,39,831.625,1576.5777777777776,54.979736842105254,38,0,822.25,852.25,841.0,811.0,1551.5777777777776,1601.5777777777776
31,40,861.625,1576.5777777777776,52.03063829787232,47,0,852.25,882.25,871.0,841.0,1551.5777777777776,1601.5777777777776
31,41,891.625,1576.5777777777776,50.8565306122449,49,0,882.25,912.25,901.0,871.0,1551.5777777777776,1601.5777777777776
31,42,921.625,1576.5777777777776,49.42130434782609,46,0,912.25,942.25,931.0,901.0,1551.5777777777776,1601.5777777777776
31,43,951.625,1576.5777777777776,58.86809523809523,21,0,942.25,972.25,961.0,931.0,1551.5777777777776,1601.5777777777776
31,44,981.625,1576.5777777777776,55.19000000000001,30,0,972.25,1002.25,991.0,961.0,1551.5777777777776,1601.5777777777776
31,45,1011.625,1576.5777777777776,51.84897435897435,39,0,1002.25,1032.25,1021.0,991.0,1551.5777777777776,1601.5777777777776
31,46,1041.625,1576.5777777777776,51.221020408163284,49,0,1032.25,1062.25,1051.0,1021.0,1551.5777777777776,1601.5777777777776
31,47,1071.625,1576.5777777777776,50.64170212765959,47,0,1062.25,1092.25,1081.0,1051.0,1551.5777777777776,1601.5777777777776
31,48,1101.625,1576.5777777777776,51.6930769230769,39,0,1092.25,1122.25,1111.0,1081.0,1551.5777777777776,1601.5777777777776
31,49,1131.625,1576.5777777777776,45.17222222222222,54,0,1122.25,1152.25,1141.0,1111.0,1551.5777777777776,1601.5777777777776
31,50,1161.625,1576.5777777777776,40.92333333333333,57,0,1152.25,1182.25,1171.0,1141.0,1551.5777777777776,1601.5777777777776
31,51,1191.625,1576.5777777777776,36.014374999999994,64,0,1182.25,1212.25,1201.0,1171.0,1551.5777777777776,1601.5777777777776
31,52,1221.625,1576.5777777777776,21.1142268041237,97,0,1212.25,1242.25,1231.0,1201.0,1551.5777777777776,1601.5777777777776
31,53,1251.625,1576.5777777777776,29.77178571428572,56,0,1242.25,1272.25,1261.0,1231.0,1551.5777777777776,1601.5777777777776
31,54,1281.625,1576.5777777777776,35.789344262295074,61,0,1272.25,1302.25,1291.0,1261.0,1551.5777777777776,1601.5777777777776
31,55,1311.625,1576.5777777777776,44.345454545454544,44,0,1302.25,1332.25,1321.0,1291.0,1551.5777777777776,1601.5777777777776
31,56,1341.625,1576.5777777777776,45.91023809523809,42,0,1332.25,1362.25,1351.0,1321.0,1551.5777777777776,1601.5777777777776
31,57,1371.625,1576.5777777777776,43.89962264150943,53,0,1362.25,1392.25,1381.0,1351.0,1551.5777777777776,1601.5777777777776
31,58,1401.625,1576.5777777777776,39.922,45,0,1392.25,1422.25,1411.0,1381.0,1551.5777777777776,1601.5777777777776
31,59,1431.625,1576.5777777777776,36.987836257309944,57,0,1422.25,1452.25,1441.0,1411.0,1551.5777777777776,1601.5777777777776
31,60,1461.625,1576.5777777777776,34.01320754716982,53,0,1452.25,1482.25,1471.0,1441.0,1551.5777777777776,1601.5777777777776
31,61,1491.625,1576.5777777777776,35.874935064935066,77,0,1482.25,1512.25,1501.0,1471.0,1551.5777777777776,1601.5777777777776
31,62,1521.625,1576.5777777777776,36.30620689655173,58,0,1512.25,1542.25,1531.0,1501.0,1551.5777777777776,1601.5777777777776
31,63,1551.625,1576.5777777777776,32.80338028169013,71,0,1542.25,1572.25,1561.0,1531.0,1551.5777777777776,1601.5777777777776
31,64,1581.625,1576.5777777777776,36.91433962264151,53,0,1572.25,1602.25,1591.0,1561.0,1551.5777777777776,1601.5777777777776
31,65,1611.625,1576.5777777777776,42.73948717948717,39,0,1602.25,1632.25,1621.0,1591.0,1551.5777777777776,1601.5777777777776
31,66,1641.625,1576.5777777777776,37.06232142857141,56,0,1632.25,1662.25,1651.0,1621.0,1551.5777777777776,1601.5777777777776
31,67,1671.625,1576.5777777777776,38.418,50,0,1662.25,1692.25,1681.0,1651.0,1551.5777777777776,1601.5777777777776
31,68,1701.625,1576.5777777777776,38.63586206896552,58,0,1692.25,1722.25,1711.0,1681.0,1551.5777777777776,1601.5777777777776
31,69,1731.625,1576.5777777777776,41.537755102040826,49,0,1722.25,1752.25,1741.0,1711.0,1551.5777777777776,1601.5777777777776
31,70,1761.625,1576.5777777777776,41.141538461538474,52,0,1752.25,1782.25,1771.0,1741.0,1551.5777777777776,1601.5777777777776
31,71,1791.625,1576.5777777777776,42.95660000000001,50,0,1782.25,1812.25,1801.0,1771.0,1551.5777777777776,1601.5777777777776
31,72,1821.625,1576.5777777777776,40.54276595744682,47,0,1812.25,1842.25,1831.0,1801.0,1551.5777777777776,1601.5777777777776
31,73,1851.625,1576.5777777777776,41.63580000000001,50,0,1842.25,1872.25,1861.0,1831.0,1551.5777777777776,1601.5777777777776
31,74,1881.625,1576.5777777777776,41.286557377049185,61,0,1872.25,1902.25,1891.0,1861.0,1551.5777777777776,1601.5777777777776
31,75,1911.625,1576.5777777777776,41.041,50,0,1902.25,1932.25,1921.0,1891.0,1551.5777777777776,1601.5777777777776
31,76,1941.625,1576.5777777777776,45.202272727272735,44,0,1932.25,1962.25,1951.0,1921.0,1551.5777777777776,1601.5777777777776
31,77,1971.625,1576.5777777777776,44.8150354609929,47,0,1962.25,1992.25,1981.0,1951.0,1551.5777777777776,1601.5777777777776
31,78,2001.625,1576.5777777777776,45.590851063829774,47,0,1992.25,2022.25,2011.0,1981.0,1551.5777777777776,1601.5777777777776
31,79,2031.625,1576.5777777777776,46.89072727272728,55,0,2022.25,2052.25,2041.0,2011.0,1551.5777777777776,1601.5777777777776
31,80,2061.625,1576.5777777777776,48.09891891891891,37,0,2052.25,2082.25,2071.0,2041.0,1551.5777777777776,1601.5777777777776
31,81,2091.625,1576.5777777777776,45.045217391304355,46,0,2082.25,2112.25,2101.0,2071.0,1551.5777777777776,1601.5777777777776
31,82,2121.625,1576.5777777777776,46.191351351351344,37,0,2112.25,2142.25,2131.0,2101.0,1551.5777777777776,1601.5777777777776
31,83,2151.625,1576.5777777777776,39.525319148936184,47,0,2142.25,2172.25,2161.0,2131.0,1551.5777777777776,1601.5777777777776
31,84,2181.625,1576.5777777777776,44.05021739130434,46,0,2172.25,2202.25,2191.0,2161.0,1551.5777777777776,1601.5777777777776
31,85,2211.625,1576.5777777777776,42.83389830508475,59,0,2202.25,2232.25,2221.0,2191.0,1551.5777777777776,1601.5777777777776
31,86,2241.625,1576.5777777777776,44.656296296296304,54,0,2232.25,2262.25,2251.0,2221.0,1551.5777777777776,1601.5777777777776
31,87,2271.625,1576.5777777777776,43.45854545454546,55,0,2262.25,2292.25,2281.0,2251.0,1551.5777777777776,1601.5777777777776
31,88,2301.625,1576.5777777777776,41.916530612244905,49,0,2292.25,2322.25,2311.0,2281.0,1551.5777777777776,1601.5777777777776
31,89,2331.625,1576.5777777777776,43.87018867924529,53,0,2322.25,2352.25,2341.0,2311.0,1551.5777777777776,1601.5777777777776
31,90,2361.625,1576.5777777777776,42.325714285714284,49,0,2352.25,2382.25,2371.0,2341.0,1551.5777777777776,1601.5777777777776
31,91,2391.625,1576.5777777777776,36.848947368421044,57,0,2382.25,2412.25,2401.0,2371.0,1551.5777777777776,1601.5777777777776
31,92,2421.625,1576.5777777777776,41.74040816326531,49,0,2412.25,2442.25,2431.0,2401.0,1551.5777777777776,1601.5777777777776
31,93,2451.625,1576.5777777777776,42.13607142857143,56,0,2442.25,2472.25,2461.0,2431.0,1551.5777777777776,1601.5777777777776
31,94,2481.625,1576.5777777777776,40.94395833333333,48,0,2472.25,2502.25,2491.0,2461.0,1551.5777777777776,1601.5777777777776
31,95,2511.625,1576.5777777777776,40.487288135593225,59,0,2502.25,2532.25,2521.0,2491.0,1551.5777777777776,1601.5777777777776
31,96,2541.625,1576.5777777777776,38.6704918032787,61,0,2532.25,2562.25,2551.0,2521.0,1551.5777777777776,1601.5777777777776
31,97,2571.625,1576.5777777777776,33.85534482758621,58,0,2562.25,2592.25,2581.0,2551.0,1551.5777777777776,1601.5777777777776
31,98,2601.625,1576.5777777777776,31.27927536231884,69,0,2592.25,2622.25,2611.0,2581.0,1551.5777777777776,1601.5777777777776
31,99,2631.625,1576.5777777777776,35.89861538461539,65,0,2622.25,2652.25,2641.0,2611.0,1551.5777777777776,1601.5777777777776
31,100,2661.625,1576.5777777777776,36.1010606060606,66,0,2652.25,2682.25,2671.0,2641.0,1551.5777777777776,1601.5777777777776
31,101,2691.625,1576.5777777777776,39.50955223880596,67,0,2682.25,2712.25,2701.0,2671.0,1551.5777777777776,1601.5777777777776
31,102,2721.625,1576.5777777777776,45.526419753086415,54,0,2712.25,2742.25,2731.0,2701.0,1551.5777777777776,1601.5777777777776
31,103,2751.625,1576.5777777777776,45.62040816326532,49,0,2742.25,2772.25,2761.0,2731.0,1551.5777777777776,1601.5777777777776
31,104,2781.625,1576.5777777777776,43.97572222222222,60,0,2772.25,2802.25,2791.0,2761.0,1551.5777777777776,1601.5777777777776
31,105,2811.625,1576.5777777777776,43.463269230769235,52,0,2802.25,2832.25,2821.0,2791.0,1551.5777777777776,1601.5777777777776
31,106,2841.625,1576.5777777777776,26.03941176470587,85,0,2832.25,2862.25,2851.0,2821.0,1551.5777777777776,1601.5777777777776
31,107,2871.625,1576.5777777777776,26.349121447028434,86,0,2862.25,2892.25,2881.0,2851.0,1551.5777777777776,1601.5777777777776
31,108,2901.625,1576.5777777777776,29.631728395061717,81,0,2892.25,2922.25,2911.0,2881.0,1551.5777777777776,1601.5777777777776
31,109,2931.625,1576.5777777777776,35.49953846153846,65,0,2922.25,2952.25,2941.0,2911.0,1551.5777777777776,1601.5777777777776
31,110,2961.625,1576.5777777777776,39.080000000000005,60,0,2952.25,2982.25,2971.0,2941.0,1551.5777777777776,1601.5777777777776
31,111,2991.625,1576.5777777777776,38.990925925925914,54,0,2982.25,3012.25,3001.0,2971.0,1551.5777777777776,1601.5777777777776
31,112,3021.625,1576.5777777777776,43.6955,40,0,3012.25,3042.25,3031.0,3001.0,1551.5777777777776,1601.5777777777776
31,113,3051.625,1576.5777777777776,44.38468085106383,47,0,3042.25,3072.25,3061.0,3031.0,1551.5777777777776,1601.5777777777776
31,114,3081.625,1576.5777777777776,42.466981132075475,53,0,3072.25,3102.25,3091.0,3061.0,1551.5777777777776,1601.5777777777776
31,115,3111.625,1576.5777777777776,41.97392156862745,51,0,3102.25,3132.25,3121.0,3091.0,1551.5777777777776,1601.5777777777776
31,116,3141.625,1576.5777777777776,38.77587301587302,63,0,3132.25,3162.25,3151.0,3121.0,1551.5777777777776,1601.5777777777776
31,117,3171.625,1576.5777777777776,39.81018518518518,54,0,3162.25,3192.25,3181.0,3151.0,1551.5777777777776,1601.5777777777776
31,118,3201.625,1576.5777777777776,41.959999999999994,48,0,3192.25,3222.25,3211.0,3181.0,1551.5777777777776,1601.5777777777776
31,119,3231.625,1576.5777777777776,45.12934065934065,52,0,3222.25,3252.25,3241.0,3211.0,1551.5777777777776,1601.5777777777776
31,120,3261.625,1576.5777777777776,43.27934782608696,46,0,3252.25,3282.25,3271.0,3241.0,1551.5777777777776,1601.5777777777776
31,121,3291.625,1576.5777777777776,39.817166666666665,60,0,3282.25,3312.25,3301.0,3271.0,1551.5777777777776,1601.5777777777776
31,122,3321.625,1576.5777777777776,42.262741935483845,62,0,3312.25,3342.25,3331.0,3301.0,1551.5777777777776,1601.5777777777776
31,123,3351.625,1576.5777777777776,43.16781818181818,55,0,3342.25,3372.25,3361.0,3331.0,1551.5777777777776,1601.5777777777776
31,124,3381.625,1576.5777777777776,41.16092592592593,54,0,3372.25,3402.25,3391.0,3361.0,1551.5777777777776,1601.5777777777776
31,125,3411.625,1576.5777777777776,45.24230769230769,52,0,3402.25,3432.25,3421.0,3391.0,1551.5777777777776,1601.5777777777776
31,126,3441.625,1576.5777777777776,45.16795918367346,49,0,3432.25,3462.25,3451.0,3421.0,1551.5777777777776,1601.5777777777776
31,127,3471.625,1576.5777777777776,41.39913043478261,46,0,3462.25,3492.25,3481.0,3451.0,1551.5777777777776,1601.5777777777776
31,128,3501.625,1576.5777777777776,38.011111111111106,63,0,3492.25,3522.25,3511.0,3481.0,1551.5777777777776,1601.5777777777776
31,129,3531.625,1576.5777777777776,38.483953488372094,43,0,3522.25,3552.25,3541.0,3511.0,1551.5777777777776,1601.5777777777776
31,130,3561.625,1576.5777777777776,37.44702127659575,47,0,3552.25,3582.25,3571.0,3541.0,1551.5777777777776,1601.5777777777776
31,131,3591.625,1576.5777777777776,37.16874999999998,48,0,3582.25,3612.25,3601.0,3571.0,1551.5777777777776,1601.5777777777776
31,132,3621.625,1576.5777777777776,38.86041666666667,48,0,3612.25,3642.25,3631.0,3601.0,1551.5777777777776,1601.5777777777776
31,133,3651.625,1576.5777777777776,43.249714285714276,35,0,3642.25,3672.25,3661.0,3631.0,1551.5777777777776,1601.5777777777776
31,134,3681.625,1576.5777777777776,43.87050505050505,33,0,3672.25,3702.25,3691.0,3661.0,1551.5777777777776,1601.5777777777776
31,135,3711.625,1576.5777777777776,43.14911764705883,34,0,3702.25,3732.25,3721.0,3691.0,1551.5777777777776,1601.5777777777776
31,136,3741.625,1576.5777777777776,39.726666666666674,39,0,3732.25,3762.25,3751.0,3721.0,1551.5777777777776,1601.5777777777776
31,137,3771.625,1576.5777777777776,36.05084745762713,59,0,3762.25,3792.25,3781.0,3751.0,1551.5777777777776,1601.5777777777776
31,138,3801.625,1576.5777777777776,40.86552631578947,38,0,3792.25,3822.25,3811.0,3781.0,1551.5777777777776,1601.5777777777776
31,139,3831.625,1576.5777777777776,40.24724137931034,29,0,3822.25,3852.25,3841.0,3811.0,1551.5777777777776,1601.5777777777776
31,140,3861.625,1576.5777777777776,,0,0,3852.25,3882.25,3871.0,3841.0,1551.5777777777776,1601.5777777777776
31,141,3891.625,1576.5777777777776,,0,0,3882.25,3912.25,3901.0,3871.0,1551.5777777777776,1601.5777777777776
32,12,10.375,1626.5777777777776,68.58874999999999,8,0,1.0,31.0,19.75,-10.25,1601.5777777777776,1651.5777777777776
32,13,40.375,1626.5777777777776,51.82082754629631,48,0,31.0,61.0,49.75,19.75,1601.5777777777776,1651.5777777777776
32,14,70.375,1626.5777777777776,48.934130434782624,46,0,61.0,91.0,79.75,49.75,1601.5777777777776,1651.5777777777776
32,15,100.375,1626.5777777777776,51.2504761904762,42,0,91.0,121.0,109.75,79.75,1601.5777777777776,1651.5777777777776
32,16,130.375,1626.5777777777776,56.22393939393941,33,0,121.0,151.0,139.75,109.75,1601.5777777777776,1651.5777777777776
32,17,160.375,1626.5777777777776,59.29541666666666,24,0,151.0,181.0,169.75,139.75,1601.5777777777776,1651.5777777777776
32,18,190.375,1626.5777777777776,65.0529411764706,17,0,181.0,211.0,199.75,169.75,1601.5777777777776,1651.5777777777776
32,19,220.375,1626.5777777777776,57.68824999999998,40,0,211.0,241.0,229.75,199.75,1601.5777777777776,1651.5777777777776
32,20,250.375,1626.5777777777776,51.24318181818182,44,0,241.0,271.0,259.75,229.75,1601.5777777777776,1651.5777777777776
32,21,280.375,1626.5777777777776,50.372115384615384,52,0,271.0,301.0,289.75,259.75,1601.5777777777776,1651.5777777777776
32,22,310.375,1626.5777777777776,62.0803448275862,29,0,301.0,331.0,319.75,289.75,1601.5777777777776,1651.5777777777776
32,23,340.375,1626.5777777777776,74.68812499999999,16,0,331.0,361.0,349.75,319.75,1601.5777777777776,1651.5777777777776
32,24,370.375,1626.5777777777776,71.3575,12,0,361.0,391.0,379.75,349.75,1601.5777777777776,1651.5777777777776
32,25,400.375,1626.5777777777776,69.25695652173913,23,0,391.0,421.0,409.75,379.75,1601.5777777777776,1651.5777777777776
32,26,430.375,1626.5777777777776,63.8640625,32,0,421.0,451.0,439.75,409.75,1601.5777777777776,1651.5777777777776
32,27,460.375,1626.5777777777776,69.76333333333334,21,0,451.0,481.0,469.75,439.75,1601.5777777777776,1651.5777777777776
32,28,490.375,1626.5777777777776,59.94035714285714,28,0,481.0,511.0,499.75,469.75,1601.5777777777776,1651.5777777777776
32,29,520.375,1626.5777777777776,59.451818181818176,33,0,511.0,541.0,529.75,499.75,1601.5777777777776,1651.5777777777776
32,30,550.375,1626.5777777777776,56.01736842105263,38,0,541.0,571.0,559.75,529.75,1601.5777777777776,1651.5777777777776
32,31,580.375,1626.5777777777776,50.22854497354498,42,0,571.0,601.0,589.75,559.75,1601.5777777777776,1651.5777777777776
32,32,610.375,1626.5777777777776,49.09021739130435,46,0,601.0,631.0,619.75,589.75,1601.5777777777776,1651.5777777777776
32,33,640.375,1626.5777777777776,50.4202380952381,42,0,631.0,661.0,649.75,619.75,1601.5777777777776,1651.5777777777776
32,34,670.375,1626.5777777777776,48.54666666666666,42,0,661.0,691.0,679.75,649.75,1601.5777777777776,1651.5777777777776
32,35,700.375,1626.5777777777776,50.24075075075073,37,0,691.0,721.0,709.75,679.75,1601.5777777777776,1651.5777777777776
32,36,730.375,1626.5777777777776,63.850357142857135,28,0,721.0,751.0,739.75,709.75,1601.5777777777776,1651.5777777777776
32,37,760.375,1626.5777777777776,59.41125,32,0,751.0,781.0,769.75,739.75,1601.5777777777776,1651.5777777777776
32,38,790.375,1626.5777777777776,54.72749999999999,48,0,781.0,811.0,799.75,769.75,1601.5777777777776,1651.5777777777776
32,39,820.375,1626.5777777777776,58.980000000000004,27,0,811.0,841.0,829.75,799.75,1601.5777777777776,1651.5777777777776
32,40,850.375,1626.5777777777776,51.98444444444445,36,0,841.0,871.0,859.75,829.75,1601.5777777777776,1651.5777777777776
32,41,880.375,1626.5777777777776,55.49925064599483,43,0,871.0,901.0,889.75,859.75,1601.5777777777776,1651.5777777777776
32,42,910.375,1626.5777777777776,47.41600000000001,50,0,901.0,931.0,919.75,889.75,1601.5777777777776,1651.5777777777776
32,43,940.375,1626.5777777777776,55.585925925925935,27,0,931.0,961.0,949.75,919.75,1601.5777777777776,1651.5777777777776
32,44,970.375,1626.5777777777776,59.95060606060604,22,0,961.0,991.0,979.75,949.75,1601.5777777777776,1651.5777777777776
32,45,1000.375,1626.5777777777776,56.48194444444445,36,0,991.0,1021.0,1009.75,979.75,1601.5777777777776,1651.5777777777776
32,46,1030.375,1626.5777777777776,51.194761904761904,42,0,1021.0,1051.0,1039.75,1009.75,1601.5777777777776,1651.5777777777776
32,47,1060.375,1626.5777777777776,51.17787234042554,47,0,1051.0,1081.0,1069.75,1039.75,1601.5777777777776,1651.5777777777776
32,48,1090.375,1626.5777777777776,50.739999999999995,51,0,1081.0,1111.0,1099.75,1069.75,1601.5777777777776,1651.5777777777776
32,49,1120.375,1626.5777777777776,48.03760869565217,46,0,1111.0,1141.0,1129.75,1099.75,1601.5777777777776,1651.5777777777776
32,50,1150.375,1626.5777777777776,42.20499999999999,56,0,1141.0,1171.0,1159.75,1129.75,1601.5777777777776,1651.5777777777776
32,51,1180.375,1626.5777777777776,37.032,70,0,1171.0,1201.0,1189.75,1159.75,1601.5777777777776,1651.5777777777776
32,52,1210.375,1626.5777777777776,24.686025641025644,78,0,1201.0,1231.0,1219.75,1189.75,1601.5777777777776,1651.5777777777776
32,53,1240.375,1626.5777777777776,32.71537313432835,67,0,1231.0,1261.0,1249.75,1219.75,1601.5777777777776,1651.5777777777776
32,54,1270.375,1626.5777777777776,40.391162790697685,43,0,1261.0,1291.0,1279.75,1249.75,1601.5777777777776,1651.5777777777776
32,55,1300.375,1626.5777777777776,43.09025641025641,52,0,1291.0,1321.0,1309.75,1279.75,1601.5777777777776,1651.5777777777776
32,56,1330.375,1626.5777777777776,48.95114285714287,35,0,1321.0,1351.0,1339.75,1309.75,1601.5777777777776,1651.5777777777776
32,57,1360.375,1626.5777777777776,48.520447530864196,36,0,1351.0,1381.0,1369.75,1339.75,1601.5777777777776,1651.5777777777776
32,58,1390.375,1626.5777777777776,47.34891891891891,37,0,1381.0,1411.0,1399.75,1369.75,1601.5777777777776,1651.5777777777776
32,59,1420.375,1626.5777777777776,41.30865384615384,52,0,1411.0,1441.0,1429.75,1399.75,1601.5777777777776,1651.5777777777776
32,60,1450.375,1626.5777777777776,40.16175,40,0,1441.0,1471.0,1459.75,1429.75,1601.5777777777776,1651.5777777777776
32,61,1480.375,1626.5777777777776,36.31166666666665,60,0,1471.0,1501.0,1489.75,1459.75,1601.5777777777776,1651.5777777777776
32,62,1510.375,1626.5777777777776,39.557014925373146,67,0,1501.0,1531.0,1519.75,1489.75,1601.5777777777776,1651.5777777777776
32,63,1540.375,1626.5777777777776,36.650555555555556,54,0,1531.0,1561.0,1549.75,1519.75,1601.5777777777776,1651.5777777777776
32,64,1570.375,1626.5777777777776,38.18048387096774,62,0,1561.0,1591.0,1579.75,1549.75,1601.5777777777776,1651.5777777777776
32,65,1600.375,1626.5777777777776,44.482340425531916,47,0,1591.0,1621.0,1609.75,1579.75,1601.5777777777776,1651.5777777777776
32,66,1630.375,1626.5777777777776,43.662187499999995,32,0,1621.0,1651.0,1639.75,1609.75,1601.5777777777776,1651.5777777777776
32,67,1660.375,1626.5777777777776,38.64148148148148,54,0,1651.0,1681.0,1669.75,1639.75,1601.5777777777776,1651.5777777777776
32,68,1690.375,1626.5777777777776,42.24496124031007,43,0,1681.0,1711.0,1699.75,1669.75,1601.5777777777776,1651.5777777777776
32,69,1720.375,1626.5777777777776,42.45196428571428,56,0,1711.0,1741.0,1729.75,1699.75,1601.5777777777776,1651.5777777777776
32,70,1750.375,1626.5777777777776,43.6086394557823,49,0,1741.0,1771.0,1759.75,1729.75,1601.5777777777776,1651.5777777777776
32,71,1780.375,1626.5777777777776,45.79976744186047,43,0,1771.0,1801.0,1789.75,1759.75,1601.5777777777776,1651.5777777777776
32,72,1810.375,1626.5777777777776,44.303829787234044,47,0,1801.0,1831.0,1819.75,1789.75,1601.5777777777776,1651.5777777777776
32,73,1840.375,1626.5777777777776,44.18354166666666,48,0,1831.0,1861.0,1849.75,1819.75,1601.5777777777776,1651.5777777777776
32,74,1870.375,1626.5777777777776,44.76367346938775,49,0,1861.0,1891.0,1879.75,1849.75,1601.5777777777776,1651.5777777777776
32,75,1900.375,1626.5777777777776,44.438866666666655,50,0,1891.0,1921.0,1909.75,1879.75,1601.5777777777776,1651.5777777777776
32,76,1930.375,1626.5777777777776,45.146734693877555,49,0,1921.0,1951.0,1939.75,1909.75,1601.5777777777776,1651.5777777777776
32,77,1960.375,1626.5777777777776,47.606137566137555,42,0,1951.0,1981.0,1969.75,1939.75,1601.5777777777776,1651.5777777777776
32,78,1990.375,1626.5777777777776,46.678535714285715,40,0,1981.0,2011.0,1999.75,1969.75,1601.5777777777776,1651.5777777777776
32,79,2020.375,1626.5777777777776,49.90632653061226,49,0,2011.0,2041.0,2029.75,1999.75,1601.5777777777776,1651.5777777777776
32,80,2050.375,1626.5777777777776,49.475777777777786,45,0,2041.0,2071.0,2059.75,2029.75,1601.5777777777776,1651.5777777777776
32,81,2080.375,1626.5777777777776,48.77023255813954,43,0,2071.0,2101.0,2089.75,2059.75,1601.5777777777776,1651.5777777777776
32,82,2110.375,1626.5777777777776,48.53315789473684,38,0,2101.0,2131.0,2119.75,2089.75,1601.5777777777776,1651.5777777777776
32,83,2140.375,1626.5777777777776,43.01255319148937,47,0,2131.0,2161.0,2149.75,2119.75,1601.5777777777776,1651.5777777777776
32,84,2170.375,1626.5777777777776,42.86659574468086,47,0,2161.0,2191.0,2179.75,2149.75,1601.5777777777776,1651.5777777777776
32,85,2200.375,1626.5777777777776,46.80692905733722,49,0,2191.0,2221.0,2209.75,2179.75,1601.5777777777776,1651.5777777777776
32,86,2230.375,1626.5777777777776,44.890617283950625,54,0,2221.0,2251.0,2239.75,2209.75,1601.5777777777776,1651.5777777777776
32,87,2260.375,1626.5777777777776,47.440000000000005,48,0,2251.0,2281.0,2269.75,2239.75,1601.5777777777776,1651.5777777777776
32,88,2290.375,1626.5777777777776,42.21391304347827,46,0,2281.0,2311.0,2299.75,2269.75,1601.5777777777776,1651.5777777777776
32,89,2320.375,1626.5777777777776,41.57392156862744,51,0,2311.0,2341.0,2329.75,2299.75,1601.5777777777776,1651.5777777777776
32,90,2350.375,1626.5777777777776,43.76777777777778,54,0,2341.0,2371.0,2359.75,2329.75,1601.5777777777776,1651.5777777777776
32,91,2380.375,1626.5777777777776,41.51942307692306,52,0,2371.0,2401.0,2389.75,2359.75,1601.5777777777776,1651.5777777777776
32,92,2410.375,1626.5777777777776,39.72403846153845,52,0,2401.0,2431.0,2419.75,2389.75,1601.5777777777776,1651.5777777777776
32,93,2440.375,1626.5777777777776,42.33698113207547,53,0,2431.0,2461.0,2449.75,2419.75,1601.5777777777776,1651.5777777777776
32,94,2470.375,1626.5777777777776,41.39929824561402,57,0,2461.0,2491.0,2479.75,2449.75,1601.5777777777776,1651.5777777777776
32,95,2500.375,1626.5777777777776,40.72033898305086,59,0,2491.0,2521.0,2509.75,2479.75,1601.5777777777776,1651.5777777777776
32,96,2530.375,1626.5777777777776,42.919122807017544,57,0,2521.0,2551.0,2539.75,2509.75,1601.5777777777776,1651.5777777777776
32,97,2560.375,1626.5777777777776,35.84359375000001,64,0,2551.0,2581.0,2569.75,2539.75,1601.5777777777776,1651.5777777777776
32,98,2590.375,1626.5777777777776,31.406875,64,0,2581.0,2611.0,2599.75,2569.75,1601.5777777777776,1651.5777777777776
32,99,2620.375,1626.5777777777776,33.55260504201681,68,0,2611.0,2641.0,2629.75,2599.75,1601.5777777777776,1651.5777777777776
32,100,2650.375,1626.5777777777776,31.911463414634145,82,0,2641.0,2671.0,2659.75,2629.75,1601.5777777777776,1651.5777777777776
32,101,2680.375,1626.5777777777776,38.609508196721315,61,0,2671.0,2701.0,2689.75,2659.75,1601.5777777777776,1651.5777777777776
32,102,2710.375,1626.5777777777776,44.53869565217391,46,0,2701.0,2731.0,2719.75,2689.75,1601.5777777777776,1651.5777777777776
32,103,2740.375,1626.5777777777776,49.68755555555555,45,0,2731.0,2761.0,2749.75,2719.75,1601.5777777777776,1651.5777777777776
32,104,2770.375,1626.5777777777776,42.10759259259259,54,0,2761.0,2791.0,2779.75,2749.75,1601.5777777777776,1651.5777777777776
32,105,2800.375,1626.5777777777776,42.157746478873236,71,0,2791.0,2821.0,2809.75,2779.75,1601.5777777777776,1651.5777777777776
32,106,2830.375,1626.5777777777776,33.326296296296306,54,0,2821.0,2851.0,2839.75,2809.75,1601.5777777777776,1651.5777777777776
32,107,2860.375,1626.5777777777776,28.73310810810811,74,0,2851.0,2881.0,2869.75,2839.75,1601.5777777777776,1651.5777777777776
32,108,2890.375,1626.5777777777776,33.50868827160493,72,0,2881.0,2911.0,2899.75,2869.75,1601.5777777777776,1651.5777777777776
32,109,2920.375,1626.5777777777776,38.30609374999998,64,0,2911.0,2941.0,2929.75,2899.75,1601.5777777777776,1651.5777777777776
32,110,2950.375,1626.5777777777776,42.19490566037735,53,0,2941.0,2971.0,2959.75,2929.75,1601.5777777777776,1651.5777777777776
32,111,2980.375,1626.5777777777776,43.561346153846166,52,0,2971.0,3001.0,2989.75,2959.75,1601.5777777777776,1651.5777777777776
32,112,3010.375,1626.5777777777776,42.07086956521739,46,0,3001.0,3031.0,3019.75,2989.75,1601.5777777777776,1651.5777777777776
32,113,3040.375,1626.5777777777776,47.66285714285714,42,0,3031.0,3061.0,3049.75,3019.75,1601.5777777777776,1651.5777777777776
32,114,3070.375,1626.5777777777776,46.91645833333332,48,0,3061.0,3091.0,3079.75,3049.75,1601.5777777777776,1651.5777777777776
32,115,3100.375,1626.5777777777776,44.730888888888884,45,0,3091.0,3121.0,3109.75,3079.75,1601.5777777777776,1651.5777777777776
32,116,3130.375,1626.5777777777776,41.88642857142859,56,0,3121.0,3151.0,3139.75,3109.75,1601.5777777777776,1651.5777777777776
32,117,3160.375,1626.5777777777776,42.18169811320755,53,0,3151.0,3181.0,3169.75,3139.75,1601.5777777777776,1651.5777777777776
32,118,3190.375,1626.5777777777776,43.99454545454545,44,0,3181.0,3211.0,3199.75,3169.75,1601.5777777777776,1651.5777777777776
32,119,3220.375,1626.5777777777776,45.83954545454545,44,0,3211.0,3241.0,3229.75,3199.75,1601.5777777777776,1651.5777777777776
32,120,3250.375,1626.5777777777776,49.30076923076921,39,0,3241.0,3271.0,3259.75,3229.75,1601.5777777777776,1651.5777777777776
32,121,3280.375,1626.5777777777776,45.05384615384616,52,0,3271.0,3301.0,3289.75,3259.75,1601.5777777777776,1651.5777777777776
32,122,3310.375,1626.5777777777776,43.07649122807017,57,0,3301.0,3331.0,3319.75,3289.75,1601.5777777777776,1651.5777777777776
32,123,3340.375,1626.5777777777776,46.07708333333332,48,0,3331.0,3361.0,3349.75,3319.75,1601.5777777777776,1651.5777777777776
32,124,3370.375,1626.5777777777776,44.67369565217392,46,0,3361.0,3391.0,3379.75,3349.75,1601.5777777777776,1651.5777777777776
32,125,3400.375,1626.5777777777776,48.120539215686264,51,0,3391.0,3421.0,3409.75,3379.75,1601.5777777777776,1651.5777777777776
32,126,3430.375,1626.5777777777776,49.90761904761904,42,0,3421.0,3451.0,3439.75,3409.75,1601.5777777777776,1651.5777777777776
32,127,3460.375,1626.5777777777776,48.272142857142846,42,0,3451.0,3481.0,3469.75,3439.75,1601.5777777777776,1651.5777777777776
32,128,3490.375,1626.5777777777776,42.8482,50,0,3481.0,3511.0,3499.75,3469.75,1601.5777777777776,1651.5777777777776
32,129,3520.375,1626.5777777777776,43.19239130434784,46,0,3511.0,3541.0,3529.75,3499.75,1601.5777777777776,1651.5777777777776
32,130,3550.375,1626.5777777777776,40.400888888888886,45,0,3541.0,3571.0,3559.75,3529.75,1601.5777777777776,1651.5777777777776
32,131,3580.375,1626.5777777777776,41.07833333333332,42,0,3571.0,3601.0,3589.75,3559.75,1601.5777777777776,1651.5777777777776
32,132,3610.375,1626.5777777777776,41.075384615384614,39,0,3601.0,3631.0,3619.75,3589.75,1601.5777777777776,1651.5777777777776
32,133,3640.375,1626.5777777777776,46.64355013550136,41,0,3631.0,3661.0,3649.75,3619.75,1601.5777777777776,1651.5777777777776
32,134,3670.375,1626.5777777777776,46.20219512195123,41,0,3661.0,3691.0,3679.75,3649.75,1601.5777777777776,1651.5777777777776
32,135,3700.375,1626.5777777777776,48.260370370370374,27,0,3691.0,3721.0,3709.75,3679.75,1601.5777777777776,1651.5777777777776
32,136,3730.375,1626.5777777777776,46.61571428571428,35,0,3721.0,3751.0,3739.75,3709.75,1601.5777777777776,1651.5777777777776
32,137,3760.375,1626.5777777777776,38.11025396825397,45,0,3751.0,3781.0,3769.75,3739.75,1601.5777777777776,1651.5777777777776
32,138,3790.375,1626.5777777777776,39.823265306122444,49,0,3781.0,3811.0,3799.75,3769.75,1601.5777777777776,1651.5777777777776
32,139,3820.375,1626.5777777777776,41.44108108108108,37,0,3811.0,3841.0,3829.75,3799.75,1601.5777777777776,1651.5777777777776
32,140,3850.375,1626.5777777777776,40.866,10,0,3841.0,3871.0,3859.75,3829.75,1601.5777777777776,1651.5777777777776
32,141,3880.375,1626.5777777777776,,0,0,3871.0,3901.0,3889.75,3859.75,1601.5777777777776,1651.5777777777776
33,12,-0.875,1676.5777777777776,76.154,5,0,-10.25,19.75,8.5,-21.5,1651.5777777777776,1701.5777777777776
33,13,29.125,1676.5777777777776,56.083076923076916,26,0,19.75,49.75,38.5,8.5,1651.5777777777776,1701.5777777777776
33,14,59.125,1676.5777777777776,48.32442307692308,52,0,49.75,79.75,68.5,38.5,1651.5777777777776,1701.5777777777776
33,15,89.125,1676.5777777777776,50.67372093023254,43,0,79.75,109.75,98.5,68.5,1651.5777777777776,1701.5777777777776
33,16,119.125,1676.5777777777776,51.93506802721089,42,0,109.75,139.75,128.5,98.5,1651.5777777777776,1701.5777777777776
33,17,149.125,1676.5777777777776,57.61842818428184,41,0,139.75,169.75,158.5,128.5,1651.5777777777776,1701.5777777777776
33,18,179.125,1676.5777777777776,58.26085714285714,35,0,169.75,199.75,188.5,158.5,1651.5777777777776,1701.5777777777776
33,19,209.125,1676.5777777777776,57.084999999999994,28,0,199.75,229.75,218.5,188.5,1651.5777777777776,1701.5777777777776
33,20,239.125,1676.5777777777776,53.949411764705886,51,0,229.75,259.75,248.5,218.5,1651.5777777777776,1701.5777777777776
33,21,269.125,1676.5777777777776,48.50611111111112,54,0,259.75,289.75,278.5,248.5,1651.5777777777776,1701.5777777777776
33,22,299.125,1676.5777777777776,52.61904761904763,42,0,289.75,319.75,308.5,278.5,1651.5777777777776,1701.5777777777776
33,23,329.125,1676.5777777777776,67.615625,32,0,319.75,349.75,338.5,308.5,1651.5777777777776,1701.5777777777776
33,24,359.125,1676.5777777777776,73.01647058823531,17,0,349.75,379.75,368.5,338.5,1651.5777777777776,1701.5777777777776
33,25,389.125,1676.5777777777776,68.81086580086581,22,0,379.75,409.75,398.5,368.5,1651.5777777777776,1701.5777777777776
33,26,419.125,1676.5777777777776,62.95272727272727,33,0,409.75,439.75,428.5,398.5,1651.5777777777776,1701.5777777777776
33,27,449.125,1676.5777777777776,66.17451612903226,31,0,439.75,469.75,458.5,428.5,1651.5777777777776,1701.5777777777776
33,28,479.125,1676.5777777777776,60.94060606060604,33,0,469.75,499.75,488.5,458.5,1651.5777777777776,1701.5777777777776
33,29,509.125,1676.5777777777776,56.86114285714285,35,0,499.75,529.75,518.5,488.5,1651.5777777777776,1701.5777777777776
33,30,539.125,1676.5777777777776,58.270718954248366,34,0,529.75,559.75,548.5,518.5,1651.5777777777776,1701.5777777777776
33,31,569.125,1676.5777777777776,54.627916666666664,48,0,559.75,589.75,578.5,548.5,1651.5777777777776,1701.5777777777776
33,32,599.125,1676.5777777777776,49.265333333333324,45,0,589.75,619.75,608.5,578.5,1651.5777777777776,1701.5777777777776
33,33,629.125,1676.5777777777776,47.38107142857143,56,0,619.75,649.75,638.5,608.5,1651.5777777777776,1701.5777777777776
33,34,659.125,1676.5777777777776,45.167777777777765,54,0,649.75,679.75,668.5,638.5,1651.5777777777776,1701.5777777777776
33,35,689.125,1676.5777777777776,44.34127659574466,47,0,679.75,709.75,698.5,668.5,1651.5777777777776,1701.5777777777776
33,36,719.125,1676.5777777777776,55.37119047619049,42,0,709.75,739.75,728.5,698.5,1651.5777777777776,1701.5777777777776
33,37,749.125,1676.5777777777776,64.38434782608697,23,0,739.75,769.75,758.5,728.5,1651.5777777777776,1701.5777777777776
33,38,779.125,1676.5777777777776,54.066415094339625,53,0,769.75,799.75,788.5,758.5,1651.5777777777776,1701.5777777777776
33,39,809.125,1676.5777777777776,52.6930745341615,46,0,799.75,829.75,818.5,788.5,1651.5777777777776,1701.5777777777776
33,40,839.125,1676.5777777777776,54.82275,40,0,829.75,859.75,848.5,818.5,1651.5777777777776,1701.5777777777776
33,41,869.125,1676.5777777777776,52.52989130434783,46,0,859.75,889.75,878.5,848.5,1651.5777777777776,1701.5777777777776
33,42,899.125,1676.5777777777776,50.680199999999985,50,0,889.75,919.75,908.5,878.5,1651.5777777777776,1701.5777777777776
33,43,929.125,1676.5777777777776,46.209999999999994,46,0,919.75,949.75,938.5,908.5,1651.5777777777776,1701.5777777777776
33,44,959.125,1676.5777777777776,57.027,20,0,949.75,979.75,968.5,938.5,1651.5777777777776,1701.5777777777776
33,45,989.125,1676.5777777777776,57.60225806451612,31,0,979.75,1009.75,998.5,968.5,1651.5777777777776,1701.5777777777776
33,46,1019.125,1676.5777777777776,52.259249999999994,40,0,1009.75,1039.75,1028.5,998.5,1651.5777777777776,1701.5777777777776
33,47,1049.125,1676.5777777777776,50.091224489795934,49,0,1039.75,1069.75,1058.5,1028.5,1651.5777777777776,1701.5777777777776
33,48,1079.125,1676.5777777777776,49.38340277777778,48,0,1069.75,1099.75,1088.5,1058.5,1651.5777777777776,1701.5777777777776
33,49,1109.125,1676.5777777777776,44.60089285714286,56,0,1099.75,1129.75,1118.5,1088.5,1651.5777777777776,1701.5777777777776
33,50,1139.125,1676.5777777777776,43.4594642857143,56,0,1129.75,1159.75,1148.5,1118.5,1651.5777777777776,1701.5777777777776
33,51,1169.125,1676.5777777777776,34.9975,64,0,1159.75,1189.75,1178.5,1148.5,1651.5777777777776,1701.5777777777776
33,52,1199.125,1676.5777777777776,27.911772151898738,79,0,1189.75,1219.75,1208.5,1178.5,1651.5777777777776,1701.5777777777776
33,53,1229.125,1676.5777777777776,34.66692307692309,65,0,1219.75,1249.75,1238.5,1208.5,1651.5777777777776,1701.5777777777776
33,54,1259.125,1676.5777777777776,40.95826923076923,52,0,1249.75,1279.75,1268.5,1238.5,1651.5777777777776,1701.5777777777776
33,55,1289.125,1676.5777777777776,42.221,50,0,1279.75,1309.75,1298.5,1268.5,1651.5777777777776,1701.5777777777776
33,56,1319.125,1676.5777777777776,48.790526315789485,38,0,1309.75,1339.75,1328.5,1298.5,1651.5777777777776,1701.5777777777776
33,57,1349.125,1676.5777777777776,48.84828571428572,35,0,1339.75,1369.75,1358.5,1328.5,1651.5777777777776,1701.5777777777776
33,58,1379.125,1676.5777777777776,51.085882352941184,34,0,1369.75,1399.75,1388.5,1358.5,1651.5777777777776,1701.5777777777776
33,59,1409.125,1676.5777777777776,44.772000000000006,40,0,1399.75,1429.75,1418.5,1388.5,1651.5777777777776,1701.5777777777776
33,60,1439.125,1676.5777777777776,42.320812499999995,40,0,1429.75,1459.75,1448.5,1418.5,1651.5777777777776,1701.5777777777776
33,61,1469.125,1676.5777777777776,42.09243243243243,37,0,1459.75,1489.75,1478.5,1448.5,1651.5777777777776,1701.5777777777776
33,62,1499.125,1676.5777777777776,37.907260273972604,73,0,1489.75,1519.75,1508.5,1478.5,1651.5777777777776,1701.5777777777776
33,63,1529.125,1676.5777777777776,38.644375,48,0,1519.75,1549.75,1538.5,1508.5,1651.5777777777776,1701.5777777777776
33,64,1559.125,1676.5777777777776,39.82504237288134,59,0,1549.75,1579.75,1568.5,1538.5,1651.5777777777776,1701.5777777777776
33,65,1589.125,1676.5777777777776,42.306818181818194,44,0,1579.75,1609.75,1598.5,1568.5,1651.5777777777776,1701.5777777777776
33,66,1619.125,1676.5777777777776,45.453658536585344,41,0,1609.75,1639.75,1628.5,1598.5,1651.5777777777776,1701.5777777777776
33,67,1649.125,1676.5777777777776,42.260697674418594,43,0,1639.75,1669.75,1658.5,1628.5,1651.5777777777776,1701.5777777777776
33,68,1679.125,1676.5777777777776,41.853500000000004,40,0,1669.75,1699.75,1688.5,1658.5,1651.5777777777776,1701.5777777777776
33,69,1709.125,1676.5777777777776,45.06428571428572,42,0,1699.75,1729.75,1718.5,1688.5,1651.5777777777776,1701.5777777777776
33,70,1739.125,1676.5777777777776,42.22,54,0,1729.75,1759.75,1748.5,1718.5,1651.5777777777776,1701.5777777777776
33,71,1769.125,1676.5777777777776,45.69,35,0,1759.75,1789.75,1778.5,1748.5,1651.5777777777776,1701.5777777777776
33,72,1799.125,1676.5777777777776,45.99,45,0,1789.75,1819.75,1808.5,1778.5,1651.5777777777776,1701.5777777777776
33,73,1829.125,1676.5777777777776,44.3597619047619,42,0,1819.75,1849.75,1838.5,1808.5,1651.5777777777776,1701.5777777777776
33,74,1859.125,1676.5777777777776,46.09875000000001,40,0,1849.75,1879.75,1868.5,1838.5,1651.5777777777776,1701.5777777777776
33,75,1889.125,1676.5777777777776,43.11358490566039,53,0,1879.75,1909.75,1898.5,1868.5,1651.5777777777776,1701.5777777777776
33,76,1919.125,1676.5777777777776,45.32342105263158,38,0,1909.75,1939.75,1928.5,1898.5,1651.5777777777776,1701.5777777777776
33,77,1949.125,1676.5777777777776,45.029230769230765,39,0,1939.75,1969.75,1958.5,1928.5,1651.5777777777776,1701.5777777777776
33,78,1979.125,1676.5777777777776,50.24366666666667,30,0,1969.75,1999.75,1988.5,1958.5,1651.5777777777776,1701.5777777777776
33,79,2009.125,1676.5777777777776,48.33309523809525,42,0,1999.75,2029.75,2018.5,1988.5,1651.5777777777776,1701.5777777777776
33,80,2039.125,1676.5777777777776,49.20489361702128,47,0,2029.75,2059.75,2048.5,2018.5,1651.5777777777776,1701.5777777777776
33,81,2069.125,1676.5777777777776,48.10194444444445,36,0,2059.75,2089.75,2078.5,2048.5,1651.5777777777776,1701.5777777777776
33,82,2099.125,1676.5777777777776,50.24714285714286,35,0,2089.75,2119.75,2108.5,2078.5,1651.5777777777776,1701.5777777777776
33,83,2129.125,1676.5777777777776,50.26235294117647,34,0,2119.75,2149.75,2138.5,2108.5,1651.5777777777776,1701.5777777777776
33,84,2159.125,1676.5777777777776,40.28714285714287,49,0,2149.75,2179.75,2168.5,2138.5,1651.5777777777776,1701.5777777777776
33,85,2189.125,1676.5777777777776,46.41925,40,0,2179.75,2209.75,2198.5,2168.5,1651.5777777777776,1701.5777777777776
33,86,2219.125,1676.5777777777776,45.55945454545454,55,0,2209.75,2239.75,2228.5,2198.5,1651.5777777777776,1701.5777777777776
33,87,2249.125,1676.5777777777776,46.562000000000005,50,0,2239.75,2269.75,2258.5,2228.5,1651.5777777777776,1701.5777777777776
33,88,2279.125,1676.5777777777776,41.05745454545456,55,0,2269.75,2299.75,2288.5,2258.5,1651.5777777777776,1701.5777777777776
33,89,2309.125,1676.5777777777776,40.67250000000001,44,0,2299.75,2329.75,2318.5,2288.5,1651.5777777777776,1701.5777777777776
33,90,2339.125,1676.5777777777776,37.88533333333334,60,0,2329.75,2359.75,2348.5,2318.5,1651.5777777777776,1701.5777777777776
33,91,2369.125,1676.5777777777776,39.61166666666668,54,0,2359.75,2389.75,2378.5,2348.5,1651.5777777777776,1701.5777777777776
33,92,2399.125,1676.5777777777776,34.9846551724138,58,0,2389.75,2419.75,2408.5,2378.5,1651.5777777777776,1701.5777777777776
33,93,2429.125,1676.5777777777776,35.110392156862744,51,0,2419.75,2449.75,2438.5,2408.5,1651.5777777777776,1701.5777777777776
33,94,2459.125,1676.5777777777776,38.64650793650793,63,0,2449.75,2479.75,2468.5,2438.5,1651.5777777777776,1701.5777777777776
33,95,2489.125,1676.5777777777776,36.21035087719298,57,0,2479.75,2509.75,2498.5,2468.5,1651.5777777777776,1701.5777777777776
33,96,2519.125,1676.5777777777776,40.99640624999999,64,0,2509.75,2539.75,2528.5,2498.5,1651.5777777777776,1701.5777777777776
33,97,2549.125,1676.5777777777776,39.90020408163267,49,0,2539.75,2569.75,2558.5,2528.5,1651.5777777777776,1701.5777777777776
33,98,2579.125,1676.5777777777776,34.00072727272727,55,0,2569.75,2599.75,2588.5,2558.5,1651.5777777777776,1701.5777777777776
33,99,2609.125,1676.5777777777776,31.777343749999993,64,0,2599.75,2629.75,2618.5,2588.5,1651.5777777777776,1701.5777777777776
33,100,2639.125,1676.5777777777776,26.34511363636364,88,0,2629.75,2659.75,2648.5,2618.5,1651.5777777777776,1701.5777777777776
33,101,2669.125,1676.5777777777776,32.94971428571429,70,0,2659.75,2689.75,2678.5,2648.5,1651.5777777777776,1701.5777777777776
33,102,2699.125,1676.5777777777776,44.25877551020409,49,0,2689.75,2719.75,2708.5,2678.5,1651.5777777777776,1701.5777777777776
33,103,2729.125,1676.5777777777776,47.353333333333325,48,0,2719.75,2749.75,2738.5,2708.5,1651.5777777777776,1701.5777777777776
33,104,2759.125,1676.5777777777776,43.19777777777777,45,0,2749.75,2779.75,2768.5,2738.5,1651.5777777777776,1701.5777777777776
33,105,2789.125,1676.5777777777776,36.13344262295081,61,0,2779.75,2809.75,2798.5,2768.5,1651.5777777777776,1701.5777777777776
33,106,2819.125,1676.5777777777776,31.353273056057873,79,0,2809.75,2839.75,2828.5,2798.5,1651.5777777777776,1701.5777777777776
33,107,2849.125,1676.5777777777776,31.946949152542384,59,0,2839.75,2869.75,2858.5,2828.5,1651.5777777777776,1701.5777777777776
33,108,2879.125,1676.5777777777776,34.50524590163935,61,0,2869.75,2899.75,2888.5,2858.5,1651.5777777777776,1701.5777777777776
33,109,2909.125,1676.5777777777776,39.75032786885246,61,0,2899.75,2929.75,2918.5,2888.5,1651.5777777777776,1701.5777777777776
33,110,2939.125,1676.5777777777776,43.38592592592593,54,0,2929.75,2959.75,2948.5,2918.5,1651.5777777777776,1701.5777777777776
33,111,2969.125,1676.5777777777776,45.68844444444444,45,0,2959.75,2989.75,2978.5,2948.5,1651.5777777777776,1701.5777777777776
33,112,2999.125,1676.5777777777776,42.508541666666666,48,0,2989.75,3019.75,3008.5,2978.5,1651.5777777777776,1701.5777777777776
33,113,3029.125,1676.5777777777776,41.73134615384615,52,0,3019.75,3049.75,3038.5,3008.5,1651.5777777777776,1701.5777777777776
33,114,3059.125,1676.5777777777776,46.773500000000006,40,0,3049.75,3079.75,3068.5,3038.5,1651.5777777777776,1701.5777777777776
33,115,3089.125,1676.5777777777776,44.91613636363637,44,0,3079.75,3109.75,3098.5,3068.5,1651.5777777777776,1701.5777777777776
33,116,3119.125,1676.5777777777776,43.20404255319147,47,0,3109.75,3139.75,3128.5,3098.5,1651.5777777777776,1701.5777777777776
33,117,3149.125,1676.5777777777776,42.42448484848486,55,0,3139.75,3169.75,3158.5,3128.5,1651.5777777777776,1701.5777777777776
33,118,3179.125,1676.5777777777776,44.39428571428573,49,0,3169.75,3199.75,3188.5,3158.5,1651.5777777777776,1701.5777777777776
33,119,3209.125,1676.5777777777776,45.42958333333335,42,0,3199.75,3229.75,3218.5,3188.5,1651.5777777777776,1701.5777777777776
33,120,3239.125,1676.5777777777776,48.69486486486488,37,0,3229.75,3259.75,3248.5,3218.5,1651.5777777777776,1701.5777777777776
33,121,3269.125,1676.5777777777776,48.0786842105263,38,0,3259.75,3289.75,3278.5,3248.5,1651.5777777777776,1701.5777777777776
33,122,3299.125,1676.5777777777776,42.91722222222223,54,0,3289.75,3319.75,3308.5,3278.5,1651.5777777777776,1701.5777777777776
33,123,3329.125,1676.5777777777776,44.730566037735855,53,0,3319.75,3349.75,3338.5,3308.5,1651.5777777777776,1701.5777777777776
33,124,3359.125,1676.5777777777776,48.3619512195122,41,0,3349.75,3379.75,3368.5,3338.5,1651.5777777777776,1701.5777777777776
33,125,3389.125,1676.5777777777776,47.67673913043478,46,0,3379.75,3409.75,3398.5,3368.5,1651.5777777777776,1701.5777777777776
33,126,3419.125,1676.5777777777776,48.87000000000002,54,0,3409.75,3439.75,3428.5,3398.5,1651.5777777777776,1701.5777777777776
33,127,3449.125,1676.5777777777776,49.32733333333332,45,0,3439.75,3469.75,3458.5,3428.5,1651.5777777777776,1701.5777777777776
33,128,3479.125,1676.5777777777776,45.91076923076923,39,0,3469.75,3499.75,3488.5,3458.5,1651.5777777777776,1701.5777777777776
33,129,3509.125,1676.5777777777776,45.86145833333333,48,0,3499.75,3529.75,3518.5,3488.5,1651.5777777777776,1701.5777777777776
33,130,3539.125,1676.5777777777776,44.43828571428572,35,0,3529.75,3559.75,3548.5,3518.5,1651.5777777777776,1701.5777777777776
33,131,3569.125,1676.5777777777776,42.312682926829275,41,0,3559.75,3589.75,3578.5,3548.5,1651.5777777777776,1701.5777777777776
33,132,3599.125,1676.5777777777776,42.824999999999996,40,0,3589.75,3619.75,3608.5,3578.5,1651.5777777777776,1701.5777777777776
33,133,3629.125,1676.5777777777776,45.511621621621615,37,0,3619.75,3649.75,3638.5,3608.5,1651.5777777777776,1701.5777777777776
33,134,3659.125,1676.5777777777776,46.83425,40,0,3649.75,3679.75,3668.5,3638.5,1651.5777777777776,1701.5777777777776
33,135,3689.125,1676.5777777777776,48.78524193548387,31,0,3679.75,3709.75,3698.5,3668.5,1651.5777777777776,1701.5777777777776
33,136,3719.125,1676.5777777777776,48.915641025641044,26,0,3709.75,3739.75,3728.5,3698.5,1651.5777777777776,1701.5777777777776
33,137,3749.125,1676.5777777777776,44.54677419354838,31,0,3739.75,3769.75,3758.5,3728.5,1651.5777777777776,1701.5777777777776
33,138,3779.125,1676.5777777777776,41.42658536585366,41,0,3769.75,3799.75,3788.5,3758.5,1651.5777777777776,1701.5777777777776
33,139,3809.125,1676.5777777777776,42.727297297297305,37,0,3799.75,3829.75,3818.5,3788.5,1651.5777777777776,1701.5777777777776
33,140,3839.125,1676.5777777777776,37.410000000000004,34,0,3829.75,3859.75,3848.5,3818.5,1651.5777777777776,1701.5777777777776
33,141,3869.125,1676.5777777777776,,0,0,3859.75,3889.75,3878.5,3848.5,1651.5777777777776,1701.5777777777776
34,12,-12.125,1726.5777777777776,81.19,1,0,-21.5,8.5,-2.75,-32.75,1701.5777777777776,1751.5777777777776
34,13,17.875,1726.5777777777776,69.04,11,0,8.5,38.5,27.25,-2.75,1701.5777777777776,1751.5777777777776
34,14,47.875,1726.5777777777776,51.13133333333334,45,0,38.5,68.5,57.25,27.25,1701.5777777777776,1751.5777777777776
34,15,77.875,1726.5777777777776,49.20179999999999,50,0,68.5,98.5,87.25,57.25,1701.5777777777776,1751.5777777777776
34,16,107.875,1726.5777777777776,53.06585365853658,41,0,98.5,128.5,117.25,87.25,1701.5777777777776,1751.5777777777776
34,17,137.875,1726.5777777777776,54.24181818181819,44,0,128.5,158.5,147.25,117.25,1701.5777777777776,1751.5777777777776
34,18,167.875,1726.5777777777776,55.77629629629628,27,0,158.5,188.5,177.25,147.25,1701.5777777777776,1751.5777777777776
34,19,197.875,1726.5777777777776,61.22650000000001,20,0,188.5,218.5,207.25,177.25,1701.5777777777776,1751.5777777777776
34,20,227.875,1726.5777777777776,54.581875000000025,48,0,218.5,248.5,237.25,207.25,1701.5777777777776,1751.5777777777776
34,21,257.875,1726.5777777777776,50.68208333333332,48,0,248.5,278.5,267.25,237.25,1701.5777777777776,1751.5777777777776
34,22,287.875,1726.5777777777776,50.89436363636363,55,0,278.5,308.5,297.25,267.25,1701.5777777777776,1751.5777777777776
34,23,317.875,1726.5777777777776,61.673046875000004,32,0,308.5,338.5,327.25,297.25,1701.5777777777776,1751.5777777777776
34,24,347.875,1726.5777777777776,73.6157894736842,19,0,338.5,368.5,357.25,327.25,1701.5777777777776,1751.5777777777776
34,25,377.875,1726.5777777777776,68.70066666666666,15,0,368.5,398.5,387.25,357.25,1701.5777777777776,1751.5777777777776
34,26,407.875,1726.5777777777776,65.7648148148148,27,0,398.5,428.5,417.25,387.25,1701.5777777777776,1751.5777777777776
34,27,437.875,1726.5777777777776,62.91368421052632,38,0,428.5,458.5,447.25,417.25,1701.5777777777776,1751.5777777777776
34,28,467.875,1726.5777777777776,65.45241379310345,29,0,458.5,488.5,477.25,447.25,1701.5777777777776,1751.5777777777776
34,29,497.875,1726.5777777777776,57.300333333333334,30,0,488.5,518.5,507.25,477.25,1701.5777777777776,1751.5777777777776
34,30,527.875,1726.5777777777776,57.330285714285715,35,0,518.5,548.5,537.25,507.25,1701.5777777777776,1751.5777777777776
34,31,557.875,1726.5777777777776,56.87550000000001,40,0,548.5,578.5,567.25,537.25,1701.5777777777776,1751.5777777777776
34,32,587.875,1726.5777777777776,52.96750000000001,40,0,578.5,608.5,597.25,567.25,1701.5777777777776,1751.5777777777776
34,33,617.875,1726.5777777777776,48.971,50,0,608.5,638.5,627.25,597.25,1701.5777777777776,1751.5777777777776
34,34,647.875,1726.5777777777776,47.51999999999998,48,0,638.5,668.5,657.25,627.25,1701.5777777777776,1751.5777777777776
34,35,677.875,1726.5777777777776,43.88866666666667,45,0,668.5,698.5,687.25,657.25,1701.5777777777776,1751.5777777777776
34,36,707.875,1726.5777777777776,47.74243902439024,41,0,698.5,728.5,717.25,687.25,1701.5777777777776,1751.5777777777776
34,37,737.875,1726.5777777777776,61.99199999999998,30,0,728.5,758.5,747.25,717.25,1701.5777777777776,1751.5777777777776
34,38,767.875,1726.5777777777776,55.956875,32,0,758.5,788.5,777.25,747.25,1701.5777777777776,1751.5777777777776
34,39,797.875,1726.5777777777776,52.17960784313727,51,0,788.5,818.5,807.25,777.25,1701.5777777777776,1751.5777777777776
34,40,827.875,1726.5777777777776,56.574009216589864,31,0,818.5,848.5,837.25,807.25,1701.5777777777776,1751.5777777777776
34,41,857.875,1726.5777777777776,52.94763157894737,38,0,848.5,878.5,867.25,837.25,1701.5777777777776,1751.5777777777776
34,42,887.875,1726.5777777777776,54.063074534161494,46,0,878.5,908.5,897.25,867.25,1701.5777777777776,1751.5777777777776
34,43,917.875,1726.5777777777776,46.50563636363638,55,0,908.5,938.5,927.25,897.25,1701.5777777777776,1751.5777777777776
34,44,947.875,1726.5777777777776,50.75892857142857,28,0,938.5,968.5,957.25,927.25,1701.5777777777776,1751.5777777777776
34,45,977.875,1726.5777777777776,58.407272727272726,22,0,968.5,998.5,987.25,957.25,1701.5777777777776,1751.5777777777776
34,46,1007.875,1726.5777777777776,54.788181818181826,33,0,998.5,1028.5,1017.25,987.25,1701.5777777777776,1751.5777777777776
34,47,1037.875,1726.5777777777776,50.844888888888896,45,0,1028.5,1058.5,1047.25,1017.25,1701.5777777777776,1751.5777777777776
34,48,1067.875,1726.5777777777776,49.91134615384616,52,0,1058.5,1088.5,1077.25,1047.25,1701.5777777777776,1751.5777777777776
34,49,1097.875,1726.5777777777776,45.6668,50,0,1088.5,1118.5,1107.25,1077.25,1701.5777777777776,1751.5777777777776
34,50,1127.875,1726.5777777777776,43.948392857142856,56,0,1118.5,1148.5,1137.25,1107.25,1701.5777777777776,1751.5777777777776
34,51,1157.875,1726.5777777777776,37.31298245614035,57,0,1148.5,1178.5,1167.25,1137.25,1701.5777777777776,1751.5777777777776
34,52,1187.875,1726.5777777777776,32.73444444444445,72,0,1178.5,1208.5,1197.25,1167.25,1701.5777777777776,1751.5777777777776
34,53,1217.875,1726.5777777777776,35.822786885245904,61,0,1208.5,1238.5,1227.25,1197.25,1701.5777777777776,1751.5777777777776
34,54,1247.875,1726.5777777777776,42.41717391304348,46,0,1238.5,1268.5,1257.25,1227.25,1701.5777777777776,1751.5777777777776
34,55,1277.875,1726.5777777777776,46.66214285714286,42,0,1268.5,1298.5,1287.25,1257.25,1701.5777777777776,1751.5777777777776
34,56,1307.875,1726.5777777777776,46.57020833333332,48,0,1298.5,1328.5,1317.25,1287.25,1701.5777777777776,1751.5777777777776
34,57,1337.875,1726.5777777777776,51.6485294117647,34,0,1328.5,1358.5,1347.25,1317.25,1701.5777777777776,1751.5777777777776
34,58,1367.875,1726.5777777777776,51.903749999999995,32,0,1358.5,1388.5,1377.25,1347.25,1701.5777777777776,1751.5777777777776
34,59,1397.875,1726.5777777777776,54.997931034482754,29,0,1388.5,1418.5,1407.25,1377.25,1701.5777777777776,1751.5777777777776
34,60,1427.875,1726.5777777777776,44.754799999999996,50,0,1418.5,1448.5,1437.25,1407.25,1701.5777777777776,1751.5777777777776
34,61,1457.875,1726.5777777777776,46.836896551724145,29,0,1448.5,1478.5,1467.25,1437.25,1701.5777777777776,1751.5777777777776
34,62,1487.875,1726.5777777777776,42.0356862745098,51,0,1478.5,1508.5,1497.25,1467.25,1701.5777777777776,1751.5777777777776
34,63,1517.875,1726.5777777777776,40.451147540983605,61,0,1508.5,1538.5,1527.25,1497.25,1701.5777777777776,1751.5777777777776
34,64,1547.875,1726.5777777777776,40.73236363636364,55,0,1538.5,1568.5,1557.25,1527.25,1701.5777777777776,1751.5777777777776
34,65,1577.875,1726.5777777777776,42.2049090909091,55,0,1568.5,1598.5,1587.25,1557.25,1701.5777777777776,1751.5777777777776
34,66,1607.875,1726.5777777777776,45.17155555555555,45,0,1598.5,1628.5,1617.25,1587.25,1701.5777777777776,1751.5777777777776
34,67,1637.875,1726.5777777777776,48.32692307692308,26,0,1628.5,1658.5,1647.25,1617.25,1701.5777777777776,1751.5777777777776
34,68,1667.875,1726.5777777777776,43.54021739130435,46,0,1658.5,1688.5,1677.25,1647.25,1701.5777777777776,1751.5777777777776
34,69,1697.875,1726.5777777777776,46.20882352941176,34,0,1688.5,1718.5,1707.25,1677.25,1701.5777777777776,1751.5777777777776
34,70,1727.875,1726.5777777777776,47.41348837209302,43,0,1718.5,1748.5,1737.25,1707.25,1701.5777777777776,1751.5777777777776
34,71,1757.875,1726.5777777777776,46.28243243243244,37,0,1748.5,1778.5,1767.25,1737.25,1701.5777777777776,1751.5777777777776
34,72,1787.875,1726.5777777777776,49.93621621621621,37,0,1778.5,1808.5,1797.25,1767.25,1701.5777777777776,1751.5777777777776
34,73,1817.875,1726.5777777777776,46.10738095238094,42,0,1808.5,1838.5,1827.25,1797.25,1701.5777777777776,1751.5777777777776
34,74,1847.875,1726.5777777777776,50.079857142857136,40,0,1838.5,1868.5,1857.25,1827.25,1701.5777777777776,1751.5777777777776
34,75,1877.875,1726.5777777777776,47.18466666666666,45,0,1868.5,1898.5,1887.25,1857.25,1701.5777777777776,1751.5777777777776
34,76,1907.875,1726.5777777777776,44.81227272727272,44,0,1898.5,1928.5,1917.25,1887.25,1701.5777777777776,1751.5777777777776
34,77,1937.875,1726.5777777777776,47.68931818181818,44,0,1928.5,1958.5,1947.25,1917.25,1701.5777777777776,1751.5777777777776
34,78,1967.875,1726.5777777777776,47.29081081081082,37,0,1958.5,1988.5,1977.25,1947.25,1701.5777777777776,1751.5777777777776
34,79,1997.875,1726.5777777777776,50.65472222222223,36,0,1988.5,2018.5,2007.25,1977.25,1701.5777777777776,1751.5777777777776
34,80,2027.875,1726.5777777777776,50.05820512820514,39,0,2018.5,2048.5,2037.25,2007.25,1701.5777777777776,1751.5777777777776
34,81,2057.875,1726.5777777777776,50.06674418604652,43,0,2048.5,2078.5,2067.25,2037.25,1701.5777777777776,1751.5777777777776
34,82,2087.875,1726.5777777777776,51.821176470588235,34,0,2078.5,2108.5,2097.25,2067.25,1701.5777777777776,1751.5777777777776
34,83,2117.875,1726.5777777777776,52.807058823529424,34,0,2108.5,2138.5,2127.25,2097.25,1701.5777777777776,1751.5777777777776
34,84,2147.875,1726.5777777777776,45.74605263157895,38,0,2138.5,2168.5,2157.25,2127.25,1701.5777777777776,1751.5777777777776
34,85,2177.875,1726.5777777777776,42.6840425531915,47,0,2168.5,2198.5,2187.25,2157.25,1701.5777777777776,1751.5777777777776
34,86,2207.875,1726.5777777777776,49.89159090909091,44,0,2198.5,2228.5,2217.25,2187.25,1701.5777777777776,1751.5777777777776
34,87,2237.875,1726.5777777777776,46.89914893617021,47,0,2228.5,2258.5,2247.25,2217.25,1701.5777777777776,1751.5777777777776
34,88,2267.875,1726.5777777777776,46.34499999999999,50,0,2258.5,2288.5,2277.25,2247.25,1701.5777777777776,1751.5777777777776
34,89,2297.875,1726.5777777777776,42.96372093023256,43,0,2288.5,2318.5,2307.25,2277.25,1701.5777777777776,1751.5777777777776
34,90,2327.875,1726.5777777777776,39.64603773584905,53,0,2318.5,2348.5,2337.25,2307.25,1701.5777777777776,1751.5777777777776
34,91,2357.875,1726.5777777777776,34.311176470588244,68,0,2348.5,2378.5,2367.25,2337.25,1701.5777777777776,1751.5777777777776
34,92,2387.875,1726.5777777777776,35.020877192982454,57,0,2378.5,2408.5,2397.25,2367.25,1701.5777777777776,1751.5777777777776
34,93,2417.875,1726.5777777777776,31.83438596491228,57,0,2408.5,2438.5,2427.25,2397.25,1701.5777777777776,1751.5777777777776
34,94,2447.875,1726.5777777777776,37.63895833333333,48,0,2438.5,2468.5,2457.25,2427.25,1701.5777777777776,1751.5777777777776
34,95,2477.875,1726.5777777777776,35.84650793650793,63,0,2468.5,2498.5,2487.25,2457.25,1701.5777777777776,1751.5777777777776
34,96,2507.875,1726.5777777777776,39.17193548387096,62,0,2498.5,2528.5,2517.25,2487.25,1701.5777777777776,1751.5777777777776
34,97,2537.875,1726.5777777777776,41.206666666666685,60,0,2528.5,2558.5,2547.25,2517.25,1701.5777777777776,1751.5777777777776
34,98,2567.875,1726.5777777777776,38.096981132075484,53,0,2558.5,2588.5,2577.25,2547.25,1701.5777777777776,1751.5777777777776
34,99,2597.875,1726.5777777777776,36.58559999999999,50,0,2588.5,2618.5,2607.25,2577.25,1701.5777777777776,1751.5777777777776
34,100,2627.875,1726.5777777777776,33.57196721311474,61,0,2618.5,2648.5,2637.25,2607.25,1701.5777777777776,1751.5777777777776
34,101,2657.875,1726.5777777777776,31.882142857142856,70,0,2648.5,2678.5,2667.25,2637.25,1701.5777777777776,1751.5777777777776
34,102,2687.875,1726.5777777777776,40.47734375,64,0,2678.5,2708.5,2697.25,2667.25,1701.5777777777776,1751.5777777777776
34,103,2717.875,1726.5777777777776,46.46113636363636,44,0,2708.5,2738.5,2727.25,2697.25,1701.5777777777776,1751.5777777777776
34,104,2747.875,1726.5777777777776,44.775490196078415,51,0,2738.5,2768.5,2757.25,2727.25,1701.5777777777776,1751.5777777777776
34,105,2777.875,1726.5777777777776,38.623877551020406,49,0,2768.5,2798.5,2787.25,2757.25,1701.5777777777776,1751.5777777777776
34,106,2807.875,1726.5777777777776,29.12227848101266,79,0,2798.5,2828.5,2817.25,2787.25,1701.5777777777776,1751.5777777777776
34,107,2837.875,1726.5777777777776,30.63456140350877,57,0,2828.5,2858.5,2847.25,2817.25,1701.5777777777776,1751.5777777777776
34,108,2867.875,1726.5777777777776,34.73416666666667,60,0,2858.5,2888.5,2877.25,2847.25,1701.5777777777776,1751.5777777777776
34,109,2897.875,1726.5777777777776,39.8564406779661,59,0,2888.5,2918.5,2907.25,2877.25,1701.5777777777776,1751.5777777777776
34,110,2927.875,1726.5777777777776,43.46949152542373,59,0,2918.5,2948.5,2937.25,2907.25,1701.5777777777776,1751.5777777777776
34,111,2957.875,1726.5777777777776,47.21042553191489,47,0,2948.5,2978.5,2967.25,2937.25,1701.5777777777776,1751.5777777777776
34,112,2987.875,1726.5777777777776,48.34261904761905,42,0,2978.5,3008.5,2997.25,2967.25,1701.5777777777776,1751.5777777777776
34,113,3017.875,1726.5777777777776,42.62623306233063,41,0,3008.5,3038.5,3027.25,2997.25,1701.5777777777776,1751.5777777777776
34,114,3047.875,1726.5777777777776,45.042713178294576,43,0,3038.5,3068.5,3057.25,3027.25,1701.5777777777776,1751.5777777777776
34,115,3077.875,1726.5777777777776,49.00568181818183,44,0,3068.5,3098.5,3087.25,3057.25,1701.5777777777776,1751.5777777777776
34,116,3107.875,1726.5777777777776,46.536888888888896,45,0,3098.5,3128.5,3117.25,3087.25,1701.5777777777776,1751.5777777777776
34,117,3137.875,1726.5777777777776,43.526326530612245,49,0,3128.5,3158.5,3147.25,3117.25,1701.5777777777776,1751.5777777777776
34,118,3167.875,1726.5777777777776,45.94423076923077,52,0,3158.5,3188.5,3177.25,3147.25,1701.5777777777776,1751.5777777777776
34,119,3197.875,1726.5777777777776,47.835,40,0,3188.5,3218.5,3207.25,3177.25,1701.5777777777776,1751.5777777777776
34,120,3227.875,1726.5777777777776,48.463913043478264,46,0,3218.5,3248.5,3237.25,3207.25,1701.5777777777776,1751.5777777777776
34,121,3257.875,1726.5777777777776,52.02000000000001,30,0,3248.5,3278.5,3267.25,3237.25,1701.5777777777776,1751.5777777777776
34,122,3287.875,1726.5777777777776,47.21044117647059,51,0,3278.5,3308.5,3297.25,3267.25,1701.5777777777776,1751.5777777777776
34,123,3317.875,1726.5777777777776,44.70054545454544,55,0,3308.5,3338.5,3327.25,3297.25,1701.5777777777776,1751.5777777777776
34,124,3347.875,1726.5777777777776,50.63003322259135,43,0,3338.5,3368.5,3357.25,3327.25,1701.5777777777776,1751.5777777777776
34,125,3377.875,1726.5777777777776,49.710750000000004,40,0,3368.5,3398.5,3387.25,3357.25,1701.5777777777776,1751.5777777777776
34,126,3407.875,1726.5777777777776,49.73943396226415,53,0,3398.5,3428.5,3417.25,3387.25,1701.5777777777776,1751.5777777777776
34,127,3437.875,1726.5777777777776,50.25021739130435,46,0,3428.5,3458.5,3447.25,3417.25,1701.5777777777776,1751.5777777777776
34,128,3467.875,1726.5777777777776,51.249722222222225,36,0,3458.5,3488.5,3477.25,3447.25,1701.5777777777776,1751.5777777777776
34,129,3497.875,1726.5777777777776,46.87083333333334,48,0,3488.5,3518.5,3507.25,3477.25,1701.5777777777776,1751.5777777777776
34,130,3527.875,1726.5777777777776,50.39421052631578,38,0,3518.5,3548.5,3537.25,3507.25,1701.5777777777776,1751.5777777777776
34,131,3557.875,1726.5777777777776,46.785000000000004,34,0,3548.5,3578.5,3567.25,3537.25,1701.5777777777776,1751.5777777777776
34,132,3587.875,1726.5777777777776,46.48650000000001,40,0,3578.5,3608.5,3597.25,3567.25,1701.5777777777776,1751.5777777777776
34,133,3617.875,1726.5777777777776,46.48263157894736,38,0,3608.5,3638.5,3627.25,3597.25,1701.5777777777776,1751.5777777777776
34,134,3647.875,1726.5777777777776,47.832,35,0,3638.5,3668.5,3657.25,3627.25,1701.5777777777776,1751.5777777777776
34,135,3677.875,1726.5777777777776,50.04225000000001,40,0,3668.5,3698.5,3687.25,3657.25,1701.5777777777776,1751.5777777777776
34,136,3707.875,1726.5777777777776,50.590833333333336,24,0,3698.5,3728.5,3717.25,3687.25,1701.5777777777776,1751.5777777777776
34,137,3737.875,1726.5777777777776,51.202857142857155,28,0,3728.5,3758.5,3747.25,3717.25,1701.5777777777776,1751.5777777777776
34,138,3767.875,1726.5777777777776,45.007575757575765,33,0,3758.5,3788.5,3777.25,3747.25,1701.5777777777776,1751.5777777777776
34,139,3797.875,1726.5777777777776,45.164750000000005,40,0,3788.5,3818.5,3807.25,3777.25,1701.5777777777776,1751.5777777777776
34,140,3827.875,1726.5777777777776,41.681714285714285,35,0,3818.5,3848.5,3837.25,3807.25,1701.5777777777776,1751.5777777777776
34,141,3857.875,1726.5777777777776,39.07454545454545,11,0,3848.5,3878.5,3867.25,3837.25,1701.5777777777776,1751.5777777777776
34,142,3887.875,1726.5777777777776,,0,0,3878.5,3908.5,3897.25,3867.25,1701.5777777777776,1751.5777777777776
35,13,6.625,1776.5777777777776,71.73666666666666,6,0,-2.75,27.25,16.0,-14.0,1751.5777777777776,1801.5777777777776
35,14,36.625,1776.5777777777776,58.06958333333333,24,0,27.25,57.25,46.0,16.0,1751.5777777777776,1801.5777777777776
35,15,66.625,1776.5777777777776,51.63636363636363,44,0,57.25,87.25,76.0,46.0,1751.5777777777776,1801.5777777777776
35,16,96.625,1776.5777777777776,52.9255,40,0,87.25,117.25,106.0,76.0,1751.5777777777776,1801.5777777777776
35,17,126.625,1776.5777777777776,54.259829931972774,42,0,117.25,147.25,136.0,106.0,1751.5777777777776,1801.5777777777776
35,18,156.625,1776.5777777777776,57.64866666666665,30,0,147.25,177.25,166.0,136.0,1751.5777777777776,1801.5777777777776
35,19,186.625,1776.5777777777776,57.886,25,0,177.25,207.25,196.0,166.0,1751.5777777777776,1801.5777777777776
35,20,216.625,1776.5777777777776,56.11639999999999,25,0,207.25,237.25,226.0,196.0,1751.5777777777776,1801.5777777777776
35,21,246.625,1776.5777777777776,55.81744680851063,47,0,237.25,267.25,256.0,226.0,1751.5777777777776,1801.5777777777776
35,22,276.625,1776.5777777777776,53.450465838509324,46,0,267.25,297.25,286.0,256.0,1751.5777777777776,1801.5777777777776
35,23,306.625,1776.5777777777776,56.86309523809524,42,0,297.25,327.25,316.0,286.0,1751.5777777777776,1801.5777777777776
35,24,336.625,1776.5777777777776,69.04580645161289,31,0,327.25,357.25,346.0,316.0,1751.5777777777776,1801.5777777777776
35,25,366.625,1776.5777777777776,74.5307142857143,14,0,357.25,387.25,376.0,346.0,1751.5777777777776,1801.5777777777776
35,26,396.625,1776.5777777777776,67.66526315789473,19,0,387.25,417.25,406.0,376.0,1751.5777777777776,1801.5777777777776
35,27,426.625,1776.5777777777776,64.38156250000002,32,0,417.25,447.25,436.0,406.0,1751.5777777777776,1801.5777777777776
35,28,456.625,1776.5777777777776,66.55571428571427,28,0,447.25,477.25,466.0,436.0,1751.5777777777776,1801.5777777777776
35,29,486.625,1776.5777777777776,60.53419354838709,31,0,477.25,507.25,496.0,466.0,1751.5777777777776,1801.5777777777776
35,30,516.625,1776.5777777777776,58.28764705882352,34,0,507.25,537.25,526.0,496.0,1751.5777777777776,1801.5777777777776
35,31,546.625,1776.5777777777776,59.28419354838709,31,0,537.25,567.25,556.0,526.0,1751.5777777777776,1801.5777777777776
35,32,576.625,1776.5777777777776,57.043783783783795,37,0,567.25,597.25,586.0,556.0,1751.5777777777776,1801.5777777777776
35,33,606.625,1776.5777777777776,53.139999999999986,37,0,597.25,627.25,616.0,586.0,1751.5777777777776,1801.5777777777776
35,34,636.625,1776.5777777777776,50.683125,48,0,627.25,657.25,646.0,616.0,1751.5777777777776,1801.5777777777776
35,35,666.625,1776.5777777777776,46.18061224489796,49,0,657.25,687.25,676.0,646.0,1751.5777777777776,1801.5777777777776
35,36,696.625,1776.5777777777776,44.00046511627907,43,0,687.25,717.25,706.0,676.0,1751.5777777777776,1801.5777777777776
35,37,726.625,1776.5777777777776,55.3335,40,0,717.25,747.25,736.0,706.0,1751.5777777777776,1801.5777777777776
35,38,756.625,1776.5777777777776,63.85166666666667,24,0,747.25,777.25,766.0,736.0,1751.5777777777776,1801.5777777777776
35,39,786.625,1776.5777777777776,55.09270833333332,48,0,777.25,807.25,796.0,766.0,1751.5777777777776,1801.5777777777776
35,40,816.625,1776.5777777777776,54.51358974358977,39,0,807.25,837.25,826.0,796.0,1751.5777777777776,1801.5777777777776
35,41,846.625,1776.5777777777776,55.84939393939395,33,0,837.25,867.25,856.0,826.0,1751.5777777777776,1801.5777777777776
35,42,876.625,1776.5777777777776,55.58179487179485,39,0,867.25,897.25,886.0,856.0,1751.5777777777776,1801.5777777777776
35,43,906.625,1776.5777777777776,53.192820512820504,39,0,897.25,927.25,916.0,886.0,1751.5777777777776,1801.5777777777776
35,44,936.625,1776.5777777777776,48.210666666666675,45,0,927.25,957.25,946.0,916.0,1751.5777777777776,1801.5777777777776
35,45,966.625,1776.5777777777776,58.56809523809523,21,0,957.25,987.25,976.0,946.0,1751.5777777777776,1801.5777777777776
35,46,996.625,1776.5777777777776,59.41322580645161,31,0,987.25,1017.25,1006.0,976.0,1751.5777777777776,1801.5777777777776
35,47,1026.625,1776.5777777777776,54.74142857142858,35,0,1017.25,1047.25,1036.0,1006.0,1751.5777777777776,1801.5777777777776
35,48,1056.625,1776.5777777777776,52.53666666666667,45,0,1047.25,1077.25,1066.0,1036.0,1751.5777777777776,1801.5777777777776
35,49,1086.625,1776.5777777777776,49.61936170212766,47,0,1077.25,1107.25,1096.0,1066.0,1751.5777777777776,1801.5777777777776
35,50,1116.625,1776.5777777777776,40.78862068965517,58,0,1107.25,1137.25,1126.0,1096.0,1751.5777777777776,1801.5777777777776
35,51,1146.625,1776.5777777777776,36.088235294117645,68,0,1137.25,1167.25,1156.0,1126.0,1751.5777777777776,1801.5777777777776
35,52,1176.625,1776.5777777777776,35.860172413793116,58,0,1167.25,1197.25,1186.0,1156.0,1751.5777777777776,1801.5777777777776
35,53,1206.625,1776.5777777777776,38.366557377049176,61,0,1197.25,1227.25,1216.0,1186.0,1751.5777777777776,1801.5777777777776
35,54,1236.625,1776.5777777777776,44.045660377358516,53,0,1227.25,1257.25,1246.0,1216.0,1751.5777777777776,1801.5777777777776
35,55,1266.625,1776.5777777777776,47.00073170731709,41,0,1257.25,1287.25,1276.0,1246.0,1751.5777777777776,1801.5777777777776
35,56,1296.625,1776.5777777777776,49.57906976744187,43,0,1287.25,1317.25,1306.0,1276.0,1751.5777777777776,1801.5777777777776
35,57,1326.625,1776.5777777777776,50.929999999999986,36,0,1317.25,1347.25,1336.0,1306.0,1751.5777777777776,1801.5777777777776
35,58,1356.625,1776.5777777777776,51.743823529411756,34,0,1347.25,1377.25,1366.0,1336.0,1751.5777777777776,1801.5777777777776
35,59,1386.625,1776.5777777777776,55.662812499999994,32,0,1377.25,1407.25,1396.0,1366.0,1751.5777777777776,1801.5777777777776
35,60,1416.625,1776.5777777777776,48.575196078431375,34,0,1407.25,1437.25,1426.0,1396.0,1751.5777777777776,1801.5777777777776
35,61,1446.625,1776.5777777777776,45.359565217391314,46,0,1437.25,1467.25,1456.0,1426.0,1751.5777777777776,1801.5777777777776
35,62,1476.625,1776.5777777777776,47.599444444444444,36,0,1467.25,1497.25,1486.0,1456.0,1751.5777777777776,1801.5777777777776
35,63,1506.625,1776.5777777777776,43.009696969696954,66,0,1497.25,1527.25,1516.0,1486.0,1751.5777777777776,1801.5777777777776
35,64,1536.625,1776.5777777777776,43.08326086956522,46,0,1527.25,1557.25,1546.0,1516.0,1751.5777777777776,1801.5777777777776
35,65,1566.625,1776.5777777777776,39.278125,64,0,1557.25,1587.25,1576.0,1546.0,1751.5777777777776,1801.5777777777776
35,66,1596.625,1776.5777777777776,44.90632653061224,49,0,1587.25,1617.25,1606.0,1576.0,1751.5777777777776,1801.5777777777776
35,67,1626.625,1776.5777777777776,48.37897435897436,39,0,1617.25,1647.25,1636.0,1606.0,1751.5777777777776,1801.5777777777776
35,68,1656.625,1776.5777777777776,47.31810810810811,37,0,1647.25,1677.25,1666.0,1636.0,1751.5777777777776,1801.5777777777776
35,69,1686.625,1776.5777777777776,44.874615384615396,39,0,1677.25,1707.25,1696.0,1666.0,1751.5777777777776,1801.5777777777776
35,70,1716.625,1776.5777777777776,49.54923076923076,39,0,1707.25,1737.25,1726.0,1696.0,1751.5777777777776,1801.5777777777776
35,71,1746.625,1776.5777777777776,46.98774999999999,40,0,1737.25,1767.25,1756.0,1726.0,1751.5777777777776,1801.5777777777776
35,72,1776.625,1776.5777777777776,49.43799999999999,35,0,1767.25,1797.25,1786.0,1756.0,1751.5777777777776,1801.5777777777776
35,73,1806.625,1776.5777777777776,48.677209302325565,43,0,1797.25,1827.25,1816.0,1786.0,1751.5777777777776,1801.5777777777776
35,74,1836.625,1776.5777777777776,49.01318181818181,44,0,1827.25,1857.25,1846.0,1816.0,1751.5777777777776,1801.5777777777776
35,75,1866.625,1776.5777777777776,49.37815789473686,38,0,1857.25,1887.25,1876.0,1846.0,1751.5777777777776,1801.5777777777776
35,76,1896.625,1776.5777777777776,47.58455128205127,52,0,1887.25,1917.25,1906.0,1876.0,1751.5777777777776,1801.5777777777776
35,77,1926.625,1776.5777777777776,46.6902564102564,39,0,1917.25,1947.25,1936.0,1906.0,1751.5777777777776,1801.5777777777776
35,78,1956.625,1776.5777777777776,47.406749999999995,40,0,1947.25,1977.25,1966.0,1936.0,1751.5777777777776,1801.5777777777776
35,79,1986.625,1776.5777777777776,50.918918918918926,37,0,1977.25,2007.25,1996.0,1966.0,1751.5777777777776,1801.5777777777776
35,80,2016.625,1776.5777777777776,49.84533333333334,45,0,2007.25,2037.25,2026.0,1996.0,1751.5777777777776,1801.5777777777776
35,81,2046.625,1776.5777777777776,50.359387755102034,49,0,2037.25,2067.25,2056.0,2026.0,1751.5777777777776,1801.5777777777776
35,82,2076.625,1776.5777777777776,51.24540540540541,37,0,2067.25,2097.25,2086.0,2056.0,1751.5777777777776,1801.5777777777776
35,83,2106.625,1776.5777777777776,52.49857142857144,35,0,2097.25,2127.25,2116.0,2086.0,1751.5777777777776,1801.5777777777776
35,84,2136.625,1776.5777777777776,51.7521212121212,33,0,2127.25,2157.25,2146.0,2116.0,1751.5777777777776,1801.5777777777776
35,85,2166.625,1776.5777777777776,42.862391304347845,46,0,2157.25,2187.25,2176.0,2146.0,1751.5777777777776,1801.5777777777776
35,86,2196.625,1776.5777777777776,43.65404761904763,42,0,2187.25,2217.25,2206.0,2176.0,1751.5777777777776,1801.5777777777776
35,87,2226.625,1776.5777777777776,49.801886792452834,53,0,2217.25,2247.25,2236.0,2206.0,1751.5777777777776,1801.5777777777776
35,88,2256.625,1776.5777777777776,47.44870370370369,54,0,2247.25,2277.25,2266.0,2236.0,1751.5777777777776,1801.5777777777776
35,89,2286.625,1776.5777777777776,45.956590909090906,44,0,2277.25,2307.25,2296.0,2266.0,1751.5777777777776,1801.5777777777776
35,90,2316.625,1776.5777777777776,45.501749999999994,40,0,2307.25,2337.25,2326.0,2296.0,1751.5777777777776,1801.5777777777776
35,91,2346.625,1776.5777777777776,37.982181818181814,55,0,2337.25,2367.25,2356.0,2326.0,1751.5777777777776,1801.5777777777776
35,92,2376.625,1776.5777777777776,35.50545454545454,66,0,2367.25,2397.25,2386.0,2356.0,1751.5777777777776,1801.5777777777776
35,93,2406.625,1776.5777777777776,36.82574074074074,54,0,2397.25,2427.25,2416.0,2386.0,1751.5777777777776,1801.5777777777776
35,94,2436.625,1776.5777777777776,38.527626262626264,44,0,2427.25,2457.25,2446.0,2416.0,1751.5777777777776,1801.5777777777776
35,95,2466.625,1776.5777777777776,39.83916666666667,60,0,2457.25,2487.25,2476.0,2446.0,1751.5777777777776,1801.5777777777776
35,96,2496.625,1776.5777777777776,37.100517241379315,58,0,2487.25,2517.25,2506.0,2476.0,1751.5777777777776,1801.5777777777776
35,97,2526.625,1776.5777777777776,37.544605263157884,76,0,2517.25,2547.25,2536.0,2506.0,1751.5777777777776,1801.5777777777776
35,98,2556.625,1776.5777777777776,33.083529411764694,68,0,2547.25,2577.25,2566.0,2536.0,1751.5777777777776,1801.5777777777776
35,99,2586.625,1776.5777777777776,40.13464646464645,44,0,2577.25,2607.25,2596.0,2566.0,1751.5777777777776,1801.5777777777776
35,100,2616.625,1776.5777777777776,37.39875000000001,56,0,2607.25,2637.25,2626.0,2596.0,1751.5777777777776,1801.5777777777776
35,101,2646.625,1776.5777777777776,35.73580645161289,62,0,2637.25,2667.25,2656.0,2626.0,1751.5777777777776,1801.5777777777776
35,102,2676.625,1776.5777777777776,37.927462686567154,67,0,2667.25,2697.25,2686.0,2656.0,1751.5777777777776,1801.5777777777776
35,103,2706.625,1776.5777777777776,44.462280701754395,57,0,2697.25,2727.25,2716.0,2686.0,1751.5777777777776,1801.5777777777776
35,104,2736.625,1776.5777777777776,41.642641509433965,53,0,2727.25,2757.25,2746.0,2716.0,1751.5777777777776,1801.5777777777776
35,105,2766.625,1776.5777777777776,39.48694915254238,59,0,2757.25,2787.25,2776.0,2746.0,1751.5777777777776,1801.5777777777776
35,106,2796.625,1776.5777777777776,34.060508474576274,59,0,2787.25,2817.25,2806.0,2776.0,1751.5777777777776,1801.5777777777776
35,107,2826.625,1776.5777777777776,34.30483870967741,62,0,2817.25,2847.25,2836.0,2806.0,1751.5777777777776,1801.5777777777776
35,108,2856.625,1776.5777777777776,37.54254545454545,55,0,2847.25,2877.25,2866.0,2836.0,1751.5777777777776,1801.5777777777776
35,109,2886.625,1776.5777777777776,37.806229508196736,61,0,2877.25,2907.25,2896.0,2866.0,1751.5777777777776,1801.5777777777776
35,110,2916.625,1776.5777777777776,43.91016393442622,61,0,2907.25,2937.25,2926.0,2896.0,1751.5777777777776,1801.5777777777776
35,111,2946.625,1776.5777777777776,46.15766666666668,60,0,2937.25,2967.25,2956.0,2926.0,1751.5777777777776,1801.5777777777776
35,112,2976.625,1776.5777777777776,49.75863636363638,44,0,2967.25,2997.25,2986.0,2956.0,1751.5777777777776,1801.5777777777776
35,113,3006.625,1776.5777777777776,47.15302325581394,43,0,2997.25,3027.25,3016.0,2986.0,1751.5777777777776,1801.5777777777776
35,114,3036.625,1776.5777777777776,43.94795454545454,44,0,3027.25,3057.25,3046.0,3016.0,1751.5777777777776,1801.5777777777776
35,115,3066.625,1776.5777777777776,48.36375000000001,48,0,3057.25,3087.25,3076.0,3046.0,1751.5777777777776,1801.5777777777776
35,116,3096.625,1776.5777777777776,48.83675675675675,37,0,3087.25,3117.25,3106.0,3076.0,1751.5777777777776,1801.5777777777776
35,117,3126.625,1776.5777777777776,45.62539999999999,50,0,3117.25,3147.25,3136.0,3106.0,1751.5777777777776,1801.5777777777776
35,118,3156.625,1776.5777777777776,44.4688679245283,53,0,3147.25,3177.25,3166.0,3136.0,1751.5777777777776,1801.5777777777776
35,119,3186.625,1776.5777777777776,48.812448979591814,49,0,3177.25,3207.25,3196.0,3166.0,1751.5777777777776,1801.5777777777776
35,120,3216.625,1776.5777777777776,49.273684210526305,38,0,3207.25,3237.25,3226.0,3196.0,1751.5777777777776,1801.5777777777776
35,121,3246.625,1776.5777777777776,51.82461538461536,39,0,3237.25,3267.25,3256.0,3226.0,1751.5777777777776,1801.5777777777776
35,122,3276.625,1776.5777777777776,50.19435897435897,39,0,3267.25,3297.25,3286.0,3256.0,1751.5777777777776,1801.5777777777776
35,123,3306.625,1776.5777777777776,46.93211538461537,52,0,3297.25,3327.25,3316.0,3286.0,1751.5777777777776,1801.5777777777776
35,124,3336.625,1776.5777777777776,47.98607843137254,51,0,3327.25,3357.25,3346.0,3316.0,1751.5777777777776,1801.5777777777776
35,125,3366.625,1776.5777777777776,51.81133333333334,45,0,3357.25,3387.25,3376.0,3346.0,1751.5777777777776,1801.5777777777776
35,126,3396.625,1776.5777777777776,50.77523809523808,42,0,3387.25,3417.25,3406.0,3376.0,1751.5777777777776,1801.5777777777776
35,127,3426.625,1776.5777777777776,47.196393442622956,61,0,3417.25,3447.25,3436.0,3406.0,1751.5777777777776,1801.5777777777776
35,128,3456.625,1776.5777777777776,52.609534883720954,43,0,3447.25,3477.25,3466.0,3436.0,1751.5777777777776,1801.5777777777776
35,129,3486.625,1776.5777777777776,49.823589743589736,39,0,3477.25,3507.25,3496.0,3466.0,1751.5777777777776,1801.5777777777776
35,130,3516.625,1776.5777777777776,51.717142857142875,42,0,3507.25,3537.25,3526.0,3496.0,1751.5777777777776,1801.5777777777776
35,131,3546.625,1776.5777777777776,52.02575757575757,33,0,3537.25,3567.25,3556.0,3526.0,1751.5777777777776,1801.5777777777776
35,132,3576.625,1776.5777777777776,47.98621621621621,37,0,3567.25,3597.25,3586.0,3556.0,1751.5777777777776,1801.5777777777776
35,133,3606.625,1776.5777777777776,47.95589743589744,39,0,3597.25,3627.25,3616.0,3586.0,1751.5777777777776,1801.5777777777776
35,134,3636.625,1776.5777777777776,48.23777777777777,36,0,3627.25,3657.25,3646.0,3616.0,1751.5777777777776,1801.5777777777776
35,135,3666.625,1776.5777777777776,51.69894736842106,38,0,3657.25,3687.25,3676.0,3646.0,1751.5777777777776,1801.5777777777776
35,136,3696.625,1776.5777777777776,50.053030303030305,33,0,3687.25,3717.25,3706.0,3676.0,1751.5777777777776,1801.5777777777776
35,137,3726.625,1776.5777777777776,53.01333333333335,24,0,3717.25,3747.25,3736.0,3706.0,1751.5777777777776,1801.5777777777776
35,138,3756.625,1776.5777777777776,49.319999999999986,31,0,3747.25,3777.25,3766.0,3736.0,1751.5777777777776,1801.5777777777776
35,139,3786.625,1776.5777777777776,49.27789473684211,38,0,3777.25,3807.25,3796.0,3766.0,1751.5777777777776,1801.5777777777776
35,140,3816.625,1776.5777777777776,44.787777777777784,36,0,3807.25,3837.25,3826.0,3796.0,1751.5777777777776,1801.5777777777776
35,141,3846.625,1776.5777777777776,43.81899999999998,30,0,3837.25,3867.25,3856.0,3826.0,1751.5777777777776,1801.5777777777776
35,142,3876.625,1776.5777777777776,,0,0,3867.25,3897.25,3886.0,3856.0,1751.5777777777776,1801.5777777777776
36,13,-4.625,1826.5777777777776,76.25166666666667,4,0,-14.0,16.0,4.75,-25.25,1801.5777777777776,1851.5777777777776
36,14,25.375,1826.5777777777776,70.30454545454546,11,0,16.0,46.0,34.75,4.75,1801.5777777777776,1851.5777777777776
36,15,55.375,1826.5777777777776,54.69263157894736,38,0,46.0,76.0,64.75,34.75,1801.5777777777776,1851.5777777777776
36,16,85.375,1826.5777777777776,51.773095238095244,42,0,76.0,106.0,94.75,64.75,1801.5777777777776,1851.5777777777776
36,17,115.375,1826.5777777777776,54.98583333333334,36,0,106.0,136.0,124.75,94.75,1801.5777777777776,1851.5777777777776
36,18,145.375,1826.5777777777776,54.82681818181818,44,0,136.0,166.0,154.75,124.75,1801.5777777777776,1851.5777777777776
36,19,175.375,1826.5777777777776,56.5803125,32,0,166.0,196.0,184.75,154.75,1801.5777777777776,1851.5777777777776
36,20,205.375,1826.5777777777776,59.70833333333332,18,0,196.0,226.0,214.75,184.75,1801.5777777777776,1851.5777777777776
36,21,235.375,1826.5777777777776,54.97048780487805,41,0,226.0,256.0,244.75,214.75,1801.5777777777776,1851.5777777777776
36,22,265.375,1826.5777777777776,55.578666666666656,45,0,256.0,286.0,274.75,244.75,1801.5777777777776,1851.5777777777776
36,23,295.375,1826.5777777777776,54.57704545454545,44,0,286.0,316.0,304.75,274.75,1801.5777777777776,1851.5777777777776
36,24,325.375,1826.5777777777776,63.09375000000001,32,0,316.0,346.0,334.75,304.75,1801.5777777777776,1851.5777777777776
36,25,355.375,1826.5777777777776,73.64649999999999,20,0,346.0,376.0,364.75,334.75,1801.5777777777776,1851.5777777777776
36,26,385.375,1826.5777777777776,68.87266666666667,15,0,376.0,406.0,394.75,364.75,1801.5777777777776,1851.5777777777776
36,27,415.375,1826.5777777777776,66.7744,25,0,406.0,436.0,424.75,394.75,1801.5777777777776,1851.5777777777776
36,28,445.375,1826.5777777777776,63.89658536585365,41,0,436.0,466.0,454.75,424.75,1801.5777777777776,1851.5777777777776
36,29,475.375,1826.5777777777776,64.10708333333334,24,0,466.0,496.0,484.75,454.75,1801.5777777777776,1851.5777777777776
36,30,505.375,1826.5777777777776,59.32928571428572,28,0,496.0,526.0,514.75,484.75,1801.5777777777776,1851.5777777777776
36,31,535.375,1826.5777777777776,58.679117647058824,34,0,526.0,556.0,544.75,514.75,1801.5777777777776,1851.5777777777776
36,32,565.375,1826.5777777777776,57.85921052631579,38,0,556.0,586.0,574.75,544.75,1801.5777777777776,1851.5777777777776
36,33,595.375,1826.5777777777776,57.409117647058814,34,0,586.0,616.0,604.75,574.75,1801.5777777777776,1851.5777777777776
36,34,625.375,1826.5777777777776,51.75697674418606,43,0,616.0,646.0,634.75,604.75,1801.5777777777776,1851.5777777777776
36,35,655.375,1826.5777777777776,48.05914893617022,47,0,646.0,676.0,664.75,634.75,1801.5777777777776,1851.5777777777776
36,36,685.375,1826.5777777777776,45.19428571428572,42,0,676.0,706.0,694.75,664.75,1801.5777777777776,1851.5777777777776
36,37,715.375,1826.5777777777776,45.07181818181818,44,0,706.0,736.0,724.75,694.75,1801.5777777777776,1851.5777777777776
36,38,745.375,1826.5777777777776,61.80357142857142,28,0,736.0,766.0,754.75,724.75,1801.5777777777776,1851.5777777777776
36,39,775.375,1826.5777777777776,56.445454545454545,33,0,766.0,796.0,784.75,754.75,1801.5777777777776,1851.5777777777776
36,40,805.375,1826.5777777777776,54.10372549019607,51,0,796.0,826.0,814.75,784.75,1801.5777777777776,1851.5777777777776
36,41,835.375,1826.5777777777776,57.900357142857146,28,0,826.0,856.0,844.75,814.75,1801.5777777777776,1851.5777777777776
36,42,865.375,1826.5777777777776,55.16513513513512,37,0,856.0,886.0,874.75,844.75,1801.5777777777776,1851.5777777777776
36,43,895.375,1826.5777777777776,56.528974358974374,39,0,886.0,916.0,904.75,874.75,1801.5777777777776,1851.5777777777776
36,44,925.375,1826.5777777777776,50.20255319148937,47,0,916.0,946.0,934.75,904.75,1801.5777777777776,1851.5777777777776
36,45,955.375,1826.5777777777776,56.239222222222224,30,0,946.0,976.0,964.75,934.75,1801.5777777777776,1851.5777777777776
36,46,985.375,1826.5777777777776,60.48624999999999,24,0,976.0,1006.0,994.75,964.75,1801.5777777777776,1851.5777777777776
36,47,1015.375,1826.5777777777776,55.477575757575764,33,0,1006.0,1036.0,1024.75,994.75,1801.5777777777776,1851.5777777777776
36,48,1045.375,1826.5777777777776,53.60987301587303,45,0,1036.0,1066.0,1054.75,1024.75,1801.5777777777776,1851.5777777777776
36,49,1075.375,1826.5777777777776,51.58345454545455,55,0,1066.0,1096.0,1084.75,1054.75,1801.5777777777776,1851.5777777777776
36,50,1105.375,1826.5777777777776,42.30519999999999,50,0,1096.0,1126.0,1114.75,1084.75,1801.5777777777776,1851.5777777777776
36,51,1135.375,1826.5777777777776,31.666721311475406,61,0,1126.0,1156.0,1144.75,1114.75,1801.5777777777776,1851.5777777777776
36,52,1165.375,1826.5777777777776,33.06645161290323,62,0,1156.0,1186.0,1174.75,1144.75,1801.5777777777776,1851.5777777777776
36,53,1195.375,1826.5777777777776,37.622903225806446,62,0,1186.0,1216.0,1204.75,1174.75,1801.5777777777776,1851.5777777777776
36,54,1225.375,1826.5777777777776,44.10653846153845,52,0,1216.0,1246.0,1234.75,1204.75,1801.5777777777776,1851.5777777777776
36,55,1255.375,1826.5777777777776,47.54255319148938,47,0,1246.0,1276.0,1264.75,1234.75,1801.5777777777776,1851.5777777777776
36,56,1285.375,1826.5777777777776,49.19923076923077,39,0,1276.0,1306.0,1294.75,1264.75,1801.5777777777776,1851.5777777777776
36,57,1315.375,1826.5777777777776,51.10325581395349,43,0,1306.0,1336.0,1324.75,1294.75,1801.5777777777776,1851.5777777777776
36,58,1345.375,1826.5777777777776,51.31757575757576,33,0,1336.0,1366.0,1354.75,1324.75,1801.5777777777776,1851.5777777777776
36,59,1375.375,1826.5777777777776,53.19411764705882,34,0,1366.0,1396.0,1384.75,1354.75,1801.5777777777776,1851.5777777777776
36,60,1405.375,1826.5777777777776,55.59777777777777,31,0,1396.0,1426.0,1414.75,1384.75,1801.5777777777776,1851.5777777777776
36,61,1435.375,1826.5777777777776,44.25875,48,0,1426.0,1456.0,1444.75,1414.75,1801.5777777777776,1851.5777777777776
36,62,1465.375,1826.5777777777776,49.09074074074074,27,0,1456.0,1486.0,1474.75,1444.75,1801.5777777777776,1851.5777777777776
36,63,1495.375,1826.5777777777776,44.69288888888889,45,0,1486.0,1516.0,1504.75,1474.75,1801.5777777777776,1851.5777777777776
36,64,1525.375,1826.5777777777776,43.55392156862746,51,0,1516.0,1546.0,1534.75,1504.75,1801.5777777777776,1851.5777777777776
36,65,1555.375,1826.5777777777776,41.941799999999986,50,0,1546.0,1576.0,1564.75,1534.75,1801.5777777777776,1851.5777777777776
36,66,1585.375,1826.5777777777776,41.17499999999998,60,0,1576.0,1606.0,1594.75,1564.75,1801.5777777777776,1851.5777777777776
36,67,1615.375,1826.5777777777776,47.194318181818176,44,0,1606.0,1636.0,1624.75,1594.75,1801.5777777777776,1851.5777777777776
36,68,1645.375,1826.5777777777776,49.42275862068965,29,0,1636.0,1666.0,1654.75,1624.75,1801.5777777777776,1851.5777777777776
36,69,1675.375,1826.5777777777776,47.01868421052631,38,0,1666.0,1696.0,1684.75,1654.75,1801.5777777777776,1851.5777777777776
36,70,1705.375,1826.5777777777776,47.19054054054053,37,0,1696.0,1726.0,1714.75,1684.75,1801.5777777777776,1851.5777777777776
36,71,1735.375,1826.5777777777776,50.01232558139533,43,0,1726.0,1756.0,1744.75,1714.75,1801.5777777777776,1851.5777777777776
36,72,1765.375,1826.5777777777776,49.75974358974359,39,0,1756.0,1786.0,1774.75,1744.75,1801.5777777777776,1851.5777777777776
36,73,1795.375,1826.5777777777776,48.307,40,0,1786.0,1816.0,1804.75,1774.75,1801.5777777777776,1851.5777777777776
36,74,1825.375,1826.5777777777776,48.703684210526305,38,0,1816.0,1846.0,1834.75,1804.75,1801.5777777777776,1851.5777777777776
36,75,1855.375,1826.5777777777776,50.083888888888886,36,0,1846.0,1876.0,1864.75,1834.75,1801.5777777777776,1851.5777777777776
36,76,1885.375,1826.5777777777776,49.27210526315788,38,0,1876.0,1906.0,1894.75,1864.75,1801.5777777777776,1851.5777777777776
36,77,1915.375,1826.5777777777776,48.71578947368421,38,0,1906.0,1936.0,1924.75,1894.75,1801.5777777777776,1851.5777777777776
36,78,1945.375,1826.5777777777776,50.403055555555554,36,0,1936.0,1966.0,1954.75,1924.75,1801.5777777777776,1851.5777777777776
36,79,1975.375,1826.5777777777776,46.9139024390244,41,0,1966.0,1996.0,1984.75,1954.75,1801.5777777777776,1851.5777777777776
36,80,2005.375,1826.5777777777776,53.10906249999999,32,0,1996.0,2026.0,2014.75,1984.75,1801.5777777777776,1851.5777777777776
36,81,2035.375,1826.5777777777776,50.380975609756085,41,0,2026.0,2056.0,2044.75,2014.75,1801.5777777777776,1851.5777777777776
36,82,2065.375,1826.5777777777776,50.51925000000001,40,0,2056.0,2086.0,2074.75,2044.75,1801.5777777777776,1851.5777777777776
36,83,2095.375,1826.5777777777776,53.887499999999996,32,0,2086.0,2116.0,2104.75,2074.75,1801.5777777777776,1851.5777777777776
36,84,2125.375,1826.5777777777776,51.989714285714285,35,0,2116.0,2146.0,2134.75,2104.75,1801.5777777777776,1851.5777777777776
36,85,2155.375,1826.5777777777776,48.192432432432426,37,0,2146.0,2176.0,2164.75,2134.75,1801.5777777777776,1851.5777777777776
36,86,2185.375,1826.5777777777776,41.290212765957435,47,0,2176.0,2206.0,2194.75,2164.75,1801.5777777777776,1851.5777777777776
36,87,2215.375,1826.5777777777776,46.383577777777774,50,0,2206.0,2236.0,2224.75,2194.75,1801.5777777777776,1851.5777777777776
36,88,2245.375,1826.5777777777776,48.743829787234034,47,0,2236.0,2266.0,2254.75,2224.75,1801.5777777777776,1851.5777777777776
36,89,2275.375,1826.5777777777776,47.64400000000001,40,0,2266.0,2296.0,2284.75,2254.75,1801.5777777777776,1851.5777777777776
36,90,2305.375,1826.5777777777776,47.106774193548375,31,0,2296.0,2326.0,2314.75,2284.75,1801.5777777777776,1851.5777777777776
36,91,2335.375,1826.5777777777776,45.523095238095244,42,0,2326.0,2356.0,2344.75,2314.75,1801.5777777777776,1851.5777777777776
36,92,2365.375,1826.5777777777776,37.80314814814815,54,0,2356.0,2386.0,2374.75,2344.75,1801.5777777777776,1851.5777777777776
36,93,2395.375,1826.5777777777776,37.73568627450981,51,0,2386.0,2416.0,2404.75,2374.75,1801.5777777777776,1851.5777777777776
36,94,2425.375,1826.5777777777776,39.95775510204082,49,0,2416.0,2446.0,2434.75,2404.75,1801.5777777777776,1851.5777777777776
36,95,2455.375,1826.5777777777776,44.26162162162163,37,0,2446.0,2476.0,2464.75,2434.75,1801.5777777777776,1851.5777777777776
36,96,2485.375,1826.5777777777776,41.66264150943396,53,0,2476.0,2506.0,2494.75,2464.75,1801.5777777777776,1851.5777777777776
36,97,2515.375,1826.5777777777776,40.34071428571429,56,0,2506.0,2536.0,2524.75,2494.75,1801.5777777777776,1851.5777777777776
36,98,2545.375,1826.5777777777776,33.15063492063493,63,0,2536.0,2566.0,2554.75,2524.75,1801.5777777777776,1851.5777777777776
36,99,2575.375,1826.5777777777776,35.64654545454546,55,0,2566.0,2596.0,2584.75,2554.75,1801.5777777777776,1851.5777777777776
36,100,2605.375,1826.5777777777776,41.08511111111111,45,0,2596.0,2626.0,2614.75,2584.75,1801.5777777777776,1851.5777777777776
36,101,2635.375,1826.5777777777776,38.87461538461538,52,0,2626.0,2656.0,2644.75,2614.75,1801.5777777777776,1851.5777777777776
36,102,2665.375,1826.5777777777776,38.1089393939394,66,0,2656.0,2686.0,2674.75,2644.75,1801.5777777777776,1851.5777777777776
36,103,2695.375,1826.5777777777776,42.64129032258062,62,0,2686.0,2716.0,2704.75,2674.75,1801.5777777777776,1851.5777777777776
36,104,2725.375,1826.5777777777776,42.60043478260869,46,0,2716.0,2746.0,2734.75,2704.75,1801.5777777777776,1851.5777777777776
36,105,2755.375,1826.5777777777776,38.96066666666666,60,0,2746.0,2776.0,2764.75,2734.75,1801.5777777777776,1851.5777777777776
36,106,2785.375,1826.5777777777776,33.10263157894738,57,0,2776.0,2806.0,2794.75,2764.75,1801.5777777777776,1851.5777777777776
36,107,2815.375,1826.5777777777776,36.84446153846155,65,0,2806.0,2836.0,2824.75,2794.75,1801.5777777777776,1851.5777777777776
36,108,2845.375,1826.5777777777776,39.28645833333333,48,0,2836.0,2866.0,2854.75,2824.75,1801.5777777777776,1851.5777777777776
36,109,2875.375,1826.5777777777776,40.91800000000001,55,0,2866.0,2896.0,2884.75,2854.75,1801.5777777777776,1851.5777777777776
36,110,2905.375,1826.5777777777776,40.470508474576285,59,0,2896.0,2926.0,2914.75,2884.75,1801.5777777777776,1851.5777777777776
36,111,2935.375,1826.5777777777776,45.36905660377359,53,0,2926.0,2956.0,2944.75,2914.75,1801.5777777777776,1851.5777777777776
36,112,2965.375,1826.5777777777776,49.42369565217391,46,0,2956.0,2986.0,2974.75,2944.75,1801.5777777777776,1851.5777777777776
36,113,2995.375,1826.5777777777776,50.214,35,0,2986.0,3016.0,3004.75,2974.75,1801.5777777777776,1851.5777777777776
36,114,3025.375,1826.5777777777776,46.01857142857143,35,0,3016.0,3046.0,3034.75,3004.75,1801.5777777777776,1851.5777777777776
36,115,3055.375,1826.5777777777776,45.205333333333336,45,0,3046.0,3076.0,3064.75,3034.75,1801.5777777777776,1851.5777777777776
36,116,3085.375,1826.5777777777776,47.9072340425532,47,0,3076.0,3106.0,3094.75,3064.75,1801.5777777777776,1851.5777777777776
36,117,3115.375,1826.5777777777776,47.26976190476189,42,0,3106.0,3136.0,3124.75,3094.75,1801.5777777777776,1851.5777777777776
36,118,3145.375,1826.5777777777776,43.99367346938776,49,0,3136.0,3166.0,3154.75,3124.75,1801.5777777777776,1851.5777777777776
36,119,3175.375,1826.5777777777776,46.5678431372549,51,0,3166.0,3196.0,3184.75,3154.75,1801.5777777777776,1851.5777777777776
36,120,3205.375,1826.5777777777776,48.64024390243902,41,0,3196.0,3226.0,3214.75,3184.75,1801.5777777777776,1851.5777777777776
36,121,3235.375,1826.5777777777776,51.843953488372094,43,0,3226.0,3256.0,3244.75,3214.75,1801.5777777777776,1851.5777777777776
36,122,3265.375,1826.5777777777776,50.995999999999995,30,0,3256.0,3286.0,3274.75,3244.75,1801.5777777777776,1851.5777777777776
36,123,3295.375,1826.5777777777776,48.763404255319145,47,0,3286.0,3316.0,3304.75,3274.75,1801.5777777777776,1851.5777777777776
36,124,3325.375,1826.5777777777776,46.82041666666668,48,0,3316.0,3346.0,3334.75,3304.75,1801.5777777777776,1851.5777777777776
36,125,3355.375,1826.5777777777776,52.032000000000004,40,0,3346.0,3376.0,3364.75,3334.75,1801.5777777777776,1851.5777777777776
36,126,3385.375,1826.5777777777776,50.47634146341464,41,0,3376.0,3406.0,3394.75,3364.75,1801.5777777777776,1851.5777777777776
36,127,3415.375,1826.5777777777776,48.298163265306115,49,0,3406.0,3436.0,3424.75,3394.75,1801.5777777777776,1851.5777777777776
36,128,3445.375,1826.5777777777776,48.8708875931325,49,0,3436.0,3466.0,3454.75,3424.75,1801.5777777777776,1851.5777777777776
36,129,3475.375,1826.5777777777776,53.226176470588236,34,0,3466.0,3496.0,3484.75,3454.75,1801.5777777777776,1851.5777777777776
36,130,3505.375,1826.5777777777776,49.25704545454544,44,0,3496.0,3526.0,3514.75,3484.75,1801.5777777777776,1851.5777777777776
36,131,3535.375,1826.5777777777776,54.418484848484844,33,0,3526.0,3556.0,3544.75,3514.75,1801.5777777777776,1851.5777777777776
36,132,3565.375,1826.5777777777776,51.26333333333332,30,0,3556.0,3586.0,3574.75,3544.75,1801.5777777777776,1851.5777777777776
36,133,3595.375,1826.5777777777776,47.59390243902438,41,0,3586.0,3616.0,3604.75,3574.75,1801.5777777777776,1851.5777777777776
36,134,3625.375,1826.5777777777776,48.48133333333333,30,0,3616.0,3646.0,3634.75,3604.75,1801.5777777777776,1851.5777777777776
36,135,3655.375,1826.5777777777776,51.69696969696968,33,0,3646.0,3676.0,3664.75,3634.75,1801.5777777777776,1851.5777777777776
36,136,3685.375,1826.5777777777776,51.8330303030303,33,0,3676.0,3706.0,3694.75,3664.75,1801.5777777777776,1851.5777777777776
36,137,3715.375,1826.5777777777776,51.70360000000001,25,0,3706.0,3736.0,3724.75,3694.75,1801.5777777777776,1851.5777777777776
36,138,3745.375,1826.5777777777776,53.602222222222224,27,0,3736.0,3766.0,3754.75,3724.75,1801.5777777777776,1851.5777777777776
36,139,3775.375,1826.5777777777776,49.41296296296297,27,0,3766.0,3796.0,3784.75,3754.75,1801.5777777777776,1851.5777777777776
36,140,3805.375,1826.5777777777776,48.91456140350877,38,0,3796.0,3826.0,3814.75,3784.75,1801.5777777777776,1851.5777777777776
36,141,3835.375,1826.5777777777776,46.768125000000005,32,0,3826.0,3856.0,3844.75,3814.75,1801.5777777777776,1851.5777777777776
36,142,3865.375,1826.5777777777776,43.775,12,0,3856.0,3886.0,3874.75,3844.75,1801.5777777777776,1851.5777777777776
36,143,3895.375,1826.5777777777776,,0,0,3886.0,3916.0,3904.75,3874.75,1801.5777777777776,1851.5777777777776
37,13,-15.875,1876.5777777777776,79.01,1,0,-25.25,4.75,-6.5,-36.5,1851.5777777777776,1901.5777777777776
37,14,14.125,1876.5777777777776,77.226,10,0,4.75,34.75,23.5,-6.5,1851.5777777777776,1901.5777777777776
37,15,44.125,1876.5777777777776,60.48947368421052,19,0,34.75,64.75,53.5,23.5,1851.5777777777776,1901.5777777777776
37,16,74.125,1876.5777777777776,56.5264864864865,37,0,64.75,94.75,83.5,53.5,1851.5777777777776,1901.5777777777776
37,17,104.125,1876.5777777777776,55.55179487179487,39,0,94.75,124.75,113.5,83.5,1851.5777777777776,1901.5777777777776
37,18,134.125,1876.5777777777776,56.07756756756758,37,0,124.75,154.75,143.5,113.5,1851.5777777777776,1901.5777777777776
37,19,164.125,1876.5777777777776,58.92774193548387,31,0,154.75,184.75,173.5,143.5,1851.5777777777776,1901.5777777777776
37,20,194.125,1876.5777777777776,59.59777777777778,27,0,184.75,214.75,203.5,173.5,1851.5777777777776,1901.5777777777776
37,21,224.125,1876.5777777777776,58.002272727272725,22,0,214.75,244.75,233.5,203.5,1851.5777777777776,1901.5777777777776
37,22,254.125,1876.5777777777776,56.644186046511635,43,0,244.75,274.75,263.5,233.5,1851.5777777777776,1901.5777777777776
37,23,284.125,1876.5777777777776,57.96205128205129,39,0,274.75,304.75,293.5,263.5,1851.5777777777776,1901.5777777777776
37,24,314.125,1876.5777777777776,58.90926829268291,41,0,304.75,334.75,323.5,293.5,1851.5777777777776,1901.5777777777776
37,25,344.125,1876.5777777777776,71.09427983539095,27,0,334.75,364.75,353.5,323.5,1851.5777777777776,1901.5777777777776
37,26,374.125,1876.5777777777776,78.85909090909091,11,0,364.75,394.75,383.5,353.5,1851.5777777777776,1901.5777777777776
37,27,404.125,1876.5777777777776,69.20352941176469,17,0,394.75,424.75,413.5,383.5,1851.5777777777776,1901.5777777777776
37,28,434.125,1876.5777777777776,65.7427272727273,33,0,424.75,454.75,443.5,413.5,1851.5777777777776,1901.5777777777776
37,29,464.125,1876.5777777777776,69.398,25,0,454.75,484.75,473.5,443.5,1851.5777777777776,1901.5777777777776
37,30,494.125,1876.5777777777776,63.32466666666668,30,0,484.75,514.75,503.5,473.5,1851.5777777777776,1901.5777777777776
37,31,524.125,1876.5777777777776,60.242187499999986,32,0,514.75,544.75,533.5,503.5,1851.5777777777776,1901.5777777777776
37,32,554.125,1876.5777777777776,62.07928571428572,28,0,544.75,574.75,563.5,533.5,1851.5777777777776,1901.5777777777776
37,33,584.125,1876.5777777777776,60.67750000000002,36,0,574.75,604.75,593.5,563.5,1851.5777777777776,1901.5777777777776
37,34,614.125,1876.5777777777776,56.5165625,32,0,604.75,634.75,623.5,593.5,1851.5777777777776,1901.5777777777776
37,35,644.125,1876.5777777777776,52.36266666666666,45,0,634.75,664.75,653.5,623.5,1851.5777777777776,1901.5777777777776
37,36,674.125,1876.5777777777776,47.942674772036476,47,0,664.75,694.75,683.5,653.5,1851.5777777777776,1901.5777777777776
37,37,704.125,1876.5777777777776,43.236744186046515,43,0,694.75,724.75,713.5,683.5,1851.5777777777776,1901.5777777777776
37,38,734.125,1876.5777777777776,54.47051282051283,39,0,724.75,754.75,743.5,713.5,1851.5777777777776,1901.5777777777776
37,39,764.125,1876.5777777777776,64.57039999999999,25,0,754.75,784.75,773.5,743.5,1851.5777777777776,1901.5777777777776
37,40,794.125,1876.5777777777776,56.02093023255815,43,0,784.75,814.75,803.5,773.5,1851.5777777777776,1901.5777777777776
37,41,824.125,1876.5777777777776,58.15457142857142,35,0,814.75,844.75,833.5,803.5,1851.5777777777776,1901.5777777777776
37,42,854.125,1876.5777777777776,60.032142857142865,28,0,844.75,874.75,863.5,833.5,1851.5777777777776,1901.5777777777776
37,43,884.125,1876.5777777777776,59.887837837837836,37,0,874.75,904.75,893.5,863.5,1851.5777777777776,1901.5777777777776
37,44,914.125,1876.5777777777776,57.63747222222223,40,0,904.75,934.75,923.5,893.5,1851.5777777777776,1901.5777777777776
37,45,944.125,1876.5777777777776,54.683611111111105,36,0,934.75,964.75,953.5,923.5,1851.5777777777776,1901.5777777777776
37,46,974.125,1876.5777777777776,60.6255,20,0,964.75,994.75,983.5,953.5,1851.5777777777776,1901.5777777777776
37,47,1004.125,1876.5777777777776,61.71848484848484,33,0,994.75,1024.75,1013.5,983.5,1851.5777777777776,1901.5777777777776
37,48,1034.125,1876.5777777777776,57.24666666666668,30,0,1024.75,1054.75,1043.5,1013.5,1851.5777777777776,1901.5777777777776
37,49,1064.125,1876.5777777777776,54.15302325581396,43,0,1054.75,1084.75,1073.5,1043.5,1851.5777777777776,1901.5777777777776
37,50,1094.125,1876.5777777777776,53.06874999999999,40,0,1084.75,1114.75,1103.5,1073.5,1851.5777777777776,1901.5777777777776
37,51,1124.125,1876.5777777777776,38.63788461538461,52,0,1114.75,1144.75,1133.5,1103.5,1851.5777777777776,1901.5777777777776
37,52,1154.125,1876.5777777777776,35.73566666666667,60,0,1144.75,1174.75,1163.5,1133.5,1851.5777777777776,1901.5777777777776
37,53,1184.125,1876.5777777777776,38.74365384615383,52,0,1174.75,1204.75,1193.5,1163.5,1851.5777777777776,1901.5777777777776
37,54,1214.125,1876.5777777777776,44.99730769230768,52,0,1204.75,1234.75,1223.5,1193.5,1851.5777777777776,1901.5777777777776
37,55,1244.125,1876.5777777777776,48.318444444444445,45,0,1234.75,1264.75,1253.5,1223.5,1851.5777777777776,1901.5777777777776
37,56,1274.125,1876.5777777777776,51.653333333333336,36,0,1264.75,1294.75,1283.5,1253.5,1851.5777777777776,1901.5777777777776
37,57,1304.125,1876.5777777777776,55.14338095238096,30,0,1294.75,1324.75,1313.5,1283.5,1851.5777777777776,1901.5777777777776
37,58,1334.125,1876.5777777777776,56.05514285714286,35,0,1324.75,1354.75,1343.5,1313.5,1851.5777777777776,1901.5777777777776
37,59,1364.125,1876.5777777777776,54.1953125,32,0,1354.75,1384.75,1373.5,1343.5,1851.5777777777776,1901.5777777777776
37,60,1394.125,1876.5777777777776,58.14516129032259,31,0,1384.75,1414.75,1403.5,1373.5,1851.5777777777776,1901.5777777777776
37,61,1424.125,1876.5777777777776,50.706774193548384,31,0,1414.75,1444.75,1433.5,1403.5,1851.5777777777776,1901.5777777777776
37,62,1454.125,1876.5777777777776,49.3480487804878,41,0,1444.75,1474.75,1463.5,1433.5,1851.5777777777776,1901.5777777777776
37,63,1484.125,1876.5777777777776,52.674137931034494,29,0,1474.75,1504.75,1493.5,1463.5,1851.5777777777776,1901.5777777777776
37,64,1514.125,1876.5777777777776,45.96428571428572,56,0,1504.75,1534.75,1523.5,1493.5,1851.5777777777776,1901.5777777777776
37,65,1544.125,1876.5777777777776,47.3790243902439,41,0,1534.75,1564.75,1553.5,1523.5,1851.5777777777776,1901.5777777777776
37,66,1574.125,1876.5777777777776,43.79442307692308,52,0,1564.75,1594.75,1583.5,1553.5,1851.5777777777776,1901.5777777777776
37,67,1604.125,1876.5777777777776,47.59909090909091,44,0,1594.75,1624.75,1613.5,1583.5,1851.5777777777776,1901.5777777777776
37,68,1634.125,1876.5777777777776,52.33285714285714,35,0,1624.75,1654.75,1643.5,1613.5,1851.5777777777776,1901.5777777777776
37,69,1664.125,1876.5777777777776,51.07424242424243,33,0,1654.75,1684.75,1673.5,1643.5,1851.5777777777776,1901.5777777777776
37,70,1694.125,1876.5777777777776,49.851,30,0,1684.75,1714.75,1703.5,1673.5,1851.5777777777776,1901.5777777777776
37,71,1724.125,1876.5777777777776,53.03973684210526,38,0,1714.75,1744.75,1733.5,1703.5,1851.5777777777776,1901.5777777777776
37,72,1754.125,1876.5777777777776,50.75102564102565,39,0,1744.75,1774.75,1763.5,1733.5,1851.5777777777776,1901.5777777777776
37,73,1784.125,1876.5777777777776,52.43275862068966,29,0,1774.75,1804.75,1793.5,1763.5,1851.5777777777776,1901.5777777777776
37,74,1814.125,1876.5777777777776,51.21363636363637,33,0,1804.75,1834.75,1823.5,1793.5,1851.5777777777776,1901.5777777777776
37,75,1844.125,1876.5777777777776,52.16162162162162,37,0,1834.75,1864.75,1853.5,1823.5,1851.5777777777776,1901.5777777777776
37,76,1874.125,1876.5777777777776,52.29857142857142,35,0,1864.75,1894.75,1883.5,1853.5,1851.5777777777776,1901.5777777777776
37,77,1904.125,1876.5777777777776,53.57944444444445,36,0,1894.75,1924.75,1913.5,1883.5,1851.5777777777776,1901.5777777777776
37,78,1934.125,1876.5777777777776,53.02250000000001,36,0,1924.75,1954.75,1943.5,1913.5,1851.5777777777776,1901.5777777777776
37,79,1964.125,1876.5777777777776,53.4140625,32,0,1954.75,1984.75,1973.5,1943.5,1851.5777777777776,1901.5777777777776
37,80,1994.125,1876.5777777777776,52.128125,32,0,1984.75,2014.75,2003.5,1973.5,1851.5777777777776,1901.5777777777776
37,81,2024.125,1876.5777777777776,56.587714285714284,35,0,2014.75,2044.75,2033.5,2003.5,1851.5777777777776,1901.5777777777776
37,82,2054.125,1876.5777777777776,54.0009756097561,41,0,2044.75,2074.75,2063.5,2033.5,1851.5777777777776,1901.5777777777776
37,83,2084.125,1876.5777777777776,54.70548387096774,31,0,2074.75,2104.75,2093.5,2063.5,1851.5777777777776,1901.5777777777776
37,84,2114.125,1876.5777777777776,57.69862068965517,29,0,2104.75,2134.75,2123.5,2093.5,1851.5777777777776,1901.5777777777776
37,85,2144.125,1876.5777777777776,54.1896551724138,29,0,2134.75,2164.75,2153.5,2123.5,1851.5777777777776,1901.5777777777776
37,86,2174.125,1876.5777777777776,48.56555555555556,36,0,2164.75,2194.75,2183.5,2153.5,1851.5777777777776,1901.5777777777776
37,87,2204.125,1876.5777777777776,44.37488372093024,43,0,2194.75,2224.75,2213.5,2183.5,1851.5777777777776,1901.5777777777776
37,88,2234.125,1876.5777777777776,50.346808510638276,47,0,2224.75,2254.75,2243.5,2213.5,1851.5777777777776,1901.5777777777776
37,89,2264.125,1876.5777777777776,51.01813953488372,43,0,2254.75,2284.75,2273.5,2243.5,1851.5777777777776,1901.5777777777776
37,90,2294.125,1876.5777777777776,52.434571428571424,35,0,2284.75,2314.75,2303.5,2273.5,1851.5777777777776,1901.5777777777776
37,91,2324.125,1876.5777777777776,49.75709677419354,31,0,2314.75,2344.75,2333.5,2303.5,1851.5777777777776,1901.5777777777776
37,92,2354.125,1876.5777777777776,49.17447368421053,38,0,2344.75,2374.75,2363.5,2333.5,1851.5777777777776,1901.5777777777776
37,93,2384.125,1876.5777777777776,42.99500000000001,46,0,2374.75,2404.75,2393.5,2363.5,1851.5777777777776,1901.5777777777776
37,94,2414.125,1876.5777777777776,44.43142857142858,42,0,2404.75,2434.75,2423.5,2393.5,1851.5777777777776,1901.5777777777776
37,95,2444.125,1876.5777777777776,45.25714285714285,35,0,2434.75,2464.75,2453.5,2423.5,1851.5777777777776,1901.5777777777776
37,96,2474.125,1876.5777777777776,48.881851851851835,45,0,2464.75,2494.75,2483.5,2453.5,1851.5777777777776,1901.5777777777776
37,97,2504.125,1876.5777777777776,46.49857142857144,42,0,2494.75,2524.75,2513.5,2483.5,1851.5777777777776,1901.5777777777776
37,98,2534.125,1876.5777777777776,43.15874999999999,56,0,2524.75,2554.75,2543.5,2513.5,1851.5777777777776,1901.5777777777776
37,99,2564.125,1876.5777777777776,37.80787234042553,47,0,2554.75,2584.75,2573.5,2543.5,1851.5777777777776,1901.5777777777776
37,100,2594.125,1876.5777777777776,42.34853658536585,41,0,2584.75,2614.75,2603.5,2573.5,1851.5777777777776,1901.5777777777776
37,101,2624.125,1876.5777777777776,43.89979591836735,49,0,2614.75,2644.75,2633.5,2603.5,1851.5777777777776,1901.5777777777776
37,102,2654.125,1876.5777777777776,41.86192307692308,52,0,2644.75,2674.75,2663.5,2633.5,1851.5777777777776,1901.5777777777776
37,103,2684.125,1876.5777777777776,43.62967741935482,62,0,2674.75,2704.75,2693.5,2663.5,1851.5777777777776,1901.5777777777776
37,104,2714.125,1876.5777777777776,47.57604166666669,48,0,2704.75,2734.75,2723.5,2693.5,1851.5777777777776,1901.5777777777776
37,105,2744.125,1876.5777777777776,43.46369565217392,46,0,2734.75,2764.75,2753.5,2723.5,1851.5777777777776,1901.5777777777776
37,106,2774.125,1876.5777777777776,38.65333333333332,48,0,2764.75,2794.75,2783.5,2753.5,1851.5777777777776,1901.5777777777776
37,107,2804.125,1876.5777777777776,39.28960000000001,50,0,2794.75,2824.75,2813.5,2783.5,1851.5777777777776,1901.5777777777776
37,108,2834.125,1876.5777777777776,42.07117647058825,51,0,2824.75,2854.75,2843.5,2813.5,1851.5777777777776,1901.5777777777776
37,109,2864.125,1876.5777777777776,44.36704545454545,44,0,2854.75,2884.75,2873.5,2843.5,1851.5777777777776,1901.5777777777776
37,110,2894.125,1876.5777777777776,45.8554347826087,46,0,2884.75,2914.75,2903.5,2873.5,1851.5777777777776,1901.5777777777776
37,111,2924.125,1876.5777777777776,45.77737704918034,61,0,2914.75,2944.75,2933.5,2903.5,1851.5777777777776,1901.5777777777776
37,112,2954.125,1876.5777777777776,53.08488372093022,43,0,2944.75,2974.75,2963.5,2933.5,1851.5777777777776,1901.5777777777776
37,113,2984.125,1876.5777777777776,52.00461538461538,39,0,2974.75,3004.75,2993.5,2963.5,1851.5777777777776,1901.5777777777776
37,114,3014.125,1876.5777777777776,52.489411764705864,34,0,3004.75,3034.75,3023.5,2993.5,1851.5777777777776,1901.5777777777776
37,115,3044.125,1876.5777777777776,47.96714285714286,35,0,3034.75,3064.75,3053.5,3023.5,1851.5777777777776,1901.5777777777776
37,116,3074.125,1876.5777777777776,46.686595744680844,47,0,3064.75,3094.75,3083.5,3053.5,1851.5777777777776,1901.5777777777776
37,117,3104.125,1876.5777777777776,51.50257142857143,35,0,3094.75,3124.75,3113.5,3083.5,1851.5777777777776,1901.5777777777776
37,118,3134.125,1876.5777777777776,49.300714285714285,42,0,3124.75,3154.75,3143.5,3113.5,1851.5777777777776,1901.5777777777776
37,119,3164.125,1876.5777777777776,47.1055319148936,47,0,3154.75,3184.75,3173.5,3143.5,1851.5777777777776,1901.5777777777776
37,120,3194.125,1876.5777777777776,50.818888888888885,36,0,3184.75,3214.75,3203.5,3173.5,1851.5777777777776,1901.5777777777776
37,121,3224.125,1876.5777777777776,53.32694444444445,36,0,3214.75,3244.75,3233.5,3203.5,1851.5777777777776,1901.5777777777776
37,122,3254.125,1876.5777777777776,56.36193548387099,31,0,3244.75,3274.75,3263.5,3233.5,1851.5777777777776,1901.5777777777776
37,123,3284.125,1876.5777777777776,50.782941176470594,34,0,3274.75,3304.75,3293.5,3263.5,1851.5777777777776,1901.5777777777776
37,124,3314.125,1876.5777777777776,51.373749999999994,40,0,3304.75,3334.75,3323.5,3293.5,1851.5777777777776,1901.5777777777776
37,125,3344.125,1876.5777777777776,50.941999999999986,45,0,3334.75,3364.75,3353.5,3323.5,1851.5777777777776,1901.5777777777776
37,126,3374.125,1876.5777777777776,54.98064814814813,36,0,3364.75,3394.75,3383.5,3353.5,1851.5777777777776,1901.5777777777776
37,127,3404.125,1876.5777777777776,53.30416666666668,36,0,3394.75,3424.75,3413.5,3383.5,1851.5777777777776,1901.5777777777776
37,128,3434.125,1876.5777777777776,50.97372093023257,43,0,3424.75,3454.75,3443.5,3413.5,1851.5777777777776,1901.5777777777776
37,129,3464.125,1876.5777777777776,55.519652777777765,32,0,3454.75,3484.75,3473.5,3443.5,1851.5777777777776,1901.5777777777776
37,130,3494.125,1876.5777777777776,54.48375000000001,32,0,3484.75,3514.75,3503.5,3473.5,1851.5777777777776,1901.5777777777776
37,131,3524.125,1876.5777777777776,54.393333333333324,39,0,3514.75,3544.75,3533.5,3503.5,1851.5777777777776,1901.5777777777776
37,132,3554.125,1876.5777777777776,58.34076923076925,26,0,3544.75,3574.75,3563.5,3533.5,1851.5777777777776,1901.5777777777776
37,133,3584.125,1876.5777777777776,54.06892857142857,28,0,3574.75,3604.75,3593.5,3563.5,1851.5777777777776,1901.5777777777776
37,134,3614.125,1876.5777777777776,50.108974358974336,39,0,3604.75,3634.75,3623.5,3593.5,1851.5777777777776,1901.5777777777776
37,135,3644.125,1876.5777777777776,54.237333333333346,30,0,3634.75,3664.75,3653.5,3623.5,1851.5777777777776,1901.5777777777776
37,136,3674.125,1876.5777777777776,54.908437500000005,32,0,3664.75,3694.75,3683.5,3653.5,1851.5777777777776,1901.5777777777776
37,137,3704.125,1876.5777777777776,54.181999999999995,30,0,3694.75,3724.75,3713.5,3683.5,1851.5777777777776,1901.5777777777776
37,138,3734.125,1876.5777777777776,57.88294117647059,17,0,3724.75,3754.75,3743.5,3713.5,1851.5777777777776,1901.5777777777776
37,139,3764.125,1876.5777777777776,53.3556,25,0,3754.75,3784.75,3773.5,3743.5,1851.5777777777776,1901.5777777777776
37,140,3794.125,1876.5777777777776,53.811874999999986,32,0,3784.75,3814.75,3803.5,3773.5,1851.5777777777776,1901.5777777777776
37,141,3824.125,1876.5777777777776,50.4236111111111,36,0,3814.75,3844.75,3833.5,3803.5,1851.5777777777776,1901.5777777777776
37,142,3854.125,1876.5777777777776,47.84346153846155,26,0,3844.75,3874.75,3863.5,3833.5,1851.5777777777776,1901.5777777777776
37,143,3884.125,1876.5777777777776,,0,0,3874.75,3904.75,3893.5,3863.5,1851.5777777777776,1901.5777777777776
38,14,2.875,1926.5777777777776,77.05000000000001,4,0,-6.5,23.5,12.25,-17.75,1901.5777777777776,1951.5777777777776
38,15,32.875,1926.5777777777776,76.08125000000001,8,0,23.5,53.5,42.25,12.25,1901.5777777777776,1951.5777777777776
38,16,62.875,1926.5777777777776,59.03757575757575,33,0,53.5,83.5,72.25,42.25,1901.5777777777776,1951.5777777777776
38,17,92.875,1926.5777777777776,54.68361111111111,36,0,83.5,113.5,102.25,72.25,1901.5777777777776,1951.5777777777776
38,18,122.875,1926.5777777777776,56.243714285714276,35,0,113.5,143.5,132.25,102.25,1901.5777777777776,1951.5777777777776
38,19,152.875,1926.5777777777776,57.026578947368414,38,0,143.5,173.5,162.25,132.25,1901.5777777777776,1951.5777777777776
38,20,182.875,1926.5777777777776,57.97571428571429,28,0,173.5,203.5,192.25,162.25,1901.5777777777776,1951.5777777777776
38,21,212.875,1926.5777777777776,63.001633986928105,17,0,203.5,233.5,222.25,192.25,1901.5777777777776,1951.5777777777776
38,22,242.875,1926.5777777777776,57.04833333333336,42,0,233.5,263.5,252.25,222.25,1901.5777777777776,1951.5777777777776
38,23,272.875,1926.5777777777776,57.418000000000006,40,0,263.5,293.5,282.25,252.25,1901.5777777777776,1951.5777777777776
38,24,302.875,1926.5777777777776,58.513111111111115,45,0,293.5,323.5,312.25,282.25,1901.5777777777776,1951.5777777777776
38,25,332.875,1926.5777777777776,65.26897435897435,39,0,323.5,353.5,342.25,312.25,1901.5777777777776,1951.5777777777776
38,26,362.875,1926.5777777777776,72.9785,20,0,353.5,383.5,372.25,342.25,1901.5777777777776,1951.5777777777776
38,27,392.875,1926.5777777777776,71.545,16,0,383.5,413.5,402.25,372.25,1901.5777777777776,1951.5777777777776
38,28,422.875,1926.5777777777776,67.86541666666666,24,0,413.5,443.5,432.25,402.25,1901.5777777777776,1951.5777777777776
38,29,452.875,1926.5777777777776,67.44527777777778,36,0,443.5,473.5,462.25,432.25,1901.5777777777776,1951.5777777777776
38,30,482.875,1926.5777777777776,66.66666666666667,21,0,473.5,503.5,492.25,462.25,1901.5777777777776,1951.5777777777776
38,31,512.875,1926.5777777777776,62.26307692307692,26,0,503.5,533.5,522.25,492.25,1901.5777777777776,1951.5777777777776
38,32,542.875,1926.5777777777776,61.950357142857136,28,0,533.5,563.5,552.25,522.25,1901.5777777777776,1951.5777777777776
38,33,572.875,1926.5777777777776,61.007500000000014,36,0,563.5,593.5,582.25,552.25,1901.5777777777776,1951.5777777777776
38,34,602.875,1926.5777777777776,62.420689655172424,29,0,593.5,623.5,612.25,582.25,1901.5777777777776,1951.5777777777776
38,35,632.875,1926.5777777777776,54.736744186046515,43,0,623.5,653.5,642.25,612.25,1901.5777777777776,1951.5777777777776
38,36,662.875,1926.5777777777776,50.01452380952382,42,0,653.5,683.5,672.25,642.25,1901.5777777777776,1951.5777777777776
38,37,692.875,1926.5777777777776,46.476279069767436,43,0,683.5,713.5,702.25,672.25,1901.5777777777776,1951.5777777777776
38,38,722.875,1926.5777777777776,46.14347826086957,46,0,713.5,743.5,732.25,702.25,1901.5777777777776,1951.5777777777776
38,39,752.875,1926.5777777777776,62.49821428571427,28,0,743.5,773.5,762.25,732.25,1901.5777777777776,1951.5777777777776
38,40,782.875,1926.5777777777776,59.065000000000005,28,0,773.5,803.5,792.25,762.25,1901.5777777777776,1951.5777777777776
38,41,812.875,1926.5777777777776,57.55282608695652,46,0,803.5,833.5,822.25,792.25,1901.5777777777776,1951.5777777777776
38,42,842.875,1926.5777777777776,61.184285714285714,28,0,833.5,863.5,852.25,822.25,1901.5777777777776,1951.5777777777776
38,43,872.875,1926.5777777777776,59.053714285714285,35,0,863.5,893.5,882.25,852.25,1901.5777777777776,1951.5777777777776
38,44,902.875,1926.5777777777776,60.410285714285706,35,0,893.5,923.5,912.25,882.25,1901.5777777777776,1951.5777777777776
38,45,932.875,1926.5777777777776,56.087619047619036,42,0,923.5,953.5,942.25,912.25,1901.5777777777776,1951.5777777777776
38,46,962.875,1926.5777777777776,59.41879999999999,25,0,953.5,983.5,972.25,942.25,1901.5777777777776,1951.5777777777776
38,47,992.875,1926.5777777777776,63.79791666666666,24,0,983.5,1013.5,1002.25,972.25,1901.5777777777776,1951.5777777777776
38,48,1022.875,1926.5777777777776,59.140588235294125,34,0,1013.5,1043.5,1032.25,1002.25,1901.5777777777776,1951.5777777777776
38,49,1052.875,1926.5777777777776,55.09888888888889,36,0,1043.5,1073.5,1062.25,1032.25,1901.5777777777776,1951.5777777777776
38,50,1082.875,1926.5777777777776,55.173750000000005,48,0,1073.5,1103.5,1092.25,1062.25,1901.5777777777776,1951.5777777777776
38,51,1112.875,1926.5777777777776,47.57378378378378,37,0,1103.5,1133.5,1122.25,1092.25,1901.5777777777776,1951.5777777777776
38,52,1142.875,1926.5777777777776,41.14553191489362,47,0,1133.5,1163.5,1152.25,1122.25,1901.5777777777776,1951.5777777777776
38,53,1172.875,1926.5777777777776,39.02236363636364,55,0,1163.5,1193.5,1182.25,1152.25,1901.5777777777776,1951.5777777777776
38,54,1202.875,1926.5777777777776,44.18017857142858,56,0,1193.5,1223.5,1212.25,1182.25,1901.5777777777776,1951.5777777777776
38,55,1232.875,1926.5777777777776,49.02673913043479,46,0,1223.5,1253.5,1242.25,1212.25,1901.5777777777776,1951.5777777777776
38,56,1262.875,1926.5777777777776,52.76973684210525,38,0,1253.5,1283.5,1272.25,1242.25,1901.5777777777776,1951.5777777777776
38,57,1292.875,1926.5777777777776,52.01243243243243,37,0,1283.5,1313.5,1302.25,1272.25,1901.5777777777776,1951.5777777777776
38,58,1322.875,1926.5777777777776,57.268333333333324,30,0,1313.5,1343.5,1332.25,1302.25,1901.5777777777776,1951.5777777777776
38,59,1352.875,1926.5777777777776,56.20935483870968,31,0,1343.5,1373.5,1362.25,1332.25,1901.5777777777776,1951.5777777777776
38,60,1382.875,1926.5777777777776,56.87290322580647,31,0,1373.5,1403.5,1392.25,1362.25,1901.5777777777776,1951.5777777777776
38,61,1412.875,1926.5777777777776,62.30107142857144,28,0,1403.5,1433.5,1422.25,1392.25,1901.5777777777776,1951.5777777777776
38,62,1442.875,1926.5777777777776,48.13659574468086,47,0,1433.5,1463.5,1452.25,1422.25,1901.5777777777776,1951.5777777777776
38,63,1472.875,1926.5777777777776,53.35392857142856,28,0,1463.5,1493.5,1482.25,1452.25,1901.5777777777776,1951.5777777777776
38,64,1502.875,1926.5777777777776,49.86926829268293,41,0,1493.5,1523.5,1512.25,1482.25,1901.5777777777776,1951.5777777777776
38,65,1532.875,1926.5777777777776,47.423265306122445,49,0,1523.5,1553.5,1542.25,1512.25,1901.5777777777776,1951.5777777777776
38,66,1562.875,1926.5777777777776,47.52511627906978,43,0,1553.5,1583.5,1572.25,1542.25,1901.5777777777776,1951.5777777777776
38,67,1592.875,1926.5777777777776,44.94389830508474,59,0,1583.5,1613.5,1602.25,1572.25,1901.5777777777776,1951.5777777777776
38,68,1622.875,1926.5777777777776,51.183181818181815,44,0,1613.5,1643.5,1632.25,1602.25,1901.5777777777776,1951.5777777777776
38,69,1652.875,1926.5777777777776,55.49392857142858,28,0,1643.5,1673.5,1662.25,1632.25,1901.5777777777776,1951.5777777777776
38,70,1682.875,1926.5777777777776,51.302499999999995,40,0,1673.5,1703.5,1692.25,1662.25,1901.5777777777776,1951.5777777777776
38,71,1712.875,1926.5777777777776,50.47642857142858,28,0,1703.5,1733.5,1722.25,1692.25,1901.5777777777776,1951.5777777777776
38,72,1742.875,1926.5777777777776,52.55210526315789,38,0,1733.5,1763.5,1752.25,1722.25,1901.5777777777776,1951.5777777777776
38,73,1772.875,1926.5777777777776,52.47435897435897,39,0,1763.5,1793.5,1782.25,1752.25,1901.5777777777776,1951.5777777777776
38,74,1802.875,1926.5777777777776,51.77441176470589,34,0,1793.5,1823.5,1812.25,1782.25,1901.5777777777776,1951.5777777777776
38,75,1832.875,1926.5777777777776,52.88970588235294,34,0,1823.5,1853.5,1842.25,1812.25,1901.5777777777776,1951.5777777777776
38,76,1862.875,1926.5777777777776,52.27307692307693,39,0,1853.5,1883.5,1872.25,1842.25,1901.5777777777776,1951.5777777777776
38,77,1892.875,1926.5777777777776,55.27818181818182,33,0,1883.5,1913.5,1902.25,1872.25,1901.5777777777776,1951.5777777777776
38,78,1922.875,1926.5777777777776,52.67942857142857,35,0,1913.5,1943.5,1932.25,1902.25,1901.5777777777776,1951.5777777777776
38,79,1952.875,1926.5777777777776,55.79885714285715,35,0,1943.5,1973.5,1962.25,1932.25,1901.5777777777776,1951.5777777777776
38,80,1982.875,1926.5777777777776,51.6678125,32,0,1973.5,2003.5,1992.25,1962.25,1901.5777777777776,1951.5777777777776
38,81,2012.875,1926.5777777777776,58.49866666666667,30,0,2003.5,2033.5,2022.25,1992.25,1901.5777777777776,1951.5777777777776
38,82,2042.875,1926.5777777777776,56.0325641025641,39,0,2033.5,2063.5,2052.25,2022.25,1901.5777777777776,1951.5777777777776
38,83,2072.875,1926.5777777777776,54.47416666666666,36,0,2063.5,2093.5,2082.25,2052.25,1901.5777777777776,1951.5777777777776
38,84,2102.875,1926.5777777777776,58.10724137931033,29,0,2093.5,2123.5,2112.25,2082.25,1901.5777777777776,1951.5777777777776
38,85,2132.875,1926.5777777777776,57.38400000000002,35,0,2123.5,2153.5,2142.25,2112.25,1901.5777777777776,1951.5777777777776
38,86,2162.875,1926.5777777777776,51.71999999999999,30,0,2153.5,2183.5,2172.25,2142.25,1901.5777777777776,1951.5777777777776
38,87,2192.875,1926.5777777777776,46.81024999999998,40,0,2183.5,2213.5,2202.25,2172.25,1901.5777777777776,1951.5777777777776
38,88,2222.875,1926.5777777777776,46.911913265306126,56,0,2213.5,2243.5,2232.25,2202.25,1901.5777777777776,1951.5777777777776
38,89,2252.875,1926.5777777777776,52.45318181818182,44,0,2243.5,2273.5,2262.25,2232.25,1901.5777777777776,1951.5777777777776
38,90,2282.875,1926.5777777777776,53.81323529411763,34,0,2273.5,2303.5,2292.25,2262.25,1901.5777777777776,1951.5777777777776
38,91,2312.875,1926.5777777777776,53.304,30,0,2303.5,2333.5,2322.25,2292.25,1901.5777777777776,1951.5777777777776
38,92,2342.875,1926.5777777777776,52.658108108108095,37,0,2333.5,2363.5,2352.25,2322.25,1901.5777777777776,1951.5777777777776
38,93,2372.875,1926.5777777777776,50.83450000000001,40,0,2363.5,2393.5,2382.25,2352.25,1901.5777777777776,1951.5777777777776
38,94,2402.875,1926.5777777777776,47.62023809523809,42,0,2393.5,2423.5,2412.25,2382.25,1901.5777777777776,1951.5777777777776
38,95,2432.875,1926.5777777777776,46.62270270270271,37,0,2423.5,2453.5,2442.25,2412.25,1901.5777777777776,1951.5777777777776
38,96,2462.875,1926.5777777777776,50.29451612903225,31,0,2453.5,2483.5,2472.25,2442.25,1901.5777777777776,1951.5777777777776
38,97,2492.875,1926.5777777777776,50.58558139534885,43,0,2483.5,2513.5,2502.25,2472.25,1901.5777777777776,1951.5777777777776
38,98,2522.875,1926.5777777777776,47.62512195121952,41,0,2513.5,2543.5,2532.25,2502.25,1901.5777777777776,1951.5777777777776
38,99,2552.875,1926.5777777777776,44.25333333333332,48,0,2543.5,2573.5,2562.25,2532.25,1901.5777777777776,1951.5777777777776
38,100,2582.875,1926.5777777777776,39.92977777777778,45,0,2573.5,2603.5,2592.25,2562.25,1901.5777777777776,1951.5777777777776
38,101,2612.875,1926.5777777777776,44.35300000000001,40,0,2603.5,2633.5,2622.25,2592.25,1901.5777777777776,1951.5777777777776
38,102,2642.875,1926.5777777777776,43.72152173913043,46,0,2633.5,2663.5,2652.25,2622.25,1901.5777777777776,1951.5777777777776
38,103,2672.875,1926.5777777777776,42.8259649122807,57,0,2663.5,2693.5,2682.25,2652.25,1901.5777777777776,1951.5777777777776
38,104,2702.875,1926.5777777777776,48.08678571428573,56,0,2693.5,2723.5,2712.25,2682.25,1901.5777777777776,1951.5777777777776
38,105,2732.875,1926.5777777777776,46.041250000000005,40,0,2723.5,2753.5,2742.25,2712.25,1901.5777777777776,1951.5777777777776
38,106,2762.875,1926.5777777777776,43.14255319148937,47,0,2753.5,2783.5,2772.25,2742.25,1901.5777777777776,1951.5777777777776
38,107,2792.875,1926.5777777777776,43.81608695652173,46,0,2783.5,2813.5,2802.25,2772.25,1901.5777777777776,1951.5777777777776
38,108,2822.875,1926.5777777777776,43.72760869565217,46,0,2813.5,2843.5,2832.25,2802.25,1901.5777777777776,1951.5777777777776
38,109,2852.875,1926.5777777777776,43.59046511627907,43,0,2843.5,2873.5,2862.25,2832.25,1901.5777777777776,1951.5777777777776
38,110,2882.875,1926.5777777777776,47.212173913043486,46,0,2873.5,2903.5,2892.25,2862.25,1901.5777777777776,1951.5777777777776
38,111,2912.875,1926.5777777777776,46.71933333333333,45,0,2903.5,2933.5,2922.25,2892.25,1901.5777777777776,1951.5777777777776
38,112,2942.875,1926.5777777777776,51.56042553191489,47,0,2933.5,2963.5,2952.25,2922.25,1901.5777777777776,1951.5777777777776
38,113,2972.875,1926.5777777777776,54.55675213675213,39,0,2963.5,2993.5,2982.25,2952.25,1901.5777777777776,1951.5777777777776
38,114,3002.875,1926.5777777777776,53.96972222222221,36,0,2993.5,3023.5,3012.25,2982.25,1901.5777777777776,1951.5777777777776
38,115,3032.875,1926.5777777777776,50.91117647058824,34,0,3023.5,3053.5,3042.25,3012.25,1901.5777777777776,1951.5777777777776
38,116,3062.875,1926.5777777777776,49.0374358974359,39,0,3053.5,3083.5,3072.25,3042.25,1901.5777777777776,1951.5777777777776
38,117,3092.875,1926.5777777777776,47.61375,48,0,3083.5,3113.5,3102.25,3072.25,1901.5777777777776,1951.5777777777776
38,118,3122.875,1926.5777777777776,52.082941176470584,34,0,3113.5,3143.5,3132.25,3102.25,1901.5777777777776,1951.5777777777776
38,119,3152.875,1926.5777777777776,49.08800000000001,40,0,3143.5,3173.5,3162.25,3132.25,1901.5777777777776,1951.5777777777776
38,120,3182.875,1926.5777777777776,48.79307692307692,52,0,3173.5,3203.5,3192.25,3162.25,1901.5777777777776,1951.5777777777776
38,121,3212.875,1926.5777777777776,53.03457142857143,35,0,3203.5,3233.5,3222.25,3192.25,1901.5777777777776,1951.5777777777776
38,122,3242.875,1926.5777777777776,57.008684210526326,38,0,3233.5,3263.5,3252.25,3222.25,1901.5777777777776,1951.5777777777776
38,123,3272.875,1926.5777777777776,55.2053846153846,26,0,3263.5,3293.5,3282.25,3252.25,1901.5777777777776,1951.5777777777776
38,124,3302.875,1926.5777777777776,52.73311111111109,45,0,3293.5,3323.5,3312.25,3282.25,1901.5777777777776,1951.5777777777776
38,125,3332.875,1926.5777777777776,50.82906976744187,43,0,3323.5,3353.5,3342.25,3312.25,1901.5777777777776,1951.5777777777776
38,126,3362.875,1926.5777777777776,55.13692307692307,39,0,3353.5,3383.5,3372.25,3342.25,1901.5777777777776,1951.5777777777776
38,127,3392.875,1926.5777777777776,53.94187500000001,32,0,3383.5,3413.5,3402.25,3372.25,1901.5777777777776,1951.5777777777776
38,128,3422.875,1926.5777777777776,53.1260975609756,41,0,3413.5,3443.5,3432.25,3402.25,1901.5777777777776,1951.5777777777776
38,129,3452.875,1926.5777777777776,52.179714285714276,35,0,3443.5,3473.5,3462.25,3432.25,1901.5777777777776,1951.5777777777776
38,130,3482.875,1926.5777777777776,57.860689655172415,29,0,3473.5,3503.5,3492.25,3462.25,1901.5777777777776,1951.5777777777776
38,131,3512.875,1926.5777777777776,53.38804878048779,41,0,3503.5,3533.5,3522.25,3492.25,1901.5777777777776,1951.5777777777776
38,132,3542.875,1926.5777777777776,59.67344827586207,29,0,3533.5,3563.5,3552.25,3522.25,1901.5777777777776,1951.5777777777776
38,133,3572.875,1926.5777777777776,57.93551724137931,29,0,3563.5,3593.5,3582.25,3552.25,1901.5777777777776,1951.5777777777776
38,134,3602.875,1926.5777777777776,52.94941176470589,34,0,3593.5,3623.5,3612.25,3582.25,1901.5777777777776,1951.5777777777776
38,135,3632.875,1926.5777777777776,55.42461538461539,26,0,3623.5,3653.5,3642.25,3612.25,1901.5777777777776,1951.5777777777776
38,136,3662.875,1926.5777777777776,56.65281249999999,32,0,3653.5,3683.5,3672.25,3642.25,1901.5777777777776,1951.5777777777776
38,137,3692.875,1926.5777777777776,55.09656249999998,32,0,3683.5,3713.5,3702.25,3672.25,1901.5777777777776,1951.5777777777776
38,138,3722.875,1926.5777777777776,56.60391304347826,23,0,3713.5,3743.5,3732.25,3702.25,1901.5777777777776,1951.5777777777776
38,139,3752.875,1926.5777777777776,58.81894736842105,19,0,3743.5,3773.5,3762.25,3732.25,1901.5777777777776,1951.5777777777776
38,140,3782.875,1926.5777777777776,52.71689655172415,29,0,3773.5,3803.5,3792.25,3762.25,1901.5777777777776,1951.5777777777776
38,141,3812.875,1926.5777777777776,51.871142857142864,35,0,3803.5,3833.5,3822.25,3792.25,1901.5777777777776,1951.5777777777776
38,142,3842.875,1926.5777777777776,49.729629629629635,27,0,3833.5,3863.5,3852.25,3822.25,1901.5777777777776,1951.5777777777776
38,143,3872.875,1926.5777777777776,50.74444444444444,9,0,3863.5,3893.5,3882.25,3852.25,1901.5777777777776,1951.5777777777776
39,14,-8.375,1976.5777777777776,86.1,1,0,-17.75,12.25,1.0,-29.0,1951.5777777777776,2001.5777777777776
39,15,21.625,1976.5777777777776,77.016,10,0,12.25,42.25,31.0,1.0,1951.5777777777776,2001.5777777777776
39,16,51.625,1976.5777777777776,59.079047619047614,21,0,42.25,72.25,61.0,31.0,1951.5777777777776,2001.5777777777776
39,17,81.625,1976.5777777777776,56.72135135135135,37,0,72.25,102.25,91.0,61.0,1951.5777777777776,2001.5777777777776
39,18,111.625,1976.5777777777776,56.03277777777778,36,0,102.25,132.25,121.0,91.0,1951.5777777777776,2001.5777777777776
39,19,141.625,1976.5777777777776,54.167727272727284,44,0,132.25,162.25,151.0,121.0,1951.5777777777776,2001.5777777777776
39,20,171.625,1976.5777777777776,58.49575757575757,33,0,162.25,192.25,181.0,151.0,1951.5777777777776,2001.5777777777776
39,21,201.625,1976.5777777777776,58.543600000000005,25,0,192.25,222.25,211.0,181.0,1951.5777777777776,2001.5777777777776
39,22,231.625,1976.5777777777776,58.878181818181815,22,0,222.25,252.25,241.0,211.0,1951.5777777777776,2001.5777777777776
39,23,261.625,1976.5777777777776,55.61399999999999,45,0,252.25,282.25,271.0,241.0,1951.5777777777776,2001.5777777777776
39,24,291.625,1976.5777777777776,57.936904761904756,42,0,282.25,312.25,301.0,271.0,1951.5777777777776,2001.5777777777776
39,25,321.625,1976.5777777777776,57.53425531914895,47,0,312.25,342.25,331.0,301.0,1951.5777777777776,2001.5777777777776
39,26,351.625,1976.5777777777776,65.788,35,0,342.25,372.25,361.0,331.0,1951.5777777777776,2001.5777777777776
39,27,381.625,1976.5777777777776,75.15153846153846,13,0,372.25,402.25,391.0,361.0,1951.5777777777776,2001.5777777777776
39,28,411.625,1976.5777777777776,68.55333333333334,24,0,402.25,432.25,421.0,391.0,1951.5777777777776,2001.5777777777776
39,29,441.625,1976.5777777777776,65.96571428571427,35,0,432.25,462.25,451.0,421.0,1951.5777777777776,2001.5777777777776
39,30,471.625,1976.5777777777776,67.44839999999999,25,0,462.25,492.25,481.0,451.0,1951.5777777777776,2001.5777777777776
39,31,501.625,1976.5777777777776,63.61999999999999,32,0,492.25,522.25,511.0,481.0,1951.5777777777776,2001.5777777777776
39,32,531.625,1976.5777777777776,60.6053125,32,0,522.25,552.25,541.0,511.0,1951.5777777777776,2001.5777777777776
39,33,561.625,1976.5777777777776,61.68787878787878,33,0,552.25,582.25,571.0,541.0,1951.5777777777776,2001.5777777777776
39,34,591.625,1976.5777777777776,61.22823529411765,34,0,582.25,612.25,601.0,571.0,1951.5777777777776,2001.5777777777776
39,35,621.625,1976.5777777777776,57.64500000000001,34,0,612.25,642.25,631.0,601.0,1951.5777777777776,2001.5777777777776
39,36,651.625,1976.5777777777776,52.68697674418605,43,0,642.25,672.25,661.0,631.0,1951.5777777777776,2001.5777777777776
39,37,681.625,1976.5777777777776,46.16058823529413,51,0,672.25,702.25,691.0,661.0,1951.5777777777776,2001.5777777777776
39,38,711.625,1976.5777777777776,45.49421052631579,38,0,702.25,732.25,721.0,691.0,1951.5777777777776,2001.5777777777776
39,39,741.625,1976.5777777777776,52.44355555555558,45,0,732.25,762.25,751.0,721.0,1951.5777777777776,2001.5777777777776
39,40,771.625,1976.5777777777776,62.234399999999994,25,0,762.25,792.25,781.0,751.0,1951.5777777777776,2001.5777777777776
39,41,801.625,1976.5777777777776,56.163000000000004,50,0,792.25,822.25,811.0,781.0,1951.5777777777776,2001.5777777777776
39,42,831.625,1976.5777777777776,59.53257142857141,35,0,822.25,852.25,841.0,811.0,1951.5777777777776,2001.5777777777776
39,43,861.625,1976.5777777777776,59.615517241379315,29,0,852.25,882.25,871.0,841.0,1951.5777777777776,2001.5777777777776
39,44,891.625,1976.5777777777776,58.88463414634146,41,0,882.25,912.25,901.0,871.0,1951.5777777777776,2001.5777777777776
39,45,921.625,1976.5777777777776,58.3515,40,0,912.25,942.25,931.0,901.0,1951.5777777777776,2001.5777777777776
39,46,951.625,1976.5777777777776,57.096111111111114,36,0,942.25,972.25,961.0,931.0,1951.5777777777776,2001.5777777777776
39,47,981.625,1976.5777777777776,61.664736842105256,19,0,972.25,1002.25,991.0,961.0,1951.5777777777776,2001.5777777777776
39,48,1011.625,1976.5777777777776,60.82540540540543,37,0,1002.25,1032.25,1021.0,991.0,1951.5777777777776,2001.5777777777776
39,49,1041.625,1976.5777777777776,56.410000000000004,34,0,1032.25,1062.25,1051.0,1021.0,1951.5777777777776,2001.5777777777776
39,50,1071.625,1976.5777777777776,54.15021276595745,47,0,1062.25,1092.25,1081.0,1051.0,1951.5777777777776,2001.5777777777776
39,51,1101.625,1976.5777777777776,53.92097560975611,41,0,1092.25,1122.25,1111.0,1081.0,1951.5777777777776,2001.5777777777776
39,52,1131.625,1976.5777777777776,44.61325581395349,43,0,1122.25,1152.25,1141.0,1111.0,1951.5777777777776,2001.5777777777776
39,53,1161.625,1976.5777777777776,42.95723404255319,47,0,1152.25,1182.25,1171.0,1141.0,1951.5777777777776,2001.5777777777776
39,54,1191.625,1976.5777777777776,41.79599999999999,50,0,1182.25,1212.25,1201.0,1171.0,1951.5777777777776,2001.5777777777776
39,55,1221.625,1976.5777777777776,45.51460317460316,63,0,1212.25,1242.25,1231.0,1201.0,1951.5777777777776,2001.5777777777776
39,56,1251.625,1976.5777777777776,50.31170212765958,47,0,1242.25,1272.25,1261.0,1231.0,1951.5777777777776,2001.5777777777776
39,57,1281.625,1976.5777777777776,52.24342105263158,38,0,1272.25,1302.25,1291.0,1261.0,1951.5777777777776,2001.5777777777776
39,58,1311.625,1976.5777777777776,52.59684210526316,38,0,1302.25,1332.25,1321.0,1291.0,1951.5777777777776,2001.5777777777776
39,59,1341.625,1976.5777777777776,57.08727272727272,33,0,1332.25,1362.25,1351.0,1321.0,1951.5777777777776,2001.5777777777776
39,60,1371.625,1976.5777777777776,54.94411764705882,34,0,1362.25,1392.25,1381.0,1351.0,1951.5777777777776,2001.5777777777776
39,61,1401.625,1976.5777777777776,58.71558823529411,34,0,1392.25,1422.25,1411.0,1381.0,1951.5777777777776,2001.5777777777776
39,62,1431.625,1976.5777777777776,52.54633333333333,30,0,1422.25,1452.25,1441.0,1411.0,1951.5777777777776,2001.5777777777776
39,63,1461.625,1976.5777777777776,49.37560975609756,41,0,1452.25,1482.25,1471.0,1441.0,1951.5777777777776,2001.5777777777776
39,64,1491.625,1976.5777777777776,52.37357142857143,28,0,1482.25,1512.25,1501.0,1471.0,1951.5777777777776,2001.5777777777776
39,65,1521.625,1976.5777777777776,47.111785714285745,56,0,1512.25,1542.25,1531.0,1501.0,1951.5777777777776,2001.5777777777776
39,66,1551.625,1976.5777777777776,47.906046511627906,43,0,1542.25,1572.25,1561.0,1531.0,1951.5777777777776,2001.5777777777776
39,67,1581.625,1976.5777777777776,44.82055555555554,54,0,1572.25,1602.25,1591.0,1561.0,1951.5777777777776,2001.5777777777776
39,68,1611.625,1976.5777777777776,45.67591836734694,49,0,1602.25,1632.25,1621.0,1591.0,1951.5777777777776,2001.5777777777776
39,69,1641.625,1976.5777777777776,51.20085714285714,35,0,1632.25,1662.25,1651.0,1621.0,1951.5777777777776,2001.5777777777776
39,70,1671.625,1976.5777777777776,52.17358974358973,39,0,1662.25,1692.25,1681.0,1651.0,1951.5777777777776,2001.5777777777776
39,71,1701.625,1976.5777777777776,49.84645161290323,31,0,1692.25,1722.25,1711.0,1681.0,1951.5777777777776,2001.5777777777776
39,72,1731.625,1976.5777777777776,52.1965,40,0,1722.25,1752.25,1741.0,1711.0,1951.5777777777776,2001.5777777777776
39,73,1761.625,1976.5777777777776,50.186923076923065,39,0,1752.25,1782.25,1771.0,1741.0,1951.5777777777776,2001.5777777777776
39,74,1791.625,1976.5777777777776,52.69599999999999,35,0,1782.25,1812.25,1801.0,1771.0,1951.5777777777776,2001.5777777777776
39,75,1821.625,1976.5777777777776,50.9227027027027,37,0,1812.25,1842.25,1831.0,1801.0,1951.5777777777776,2001.5777777777776
39,76,1851.625,1976.5777777777776,51.912162162162176,37,0,1842.25,1872.25,1861.0,1831.0,1951.5777777777776,2001.5777777777776
39,77,1881.625,1976.5777777777776,52.71791666666669,36,0,1872.25,1902.25,1891.0,1861.0,1951.5777777777776,2001.5777777777776
39,78,1911.625,1976.5777777777776,55.87282051282051,39,0,1902.25,1932.25,1921.0,1891.0,1951.5777777777776,2001.5777777777776
39,79,1941.625,1976.5777777777776,54.21257142857144,35,0,1932.25,1962.25,1951.0,1921.0,1951.5777777777776,2001.5777777777776
39,80,1971.625,1976.5777777777776,54.767333333333326,30,0,1962.25,1992.25,1981.0,1951.0,1951.5777777777776,2001.5777777777776
39,81,2001.625,1976.5777777777776,54.19566666666669,30,0,1992.25,2022.25,2011.0,1981.0,1951.5777777777776,2001.5777777777776
39,82,2031.625,1976.5777777777776,58.32628571428571,35,0,2022.25,2052.25,2041.0,2011.0,1951.5777777777776,2001.5777777777776
39,83,2061.625,1976.5777777777776,54.58155555555556,45,0,2052.25,2082.25,2071.0,2041.0,1951.5777777777776,2001.5777777777776
39,84,2091.625,1976.5777777777776,55.30032258064517,31,0,2082.25,2112.25,2101.0,2071.0,1951.5777777777776,2001.5777777777776
39,85,2121.625,1976.5777777777776,58.38258064516129,31,0,2112.25,2142.25,2131.0,2101.0,1951.5777777777776,2001.5777777777776
39,86,2151.625,1976.5777777777776,55.21142857142856,28,0,2142.25,2172.25,2161.0,2131.0,1951.5777777777776,2001.5777777777776
39,87,2181.625,1976.5777777777776,47.65439024390245,41,0,2172.25,2202.25,2191.0,2161.0,1951.5777777777776,2001.5777777777776
39,88,2211.625,1976.5777777777776,46.346499999999985,40,0,2202.25,2232.25,2221.0,2191.0,1951.5777777777776,2001.5777777777776
39,89,2241.625,1976.5777777777776,48.67796296296296,54,0,2232.25,2262.25,2251.0,2221.0,1951.5777777777776,2001.5777777777776
39,90,2271.625,1976.5777777777776,52.02936170212766,47,0,2262.25,2292.25,2281.0,2251.0,1951.5777777777776,2001.5777777777776
39,91,2301.625,1976.5777777777776,53.39614718614719,33,0,2292.25,2322.25,2311.0,2281.0,1951.5777777777776,2001.5777777777776
39,92,2331.625,1976.5777777777776,52.61586206896553,29,0,2322.25,2352.25,2341.0,2311.0,1951.5777777777776,2001.5777777777776
39,93,2361.625,1976.5777777777776,53.66233618233617,39,0,2352.25,2382.25,2371.0,2341.0,1951.5777777777776,2001.5777777777776
39,94,2391.625,1976.5777777777776,50.07653746770027,43,0,2382.25,2412.25,2401.0,2371.0,1951.5777777777776,2001.5777777777776
39,95,2421.625,1976.5777777777776,49.89195121951218,41,0,2412.25,2442.25,2431.0,2401.0,1951.5777777777776,2001.5777777777776
39,96,2451.625,1976.5777777777776,48.28027027027027,37,0,2442.25,2472.25,2461.0,2431.0,1951.5777777777776,2001.5777777777776
39,97,2481.625,1976.5777777777776,49.900000000000006,47,0,2472.25,2502.25,2491.0,2461.0,1951.5777777777776,2001.5777777777776
39,98,2511.625,1976.5777777777776,51.64000000000001,39,0,2502.25,2532.25,2521.0,2491.0,1951.5777777777776,2001.5777777777776
39,99,2541.625,1976.5777777777776,47.226800000000004,50,0,2532.25,2562.25,2551.0,2521.0,1951.5777777777776,2001.5777777777776
39,100,2571.625,1976.5777777777776,42.75418604651163,43,0,2562.25,2592.25,2581.0,2551.0,1951.5777777777776,2001.5777777777776
39,101,2601.625,1976.5777777777776,37.94020408163265,49,0,2592.25,2622.25,2611.0,2581.0,1951.5777777777776,2001.5777777777776
39,102,2631.625,1976.5777777777776,42.38833333333336,54,0,2622.25,2652.25,2641.0,2611.0,1951.5777777777776,2001.5777777777776
39,103,2661.625,1976.5777777777776,42.16185185185186,54,0,2652.25,2682.25,2671.0,2641.0,1951.5777777777776,2001.5777777777776
39,104,2691.625,1976.5777777777776,43.496268656716424,67,0,2682.25,2712.25,2701.0,2671.0,1951.5777777777776,2001.5777777777776
39,105,2721.625,1976.5777777777776,48.69313725490197,51,0,2712.25,2742.25,2731.0,2701.0,1951.5777777777776,2001.5777777777776
39,106,2751.625,1976.5777777777776,44.49212765957446,47,0,2742.25,2772.25,2761.0,2731.0,1951.5777777777776,2001.5777777777776
39,107,2781.625,1976.5777777777776,46.02162790697673,43,0,2772.25,2802.25,2791.0,2761.0,1951.5777777777776,2001.5777777777776
39,108,2811.625,1976.5777777777776,45.262765957446796,47,0,2802.25,2832.25,2821.0,2791.0,1951.5777777777776,2001.5777777777776
39,109,2841.625,1976.5777777777776,46.17687500000002,48,0,2832.25,2862.25,2851.0,2821.0,1951.5777777777776,2001.5777777777776
39,110,2871.625,1976.5777777777776,46.23102040816327,49,0,2862.25,2892.25,2881.0,2851.0,1951.5777777777776,2001.5777777777776
39,111,2901.625,1976.5777777777776,48.00000000000001,49,0,2892.25,2922.25,2911.0,2881.0,1951.5777777777776,2001.5777777777776
39,112,2931.625,1976.5777777777776,47.78036363636363,55,0,2922.25,2952.25,2941.0,2911.0,1951.5777777777776,2001.5777777777776
39,113,2961.625,1976.5777777777776,56.4559090909091,44,0,2952.25,2982.25,2971.0,2941.0,1951.5777777777776,2001.5777777777776
39,114,2991.625,1976.5777777777776,51.37441860465116,43,0,2982.25,3012.25,3001.0,2971.0,1951.5777777777776,2001.5777777777776
39,115,3021.625,1976.5777777777776,54.117999999999995,35,0,3012.25,3042.25,3031.0,3001.0,1951.5777777777776,2001.5777777777776
39,116,3051.625,1976.5777777777776,48.735641025641016,39,0,3042.25,3072.25,3061.0,3031.0,1951.5777777777776,2001.5777777777776
39,117,3081.625,1976.5777777777776,46.11177777777776,45,0,3072.25,3102.25,3091.0,3061.0,1951.5777777777776,2001.5777777777776
39,118,3111.625,1976.5777777777776,49.4943243243243,37,0,3102.25,3132.25,3121.0,3091.0,1951.5777777777776,2001.5777777777776
39,119,3141.625,1976.5777777777776,49.762,45,0,3132.25,3162.25,3151.0,3121.0,1951.5777777777776,2001.5777777777776
39,120,3171.625,1976.5777777777776,47.10187499999998,48,0,3162.25,3192.25,3181.0,3151.0,1951.5777777777776,2001.5777777777776
39,121,3201.625,1976.5777777777776,50.75311111111113,45,0,3192.25,3222.25,3211.0,3181.0,1951.5777777777776,2001.5777777777776
39,122,3231.625,1976.5777777777776,53.31487179487179,39,0,3222.25,3252.25,3241.0,3211.0,1951.5777777777776,2001.5777777777776
39,123,3261.625,1976.5777777777776,55.58542857142858,35,0,3252.25,3282.25,3271.0,3241.0,1951.5777777777776,2001.5777777777776
39,124,3291.625,1976.5777777777776,52.44975000000001,40,0,3282.25,3312.25,3301.0,3271.0,1951.5777777777776,2001.5777777777776
39,125,3321.625,1976.5777777777776,53.55116279069768,43,0,3312.25,3342.25,3331.0,3301.0,1951.5777777777776,2001.5777777777776
39,126,3351.625,1976.5777777777776,51.626458333333346,48,0,3342.25,3372.25,3361.0,3331.0,1951.5777777777776,2001.5777777777776
39,127,3381.625,1976.5777777777776,55.771052631578954,38,0,3372.25,3402.25,3391.0,3361.0,1951.5777777777776,2001.5777777777776
39,128,3411.625,1976.5777777777776,52.98648648648648,37,0,3402.25,3432.25,3421.0,3391.0,1951.5777777777776,2001.5777777777776
39,129,3441.625,1976.5777777777776,50.69367346938776,49,0,3432.25,3462.25,3451.0,3421.0,1951.5777777777776,2001.5777777777776
39,130,3471.625,1976.5777777777776,56.19172413793103,29,0,3462.25,3492.25,3481.0,3451.0,1951.5777777777776,2001.5777777777776
39,131,3501.625,1976.5777777777776,55.76354838709677,31,0,3492.25,3522.25,3511.0,3481.0,1951.5777777777776,2001.5777777777776
39,132,3531.625,1976.5777777777776,55.28930232558142,43,0,3522.25,3552.25,3541.0,3511.0,1951.5777777777776,2001.5777777777776
39,133,3561.625,1976.5777777777776,58.162333333333315,30,0,3552.25,3582.25,3571.0,3541.0,1951.5777777777776,2001.5777777777776
39,134,3591.625,1976.5777777777776,55.8362962962963,27,0,3582.25,3612.25,3601.0,3571.0,1951.5777777777776,2001.5777777777776
39,135,3621.625,1976.5777777777776,51.62969696969697,33,0,3612.25,3642.25,3631.0,3601.0,1951.5777777777776,2001.5777777777776
39,136,3651.625,1976.5777777777776,56.25699999999999,30,0,3642.25,3672.25,3661.0,3631.0,1951.5777777777776,2001.5777777777776
39,137,3681.625,1976.5777777777776,55.790909090909075,33,0,3672.25,3702.25,3691.0,3661.0,1951.5777777777776,2001.5777777777776
39,138,3711.625,1976.5777777777776,55.595925925925926,27,0,3702.25,3732.25,3721.0,3691.0,1951.5777777777776,2001.5777777777776
39,139,3741.625,1976.5777777777776,60.089,20,0,3732.25,3762.25,3751.0,3721.0,1951.5777777777776,2001.5777777777776
39,140,3771.625,1976.5777777777776,54.78222222222222,27,0,3762.25,3792.25,3781.0,3751.0,1951.5777777777776,2001.5777777777776
39,141,3801.625,1976.5777777777776,51.588,35,0,3792.25,3822.25,3811.0,3781.0,1951.5777777777776,2001.5777777777776
39,142,3831.625,1976.5777777777776,50.46285714285716,35,0,3822.25,3852.25,3841.0,3811.0,1951.5777777777776,2001.5777777777776
39,143,3861.625,1976.5777777777776,48.70875,24,0,3852.25,3882.25,3871.0,3841.0,1951.5777777777776,2001.5777777777776
39,144,3891.625,1976.5777777777776,,0,0,3882.25,3912.25,3901.0,3871.0,1951.5777777777776,2001.5777777777776
40,15,10.375,2026.5777777777776,75.53777777777776,9,0,1.0,31.0,19.75,-10.25,2001.5777777777776,2051.5777777777776
40,16,40.375,2026.5777777777776,69.168,10,0,31.0,61.0,49.75,19.75,2001.5777777777776,2051.5777777777776
40,17,70.375,2026.5777777777776,54.77228571428571,35,0,61.0,91.0,79.75,49.75,2001.5777777777776,2051.5777777777776
40,18,100.375,2026.5777777777776,54.214878048780484,41,0,91.0,121.0,109.75,79.75,2001.5777777777776,2051.5777777777776
40,19,130.375,2026.5777777777776,52.55527777777779,36,0,121.0,151.0,139.75,109.75,2001.5777777777776,2051.5777777777776
40,20,160.375,2026.5777777777776,53.35604166666666,48,0,151.0,181.0,169.75,139.75,2001.5777777777776,2051.5777777777776
40,21,190.375,2026.5777777777776,55.877741935483876,31,0,181.0,211.0,199.75,169.75,2001.5777777777776,2051.5777777777776
40,22,220.375,2026.5777777777776,58.38466666666667,15,0,211.0,241.0,229.75,199.75,2001.5777777777776,2051.5777777777776
40,23,250.375,2026.5777777777776,56.47608695652174,46,0,241.0,271.0,259.75,229.75,2001.5777777777776,2051.5777777777776
40,24,280.375,2026.5777777777776,54.25369565217392,46,0,271.0,301.0,289.75,259.75,2001.5777777777776,2051.5777777777776
40,25,310.375,2026.5777777777776,54.83499999999998,42,0,301.0,331.0,319.75,289.75,2001.5777777777776,2051.5777777777776
40,26,340.375,2026.5777777777776,58.90977777777778,45,0,331.0,361.0,349.75,319.75,2001.5777777777776,2051.5777777777776
40,27,370.375,2026.5777777777776,67.7846305418719,29,0,361.0,391.0,379.75,349.75,2001.5777777777776,2051.5777777777776
40,28,400.375,2026.5777777777776,66.04466666666666,15,0,391.0,421.0,409.75,379.75,2001.5777777777776,2051.5777777777776
40,29,430.375,2026.5777777777776,64.9137037037037,27,0,421.0,451.0,439.75,409.75,2001.5777777777776,2051.5777777777776
40,30,460.375,2026.5777777777776,65.55096774193551,31,0,451.0,481.0,469.75,439.75,2001.5777777777776,2051.5777777777776
40,31,490.375,2026.5777777777776,63.309230769230766,26,0,481.0,511.0,499.75,469.75,2001.5777777777776,2051.5777777777776
40,32,520.375,2026.5777777777776,60.33096774193547,31,0,511.0,541.0,529.75,499.75,2001.5777777777776,2051.5777777777776
40,33,550.375,2026.5777777777776,59.731875,32,0,541.0,571.0,559.75,529.75,2001.5777777777776,2051.5777777777776
40,34,580.375,2026.5777777777776,58.19,38,0,571.0,601.0,589.75,559.75,2001.5777777777776,2051.5777777777776
40,35,610.375,2026.5777777777776,61.501562500000006,32,0,601.0,631.0,619.75,589.75,2001.5777777777776,2051.5777777777776
40,36,640.375,2026.5777777777776,55.023777777777774,45,0,631.0,661.0,649.75,619.75,2001.5777777777776,2051.5777777777776
40,37,670.375,2026.5777777777776,49.533414634146325,41,0,661.0,691.0,679.75,649.75,2001.5777777777776,2051.5777777777776
40,38,700.375,2026.5777777777776,46.568571428571424,42,0,691.0,721.0,709.75,679.75,2001.5777777777776,2051.5777777777776
40,39,730.375,2026.5777777777776,46.780408163265314,49,0,721.0,751.0,739.75,709.75,2001.5777777777776,2051.5777777777776
40,40,760.375,2026.5777777777776,56.368787878787884,33,0,751.0,781.0,769.75,739.75,2001.5777777777776,2051.5777777777776
40,41,790.375,2026.5777777777776,56.50371428571428,35,0,781.0,811.0,799.75,769.75,2001.5777777777776,2051.5777777777776
40,42,820.375,2026.5777777777776,56.19425531914893,47,0,811.0,841.0,829.75,799.75,2001.5777777777776,2051.5777777777776
40,43,850.375,2026.5777777777776,59.369655172413786,29,0,841.0,871.0,859.75,829.75,2001.5777777777776,2051.5777777777776
40,44,880.375,2026.5777777777776,55.20675675675676,37,0,871.0,901.0,889.75,859.75,2001.5777777777776,2051.5777777777776
40,45,910.375,2026.5777777777776,57.26736842105263,38,0,901.0,931.0,919.75,889.75,2001.5777777777776,2051.5777777777776
40,46,940.375,2026.5777777777776,56.65707317073171,41,0,931.0,961.0,949.75,919.75,2001.5777777777776,2051.5777777777776
40,47,970.375,2026.5777777777776,59.59818181818182,22,0,961.0,991.0,979.75,949.75,2001.5777777777776,2051.5777777777776
40,48,1000.375,2026.5777777777776,61.33602564102564,26,0,991.0,1021.0,1009.75,979.75,2001.5777777777776,2051.5777777777776
40,49,1030.375,2026.5777777777776,56.74312499999999,32,0,1021.0,1051.0,1039.75,1009.75,2001.5777777777776,2051.5777777777776
40,50,1060.375,2026.5777777777776,53.93128205128205,39,0,1051.0,1081.0,1069.75,1039.75,2001.5777777777776,2051.5777777777776
40,51,1090.375,2026.5777777777776,53.493488372093026,43,0,1081.0,1111.0,1099.75,1069.75,2001.5777777777776,2051.5777777777776
40,52,1120.375,2026.5777777777776,50.48823529411765,34,0,1111.0,1141.0,1129.75,1099.75,2001.5777777777776,2051.5777777777776
40,53,1150.375,2026.5777777777776,45.33615384615384,39,0,1141.0,1171.0,1159.75,1129.75,2001.5777777777776,2051.5777777777776
40,54,1180.375,2026.5777777777776,44.29197278911563,49,0,1171.0,1201.0,1189.75,1159.75,2001.5777777777776,2051.5777777777776
40,55,1210.375,2026.5777777777776,43.455555555555556,54,0,1201.0,1231.0,1219.75,1189.75,2001.5777777777776,2051.5777777777776
40,56,1240.375,2026.5777777777776,44.977777777777774,54,0,1231.0,1261.0,1249.75,1219.75,2001.5777777777776,2051.5777777777776
40,57,1270.375,2026.5777777777776,52.16615384615385,39,0,1261.0,1291.0,1279.75,1249.75,2001.5777777777776,2051.5777777777776
40,58,1300.375,2026.5777777777776,49.94911764705882,34,0,1291.0,1321.0,1309.75,1279.75,2001.5777777777776,2051.5777777777776
40,59,1330.375,2026.5777777777776,54.9069696969697,33,0,1321.0,1351.0,1339.75,1309.75,2001.5777777777776,2051.5777777777776
40,60,1360.375,2026.5777777777776,53.70939393939393,33,0,1351.0,1381.0,1369.75,1339.75,2001.5777777777776,2051.5777777777776
40,61,1390.375,2026.5777777777776,55.55222222222222,27,0,1381.0,1411.0,1399.75,1369.75,2001.5777777777776,2051.5777777777776
40,62,1420.375,2026.5777777777776,59.47344827586206,29,0,1411.0,1441.0,1429.75,1399.75,2001.5777777777776,2051.5777777777776
40,63,1450.375,2026.5777777777776,47.51465116279069,43,0,1441.0,1471.0,1459.75,1429.75,2001.5777777777776,2051.5777777777776
40,64,1480.375,2026.5777777777776,51.23937499999999,32,0,1471.0,1501.0,1489.75,1459.75,2001.5777777777776,2051.5777777777776
40,65,1510.375,2026.5777777777776,49.835675675675674,37,0,1501.0,1531.0,1519.75,1489.75,2001.5777777777776,2051.5777777777776
40,66,1540.375,2026.5777777777776,46.150612244897964,49,0,1531.0,1561.0,1549.75,1519.75,2001.5777777777776,2051.5777777777776
40,67,1570.375,2026.5777777777776,46.70358974358975,39,0,1561.0,1591.0,1579.75,1549.75,2001.5777777777776,2051.5777777777776
40,68,1600.375,2026.5777777777776,43.05464285714287,56,0,1591.0,1621.0,1609.75,1579.75,2001.5777777777776,2051.5777777777776
40,69,1630.375,2026.5777777777776,47.0662,50,0,1621.0,1651.0,1639.75,1609.75,2001.5777777777776,2051.5777777777776
40,70,1660.375,2026.5777777777776,53.69419354838709,31,0,1651.0,1681.0,1669.75,1639.75,2001.5777777777776,2051.5777777777776
40,71,1690.375,2026.5777777777776,49.28075,40,0,1681.0,1711.0,1699.75,1669.75,2001.5777777777776,2051.5777777777776
40,72,1720.375,2026.5777777777776,49.99645161290321,31,0,1711.0,1741.0,1729.75,1699.75,2001.5777777777776,2051.5777777777776
40,73,1750.375,2026.5777777777776,51.95418604651161,43,0,1741.0,1771.0,1759.75,1729.75,2001.5777777777776,2051.5777777777776
40,74,1780.375,2026.5777777777776,49.802926829268294,41,0,1771.0,1801.0,1789.75,1759.75,2001.5777777777776,2051.5777777777776
40,75,1810.375,2026.5777777777776,50.72368421052633,38,0,1801.0,1831.0,1819.75,1789.75,2001.5777777777776,2051.5777777777776
40,76,1840.375,2026.5777777777776,49.940540540540546,37,0,1831.0,1861.0,1849.75,1819.75,2001.5777777777776,2051.5777777777776
40,77,1870.375,2026.5777777777776,49.78585365853659,41,0,1861.0,1891.0,1879.75,1849.75,2001.5777777777776,2051.5777777777776
40,78,1900.375,2026.5777777777776,54.99833333333333,30,0,1891.0,1921.0,1909.75,1879.75,2001.5777777777776,2051.5777777777776
40,79,1930.375,2026.5777777777776,54.072727272727256,33,0,1921.0,1951.0,1939.75,1909.75,2001.5777777777776,2051.5777777777776
40,80,1960.375,2026.5777777777776,55.79585365853658,41,0,1951.0,1981.0,1969.75,1939.75,2001.5777777777776,2051.5777777777776
40,81,1990.375,2026.5777777777776,52.532647058823535,34,0,1981.0,2011.0,1999.75,1969.75,2001.5777777777776,2051.5777777777776
40,82,2020.375,2026.5777777777776,56.96303030303031,33,0,2011.0,2041.0,2029.75,1999.75,2001.5777777777776,2051.5777777777776
40,83,2050.375,2026.5777777777776,55.835263157894744,38,0,2041.0,2071.0,2059.75,2029.75,2001.5777777777776,2051.5777777777776
40,84,2080.375,2026.5777777777776,52.75069767441861,43,0,2071.0,2101.0,2089.75,2059.75,2001.5777777777776,2051.5777777777776
40,85,2110.375,2026.5777777777776,55.290294117647065,34,0,2101.0,2131.0,2119.75,2089.75,2001.5777777777776,2051.5777777777776
40,86,2140.375,2026.5777777777776,55.62560975609755,41,0,2131.0,2161.0,2149.75,2119.75,2001.5777777777776,2051.5777777777776
40,87,2170.375,2026.5777777777776,50.33400000000001,35,0,2161.0,2191.0,2179.75,2149.75,2001.5777777777776,2051.5777777777776
40,88,2200.375,2026.5777777777776,47.652567567567566,37,0,2191.0,2221.0,2209.75,2179.75,2001.5777777777776,2051.5777777777776
40,89,2230.375,2026.5777777777776,46.61206896551724,58,0,2221.0,2251.0,2239.75,2209.75,2001.5777777777776,2051.5777777777776
40,90,2260.375,2026.5777777777776,48.52666666666667,51,0,2251.0,2281.0,2269.75,2239.75,2001.5777777777776,2051.5777777777776
40,91,2290.375,2026.5777777777776,51.773809523809526,42,0,2281.0,2311.0,2299.75,2269.75,2001.5777777777776,2051.5777777777776
40,92,2320.375,2026.5777777777776,54.11827586206898,29,0,2311.0,2341.0,2329.75,2299.75,2001.5777777777776,2051.5777777777776
40,93,2350.375,2026.5777777777776,52.16923076923077,39,0,2341.0,2371.0,2359.75,2329.75,2001.5777777777776,2051.5777777777776
40,94,2380.375,2026.5777777777776,52.02489361702128,47,0,2371.0,2401.0,2389.75,2359.75,2001.5777777777776,2051.5777777777776
40,95,2410.375,2026.5777777777776,49.89891304347827,46,0,2401.0,2431.0,2419.75,2389.75,2001.5777777777776,2051.5777777777776
40,96,2440.375,2026.5777777777776,50.06461538461539,39,0,2431.0,2461.0,2449.75,2419.75,2001.5777777777776,2051.5777777777776
40,97,2470.375,2026.5777777777776,47.756,40,0,2461.0,2491.0,2479.75,2449.75,2001.5777777777776,2051.5777777777776
40,98,2500.375,2026.5777777777776,49.86692307692309,52,0,2491.0,2521.0,2509.75,2479.75,2001.5777777777776,2051.5777777777776
40,99,2530.375,2026.5777777777776,50.036875,48,0,2521.0,2551.0,2539.75,2509.75,2001.5777777777776,2051.5777777777776
40,100,2560.375,2026.5777777777776,46.43584905660377,53,0,2551.0,2581.0,2569.75,2539.75,2001.5777777777776,2051.5777777777776
40,101,2590.375,2026.5777777777776,39.5725,48,0,2581.0,2611.0,2599.75,2569.75,2001.5777777777776,2051.5777777777776
40,102,2620.375,2026.5777777777776,39.208679245283015,53,0,2611.0,2641.0,2629.75,2599.75,2001.5777777777776,2051.5777777777776
40,103,2650.375,2026.5777777777776,41.458771929824564,57,0,2641.0,2671.0,2659.75,2629.75,2001.5777777777776,2051.5777777777776
40,104,2680.375,2026.5777777777776,41.45610169491527,59,0,2671.0,2701.0,2689.75,2659.75,2001.5777777777776,2051.5777777777776
40,105,2710.375,2026.5777777777776,45.80015151515152,66,0,2701.0,2731.0,2719.75,2689.75,2001.5777777777776,2051.5777777777776
40,106,2740.375,2026.5777777777776,48.48124999999998,40,0,2731.0,2761.0,2749.75,2719.75,2001.5777777777776,2051.5777777777776
40,107,2770.375,2026.5777777777776,45.98081632653061,49,0,2761.0,2791.0,2779.75,2749.75,2001.5777777777776,2051.5777777777776
40,108,2800.375,2026.5777777777776,47.55613636363635,44,0,2791.0,2821.0,2809.75,2779.75,2001.5777777777776,2051.5777777777776
40,109,2830.375,2026.5777777777776,46.593207547169804,53,0,2821.0,2851.0,2839.75,2809.75,2001.5777777777776,2051.5777777777776
40,110,2860.375,2026.5777777777776,46.02244444444444,45,0,2851.0,2881.0,2869.75,2839.75,2001.5777777777776,2051.5777777777776
40,111,2890.375,2026.5777777777776,46.56830188679245,53,0,2881.0,2911.0,2899.75,2869.75,2001.5777777777776,2051.5777777777776
40,112,2920.375,2026.5777777777776,47.52517857142856,56,0,2911.0,2941.0,2929.75,2899.75,2001.5777777777776,2051.5777777777776
40,113,2950.375,2026.5777777777776,50.74017857142858,56,0,2941.0,2971.0,2959.75,2929.75,2001.5777777777776,2051.5777777777776
40,114,2980.375,2026.5777777777776,52.96479999999999,50,0,2971.0,3001.0,2989.75,2959.75,2001.5777777777776,2051.5777777777776
40,115,3010.375,2026.5777777777776,51.40425531914892,47,0,3001.0,3031.0,3019.75,2989.75,2001.5777777777776,2051.5777777777776
40,116,3040.375,2026.5777777777776,50.71441176470589,34,0,3031.0,3061.0,3049.75,3019.75,2001.5777777777776,2051.5777777777776
40,117,3070.375,2026.5777777777776,47.84333333333333,45,0,3061.0,3091.0,3079.75,3049.75,2001.5777777777776,2051.5777777777776
40,118,3100.375,2026.5777777777776,44.197999999999986,55,0,3091.0,3121.0,3109.75,3079.75,2001.5777777777776,2051.5777777777776
40,119,3130.375,2026.5777777777776,48.404285714285706,42,0,3121.0,3151.0,3139.75,3109.75,2001.5777777777776,2051.5777777777776
40,120,3160.375,2026.5777777777776,48.21574468085106,47,0,3151.0,3181.0,3169.75,3139.75,2001.5777777777776,2051.5777777777776
40,121,3190.375,2026.5777777777776,45.893636363636375,66,0,3181.0,3211.0,3199.75,3169.75,2001.5777777777776,2051.5777777777776
40,122,3220.375,2026.5777777777776,50.502272727272725,44,0,3211.0,3241.0,3229.75,3199.75,2001.5777777777776,2051.5777777777776
40,123,3250.375,2026.5777777777776,51.36472727272728,55,0,3241.0,3271.0,3259.75,3229.75,2001.5777777777776,2051.5777777777776
40,124,3280.375,2026.5777777777776,54.22791666666666,24,0,3271.0,3301.0,3289.75,3259.75,2001.5777777777776,2051.5777777777776
40,125,3310.375,2026.5777777777776,52.76367346938775,49,0,3301.0,3331.0,3319.75,3289.75,2001.5777777777776,2051.5777777777776
40,126,3340.375,2026.5777777777776,51.4416,50,0,3331.0,3361.0,3349.75,3319.75,2001.5777777777776,2051.5777777777776
40,127,3370.375,2026.5777777777776,53.567913832199544,49,0,3361.0,3391.0,3379.75,3349.75,2001.5777777777776,2051.5777777777776
40,128,3400.375,2026.5777777777776,52.41526315789473,38,0,3391.0,3421.0,3409.75,3379.75,2001.5777777777776,2051.5777777777776
40,129,3430.375,2026.5777777777776,52.09163265306122,49,0,3421.0,3451.0,3439.75,3409.75,2001.5777777777776,2051.5777777777776
40,130,3460.375,2026.5777777777776,52.48911111111111,45,0,3451.0,3481.0,3469.75,3439.75,2001.5777777777776,2051.5777777777776
40,131,3490.375,2026.5777777777776,56.644,35,0,3481.0,3511.0,3499.75,3469.75,2001.5777777777776,2051.5777777777776
40,132,3520.375,2026.5777777777776,51.57942307692307,52,0,3511.0,3541.0,3529.75,3499.75,2001.5777777777776,2051.5777777777776
40,133,3550.375,2026.5777777777776,56.78019607843138,34,0,3541.0,3571.0,3559.75,3529.75,2001.5777777777776,2051.5777777777776
40,134,3580.375,2026.5777777777776,58.611818181818165,33,0,3571.0,3601.0,3589.75,3559.75,2001.5777777777776,2051.5777777777776
40,135,3610.375,2026.5777777777776,51.65891891891893,37,0,3601.0,3631.0,3619.75,3589.75,2001.5777777777776,2051.5777777777776
40,136,3640.375,2026.5777777777776,53.947272727272725,33,0,3631.0,3661.0,3649.75,3619.75,2001.5777777777776,2051.5777777777776
40,137,3670.375,2026.5777777777776,55.67007326007327,39,0,3661.0,3691.0,3679.75,3649.75,2001.5777777777776,2051.5777777777776
40,138,3700.375,2026.5777777777776,55.225330330330316,37,0,3691.0,3721.0,3709.75,3679.75,2001.5777777777776,2051.5777777777776
40,139,3730.375,2026.5777777777776,57.188214285714274,28,0,3721.0,3751.0,3739.75,3709.75,2001.5777777777776,2051.5777777777776
40,140,3760.375,2026.5777777777776,59.853500000000004,25,0,3751.0,3781.0,3769.75,3739.75,2001.5777777777776,2051.5777777777776
40,141,3790.375,2026.5777777777776,50.98263157894737,38,0,3781.0,3811.0,3799.75,3769.75,2001.5777777777776,2051.5777777777776
40,142,3820.375,2026.5777777777776,52.73295454545455,44,0,3811.0,3841.0,3829.75,3799.75,2001.5777777777776,2051.5777777777776
40,143,3850.375,2026.5777777777776,49.00806451612903,31,0,3841.0,3871.0,3859.75,3829.75,2001.5777777777776,2051.5777777777776
40,144,3880.375,2026.5777777777776,51.101000000000006,10,0,3871.0,3901.0,3889.75,3859.75,2001.5777777777776,2051.5777777777776
41,15,2.5537499999999795,2061.3388888888885,77.94214285714284,2,0,-10.25,19.75,15.357499999999959,-14.642500000000041,2051.5777777777776,2071.1
41,16,32.55374999999998,2061.3388888888885,73.33488888888888,5,0,19.75,49.75,45.35749999999996,15.357499999999959,2051.5777777777776,2071.1
41,17,62.55374999999998,2061.3388888888885,55.66469576719576,12,0,49.75,79.75,75.35749999999996,45.35749999999996,2051.5777777777776,2071.1
41,18,92.55374999999998,2061.3388888888885,55.4452275132275,15,0,79.75,109.75,105.35749999999996,75.35749999999996,2051.5777777777776,2071.1
41,19,122.55374999999998,2061.3388888888885,54.780973544973556,15,0,109.75,139.75,135.35749999999996,105.35749999999996,2051.5777777777776,2071.1
41,20,152.55374999999998,2061.3388888888885,50.993941798941805,18,0,139.75,169.75,165.35749999999996,135.35749999999996,2051.5777777777776,2071.1
41,21,182.55374999999998,2061.3388888888885,56.13472527472527,13,0,169.75,199.75,195.35749999999996,165.35749999999996,2051.5777777777776,2071.1
41,22,212.55374999999998,2061.3388888888885,56.264400352733695,9,0,199.75,229.75,225.35749999999996,195.35749999999996,2051.5777777777776,2071.1
41,23,242.55374999999998,2061.3388888888885,59.22373376623377,11,0,229.75,259.75,255.35749999999996,225.35749999999996,2051.5777777777776,2071.1
41,24,272.55375,2061.3388888888885,53.66434873949579,17,0,259.75,289.75,285.35749999999996,255.35749999999996,2051.5777777777776,2071.1
41,25,302.55375,2061.3388888888885,57.571978021978026,13,0,289.75,319.75,315.35749999999996,285.35749999999996,2051.5777777777776,2071.1
41,26,332.55375,2061.3388888888885,55.03849025974026,22,0,319.75,349.75,345.35749999999996,315.35749999999996,2051.5777777777776,2071.1
41,27,362.55375000000004,2061.3388888888885,59.419013605442174,14,0,349.75,379.75,375.35749999999996,345.35749999999996,2051.5777777777776,2071.1
41,28,392.55375000000004,2061.3388888888885,71.36367346938775,7,0,379.75,409.75,405.35749999999996,375.35749999999996,2051.5777777777776,2071.1
41,29,422.55375000000004,2061.3388888888885,66.11346320346321,11,0,409.75,439.75,435.35749999999996,405.35749999999996,2051.5777777777776,2071.1
41,30,452.55375000000004,2061.3388888888885,65.47951247165534,14,0,439.75,469.75,465.35749999999996,435.35749999999996,2051.5777777777776,2071.1
41,31,482.55375000000004,2061.3388888888885,66.00839285714287,8,0,469.75,499.75,495.35749999999996,465.35749999999996,2051.5777777777776,2071.1
41,32,512.55375,2061.3388888888885,61.093222222222224,10,0,499.75,529.75,525.3575,495.35749999999996,2051.5777777777776,2071.1
41,33,542.55375,2061.3388888888885,59.70208333333334,12,0,529.75,559.75,555.3575,525.3575,2051.5777777777776,2071.1
41,34,572.55375,2061.3388888888885,59.04836734693877,14,0,559.75,589.75,585.3575,555.3575,2051.5777777777776,2071.1
41,35,602.55375,2061.3388888888885,60.77134615384615,13,0,589.75,619.75,615.3575,585.3575,2051.5777777777776,2071.1
41,36,632.55375,2061.3388888888885,57.320433201058215,12,0,619.75,649.75,645.3575,615.3575,2051.5777777777776,2071.1
41,37,662.55375,2061.3388888888885,54.10098039215685,17,0,649.75,679.75,675.3575,645.3575,2051.5777777777776,2071.1
41,38,692.55375,2061.3388888888885,46.92423976608187,19,0,679.75,709.75,705.3575,675.3575,2051.5777777777776,2071.1
41,39,722.55375,2061.3388888888885,47.26333333333333,15,0,709.75,739.75,735.3575,705.3575,2051.5777777777776,2071.1
41,40,752.55375,2061.3388888888885,49.54026785714285,20,0,739.75,769.75,765.3575,735.3575,2051.5777777777776,2071.1
41,41,782.55375,2061.3388888888885,57.79197530864197,9,0,769.75,799.75,795.3575,765.3575,2051.5777777777776,2071.1
41,42,812.55375,2061.3388888888885,54.82569444444445,18,0,799.75,829.75,825.3575,795.3575,2051.5777777777776,2071.1
41,43,842.55375,2061.3388888888885,58.6842361111111,12,0,829.75,859.75,855.3575,825.3575,2051.5777777777776,2071.1
41,44,872.55375,2061.3388888888885,56.4885531135531,13,0,859.75,889.75,885.3575,855.3575,2051.5777777777776,2071.1
41,45,902.55375,2061.3388888888885,57.240833333333335,17,0,889.75,919.75,915.3575,885.3575,2051.5777777777776,2071.1
41,46,932.55375,2061.3388888888885,58.467666666666666,15,0,919.75,949.75,945.3575,915.3575,2051.5777777777776,2071.1
41,47,962.55375,2061.3388888888885,57.46931318681319,13,0,949.75,979.75,975.3575,945.3575,2051.5777777777776,2071.1
41,48,992.55375,2061.3388888888885,63.801944444444445,11,0,979.75,1009.75,1005.3575,975.3575,2051.5777777777776,2071.1
41,49,1022.55375,2061.3388888888885,56.52568452380953,16,0,1009.75,1039.75,1035.3575,1005.3575,2051.5777777777776,2071.1
41,50,1052.55375,2061.3388888888885,55.41531746031746,14,0,1039.75,1069.75,1065.3575,1035.3575,2051.5777777777776,2071.1
41,51,1082.55375,2061.3388888888885,53.547000000000004,20,0,1069.75,1099.75,1095.3575,1065.3575,2051.5777777777776,2071.1
41,52,1112.55375,2061.3388888888885,54.90047619047619,15,0,1099.75,1129.75,1125.3575,1095.3575,2051.5777777777776,2071.1
41,53,1142.55375,2061.3388888888885,49.772274436090235,19,0,1129.75,1159.75,1155.3575,1125.3575,2051.5777777777776,2071.1
41,54,1172.55375,2061.3388888888885,46.04763888888889,18,0,1159.75,1189.75,1185.3575,1155.3575,2051.5777777777776,2071.1
41,55,1202.55375,2061.3388888888885,44.74931096681096,22,0,1189.75,1219.75,1215.3575,1185.3575,2051.5777777777776,2071.1
41,56,1232.55375,2061.3388888888885,41.4425122100122,26,0,1219.75,1249.75,1245.3575,1215.3575,2051.5777777777776,2071.1
41,57,1262.55375,2061.3388888888885,48.65559523809524,21,0,1249.75,1279.75,1275.3575,1245.3575,2051.5777777777776,2071.1
41,58,1292.55375,2061.3388888888885,52.48500000000001,13,0,1279.75,1309.75,1305.3575,1275.3575,2051.5777777777776,2071.1
41,59,1322.55375,2061.3388888888885,52.28214814814815,15,0,1309.75,1339.75,1335.3575,1305.3575,2051.5777777777776,2071.1
41,60,1352.55375,2061.3388888888885,55.93136363636365,11,0,1339.75,1369.75,1365.3575,1335.3575,2051.5777777777776,2071.1
41,61,1382.55375,2061.3388888888885,55.20633597883598,15,0,1369.75,1399.75,1395.3575,1365.3575,2051.5777777777776,2071.1
41,62,1412.55375,2061.3388888888885,57.75827513227514,15,0,1399.75,1429.75,1425.3575,1395.3575,2051.5777777777776,2071.1
41,63,1442.55375,2061.3388888888885,49.53650793650794,12,0,1429.75,1459.75,1455.3575,1425.3575,2051.5777777777776,2071.1
41,64,1472.55375,2061.3388888888885,50.06206349206351,15,0,1459.75,1489.75,1485.3575,1455.3575,2051.5777777777776,2071.1
41,65,1502.55375,2061.3388888888885,52.61898351648351,13,0,1489.75,1519.75,1515.3575,1485.3575,2051.5777777777776,2071.1
41,66,1532.55375,2061.3388888888885,47.830728715728725,22,0,1519.75,1549.75,1545.3575,1515.3575,2051.5777777777776,2071.1
41,67,1562.55375,2061.3388888888885,47.545116713352,17,0,1549.75,1579.75,1575.3575,1545.3575,2051.5777777777776,2071.1
41,68,1592.55375,2061.3388888888885,43.671329365079366,18,0,1579.75,1609.75,1605.3575,1575.3575,2051.5777777777776,2071.1
41,69,1622.55375,2061.3388888888885,41.927294973544974,24,0,1609.75,1639.75,1635.3575,1605.3575,2051.5777777777776,2071.1
41,70,1652.55375,2061.3388888888885,50.32571428571429,13,0,1639.75,1669.75,1665.3575,1635.3575,2051.5777777777776,2071.1
41,71,1682.55375,2061.3388888888885,50.59152777777777,16,0,1669.75,1699.75,1695.3575,1665.3575,2051.5777777777776,2071.1
41,72,1712.55375,2061.3388888888885,51.607870370370364,12,0,1699.75,1729.75,1725.3575,1695.3575,2051.5777777777776,2071.1
41,73,1742.55375,2061.3388888888885,51.69285714285714,14,0,1729.75,1759.75,1755.3575,1725.3575,2051.5777777777776,2071.1
41,74,1772.55375,2061.3388888888885,49.71846405228757,17,0,1759.75,1789.75,1785.3575,1755.3575,2051.5777777777776,2071.1
41,75,1802.55375,2061.3388888888885,53.02905677655678,13,0,1789.75,1819.75,1815.3575,1785.3575,2051.5777777777776,2071.1
41,76,1832.55375,2061.3388888888885,48.20733630952381,16,0,1819.75,1849.75,1845.3575,1815.3575,2051.5777777777776,2071.1
41,77,1862.55375,2061.3388888888885,48.78981150793652,16,0,1849.75,1879.75,1875.3575,1845.3575,2051.5777777777776,2071.1
41,78,1892.55375,2061.3388888888885,52.635907407407416,15,0,1879.75,1909.75,1905.3575,1875.3575,2051.5777777777776,2071.1
41,79,1922.55375,2061.3388888888885,55.124872448979595,14,0,1909.75,1939.75,1935.3575,1905.3575,2051.5777777777776,2071.1
41,80,1952.55375,2061.3388888888885,54.80916666666667,12,0,1939.75,1969.75,1965.3575,1935.3575,2051.5777777777776,2071.1
41,81,1982.55375,2061.3388888888885,54.313293650793646,14,0,1969.75,1999.75,1995.3575,1965.3575,2051.5777777777776,2071.1
41,82,2012.55375,2061.3388888888885,56.03432234432236,13,0,1999.75,2029.75,2025.3575,1995.3575,2051.5777777777776,2071.1
41,83,2042.55375,2061.3388888888885,56.77986263736264,13,0,2029.75,2059.75,2055.3575,2025.3575,2051.5777777777776,2071.1
41,84,2072.55375,2061.3388888888885,53.289869281045746,17,0,2059.75,2089.75,2085.3575,2055.3575,2051.5777777777776,2071.1
41,85,2102.55375,2061.3388888888885,55.76886904761904,16,0,2089.75,2119.75,2115.3575,2085.3575,2051.5777777777776,2071.1
41,86,2132.55375,2061.3388888888885,55.403434343434355,11,0,2119.75,2149.75,2145.3575,2115.3575,2051.5777777777776,2071.1
41,87,2162.55375,2061.3388888888885,54.7809623015873,12,0,2149.75,2179.75,2175.3575,2145.3575,2051.5777777777776,2071.1
41,88,2192.55375,2061.3388888888885,48.561383219954635,14,0,2179.75,2209.75,2205.3575,2175.3575,2051.5777777777776,2071.1
41,89,2222.55375,2061.3388888888885,48.29135185185185,15,0,2209.75,2239.75,2235.3575,2205.3575,2051.5777777777776,2071.1
41,90,2252.55375,2061.3388888888885,46.782862554112555,22,0,2239.75,2269.75,2265.3575,2235.3575,2051.5777777777776,2071.1
41,91,2282.55375,2061.3388888888885,49.998849206349206,16,0,2269.75,2299.75,2295.3575,2265.3575,2051.5777777777776,2071.1
41,92,2312.55375,2061.3388888888885,52.24711111111111,10,0,2299.75,2329.75,2325.3575,2295.3575,2051.5777777777776,2071.1
41,93,2342.55375,2061.3388888888885,53.32640720390719,13,0,2329.75,2359.75,2355.3575,2325.3575,2051.5777777777776,2071.1
41,94,2372.55375,2061.3388888888885,53.51626373626373,13,0,2359.75,2389.75,2385.3575,2355.3575,2051.5777777777776,2071.1
41,95,2402.55375,2061.3388888888885,47.44733893557424,17,0,2389.75,2419.75,2415.3575,2385.3575,2051.5777777777776,2071.1
41,96,2432.55375,2061.3388888888885,51.71606837606838,13,0,2419.75,2449.75,2445.3575,2415.3575,2051.5777777777776,2071.1
41,97,2462.55375,2061.3388888888885,47.29327838827838,13,0,2449.75,2479.75,2475.3575,2445.3575,2051.5777777777776,2071.1
41,98,2492.55375,2061.3388888888885,48.71344070961719,17,0,2479.75,2509.75,2505.3575,2475.3575,2051.5777777777776,2071.1
41,99,2522.55375,2061.3388888888885,52.08390692640693,11,0,2509.75,2539.75,2535.3575,2505.3575,2051.5777777777776,2071.1
41,100,2552.55375,2061.3388888888885,49.430962301587314,20,0,2539.75,2569.75,2565.3575,2535.3575,2051.5777777777776,2071.1
41,101,2582.55375,2061.3388888888885,43.877190476190464,15,0,2569.75,2599.75,2595.3575,2565.3575,2051.5777777777776,2071.1
41,102,2612.55375,2061.3388888888885,37.25969135802469,18,0,2599.75,2629.75,2625.3575,2595.3575,2051.5777777777776,2071.1
41,103,2642.55375,2061.3388888888885,41.05681495405179,19,0,2629.75,2659.75,2655.3575,2625.3575,2051.5777777777776,2071.1
41,104,2672.55375,2061.3388888888885,41.81986928104576,17,0,2659.75,2689.75,2685.3575,2655.3575,2051.5777777777776,2071.1
41,105,2702.55375,2061.3388888888885,45.18422619047619,16,0,2689.75,2719.75,2715.3575,2685.3575,2051.5777777777776,2071.1
41,106,2732.55375,2061.3388888888885,49.14053571428571,14,0,2719.75,2749.75,2745.3575,2715.3575,2051.5777777777776,2071.1
41,107,2762.55375,2061.3388888888885,45.960029761904764,12,0,2749.75,2779.75,2775.3575,2745.3575,2051.5777777777776,2071.1
41,108,2792.55375,2061.3388888888885,49.506306216931215,12,0,2779.75,2809.75,2805.3575,2775.3575,2051.5777777777776,2071.1
41,109,2822.55375,2061.3388888888885,45.96839285714286,20,0,2809.75,2839.75,2835.3575,2805.3575,2051.5777777777776,2071.1
41,110,2852.55375,2061.3388888888885,46.65455648926237,17,0,2839.75,2869.75,2865.3575,2835.3575,2051.5777777777776,2071.1
41,111,2882.55375,2061.3388888888885,45.385416666666664,18,0,2869.75,2899.75,2895.3575,2865.3575,2051.5777777777776,2071.1
41,112,2912.55375,2061.3388888888885,46.377533068783066,18,0,2899.75,2929.75,2925.3575,2895.3575,2051.5777777777776,2071.1
41,113,2942.55375,2061.3388888888885,49.178944444444454,15,0,2929.75,2959.75,2955.3575,2925.3575,2051.5777777777776,2071.1
41,114,2972.55375,2061.3388888888885,52.636190476190464,14,0,2959.75,2989.75,2985.3575,2955.3575,2051.5777777777776,2071.1
41,115,3002.55375,2061.3388888888885,49.318759920634925,12,0,2989.75,3019.75,3015.3575,2985.3575,2051.5777777777776,2071.1
41,116,3032.55375,2061.3388888888885,52.878915343915345,12,0,3019.75,3049.75,3045.3575,3015.3575,2051.5777777777776,2071.1
41,117,3062.55375,2061.3388888888885,48.557789115646266,14,0,3049.75,3079.75,3075.3575,3045.3575,2051.5777777777776,2071.1
41,118,3092.55375,2061.3388888888885,44.09757936507936,14,0,3079.75,3109.75,3105.3575,3075.3575,2051.5777777777776,2071.1
41,119,3122.55375,2061.3388888888885,46.73288359788361,12,0,3109.75,3139.75,3135.3575,3105.3575,2051.5777777777776,2071.1
41,120,3152.55375,2061.3388888888885,47.90203296703297,13,0,3139.75,3169.75,3165.3575,3135.3575,2051.5777777777776,2071.1
41,121,3182.55375,2061.3388888888885,45.53901785714286,16,0,3169.75,3199.75,3195.3575,3165.3575,2051.5777777777776,2071.1
41,122,3212.55375,2061.3388888888885,47.88856060606061,11,0,3199.75,3229.75,3225.3575,3195.3575,2051.5777777777776,2071.1
41,123,3242.55375,2061.3388888888885,48.336574074074086,15,0,3229.75,3259.75,3255.3575,3225.3575,2051.5777777777776,2071.1
41,124,3272.55375,2061.3388888888885,54.3413888888889,7,0,3259.75,3289.75,3285.3575,3255.3575,2051.5777777777776,2071.1
41,125,3302.55375,2061.3388888888885,53.59542929292929,11,0,3289.75,3319.75,3315.3575,3285.3575,2051.5777777777776,2071.1
41,126,3332.55375,2061.3388888888885,52.47576388888889,8,0,3319.75,3349.75,3345.3575,3315.3575,2051.5777777777776,2071.1
41,127,3362.55375,2061.3388888888885,51.86274206349206,10,0,3349.75,3379.75,3375.3575,3345.3575,2051.5777777777776,2071.1
41,128,3392.55375,2061.3388888888885,54.75960317460318,8,0,3379.75,3409.75,3405.3575,3375.3575,2051.5777777777776,2071.1
41,129,3422.55375,2061.3388888888885,52.17611111111111,12,0,3409.75,3439.75,3435.3575,3405.3575,2051.5777777777776,2071.1
41,130,3452.55375,2061.3388888888885,48.809377289377295,13,0,3439.75,3469.75,3465.3575,3435.3575,2051.5777777777776,2071.1
41,131,3482.55375,2061.3388888888885,56.79580357142858,8,0,3469.75,3499.75,3495.3575,3465.3575,2051.5777777777776,2071.1
41,132,3512.55375,2061.3388888888885,52.93158730158729,6,0,3499.75,3529.75,3525.3575,3495.3575,2051.5777777777776,2071.1
41,133,3542.55375,2061.3388888888885,51.938194444444434,10,0,3529.75,3559.75,3555.3575,3525.3575,2051.5777777777776,2071.1
41,134,3572.55375,2061.3388888888885,55.92937500000001,4,0,3559.75,3589.75,3585.3575,3555.3575,2051.5777777777776,2071.1
41,135,3602.55375,2061.3388888888885,53.175714285714285,7,0,3589.75,3619.75,3615.3575,3585.3575,2051.5777777777776,2071.1
41,136,3632.55375,2061.3388888888885,51.897486772486765,6,0,3619.75,3649.75,3645.3575,3615.3575,2051.5777777777776,2071.1
41,137,3662.55375,2061.3388888888885,54.60107142857143,4,0,3649.75,3679.75,3675.3575,3645.3575,2051.5777777777776,2071.1
41,138,3692.55375,2061.3388888888885,54.71404761904762,6,0,3679.75,3709.75,3705.3575,3675.3575,2051.5777777777776,2071.1
41,139,3722.55375,2061.3388888888885,58.87333333333335,2,0,3709.75,3739.75,3735.3575,3705.3575,2051.5777777777776,2071.1
41,140,3752.55375,2061.3388888888885,61.155555555555566,3,0,3739.75,3769.75,3765.3575,3735.3575,2051.5777777777776,2071.1
41,141,3782.55375,2061.3388888888885,50.306666666666665,6,0,3769.75,3799.75,3795.3575,3765.3575,2051.5777777777776,2071.1
41,142,3812.55375,2061.3388888888885,52.19629464285714,8,0,3799.75,3829.75,3825.3575,3795.3575,2051.5777777777776,2071.1
41,143,3842.55375,2061.3388888888885,50.5540376984127,8,0,3829.75,3859.75,3855.3575,3825.3575,2051.5777777777776,2071.1
41,144,3872.55375,2061.3388888888885,48.66098412698414,5,0,3859.75,3889.75,3885.3575,3855.3575,2051.5777777777776,2071.1
