space_index,time_index,time_center_s,location_center_m,speed_kmh,sample_count,filled,t_bottom_left_s,t_bottom_right_s,t_top_right_s,t_top_left_s,x_bottom_m,x_top_m
0,0,16.0,26.577777777777662,66.99428571428572,10,0,1.0,31.0,31.0,1.0,1.57777777777766,51.57777777777766
0,1,46.0,26.577777777777662,75.84666666666665,9,0,31.0,61.0,61.0,31.0,1.57777777777766,51.57777777777766
0,2,76.0,26.577777777777662,68.28622222222222,10,0,61.0,91.0,91.0,61.0,1.57777777777766,51.57777777777766
0,3,106.0,26.577777777777662,62.555641025641016,26,0,91.0,121.0,121.0,91.0,1.57777777777766,51.57777777777766
0,4,136.0,26.577777777777662,70.31746031746032,21,0,121.0,151.0,151.0,121.0,1.57777777777766,51.57777777777766
0,5,166.0,26.577777777777662,65.88628306878307,27,0,151.0,181.0,181.0,151.0,1.57777777777766,51.57777777777766
0,6,196.0,26.577777777777662,75.14464285714284,14,0,181.0,211.0,211.0,181.0,1.57777777777766,51.57777777777766
0,7,226.0,26.577777777777662,69.24388888888889,12,0,211.0,241.0,241.0,211.0,1.57777777777766,51.57777777777766
0,8,256.0,26.577777777777662,70.53415873015872,15,0,241.0,271.0,271.0,241.0,1.57777777777766,51.57777777777766
0,9,286.0,26.577777777777662,74.0,8,0,271.0,301.0,301.0,271.0,1.57777777777766,51.57777777777766
0,10,316.0,26.577777777777662,68.25977926587301,16,0,301.0,331.0,331.0,301.0,1.57777777777766,51.57777777777766
0,11,346.0,26.577777777777662,68.9346064814815,24,0,331.0,361.0,361.0,331.0,1.57777777777766,51.57777777777766
0,12,376.0,26.577777777777662,62.92441358024692,18,0,361.0,391.0,391.0,361.0,1.57777777777766,51.57777777777766
0,13,406.0,26.577777777777662,61.05288525132275,24,0,391.0,421.0,421.0,391.0,1.57777777777766,51.57777777777766
0,14,436.0,26.577777777777662,61.74777504105091,29,0,421.0,451.0,451.0,421.0,1.57777777777766,51.57777777777766
0,15,466.0,26.577777777777662,64.12216517857144,32,0,451.0,481.0,481.0,451.0,1.57777777777766,51.57777777777766
0,16,496.0,26.577777777777662,67.22625000000001,22,0,481.0,511.0,511.0,481.0,1.57777777777766,51.57777777777766
0,17,526.0,26.577777777777662,75.43208994708995,21,0,511.0,541.0,541.0,511.0,1.57777777777766,51.57777777777766
0,18,556.0,26.577777777777662,64.56978505291004,24,0,541.0,571.0,571.0,541.0,1.57777777777766,51.57777777777766
0,19,586.0,26.577777777777662,70.22249735449735,15,0,571.0,601.0,601.0,571.0,1.57777777777766,51.57777777777766
0,20,616.0,26.577777777777662,65.08656250000001,16,0,601.0,631.0,631.0,601.0,1.57777777777766,51.57777777777766
0,21,646.0,26.577777777777662,71.11781746031745,14,0,631.0,661.0,661.0,631.0,1.57777777777766,51.57777777777766
0,22,676.0,26.577777777777662,65.68780952380952,25,0,661.0,691.0,691.0,661.0,1.57777777777766,51.57777777777766
0,23,706.0,26.577777777777662,66.61304292929293,22,0,691.0,721.0,721.0,691.0,1.57777777777766,51.57777777777766
0,24,736.0,26.577777777777662,65.79467936507936,25,0,721.0,751.0,751.0,721.0,1.57777777777766,51.57777777777766
0,25,766.0,26.577777777777662,60.248387096774195,31,0,751.0,781.0,781.0,751.0,1.57777777777766,51.57777777777766
0,26,796.0,26.577777777777662,65.18710978835978,24,0,781.0,811.0,811.0,781.0,1.57777777777766,51.57777777777766
0,27,826.0,26.577777777777662,69.59704081632653,14,0,811.0,841.0,841.0,811.0,1.57777777777766,51.57777777777766
0,28,856.0,26.577777777777662,73.45083333333335,8,0,841.0,871.0,871.0,841.0,1.57777777777766,51.57777777777766
0,29,886.0,26.577777777777662,53.94725056689342,28,0,871.0,901.0,901.0,871.0,1.57777777777766,51.57777777777766
0,30,916.0,26.577777777777662,57.56333333333334,39,0,901.0,931.0,931.0,901.0,1.57777777777766,51.57777777777766
0,31,946.0,26.577777777777662,48.99686274509804,51,0,931.0,961.0,961.0,931.0,1.57777777777766,51.57777777777766
0,32,976.0,26.577777777777662,47.071494408369404,44,0,961.0,991.0,991.0,961.0,1.57777777777766,51.57777777777766
0,33,1006.0,26.577777777777662,51.44281746031745,39,0,991.0,1021.0,1021.0,991.0,1.57777777777766,51.57777777777766
0,34,1036.0,26.577777777777662,47.88899501661129,43,0,1021.0,1051.0,1051.0,1021.0,1.57777777777766,51.57777777777766
0,35,1066.0,26.577777777777662,44.08710801393728,41,0,1051.0,1081.0,1081.0,1051.0,1.57777777777766,51.57777777777766
0,36,1096.0,26.577777777777662,50.106148459383746,34,0,1081.0,1111.0,1111.0,1081.0,1.57777777777766,51.57777777777766
0,37,1126.0,26.577777777777662,47.60418518518518,30,0,1111.0,1141.0,1141.0,1111.0,1.57777777777766,51.57777777777766
0,38,1156.0,26.577777777777662,54.870588235294115,17,0,1141.0,1171.0,1171.0,1141.0,1.57777777777766,51.57777777777766
0,39,1186.0,26.577777777777662,68.72911904761904,15,0,1171.0,1201.0,1201.0,1171.0,1.57777777777766,51.57777777777766
0,40,1216.0,26.577777777777662,55.87368253968252,30,0,1201.0,1231.0,1231.0,1201.0,1.57777777777766,51.57777777777766
0,41,1246.0,26.577777777777662,60.77352733686069,27,0,1231.0,1261.0,1261.0,1231.0,1.57777777777766,51.57777777777766
0,42,1276.0,26.577777777777662,60.825407268170416,19,0,1261.0,1291.0,1291.0,1261.0,1.57777777777766,51.57777777777766
0,43,1306.0,26.577777777777662,65.08001488095238,16,0,1291.0,1321.0,1321.0,1291.0,1.57777777777766,51.57777777777766
0,44,1336.0,26.577777777777662,57.18852380952381,15,0,1321.0,1351.0,1351.0,1321.0,1.57777777777766,51.57777777777766
0,45,1366.0,26.577777777777662,55.010047425474255,41,0,1351.0,1381.0,1381.0,1351.0,1.57777777777766,51.57777777777766
0,46,1396.0,26.577777777777662,54.31203125,32,0,1381.0,1411.0,1411.0,1381.0,1.57777777777766,51.57777777777766
0,47,1426.0,26.577777777777662,64.24211640211641,21,0,1411.0,1441.0,1441.0,1411.0,1.57777777777766,51.57777777777766
0,48,1456.0,26.577777777777662,62.3262315270936,29,0,1441.0,1471.0,1471.0,1441.0,1.57777777777766,51.57777777777766
0,49,1486.0,26.577777777777662,60.20354797979797,22,0,1471.0,1501.0,1501.0,1471.0,1.57777777777766,51.57777777777766
0,50,1516.0,26.577777777777662,54.69924242424243,33,0,1501.0,1531.0,1531.0,1501.0,1.57777777777766,51.57777777777766
0,51,1546.0,26.577777777777662,58.92031972789117,35,0,1531.0,1561.0,1561.0,1531.0,1.57777777777766,51.57777777777766
0,52,1576.0,26.577777777777662,50.884787157287164,33,0,1561.0,1591.0,1591.0,1561.0,1.57777777777766,51.57777777777766
0,53,1606.0,26.577777777777662,39.420965608465615,42,0,1591.0,1621.0,1621.0,1591.0,1.57777777777766,51.57777777777766
0,54,1636.0,26.577777777777662,32.40563218390804,58,0,1621.0,1651.0,1651.0,1621.0,1.57777777777766,51.57777777777766
0,55,1666.0,26.577777777777662,36.29096926713948,47,0,1651.0,1681.0,1681.0,1651.0,1.57777777777766,51.57777777777766
0,56,1696.0,26.577777777777662,37.63666735084839,58,0,1681.0,1711.0,1711.0,1681.0,1.57777777777766,51.57777777777766
0,57,1726.0,26.577777777777662,32.78077289377289,65,0,1711.0,1741.0,1741.0,1711.0,1.57777777777766,51.57777777777766
0,58,1756.0,26.577777777777662,30.543935185185184,60,0,1741.0,1771.0,1771.0,1741.0,1.57777777777766,51.57777777777766
0,59,1786.0,26.577777777777662,21.56391631652661,68,0,1771.0,1801.0,1801.0,1771.0,1.57777777777766,51.57777777777766
0,60,1816.0,26.577777777777662,25.554202898550724,69,0,1801.0,1831.0,1831.0,1801.0,1.57777777777766,51.57777777777766
0,61,1846.0,26.577777777777662,23.505144032921805,81,0,1831.0,1861.0,1861.0,1831.0,1.57777777777766,51.57777777777766
0,62,1876.0,26.577777777777662,26.524004273504275,65,0,1861.0,1891.0,1891.0,1861.0,1.57777777777766,51.57777777777766
0,63,1906.0,26.577777777777662,28.71826228878648,62,0,1891.0,1921.0,1921.0,1891.0,1.57777777777766,51.57777777777766
0,64,1936.0,26.577777777777662,23.9438782051282,78,0,1921.0,1951.0,1951.0,1921.0,1.57777777777766,51.57777777777766
0,65,1966.0,26.577777777777662,21.51774224117507,67,0,1951.0,1981.0,1981.0,1951.0,1.57777777777766,51.57777777777766
0,66,1996.0,26.577777777777662,21.929422398589068,72,0,1981.0,2011.0,2011.0,1981.0,1.57777777777766,51.57777777777766
0,67,2026.0,26.577777777777662,28.594957264957273,78,0,2011.0,2041.0,2041.0,2011.0,1.57777777777766,51.57777777777766
0,68,2056.0,26.577777777777662,34.11299537037036,60,0,2041.0,2071.0,2071.0,2041.0,1.57777777777766,51.57777777777766
0,69,2086.0,26.577777777777662,32.160723809523816,50,0,2071.0,2101.0,2101.0,2071.0,1.57777777777766,51.57777777777766
0,70,2116.0,26.577777777777662,29.502177579365082,56,0,2101.0,2131.0,2131.0,2101.0,1.57777777777766,51.57777777777766
0,71,2146.0,26.577777777777662,34.57553201506591,59,0,2131.0,2161.0,2161.0,2131.0,1.57777777777766,51.57777777777766
0,72,2176.0,26.577777777777662,34.93372023809523,64,0,2161.0,2191.0,2191.0,2161.0,1.57777777777766,51.57777777777766
0,73,2206.0,26.577777777777662,36.759127906976744,43,0,2191.0,2221.0,2221.0,2191.0,1.57777777777766,51.57777777777766
0,74,2236.0,26.577777777777662,37.90608333333334,40,0,2221.0,2251.0,2251.0,2221.0,1.57777777777766,51.57777777777766
0,75,2266.0,26.577777777777662,19.502673611111113,80,0,2251.0,2281.0,2281.0,2251.0,1.57777777777766,51.57777777777766
0,76,2296.0,26.577777777777662,14.428498498498493,111,0,2281.0,2311.0,2311.0,2281.0,1.57777777777766,51.57777777777766
0,77,2326.0,26.577777777777662,19.720514619883044,95,0,2311.0,2341.0,2341.0,2311.0,1.57777777777766,51.57777777777766
0,78,2356.0,26.577777777777662,24.59001461988304,76,0,2341.0,2371.0,2371.0,2341.0,1.57777777777766,51.57777777777766
0,79,2386.0,26.577777777777662,27.53785858585859,55,0,2371.0,2401.0,2401.0,2371.0,1.57777777777766,51.57777777777766
0,80,2416.0,26.577777777777662,26.187303143479614,51,0,2401.0,2431.0,2431.0,2401.0,1.57777777777766,51.57777777777766
0,81,2446.0,26.577777777777662,28.980987654320984,54,0,2431.0,2461.0,2461.0,2431.0,1.57777777777766,51.57777777777766
0,82,2476.0,26.577777777777662,32.46891215106732,58,0,2461.0,2491.0,2491.0,2461.0,1.57777777777766,51.57777777777766
0,83,2506.0,26.577777777777662,32.53092276711679,67,0,2491.0,2521.0,2521.0,2491.0,1.57777777777766,51.57777777777766
0,84,2536.0,26.577777777777662,38.07853605935128,46,0,2521.0,2551.0,2551.0,2521.0,1.57777777777766,51.57777777777766
0,85,2566.0,26.577777777777662,41.08709126984125,40,0,2551.0,2581.0,2581.0,2551.0,1.57777777777766,51.57777777777766
0,86,2596.0,26.577777777777662,38.14284438775511,56,0,2581.0,2611.0,2611.0,2581.0,1.57777777777766,51.57777777777766
0,87,2626.0,26.577777777777662,39.9348380952381,50,0,2611.0,2641.0,2641.0,2611.0,1.57777777777766,51.57777777777766
0,88,2656.0,26.577777777777662,42.45748214285713,40,0,2641.0,2671.0,2671.0,2641.0,1.57777777777766,51.57777777777766
0,89,2686.0,26.577777777777662,37.652699175824175,52,0,2671.0,2701.0,2701.0,2671.0,1.57777777777766,51.57777777777766
0,90,2716.0,26.577777777777662,26.59697121820616,83,0,2701.0,2731.0,2731.0,2701.0,1.57777777777766,51.57777777777766
0,91,2746.0,26.577777777777662,12.96041666666666,114,0,2731.0,2761.0,2761.0,2731.0,1.57777777777766,51.57777777777766
0,92,2776.0,26.577777777777662,23.665764991181664,72,0,2761.0,2791.0,2791.0,2761.0,1.57777777777766,51.57777777777766
0,93,2806.0,26.577777777777662,34.68833333333333,42,0,2791.0,2821.0,2821.0,2791.0,1.57777777777766,51.57777777777766
0,94,2836.0,26.577777777777662,38.152365591397846,31,0,2821.0,2851.0,2851.0,2821.0,1.57777777777766,51.57777777777766
0,95,2866.0,26.577777777777662,43.14550831443689,42,0,2851.0,2881.0,2881.0,2851.0,1.57777777777766,51.57777777777766
0,96,2896.0,26.577777777777662,44.99227756892231,38,0,2881.0,2911.0,2911.0,2881.0,1.57777777777766,51.57777777777766
0,97,2926.0,26.577777777777662,41.82854673721341,45,0,2911.0,2941.0,2941.0,2911.0,1.57777777777766,51.57777777777766
0,98,2956.0,26.577777777777662,33.94329585537919,54,0,2941.0,2971.0,2971.0,2941.0,1.57777777777766,51.57777777777766
0,99,2986.0,26.577777777777662,21.873137254901955,85,0,2971.0,3001.0,3001.0,2971.0,1.57777777777766,51.57777777777766
0,100,3016.0,26.577777777777662,27.083548922056384,67,0,3001.0,3031.0,3031.0,3001.0,1.57777777777766,51.57777777777766
0,101,3046.0,26.577777777777662,23.963830845771138,67,0,3031.0,3061.0,3061.0,3031.0,1.57777777777766,51.57777777777766
0,102,3076.0,26.577777777777662,27.969883512544797,62,0,3061.0,3091.0,3091.0,3061.0,1.57777777777766,51.57777777777766
0,103,3106.0,26.577777777777662,31.920840608465614,60,0,3091.0,3121.0,3121.0,3091.0,1.57777777777766,51.57777777777766
0,104,3136.0,26.577777777777662,41.39958071278827,53,0,3121.0,3151.0,3151.0,3121.0,1.57777777777766,51.57777777777766
0,105,3166.0,26.577777777777662,41.51619300911854,47,0,3151.0,3181.0,3181.0,3151.0,1.57777777777766,51.57777777777766
0,106,3196.0,26.577777777777662,27.03417145593869,58,0,3181.0,3211.0,3211.0,3181.0,1.57777777777766,51.57777777777766
0,107,3226.0,26.577777777777662,19.274212962962956,90,0,3211.0,3241.0,3241.0,3211.0,1.57777777777766,51.57777777777766
0,108,3256.0,26.577777777777662,35.60967032967033,52,0,3241.0,3271.0,3271.0,3241.0,1.57777777777766,51.57777777777766
0,109,3286.0,26.577777777777662,41.71026870748299,35,0,3271.0,3301.0,3301.0,3271.0,1.57777777777766,51.57777777777766
0,110,3316.0,26.577777777777662,46.818694444444446,40,0,3301.0,3331.0,3331.0,3301.0,1.57777777777766,51.57777777777766
0,111,3346.0,26.577777777777662,42.24506308506308,39,0,3331.0,3361.0,3361.0,3331.0,1.57777777777766,51.57777777777766
0,112,3376.0,26.577777777777662,41.852497665732955,51,0,3361.0,3391.0,3391.0,3361.0,1.57777777777766,51.57777777777766
0,113,3406.0,26.577777777777662,25.12223523289097,61,0,3391.0,3421.0,3421.0,3391.0,1.57777777777766,51.57777777777766
0,114,3436.0,26.577777777777662,22.389320276497696,62,0,3421.0,3451.0,3451.0,3421.0,1.57777777777766,51.57777777777766
0,115,3466.0,26.577777777777662,25.162265873015873,80,0,3451.0,3481.0,3481.0,3451.0,1.57777777777766,51.57777777777766
0,116,3496.0,26.577777777777662,31.216371803350953,72,0,3481.0,3511.0,3511.0,3481.0,1.57777777777766,51.57777777777766
0,117,3526.0,26.577777777777662,34.761495487083735,51,0,3511.0,3541.0,3541.0,3511.0,1.57777777777766,51.57777777777766
0,118,3556.0,26.577777777777662,28.831099265576878,67,0,3541.0,3571.0,3571.0,3541.0,1.57777777777766,51.57777777777766
0,119,3586.0,26.577777777777662,22.932544886807182,61,0,3571.0,3601.0,3601.0,3571.0,1.57777777777766,51.57777777777766
0,120,3616.0,26.577777777777662,21.40369047619048,28,0,3601.0,3631.0,3631.0,3601.0,1.57777777777766,51.57777777777766
0,121,3646.0,26.577777777777662,,0,0,3631.0,3661.0,3661.0,3631.0,1.57777777777766,51.57777777777766
0,122,3676.0,26.577777777777662,,0,0,3661.0,3691.0,3691.0,3661.0,1.57777777777766,51.57777777777766
0,123,3706.0,26.577777777777662,,0,0,3691.0,3721.0,3721.0,3691.0,1.57777777777766,51.57777777777766
0,124,3736.0,26.577777777777662,,0,0,3721.0,3751.0,3751.0,3721.0,1.57777777777766,51.57777777777766
0,125,3766.0,26.577777777777662,,0,0,3751.0,3781.0,3781.0,3751.0,1.57777777777766,51.57777777777766
0,126,3796.0,26.577777777777662,,0,0,3781.0,3811.0,3811.0,3781.0,1.57777777777766,51.57777777777766
0,127,3826.0,26.577777777777662,,0,0,3811.0,3841.0,3841.0,3811.0,1.57777777777766,51.57777777777766
0,128,3856.0,26.577777777777662,,0,0,3841.0,3871.0,3871.0,3841.0,1.57777777777766,51.57777777777766
0,129,3886.0,26.577777777777662,,0,0,3871.0,3901.0,3901.0,3871.0,1.57777777777766,51.57777777777766
1,0,16.0,76.57777777777765,69.23181818181818,11,0,1.0,31.0,31.0,1.0,51.57777777777766,101.57777777777765
1,1,46.0,76.57777777777765,76.19307692307692,13,0,31.0,61.0,61.0,31.0,51.57777777777766,101.57777777777765
1,2,76.0,76.57777777777765,68.98142857142857,14,0,61.0,91.0,91.0,61.0,51.57777777777766,101.57777777777765
1,3,106.0,76.57777777777765,63.923333333333325,27,0,91.0,121.0,121.0,91.0,51.57777777777766,101.57777777777765
1,4,136.0,76.57777777777765,69.03333333333333,27,0,121.0,151.0,151.0,121.0,51.57777777777766,101.57777777777765
1,5,166.0,76.57777777777765,65.1296875,32,0,151.0,181.0,181.0,151.0,51.57777777777766,101.57777777777765
1,6,196.0,76.57777777777765,74.5735294117647,17,0,181.0,211.0,211.0,181.0,51.57777777777766,101.57777777777765
1,7,226.0,76.57777777777765,68.619375,16,0,211.0,241.0,241.0,211.0,51.57777777777766,101.57777777777765
1,8,256.0,76.57777777777765,74.55222222222221,18,0,241.0,271.0,271.0,241.0,51.57777777777766,101.57777777777765
1,9,286.0,76.57777777777765,80.81750000000001,8,0,271.0,301.0,301.0,271.0,51.57777777777766,101.57777777777765
1,10,316.0,76.57777777777765,68.88521739130437,23,0,301.0,331.0,331.0,301.0,51.57777777777766,101.57777777777765
1,11,346.0,76.57777777777765,69.6268888888889,35,0,331.0,361.0,361.0,331.0,51.57777777777766,101.57777777777765
1,12,376.0,76.57777777777765,62.38882352941177,17,0,361.0,391.0,391.0,361.0,51.57777777777766,101.57777777777765
1,13,406.0,76.57777777777765,62.23999999999998,26,0,391.0,421.0,421.0,391.0,51.57777777777766,101.57777777777765
1,14,436.0,76.57777777777765,62.64529411764706,34,0,421.0,451.0,451.0,421.0,51.57777777777766,101.57777777777765
1,15,466.0,76.57777777777765,64.84833333333334,36,0,451.0,481.0,481.0,451.0,51.57777777777766,101.57777777777765
1,16,496.0,76.57777777777765,66.13636363636363,22,0,481.0,511.0,511.0,481.0,51.57777777777766,101.57777777777765
1,17,526.0,76.57777777777765,75.04631578947367,19,0,511.0,541.0,541.0,511.0,51.57777777777766,101.57777777777765
1,18,556.0,76.57777777777765,65.1196153846154,26,0,541.0,571.0,571.0,541.0,51.57777777777766,101.57777777777765
1,19,586.0,76.57777777777765,71.20727272727271,22,0,571.0,601.0,601.0,571.0,51.57777777777766,101.57777777777765
1,20,616.0,76.57777777777765,67.78972222222224,18,0,601.0,631.0,631.0,601.0,51.57777777777766,101.57777777777765
1,21,646.0,76.57777777777765,71.82500000000002,14,0,631.0,661.0,661.0,631.0,51.57777777777766,101.57777777777765
1,22,676.0,76.57777777777765,66.8,27,0,661.0,691.0,691.0,661.0,51.57777777777766,101.57777777777765
1,23,706.0,76.57777777777765,66.81694444444445,36,0,691.0,721.0,721.0,691.0,51.57777777777766,101.57777777777765
1,24,736.0,76.57777777777765,66.7730808080808,22,0,721.0,751.0,751.0,721.0,51.57777777777766,101.57777777777765
1,25,766.0,76.57777777777765,61.45612903225806,31,0,751.0,781.0,781.0,751.0,51.57777777777766,101.57777777777765
1,26,796.0,76.57777777777765,65.46913043478261,23,0,781.0,811.0,811.0,781.0,51.57777777777766,101.57777777777765
1,27,826.0,76.57777777777765,68.93095238095239,21,0,811.0,841.0,841.0,811.0,51.57777777777766,101.57777777777765
1,28,856.0,76.57777777777765,71.086,10,0,841.0,871.0,871.0,841.0,51.57777777777766,101.57777777777765
1,29,886.0,76.57777777777765,51.87130434782608,23,0,871.0,901.0,901.0,871.0,51.57777777777766,101.57777777777765
1,30,916.0,76.57777777777765,59.28261904761904,42,0,901.0,931.0,931.0,901.0,51.57777777777766,101.57777777777765
1,31,946.0,76.57777777777765,51.263684210526314,57,0,931.0,961.0,961.0,931.0,51.57777777777766,101.57777777777765
1,32,976.0,76.57777777777765,46.56910714285714,56,0,961.0,991.0,991.0,961.0,51.57777777777766,101.57777777777765
1,33,1006.0,76.57777777777765,51.50444444444445,45,0,991.0,1021.0,1021.0,991.0,51.57777777777766,101.57777777777765
1,34,1036.0,76.57777777777765,48.10574468085105,47,0,1021.0,1051.0,1051.0,1021.0,51.57777777777766,101.57777777777765
1,35,1066.0,76.57777777777765,39.662622950819674,61,0,1051.0,1081.0,1081.0,1051.0,51.57777777777766,101.57777777777765
1,36,1096.0,76.57777777777765,45.66173913043478,46,0,1081.0,1111.0,1111.0,1081.0,51.57777777777766,101.57777777777765
1,37,1126.0,76.57777777777765,47.73095238095238,42,0,1111.0,1141.0,1141.0,1111.0,51.57777777777766,101.57777777777765
1,38,1156.0,76.57777777777765,53.375263157894736,19,0,1141.0,1171.0,1171.0,1141.0,51.57777777777766,101.57777777777765
1,39,1186.0,76.57777777777765,66.9261111111111,18,0,1171.0,1201.0,1201.0,1171.0,51.57777777777766,101.57777777777765
1,40,1216.0,76.57777777777765,57.44378378378381,37,0,1201.0,1231.0,1231.0,1201.0,51.57777777777766,101.57777777777765
1,41,1246.0,76.57777777777765,59.59930501930502,37,0,1231.0,1261.0,1261.0,1231.0,51.57777777777766,101.57777777777765
1,42,1276.0,76.57777777777765,61.692692307692305,26,0,1261.0,1291.0,1291.0,1261.0,51.57777777777766,101.57777777777765
1,43,1306.0,76.57777777777765,65.6735,20,0,1291.0,1321.0,1321.0,1291.0,51.57777777777766,101.57777777777765
1,44,1336.0,76.57777777777765,58.75230769230769,13,0,1321.0,1351.0,1351.0,1321.0,51.57777777777766,101.57777777777765
1,45,1366.0,76.57777777777765,56.9154761904762,42,0,1351.0,1381.0,1381.0,1351.0,51.57777777777766,101.57777777777765
1,46,1396.0,76.57777777777765,54.73652173913042,46,0,1381.0,1411.0,1411.0,1381.0,51.57777777777766,101.57777777777765
1,47,1426.0,76.57777777777765,63.70624999999998,24,0,1411.0,1441.0,1441.0,1411.0,51.57777777777766,101.57777777777765
1,48,1456.0,76.57777777777765,62.77272727272729,33,0,1441.0,1471.0,1471.0,1441.0,51.57777777777766,101.57777777777765
1,49,1486.0,76.57777777777765,63.246551724137916,29,0,1471.0,1501.0,1501.0,1471.0,51.57777777777766,101.57777777777765
1,50,1516.0,76.57777777777765,55.4174358974359,39,0,1501.0,1531.0,1531.0,1501.0,51.57777777777766,101.57777777777765
1,51,1546.0,76.57777777777765,58.57179487179485,39,0,1531.0,1561.0,1561.0,1531.0,51.57777777777766,101.57777777777765
1,52,1576.0,76.57777777777765,49.35930232558139,43,0,1561.0,1591.0,1591.0,1561.0,51.57777777777766,101.57777777777765
1,53,1606.0,76.57777777777765,32.51740000000001,50,0,1591.0,1621.0,1621.0,1591.0,51.57777777777766,101.57777777777765
1,54,1636.0,76.57777777777765,30.02168831168831,77,0,1621.0,1651.0,1651.0,1621.0,51.57777777777766,101.57777777777765
1,55,1666.0,76.57777777777765,34.294285714285714,63,0,1651.0,1681.0,1681.0,1651.0,51.57777777777766,101.57777777777765
1,56,1696.0,76.57777777777765,35.99098039215685,51,0,1681.0,1711.0,1711.0,1681.0,51.57777777777766,101.57777777777765
1,57,1726.0,76.57777777777765,33.24971014492754,69,0,1711.0,1741.0,1741.0,1711.0,51.57777777777766,101.57777777777765
1,58,1756.0,76.57777777777765,32.001071428571436,56,0,1741.0,1771.0,1771.0,1741.0,51.57777777777766,101.57777777777765
1,59,1786.0,76.57777777777765,24.349122807017544,57,0,1771.0,1801.0,1801.0,1771.0,51.57777777777766,101.57777777777765
1,60,1816.0,76.57777777777765,24.678378378378387,74,0,1801.0,1831.0,1831.0,1801.0,51.57777777777766,101.57777777777765
1,61,1846.0,76.57777777777765,25.512972972972964,74,0,1831.0,1861.0,1861.0,1831.0,51.57777777777766,101.57777777777765
1,62,1876.0,76.57777777777765,30.563281250000006,64,0,1861.0,1891.0,1891.0,1861.0,51.57777777777766,101.57777777777765
1,63,1906.0,76.57777777777765,31.028666666666666,60,0,1891.0,1921.0,1921.0,1891.0,51.57777777777766,101.57777777777765
1,64,1936.0,76.57777777777765,23.54562500000001,80,0,1921.0,1951.0,1951.0,1921.0,51.57777777777766,101.57777777777765
1,65,1966.0,76.57777777777765,20.589402985074624,67,0,1951.0,1981.0,1981.0,1951.0,51.57777777777766,101.57777777777765
1,66,1996.0,76.57777777777765,26.511153846153846,52,0,1981.0,2011.0,2011.0,1981.0,51.57777777777766,101.57777777777765
1,67,2026.0,76.57777777777765,27.61868421052631,76,0,2011.0,2041.0,2041.0,2011.0,51.57777777777766,101.57777777777765
1,68,2056.0,76.57777777777765,33.743204081632655,70,0,2041.0,2071.0,2071.0,2041.0,51.57777777777766,101.57777777777765
1,69,2086.0,76.57777777777765,29.377272727272718,66,0,2071.0,2101.0,2101.0,2071.0,51.57777777777766,101.57777777777765
1,70,2116.0,76.57777777777765,30.7835,60,0,2101.0,2131.0,2131.0,2101.0,51.57777777777766,101.57777777777765
1,71,2146.0,76.57777777777765,36.27942307692309,52,0,2131.0,2161.0,2161.0,2131.0,51.57777777777766,101.57777777777765
1,72,2176.0,76.57777777777765,36.71963636363636,55,0,2161.0,2191.0,2191.0,2161.0,51.57777777777766,101.57777777777765
1,73,2206.0,76.57777777777765,34.2804678362573,57,0,2191.0,2221.0,2221.0,2191.0,51.57777777777766,101.57777777777765
1,74,2236.0,76.57777777777765,32.83345454545454,55,0,2221.0,2251.0,2251.0,2221.0,51.57777777777766,101.57777777777765
1,75,2266.0,76.57777777777765,21.051111111111112,54,0,2251.0,2281.0,2281.0,2251.0,51.57777777777766,101.57777777777765
1,76,2296.0,76.57777777777765,20.383380281690147,71,0,2281.0,2311.0,2311.0,2281.0,51.57777777777766,101.57777777777765
1,77,2326.0,76.57777777777765,20.48827586206896,87,0,2311.0,2341.0,2341.0,2311.0,51.57777777777766,101.57777777777765
1,78,2356.0,76.57777777777765,24.098314606741575,89,0,2341.0,2371.0,2371.0,2341.0,51.57777777777766,101.57777777777765
1,79,2386.0,76.57777777777765,26.583538461538467,65,0,2371.0,2401.0,2401.0,2371.0,51.57777777777766,101.57777777777765
1,80,2416.0,76.57777777777765,29.012586206896543,58,0,2401.0,2431.0,2431.0,2401.0,51.57777777777766,101.57777777777765
1,81,2446.0,76.57777777777765,31.451639344262293,61,0,2431.0,2461.0,2461.0,2431.0,51.57777777777766,101.57777777777765
1,82,2476.0,76.57777777777765,35.665443349753694,58,0,2461.0,2491.0,2491.0,2461.0,51.57777777777766,101.57777777777765
1,83,2506.0,76.57777777777765,37.7886567164179,67,0,2491.0,2521.0,2521.0,2491.0,51.57777777777766,101.57777777777765
1,84,2536.0,76.57777777777765,40.10578947368422,57,0,2521.0,2551.0,2551.0,2521.0,51.57777777777766,101.57777777777765
1,85,2566.0,76.57777777777765,43.74234042553192,47,0,2551.0,2581.0,2581.0,2551.0,51.57777777777766,101.57777777777765
1,86,2596.0,76.57777777777765,39.76175438596491,57,0,2581.0,2611.0,2611.0,2581.0,51.57777777777766,101.57777777777765
1,87,2626.0,76.57777777777765,41.078032786885245,61,0,2611.0,2641.0,2641.0,2611.0,51.57777777777766,101.57777777777765
1,88,2656.0,76.57777777777765,42.39375,48,0,2641.0,2671.0,2671.0,2641.0,51.57777777777766,101.57777777777765
1,89,2686.0,76.57777777777765,33.3,81,0,2671.0,2701.0,2701.0,2671.0,51.57777777777766,101.57777777777765
1,90,2716.0,76.57777777777765,22.619345794392515,107,0,2701.0,2731.0,2731.0,2701.0,51.57777777777766,101.57777777777765
1,91,2746.0,76.57777777777765,18.186703296703296,91,0,2731.0,2761.0,2761.0,2731.0,51.57777777777766,101.57777777777765
1,92,2776.0,76.57777777777765,30.714852941176467,68,0,2761.0,2791.0,2791.0,2761.0,51.57777777777766,101.57777777777765
1,93,2806.0,76.57777777777765,37.60048780487805,41,0,2791.0,2821.0,2821.0,2791.0,51.57777777777766,101.57777777777765
1,94,2836.0,76.57777777777765,38.65934782608696,46,0,2821.0,2851.0,2851.0,2821.0,51.57777777777766,101.57777777777765
1,95,2866.0,76.57777777777765,44.03046511627907,43,0,2851.0,2881.0,2881.0,2851.0,51.57777777777766,101.57777777777765
1,96,2896.0,76.57777777777765,46.727092198581566,47,0,2881.0,2911.0,2911.0,2881.0,51.57777777777766,101.57777777777765
1,97,2926.0,76.57777777777765,40.24129629629632,54,0,2911.0,2941.0,2941.0,2911.0,51.57777777777766,101.57777777777765
1,98,2956.0,76.57777777777765,30.604705882352945,68,0,2941.0,2971.0,2971.0,2941.0,51.57777777777766,101.57777777777765
1,99,2986.0,76.57777777777765,23.148902439024386,82,0,2971.0,3001.0,3001.0,2971.0,51.57777777777766,101.57777777777765
1,100,3016.0,76.57777777777765,26.139166666666668,84,0,3001.0,3031.0,3031.0,3001.0,51.57777777777766,101.57777777777765
1,101,3046.0,76.57777777777765,21.49329411764705,85,0,3031.0,3061.0,3061.0,3031.0,51.57777777777766,101.57777777777765
1,102,3076.0,76.57777777777765,28.338849206349206,63,0,3061.0,3091.0,3091.0,3061.0,51.57777777777766,101.57777777777765
1,103,3106.0,76.57777777777765,33.27424242424243,66,0,3091.0,3121.0,3121.0,3091.0,51.57777777777766,101.57777777777765
1,104,3136.0,76.57777777777765,41.83928571428572,70,0,3121.0,3151.0,3151.0,3121.0,51.57777777777766,101.57777777777765
1,105,3166.0,76.57777777777765,38.873870967741944,62,0,3151.0,3181.0,3181.0,3151.0,51.57777777777766,101.57777777777765
1,106,3196.0,76.57777777777765,22.75180555555555,72,0,3181.0,3211.0,3211.0,3181.0,51.57777777777766,101.57777777777765
1,107,3226.0,76.57777777777765,24.37585365853659,82,0,3211.0,3241.0,3241.0,3211.0,51.57777777777766,101.57777777777765
1,108,3256.0,76.57777777777765,36.89818181818182,55,0,3241.0,3271.0,3271.0,3241.0,51.57777777777766,101.57777777777765
1,109,3286.0,76.57777777777765,43.36121951219511,41,0,3271.0,3301.0,3301.0,3271.0,51.57777777777766,101.57777777777765
1,110,3316.0,76.57777777777765,45.62576923076922,52,0,3301.0,3331.0,3331.0,3301.0,51.57777777777766,101.57777777777765
1,111,3346.0,76.57777777777765,41.39146341463415,41,0,3331.0,3361.0,3361.0,3331.0,51.57777777777766,101.57777777777765
1,112,3376.0,76.57777777777765,32.372874999999986,80,0,3361.0,3391.0,3391.0,3361.0,51.57777777777766,101.57777777777765
1,113,3406.0,76.57777777777765,19.877361111111117,72,0,3391.0,3421.0,3421.0,3391.0,51.57777777777766,101.57777777777765
1,114,3436.0,76.57777777777765,20.526363636363637,88,0,3421.0,3451.0,3451.0,3421.0,51.57777777777766,101.57777777777765
1,115,3466.0,76.57777777777765,29.225949367088607,79,0,3451.0,3481.0,3481.0,3451.0,51.57777777777766,101.57777777777765
1,116,3496.0,76.57777777777765,31.468461538461536,78,0,3481.0,3511.0,3511.0,3481.0,51.57777777777766,101.57777777777765
1,117,3526.0,76.57777777777765,31.36961038961039,77,0,3511.0,3541.0,3541.0,3511.0,51.57777777777766,101.57777777777765
1,118,3556.0,76.57777777777765,23.906595744680843,94,0,3541.0,3571.0,3571.0,3541.0,51.57777777777766,101.57777777777765
1,119,3586.0,76.57777777777765,22.23191780821918,73,0,3571.0,3601.0,3601.0,3571.0,51.57777777777766,101.57777777777765
1,120,3616.0,76.57777777777765,24.994,45,0,3601.0,3631.0,3631.0,3601.0,51.57777777777766,101.57777777777765
1,121,3646.0,76.57777777777765,,0,0,3631.0,3661.0,3661.0,3631.0,51.57777777777766,101.57777777777765
1,122,3676.0,76.57777777777765,,0,0,3661.0,3691.0,3691.0,3661.0,51.57777777777766,101.57777777777765
1,123,3706.0,76.57777777777765,,0,0,3691.0,3721.0,3721.0,3691.0,51.57777777777766,101.57777777777765
1,124,3736.0,76.57777777777765,,0,0,3721.0,3751.0,3751.0,3721.0,51.57777777777766,101.57777777777765
1,125,3766.0,76.57777777777765,,0,0,3751.0,3781.0,3781.0,3751.0,51.57777777777766,101.57777777777765
1,126,3796.0,76.57777777777765,,0,0,3781.0,3811.0,3811.0,3781.0,51.57777777777766,101.57777777777765
1,127,3826.0,76.57777777777765,,0,0,3811.0,3841.0,3841.0,3811.0,51.57777777777766,101.57777777777765
1,128,3856.0,76.57777777777765,,0,0,3841.0,3871.0,3871.0,3841.0,51.57777777777766,101.57777777777765
1,129,3886.0,76.57777777777765,,0,0,3871.0,3901.0,3901.0,3871.0,51.57777777777766,101.57777777777765
2,0,16.0,126.57777777777767,65.38039215686274,17,0,1.0,31.0,31.0,1.0,101.57777777777765,151.57777777777767
2,1,46.0,126.57777777777767,75.35909090909091,11,0,31.0,61.0,61.0,31.0,101.57777777777765,151.57777777777767
2,2,76.0,126.57777777777767,69.41666666666667,15,0,61.0,91.0,91.0,61.0,101.57777777777765,151.57777777777767
2,3,106.0,126.57777777777767,63.95599999999999,25,0,91.0,121.0,121.0,91.0,101.57777777777765,151.57777777777767
2,4,136.0,126.57777777777767,68.09882352941176,34,0,121.0,151.0,151.0,121.0,101.57777777777765,151.57777777777767
2,5,166.0,126.57777777777767,64.10689655172413,29,0,151.0,181.0,181.0,151.0,101.57777777777765,151.57777777777767
2,6,196.0,126.57777777777767,71.48095238095237,21,0,181.0,211.0,211.0,181.0,101.57777777777765,151.57777777777767
2,7,226.0,126.57777777777767,67.67722222222221,18,0,211.0,241.0,241.0,211.0,101.57777777777765,151.57777777777767
2,8,256.0,126.57777777777767,71.90894736842104,19,0,241.0,271.0,271.0,241.0,101.57777777777765,151.57777777777767
2,9,286.0,126.57777777777767,83.25625,8,0,271.0,301.0,301.0,271.0,101.57777777777765,151.57777777777767
2,10,316.0,126.57777777777767,68.2575,20,0,301.0,331.0,331.0,301.0,101.57777777777765,151.57777777777767
2,11,346.0,126.57777777777767,68.15642857142858,28,0,331.0,361.0,361.0,331.0,101.57777777777765,151.57777777777767
2,12,376.0,126.57777777777767,62.618947368421054,19,0,361.0,391.0,391.0,361.0,101.57777777777765,151.57777777777767
2,13,406.0,126.57777777777767,62.01708333333334,24,0,391.0,421.0,421.0,391.0,101.57777777777765,151.57777777777767
2,14,436.0,126.57777777777767,62.03689655172414,29,0,421.0,451.0,451.0,421.0,101.57777777777765,151.57777777777767
2,15,466.0,126.57777777777767,63.34078947368422,38,0,451.0,481.0,481.0,451.0,101.57777777777765,151.57777777777767
2,16,496.0,126.57777777777767,65.00500000000001,32,0,481.0,511.0,511.0,481.0,101.57777777777765,151.57777777777767
2,17,526.0,126.57777777777767,75.85521739130436,23,0,511.0,541.0,541.0,511.0,101.57777777777765,151.57777777777767
2,18,556.0,126.57777777777767,64.054,30,0,541.0,571.0,571.0,541.0,101.57777777777765,151.57777777777767
2,19,586.0,126.57777777777767,71.85285714285716,21,0,571.0,601.0,601.0,571.0,101.57777777777765,151.57777777777767
2,20,616.0,126.57777777777767,66.47363636363636,22,0,601.0,631.0,631.0,601.0,101.57777777777765,151.57777777777767
2,21,646.0,126.57777777777767,70.06684210526316,19,0,631.0,661.0,661.0,631.0,101.57777777777765,151.57777777777767
2,22,676.0,126.57777777777767,66.49782608695652,23,0,661.0,691.0,691.0,661.0,101.57777777777765,151.57777777777767
2,23,706.0,126.57777777777767,65.795,36,0,691.0,721.0,721.0,691.0,101.57777777777765,151.57777777777767
2,24,736.0,126.57777777777767,67.27433333333335,30,0,721.0,751.0,751.0,721.0,101.57777777777765,151.57777777777767
2,25,766.0,126.57777777777767,61.512058823529394,34,0,751.0,781.0,781.0,751.0,101.57777777777765,151.57777777777767
2,26,796.0,126.57777777777767,65.01740740740742,27,0,781.0,811.0,811.0,781.0,101.57777777777765,151.57777777777767
2,27,826.0,126.57777777777767,67.6990476190476,21,0,811.0,841.0,841.0,811.0,101.57777777777765,151.57777777777767
2,28,856.0,126.57777777777767,69.02818181818182,11,0,841.0,871.0,871.0,841.0,101.57777777777765,151.57777777777767
2,29,886.0,126.57777777777767,52.01777777777778,27,0,871.0,901.0,901.0,871.0,101.57777777777765,151.57777777777767
2,30,916.0,126.57777777777767,58.963513513513526,37,0,901.0,931.0,931.0,901.0,101.57777777777765,151.57777777777767
2,31,946.0,126.57777777777767,50.8243956043956,52,0,931.0,961.0,961.0,931.0,101.57777777777765,151.57777777777767
2,32,976.0,126.57777777777767,43.81950000000001,60,0,961.0,991.0,991.0,961.0,101.57777777777765,151.57777777777767
2,33,1006.0,126.57777777777767,45.95711538461538,52,0,991.0,1021.0,1021.0,991.0,101.57777777777765,151.57777777777767
2,34,1036.0,126.57777777777767,46.007358490566034,53,0,1021.0,1051.0,1051.0,1021.0,101.57777777777765,151.57777777777767
2,35,1066.0,126.57777777777767,36.39585714285714,70,0,1051.0,1081.0,1081.0,1051.0,101.57777777777765,151.57777777777767
2,36,1096.0,126.57777777777767,38.61410714285715,56,0,1081.0,1111.0,1111.0,1081.0,101.57777777777765,151.57777777777767
2,37,1126.0,126.57777777777767,46.54697674418604,43,0,1111.0,1141.0,1141.0,1111.0,101.57777777777765,151.57777777777767
2,38,1156.0,126.57777777777767,51.73307692307693,26,0,1141.0,1171.0,1171.0,1141.0,101.57777777777765,151.57777777777767
2,39,1186.0,126.57777777777767,63.76176470588234,17,0,1171.0,1201.0,1201.0,1171.0,101.57777777777765,151.57777777777767
2,40,1216.0,126.57777777777767,58.3336842105263,38,0,1201.0,1231.0,1231.0,1201.0,101.57777777777765,151.57777777777767
2,41,1246.0,126.57777777777767,58.18842105263159,38,0,1231.0,1261.0,1261.0,1231.0,101.57777777777765,151.57777777777767
2,42,1276.0,126.57777777777767,59.64499999999999,22,0,1261.0,1291.0,1291.0,1261.0,101.57777777777765,151.57777777777767
2,43,1306.0,126.57777777777767,62.25652173913043,23,0,1291.0,1321.0,1321.0,1291.0,101.57777777777765,151.57777777777767
2,44,1336.0,126.57777777777767,60.31999999999999,12,0,1321.0,1351.0,1351.0,1321.0,101.57777777777765,151.57777777777767
2,45,1366.0,126.57777777777767,56.399761904761895,42,0,1351.0,1381.0,1381.0,1351.0,101.57777777777765,151.57777777777767
2,46,1396.0,126.57777777777767,54.1786956521739,46,0,1381.0,1411.0,1411.0,1381.0,101.57777777777765,151.57777777777767
2,47,1426.0,126.57777777777767,63.060357142857136,28,0,1411.0,1441.0,1441.0,1411.0,101.57777777777765,151.57777777777767
2,48,1456.0,126.57777777777767,62.203125,32,0,1441.0,1471.0,1471.0,1441.0,101.57777777777765,151.57777777777767
2,49,1486.0,126.57777777777767,62.8032142857143,28,0,1471.0,1501.0,1501.0,1471.0,101.57777777777765,151.57777777777767
2,50,1516.0,126.57777777777767,55.95236842105262,38,0,1501.0,1531.0,1531.0,1501.0,101.57777777777765,151.57777777777767
2,51,1546.0,126.57777777777767,55.32159090909091,44,0,1531.0,1561.0,1561.0,1531.0,101.57777777777765,151.57777777777767
2,52,1576.0,126.57777777777767,45.96,50,0,1561.0,1591.0,1591.0,1561.0,101.57777777777765,151.57777777777767
2,53,1606.0,126.57777777777767,28.25655737704918,61,0,1591.0,1621.0,1621.0,1591.0,101.57777777777765,151.57777777777767
2,54,1636.0,126.57777777777767,28.798235294117653,68,0,1621.0,1651.0,1651.0,1621.0,101.57777777777765,151.57777777777767
2,55,1666.0,126.57777777777767,27.788987341772156,79,0,1651.0,1681.0,1681.0,1651.0,101.57777777777765,151.57777777777767
2,56,1696.0,126.57777777777767,31.84209677419355,62,0,1681.0,1711.0,1711.0,1681.0,101.57777777777765,151.57777777777767
2,57,1726.0,126.57777777777767,30.93025,80,0,1711.0,1741.0,1741.0,1711.0,101.57777777777765,151.57777777777767
2,58,1756.0,126.57777777777767,32.15777777777778,54,0,1741.0,1771.0,1771.0,1741.0,101.57777777777765,151.57777777777767
2,59,1786.0,126.57777777777767,29.735714285714284,49,0,1771.0,1801.0,1801.0,1771.0,101.57777777777765,151.57777777777767
2,60,1816.0,126.57777777777767,26.38761904761905,63,0,1801.0,1831.0,1831.0,1801.0,101.57777777777765,151.57777777777767
2,61,1846.0,126.57777777777767,29.207384615384612,65,0,1831.0,1861.0,1861.0,1831.0,101.57777777777765,151.57777777777767
2,62,1876.0,126.57777777777767,32.849384615384615,65,0,1861.0,1891.0,1891.0,1861.0,101.57777777777765,151.57777777777767
2,63,1906.0,126.57777777777767,29.905517241379304,58,0,1891.0,1921.0,1921.0,1891.0,101.57777777777765,151.57777777777767
2,64,1936.0,126.57777777777767,23.529240506329117,79,0,1921.0,1951.0,1951.0,1921.0,101.57777777777765,151.57777777777767
2,65,1966.0,126.57777777777767,21.774722222222216,72,0,1951.0,1981.0,1981.0,1951.0,101.57777777777765,151.57777777777767
2,66,1996.0,126.57777777777767,26.01467741935484,62,0,1981.0,2011.0,2011.0,1981.0,101.57777777777765,151.57777777777767
2,67,2026.0,126.57777777777767,27.810138888888883,72,0,2011.0,2041.0,2041.0,2011.0,101.57777777777765,151.57777777777767
2,68,2056.0,126.57777777777767,30.244102564102565,78,0,2041.0,2071.0,2071.0,2041.0,101.57777777777765,151.57777777777767
2,69,2086.0,126.57777777777767,27.585394736842108,76,0,2071.0,2101.0,2101.0,2071.0,101.57777777777765,151.57777777777767
2,70,2116.0,126.57777777777767,32.4133962264151,53,0,2101.0,2131.0,2131.0,2101.0,101.57777777777765,151.57777777777767
2,71,2146.0,126.57777777777767,34.01769230769231,52,0,2131.0,2161.0,2161.0,2131.0,101.57777777777765,151.57777777777767
2,72,2176.0,126.57777777777767,35.8125,60,0,2161.0,2191.0,2191.0,2161.0,101.57777777777765,151.57777777777767
2,73,2206.0,126.57777777777767,31.734500000000008,60,0,2191.0,2221.0,2221.0,2191.0,101.57777777777765,151.57777777777767
2,74,2236.0,126.57777777777767,27.584714285714295,70,0,2221.0,2251.0,2251.0,2221.0,101.57777777777765,151.57777777777767
2,75,2266.0,126.57777777777767,23.148888888888884,45,0,2251.0,2281.0,2281.0,2251.0,101.57777777777765,151.57777777777767
2,76,2296.0,126.57777777777767,24.650869565217384,69,0,2281.0,2311.0,2311.0,2281.0,101.57777777777765,151.57777777777767
2,77,2326.0,126.57777777777767,23.909848484848485,66,0,2311.0,2341.0,2341.0,2311.0,101.57777777777765,151.57777777777767
2,78,2356.0,126.57777777777767,24.523258426966294,89,0,2341.0,2371.0,2371.0,2341.0,101.57777777777765,151.57777777777767
2,79,2386.0,126.57777777777767,26.654032258064515,62,0,2371.0,2401.0,2401.0,2371.0,101.57777777777765,151.57777777777767
2,80,2416.0,126.57777777777767,26.871692307692307,65,0,2401.0,2431.0,2431.0,2401.0,101.57777777777765,151.57777777777767
2,81,2446.0,126.57777777777767,29.458904109589053,73,0,2431.0,2461.0,2461.0,2431.0,101.57777777777765,151.57777777777767
2,82,2476.0,126.57777777777767,35.35966101694915,59,0,2461.0,2491.0,2491.0,2461.0,101.57777777777765,151.57777777777767
2,83,2506.0,126.57777777777767,39.15246153846153,65,0,2491.0,2521.0,2521.0,2491.0,101.57777777777765,151.57777777777767
2,84,2536.0,126.57777777777767,40.88852941176471,68,0,2521.0,2551.0,2551.0,2521.0,101.57777777777765,151.57777777777767
2,85,2566.0,126.57777777777767,43.76820000000001,50,0,2551.0,2581.0,2581.0,2551.0,101.57777777777765,151.57777777777767
2,86,2596.0,126.57777777777767,40.29115384615385,52,0,2581.0,2611.0,2611.0,2581.0,101.57777777777765,151.57777777777767
2,87,2626.0,126.57777777777767,40.2604347826087,69,0,2611.0,2641.0,2641.0,2611.0,101.57777777777765,151.57777777777767
2,88,2656.0,126.57777777777767,40.20581818181819,55,0,2641.0,2671.0,2671.0,2641.0,101.57777777777765,151.57777777777767
2,89,2686.0,126.57777777777767,28.775061728395052,81,0,2671.0,2701.0,2701.0,2671.0,101.57777777777765,151.57777777777767
2,90,2716.0,126.57777777777767,23.223333333333326,96,0,2701.0,2731.0,2731.0,2701.0,101.57777777777765,151.57777777777767
2,91,2746.0,126.57777777777767,20.928695652173918,92,0,2731.0,2761.0,2761.0,2731.0,101.57777777777765,151.57777777777767
2,92,2776.0,126.57777777777767,33.89865671641791,67,0,2761.0,2791.0,2791.0,2761.0,101.57777777777765,151.57777777777767
2,93,2806.0,126.57777777777767,38.606,45,0,2791.0,2821.0,2821.0,2791.0,101.57777777777765,151.57777777777767
2,94,2836.0,126.57777777777767,38.349555555555554,45,0,2821.0,2851.0,2851.0,2821.0,101.57777777777765,151.57777777777767
2,95,2866.0,126.57777777777767,41.38750000000001,48,0,2851.0,2881.0,2881.0,2851.0,101.57777777777765,151.57777777777767
2,96,2896.0,126.57777777777767,44.74672413793105,58,0,2881.0,2911.0,2911.0,2881.0,101.57777777777765,151.57777777777767
2,97,2926.0,126.57777777777767,37.874814814814826,54,0,2911.0,2941.0,2941.0,2911.0,101.57777777777765,151.57777777777767
2,98,2956.0,126.57777777777767,28.876666666666658,72,0,2941.0,2971.0,2971.0,2941.0,101.57777777777765,151.57777777777767
2,99,2986.0,126.57777777777767,24.331777777777774,90,0,2971.0,3001.0,3001.0,2971.0,101.57777777777765,151.57777777777767
2,100,3016.0,126.57777777777767,24.634000000000004,85,0,3001.0,3031.0,3031.0,3001.0,101.57777777777765,151.57777777777767
2,101,3046.0,126.57777777777767,22.104731182795696,93,0,3031.0,3061.0,3061.0,3031.0,101.57777777777765,151.57777777777767
2,102,3076.0,126.57777777777767,28.77557692307692,52,0,3061.0,3091.0,3091.0,3061.0,101.57777777777765,151.57777777777767
2,103,3106.0,126.57777777777767,32.34710144927537,69,0,3091.0,3121.0,3121.0,3091.0,101.57777777777765,151.57777777777767
2,104,3136.0,126.57777777777767,38.87342465753425,73,0,3121.0,3151.0,3151.0,3121.0,101.57777777777765,151.57777777777767
2,105,3166.0,126.57777777777767,33.575694444444444,72,0,3151.0,3181.0,3181.0,3151.0,101.57777777777765,151.57777777777767
2,106,3196.0,126.57777777777767,19.451728395061732,81,0,3181.0,3211.0,3211.0,3181.0,101.57777777777765,151.57777777777767
2,107,3226.0,126.57777777777767,28.40164383561643,73,0,3211.0,3241.0,3241.0,3211.0,101.57777777777765,151.57777777777767
2,108,3256.0,126.57777777777767,37.141666666666666,60,0,3241.0,3271.0,3271.0,3241.0,101.57777777777765,151.57777777777767
2,109,3286.0,126.57777777777767,43.55125000000001,48,0,3271.0,3301.0,3301.0,3271.0,101.57777777777765,151.57777777777767
2,110,3316.0,126.57777777777767,42.453898305084756,59,0,3301.0,3331.0,3331.0,3301.0,101.57777777777765,151.57777777777767
2,111,3346.0,126.57777777777767,37.80294117647058,51,0,3331.0,3361.0,3361.0,3331.0,101.57777777777765,151.57777777777767
2,112,3376.0,126.57777777777767,25.225681818181815,88,0,3361.0,3391.0,3391.0,3361.0,101.57777777777765,151.57777777777767
2,113,3406.0,126.57777777777767,20.674252873563223,87,0,3391.0,3421.0,3421.0,3391.0,101.57777777777765,151.57777777777767
2,114,3436.0,126.57777777777767,23.78878378378378,74,0,3421.0,3451.0,3451.0,3421.0,101.57777777777765,151.57777777777767
2,115,3466.0,126.57777777777767,29.40085714285714,70,0,3451.0,3481.0,3481.0,3451.0,101.57777777777765,151.57777777777767
2,116,3496.0,126.57777777777767,30.7676404494382,89,0,3481.0,3511.0,3511.0,3481.0,101.57777777777765,151.57777777777767
2,117,3526.0,126.57777777777767,28.569493670886068,79,0,3511.0,3541.0,3541.0,3511.0,101.57777777777765,151.57777777777767
2,118,3556.0,126.57777777777767,21.043539823008864,113,0,3541.0,3571.0,3571.0,3541.0,101.57777777777765,151.57777777777767
2,119,3586.0,126.57777777777767,22.4096511627907,86,0,3571.0,3601.0,3601.0,3571.0,101.57777777777765,151.57777777777767
2,120,3616.0,126.57777777777767,26.638035714285724,56,0,3601.0,3631.0,3631.0,3601.0,101.57777777777765,151.57777777777767
2,121,3646.0,126.57777777777767,,0,0,3631.0,3661.0,3661.0,3631.0,101.57777777777765,151.57777777777767
2,122,3676.0,126.57777777777767,,0,0,3661.0,3691.0,3691.0,3661.0,101.57777777777765,151.57777777777767
2,123,3706.0,126.57777777777767,,0,0,3691.0,3721.0,3721.0,3691.0,101.57777777777765,151.57777777777767
2,124,3736.0,126.57777777777767,,0,0,3721.0,3751.0,3751.0,3721.0,101.57777777777765,151.57777777777767
2,125,3766.0,126.57777777777767,,0,0,3751.0,3781.0,3781.0,3751.0,101.57777777777765,151.57777777777767
2,126,3796.0,126.57777777777767,,0,0,3781.0,3811.0,3811.0,3781.0,101.57777777777765,151.57777777777767
2,127,3826.0,126.57777777777767,,0,0,3811.0,3841.0,3841.0,3811.0,101.57777777777765,151.57777777777767
2,128,3856.0,126.57777777777767,,0,0,3841.0,3871.0,3871.0,3841.0,101.57777777777765,151.57777777777767
2,129,3886.0,126.57777777777767,,0,0,3871.0,3901.0,3901.0,3871.0,101.57777777777765,151.57777777777767
3,0,16.0,176.57777777777767,62.28652173913042,23,0,1.0,31.0,31.0,1.0,151.57777777777767,201.57777777777767
3,1,46.0,176.57777777777767,74.07,12,0,31.0,61.0,61.0,31.0,151.57777777777767,201.57777777777767
3,2,76.0,176.57777777777767,69.509375,16,0,61.0,91.0,91.0,61.0,151.57777777777767,201.57777777777767
3,3,106.0,176.57777777777767,67.03869565217391,23,0,91.0,121.0,121.0,91.0,151.57777777777767,201.57777777777767
3,4,136.0,176.57777777777767,65.2725,36,0,121.0,151.0,151.0,121.0,151.57777777777767,201.57777777777767
3,5,166.0,176.57777777777767,64.14399999999999,30,0,151.0,181.0,181.0,151.0,151.57777777777767,201.57777777777767
3,6,196.0,176.57777777777767,68.08814814814814,27,0,181.0,211.0,211.0,181.0,151.57777777777767,201.57777777777767
3,7,226.0,176.57777777777767,68.26941176470588,17,0,211.0,241.0,241.0,211.0,151.57777777777767,201.57777777777767
3,8,256.0,176.57777777777767,69.94444444444443,18,0,241.0,271.0,271.0,241.0,151.57777777777767,201.57777777777767
3,9,286.0,176.57777777777767,76.726,10,0,271.0,301.0,301.0,271.0,151.57777777777767,201.57777777777767
3,10,316.0,176.57777777777767,69.37157894736842,19,0,301.0,331.0,331.0,301.0,151.57777777777767,201.57777777777767
3,11,346.0,176.57777777777767,66.31428571428573,35,0,331.0,361.0,361.0,331.0,151.57777777777767,201.57777777777767
3,12,376.0,176.57777777777767,62.92944444444444,18,0,361.0,391.0,391.0,361.0,151.57777777777767,201.57777777777767
3,13,406.0,176.57777777777767,60.78275862068964,29,0,391.0,421.0,421.0,391.0,151.57777777777767,201.57777777777767
3,14,436.0,176.57777777777767,60.136666666666656,36,0,421.0,451.0,451.0,421.0,151.57777777777767,201.57777777777767
3,15,466.0,176.57777777777767,59.886153846153825,39,0,451.0,481.0,481.0,451.0,151.57777777777767,201.57777777777767
3,16,496.0,176.57777777777767,63.07470588235294,34,0,481.0,511.0,511.0,481.0,151.57777777777767,201.57777777777767
3,17,526.0,176.57777777777767,73.70307692307692,26,0,511.0,541.0,541.0,511.0,151.57777777777767,201.57777777777767
3,18,556.0,176.57777777777767,63.51281249999999,32,0,541.0,571.0,571.0,541.0,151.57777777777767,201.57777777777767
3,19,586.0,176.57777777777767,70.48173913043478,23,0,571.0,601.0,601.0,571.0,151.57777777777767,201.57777777777767
3,20,616.0,176.57777777777767,64.68217391304348,23,0,601.0,631.0,631.0,601.0,151.57777777777767,201.57777777777767
3,21,646.0,176.57777777777767,67.90761904761905,21,0,631.0,661.0,661.0,631.0,151.57777777777767,201.57777777777767
3,22,676.0,176.57777777777767,65.0028,25,0,661.0,691.0,691.0,661.0,151.57777777777767,201.57777777777767
3,23,706.0,176.57777777777767,63.318292682926824,41,0,691.0,721.0,721.0,691.0,151.57777777777767,201.57777777777767
3,24,736.0,176.57777777777767,65.21031249999999,32,0,721.0,751.0,751.0,721.0,151.57777777777767,201.57777777777767
3,25,766.0,176.57777777777767,59.82516129032259,31,0,751.0,781.0,781.0,751.0,151.57777777777767,201.57777777777767
3,26,796.0,176.57777777777767,64.48766666666666,30,0,781.0,811.0,811.0,781.0,151.57777777777767,201.57777777777767
3,27,826.0,176.57777777777767,65.11344827586207,29,0,811.0,841.0,841.0,811.0,151.57777777777767,201.57777777777767
3,28,856.0,176.57777777777767,70.75469135802469,9,0,841.0,871.0,871.0,841.0,151.57777777777767,201.57777777777767
3,29,886.0,176.57777777777767,52.871287878787875,33,0,871.0,901.0,901.0,871.0,151.57777777777767,201.57777777777767
3,30,916.0,176.57777777777767,56.69548387096775,31,0,901.0,931.0,931.0,901.0,151.57777777777767,201.57777777777767
3,31,946.0,176.57777777777767,50.53796610169491,59,0,931.0,961.0,961.0,931.0,151.57777777777767,201.57777777777767
3,32,976.0,176.57777777777767,44.1887272727273,55,0,961.0,991.0,991.0,961.0,151.57777777777767,201.57777777777767
3,33,1006.0,176.57777777777767,41.794000000000004,55,0,991.0,1021.0,1021.0,991.0,151.57777777777767,201.57777777777767
3,34,1036.0,176.57777777777767,43.20796296296298,54,0,1021.0,1051.0,1051.0,1021.0,151.57777777777767,201.57777777777767
3,35,1066.0,176.57777777777767,35.85392857142857,56,0,1051.0,1081.0,1081.0,1051.0,151.57777777777767,201.57777777777767
3,36,1096.0,176.57777777777767,37.53883333333333,60,0,1081.0,1111.0,1111.0,1081.0,151.57777777777767,201.57777777777767
3,37,1126.0,176.57777777777767,47.12541666666666,48,0,1111.0,1141.0,1141.0,1111.0,151.57777777777767,201.57777777777767
3,38,1156.0,176.57777777777767,51.27869565217391,23,0,1141.0,1171.0,1171.0,1141.0,151.57777777777767,201.57777777777767
3,39,1186.0,176.57777777777767,59.24700000000001,30,0,1171.0,1201.0,1201.0,1171.0,151.57777777777767,201.57777777777767
3,40,1216.0,176.57777777777767,57.37299999999999,40,0,1201.0,1231.0,1231.0,1201.0,151.57777777777767,201.57777777777767
3,41,1246.0,176.57777777777767,55.76642857142857,42,0,1231.0,1261.0,1261.0,1231.0,151.57777777777767,201.57777777777767
3,42,1276.0,176.57777777777767,59.70318181818181,22,0,1261.0,1291.0,1291.0,1261.0,151.57777777777767,201.57777777777767
3,43,1306.0,176.57777777777767,59.33062500000001,32,0,1291.0,1321.0,1321.0,1291.0,151.57777777777767,201.57777777777767
3,44,1336.0,176.57777777777767,62.49166666666667,12,0,1321.0,1351.0,1351.0,1321.0,151.57777777777767,201.57777777777767
3,45,1366.0,176.57777777777767,55.22279069767442,43,0,1351.0,1381.0,1381.0,1351.0,151.57777777777767,201.57777777777767
3,46,1396.0,176.57777777777767,52.03055555555557,54,0,1381.0,1411.0,1411.0,1381.0,151.57777777777767,201.57777777777767
3,47,1426.0,176.57777777777767,62.25711111111112,30,0,1411.0,1441.0,1441.0,1411.0,151.57777777777767,201.57777777777767
3,48,1456.0,176.57777777777767,62.66162162162161,37,0,1441.0,1471.0,1471.0,1441.0,151.57777777777767,201.57777777777767
3,49,1486.0,176.57777777777767,60.873125,32,0,1471.0,1501.0,1501.0,1471.0,151.57777777777767,201.57777777777767
3,50,1516.0,176.57777777777767,54.15333333333334,42,0,1501.0,1531.0,1531.0,1501.0,151.57777777777767,201.57777777777767
3,51,1546.0,176.57777777777767,51.49571428571428,56,0,1531.0,1561.0,1561.0,1531.0,151.57777777777767,201.57777777777767
3,52,1576.0,176.57777777777767,41.8046875,64,0,1561.0,1591.0,1591.0,1561.0,151.57777777777767,201.57777777777767
3,53,1606.0,176.57777777777767,27.830606060606062,66,0,1591.0,1621.0,1621.0,1591.0,151.57777777777767,201.57777777777767
3,54,1636.0,176.57777777777767,33.082,60,0,1621.0,1651.0,1651.0,1621.0,151.57777777777767,201.57777777777767
3,55,1666.0,176.57777777777767,29.90767123287671,73,0,1651.0,1681.0,1681.0,1651.0,151.57777777777767,201.57777777777767
3,56,1696.0,176.57777777777767,31.421515151515155,66,0,1681.0,1711.0,1711.0,1681.0,151.57777777777767,201.57777777777767
3,57,1726.0,176.57777777777767,32.941267605633804,71,0,1711.0,1741.0,1741.0,1711.0,151.57777777777767,201.57777777777767
3,58,1756.0,176.57777777777767,35.950677966101686,59,0,1741.0,1771.0,1771.0,1741.0,151.57777777777767,201.57777777777767
3,59,1786.0,176.57777777777767,35.5542105263158,38,0,1771.0,1801.0,1801.0,1771.0,151.57777777777767,201.57777777777767
3,60,1816.0,176.57777777777767,32.23509090909091,55,0,1801.0,1831.0,1831.0,1801.0,151.57777777777767,201.57777777777767
3,61,1846.0,176.57777777777767,33.960454545454546,66,0,1831.0,1861.0,1861.0,1831.0,151.57777777777767,201.57777777777767
3,62,1876.0,176.57777777777767,36.54861538461537,65,0,1861.0,1891.0,1891.0,1861.0,151.57777777777767,201.57777777777767
3,63,1906.0,176.57777777777767,30.82254237288135,59,0,1891.0,1921.0,1921.0,1891.0,151.57777777777767,201.57777777777767
3,64,1936.0,176.57777777777767,24.37271428571428,70,0,1921.0,1951.0,1951.0,1921.0,151.57777777777767,201.57777777777767
3,65,1966.0,176.57777777777767,22.965119047619044,84,0,1951.0,1981.0,1981.0,1951.0,151.57777777777767,201.57777777777767
3,66,1996.0,176.57777777777767,26.011428571428574,63,0,1981.0,2011.0,2011.0,1981.0,151.57777777777767,201.57777777777767
3,67,2026.0,176.57777777777767,30.421194029850735,67,0,2011.0,2041.0,2041.0,2011.0,151.57777777777767,201.57777777777767
3,68,2056.0,176.57777777777767,29.663625000000003,80,0,2041.0,2071.0,2071.0,2041.0,151.57777777777767,201.57777777777767
3,69,2086.0,176.57777777777767,28.773176470588243,85,0,2071.0,2101.0,2101.0,2071.0,151.57777777777767,201.57777777777767
3,70,2116.0,176.57777777777767,34.484137931034475,58,0,2101.0,2131.0,2131.0,2101.0,151.57777777777767,201.57777777777767
3,71,2146.0,176.57777777777767,34.54592592592592,54,0,2131.0,2161.0,2161.0,2131.0,151.57777777777767,201.57777777777767
3,72,2176.0,176.57777777777767,32.997249999999994,80,0,2161.0,2191.0,2191.0,2161.0,151.57777777777767,201.57777777777767
3,73,2206.0,176.57777777777767,30.815161290322575,62,0,2191.0,2221.0,2221.0,2191.0,151.57777777777767,201.57777777777767
3,74,2236.0,176.57777777777767,25.659863013698615,73,0,2221.0,2251.0,2251.0,2221.0,151.57777777777767,201.57777777777767
3,75,2266.0,176.57777777777767,27.02891304347827,46,0,2251.0,2281.0,2281.0,2251.0,151.57777777777767,201.57777777777767
3,76,2296.0,176.57777777777767,27.529821428571427,56,0,2281.0,2311.0,2311.0,2281.0,151.57777777777767,201.57777777777767
3,77,2326.0,176.57777777777767,26.93453333333333,75,0,2311.0,2341.0,2341.0,2311.0,151.57777777777767,201.57777777777767
3,78,2356.0,176.57777777777767,29.417848101265843,79,0,2341.0,2371.0,2371.0,2341.0,151.57777777777767,201.57777777777767
3,79,2386.0,176.57777777777767,32.52466666666667,60,0,2371.0,2401.0,2401.0,2371.0,151.57777777777767,201.57777777777767
3,80,2416.0,176.57777777777767,31.274799999999992,50,0,2401.0,2431.0,2431.0,2401.0,151.57777777777767,201.57777777777767
3,81,2446.0,176.57777777777767,29.657464788732398,71,0,2431.0,2461.0,2461.0,2431.0,151.57777777777767,201.57777777777767
3,82,2476.0,176.57777777777767,34.33614942528736,58,0,2461.0,2491.0,2491.0,2461.0,151.57777777777767,201.57777777777767
3,83,2506.0,176.57777777777767,41.89333333333334,57,0,2491.0,2521.0,2521.0,2491.0,151.57777777777767,201.57777777777767
3,84,2536.0,176.57777777777767,43.336923076923085,65,0,2521.0,2551.0,2551.0,2521.0,151.57777777777767,201.57777777777767
3,85,2566.0,176.57777777777767,42.7051851851852,54,0,2551.0,2581.0,2581.0,2551.0,151.57777777777767,201.57777777777767
3,86,2596.0,176.57777777777767,42.95224489795919,49,0,2581.0,2611.0,2611.0,2581.0,151.57777777777767,201.57777777777767
3,87,2626.0,176.57777777777767,39.87013513513514,74,0,2611.0,2641.0,2641.0,2611.0,151.57777777777767,201.57777777777767
3,88,2656.0,176.57777777777767,39.976071428571416,56,0,2641.0,2671.0,2671.0,2641.0,151.57777777777767,201.57777777777767
3,89,2686.0,176.57777777777767,26.1524705882353,85,0,2671.0,2701.0,2701.0,2671.0,151.57777777777767,201.57777777777767
3,90,2716.0,176.57777777777767,23.49627659574467,94,0,2701.0,2731.0,2731.0,2701.0,151.57777777777767,201.57777777777767
3,91,2746.0,176.57777777777767,26.847260273972616,73,0,2731.0,2761.0,2761.0,2731.0,151.57777777777767,201.57777777777767
3,92,2776.0,176.57777777777767,36.566363636363626,66,0,2761.0,2791.0,2791.0,2761.0,151.57777777777767,201.57777777777767
3,93,2806.0,176.57777777777767,41.615652173913055,46,0,2791.0,2821.0,2821.0,2791.0,151.57777777777767,201.57777777777767
3,94,2836.0,176.57777777777767,40.8486046511628,43,0,2821.0,2851.0,2851.0,2821.0,151.57777777777767,201.57777777777767
3,95,2866.0,176.57777777777767,40.83106382978723,47,0,2851.0,2881.0,2881.0,2851.0,151.57777777777767,201.57777777777767
3,96,2896.0,176.57777777777767,41.054833333333335,60,0,2881.0,2911.0,2911.0,2881.0,151.57777777777767,201.57777777777767
3,97,2926.0,176.57777777777767,35.309999999999995,56,0,2911.0,2941.0,2941.0,2911.0,151.57777777777767,201.57777777777767
3,98,2956.0,176.57777777777767,29.03423728813558,59,0,2941.0,2971.0,2971.0,2941.0,151.57777777777767,201.57777777777767
3,99,2986.0,176.57777777777767,26.774578313253006,83,0,2971.0,3001.0,3001.0,2971.0,151.57777777777767,201.57777777777767
3,100,3016.0,176.57777777777767,27.36166666666666,72,0,3001.0,3031.0,3031.0,3001.0,151.57777777777767,201.57777777777767
3,101,3046.0,176.57777777777767,27.658974358974366,78,0,3031.0,3061.0,3061.0,3031.0,151.57777777777767,201.57777777777767
3,102,3076.0,176.57777777777767,31.613199999999992,50,0,3061.0,3091.0,3091.0,3061.0,151.57777777777767,201.57777777777767
3,103,3106.0,176.57777777777767,34.51164179104478,67,0,3091.0,3121.0,3121.0,3091.0,151.57777777777767,201.57777777777767
3,104,3136.0,176.57777777777767,35.9912,75,0,3121.0,3151.0,3151.0,3121.0,151.57777777777767,201.57777777777767
3,105,3166.0,176.57777777777767,29.686707317073182,82,0,3151.0,3181.0,3181.0,3151.0,151.57777777777767,201.57777777777767
3,106,3196.0,176.57777777777767,20.986341463414632,82,0,3181.0,3211.0,3211.0,3181.0,151.57777777777767,201.57777777777767
3,107,3226.0,176.57777777777767,33.00948275862069,58,0,3211.0,3241.0,3241.0,3211.0,151.57777777777767,201.57777777777767
3,108,3256.0,176.57777777777767,38.06642857142856,70,0,3241.0,3271.0,3271.0,3241.0,151.57777777777767,201.57777777777767
3,109,3286.0,176.57777777777767,44.06634146341463,41,0,3271.0,3301.0,3301.0,3271.0,151.57777777777767,201.57777777777767
3,110,3316.0,176.57777777777767,39.847636363636376,55,0,3301.0,3331.0,3331.0,3301.0,151.57777777777767,201.57777777777767
3,111,3346.0,176.57777777777767,36.087999999999994,50,0,3331.0,3361.0,3361.0,3331.0,151.57777777777767,201.57777777777767
3,112,3376.0,176.57777777777767,22.67525000000001,80,0,3361.0,3391.0,3391.0,3361.0,151.57777777777767,201.57777777777767
3,113,3406.0,176.57777777777767,26.397499999999994,76,0,3391.0,3421.0,3421.0,3391.0,151.57777777777767,201.57777777777767
3,114,3436.0,176.57777777777767,32.234074074074066,54,0,3421.0,3451.0,3451.0,3421.0,151.57777777777767,201.57777777777767
3,115,3466.0,176.57777777777767,31.821803278688527,61,0,3451.0,3481.0,3481.0,3451.0,151.57777777777767,201.57777777777767
3,116,3496.0,176.57777777777767,30.12423913043479,92,0,3481.0,3511.0,3511.0,3481.0,151.57777777777767,201.57777777777767
3,117,3526.0,176.57777777777767,27.71481481481481,81,0,3511.0,3541.0,3541.0,3511.0,151.57777777777767,201.57777777777767
3,118,3556.0,176.57777777777767,23.132555555555562,90,0,3541.0,3571.0,3571.0,3541.0,151.57777777777767,201.57777777777767
3,119,3586.0,176.57777777777767,25.923037974683552,79,0,3571.0,3601.0,3601.0,3571.0,151.57777777777767,201.57777777777767
3,120,3616.0,176.57777777777767,28.315230769230777,65,0,3601.0,3631.0,3631.0,3601.0,151.57777777777767,201.57777777777767
3,121,3646.0,176.57777777777767,29.258,5,0,3631.0,3661.0,3661.0,3631.0,151.57777777777767,201.57777777777767
3,122,3676.0,176.57777777777767,,0,0,3661.0,3691.0,3691.0,3661.0,151.57777777777767,201.57777777777767
3,123,3706.0,176.57777777777767,,0,0,3691.0,3721.0,3721.0,3691.0,151.57777777777767,201.57777777777767
3,124,3736.0,176.57777777777767,,0,0,3721.0,3751.0,3751.0,3721.0,151.57777777777767,201.57777777777767
3,125,3766.0,176.57777777777767,,0,0,3751.0,3781.0,3781.0,3751.0,151.57777777777767,201.57777777777767
3,126,3796.0,176.57777777777767,,0,0,3781.0,3811.0,3811.0,3781.0,151.57777777777767,201.57777777777767
3,127,3826.0,176.57777777777767,,0,0,3811.0,3841.0,3841.0,3811.0,151.57777777777767,201.57777777777767
3,128,3856.0,176.57777777777767,,0,0,3841.0,3871.0,3871.0,3841.0,151.57777777777767,201.57777777777767
3,129,3886.0,176.57777777777767,,0,0,3871.0,3901.0,3901.0,3871.0,151.57777777777767,201.57777777777767
4,0,16.0,226.57777777777767,61.68518518518518,27,0,1.0,31.0,31.0,1.0,201.57777777777767,251.57777777777767
4,1,46.0,226.57777777777767,73.92444444444445,9,0,31.0,61.0,61.0,31.0,201.57777777777767,251.57777777777767
4,2,76.0,226.57777777777767,69.11000000000001,14,0,61.0,91.0,91.0,61.0,201.57777777777767,251.57777777777767
4,3,106.0,226.57777777777767,68.91722222222221,18,0,91.0,121.0,121.0,91.0,201.57777777777767,251.57777777777767
4,4,136.0,226.57777777777767,63.02911764705882,34,0,121.0,151.0,151.0,121.0,201.57777777777767,251.57777777777767
4,5,166.0,226.57777777777767,65.42551724137931,29,0,151.0,181.0,181.0,151.0,201.57777777777767,251.57777777777767
4,6,196.0,226.57777777777767,63.80857142857142,28,0,181.0,211.0,211.0,181.0,201.57777777777767,251.57777777777767
4,7,226.0,226.57777777777767,70.0570588235294,17,0,211.0,241.0,241.0,211.0,201.57777777777767,251.57777777777767
4,8,256.0,226.57777777777767,71.12833333333333,18,0,241.0,271.0,271.0,241.0,201.57777777777767,251.57777777777767
4,9,286.0,226.57777777777767,76.69899999999998,10,0,271.0,301.0,301.0,271.0,201.57777777777767,251.57777777777767
4,10,316.0,226.57777777777767,70.262,15,0,301.0,331.0,331.0,301.0,201.57777777777767,251.57777777777767
4,11,346.0,226.57777777777767,65.46055555555556,36,0,331.0,361.0,361.0,331.0,201.57777777777767,251.57777777777767
4,12,376.0,226.57777777777767,63.546666666666674,12,0,361.0,391.0,391.0,361.0,201.57777777777767,251.57777777777767
4,13,406.0,226.57777777777767,60.933846153846154,26,0,391.0,421.0,421.0,391.0,201.57777777777767,251.57777777777767
4,14,436.0,226.57777777777767,59.29270270270269,37,0,421.0,451.0,451.0,421.0,201.57777777777767,251.57777777777767
4,15,466.0,226.57777777777767,57.10081081081081,37,0,451.0,481.0,481.0,451.0,201.57777777777767,251.57777777777767
4,16,496.0,226.57777777777767,61.074117647058834,34,0,481.0,511.0,511.0,481.0,201.57777777777767,251.57777777777767
4,17,526.0,226.57777777777767,70.04675,20,0,511.0,541.0,541.0,511.0,201.57777777777767,251.57777777777767
4,18,556.0,226.57777777777767,65.19151515151515,33,0,541.0,571.0,571.0,541.0,201.57777777777767,251.57777777777767
4,19,586.0,226.57777777777767,69.95714285714287,21,0,571.0,601.0,601.0,571.0,201.57777777777767,251.57777777777767
4,20,616.0,226.57777777777767,65.26714285714286,21,0,601.0,631.0,631.0,601.0,201.57777777777767,251.57777777777767
4,21,646.0,226.57777777777767,67.80666666666667,24,0,631.0,661.0,661.0,631.0,201.57777777777767,251.57777777777767
4,22,676.0,226.57777777777767,64.506,20,0,661.0,691.0,691.0,661.0,201.57777777777767,251.57777777777767
4,23,706.0,226.57777777777767,62.62157894736843,38,0,691.0,721.0,721.0,691.0,201.57777777777767,251.57777777777767
4,24,736.0,226.57777777777767,65.1321212121212,33,0,721.0,751.0,751.0,721.0,201.57777777777767,251.57777777777767
4,25,766.0,226.57777777777767,59.46043478260868,23,0,751.0,781.0,781.0,751.0,201.57777777777767,251.57777777777767
4,26,796.0,226.57777777777767,63.666896551724136,29,0,781.0,811.0,811.0,781.0,201.57777777777767,251.57777777777767
4,27,826.0,226.57777777777767,63.60709677419354,31,0,811.0,841.0,841.0,811.0,201.57777777777767,251.57777777777767
4,28,856.0,226.57777777777767,73.51571428571428,7,0,841.0,871.0,871.0,841.0,201.57777777777767,251.57777777777767
4,29,886.0,226.57777777777767,56.82806451612904,31,0,871.0,901.0,901.0,871.0,201.57777777777767,251.57777777777767
4,30,916.0,226.57777777777767,55.154193548387084,31,0,901.0,931.0,931.0,901.0,201.57777777777767,251.57777777777767
4,31,946.0,226.57777777777767,51.861800000000024,50,0,931.0,961.0,961.0,931.0,201.57777777777767,251.57777777777767
4,32,976.0,226.57777777777767,45.92090909090908,55,0,961.0,991.0,991.0,961.0,201.57777777777767,251.57777777777767
4,33,1006.0,226.57777777777767,43.68877551020408,49,0,991.0,1021.0,1021.0,991.0,201.57777777777767,251.57777777777767
4,34,1036.0,226.57777777777767,43.47632653061224,49,0,1021.0,1051.0,1051.0,1021.0,201.57777777777767,251.57777777777767
4,35,1066.0,226.57777777777767,40.841,50,0,1051.0,1081.0,1081.0,1051.0,201.57777777777767,251.57777777777767
4,36,1096.0,226.57777777777767,40.72269230769231,52,0,1081.0,1111.0,1111.0,1081.0,201.57777777777767,251.57777777777767
4,37,1126.0,226.57777777777767,46.743023255813966,43,0,1111.0,1141.0,1141.0,1111.0,201.57777777777767,251.57777777777767
4,38,1156.0,226.57777777777767,53.53739130434783,23,0,1141.0,1171.0,1171.0,1141.0,201.57777777777767,251.57777777777767
4,39,1186.0,226.57777777777767,55.13038461538462,26,0,1171.0,1201.0,1201.0,1171.0,201.57777777777767,251.57777777777767
4,40,1216.0,226.57777777777767,58.58410256410257,39,0,1201.0,1231.0,1231.0,1201.0,201.57777777777767,251.57777777777767
4,41,1246.0,226.57777777777767,56.85094202898549,46,0,1231.0,1261.0,1261.0,1231.0,201.57777777777767,251.57777777777767
4,42,1276.0,226.57777777777767,60.903749999999995,16,0,1261.0,1291.0,1291.0,1261.0,201.57777777777767,251.57777777777767
4,43,1306.0,226.57777777777767,57.78562500000001,32,0,1291.0,1321.0,1321.0,1291.0,201.57777777777767,251.57777777777767
4,44,1336.0,226.57777777777767,65.99461538461539,13,0,1321.0,1351.0,1351.0,1321.0,201.57777777777767,251.57777777777767
4,45,1366.0,226.57777777777767,56.22270270270271,37,0,1351.0,1381.0,1381.0,1351.0,201.57777777777767,251.57777777777767
4,46,1396.0,226.57777777777767,52.108913043478275,46,0,1381.0,1411.0,1411.0,1381.0,201.57777777777767,251.57777777777767
4,47,1426.0,226.57777777777767,60.53153439153439,27,0,1411.0,1441.0,1441.0,1411.0,201.57777777777767,251.57777777777767
4,48,1456.0,226.57777777777767,62.889714285714284,35,0,1441.0,1471.0,1471.0,1441.0,201.57777777777767,251.57777777777767
4,49,1486.0,226.57777777777767,60.75749999999999,28,0,1471.0,1501.0,1501.0,1471.0,201.57777777777767,251.57777777777767
4,50,1516.0,226.57777777777767,53.400476190476205,42,0,1501.0,1531.0,1531.0,1501.0,201.57777777777767,251.57777777777767
4,51,1546.0,226.57777777777767,50.47529914529915,39,0,1531.0,1561.0,1561.0,1531.0,201.57777777777767,251.57777777777767
4,52,1576.0,226.57777777777767,29.73729411764705,85,0,1561.0,1591.0,1591.0,1561.0,201.57777777777767,251.57777777777767
4,53,1606.0,226.57777777777767,25.37090909090908,66,0,1591.0,1621.0,1621.0,1591.0,201.57777777777767,251.57777777777767
4,54,1636.0,226.57777777777767,35.20941176470588,51,0,1621.0,1651.0,1651.0,1621.0,201.57777777777767,251.57777777777767
4,55,1666.0,226.57777777777767,34.994107142857146,56,0,1651.0,1681.0,1681.0,1651.0,201.57777777777767,251.57777777777767
4,56,1696.0,226.57777777777767,37.1695652173913,46,0,1681.0,1711.0,1711.0,1681.0,201.57777777777767,251.57777777777767
4,57,1726.0,226.57777777777767,36.66465517241379,58,0,1711.0,1741.0,1741.0,1711.0,201.57777777777767,251.57777777777767
4,58,1756.0,226.57777777777767,37.44160714285715,56,0,1741.0,1771.0,1771.0,1741.0,201.57777777777767,251.57777777777767
4,59,1786.0,226.57777777777767,36.371904761904766,42,0,1771.0,1801.0,1801.0,1771.0,201.57777777777767,251.57777777777767
4,60,1816.0,226.57777777777767,32.79574074074074,54,0,1801.0,1831.0,1831.0,1801.0,201.57777777777767,251.57777777777767
4,61,1846.0,226.57777777777767,34.466440677966105,59,0,1831.0,1861.0,1861.0,1831.0,201.57777777777767,251.57777777777767
4,62,1876.0,226.57777777777767,37.583035714285714,56,0,1861.0,1891.0,1891.0,1861.0,201.57777777777767,251.57777777777767
4,63,1906.0,226.57777777777767,29.402000000000008,60,0,1891.0,1921.0,1921.0,1891.0,201.57777777777767,251.57777777777767
4,64,1936.0,226.57777777777767,22.8852380952381,63,0,1921.0,1951.0,1951.0,1921.0,201.57777777777767,251.57777777777767
4,65,1966.0,226.57777777777767,21.289230769230773,78,0,1951.0,1981.0,1981.0,1951.0,201.57777777777767,251.57777777777767
4,66,1996.0,226.57777777777767,27.54571428571429,56,0,1981.0,2011.0,2011.0,1981.0,201.57777777777767,251.57777777777767
4,67,2026.0,226.57777777777767,32.73400000000001,55,0,2011.0,2041.0,2041.0,2011.0,201.57777777777767,251.57777777777767
4,68,2056.0,226.57777777777767,29.792941176470585,68,0,2041.0,2071.0,2071.0,2041.0,201.57777777777767,251.57777777777767
4,69,2086.0,226.57777777777767,30.782125603864742,69,0,2071.0,2101.0,2101.0,2071.0,201.57777777777767,251.57777777777767
4,70,2116.0,226.57777777777767,36.93961538461538,52,0,2101.0,2131.0,2131.0,2101.0,201.57777777777767,251.57777777777767
4,71,2146.0,226.57777777777767,37.71122448979591,49,0,2131.0,2161.0,2161.0,2131.0,201.57777777777767,251.57777777777767
4,72,2176.0,226.57777777777767,34.56050847457627,59,0,2161.0,2191.0,2191.0,2161.0,201.57777777777767,251.57777777777767
4,73,2206.0,226.57777777777767,27.891111111111123,63,0,2191.0,2221.0,2221.0,2191.0,201.57777777777767,251.57777777777767
4,74,2236.0,226.57777777777767,23.2825641025641,78,0,2221.0,2251.0,2251.0,2221.0,201.57777777777767,251.57777777777767
4,75,2266.0,226.57777777777767,26.729807692307684,52,0,2251.0,2281.0,2281.0,2251.0,201.57777777777767,251.57777777777767
4,76,2296.0,226.57777777777767,28.209583333333327,48,0,2281.0,2311.0,2311.0,2281.0,201.57777777777767,251.57777777777767
4,77,2326.0,226.57777777777767,24.93835820895523,67,0,2311.0,2341.0,2341.0,2311.0,201.57777777777767,251.57777777777767
4,78,2356.0,226.57777777777767,31.975781249999994,64,0,2341.0,2371.0,2371.0,2341.0,201.57777777777767,251.57777777777767
4,79,2386.0,226.57777777777767,35.3625,52,0,2371.0,2401.0,2401.0,2371.0,201.57777777777767,251.57777777777767
4,80,2416.0,226.57777777777767,35.43837209302326,43,0,2401.0,2431.0,2431.0,2401.0,201.57777777777767,251.57777777777767
4,81,2446.0,226.57777777777767,33.453137254901954,51,0,2431.0,2461.0,2461.0,2431.0,201.57777777777767,251.57777777777767
4,82,2476.0,226.57777777777767,32.92589285714286,56,0,2461.0,2491.0,2491.0,2461.0,201.57777777777767,251.57777777777767
4,83,2506.0,226.57777777777767,42.89074074074074,54,0,2491.0,2521.0,2521.0,2491.0,201.57777777777767,251.57777777777767
4,84,2536.0,226.57777777777767,44.73437641723356,63,0,2521.0,2551.0,2551.0,2521.0,201.57777777777767,251.57777777777767
4,85,2566.0,226.57777777777767,43.67191489361702,47,0,2551.0,2581.0,2581.0,2551.0,201.57777777777767,251.57777777777767
4,86,2596.0,226.57777777777767,41.35259259259259,45,0,2581.0,2611.0,2611.0,2581.0,201.57777777777767,251.57777777777767
4,87,2626.0,226.57777777777767,39.912424242424244,66,0,2611.0,2641.0,2641.0,2611.0,201.57777777777767,251.57777777777767
4,88,2656.0,226.57777777777767,41.34877551020408,49,0,2641.0,2671.0,2671.0,2641.0,201.57777777777767,251.57777777777767
4,89,2686.0,226.57777777777767,25.80080645161291,62,0,2671.0,2701.0,2701.0,2671.0,201.57777777777767,251.57777777777767
4,90,2716.0,226.57777777777767,22.80084337349398,83,0,2701.0,2731.0,2731.0,2701.0,201.57777777777767,251.57777777777767
4,91,2746.0,226.57777777777767,28.761884057971017,69,0,2731.0,2761.0,2761.0,2731.0,201.57777777777767,251.57777777777767
4,92,2776.0,226.57777777777767,36.55671874999999,64,0,2761.0,2791.0,2791.0,2761.0,201.57777777777767,251.57777777777767
4,93,2806.0,226.57777777777767,42.80217391304348,46,0,2791.0,2821.0,2821.0,2791.0,201.57777777777767,251.57777777777767
4,94,2836.0,226.57777777777767,42.293947368421044,38,0,2821.0,2851.0,2851.0,2821.0,201.57777777777767,251.57777777777767
4,95,2866.0,226.57777777777767,40.02434782608695,46,0,2851.0,2881.0,2881.0,2851.0,201.57777777777767,251.57777777777767
4,96,2896.0,226.57777777777767,37.68464285714286,56,0,2881.0,2911.0,2911.0,2881.0,201.57777777777767,251.57777777777767
4,97,2926.0,226.57777777777767,32.9642372881356,59,0,2911.0,2941.0,2941.0,2911.0,201.57777777777767,251.57777777777767
4,98,2956.0,226.57777777777767,29.918771929824555,57,0,2941.0,2971.0,2971.0,2941.0,201.57777777777767,251.57777777777767
4,99,2986.0,226.57777777777767,25.20000000000001,77,0,2971.0,3001.0,3001.0,2971.0,201.57777777777767,251.57777777777767
4,100,3016.0,226.57777777777767,29.477230769230776,65,0,3001.0,3031.0,3031.0,3001.0,201.57777777777767,251.57777777777767
4,101,3046.0,226.57777777777767,30.178305084745755,59,0,3031.0,3061.0,3061.0,3031.0,201.57777777777767,251.57777777777767
4,102,3076.0,226.57777777777767,34.12106280193236,46,0,3061.0,3091.0,3091.0,3061.0,201.57777777777767,251.57777777777767
4,103,3106.0,226.57777777777767,33.04349206349205,63,0,3091.0,3121.0,3121.0,3091.0,201.57777777777767,251.57777777777767
4,104,3136.0,226.57777777777767,35.00253968253966,63,0,3121.0,3151.0,3151.0,3121.0,201.57777777777767,251.57777777777767
4,105,3166.0,226.57777777777767,24.16423913043479,92,0,3151.0,3181.0,3181.0,3151.0,201.57777777777767,251.57777777777767
4,106,3196.0,226.57777777777767,20.049382716049383,81,0,3181.0,3211.0,3211.0,3181.0,201.57777777777767,251.57777777777767
4,107,3226.0,226.57777777777767,35.17603773584905,53,0,3211.0,3241.0,3241.0,3211.0,201.57777777777767,251.57777777777767
4,108,3256.0,226.57777777777767,38.97142857142857,63,0,3241.0,3271.0,3271.0,3241.0,201.57777777777767,251.57777777777767
4,109,3286.0,226.57777777777767,41.2452,50,0,3271.0,3301.0,3301.0,3271.0,201.57777777777767,251.57777777777767
4,110,3316.0,226.57777777777767,39.537826086956514,46,0,3301.0,3331.0,3331.0,3301.0,201.57777777777767,251.57777777777767
4,111,3346.0,226.57777777777767,35.0958,50,0,3331.0,3361.0,3361.0,3331.0,201.57777777777767,251.57777777777767
4,112,3376.0,226.57777777777767,26.994545454545452,55,0,3361.0,3391.0,3391.0,3361.0,201.57777777777767,251.57777777777767
4,113,3406.0,226.57777777777767,28.830704225352115,71,0,3391.0,3421.0,3421.0,3391.0,201.57777777777767,251.57777777777767
4,114,3436.0,226.57777777777767,33.05607142857141,56,0,3421.0,3451.0,3451.0,3421.0,201.57777777777767,251.57777777777767
4,115,3466.0,226.57777777777767,35.86581395348838,43,0,3451.0,3481.0,3481.0,3451.0,201.57777777777767,251.57777777777767
4,116,3496.0,226.57777777777767,28.22522222222223,90,0,3481.0,3511.0,3511.0,3481.0,201.57777777777767,251.57777777777767
4,117,3526.0,226.57777777777767,26.476666666666667,81,0,3511.0,3541.0,3541.0,3511.0,201.57777777777767,251.57777777777767
4,118,3556.0,226.57777777777767,22.48704225352112,71,0,3541.0,3571.0,3571.0,3541.0,201.57777777777767,251.57777777777767
4,119,3586.0,226.57777777777767,29.1521052631579,76,0,3571.0,3601.0,3601.0,3571.0,201.57777777777767,251.57777777777767
4,120,3616.0,226.57777777777767,31.570000000000004,44,0,3601.0,3631.0,3631.0,3601.0,201.57777777777767,251.57777777777767
4,121,3646.0,226.57777777777767,29.881875,16,0,3631.0,3661.0,3661.0,3631.0,201.57777777777767,251.57777777777767
4,122,3676.0,226.57777777777767,,0,0,3661.0,3691.0,3691.0,3661.0,201.57777777777767,251.57777777777767
4,123,3706.0,226.57777777777767,,0,0,3691.0,3721.0,3721.0,3691.0,201.57777777777767,251.57777777777767
4,124,3736.0,226.57777777777767,,0,0,3721.0,3751.0,3751.0,3721.0,201.57777777777767,251.57777777777767
4,125,3766.0,226.57777777777767,,0,0,3751.0,3781.0,3781.0,3751.0,201.57777777777767,251.57777777777767
4,126,3796.0,226.57777777777767,,0,0,3781.0,3811.0,3811.0,3781.0,201.57777777777767,251.57777777777767
4,127,3826.0,226.57777777777767,,0,0,3811.0,3841.0,3841.0,3811.0,201.57777777777767,251.57777777777767
4,128,3856.0,226.57777777777767,,0,0,3841.0,3871.0,3871.0,3841.0,201.57777777777767,251.57777777777767
4,129,3886.0,226.57777777777767,,0,0,3871.0,3901.0,3901.0,3871.0,201.57777777777767,251.57777777777767
5,0,16.0,276.57777777777767,61.31433333333333,30,0,1.0,31.0,31.0,1.0,251.57777777777767,301.57777777777767
5,1,46.0,276.57777777777767,74.91857142857143,7,0,31.0,61.0,61.0,31.0,251.57777777777767,301.57777777777767
5,2,76.0,276.57777777777767,70.48421052631579,19,0,61.0,91.0,91.0,61.0,251.57777777777767,301.57777777777767
5,3,106.0,276.57777777777767,72.0525,20,0,91.0,121.0,121.0,91.0,251.57777777777767,301.57777777777767
5,4,136.0,276.57777777777767,61.24675,40,0,121.0,151.0,151.0,121.0,251.57777777777767,301.57777777777767
5,5,166.0,276.57777777777767,65.42999999999999,24,0,151.0,181.0,181.0,151.0,251.57777777777767,301.57777777777767
5,6,196.0,276.57777777777767,61.893125,32,0,181.0,211.0,211.0,181.0,251.57777777777767,301.57777777777767
5,7,226.0,276.57777777777767,71.91550000000002,20,0,211.0,241.0,241.0,211.0,251.57777777777767,301.57777777777767
5,8,256.0,276.57777777777767,72.11400000000002,15,0,241.0,271.0,271.0,241.0,251.57777777777767,301.57777777777767
5,9,286.0,276.57777777777767,77.41818181818182,11,0,271.0,301.0,301.0,271.0,251.57777777777767,301.57777777777767
5,10,316.0,276.57777777777767,72.56632653061224,14,0,301.0,331.0,331.0,301.0,251.57777777777767,301.57777777777767
5,11,346.0,276.57777777777767,65.45714285714286,35,0,331.0,361.0,361.0,331.0,251.57777777777767,301.57777777777767
5,12,376.0,276.57777777777767,70.7565934065934,13,0,361.0,391.0,391.0,361.0,251.57777777777767,301.57777777777767
5,13,406.0,276.57777777777767,60.750666666666675,30,0,391.0,421.0,421.0,391.0,251.57777777777767,301.57777777777767
5,14,436.0,276.57777777777767,59.194,30,0,421.0,451.0,451.0,421.0,251.57777777777767,301.57777777777767
5,15,466.0,276.57777777777767,56.85318181818184,44,0,451.0,481.0,481.0,451.0,251.57777777777767,301.57777777777767
5,16,496.0,276.57777777777767,59.48162162162163,37,0,481.0,511.0,511.0,481.0,251.57777777777767,301.57777777777767
5,17,526.0,276.57777777777767,71.29277777777777,18,0,511.0,541.0,541.0,511.0,251.57777777777767,301.57777777777767
5,18,556.0,276.57777777777767,64.15777777777777,27,0,541.0,571.0,571.0,541.0,251.57777777777767,301.57777777777767
5,19,586.0,276.57777777777767,70.13,19,0,571.0,601.0,601.0,571.0,251.57777777777767,301.57777777777767
5,20,616.0,276.57777777777767,66.54349999999998,20,0,601.0,631.0,631.0,601.0,251.57777777777767,301.57777777777767
5,21,646.0,276.57777777777767,66.88360000000003,25,0,631.0,661.0,661.0,631.0,251.57777777777767,301.57777777777767
5,22,676.0,276.57777777777767,65.65,18,0,661.0,691.0,691.0,661.0,251.57777777777767,301.57777777777767
5,23,706.0,276.57777777777767,62.88689458689458,39,0,691.0,721.0,721.0,691.0,251.57777777777767,301.57777777777767
5,24,736.0,276.57777777777767,64.18516129032258,31,0,721.0,751.0,751.0,721.0,251.57777777777767,301.57777777777767
5,25,766.0,276.57777777777767,60.92173913043479,23,0,751.0,781.0,781.0,751.0,251.57777777777767,301.57777777777767
5,26,796.0,276.57777777777767,64.06239795918368,28,0,781.0,811.0,811.0,781.0,251.57777777777767,301.57777777777767
5,27,826.0,276.57777777777767,62.72607142857141,28,0,811.0,841.0,841.0,811.0,251.57777777777767,301.57777777777767
5,28,856.0,276.57777777777767,72.872,5,0,841.0,871.0,871.0,841.0,251.57777777777767,301.57777777777767
5,29,886.0,276.57777777777767,60.60269230769231,26,0,871.0,901.0,901.0,871.0,251.57777777777767,301.57777777777767
5,30,916.0,276.57777777777767,53.75818181818181,33,0,901.0,931.0,931.0,901.0,251.57777777777767,301.57777777777767
5,31,946.0,276.57777777777767,53.85934782608696,46,0,931.0,961.0,961.0,931.0,251.57777777777767,301.57777777777767
5,32,976.0,276.57777777777767,48.17543478260869,46,0,961.0,991.0,991.0,961.0,251.57777777777767,301.57777777777767
5,33,1006.0,276.57777777777767,46.950888888888876,45,0,991.0,1021.0,1021.0,991.0,251.57777777777767,301.57777777777767
5,34,1036.0,276.57777777777767,46.22867924528302,53,0,1021.0,1051.0,1051.0,1021.0,251.57777777777767,301.57777777777767
5,35,1066.0,276.57777777777767,46.332820512820504,39,0,1051.0,1081.0,1081.0,1051.0,251.57777777777767,301.57777777777767
5,36,1096.0,276.57777777777767,44.41826086956523,46,0,1081.0,1111.0,1111.0,1081.0,251.57777777777767,301.57777777777767
5,37,1126.0,276.57777777777767,47.83521739130435,46,0,1111.0,1141.0,1141.0,1111.0,251.57777777777767,301.57777777777767
5,38,1156.0,276.57777777777767,57.54555555555555,18,0,1141.0,1171.0,1171.0,1141.0,251.57777777777767,301.57777777777767
5,39,1186.0,276.57777777777767,53.67966666666667,30,0,1171.0,1201.0,1201.0,1171.0,251.57777777777767,301.57777777777767
5,40,1216.0,276.57777777777767,59.17266666666665,30,0,1201.0,1231.0,1231.0,1201.0,251.57777777777767,301.57777777777767
5,41,1246.0,276.57777777777767,58.239250000000006,40,0,1231.0,1261.0,1261.0,1231.0,251.57777777777767,301.57777777777767
5,42,1276.0,276.57777777777767,61.193999999999996,20,0,1261.0,1291.0,1291.0,1261.0,251.57777777777767,301.57777777777767
5,43,1306.0,276.57777777777767,57.626666666666665,30,0,1291.0,1321.0,1321.0,1291.0,251.57777777777767,301.57777777777767
5,44,1336.0,276.57777777777767,66.27499999999999,12,0,1321.0,1351.0,1351.0,1321.0,251.57777777777767,301.57777777777767
5,45,1366.0,276.57777777777767,57.41586206896551,29,0,1351.0,1381.0,1381.0,1351.0,251.57777777777767,301.57777777777767
5,46,1396.0,276.57777777777767,55.81363636363637,44,0,1381.0,1411.0,1411.0,1381.0,251.57777777777767,301.57777777777767
5,47,1426.0,276.57777777777767,58.37357142857143,28,0,1411.0,1441.0,1441.0,1411.0,251.57777777777767,301.57777777777767
5,48,1456.0,276.57777777777767,63.4376923076923,26,0,1441.0,1471.0,1471.0,1441.0,251.57777777777767,301.57777777777767
5,49,1486.0,276.57777777777767,60.91518518518519,27,0,1471.0,1501.0,1501.0,1471.0,251.57777777777767,301.57777777777767
5,50,1516.0,276.57777777777767,53.861891891891894,37,0,1501.0,1531.0,1531.0,1501.0,251.57777777777767,301.57777777777767
5,51,1546.0,276.57777777777767,49.61921052631579,38,0,1531.0,1561.0,1561.0,1531.0,251.57777777777767,301.57777777777767
5,52,1576.0,276.57777777777767,30.665714285714298,63,0,1561.0,1591.0,1591.0,1561.0,251.57777777777767,301.57777777777767
5,53,1606.0,276.57777777777767,30.742909090909084,55,0,1591.0,1621.0,1621.0,1591.0,251.57777777777767,301.57777777777767
5,54,1636.0,276.57777777777767,38.35630434782609,46,0,1621.0,1651.0,1651.0,1621.0,251.57777777777767,301.57777777777767
5,55,1666.0,276.57777777777767,39.71770833333334,48,0,1651.0,1681.0,1681.0,1651.0,251.57777777777767,301.57777777777767
5,56,1696.0,276.57777777777767,42.21000000000001,42,0,1681.0,1711.0,1711.0,1681.0,251.57777777777767,301.57777777777767
5,57,1726.0,276.57777777777767,40.418928571428566,56,0,1711.0,1741.0,1741.0,1711.0,251.57777777777767,301.57777777777767
5,58,1756.0,276.57777777777767,38.551568627450976,51,0,1741.0,1771.0,1771.0,1741.0,251.57777777777767,301.57777777777767
5,59,1786.0,276.57777777777767,35.521627906976754,43,0,1771.0,1801.0,1801.0,1771.0,251.57777777777767,301.57777777777767
5,60,1816.0,276.57777777777767,33.34586956521739,46,0,1801.0,1831.0,1831.0,1801.0,251.57777777777767,301.57777777777767
5,61,1846.0,276.57777777777767,35.8611320754717,53,0,1831.0,1861.0,1861.0,1831.0,251.57777777777767,301.57777777777767
5,62,1876.0,276.57777777777767,36.30694915254238,59,0,1861.0,1891.0,1891.0,1861.0,251.57777777777767,301.57777777777767
5,63,1906.0,276.57777777777767,30.630980392156854,51,0,1891.0,1921.0,1921.0,1891.0,251.57777777777767,301.57777777777767
5,64,1936.0,276.57777777777767,24.772857142857138,56,0,1921.0,1951.0,1951.0,1921.0,251.57777777777767,301.57777777777767
5,65,1966.0,276.57777777777767,26.914999999999996,64,0,1951.0,1981.0,1981.0,1951.0,251.57777777777767,301.57777777777767
5,66,1996.0,276.57777777777767,31.71152173913043,46,0,1981.0,2011.0,2011.0,1981.0,251.57777777777767,301.57777777777767
5,67,2026.0,276.57777777777767,36.8586956521739,46,0,2011.0,2041.0,2041.0,2011.0,251.57777777777767,301.57777777777767
5,68,2056.0,276.57777777777767,36.053928571428564,56,0,2041.0,2071.0,2071.0,2041.0,251.57777777777767,301.57777777777767
5,69,2086.0,276.57777777777767,36.00134615384615,52,0,2071.0,2101.0,2101.0,2071.0,251.57777777777767,301.57777777777767
5,70,2116.0,276.57777777777767,40.759365079365075,45,0,2101.0,2131.0,2131.0,2101.0,251.57777777777767,301.57777777777767
5,71,2146.0,276.57777777777767,38.720625000000005,48,0,2131.0,2161.0,2161.0,2131.0,251.57777777777767,301.57777777777767
5,72,2176.0,276.57777777777767,38.29705882352941,51,0,2161.0,2191.0,2191.0,2161.0,251.57777777777767,301.57777777777767
5,73,2206.0,276.57777777777767,31.057254901960782,51,0,2191.0,2221.0,2221.0,2191.0,251.57777777777767,301.57777777777767
5,74,2236.0,276.57777777777767,27.438615384615396,65,0,2221.0,2251.0,2251.0,2221.0,251.57777777777767,301.57777777777767
5,75,2266.0,276.57777777777767,28.304814814814815,54,0,2251.0,2281.0,2281.0,2251.0,251.57777777777767,301.57777777777767
5,76,2296.0,276.57777777777767,29.226829268292693,41,0,2281.0,2311.0,2311.0,2281.0,251.57777777777767,301.57777777777767
5,77,2326.0,276.57777777777767,31.85127659574469,47,0,2311.0,2341.0,2341.0,2311.0,251.57777777777767,301.57777777777767
5,78,2356.0,276.57777777777767,36.682653061224485,49,0,2341.0,2371.0,2371.0,2341.0,251.57777777777767,301.57777777777767
5,79,2386.0,276.57777777777767,38.25083333333334,48,0,2371.0,2401.0,2401.0,2371.0,251.57777777777767,301.57777777777767
5,80,2416.0,276.57777777777767,39.84888888888889,36,0,2401.0,2431.0,2431.0,2401.0,251.57777777777767,301.57777777777767
5,81,2446.0,276.57777777777767,37.31179487179489,39,0,2431.0,2461.0,2461.0,2431.0,251.57777777777767,301.57777777777767
5,82,2476.0,276.57777777777767,34.56943396226416,53,0,2461.0,2491.0,2491.0,2461.0,251.57777777777767,301.57777777777767
5,83,2506.0,276.57777777777767,42.531200000000005,50,0,2491.0,2521.0,2521.0,2491.0,251.57777777777767,301.57777777777767
5,84,2536.0,276.57777777777767,47.6286,50,0,2521.0,2551.0,2551.0,2521.0,251.57777777777767,301.57777777777767
5,85,2566.0,276.57777777777767,45.14361702127662,47,0,2551.0,2581.0,2581.0,2551.0,251.57777777777767,301.57777777777767
5,86,2596.0,276.57777777777767,42.72952380952381,42,0,2581.0,2611.0,2611.0,2581.0,251.57777777777767,301.57777777777767
5,87,2626.0,276.57777777777767,40.7749090909091,55,0,2611.0,2641.0,2641.0,2611.0,251.57777777777767,301.57777777777767
5,88,2656.0,276.57777777777767,43.053555555555555,45,0,2641.0,2671.0,2671.0,2641.0,251.57777777777767,301.57777777777767
5,89,2686.0,276.57777777777767,32.561000000000014,40,0,2671.0,2701.0,2701.0,2671.0,251.57777777777767,301.57777777777767
5,90,2716.0,276.57777777777767,28.693116883116883,77,0,2701.0,2731.0,2731.0,2701.0,251.57777777777767,301.57777777777767
5,91,2746.0,276.57777777777767,32.457142857142856,63,0,2731.0,2761.0,2761.0,2731.0,251.57777777777767,301.57777777777767
5,92,2776.0,276.57777777777767,38.884237288135594,59,0,2761.0,2791.0,2791.0,2761.0,251.57777777777767,301.57777777777767
5,93,2806.0,276.57777777777767,42.11127659574468,47,0,2791.0,2821.0,2821.0,2791.0,251.57777777777767,301.57777777777767
5,94,2836.0,276.57777777777767,41.74634146341464,41,0,2821.0,2851.0,2851.0,2821.0,251.57777777777767,301.57777777777767
5,95,2866.0,276.57777777777767,38.30125,48,0,2851.0,2881.0,2881.0,2851.0,251.57777777777767,301.57777777777767
5,96,2896.0,276.57777777777767,36.05203703703704,54,0,2881.0,2911.0,2911.0,2881.0,251.57777777777767,301.57777777777767
5,97,2926.0,276.57777777777767,35.85377358490567,53,0,2911.0,2941.0,2941.0,2911.0,251.57777777777767,301.57777777777767
5,98,2956.0,276.57777777777767,31.100769230769238,52,0,2941.0,2971.0,2971.0,2941.0,251.57777777777767,301.57777777777767
5,99,2986.0,276.57777777777767,31.152835820895532,67,0,2971.0,3001.0,3001.0,2971.0,251.57777777777767,301.57777777777767
5,100,3016.0,276.57777777777767,34.55407407407409,54,0,3001.0,3031.0,3031.0,3001.0,251.57777777777767,301.57777777777767
5,101,3046.0,276.57777777777767,35.6788,50,0,3031.0,3061.0,3061.0,3031.0,251.57777777777767,301.57777777777767
5,102,3076.0,276.57777777777767,34.43476190476191,42,0,3061.0,3091.0,3091.0,3061.0,251.57777777777767,301.57777777777767
5,103,3106.0,276.57777777777767,34.39754716981132,53,0,3091.0,3121.0,3121.0,3091.0,251.57777777777767,301.57777777777767
5,104,3136.0,276.57777777777767,35.04693548387096,62,0,3121.0,3151.0,3151.0,3121.0,251.57777777777767,301.57777777777767
5,105,3166.0,276.57777777777767,25.729871794871798,78,0,3151.0,3181.0,3181.0,3151.0,251.57777777777767,301.57777777777767
5,106,3196.0,276.57777777777767,27.27678571428571,56,0,3181.0,3211.0,3211.0,3181.0,251.57777777777767,301.57777777777767
5,107,3226.0,276.57777777777767,36.859642857142866,56,0,3211.0,3241.0,3241.0,3211.0,251.57777777777767,301.57777777777767
5,108,3256.0,276.57777777777767,40.932941176470585,51,0,3241.0,3271.0,3271.0,3241.0,251.57777777777767,301.57777777777767
5,109,3286.0,276.57777777777767,37.83673076923076,52,0,3271.0,3301.0,3301.0,3271.0,251.57777777777767,301.57777777777767
5,110,3316.0,276.57777777777767,38.548205128205126,39,0,3301.0,3331.0,3331.0,3301.0,251.57777777777767,301.57777777777767
5,111,3346.0,276.57777777777767,35.88037735849057,53,0,3331.0,3361.0,3361.0,3331.0,251.57777777777767,301.57777777777767
5,112,3376.0,276.57777777777767,27.350169491525428,59,0,3361.0,3391.0,3391.0,3361.0,251.57777777777767,301.57777777777767
5,113,3406.0,276.57777777777767,30.15088235294118,68,0,3391.0,3421.0,3421.0,3391.0,251.57777777777767,301.57777777777767
5,114,3436.0,276.57777777777767,33.71387755102041,49,0,3421.0,3451.0,3451.0,3421.0,251.57777777777767,301.57777777777767
5,115,3466.0,276.57777777777767,35.40540000000001,50,0,3451.0,3481.0,3481.0,3451.0,251.57777777777767,301.57777777777767
5,116,3496.0,276.57777777777767,30.16554054054054,74,0,3481.0,3511.0,3511.0,3481.0,251.57777777777767,301.57777777777767
5,117,3526.0,276.57777777777767,27.161097560975616,82,0,3511.0,3541.0,3541.0,3511.0,251.57777777777767,301.57777777777767
5,118,3556.0,276.57777777777767,26.517666666666674,60,0,3541.0,3571.0,3571.0,3541.0,251.57777777777767,301.57777777777767
5,119,3586.0,276.57777777777767,32.043802816901405,71,0,3571.0,3601.0,3601.0,3571.0,251.57777777777767,301.57777777777767
5,120,3616.0,276.57777777777767,36.619787234042555,47,0,3601.0,3631.0,3631.0,3601.0,251.57777777777767,301.57777777777767
5,121,3646.0,276.57777777777767,37.74016666666667,20,0,3631.0,3661.0,3661.0,3631.0,251.57777777777767,301.57777777777767
5,122,3676.0,276.57777777777767,,0,0,3661.0,3691.0,3691.0,3661.0,251.57777777777767,301.57777777777767
5,123,3706.0,276.57777777777767,,0,0,3691.0,3721.0,3721.0,3691.0,251.57777777777767,301.57777777777767
5,124,3736.0,276.57777777777767,,0,0,3721.0,3751.0,3751.0,3721.0,251.57777777777767,301.57777777777767
5,125,3766.0,276.57777777777767,,0,0,3751.0,3781.0,3781.0,3751.0,251.57777777777767,301.57777777777767
5,126,3796.0,276.57777777777767,,0,0,3781.0,3811.0,3811.0,3781.0,251.57777777777767,301.57777777777767
5,127,3826.0,276.57777777777767,,0,0,3811.0,3841.0,3841.0,3811.0,251.57777777777767,301.57777777777767
5,128,3856.0,276.57777777777767,,0,0,3841.0,3871.0,3871.0,3841.0,251.57777777777767,301.57777777777767
5,129,3886.0,276.57777777777767,,0,0,3871.0,3901.0,3901.0,3871.0,251.57777777777767,301.57777777777767
6,0,16.0,326.57777777777767,60.36418918918919,37,0,1.0,31.0,31.0,1.0,301.57777777777767,351.57777777777767
6,1,46.0,326.57777777777767,75.23125,8,0,31.0,61.0,61.0,31.0,301.57777777777767,351.57777777777767
6,2,76.0,326.57777777777767,70.84857142857143,14,0,61.0,91.0,91.0,61.0,301.57777777777767,351.57777777777767
6,3,106.0,326.57777777777767,75.16176470588235,17,0,91.0,121.0,121.0,91.0,301.57777777777767,351.57777777777767
6,4,136.0,326.57777777777767,60.227894736842124,38,0,121.0,151.0,151.0,121.0,301.57777777777767,351.57777777777767
6,5,166.0,326.57777777777767,66.67000000000002,26,0,151.0,181.0,181.0,151.0,301.57777777777767,351.57777777777767
6,6,196.0,326.57777777777767,61.14117647058821,34,0,181.0,211.0,211.0,181.0,301.57777777777767,351.57777777777767
6,7,226.0,326.57777777777767,76.37117647058824,17,0,211.0,241.0,241.0,211.0,301.57777777777767,351.57777777777767
6,8,256.0,326.57777777777767,69.78550000000001,20,0,241.0,271.0,271.0,241.0,301.57777777777767,351.57777777777767
6,9,286.0,326.57777777777767,77.52111111111111,9,0,271.0,301.0,301.0,271.0,301.57777777777767,351.57777777777767
6,10,316.0,326.57777777777767,73.35428571428572,14,0,301.0,331.0,331.0,301.0,301.57777777777767,351.57777777777767
6,11,346.0,326.57777777777767,65.05218750000002,32,0,331.0,361.0,361.0,331.0,301.57777777777767,351.57777777777767
6,12,376.0,326.57777777777767,74.45142857142856,14,0,361.0,391.0,391.0,361.0,301.57777777777767,351.57777777777767
6,13,406.0,326.57777777777767,60.614444444444445,27,0,391.0,421.0,421.0,391.0,301.57777777777767,351.57777777777767
6,14,436.0,326.57777777777767,59.33843750000001,32,0,421.0,451.0,451.0,421.0,301.57777777777767,351.57777777777767
6,15,466.0,326.57777777777767,57.594594594594604,37,0,451.0,481.0,481.0,451.0,301.57777777777767,351.57777777777767
6,16,496.0,326.57777777777767,57.92675675675677,37,0,481.0,511.0,511.0,481.0,301.57777777777767,351.57777777777767
6,17,526.0,326.57777777777767,69.94761904761906,21,0,511.0,541.0,541.0,511.0,301.57777777777767,351.57777777777767
6,18,556.0,326.57777777777767,65.8275,28,0,541.0,571.0,571.0,541.0,301.57777777777767,351.57777777777767
6,19,586.0,326.57777777777767,68.83500000000001,22,0,571.0,601.0,601.0,571.0,301.57777777777767,351.57777777777767
6,20,616.0,326.57777777777767,67.7961111111111,18,0,601.0,631.0,631.0,601.0,301.57777777777767,351.57777777777767
6,21,646.0,326.57777777777767,64.9764,25,0,631.0,661.0,661.0,631.0,301.57777777777767,351.57777777777767
6,22,676.0,326.57777777777767,69.995,16,0,661.0,691.0,691.0,661.0,301.57777777777767,351.57777777777767
6,23,706.0,326.57777777777767,62.16615384615385,39,0,691.0,721.0,721.0,691.0,301.57777777777767,351.57777777777767
6,24,736.0,326.57777777777767,62.9841935483871,31,0,721.0,751.0,751.0,721.0,301.57777777777767,351.57777777777767
6,25,766.0,326.57777777777767,62.51541666666665,24,0,751.0,781.0,781.0,751.0,301.57777777777767,351.57777777777767
6,26,796.0,326.57777777777767,63.59096774193547,31,0,781.0,811.0,811.0,781.0,301.57777777777767,351.57777777777767
6,27,826.0,326.57777777777767,62.087575757575756,33,0,811.0,841.0,841.0,811.0,301.57777777777767,351.57777777777767
6,28,856.0,326.57777777777767,71.20875000000001,8,0,841.0,871.0,871.0,841.0,301.57777777777767,351.57777777777767
6,29,886.0,326.57777777777767,63.2235,20,0,871.0,901.0,901.0,871.0,301.57777777777767,351.57777777777767
6,30,916.0,326.57777777777767,54.423179723502294,31,0,901.0,931.0,931.0,901.0,301.57777777777767,351.57777777777767
6,31,946.0,326.57777777777767,54.47422222222222,45,0,931.0,961.0,961.0,931.0,301.57777777777767,351.57777777777767
6,32,976.0,326.57777777777767,50.00577777777778,45,0,961.0,991.0,991.0,961.0,301.57777777777767,351.57777777777767
6,33,1006.0,326.57777777777767,48.17479166666666,48,0,991.0,1021.0,1021.0,991.0,301.57777777777767,351.57777777777767
6,34,1036.0,326.57777777777767,48.24790697674419,43,0,1021.0,1051.0,1051.0,1021.0,301.57777777777767,351.57777777777767
6,35,1066.0,326.57777777777767,49.4442105263158,38,0,1051.0,1081.0,1081.0,1051.0,301.57777777777767,351.57777777777767
6,36,1096.0,326.57777777777767,46.87756756756755,37,0,1081.0,1111.0,1111.0,1081.0,301.57777777777767,351.57777777777767
6,37,1126.0,326.57777777777767,49.872790697674425,43,0,1111.0,1141.0,1141.0,1111.0,301.57777777777767,351.57777777777767
6,38,1156.0,326.57777777777767,57.92454545454546,22,0,1141.0,1171.0,1171.0,1141.0,301.57777777777767,351.57777777777767
6,39,1186.0,326.57777777777767,54.729615384615386,26,0,1171.0,1201.0,1201.0,1171.0,301.57777777777767,351.57777777777767
6,40,1216.0,326.57777777777767,59.24387387387388,37,0,1201.0,1231.0,1231.0,1201.0,301.57777777777767,351.57777777777767
6,41,1246.0,326.57777777777767,57.59871794871793,39,0,1231.0,1261.0,1261.0,1231.0,301.57777777777767,351.57777777777767
6,42,1276.0,326.57777777777767,60.08260869565217,23,0,1261.0,1291.0,1291.0,1261.0,301.57777777777767,351.57777777777767
6,43,1306.0,326.57777777777767,58.588750000000005,32,0,1291.0,1321.0,1321.0,1291.0,301.57777777777767,351.57777777777767
6,44,1336.0,326.57777777777767,65.336,10,0,1321.0,1351.0,1351.0,1321.0,301.57777777777767,351.57777777777767
6,45,1366.0,326.57777777777767,57.151428571428575,28,0,1351.0,1381.0,1381.0,1351.0,301.57777777777767,351.57777777777767
6,46,1396.0,326.57777777777767,57.109473684210535,38,0,1381.0,1411.0,1411.0,1381.0,301.57777777777767,351.57777777777767
6,47,1426.0,326.57777777777767,56.50312499999999,32,0,1411.0,1441.0,1441.0,1411.0,301.57777777777767,351.57777777777767
6,48,1456.0,326.57777777777767,63.13275862068966,29,0,1441.0,1471.0,1471.0,1441.0,301.57777777777767,351.57777777777767
6,49,1486.0,326.57777777777767,59.86193548387095,31,0,1471.0,1501.0,1501.0,1471.0,301.57777777777767,351.57777777777767
6,50,1516.0,326.57777777777767,53.09333333333333,39,0,1501.0,1531.0,1531.0,1501.0,301.57777777777767,351.57777777777767
6,51,1546.0,326.57777777777767,47.52657142857141,35,0,1531.0,1561.0,1561.0,1531.0,301.57777777777767,351.57777777777767
6,52,1576.0,326.57777777777767,37.71448979591836,49,0,1561.0,1591.0,1591.0,1561.0,301.57777777777767,351.57777777777767
6,53,1606.0,326.57777777777767,37.5568085106383,47,0,1591.0,1621.0,1621.0,1591.0,301.57777777777767,351.57777777777767
6,54,1636.0,326.57777777777767,40.94232558139535,43,0,1621.0,1651.0,1651.0,1621.0,301.57777777777767,351.57777777777767
6,55,1666.0,326.57777777777767,42.15145833333334,48,0,1651.0,1681.0,1681.0,1651.0,301.57777777777767,351.57777777777767
6,56,1696.0,326.57777777777767,42.66127659574468,47,0,1681.0,1711.0,1711.0,1681.0,301.57777777777767,351.57777777777767
6,57,1726.0,326.57777777777767,41.52348837209302,43,0,1711.0,1741.0,1741.0,1711.0,301.57777777777767,351.57777777777767
6,58,1756.0,326.57777777777767,39.53454545454546,55,0,1741.0,1771.0,1771.0,1741.0,301.57777777777767,351.57777777777767
6,59,1786.0,326.57777777777767,33.84037735849057,53,0,1771.0,1801.0,1801.0,1771.0,301.57777777777767,351.57777777777767
6,60,1816.0,326.57777777777767,34.44532608695653,46,0,1801.0,1831.0,1831.0,1801.0,301.57777777777767,351.57777777777767
6,61,1846.0,326.57777777777767,37.72708333333333,48,0,1831.0,1861.0,1861.0,1831.0,301.57777777777767,351.57777777777767
6,62,1876.0,326.57777777777767,33.6975,68,0,1861.0,1891.0,1891.0,1861.0,301.57777777777767,351.57777777777767
6,63,1906.0,326.57777777777767,33.3186274509804,51,0,1891.0,1921.0,1921.0,1891.0,301.57777777777767,351.57777777777767
6,64,1936.0,326.57777777777767,33.485500000000016,40,0,1921.0,1951.0,1951.0,1921.0,301.57777777777767,351.57777777777767
6,65,1966.0,326.57777777777767,32.840625,48,0,1951.0,1981.0,1981.0,1951.0,301.57777777777767,351.57777777777767
6,66,1996.0,326.57777777777767,34.44723404255321,47,0,1981.0,2011.0,2011.0,1981.0,301.57777777777767,351.57777777777767
6,67,2026.0,326.57777777777767,40.55205128205128,39,0,2011.0,2041.0,2041.0,2011.0,301.57777777777767,351.57777777777767
6,68,2056.0,326.57777777777767,41.96351851851853,54,0,2041.0,2071.0,2071.0,2041.0,301.57777777777767,351.57777777777767
6,69,2086.0,326.57777777777767,40.15934782608696,46,0,2071.0,2101.0,2101.0,2071.0,301.57777777777767,351.57777777777767
6,70,2116.0,326.57777777777767,40.364523809523796,42,0,2101.0,2131.0,2131.0,2101.0,301.57777777777767,351.57777777777767
6,71,2146.0,326.57777777777767,37.15943396226415,53,0,2131.0,2161.0,2161.0,2131.0,301.57777777777767,351.57777777777767
6,72,2176.0,326.57777777777767,38.431200000000004,50,0,2161.0,2191.0,2191.0,2161.0,301.57777777777767,351.57777777777767
6,73,2206.0,326.57777777777767,33.86732142857143,56,0,2191.0,2221.0,2221.0,2191.0,301.57777777777767,351.57777777777767
6,74,2236.0,326.57777777777767,29.840461538461536,65,0,2221.0,2251.0,2251.0,2221.0,301.57777777777767,351.57777777777767
6,75,2266.0,326.57777777777767,27.65936507936508,63,0,2251.0,2281.0,2281.0,2251.0,301.57777777777767,351.57777777777767
6,76,2296.0,326.57777777777767,31.84393939393939,33,0,2281.0,2311.0,2311.0,2281.0,301.57777777777767,351.57777777777767
6,77,2326.0,326.57777777777767,35.92229166666666,48,0,2311.0,2341.0,2341.0,2311.0,301.57777777777767,351.57777777777767
6,78,2356.0,326.57777777777767,40.61061224489796,49,0,2341.0,2371.0,2371.0,2341.0,301.57777777777767,351.57777777777767
6,79,2386.0,326.57777777777767,40.332291666666656,48,0,2371.0,2401.0,2401.0,2371.0,301.57777777777767,351.57777777777767
6,80,2416.0,326.57777777777767,42.04189189189191,37,0,2401.0,2431.0,2431.0,2401.0,301.57777777777767,351.57777777777767
6,81,2446.0,326.57777777777767,40.48499999999999,38,0,2431.0,2461.0,2461.0,2431.0,301.57777777777767,351.57777777777767
6,82,2476.0,326.57777777777767,35.94740000000001,50,0,2461.0,2491.0,2491.0,2461.0,301.57777777777767,351.57777777777767
6,83,2506.0,326.57777777777767,40.93999999999999,51,0,2491.0,2521.0,2521.0,2491.0,301.57777777777767,351.57777777777767
6,84,2536.0,326.57777777777767,48.307872340425526,47,0,2521.0,2551.0,2551.0,2521.0,301.57777777777767,351.57777777777767
6,85,2566.0,326.57777777777767,43.878043478260864,46,0,2551.0,2581.0,2581.0,2551.0,301.57777777777767,351.57777777777767
6,86,2596.0,326.57777777777767,47.17026315789474,38,0,2581.0,2611.0,2611.0,2581.0,301.57777777777767,351.57777777777767
6,87,2626.0,326.57777777777767,41.69593220338984,59,0,2611.0,2641.0,2641.0,2611.0,301.57777777777767,351.57777777777767
6,88,2656.0,326.57777777777767,44.364615384615384,39,0,2641.0,2671.0,2671.0,2641.0,301.57777777777767,351.57777777777767
6,89,2686.0,326.57777777777767,30.84723404255319,47,0,2671.0,2701.0,2701.0,2671.0,301.57777777777767,351.57777777777767
6,90,2716.0,326.57777777777767,35.49177419354839,62,0,2701.0,2731.0,2731.0,2701.0,301.57777777777767,351.57777777777767
6,91,2746.0,326.57777777777767,38.110892857142865,56,0,2731.0,2761.0,2761.0,2731.0,301.57777777777767,351.57777777777767
6,92,2776.0,326.57777777777767,41.14163636363635,55,0,2761.0,2791.0,2791.0,2761.0,301.57777777777767,351.57777777777767
6,93,2806.0,326.57777777777767,40.17313725490197,51,0,2791.0,2821.0,2821.0,2791.0,301.57777777777767,351.57777777777767
6,94,2836.0,326.57777777777767,36.09808510638299,47,0,2821.0,2851.0,2851.0,2821.0,301.57777777777767,351.57777777777767
6,95,2866.0,326.57777777777767,37.42073170731708,41,0,2851.0,2881.0,2881.0,2851.0,301.57777777777767,351.57777777777767
6,96,2896.0,326.57777777777767,38.97907029478458,49,0,2881.0,2911.0,2911.0,2881.0,301.57777777777767,351.57777777777767
6,97,2926.0,326.57777777777767,38.32962264150943,53,0,2911.0,2941.0,2941.0,2911.0,301.57777777777767,351.57777777777767
6,98,2956.0,326.57777777777767,36.269534883720944,43,0,2941.0,2971.0,2971.0,2941.0,301.57777777777767,351.57777777777767
6,99,2986.0,326.57777777777767,36.832936507936516,56,0,2971.0,3001.0,3001.0,2971.0,301.57777777777767,351.57777777777767
6,100,3016.0,326.57777777777767,40.10672727272727,55,0,3001.0,3031.0,3031.0,3001.0,301.57777777777767,351.57777777777767
6,101,3046.0,326.57777777777767,39.98690476190476,42,0,3031.0,3061.0,3061.0,3031.0,301.57777777777767,351.57777777777767
6,102,3076.0,326.57777777777767,37.11249999999999,44,0,3061.0,3091.0,3091.0,3061.0,301.57777777777767,351.57777777777767
6,103,3106.0,326.57777777777767,35.97155555555557,45,0,3091.0,3121.0,3121.0,3091.0,301.57777777777767,351.57777777777767
6,104,3136.0,326.57777777777767,36.119649122807026,57,0,3121.0,3151.0,3151.0,3121.0,301.57777777777767,351.57777777777767
6,105,3166.0,326.57777777777767,29.5472463768116,69,0,3151.0,3181.0,3181.0,3151.0,301.57777777777767,351.57777777777767
6,106,3196.0,326.57777777777767,36.23399999999999,45,0,3181.0,3211.0,3211.0,3181.0,301.57777777777767,351.57777777777767
6,107,3226.0,326.57777777777767,38.29375,56,0,3211.0,3241.0,3241.0,3211.0,301.57777777777767,351.57777777777767
6,108,3256.0,326.57777777777767,42.86180000000001,50,0,3241.0,3271.0,3271.0,3241.0,301.57777777777767,351.57777777777767
6,109,3286.0,326.57777777777767,36.07548387096774,62,0,3271.0,3301.0,3301.0,3271.0,301.57777777777767,351.57777777777767
6,110,3316.0,326.57777777777767,38.05717948717948,39,0,3301.0,3331.0,3331.0,3301.0,301.57777777777767,351.57777777777767
6,111,3346.0,326.57777777777767,38.053888888888906,54,0,3331.0,3361.0,3361.0,3331.0,301.57777777777767,351.57777777777767
6,112,3376.0,326.57777777777767,28.466530612244895,49,0,3361.0,3391.0,3391.0,3361.0,301.57777777777767,351.57777777777767
6,113,3406.0,326.57777777777767,31.778620689655174,58,0,3391.0,3421.0,3421.0,3391.0,301.57777777777767,351.57777777777767
6,114,3436.0,326.57777777777767,34.71934782608697,46,0,3421.0,3451.0,3451.0,3421.0,301.57777777777767,351.57777777777767
6,115,3466.0,326.57777777777767,33.95561403508771,57,0,3451.0,3481.0,3481.0,3451.0,301.57777777777767,351.57777777777767
6,116,3496.0,326.57777777777767,33.735396825396826,63,0,3481.0,3511.0,3511.0,3481.0,301.57777777777767,351.57777777777767
6,117,3526.0,326.57777777777767,29.929142857142843,70,0,3511.0,3541.0,3541.0,3511.0,301.57777777777767,351.57777777777767
6,118,3556.0,326.57777777777767,29.604736842105254,57,0,3541.0,3571.0,3571.0,3541.0,301.57777777777767,351.57777777777767
6,119,3586.0,326.57777777777767,35.802419354838705,62,0,3571.0,3601.0,3601.0,3571.0,301.57777777777767,351.57777777777767
6,120,3616.0,326.57777777777767,40.28560975609756,41,0,3601.0,3631.0,3631.0,3601.0,301.57777777777767,351.57777777777767
6,121,3646.0,326.57777777777767,41.57041666666667,24,0,3631.0,3661.0,3661.0,3631.0,301.57777777777767,351.57777777777767
6,122,3676.0,326.57777777777767,,0,0,3661.0,3691.0,3691.0,3661.0,301.57777777777767,351.57777777777767
6,123,3706.0,326.57777777777767,,0,0,3691.0,3721.0,3721.0,3691.0,301.57777777777767,351.57777777777767
6,124,3736.0,326.57777777777767,,0,0,3721.0,3751.0,3751.0,3721.0,301.57777777777767,351.57777777777767
6,125,3766.0,326.57777777777767,,0,0,3751.0,3781.0,3781.0,3751.0,301.57777777777767,351.57777777777767
6,126,3796.0,326.57777777777767,,0,0,3781.0,3811.0,3811.0,3781.0,301.57777777777767,351.57777777777767
6,127,3826.0,326.57777777777767,,0,0,3811.0,3841.0,3841.0,3811.0,301.57777777777767,351.57777777777767
6,128,3856.0,326.57777777777767,,0,0,3841.0,3871.0,3871.0,3841.0,301.57777777777767,351.57777777777767
6,129,3886.0,326.57777777777767,,0,0,3871.0,3901.0,3901.0,3871.0,301.57777777777767,351.57777777777767
7,0,16.0,376.57777777777767,59.29918918918918,37,0,1.0,31.0,31.0,1.0,351.57777777777767,401.57777777777767
7,1,46.0,376.57777777777767,73.76,11,0,31.0,61.0,61.0,31.0,351.57777777777767,401.57777777777767
7,2,76.0,376.57777777777767,71.98615384615385,13,0,61.0,91.0,91.0,61.0,351.57777777777767,401.57777777777767
7,3,106.0,376.57777777777767,72.38,20,0,91.0,121.0,121.0,91.0,351.57777777777767,401.57777777777767
7,4,136.0,376.57777777777767,59.79354838709678,31,0,121.0,151.0,151.0,121.0,351.57777777777767,401.57777777777767
7,5,166.0,376.57777777777767,65.90291666666667,24,0,151.0,181.0,181.0,151.0,351.57777777777767,401.57777777777767
7,6,196.0,376.57777777777767,61.62060606060607,33,0,181.0,211.0,211.0,181.0,351.57777777777767,401.57777777777767
7,7,226.0,376.57777777777767,76.81310924369748,17,0,211.0,241.0,241.0,211.0,351.57777777777767,401.57777777777767
7,8,256.0,376.57777777777767,72.56999999999998,19,0,241.0,271.0,271.0,241.0,351.57777777777767,401.57777777777767
7,9,286.0,376.57777777777767,73.929,10,0,271.0,301.0,301.0,271.0,351.57777777777767,401.57777777777767
7,10,316.0,376.57777777777767,73.05295918367347,14,0,301.0,331.0,331.0,301.0,351.57777777777767,401.57777777777767
7,11,346.0,376.57777777777767,65.48909090909092,33,0,331.0,361.0,361.0,331.0,351.57777777777767,401.57777777777767
7,12,376.0,376.57777777777767,74.92611111111111,18,0,361.0,391.0,391.0,361.0,351.57777777777767,401.57777777777767
7,13,406.0,376.57777777777767,61.41038461538463,26,0,391.0,421.0,421.0,391.0,351.57777777777767,401.57777777777767
7,14,436.0,376.57777777777767,59.999333333333325,30,0,421.0,451.0,451.0,421.0,351.57777777777767,401.57777777777767
7,15,466.0,376.57777777777767,58.89642857142859,42,0,451.0,481.0,481.0,451.0,351.57777777777767,401.57777777777767
7,16,496.0,376.57777777777767,57.473249999999986,40,0,481.0,511.0,511.0,481.0,351.57777777777767,401.57777777777767
7,17,526.0,376.57777777777767,68.86636363636366,22,0,511.0,541.0,541.0,511.0,351.57777777777767,401.57777777777767
7,18,556.0,376.57777777777767,68.36315476190477,24,0,541.0,571.0,571.0,541.0,351.57777777777767,401.57777777777767
7,19,586.0,376.57777777777767,68.63227272727273,22,0,571.0,601.0,601.0,571.0,351.57777777777767,401.57777777777767
7,20,616.0,376.57777777777767,68.94222222222224,18,0,601.0,631.0,631.0,601.0,351.57777777777767,401.57777777777767
7,21,646.0,376.57777777777767,66.19037037037035,27,0,631.0,661.0,661.0,631.0,351.57777777777767,401.57777777777767
7,22,676.0,376.57777777777767,71.19749999999999,16,0,661.0,691.0,691.0,661.0,351.57777777777767,401.57777777777767
7,23,706.0,376.57777777777767,62.644,35,0,691.0,721.0,721.0,691.0,351.57777777777767,401.57777777777767
7,24,736.0,376.57777777777767,64.63406250000001,32,0,721.0,751.0,751.0,721.0,351.57777777777767,401.57777777777767
7,25,766.0,376.57777777777767,64.95818181818181,22,0,751.0,781.0,781.0,751.0,351.57777777777767,401.57777777777767
7,26,796.0,376.57777777777767,63.063939393939386,33,0,781.0,811.0,811.0,781.0,351.57777777777767,401.57777777777767
7,27,826.0,376.57777777777767,62.176999999999985,30,0,811.0,841.0,841.0,811.0,351.57777777777767,401.57777777777767
7,28,856.0,376.57777777777767,68.69500000000001,12,0,841.0,871.0,871.0,841.0,351.57777777777767,401.57777777777767
7,29,886.0,376.57777777777767,68.73733333333334,15,0,871.0,901.0,901.0,871.0,351.57777777777767,401.57777777777767
7,30,916.0,376.57777777777767,54.54242424242425,33,0,901.0,931.0,931.0,901.0,351.57777777777767,401.57777777777767
7,31,946.0,376.57777777777767,54.63720930232558,43,0,931.0,961.0,961.0,931.0,351.57777777777767,401.57777777777767
7,32,976.0,376.57777777777767,53.08200000000001,45,0,961.0,991.0,991.0,961.0,351.57777777777767,401.57777777777767
7,33,1006.0,376.57777777777767,49.3836956521739,46,0,991.0,1021.0,1021.0,991.0,351.57777777777767,401.57777777777767
7,34,1036.0,376.57777777777767,52.20333333333333,39,0,1021.0,1051.0,1051.0,1021.0,351.57777777777767,401.57777777777767
7,35,1066.0,376.57777777777767,52.23309523809524,42,0,1051.0,1081.0,1081.0,1051.0,351.57777777777767,401.57777777777767
7,36,1096.0,376.57777777777767,50.05789473684211,38,0,1081.0,1111.0,1111.0,1081.0,351.57777777777767,401.57777777777767
7,37,1126.0,376.57777777777767,52.26421052631579,38,0,1111.0,1141.0,1141.0,1111.0,351.57777777777767,401.57777777777767
7,38,1156.0,376.57777777777767,56.70928571428572,28,0,1141.0,1171.0,1171.0,1141.0,351.57777777777767,401.57777777777767
7,39,1186.0,376.57777777777767,57.156818181818174,22,0,1171.0,1201.0,1201.0,1171.0,351.57777777777767,401.57777777777767
7,40,1216.0,376.57777777777767,59.39303030303031,33,0,1201.0,1231.0,1231.0,1201.0,351.57777777777767,401.57777777777767
7,41,1246.0,376.57777777777767,58.489999999999995,39,0,1231.0,1261.0,1261.0,1231.0,351.57777777777767,401.57777777777767
7,42,1276.0,376.57777777777767,60.738,25,0,1261.0,1291.0,1291.0,1261.0,351.57777777777767,401.57777777777767
7,43,1306.0,376.57777777777767,59.438709677419354,31,0,1291.0,1321.0,1321.0,1291.0,351.57777777777767,401.57777777777767
7,44,1336.0,376.57777777777767,67.90700000000001,10,0,1321.0,1351.0,1351.0,1321.0,351.57777777777767,401.57777777777767
7,45,1366.0,376.57777777777767,57.08192307692309,26,0,1351.0,1381.0,1381.0,1351.0,351.57777777777767,401.57777777777767
7,46,1396.0,376.57777777777767,59.26166666666667,42,0,1381.0,1411.0,1411.0,1381.0,351.57777777777767,401.57777777777767
7,47,1426.0,376.57777777777767,57.392307692307696,39,0,1411.0,1441.0,1441.0,1411.0,351.57777777777767,401.57777777777767
7,48,1456.0,376.57777777777767,63.19814814814816,27,0,1441.0,1471.0,1471.0,1441.0,351.57777777777767,401.57777777777767
7,49,1486.0,376.57777777777767,58.68171428571429,35,0,1471.0,1501.0,1501.0,1471.0,351.57777777777767,401.57777777777767
7,50,1516.0,376.57777777777767,53.24724999999999,40,0,1501.0,1531.0,1531.0,1501.0,351.57777777777767,401.57777777777767
7,51,1546.0,376.57777777777767,47.50361111111112,36,0,1531.0,1561.0,1561.0,1531.0,351.57777777777767,401.57777777777767
7,52,1576.0,376.57777777777767,42.68085106382978,47,0,1561.0,1591.0,1591.0,1561.0,351.57777777777767,401.57777777777767
7,53,1606.0,376.57777777777767,44.01244444444444,45,0,1591.0,1621.0,1621.0,1591.0,351.57777777777767,401.57777777777767
7,54,1636.0,376.57777777777767,45.560500000000005,40,0,1621.0,1651.0,1651.0,1621.0,351.57777777777767,401.57777777777767
7,55,1666.0,376.57777777777767,46.070249999999994,40,0,1651.0,1681.0,1681.0,1651.0,351.57777777777767,401.57777777777767
7,56,1696.0,376.57777777777767,42.9922,50,0,1681.0,1711.0,1711.0,1681.0,351.57777777777767,401.57777777777767
7,57,1726.0,376.57777777777767,46.015,40,0,1711.0,1741.0,1741.0,1711.0,351.57777777777767,401.57777777777767
7,58,1756.0,376.57777777777767,39.67898305084744,59,0,1741.0,1771.0,1771.0,1741.0,351.57777777777767,401.57777777777767
7,59,1786.0,376.57777777777767,35.43347826086956,46,0,1771.0,1801.0,1801.0,1771.0,351.57777777777767,401.57777777777767
7,60,1816.0,376.57777777777767,38.76702127659575,47,0,1801.0,1831.0,1831.0,1801.0,351.57777777777767,401.57777777777767
7,61,1846.0,376.57777777777767,37.13452830188678,53,0,1831.0,1861.0,1861.0,1831.0,351.57777777777767,401.57777777777767
7,62,1876.0,376.57777777777767,30.614242424242416,66,0,1861.0,1891.0,1891.0,1861.0,351.57777777777767,401.57777777777767
7,63,1906.0,376.57777777777767,33.76847457627119,59,0,1891.0,1921.0,1921.0,1891.0,351.57777777777767,401.57777777777767
7,64,1936.0,376.57777777777767,39.94842105263158,38,0,1921.0,1951.0,1951.0,1921.0,351.57777777777767,401.57777777777767
7,65,1966.0,376.57777777777767,37.8547619047619,42,0,1951.0,1981.0,1981.0,1951.0,351.57777777777767,401.57777777777767
7,66,1996.0,376.57777777777767,37.476326530612255,49,0,1981.0,2011.0,2011.0,1981.0,351.57777777777767,401.57777777777767
7,67,2026.0,376.57777777777767,42.63184210526316,38,0,2011.0,2041.0,2041.0,2011.0,351.57777777777767,401.57777777777767
7,68,2056.0,376.57777777777767,45.22217391304348,46,0,2041.0,2071.0,2071.0,2041.0,351.57777777777767,401.57777777777767
7,69,2086.0,376.57777777777767,44.71571428571427,42,0,2071.0,2101.0,2101.0,2071.0,351.57777777777767,401.57777777777767
7,70,2116.0,376.57777777777767,39.54,48,0,2101.0,2131.0,2131.0,2101.0,351.57777777777767,401.57777777777767
7,71,2146.0,376.57777777777767,37.71701754385965,57,0,2131.0,2161.0,2161.0,2131.0,351.57777777777767,401.57777777777767
7,72,2176.0,376.57777777777767,38.97812500000001,48,0,2161.0,2191.0,2191.0,2161.0,351.57777777777767,401.57777777777767
7,73,2206.0,376.57777777777767,35.97901960784314,51,0,2191.0,2221.0,2221.0,2191.0,351.57777777777767,401.57777777777767
7,74,2236.0,376.57777777777767,29.564603174603178,63,0,2221.0,2251.0,2251.0,2221.0,351.57777777777767,401.57777777777767
7,75,2266.0,376.57777777777767,28.295735294117637,68,0,2251.0,2281.0,2281.0,2251.0,351.57777777777767,401.57777777777767
7,76,2296.0,376.57777777777767,30.593407407407412,45,0,2281.0,2311.0,2311.0,2281.0,351.57777777777767,401.57777777777767
7,77,2326.0,376.57777777777767,35.29653846153846,52,0,2311.0,2341.0,2341.0,2311.0,351.57777777777767,401.57777777777767
7,78,2356.0,376.57777777777767,42.54770833333333,48,0,2341.0,2371.0,2371.0,2341.0,351.57777777777767,401.57777777777767
7,79,2386.0,376.57777777777767,44.453043478260874,46,0,2371.0,2401.0,2401.0,2371.0,351.57777777777767,401.57777777777767
7,80,2416.0,376.57777777777767,43.156052631578945,38,0,2401.0,2431.0,2431.0,2401.0,351.57777777777767,401.57777777777767
7,81,2446.0,376.57777777777767,41.54026315789474,38,0,2431.0,2461.0,2461.0,2431.0,351.57777777777767,401.57777777777767
7,82,2476.0,376.57777777777767,39.17978723404254,47,0,2461.0,2491.0,2491.0,2461.0,351.57777777777767,401.57777777777767
7,83,2506.0,376.57777777777767,40.34709090909092,55,0,2491.0,2521.0,2521.0,2491.0,351.57777777777767,401.57777777777767
7,84,2536.0,376.57777777777767,48.87173076923078,52,0,2521.0,2551.0,2551.0,2521.0,351.57777777777767,401.57777777777767
7,85,2566.0,376.57777777777767,46.47380952380951,42,0,2551.0,2581.0,2581.0,2551.0,351.57777777777767,401.57777777777767
7,86,2596.0,376.57777777777767,51.56843750000001,32,0,2581.0,2611.0,2611.0,2581.0,351.57777777777767,401.57777777777767
7,87,2626.0,376.57777777777767,43.516724137931035,58,0,2611.0,2641.0,2641.0,2611.0,351.57777777777767,401.57777777777767
7,88,2656.0,376.57777777777767,41.95204081632653,49,0,2641.0,2671.0,2671.0,2641.0,351.57777777777767,401.57777777777767
7,89,2686.0,376.57777777777767,30.81244897959184,49,0,2671.0,2701.0,2701.0,2671.0,351.57777777777767,401.57777777777767
7,90,2716.0,376.57777777777767,38.330535714285716,56,0,2701.0,2731.0,2731.0,2701.0,351.57777777777767,401.57777777777767
7,91,2746.0,376.57777777777767,42.830181818181806,55,0,2731.0,2761.0,2761.0,2731.0,351.57777777777767,401.57777777777767
7,92,2776.0,376.57777777777767,44.221886792452814,53,0,2761.0,2791.0,2791.0,2761.0,351.57777777777767,401.57777777777767
7,93,2806.0,376.57777777777767,40.98092592592592,54,0,2791.0,2821.0,2821.0,2791.0,351.57777777777767,401.57777777777767
7,94,2836.0,376.57777777777767,37.67809523809524,42,0,2821.0,2851.0,2851.0,2821.0,351.57777777777767,401.57777777777767
7,95,2866.0,376.57777777777767,35.93847826086956,46,0,2851.0,2881.0,2881.0,2851.0,351.57777777777767,401.57777777777767
7,96,2896.0,376.57777777777767,41.51159090909092,44,0,2881.0,2911.0,2911.0,2881.0,351.57777777777767,401.57777777777767
7,97,2926.0,376.57777777777767,40.88872023809523,48,0,2911.0,2941.0,2941.0,2911.0,351.57777777777767,401.57777777777767
7,98,2956.0,376.57777777777767,36.41041666666667,48,0,2941.0,2971.0,2971.0,2941.0,351.57777777777767,401.57777777777767
7,99,2986.0,376.57777777777767,43.20277777777778,54,0,2971.0,3001.0,3001.0,2971.0,351.57777777777767,401.57777777777767
7,100,3016.0,376.57777777777767,44.195600000000006,50,0,3001.0,3031.0,3031.0,3001.0,351.57777777777767,401.57777777777767
7,101,3046.0,376.57777777777767,43.65682926829268,41,0,3031.0,3061.0,3061.0,3031.0,351.57777777777767,401.57777777777767
7,102,3076.0,376.57777777777767,38.24137286324787,52,0,3061.0,3091.0,3091.0,3061.0,351.57777777777767,401.57777777777767
7,103,3106.0,376.57777777777767,37.551315789473676,38,0,3091.0,3121.0,3121.0,3091.0,351.57777777777767,401.57777777777767
7,104,3136.0,376.57777777777767,36.81827586206897,58,0,3121.0,3151.0,3151.0,3121.0,351.57777777777767,401.57777777777767
7,105,3166.0,376.57777777777767,36.01032786885246,61,0,3151.0,3181.0,3181.0,3151.0,351.57777777777767,401.57777777777767
7,106,3196.0,376.57777777777767,43.82921052631579,38,0,3181.0,3211.0,3211.0,3181.0,351.57777777777767,401.57777777777767
7,107,3226.0,376.57777777777767,41.2936956521739,46,0,3211.0,3241.0,3241.0,3211.0,351.57777777777767,401.57777777777767
7,108,3256.0,376.57777777777767,44.99076923076924,52,0,3241.0,3271.0,3271.0,3241.0,351.57777777777767,401.57777777777767
7,109,3286.0,376.57777777777767,38.28658119658119,52,0,3271.0,3301.0,3301.0,3271.0,351.57777777777767,401.57777777777767
7,110,3316.0,376.57777777777767,38.053385416666664,48,0,3301.0,3331.0,3331.0,3301.0,351.57777777777767,401.57777777777767
7,111,3346.0,376.57777777777767,39.41527272727272,55,0,3331.0,3361.0,3361.0,3331.0,351.57777777777767,401.57777777777767
7,112,3376.0,376.57777777777767,31.10456521739132,46,0,3361.0,3391.0,3391.0,3361.0,351.57777777777767,401.57777777777767
7,113,3406.0,376.57777777777767,35.0725925925926,54,0,3391.0,3421.0,3421.0,3391.0,351.57777777777767,401.57777777777767
7,114,3436.0,376.57777777777767,36.32057692307691,52,0,3421.0,3451.0,3451.0,3421.0,351.57777777777767,401.57777777777767
7,115,3466.0,376.57777777777767,36.595740740740744,54,0,3451.0,3481.0,3481.0,3451.0,351.57777777777767,401.57777777777767
7,116,3496.0,376.57777777777767,35.602599999999995,50,0,3481.0,3511.0,3511.0,3481.0,351.57777777777767,401.57777777777767
7,117,3526.0,376.57777777777767,33.52432653061225,70,0,3511.0,3541.0,3541.0,3511.0,351.57777777777767,401.57777777777767
7,118,3556.0,376.57777777777767,35.34245283018868,53,0,3541.0,3571.0,3571.0,3541.0,351.57777777777767,401.57777777777767
7,119,3586.0,376.57777777777767,41.54232142857141,56,0,3571.0,3601.0,3601.0,3571.0,351.57777777777767,401.57777777777767
7,120,3616.0,376.57777777777767,43.881086956521735,46,0,3601.0,3631.0,3631.0,3601.0,351.57777777777767,401.57777777777767
7,121,3646.0,376.57777777777767,42.033928571428575,28,0,3631.0,3661.0,3661.0,3631.0,351.57777777777767,401.57777777777767
7,122,3676.0,376.57777777777767,,0,0,3661.0,3691.0,3691.0,3661.0,351.57777777777767,401.57777777777767
7,123,3706.0,376.57777777777767,,0,0,3691.0,3721.0,3721.0,3691.0,351.57777777777767,401.57777777777767
7,124,3736.0,376.57777777777767,,0,0,3721.0,3751.0,3751.0,3721.0,351.57777777777767,401.57777777777767
7,125,3766.0,376.57777777777767,,0,0,3751.0,3781.0,3781.0,3751.0,351.57777777777767,401.57777777777767
7,126,3796.0,376.57777777777767,,0,0,3781.0,3811.0,3811.0,3781.0,351.57777777777767,401.57777777777767
7,127,3826.0,376.57777777777767,,0,0,3811.0,3841.0,3841.0,3811.0,351.57777777777767,401.57777777777767
7,128,3856.0,376.57777777777767,,0,0,3841.0,3871.0,3871.0,3841.0,351.57777777777767,401.57777777777767
7,129,3886.0,376.57777777777767,,0,0,3871.0,3901.0,3901.0,3871.0,351.57777777777767,401.57777777777767
8,0,16.0,426.57777777777767,56.98641025641026,39,0,1.0,31.0,31.0,1.0,401.57777777777767,451.57777777777767
8,1,46.0,426.57777777777767,68.57545454545455,11,0,31.0,61.0,61.0,31.0,401.57777777777767,451.57777777777767
8,2,76.0,426.57777777777767,68.84285714285714,14,0,61.0,91.0,91.0,61.0,401.57777777777767,451.57777777777767
8,3,106.0,426.57777777777767,67.871875,16,0,91.0,121.0,121.0,91.0,401.57777777777767,451.57777777777767
8,4,136.0,426.57777777777767,60.47406250000001,32,0,121.0,151.0,151.0,121.0,401.57777777777767,451.57777777777767
8,5,166.0,426.57777777777767,66.1068,25,0,151.0,181.0,181.0,151.0,401.57777777777767,451.57777777777767
8,6,196.0,426.57777777777767,61.83457142857143,35,0,181.0,211.0,211.0,181.0,401.57777777777767,451.57777777777767
8,7,226.0,426.57777777777767,73.13533333333334,15,0,211.0,241.0,241.0,211.0,401.57777777777767,451.57777777777767
8,8,256.0,426.57777777777767,68.75315789473683,19,0,241.0,271.0,271.0,241.0,401.57777777777767,451.57777777777767
8,9,286.0,426.57777777777767,71.21733333333333,15,0,271.0,301.0,301.0,271.0,401.57777777777767,451.57777777777767
8,10,316.0,426.57777777777767,70.72714285714287,14,0,301.0,331.0,331.0,301.0,401.57777777777767,451.57777777777767
8,11,346.0,426.57777777777767,63.387407407407416,27,0,331.0,361.0,361.0,331.0,401.57777777777767,451.57777777777767
8,12,376.0,426.57777777777767,67.07523809523809,21,0,361.0,391.0,391.0,361.0,401.57777777777767,451.57777777777767
8,13,406.0,426.57777777777767,62.7844827586207,29,0,391.0,421.0,421.0,391.0,401.57777777777767,451.57777777777767
8,14,436.0,426.57777777777767,58.075666666666656,30,0,421.0,451.0,451.0,421.0,401.57777777777767,451.57777777777767
8,15,466.0,426.57777777777767,57.69542857142857,35,0,451.0,481.0,481.0,451.0,401.57777777777767,451.57777777777767
8,16,496.0,426.57777777777767,54.61571428571427,42,0,481.0,511.0,511.0,481.0,401.57777777777767,451.57777777777767
8,17,526.0,426.57777777777767,64.96612903225807,31,0,511.0,541.0,541.0,511.0,401.57777777777767,451.57777777777767
8,18,556.0,426.57777777777767,70.69047619047618,21,0,541.0,571.0,571.0,541.0,401.57777777777767,451.57777777777767
8,19,586.0,426.57777777777767,65.14464285714284,28,0,571.0,601.0,601.0,571.0,401.57777777777767,451.57777777777767
8,20,616.0,426.57777777777767,67.51285714285716,21,0,601.0,631.0,631.0,601.0,401.57777777777767,451.57777777777767
8,21,646.0,426.57777777777767,64.1774074074074,27,0,631.0,661.0,661.0,631.0,401.57777777777767,451.57777777777767
8,22,676.0,426.57777777777767,67.04681818181817,22,0,661.0,691.0,691.0,661.0,401.57777777777767,451.57777777777767
8,23,706.0,426.57777777777767,60.76617647058824,34,0,691.0,721.0,721.0,691.0,401.57777777777767,451.57777777777767
8,24,736.0,426.57777777777767,63.726896551724145,29,0,721.0,751.0,751.0,721.0,401.57777777777767,451.57777777777767
8,25,766.0,426.57777777777767,63.703913043478266,23,0,751.0,781.0,781.0,751.0,401.57777777777767,451.57777777777767
8,26,796.0,426.57777777777767,60.32235294117648,34,0,781.0,811.0,811.0,781.0,401.57777777777767,451.57777777777767
8,27,826.0,426.57777777777767,60.49333333333333,33,0,811.0,841.0,841.0,811.0,401.57777777777767,451.57777777777767
8,28,856.0,426.57777777777767,67.03055555555555,18,0,841.0,871.0,871.0,841.0,401.57777777777767,451.57777777777767
8,29,886.0,426.57777777777767,69.94098214285714,16,0,871.0,901.0,901.0,871.0,401.57777777777767,451.57777777777767
8,30,916.0,426.57777777777767,54.346875,32,0,901.0,931.0,931.0,901.0,401.57777777777767,451.57777777777767
8,31,946.0,426.57777777777767,52.26065217391304,46,0,931.0,961.0,961.0,931.0,401.57777777777767,451.57777777777767
8,32,976.0,426.57777777777767,53.146428571428565,42,0,961.0,991.0,991.0,961.0,401.57777777777767,451.57777777777767
8,33,1006.0,426.57777777777767,48.33784313725489,51,0,991.0,1021.0,1021.0,991.0,401.57777777777767,451.57777777777767
8,34,1036.0,426.57777777777767,51.61217391304346,46,0,1021.0,1051.0,1051.0,1021.0,401.57777777777767,451.57777777777767
8,35,1066.0,426.57777777777767,51.82512820512821,39,0,1051.0,1081.0,1081.0,1051.0,401.57777777777767,451.57777777777767
8,36,1096.0,426.57777777777767,49.97666666666666,36,0,1081.0,1111.0,1111.0,1081.0,401.57777777777767,451.57777777777767
8,37,1126.0,426.57777777777767,52.12837837837838,37,0,1111.0,1141.0,1141.0,1111.0,401.57777777777767,451.57777777777767
8,38,1156.0,426.57777777777767,56.6145714285714,35,0,1141.0,1171.0,1171.0,1141.0,401.57777777777767,451.57777777777767
8,39,1186.0,426.57777777777767,56.2235,20,0,1171.0,1201.0,1201.0,1171.0,401.57777777777767,451.57777777777767
8,40,1216.0,426.57777777777767,57.87685714285715,35,0,1201.0,1231.0,1231.0,1201.0,401.57777777777767,451.57777777777767
8,41,1246.0,426.57777777777767,55.72738095238093,42,0,1231.0,1261.0,1261.0,1231.0,401.57777777777767,451.57777777777767
8,42,1276.0,426.57777777777767,58.220625000000005,32,0,1261.0,1291.0,1291.0,1261.0,401.57777777777767,451.57777777777767
8,43,1306.0,426.57777777777767,57.31499999999998,30,0,1291.0,1321.0,1321.0,1291.0,401.57777777777767,451.57777777777767
8,44,1336.0,426.57777777777767,62.60000000000001,13,0,1321.0,1351.0,1351.0,1321.0,401.57777777777767,451.57777777777767
8,45,1366.0,426.57777777777767,54.99333333333333,27,0,1351.0,1381.0,1381.0,1351.0,401.57777777777767,451.57777777777767
8,46,1396.0,426.57777777777767,57.91441860465115,43,0,1381.0,1411.0,1411.0,1381.0,401.57777777777767,451.57777777777767
8,47,1426.0,426.57777777777767,55.40769230769232,39,0,1411.0,1441.0,1441.0,1411.0,401.57777777777767,451.57777777777767
8,48,1456.0,426.57777777777767,60.97215517241379,29,0,1441.0,1471.0,1471.0,1441.0,401.57777777777767,451.57777777777767
8,49,1486.0,426.57777777777767,53.661136363636366,44,0,1471.0,1501.0,1501.0,1471.0,401.57777777777767,451.57777777777767
8,50,1516.0,426.57777777777767,52.48266666666667,30,0,1501.0,1531.0,1531.0,1501.0,401.57777777777767,451.57777777777767
8,51,1546.0,426.57777777777767,44.203023255813946,43,0,1531.0,1561.0,1561.0,1531.0,401.57777777777767,451.57777777777767
8,52,1576.0,426.57777777777767,43.954680851063834,47,0,1561.0,1591.0,1591.0,1561.0,401.57777777777767,451.57777777777767
8,53,1606.0,426.57777777777767,45.92479166666667,48,0,1591.0,1621.0,1621.0,1591.0,401.57777777777767,451.57777777777767
8,54,1636.0,426.57777777777767,47.76076923076923,39,0,1621.0,1651.0,1651.0,1621.0,401.57777777777767,451.57777777777767
8,55,1666.0,426.57777777777767,45.27736842105262,38,0,1651.0,1681.0,1681.0,1651.0,401.57777777777767,451.57777777777767
8,56,1696.0,426.57777777777767,42.09473684210525,57,0,1681.0,1711.0,1711.0,1681.0,401.57777777777767,451.57777777777767
8,57,1726.0,426.57777777777767,44.27304347826087,46,0,1711.0,1741.0,1741.0,1711.0,401.57777777777767,451.57777777777767
8,58,1756.0,426.57777777777767,38.25064516129032,62,0,1741.0,1771.0,1771.0,1741.0,401.57777777777767,451.57777777777767
8,59,1786.0,426.57777777777767,34.740357142857135,56,0,1771.0,1801.0,1801.0,1771.0,401.57777777777767,451.57777777777767
8,60,1816.0,426.57777777777767,39.37820512820513,39,0,1801.0,1831.0,1831.0,1801.0,401.57777777777767,451.57777777777767
8,61,1846.0,426.57777777777767,34.56803921568628,51,0,1831.0,1861.0,1861.0,1831.0,401.57777777777767,451.57777777777767
8,62,1876.0,426.57777777777767,32.36573770491803,61,0,1861.0,1891.0,1891.0,1861.0,401.57777777777767,451.57777777777767
8,63,1906.0,426.57777777777767,35.324736842105274,57,0,1891.0,1921.0,1921.0,1891.0,401.57777777777767,451.57777777777767
8,64,1936.0,426.57777777777767,37.87023809523809,42,0,1921.0,1951.0,1951.0,1921.0,401.57777777777767,451.57777777777767
8,65,1966.0,426.57777777777767,38.15714285714285,35,0,1951.0,1981.0,1981.0,1951.0,401.57777777777767,451.57777777777767
8,66,1996.0,426.57777777777767,35.69622950819671,61,0,1981.0,2011.0,2011.0,1981.0,401.57777777777767,451.57777777777767
8,67,2026.0,426.57777777777767,39.525306122448974,49,0,2011.0,2041.0,2041.0,2011.0,401.57777777777767,451.57777777777767
8,68,2056.0,426.57777777777767,44.14083333333334,48,0,2041.0,2071.0,2071.0,2041.0,401.57777777777767,451.57777777777767
8,69,2086.0,426.57777777777767,44.4909756097561,41,0,2071.0,2101.0,2101.0,2071.0,401.57777777777767,451.57777777777767
8,70,2116.0,426.57777777777767,37.68271186440677,59,0,2101.0,2131.0,2131.0,2101.0,401.57777777777767,451.57777777777767
8,71,2146.0,426.57777777777767,37.645686274509806,51,0,2131.0,2161.0,2161.0,2131.0,401.57777777777767,451.57777777777767
8,72,2176.0,426.57777777777767,36.52803921568627,51,0,2161.0,2191.0,2191.0,2161.0,401.57777777777767,451.57777777777767
8,73,2206.0,426.57777777777767,32.964767025089614,62,0,2191.0,2221.0,2221.0,2191.0,401.57777777777767,451.57777777777767
8,74,2236.0,426.57777777777767,25.748285714285718,70,0,2221.0,2251.0,2251.0,2221.0,401.57777777777767,451.57777777777767
8,75,2266.0,426.57777777777767,25.177681159420295,69,0,2251.0,2281.0,2281.0,2251.0,401.57777777777767,451.57777777777767
8,76,2296.0,426.57777777777767,26.016111111111105,54,0,2281.0,2311.0,2311.0,2281.0,401.57777777777767,451.57777777777767
8,77,2326.0,426.57777777777767,33.94846153846154,52,0,2311.0,2341.0,2341.0,2311.0,401.57777777777767,451.57777777777767
8,78,2356.0,426.57777777777767,42.04148936170213,47,0,2341.0,2371.0,2371.0,2341.0,401.57777777777767,451.57777777777767
8,79,2386.0,426.57777777777767,42.618813559322035,59,0,2371.0,2401.0,2401.0,2371.0,401.57777777777767,451.57777777777767
8,80,2416.0,426.57777777777767,41.91717948717948,39,0,2401.0,2431.0,2431.0,2401.0,401.57777777777767,451.57777777777767
8,81,2446.0,426.57777777777767,41.15394736842105,38,0,2431.0,2461.0,2461.0,2431.0,401.57777777777767,451.57777777777767
8,82,2476.0,426.57777777777767,38.95155555555555,45,0,2461.0,2491.0,2491.0,2461.0,401.57777777777767,451.57777777777767
8,83,2506.0,426.57777777777767,39.162545454545445,55,0,2491.0,2521.0,2521.0,2491.0,401.57777777777767,451.57777777777767
8,84,2536.0,426.57777777777767,47.430892857142844,56,0,2521.0,2551.0,2551.0,2521.0,401.57777777777767,451.57777777777767
8,85,2566.0,426.57777777777767,48.97780487804879,41,0,2551.0,2581.0,2581.0,2551.0,401.57777777777767,451.57777777777767
8,86,2596.0,426.57777777777767,52.32899999999999,40,0,2581.0,2611.0,2611.0,2581.0,401.57777777777767,451.57777777777767
8,87,2626.0,426.57777777777767,42.36346938775511,49,0,2611.0,2641.0,2641.0,2611.0,401.57777777777767,451.57777777777767
8,88,2656.0,426.57777777777767,36.53409090909093,66,0,2641.0,2671.0,2671.0,2641.0,401.57777777777767,451.57777777777767
8,89,2686.0,426.57777777777767,25.96767857142857,56,0,2671.0,2701.0,2701.0,2671.0,401.57777777777767,451.57777777777767
8,90,2716.0,426.57777777777767,35.609838709677426,62,0,2701.0,2731.0,2731.0,2701.0,401.57777777777767,451.57777777777767
8,91,2746.0,426.57777777777767,43.217407407407414,54,0,2731.0,2761.0,2761.0,2731.0,401.57777777777767,451.57777777777767
8,92,2776.0,426.57777777777767,45.000892857142844,56,0,2761.0,2791.0,2791.0,2761.0,401.57777777777767,451.57777777777767
8,93,2806.0,426.57777777777767,40.2510447761194,67,0,2791.0,2821.0,2821.0,2791.0,401.57777777777767,451.57777777777767
8,94,2836.0,426.57777777777767,36.83749999999999,44,0,2821.0,2851.0,2851.0,2821.0,401.57777777777767,451.57777777777767
8,95,2866.0,426.57777777777767,37.47644444444444,45,0,2851.0,2881.0,2881.0,2851.0,401.57777777777767,451.57777777777767
8,96,2896.0,426.57777777777767,39.59808510638298,47,0,2881.0,2911.0,2911.0,2881.0,401.57777777777767,451.57777777777767
8,97,2926.0,426.57777777777767,39.905999999999985,55,0,2911.0,2941.0,2941.0,2911.0,401.57777777777767,451.57777777777767
8,98,2956.0,426.57777777777767,34.032040816326536,49,0,2941.0,2971.0,2971.0,2941.0,401.57777777777767,451.57777777777767
8,99,2986.0,426.57777777777767,45.672962962962984,54,0,2971.0,3001.0,3001.0,2971.0,401.57777777777767,451.57777777777767
8,100,3016.0,426.57777777777767,44.21666666666667,54,0,3001.0,3031.0,3031.0,3001.0,401.57777777777767,451.57777777777767
8,101,3046.0,426.57777777777767,44.02302325581397,43,0,3031.0,3061.0,3061.0,3031.0,401.57777777777767,451.57777777777767
8,102,3076.0,426.57777777777767,37.97120689655173,58,0,3061.0,3091.0,3091.0,3061.0,401.57777777777767,451.57777777777767
8,103,3106.0,426.57777777777767,36.73885714285714,35,0,3091.0,3121.0,3121.0,3091.0,401.57777777777767,451.57777777777767
8,104,3136.0,426.57777777777767,34.14134328358209,67,0,3121.0,3151.0,3151.0,3121.0,401.57777777777767,451.57777777777767
8,105,3166.0,426.57777777777767,38.020877192982454,57,0,3151.0,3181.0,3181.0,3151.0,401.57777777777767,451.57777777777767
8,106,3196.0,426.57777777777767,45.21270833333333,48,0,3181.0,3211.0,3211.0,3181.0,401.57777777777767,451.57777777777767
8,107,3226.0,426.57777777777767,41.14782608695652,46,0,3211.0,3241.0,3241.0,3211.0,401.57777777777767,451.57777777777767
8,108,3256.0,426.57777777777767,43.565789473684205,57,0,3241.0,3271.0,3271.0,3241.0,401.57777777777767,451.57777777777767
8,109,3286.0,426.57777777777767,36.80983870967743,62,0,3271.0,3301.0,3301.0,3271.0,401.57777777777767,451.57777777777767
8,110,3316.0,426.57777777777767,37.40963636363636,55,0,3301.0,3331.0,3331.0,3301.0,401.57777777777767,451.57777777777767
8,111,3346.0,426.57777777777767,34.28411764705882,68,0,3331.0,3361.0,3361.0,3331.0,401.57777777777767,451.57777777777767
8,112,3376.0,426.57777777777767,25.227812500000006,64,0,3361.0,3391.0,3391.0,3361.0,401.57777777777767,451.57777777777767
8,113,3406.0,426.57777777777767,32.41850746268657,67,0,3391.0,3421.0,3421.0,3391.0,401.57777777777767,451.57777777777767
8,114,3436.0,426.57777777777767,36.2761403508772,57,0,3421.0,3451.0,3451.0,3421.0,401.57777777777767,451.57777777777767
8,115,3466.0,426.57777777777767,34.9024074074074,54,0,3451.0,3481.0,3481.0,3451.0,401.57777777777767,451.57777777777767
8,116,3496.0,426.57777777777767,35.08508771929824,57,0,3481.0,3511.0,3511.0,3481.0,401.57777777777767,451.57777777777767
8,117,3526.0,426.57777777777767,32.258658536585386,82,0,3511.0,3541.0,3541.0,3511.0,401.57777777777767,451.57777777777767
8,118,3556.0,426.57777777777767,37.0425,56,0,3541.0,3571.0,3571.0,3541.0,401.57777777777767,451.57777777777767
8,119,3586.0,426.57777777777767,42.96079999999999,50,0,3571.0,3601.0,3601.0,3571.0,401.57777777777767,451.57777777777767
8,120,3616.0,426.57777777777767,43.28574074074075,54,0,3601.0,3631.0,3631.0,3601.0,401.57777777777767,451.57777777777767
8,121,3646.0,426.57777777777767,41.148181818181804,33,0,3631.0,3661.0,3661.0,3631.0,401.57777777777767,451.57777777777767
8,122,3676.0,426.57777777777767,,0,0,3661.0,3691.0,3691.0,3661.0,401.57777777777767,451.57777777777767
8,123,3706.0,426.57777777777767,,0,0,3691.0,3721.0,3721.0,3691.0,401.57777777777767,451.57777777777767
8,124,3736.0,426.57777777777767,,0,0,3721.0,3751.0,3751.0,3721.0,401.57777777777767,451.57777777777767
8,125,3766.0,426.57777777777767,,0,0,3751.0,3781.0,3781.0,3751.0,401.57777777777767,451.57777777777767
8,126,3796.0,426.57777777777767,,0,0,3781.0,3811.0,3811.0,3781.0,401.57777777777767,451.57777777777767
8,127,3826.0,426.57777777777767,,0,0,3811.0,3841.0,3841.0,3811.0,401.57777777777767,451.57777777777767
8,128,3856.0,426.57777777777767,,0,0,3841.0,3871.0,3871.0,3841.0,401.57777777777767,451.57777777777767
8,129,3886.0,426.57777777777767,,0,0,3871.0,3901.0,3901.0,3871.0,401.57777777777767,451.57777777777767
9,0,16.0,476.57777777777767,58.3545945945946,37,0,1.0,31.0,31.0,1.0,451.57777777777767,501.57777777777767
9,1,46.0,476.57777777777767,65.92133333333332,15,0,31.0,61.0,61.0,31.0,451.57777777777767,501.57777777777767
9,2,76.0,476.57777777777767,70.2076923076923,13,0,61.0,91.0,91.0,61.0,451.57777777777767,501.57777777777767
9,3,106.0,476.57777777777767,66.638,20,0,91.0,121.0,121.0,91.0,451.57777777777767,501.57777777777767
9,4,136.0,476.57777777777767,60.539677419354824,31,0,121.0,151.0,151.0,121.0,451.57777777777767,501.57777777777767
9,5,166.0,476.57777777777767,66.0805,20,0,151.0,181.0,181.0,151.0,451.57777777777767,501.57777777777767
9,6,196.0,476.57777777777767,64.8007894736842,38,0,181.0,211.0,211.0,181.0,451.57777777777767,501.57777777777767
9,7,226.0,476.57777777777767,73.38235294117646,17,0,211.0,241.0,241.0,211.0,451.57777777777767,501.57777777777767
9,8,256.0,476.57777777777767,69.74894736842107,19,0,241.0,271.0,271.0,241.0,451.57777777777767,501.57777777777767
9,9,286.0,476.57777777777767,71.34769230769231,13,0,271.0,301.0,301.0,271.0,451.57777777777767,501.57777777777767
9,10,316.0,476.57777777777767,70.11142857142856,14,0,301.0,331.0,331.0,301.0,451.57777777777767,501.57777777777767
9,11,346.0,476.57777777777767,65.07785714285714,28,0,331.0,361.0,361.0,331.0,451.57777777777767,501.57777777777767
9,12,376.0,476.57777777777767,67.6381818181818,22,0,361.0,391.0,391.0,361.0,451.57777777777767,501.57777777777767
9,13,406.0,476.57777777777767,64.9288,25,0,391.0,421.0,421.0,391.0,451.57777777777767,501.57777777777767
9,14,436.0,476.57777777777767,60.403200000000005,25,0,421.0,451.0,451.0,421.0,451.57777777777767,501.57777777777767
9,15,466.0,476.57777777777767,60.699428571428584,35,0,451.0,481.0,481.0,451.0,451.57777777777767,501.57777777777767
9,16,496.0,476.57777777777767,57.90235294117646,34,0,481.0,511.0,511.0,481.0,451.57777777777767,501.57777777777767
9,17,526.0,476.57777777777767,61.160999999999994,30,0,511.0,541.0,541.0,511.0,451.57777777777767,501.57777777777767
9,18,556.0,476.57777777777767,75.8185,20,0,541.0,571.0,571.0,541.0,451.57777777777767,501.57777777777767
9,19,586.0,476.57777777777767,66.9575,28,0,571.0,601.0,601.0,571.0,451.57777777777767,501.57777777777767
9,20,616.0,476.57777777777767,69.81235294117647,17,0,601.0,631.0,631.0,601.0,451.57777777777767,501.57777777777767
9,21,646.0,476.57777777777767,66.42612903225806,31,0,631.0,661.0,661.0,631.0,451.57777777777767,501.57777777777767
9,22,676.0,476.57777777777767,68.27470588235293,17,0,661.0,691.0,691.0,661.0,451.57777777777767,501.57777777777767
9,23,706.0,476.57777777777767,62.58161290322581,31,0,691.0,721.0,721.0,691.0,451.57777777777767,501.57777777777767
9,24,736.0,476.57777777777767,66.87354838709676,31,0,721.0,751.0,751.0,721.0,451.57777777777767,501.57777777777767
9,25,766.0,476.57777777777767,64.86772727272727,22,0,751.0,781.0,781.0,751.0,451.57777777777767,501.57777777777767
9,26,796.0,476.57777777777767,62.125714285714274,35,0,781.0,811.0,811.0,781.0,451.57777777777767,501.57777777777767
9,27,826.0,476.57777777777767,62.22677419354839,31,0,811.0,841.0,841.0,811.0,451.57777777777767,501.57777777777767
9,28,856.0,476.57777777777767,68.08647058823529,17,0,841.0,871.0,871.0,841.0,451.57777777777767,501.57777777777767
9,29,886.0,476.57777777777767,69.81928571428571,14,0,871.0,901.0,901.0,871.0,451.57777777777767,501.57777777777767
9,30,916.0,476.57777777777767,56.54225806451613,31,0,901.0,931.0,931.0,901.0,451.57777777777767,501.57777777777767
9,31,946.0,476.57777777777767,55.49626984126983,36,0,931.0,961.0,961.0,931.0,451.57777777777767,501.57777777777767
9,32,976.0,476.57777777777767,56.1704761904762,42,0,961.0,991.0,991.0,961.0,451.57777777777767,501.57777777777767
9,33,1006.0,476.57777777777767,52.45875000000001,40,0,991.0,1021.0,1021.0,991.0,451.57777777777767,501.57777777777767
9,34,1036.0,476.57777777777767,54.61868421052632,38,0,1021.0,1051.0,1051.0,1021.0,451.57777777777767,501.57777777777767
9,35,1066.0,476.57777777777767,54.25027027027027,37,0,1051.0,1081.0,1081.0,1051.0,451.57777777777767,501.57777777777767
9,36,1096.0,476.57777777777767,55.35571428571429,35,0,1081.0,1111.0,1111.0,1081.0,451.57777777777767,501.57777777777767
9,37,1126.0,476.57777777777767,54.8655,40,0,1111.0,1141.0,1141.0,1111.0,451.57777777777767,501.57777777777767
9,38,1156.0,476.57777777777767,55.76437499999999,32,0,1141.0,1171.0,1171.0,1141.0,451.57777777777767,501.57777777777767
9,39,1186.0,476.57777777777767,61.76799999999999,20,0,1171.0,1201.0,1201.0,1171.0,451.57777777777767,501.57777777777767
9,40,1216.0,476.57777777777767,60.41419354838711,31,0,1201.0,1231.0,1231.0,1201.0,451.57777777777767,501.57777777777767
9,41,1246.0,476.57777777777767,56.6665,40,0,1231.0,1261.0,1261.0,1231.0,451.57777777777767,501.57777777777767
9,42,1276.0,476.57777777777767,59.27882352941177,34,0,1261.0,1291.0,1291.0,1261.0,451.57777777777767,501.57777777777767
9,43,1306.0,476.57777777777767,58.782692307692294,26,0,1291.0,1321.0,1321.0,1291.0,451.57777777777767,501.57777777777767
9,44,1336.0,476.57777777777767,61.801874999999995,16,0,1321.0,1351.0,1351.0,1321.0,451.57777777777767,501.57777777777767
9,45,1366.0,476.57777777777767,55.38375,24,0,1351.0,1381.0,1381.0,1351.0,451.57777777777767,501.57777777777767
9,46,1396.0,476.57777777777767,59.90883720930233,43,0,1381.0,1411.0,1411.0,1381.0,451.57777777777767,501.57777777777767
9,47,1426.0,476.57777777777767,57.24767441860467,43,0,1411.0,1441.0,1441.0,1411.0,451.57777777777767,501.57777777777767
9,48,1456.0,476.57777777777767,59.868620689655174,29,0,1441.0,1471.0,1471.0,1441.0,451.57777777777767,501.57777777777767
9,49,1486.0,476.57777777777767,50.111860465116244,43,0,1471.0,1501.0,1501.0,1471.0,451.57777777777767,501.57777777777767
9,50,1516.0,476.57777777777767,51.905,32,0,1501.0,1531.0,1531.0,1501.0,451.57777777777767,501.57777777777767
9,51,1546.0,476.57777777777767,44.10952380952381,42,0,1531.0,1561.0,1561.0,1531.0,451.57777777777767,501.57777777777767
9,52,1576.0,476.57777777777767,43.85586956521739,46,0,1561.0,1591.0,1591.0,1561.0,451.57777777777767,501.57777777777767
9,53,1606.0,476.57777777777767,49.27815789473684,38,0,1591.0,1621.0,1621.0,1591.0,451.57777777777767,501.57777777777767
9,54,1636.0,476.57777777777767,51.85882352941176,34,0,1621.0,1651.0,1651.0,1621.0,451.57777777777767,501.57777777777767
9,55,1666.0,476.57777777777767,45.93394736842105,38,0,1651.0,1681.0,1681.0,1651.0,451.57777777777767,501.57777777777767
9,56,1696.0,476.57777777777767,43.093018867924506,53,0,1681.0,1711.0,1711.0,1681.0,451.57777777777767,501.57777777777767
9,57,1726.0,476.57777777777767,41.48333333333334,51,0,1711.0,1741.0,1741.0,1711.0,451.57777777777767,501.57777777777767
9,58,1756.0,476.57777777777767,38.57220338983051,59,0,1741.0,1771.0,1771.0,1741.0,451.57777777777767,501.57777777777767
9,59,1786.0,476.57777777777767,34.39894736842105,57,0,1771.0,1801.0,1801.0,1771.0,451.57777777777767,501.57777777777767
9,60,1816.0,476.57777777777767,38.504583333333315,48,0,1801.0,1831.0,1831.0,1801.0,451.57777777777767,501.57777777777767
9,61,1846.0,476.57777777777767,31.67666666666666,57,0,1831.0,1861.0,1861.0,1831.0,451.57777777777767,501.57777777777767
9,62,1876.0,476.57777777777767,35.54803278688525,61,0,1861.0,1891.0,1891.0,1861.0,451.57777777777767,501.57777777777767
9,63,1906.0,476.57777777777767,39.43137254901961,51,0,1891.0,1921.0,1921.0,1891.0,451.57777777777767,501.57777777777767
9,64,1936.0,476.57777777777767,35.44425655976676,49,0,1921.0,1951.0,1951.0,1921.0,451.57777777777767,501.57777777777767
9,65,1966.0,476.57777777777767,35.58391304347826,46,0,1951.0,1981.0,1981.0,1951.0,451.57777777777767,501.57777777777767
9,66,1996.0,476.57777777777767,32.89313725490198,51,0,1981.0,2011.0,2011.0,1981.0,451.57777777777767,501.57777777777767
9,67,2026.0,476.57777777777767,35.80203389830509,59,0,2011.0,2041.0,2041.0,2011.0,451.57777777777767,501.57777777777767
9,68,2056.0,476.57777777777767,42.670416666666675,48,0,2041.0,2071.0,2071.0,2041.0,451.57777777777767,501.57777777777767
9,69,2086.0,476.57777777777767,44.25787234042553,47,0,2071.0,2101.0,2101.0,2071.0,451.57777777777767,501.57777777777767
9,70,2116.0,476.57777777777767,37.281333333333336,60,0,2101.0,2131.0,2131.0,2101.0,451.57777777777767,501.57777777777767
9,71,2146.0,476.57777777777767,38.80979166666666,48,0,2131.0,2161.0,2161.0,2131.0,451.57777777777767,501.57777777777767
9,72,2176.0,476.57777777777767,35.9062,50,0,2161.0,2191.0,2191.0,2161.0,451.57777777777767,501.57777777777767
9,73,2206.0,476.57777777777767,30.218611111111116,72,0,2191.0,2221.0,2221.0,2191.0,451.57777777777767,501.57777777777767
9,74,2236.0,476.57777777777767,16.62114583333333,96,0,2221.0,2251.0,2251.0,2221.0,451.57777777777767,501.57777777777767
9,75,2266.0,476.57777777777767,25.251315789473686,76,0,2251.0,2281.0,2281.0,2251.0,451.57777777777767,501.57777777777767
9,76,2296.0,476.57777777777767,27.354,55,0,2281.0,2311.0,2311.0,2281.0,451.57777777777767,501.57777777777767
9,77,2326.0,476.57777777777767,36.229772727272724,44,0,2311.0,2341.0,2341.0,2311.0,451.57777777777767,501.57777777777767
9,78,2356.0,476.57777777777767,41.96450980392156,51,0,2341.0,2371.0,2371.0,2341.0,451.57777777777767,501.57777777777767
9,79,2386.0,476.57777777777767,41.250000000000014,58,0,2371.0,2401.0,2401.0,2371.0,451.57777777777767,501.57777777777767
9,80,2416.0,476.57777777777767,42.02756097560976,41,0,2401.0,2431.0,2431.0,2401.0,451.57777777777767,501.57777777777767
9,81,2446.0,476.57777777777767,41.20375,40,0,2431.0,2461.0,2461.0,2431.0,451.57777777777767,501.57777777777767
9,82,2476.0,476.57777777777767,39.3776291793313,47,0,2461.0,2491.0,2491.0,2461.0,451.57777777777767,501.57777777777767
9,83,2506.0,476.57777777777767,38.85363636363636,55,0,2491.0,2521.0,2521.0,2491.0,451.57777777777767,501.57777777777767
9,84,2536.0,476.57777777777767,48.254727272727294,55,0,2521.0,2551.0,2551.0,2521.0,451.57777777777767,501.57777777777767
9,85,2566.0,476.57777777777767,51.99499999999999,40,0,2551.0,2581.0,2581.0,2551.0,451.57777777777767,501.57777777777767
9,86,2596.0,476.57777777777767,52.752439024390256,41,0,2581.0,2611.0,2611.0,2581.0,451.57777777777767,501.57777777777767
9,87,2626.0,476.57777777777767,44.13999999999999,48,0,2611.0,2641.0,2641.0,2611.0,451.57777777777767,501.57777777777767
9,88,2656.0,476.57777777777767,26.224431818181817,88,0,2641.0,2671.0,2671.0,2641.0,451.57777777777767,501.57777777777767
9,89,2686.0,476.57777777777767,18.827590361445782,83,0,2671.0,2701.0,2701.0,2671.0,451.57777777777767,501.57777777777767
9,90,2716.0,476.57777777777767,33.72158333333332,60,0,2701.0,2731.0,2731.0,2701.0,451.57777777777767,501.57777777777767
9,91,2746.0,476.57777777777767,45.002173913043464,46,0,2731.0,2761.0,2761.0,2731.0,451.57777777777767,501.57777777777767
9,92,2776.0,476.57777777777767,42.66603448275863,58,0,2761.0,2791.0,2791.0,2761.0,451.57777777777767,501.57777777777767
9,93,2806.0,476.57777777777767,37.79614285714287,70,0,2791.0,2821.0,2821.0,2791.0,451.57777777777767,501.57777777777767
9,94,2836.0,476.57777777777767,33.93109090909092,55,0,2821.0,2851.0,2851.0,2821.0,451.57777777777767,501.57777777777767
9,95,2866.0,476.57777777777767,39.83425,40,0,2851.0,2881.0,2881.0,2851.0,451.57777777777767,501.57777777777767
9,96,2896.0,476.57777777777767,37.57127659574467,47,0,2881.0,2911.0,2911.0,2881.0,451.57777777777767,501.57777777777767
9,97,2926.0,476.57777777777767,41.426721311475404,61,0,2911.0,2941.0,2941.0,2911.0,451.57777777777767,501.57777777777767
9,98,2956.0,476.57777777777767,38.22465116279071,43,0,2941.0,2971.0,2971.0,2941.0,451.57777777777767,501.57777777777767
9,99,2986.0,476.57777777777767,49.011860465116264,43,0,2971.0,3001.0,3001.0,2971.0,451.57777777777767,501.57777777777767
9,100,3016.0,476.57777777777767,46.63469387755104,49,0,3001.0,3031.0,3031.0,3001.0,451.57777777777767,501.57777777777767
9,101,3046.0,476.57777777777767,45.60522727272727,44,0,3031.0,3061.0,3061.0,3031.0,451.57777777777767,501.57777777777767
9,102,3076.0,476.57777777777767,42.489615384615384,52,0,3061.0,3091.0,3091.0,3061.0,451.57777777777767,501.57777777777767
9,103,3106.0,476.57777777777767,37.63914285714286,35,0,3091.0,3121.0,3121.0,3091.0,451.57777777777767,501.57777777777767
9,104,3136.0,476.57777777777767,36.14920634920633,63,0,3121.0,3151.0,3151.0,3121.0,451.57777777777767,501.57777777777767
9,105,3166.0,476.57777777777767,38.1738596491228,57,0,3151.0,3181.0,3181.0,3151.0,451.57777777777767,501.57777777777767
9,106,3196.0,476.57777777777767,49.06906976744185,43,0,3181.0,3211.0,3211.0,3181.0,451.57777777777767,501.57777777777767
9,107,3226.0,476.57777777777767,45.39113636363637,44,0,3211.0,3241.0,3241.0,3211.0,451.57777777777767,501.57777777777767
9,108,3256.0,476.57777777777767,43.08830188679245,53,0,3241.0,3271.0,3271.0,3241.0,451.57777777777767,501.57777777777767
9,109,3286.0,476.57777777777767,38.60742424242424,66,0,3271.0,3301.0,3301.0,3271.0,451.57777777777767,501.57777777777767
9,110,3316.0,476.57777777777767,39.57000000000001,47,0,3301.0,3331.0,3331.0,3301.0,451.57777777777767,501.57777777777767
9,111,3346.0,476.57777777777767,25.915270270270266,74,0,3331.0,3361.0,3361.0,3331.0,451.57777777777767,501.57777777777767
9,112,3376.0,476.57777777777767,17.47489583333333,96,0,3361.0,3391.0,3391.0,3361.0,451.57777777777767,501.57777777777767
9,113,3406.0,476.57777777777767,31.702857142857148,63,0,3391.0,3421.0,3421.0,3391.0,451.57777777777767,501.57777777777767
9,114,3436.0,476.57777777777767,34.3840625,64,0,3421.0,3451.0,3451.0,3421.0,451.57777777777767,501.57777777777767
9,115,3466.0,476.57777777777767,30.766721311475422,61,0,3451.0,3481.0,3481.0,3451.0,451.57777777777767,501.57777777777767
9,116,3496.0,476.57777777777767,34.293111111111116,45,0,3481.0,3511.0,3511.0,3481.0,451.57777777777767,501.57777777777767
9,117,3526.0,476.57777777777767,32.8658024691358,81,0,3511.0,3541.0,3541.0,3511.0,451.57777777777767,501.57777777777767
9,118,3556.0,476.57777777777767,38.353770491803274,61,0,3541.0,3571.0,3571.0,3541.0,451.57777777777767,501.57777777777767
9,119,3586.0,476.57777777777767,45.157959183673455,49,0,3571.0,3601.0,3601.0,3571.0,451.57777777777767,501.57777777777767
9,120,3616.0,476.57777777777767,44.78134615384616,52,0,3601.0,3631.0,3631.0,3601.0,451.57777777777767,501.57777777777767
9,121,3646.0,476.57777777777767,40.28375,32,0,3631.0,3661.0,3661.0,3631.0,451.57777777777767,501.57777777777767
9,122,3676.0,476.57777777777767,35.22,2,0,3661.0,3691.0,3691.0,3661.0,451.57777777777767,501.57777777777767
9,123,3706.0,476.57777777777767,,0,0,3691.0,3721.0,3721.0,3691.0,451.57777777777767,501.57777777777767
9,124,3736.0,476.57777777777767,,0,0,3721.0,3751.0,3751.0,3721.0,451.57777777777767,501.57777777777767
9,125,3766.0,476.57777777777767,,0,0,3751.0,3781.0,3781.0,3751.0,451.57777777777767,501.57777777777767
9,126,3796.0,476.57777777777767,,0,0,3781.0,3811.0,3811.0,3781.0,451.57777777777767,501.57777777777767
9,127,3826.0,476.57777777777767,,0,0,3811.0,3841.0,3841.0,3811.0,451.57777777777767,501.57777777777767
9,128,3856.0,476.57777777777767,,0,0,3841.0,3871.0,3871.0,3841.0,451.57777777777767,501.57777777777767
9,129,3886.0,476.57777777777767,,0,0,3871.0,3901.0,3901.0,3871.0,451.57777777777767,501.57777777777767
10,0,16.0,526.5777777777777,60.54187500000002,32,0,1.0,31.0,31.0,1.0,501.57777777777767,551.5777777777777
10,1,46.0,526.5777777777777,66.23466666666667,15,0,31.0,61.0,61.0,31.0,501.57777777777767,551.5777777777777
10,2,76.0,526.5777777777777,70.28090909090908,11,0,61.0,91.0,91.0,61.0,501.57777777777767,551.5777777777777
10,3,106.0,526.5777777777777,69.62947368421054,19,0,91.0,121.0,121.0,91.0,501.57777777777767,551.5777777777777
10,4,136.0,526.5777777777777,60.673478260869565,23,0,121.0,151.0,151.0,121.0,501.57777777777767,551.5777777777777
10,5,166.0,526.5777777777777,66.79615384615384,26,0,151.0,181.0,181.0,151.0,501.57777777777767,551.5777777777777
10,6,196.0,526.5777777777777,66.54771428571429,35,0,181.0,211.0,211.0,181.0,501.57777777777767,551.5777777777777
10,7,226.0,526.5777777777777,73.81619047619049,21,0,211.0,241.0,241.0,211.0,501.57777777777767,551.5777777777777
10,8,256.0,526.5777777777777,70.03166666666668,18,0,241.0,271.0,271.0,241.0,501.57777777777767,551.5777777777777
10,9,286.0,526.5777777777777,74.01571428571428,14,0,271.0,301.0,301.0,271.0,501.57777777777767,551.5777777777777
10,10,316.0,526.5777777777777,70.93142857142857,14,0,301.0,331.0,331.0,301.0,501.57777777777767,551.5777777777777
10,11,346.0,526.5777777777777,65.8113043478261,23,0,331.0,361.0,361.0,331.0,501.57777777777767,551.5777777777777
10,12,376.0,526.5777777777777,68.94080000000001,25,0,361.0,391.0,391.0,361.0,501.57777777777767,551.5777777777777
10,13,406.0,526.5777777777777,67.59625000000001,24,0,391.0,421.0,421.0,391.0,501.57777777777767,551.5777777777777
10,14,436.0,526.5777777777777,61.515909090909076,22,0,421.0,451.0,451.0,421.0,501.57777777777767,551.5777777777777
10,15,466.0,526.5777777777777,61.54941176470588,34,0,451.0,481.0,481.0,451.0,501.57777777777767,551.5777777777777
10,16,496.0,526.5777777777777,57.7627027027027,37,0,481.0,511.0,511.0,481.0,501.57777777777767,551.5777777777777
10,17,526.0,526.5777777777777,60.693999999999996,35,0,511.0,541.0,541.0,511.0,501.57777777777767,551.5777777777777
10,18,556.0,526.5777777777777,74.77984126984126,18,0,541.0,571.0,571.0,541.0,501.57777777777767,551.5777777777777
10,19,586.0,526.5777777777777,66.2306896551724,29,0,571.0,601.0,601.0,571.0,501.57777777777767,551.5777777777777
10,20,616.0,526.5777777777777,70.93294117647058,17,0,601.0,631.0,631.0,601.0,501.57777777777767,551.5777777777777
10,21,646.0,526.5777777777777,66.45423076923075,26,0,631.0,661.0,661.0,631.0,501.57777777777767,551.5777777777777
10,22,676.0,526.5777777777777,67.535,16,0,661.0,691.0,691.0,661.0,501.57777777777767,551.5777777777777
10,23,706.0,526.5777777777777,66.18444444444445,27,0,691.0,721.0,721.0,691.0,501.57777777777767,551.5777777777777
10,24,736.0,526.5777777777777,68.31758620689655,29,0,721.0,751.0,751.0,721.0,501.57777777777767,551.5777777777777
10,25,766.0,526.5777777777777,66.2972,25,0,751.0,781.0,781.0,751.0,501.57777777777767,551.5777777777777
10,26,796.0,526.5777777777777,63.43935483870969,31,0,781.0,811.0,811.0,781.0,501.57777777777767,551.5777777777777
10,27,826.0,526.5777777777777,63.778125,32,0,811.0,841.0,841.0,811.0,501.57777777777767,551.5777777777777
10,28,856.0,526.5777777777777,68.02411764705883,17,0,841.0,871.0,871.0,841.0,501.57777777777767,551.5777777777777
10,29,886.0,526.5777777777777,71.28266666666667,15,0,871.0,901.0,901.0,871.0,501.57777777777767,551.5777777777777
10,30,916.0,526.5777777777777,57.21333333333333,27,0,901.0,931.0,931.0,901.0,501.57777777777767,551.5777777777777
10,31,946.0,526.5777777777777,58.135161290322586,31,0,931.0,961.0,961.0,931.0,501.57777777777767,551.5777777777777
10,32,976.0,526.5777777777777,58.27052631578949,38,0,961.0,991.0,991.0,961.0,501.57777777777767,551.5777777777777
10,33,1006.0,526.5777777777777,56.21073170731706,41,0,991.0,1021.0,1021.0,991.0,501.57777777777767,551.5777777777777
10,34,1036.0,526.5777777777777,55.82292682926831,41,0,1021.0,1051.0,1051.0,1021.0,501.57777777777767,551.5777777777777
10,35,1066.0,526.5777777777777,57.62416666666666,36,0,1051.0,1081.0,1081.0,1051.0,501.57777777777767,551.5777777777777
10,36,1096.0,526.5777777777777,58.473225806451616,31,0,1081.0,1111.0,1111.0,1081.0,501.57777777777767,551.5777777777777
10,37,1126.0,526.5777777777777,58.10558823529411,34,0,1111.0,1141.0,1141.0,1111.0,501.57777777777767,551.5777777777777
10,38,1156.0,526.5777777777777,57.97542857142856,35,0,1141.0,1171.0,1171.0,1141.0,501.57777777777767,551.5777777777777
10,39,1186.0,526.5777777777777,64.87105263157895,19,0,1171.0,1201.0,1201.0,1171.0,501.57777777777767,551.5777777777777
10,40,1216.0,526.5777777777777,61.47407407407408,27,0,1201.0,1231.0,1231.0,1201.0,501.57777777777767,551.5777777777777
10,41,1246.0,526.5777777777777,58.090857142857146,35,0,1231.0,1261.0,1261.0,1231.0,501.57777777777767,551.5777777777777
10,42,1276.0,526.5777777777777,59.92656249999998,32,0,1261.0,1291.0,1291.0,1261.0,501.57777777777767,551.5777777777777
10,43,1306.0,526.5777777777777,60.2386956521739,23,0,1291.0,1321.0,1321.0,1291.0,501.57777777777767,551.5777777777777
10,44,1336.0,526.5777777777777,61.07999999999999,21,0,1321.0,1351.0,1351.0,1321.0,501.57777777777767,551.5777777777777
10,45,1366.0,526.5777777777777,55.16882352941175,17,0,1351.0,1381.0,1381.0,1351.0,501.57777777777767,551.5777777777777
10,46,1396.0,526.5777777777777,60.91404761904763,42,0,1381.0,1411.0,1411.0,1381.0,501.57777777777767,551.5777777777777
10,47,1426.0,526.5777777777777,56.78488372093023,43,0,1411.0,1441.0,1441.0,1411.0,501.57777777777767,551.5777777777777
10,48,1456.0,526.5777777777777,56.23545454545454,33,0,1441.0,1471.0,1471.0,1441.0,501.57777777777767,551.5777777777777
10,49,1486.0,526.5777777777777,49.007727272727266,44,0,1471.0,1501.0,1501.0,1471.0,501.57777777777767,551.5777777777777
10,50,1516.0,526.5777777777777,46.29911764705882,34,0,1501.0,1531.0,1531.0,1501.0,501.57777777777767,551.5777777777777
10,51,1546.0,526.5777777777777,42.320765306122446,49,0,1531.0,1561.0,1561.0,1531.0,501.57777777777767,551.5777777777777
10,52,1576.0,526.5777777777777,43.15054545454545,55,0,1561.0,1591.0,1591.0,1561.0,501.57777777777767,551.5777777777777
10,53,1606.0,526.5777777777777,50.50599999999999,40,0,1591.0,1621.0,1621.0,1591.0,501.57777777777767,551.5777777777777
10,54,1636.0,526.5777777777777,50.618547008547,39,0,1621.0,1651.0,1651.0,1621.0,501.57777777777767,551.5777777777777
10,55,1666.0,526.5777777777777,43.04863636363637,44,0,1651.0,1681.0,1681.0,1651.0,501.57777777777767,551.5777777777777
10,56,1696.0,526.5777777777777,42.77264150943396,53,0,1681.0,1711.0,1711.0,1681.0,501.57777777777767,551.5777777777777
10,57,1726.0,526.5777777777777,38.72819672131148,61,0,1711.0,1741.0,1741.0,1711.0,501.57777777777767,551.5777777777777
10,58,1756.0,526.5777777777777,38.72210526315788,57,0,1741.0,1771.0,1771.0,1741.0,501.57777777777767,551.5777777777777
10,59,1786.0,526.5777777777777,32.06353846153847,65,0,1771.0,1801.0,1801.0,1771.0,501.57777777777767,551.5777777777777
10,60,1816.0,526.5777777777777,37.1178,50,0,1801.0,1831.0,1831.0,1801.0,501.57777777777767,551.5777777777777
10,61,1846.0,526.5777777777777,26.184029850746274,67,0,1831.0,1861.0,1861.0,1831.0,501.57777777777767,551.5777777777777
10,62,1876.0,526.5777777777777,31.41842857142857,70,0,1861.0,1891.0,1891.0,1861.0,501.57777777777767,551.5777777777777
10,63,1906.0,526.5777777777777,38.19499999999999,58,0,1891.0,1921.0,1921.0,1891.0,501.57777777777767,551.5777777777777
10,64,1936.0,526.5777777777777,29.99474576271186,59,0,1921.0,1951.0,1951.0,1921.0,501.57777777777767,551.5777777777777
10,65,1966.0,526.5777777777777,31.693137254901963,51,0,1951.0,1981.0,1981.0,1951.0,501.57777777777767,551.5777777777777
10,66,1996.0,526.5777777777777,33.14408163265306,49,0,1981.0,2011.0,2011.0,1981.0,501.57777777777767,551.5777777777777
10,67,2026.0,526.5777777777777,35.158571428571435,56,0,2011.0,2041.0,2041.0,2011.0,501.57777777777767,551.5777777777777
10,68,2056.0,526.5777777777777,36.507719298245625,57,0,2041.0,2071.0,2071.0,2041.0,501.57777777777767,551.5777777777777
10,69,2086.0,526.5777777777777,39.91928571428572,56,0,2071.0,2101.0,2101.0,2071.0,501.57777777777767,551.5777777777777
10,70,2116.0,526.5777777777777,33.37301587301586,63,0,2101.0,2131.0,2131.0,2101.0,501.57777777777767,551.5777777777777
10,71,2146.0,526.5777777777777,35.497169811320745,53,0,2131.0,2161.0,2161.0,2131.0,501.57777777777767,551.5777777777777
10,72,2176.0,526.5777777777777,33.94263157894737,57,0,2161.0,2191.0,2191.0,2161.0,501.57777777777767,551.5777777777777
10,73,2206.0,526.5777777777777,17.496764705882352,102,0,2191.0,2221.0,2221.0,2191.0,501.57777777777767,551.5777777777777
10,74,2236.0,526.5777777777777,17.489791666666672,96,0,2221.0,2251.0,2251.0,2221.0,501.57777777777767,551.5777777777777
10,75,2266.0,526.5777777777777,24.424933333333335,75,0,2251.0,2281.0,2281.0,2251.0,501.57777777777767,551.5777777777777
10,76,2296.0,526.5777777777777,27.46671875000001,64,0,2281.0,2311.0,2311.0,2281.0,501.57777777777767,551.5777777777777
10,77,2326.0,526.5777777777777,36.75894736842106,38,0,2311.0,2341.0,2341.0,2311.0,501.57777777777767,551.5777777777777
10,78,2356.0,526.5777777777777,36.960370370370384,54,0,2341.0,2371.0,2371.0,2341.0,501.57777777777767,551.5777777777777
10,79,2386.0,526.5777777777777,38.15068965517242,58,0,2371.0,2401.0,2401.0,2371.0,501.57777777777767,551.5777777777777
10,80,2416.0,526.5777777777777,37.63279999999999,50,0,2401.0,2431.0,2431.0,2401.0,501.57777777777767,551.5777777777777
10,81,2446.0,526.5777777777777,36.22536585365853,41,0,2431.0,2461.0,2461.0,2431.0,501.57777777777767,551.5777777777777
10,82,2476.0,526.5777777777777,37.561428571428564,49,0,2461.0,2491.0,2491.0,2461.0,501.57777777777767,551.5777777777777
10,83,2506.0,526.5777777777777,35.370535714285715,56,0,2491.0,2521.0,2521.0,2491.0,501.57777777777767,551.5777777777777
10,84,2536.0,526.5777777777777,44.07466666666666,60,0,2521.0,2551.0,2551.0,2521.0,501.57777777777767,551.5777777777777
10,85,2566.0,526.5777777777777,49.82363636363636,44,0,2551.0,2581.0,2581.0,2551.0,501.57777777777767,551.5777777777777
10,86,2596.0,526.5777777777777,48.70166666666667,42,0,2581.0,2611.0,2611.0,2581.0,501.57777777777767,551.5777777777777
10,87,2626.0,526.5777777777777,41.367142857142845,49,0,2611.0,2641.0,2641.0,2611.0,501.57777777777767,551.5777777777777
10,88,2656.0,526.5777777777777,18.176981132075476,106,0,2641.0,2671.0,2671.0,2641.0,501.57777777777767,551.5777777777777
10,89,2686.0,526.5777777777777,14.855098039215688,102,0,2671.0,2701.0,2701.0,2671.0,501.57777777777767,551.5777777777777
10,90,2716.0,526.5777777777777,27.68382352941176,68,0,2701.0,2731.0,2731.0,2701.0,501.57777777777767,551.5777777777777
10,91,2746.0,526.5777777777777,41.29470588235293,51,0,2731.0,2761.0,2761.0,2731.0,501.57777777777767,551.5777777777777
10,92,2776.0,526.5777777777777,38.38966101694915,59,0,2761.0,2791.0,2791.0,2761.0,501.57777777777767,551.5777777777777
10,93,2806.0,526.5777777777777,33.244125000000004,80,0,2791.0,2821.0,2821.0,2791.0,501.57777777777767,551.5777777777777
10,94,2836.0,526.5777777777777,24.426249999999992,88,0,2821.0,2851.0,2851.0,2821.0,501.57777777777767,551.5777777777777
10,95,2866.0,526.5777777777777,35.972127659574475,47,0,2851.0,2881.0,2881.0,2851.0,501.57777777777767,551.5777777777777
10,96,2896.0,526.5777777777777,32.84660714285713,56,0,2881.0,2911.0,2911.0,2881.0,501.57777777777767,551.5777777777777
10,97,2926.0,526.5777777777777,38.9136842105263,57,0,2911.0,2941.0,2941.0,2911.0,501.57777777777767,551.5777777777777
10,98,2956.0,526.5777777777777,40.83390243902439,41,0,2941.0,2971.0,2971.0,2941.0,501.57777777777767,551.5777777777777
10,99,2986.0,526.5777777777777,48.496376811594196,46,0,2971.0,3001.0,3001.0,2971.0,501.57777777777767,551.5777777777777
10,100,3016.0,526.5777777777777,44.99150943396228,53,0,3001.0,3031.0,3031.0,3001.0,501.57777777777767,551.5777777777777
10,101,3046.0,526.5777777777777,42.348200000000006,50,0,3031.0,3061.0,3061.0,3031.0,501.57777777777767,551.5777777777777
10,102,3076.0,526.5777777777777,42.76911111111111,45,0,3061.0,3091.0,3091.0,3061.0,501.57777777777767,551.5777777777777
10,103,3106.0,526.5777777777777,37.1165909090909,44,0,3091.0,3121.0,3121.0,3091.0,501.57777777777767,551.5777777777777
10,104,3136.0,526.5777777777777,36.2801923076923,52,0,3121.0,3151.0,3151.0,3121.0,501.57777777777767,551.5777777777777
10,105,3166.0,526.5777777777777,38.509333333333345,60,0,3151.0,3181.0,3181.0,3151.0,501.57777777777767,551.5777777777777
10,106,3196.0,526.5777777777777,47.44877551020409,49,0,3181.0,3211.0,3211.0,3181.0,501.57777777777767,551.5777777777777
10,107,3226.0,526.5777777777777,44.079999999999984,42,0,3211.0,3241.0,3241.0,3211.0,501.57777777777767,551.5777777777777
10,108,3256.0,526.5777777777777,35.88676923076923,65,0,3241.0,3271.0,3271.0,3241.0,501.57777777777767,551.5777777777777
10,109,3286.0,526.5777777777777,32.45608108108107,74,0,3271.0,3301.0,3301.0,3271.0,501.57777777777767,551.5777777777777
10,110,3316.0,526.5777777777777,31.59013698630137,73,0,3301.0,3331.0,3331.0,3301.0,501.57777777777767,551.5777777777777
10,111,3346.0,526.5777777777777,17.91954022988505,87,0,3331.0,3361.0,3361.0,3331.0,501.57777777777767,551.5777777777777
10,112,3376.0,526.5777777777777,18.503673469387763,98,0,3361.0,3391.0,3391.0,3361.0,501.57777777777767,551.5777777777777
10,113,3406.0,526.5777777777777,29.43447761194031,67,0,3391.0,3421.0,3421.0,3391.0,501.57777777777767,551.5777777777777
10,114,3436.0,526.5777777777777,29.699999999999996,74,0,3421.0,3451.0,3451.0,3421.0,501.57777777777767,551.5777777777777
10,115,3466.0,526.5777777777777,24.983466666666672,75,0,3451.0,3481.0,3481.0,3451.0,501.57777777777767,551.5777777777777
10,116,3496.0,526.5777777777777,25.593823529411765,68,0,3481.0,3511.0,3511.0,3481.0,501.57777777777767,551.5777777777777
10,117,3526.0,526.5777777777777,32.958421052631586,76,0,3511.0,3541.0,3541.0,3511.0,501.57777777777767,551.5777777777777
10,118,3556.0,526.5777777777777,35.26202702702703,74,0,3541.0,3571.0,3571.0,3541.0,501.57777777777767,551.5777777777777
10,119,3586.0,526.5777777777777,40.27909090909092,55,0,3571.0,3601.0,3601.0,3571.0,501.57777777777767,551.5777777777777
10,120,3616.0,526.5777777777777,41.93842105263158,57,0,3601.0,3631.0,3631.0,3601.0,501.57777777777767,551.5777777777777
10,121,3646.0,526.5777777777777,34.88999999999999,42,0,3631.0,3661.0,3661.0,3631.0,501.57777777777767,551.5777777777777
10,122,3676.0,526.5777777777777,31.88555555555556,9,0,3661.0,3691.0,3691.0,3661.0,501.57777777777767,551.5777777777777
10,123,3706.0,526.5777777777777,,0,0,3691.0,3721.0,3721.0,3691.0,501.57777777777767,551.5777777777777
10,124,3736.0,526.5777777777777,,0,0,3721.0,3751.0,3751.0,3721.0,501.57777777777767,551.5777777777777
10,125,3766.0,526.5777777777777,,0,0,3751.0,3781.0,3781.0,3751.0,501.57777777777767,551.5777777777777
10,126,3796.0,526.5777777777777,,0,0,3781.0,3811.0,3811.0,3781.0,501.57777777777767,551.5777777777777
10,127,3826.0,526.5777777777777,,0,0,3811.0,3841.0,3841.0,3811.0,501.57777777777767,551.5777777777777
10,128,3856.0,526.5777777777777,,0,0,3841.0,3871.0,3871.0,3841.0,501.57777777777767,551.5777777777777
10,129,3886.0,526.5777777777777,,0,0,3871.0,3901.0,3901.0,3871.0,501.57777777777767,551.5777777777777
11,0,16.0,576.5777777777777,64.18136363636364,22,0,1.0,31.0,31.0,1.0,551.5777777777777,601.5777777777777
11,1,46.0,576.5777777777777,64.88478260869564,23,0,31.0,61.0,61.0,31.0,551.5777777777777,601.5777777777777
11,2,76.0,576.5777777777777,72.56357142857142,14,0,61.0,91.0,91.0,61.0,551.5777777777777,601.5777777777777
11,3,106.0,576.5777777777777,70.0375,16,0,91.0,121.0,121.0,91.0,551.5777777777777,601.5777777777777
11,4,136.0,576.5777777777777,63.40272727272727,22,0,121.0,151.0,151.0,121.0,551.5777777777777,601.5777777777777
11,5,166.0,576.5777777777777,66.09633333333333,30,0,151.0,181.0,181.0,151.0,551.5777777777777,601.5777777777777
11,6,196.0,576.5777777777777,65.29321428571428,28,0,181.0,211.0,211.0,181.0,551.5777777777777,601.5777777777777
11,7,226.0,576.5777777777777,72.3295,20,0,211.0,241.0,241.0,211.0,551.5777777777777,601.5777777777777
11,8,256.0,576.5777777777777,67.74214285714285,14,0,241.0,271.0,271.0,241.0,551.5777777777777,601.5777777777777
11,9,286.0,576.5777777777777,72.3225,12,0,271.0,301.0,301.0,271.0,551.5777777777777,601.5777777777777
11,10,316.0,576.5777777777777,70.438125,16,0,301.0,331.0,331.0,301.0,551.5777777777777,601.5777777777777
11,11,346.0,576.5777777777777,64.42157894736842,19,0,331.0,361.0,361.0,331.0,551.5777777777777,601.5777777777777
11,12,376.0,576.5777777777777,67.89727272727274,22,0,361.0,391.0,391.0,361.0,551.5777777777777,601.5777777777777
11,13,406.0,576.5777777777777,70.57849999999999,20,0,391.0,421.0,421.0,391.0,551.5777777777777,601.5777777777777
11,14,436.0,576.5777777777777,63.017894736842116,19,0,421.0,451.0,451.0,421.0,551.5777777777777,601.5777777777777
11,15,466.0,576.5777777777777,63.339999999999996,34,0,451.0,481.0,481.0,451.0,551.5777777777777,601.5777777777777
11,16,496.0,576.5777777777777,60.3242857142857,35,0,481.0,511.0,511.0,481.0,551.5777777777777,601.5777777777777
11,17,526.0,576.5777777777777,60.617272727272734,33,0,511.0,541.0,541.0,511.0,551.5777777777777,601.5777777777777
11,18,556.0,576.5777777777777,73.51647058823531,17,0,541.0,571.0,571.0,541.0,551.5777777777777,601.5777777777777
11,19,586.0,576.5777777777777,67.71681818181818,22,0,571.0,601.0,601.0,571.0,551.5777777777777,601.5777777777777
11,20,616.0,576.5777777777777,72.3521052631579,19,0,601.0,631.0,631.0,601.0,551.5777777777777,601.5777777777777
11,21,646.0,576.5777777777777,65.9609090909091,22,0,631.0,661.0,661.0,631.0,551.5777777777777,601.5777777777777
11,22,676.0,576.5777777777777,68.32608695652175,23,0,661.0,691.0,691.0,661.0,551.5777777777777,601.5777777777777
11,23,706.0,576.5777777777777,68.05239999999999,25,0,691.0,721.0,721.0,691.0,551.5777777777777,601.5777777777777
11,24,736.0,576.5777777777777,67.8988,25,0,721.0,751.0,751.0,721.0,551.5777777777777,601.5777777777777
11,25,766.0,576.5777777777777,67.15439999999998,25,0,751.0,781.0,781.0,751.0,551.5777777777777,601.5777777777777
11,26,796.0,576.5777777777777,65.41499999999999,30,0,781.0,811.0,811.0,781.0,551.5777777777777,601.5777777777777
11,27,826.0,576.5777777777777,67.04259259259258,27,0,811.0,841.0,841.0,811.0,551.5777777777777,601.5777777777777
11,28,856.0,576.5777777777777,66.49680000000001,25,0,841.0,871.0,871.0,841.0,551.5777777777777,601.5777777777777
11,29,886.0,576.5777777777777,73.471875,16,0,871.0,901.0,901.0,871.0,551.5777777777777,601.5777777777777
11,30,916.0,576.5777777777777,58.2728,25,0,901.0,931.0,931.0,901.0,551.5777777777777,601.5777777777777
11,31,946.0,576.5777777777777,58.539062499999986,32,0,931.0,961.0,961.0,931.0,551.5777777777777,601.5777777777777
11,32,976.0,576.5777777777777,58.582631578947364,38,0,961.0,991.0,991.0,961.0,551.5777777777777,601.5777777777777
11,33,1006.0,576.5777777777777,57.26717948717949,39,0,991.0,1021.0,1021.0,991.0,551.5777777777777,601.5777777777777
11,34,1036.0,576.5777777777777,55.49139534883721,43,0,1021.0,1051.0,1051.0,1021.0,551.5777777777777,601.5777777777777
11,35,1066.0,576.5777777777777,58.8482857142857,35,0,1051.0,1081.0,1081.0,1051.0,551.5777777777777,601.5777777777777
11,36,1096.0,576.5777777777777,59.303793103448285,29,0,1081.0,1111.0,1111.0,1081.0,551.5777777777777,601.5777777777777
11,37,1126.0,576.5777777777777,60.64323529411766,34,0,1111.0,1141.0,1141.0,1111.0,551.5777777777777,601.5777777777777
11,38,1156.0,576.5777777777777,58.60525000000001,40,0,1141.0,1171.0,1171.0,1141.0,551.5777777777777,601.5777777777777
11,39,1186.0,576.5777777777777,66.054,20,0,1171.0,1201.0,1201.0,1171.0,551.5777777777777,601.5777777777777
11,40,1216.0,576.5777777777777,62.737083333333324,24,0,1201.0,1231.0,1231.0,1201.0,551.5777777777777,601.5777777777777
11,41,1246.0,576.5777777777777,60.19583333333334,36,0,1231.0,1261.0,1261.0,1231.0,551.5777777777777,601.5777777777777
11,42,1276.0,576.5777777777777,59.93935483870967,31,0,1261.0,1291.0,1291.0,1261.0,551.5777777777777,601.5777777777777
11,43,1306.0,576.5777777777777,61.067499999999995,24,0,1291.0,1321.0,1321.0,1291.0,551.5777777777777,601.5777777777777
11,44,1336.0,576.5777777777777,61.68090909090909,22,0,1321.0,1351.0,1351.0,1321.0,551.5777777777777,601.5777777777777
11,45,1366.0,576.5777777777777,56.642857142857146,14,0,1351.0,1381.0,1381.0,1351.0,551.5777777777777,601.5777777777777
11,46,1396.0,576.5777777777777,60.85230769230769,39,0,1381.0,1411.0,1411.0,1381.0,551.5777777777777,601.5777777777777
11,47,1426.0,576.5777777777777,54.4163829787234,47,0,1411.0,1441.0,1441.0,1411.0,551.5777777777777,601.5777777777777
11,48,1456.0,576.5777777777777,54.291315789473686,38,0,1441.0,1471.0,1471.0,1441.0,551.5777777777777,601.5777777777777
11,49,1486.0,576.5777777777777,48.26975,40,0,1471.0,1501.0,1501.0,1471.0,551.5777777777777,601.5777777777777
11,50,1516.0,576.5777777777777,44.69342857142857,35,0,1501.0,1531.0,1531.0,1501.0,551.5777777777777,601.5777777777777
11,51,1546.0,576.5777777777777,43.56844444444445,45,0,1531.0,1561.0,1561.0,1531.0,551.5777777777777,601.5777777777777
11,52,1576.0,576.5777777777777,40.46344827586208,58,0,1561.0,1591.0,1591.0,1561.0,551.5777777777777,601.5777777777777
11,53,1606.0,576.5777777777777,47.1708,50,0,1591.0,1621.0,1621.0,1591.0,551.5777777777777,601.5777777777777
11,54,1636.0,576.5777777777777,43.831111111111106,45,0,1621.0,1651.0,1651.0,1621.0,551.5777777777777,601.5777777777777
11,55,1666.0,576.5777777777777,37.25081632653061,49,0,1651.0,1681.0,1681.0,1651.0,551.5777777777777,601.5777777777777
11,56,1696.0,576.5777777777777,40.45962962962964,54,0,1681.0,1711.0,1711.0,1681.0,551.5777777777777,601.5777777777777
11,57,1726.0,576.5777777777777,35.46586206896553,58,0,1711.0,1741.0,1741.0,1711.0,551.5777777777777,601.5777777777777
11,58,1756.0,576.5777777777777,33.59813333333332,75,0,1741.0,1771.0,1771.0,1741.0,551.5777777777777,601.5777777777777
11,59,1786.0,576.5777777777777,34.6788524590164,61,0,1771.0,1801.0,1801.0,1771.0,551.5777777777777,601.5777777777777
11,60,1816.0,576.5777777777777,32.22816666666669,60,0,1801.0,1831.0,1831.0,1801.0,551.5777777777777,601.5777777777777
11,61,1846.0,576.5777777777777,27.158571428571427,56,0,1831.0,1861.0,1861.0,1831.0,551.5777777777777,601.5777777777777
11,62,1876.0,576.5777777777777,28.418378378378385,74,0,1861.0,1891.0,1891.0,1861.0,551.5777777777777,601.5777777777777
11,63,1906.0,576.5777777777777,28.987261904761898,84,0,1891.0,1921.0,1921.0,1891.0,551.5777777777777,601.5777777777777
11,64,1936.0,576.5777777777777,21.66575342465754,73,0,1921.0,1951.0,1951.0,1921.0,551.5777777777777,601.5777777777777
11,65,1966.0,576.5777777777777,29.478709677419353,62,0,1951.0,1981.0,1981.0,1951.0,551.5777777777777,601.5777777777777
11,66,1996.0,576.5777777777777,37.01730769230768,52,0,1981.0,2011.0,2011.0,1981.0,551.5777777777777,601.5777777777777
11,67,2026.0,576.5777777777777,35.97604166666667,48,0,2011.0,2041.0,2041.0,2011.0,551.5777777777777,601.5777777777777
11,68,2056.0,576.5777777777777,29.869589041095885,73,0,2041.0,2071.0,2071.0,2041.0,551.5777777777777,601.5777777777777
11,69,2086.0,576.5777777777777,30.864567901234583,81,0,2071.0,2101.0,2101.0,2071.0,551.5777777777777,601.5777777777777
11,70,2116.0,576.5777777777777,23.014705882352946,85,0,2101.0,2131.0,2131.0,2101.0,551.5777777777777,601.5777777777777
11,71,2146.0,576.5777777777777,30.269264705882353,68,0,2131.0,2161.0,2161.0,2131.0,551.5777777777777,601.5777777777777
11,72,2176.0,576.5777777777777,25.7308695652174,69,0,2161.0,2191.0,2191.0,2161.0,551.5777777777777,601.5777777777777
11,73,2206.0,576.5777777777777,14.208761904761909,105,0,2191.0,2221.0,2221.0,2191.0,551.5777777777777,601.5777777777777
11,74,2236.0,576.5777777777777,22.65298850574712,87,0,2221.0,2251.0,2251.0,2221.0,551.5777777777777,601.5777777777777
11,75,2266.0,576.5777777777777,22.993376623376626,77,0,2251.0,2281.0,2281.0,2251.0,551.5777777777777,601.5777777777777
11,76,2296.0,576.5777777777777,27.223529411764705,68,0,2281.0,2311.0,2311.0,2281.0,551.5777777777777,601.5777777777777
11,77,2326.0,576.5777777777777,34.815,46,0,2311.0,2341.0,2341.0,2311.0,551.5777777777777,601.5777777777777
11,78,2356.0,576.5777777777777,31.38031746031746,63,0,2341.0,2371.0,2371.0,2341.0,551.5777777777777,601.5777777777777
11,79,2386.0,576.5777777777777,34.81484848484849,66,0,2371.0,2401.0,2401.0,2371.0,551.5777777777777,601.5777777777777
11,80,2416.0,576.5777777777777,32.951044776119396,67,0,2401.0,2431.0,2431.0,2401.0,551.5777777777777,601.5777777777777
11,81,2446.0,576.5777777777777,33.394375,48,0,2431.0,2461.0,2461.0,2431.0,551.5777777777777,601.5777777777777
11,82,2476.0,576.5777777777777,38.064347826086966,46,0,2461.0,2491.0,2491.0,2461.0,551.5777777777777,601.5777777777777
11,83,2506.0,576.5777777777777,33.06076923076922,65,0,2491.0,2521.0,2521.0,2491.0,551.5777777777777,601.5777777777777
11,84,2536.0,576.5777777777777,39.93866666666666,75,0,2521.0,2551.0,2551.0,2521.0,551.5777777777777,601.5777777777777
11,85,2566.0,576.5777777777777,43.991636363636374,55,0,2551.0,2581.0,2581.0,2551.0,551.5777777777777,601.5777777777777
11,86,2596.0,576.5777777777777,44.44531914893618,47,0,2581.0,2611.0,2611.0,2581.0,551.5777777777777,601.5777777777777
11,87,2626.0,576.5777777777777,35.042678571428574,56,0,2611.0,2641.0,2641.0,2611.0,551.5777777777777,601.5777777777777
11,88,2656.0,576.5777777777777,16.007789473684202,95,0,2641.0,2671.0,2671.0,2641.0,551.5777777777777,601.5777777777777
11,89,2686.0,576.5777777777777,22.360394736842103,76,0,2671.0,2701.0,2701.0,2671.0,551.5777777777777,601.5777777777777
11,90,2716.0,576.5777777777777,29.90242424242424,66,0,2701.0,2731.0,2731.0,2701.0,551.5777777777777,601.5777777777777
11,91,2746.0,576.5777777777777,30.693918918918904,74,0,2731.0,2761.0,2761.0,2731.0,551.5777777777777,601.5777777777777
11,92,2776.0,576.5777777777777,32.27232876712329,73,0,2761.0,2791.0,2791.0,2761.0,551.5777777777777,601.5777777777777
11,93,2806.0,576.5777777777777,26.840199999999996,100,0,2791.0,2821.0,2821.0,2791.0,551.5777777777777,601.5777777777777
11,94,2836.0,576.5777777777777,20.211960784313728,102,0,2821.0,2851.0,2851.0,2821.0,551.5777777777777,601.5777777777777
11,95,2866.0,576.5777777777777,27.116760563380275,71,0,2851.0,2881.0,2881.0,2851.0,551.5777777777777,601.5777777777777
11,96,2896.0,576.5777777777777,29.830000000000002,59,0,2881.0,2911.0,2911.0,2881.0,551.5777777777777,601.5777777777777
11,97,2926.0,576.5777777777777,37.843333333333334,60,0,2911.0,2941.0,2941.0,2911.0,551.5777777777777,601.5777777777777
11,98,2956.0,576.5777777777777,42.20630434782609,46,0,2941.0,2971.0,2971.0,2941.0,551.5777777777777,601.5777777777777
11,99,2986.0,576.5777777777777,46.941590909090905,44,0,2971.0,3001.0,3001.0,2971.0,551.5777777777777,601.5777777777777
11,100,3016.0,576.5777777777777,44.56530612244897,49,0,3001.0,3031.0,3031.0,3001.0,551.5777777777777,601.5777777777777
11,101,3046.0,576.5777777777777,39.36016949152542,59,0,3031.0,3061.0,3061.0,3031.0,551.5777777777777,601.5777777777777
11,102,3076.0,576.5777777777777,45.187317073170725,41,0,3061.0,3091.0,3091.0,3061.0,551.5777777777777,601.5777777777777
11,103,3106.0,576.5777777777777,37.34006289308175,53,0,3091.0,3121.0,3121.0,3091.0,551.5777777777777,601.5777777777777
11,104,3136.0,576.5777777777777,36.772181818181814,55,0,3121.0,3151.0,3151.0,3121.0,551.5777777777777,601.5777777777777
11,105,3166.0,576.5777777777777,39.87528301886793,53,0,3151.0,3181.0,3181.0,3151.0,551.5777777777777,601.5777777777777
11,106,3196.0,576.5777777777777,42.512622950819654,61,0,3181.0,3211.0,3211.0,3181.0,551.5777777777777,601.5777777777777
11,107,3226.0,576.5777777777777,43.741,40,0,3211.0,3241.0,3241.0,3211.0,551.5777777777777,601.5777777777777
11,108,3256.0,576.5777777777777,29.201095890410958,73,0,3241.0,3271.0,3271.0,3241.0,551.5777777777777,601.5777777777777
11,109,3286.0,576.5777777777777,27.685058823529406,85,0,3271.0,3301.0,3301.0,3271.0,551.5777777777777,601.5777777777777
11,110,3316.0,576.5777777777777,22.81924731182796,93,0,3301.0,3331.0,3331.0,3301.0,551.5777777777777,601.5777777777777
11,111,3346.0,576.5777777777777,11.472115384615389,104,0,3331.0,3361.0,3361.0,3331.0,551.5777777777777,601.5777777777777
11,112,3376.0,576.5777777777777,22.702413793103453,87,0,3361.0,3391.0,3391.0,3361.0,551.5777777777777,601.5777777777777
11,113,3406.0,576.5777777777777,26.513239436619706,71,0,3391.0,3421.0,3421.0,3391.0,551.5777777777777,601.5777777777777
11,114,3436.0,576.5777777777777,21.946666666666662,96,0,3421.0,3451.0,3451.0,3421.0,551.5777777777777,601.5777777777777
11,115,3466.0,576.5777777777777,21.20065789473684,76,0,3451.0,3481.0,3481.0,3451.0,551.5777777777777,601.5777777777777
11,116,3496.0,576.5777777777777,24.000365853658543,82,0,3481.0,3511.0,3511.0,3481.0,551.5777777777777,601.5777777777777
11,117,3526.0,576.5777777777777,32.52953846153846,65,0,3511.0,3541.0,3541.0,3511.0,551.5777777777777,601.5777777777777
11,118,3556.0,576.5777777777777,32.85719512195122,82,0,3541.0,3571.0,3571.0,3541.0,551.5777777777777,601.5777777777777
11,119,3586.0,576.5777777777777,33.898666666666664,60,0,3571.0,3601.0,3601.0,3571.0,551.5777777777777,601.5777777777777
11,120,3616.0,576.5777777777777,31.106081081081097,74,0,3601.0,3631.0,3631.0,3601.0,551.5777777777777,601.5777777777777
11,121,3646.0,576.5777777777777,26.806825396825406,63,0,3631.0,3661.0,3661.0,3631.0,551.5777777777777,601.5777777777777
11,122,3676.0,576.5777777777777,28.465769230769236,26,0,3661.0,3691.0,3691.0,3661.0,551.5777777777777,601.5777777777777
11,123,3706.0,576.5777777777777,,0,0,3691.0,3721.0,3721.0,3691.0,551.5777777777777,601.5777777777777
11,124,3736.0,576.5777777777777,,0,0,3721.0,3751.0,3751.0,3721.0,551.5777777777777,601.5777777777777
11,125,3766.0,576.5777777777777,,0,0,3751.0,3781.0,3781.0,3751.0,551.5777777777777,601.5777777777777
11,126,3796.0,576.5777777777777,,0,0,3781.0,3811.0,3811.0,3781.0,551.5777777777777,601.5777777777777
11,127,3826.0,576.5777777777777,,0,0,3811.0,3841.0,3841.0,3811.0,551.5777777777777,601.5777777777777
11,128,3856.0,576.5777777777777,,0,0,3841.0,3871.0,3871.0,3841.0,551.5777777777777,601.5777777777777
11,129,3886.0,576.5777777777777,,0,0,3871.0,3901.0,3901.0,3871.0,551.5777777777777,601.5777777777777
12,0,16.0,626.5777777777777,69.025,24,0,1.0,31.0,31.0,1.0,601.5777777777777,651.5777777777777
12,1,46.0,626.5777777777777,63.42719999999999,25,0,31.0,61.0,61.0,31.0,601.5777777777777,651.5777777777777
12,2,76.0,626.5777777777777,71.78833333333334,12,0,61.0,91.0,91.0,61.0,601.5777777777777,651.5777777777777
12,3,106.0,626.5777777777777,69.29466666666667,15,0,91.0,121.0,121.0,91.0,601.5777777777777,651.5777777777777
12,4,136.0,626.5777777777777,64.68825396825397,21,0,121.0,151.0,151.0,121.0,601.5777777777777,651.5777777777777
12,5,166.0,626.5777777777777,65.76466666666666,30,0,151.0,181.0,181.0,151.0,601.5777777777777,651.5777777777777
12,6,196.0,626.5777777777777,69.13379310344827,29,0,181.0,211.0,211.0,181.0,601.5777777777777,651.5777777777777
12,7,226.0,626.5777777777777,73.725,30,0,211.0,241.0,241.0,211.0,601.5777777777777,651.5777777777777
12,8,256.0,626.5777777777777,68.02705882352942,17,0,241.0,271.0,271.0,241.0,601.5777777777777,651.5777777777777
12,9,286.0,626.5777777777777,74.75466666666667,15,0,271.0,301.0,301.0,271.0,601.5777777777777,651.5777777777777
12,10,316.0,626.5777777777777,73.18545454545455,11,0,301.0,331.0,331.0,301.0,601.5777777777777,651.5777777777777
12,11,346.0,626.5777777777777,65.97550000000001,20,0,331.0,361.0,361.0,331.0,601.5777777777777,651.5777777777777
12,12,376.0,626.5777777777777,70.15038461538461,26,0,361.0,391.0,391.0,361.0,601.5777777777777,651.5777777777777
12,13,406.0,626.5777777777777,70.53545454545453,22,0,391.0,421.0,421.0,391.0,601.5777777777777,651.5777777777777
12,14,436.0,626.5777777777777,63.79318181818181,22,0,421.0,451.0,451.0,421.0,601.5777777777777,651.5777777777777
12,15,466.0,626.5777777777777,61.08925925925927,27,0,451.0,481.0,481.0,451.0,601.5777777777777,651.5777777777777
12,16,496.0,626.5777777777777,61.4297142857143,35,0,481.0,511.0,511.0,481.0,601.5777777777777,651.5777777777777
12,17,526.0,626.5777777777777,59.85794117647059,34,0,511.0,541.0,541.0,511.0,601.5777777777777,651.5777777777777
12,18,556.0,626.5777777777777,70.79882352941178,17,0,541.0,571.0,571.0,541.0,601.5777777777777,651.5777777777777
12,19,586.0,626.5777777777777,64.84064516129033,31,0,571.0,601.0,601.0,571.0,601.5777777777777,651.5777777777777
12,20,616.0,626.5777777777777,71.03904761904762,21,0,601.0,631.0,631.0,601.0,601.5777777777777,651.5777777777777
12,21,646.0,626.5777777777777,64.82666666666668,24,0,631.0,661.0,661.0,631.0,601.5777777777777,651.5777777777777
12,22,676.0,626.5777777777777,67.90799999999999,20,0,661.0,691.0,691.0,661.0,601.5777777777777,651.5777777777777
12,23,706.0,626.5777777777777,65.73428571428572,28,0,691.0,721.0,721.0,691.0,601.5777777777777,651.5777777777777
12,24,736.0,626.5777777777777,66.76972222222223,36,0,721.0,751.0,751.0,721.0,601.5777777777777,651.5777777777777
12,25,766.0,626.5777777777777,65.9576,25,0,751.0,781.0,781.0,751.0,601.5777777777777,651.5777777777777
12,26,796.0,626.5777777777777,63.74833333333333,30,0,781.0,811.0,811.0,781.0,601.5777777777777,651.5777777777777
12,27,826.0,626.5777777777777,64.78099999999999,30,0,811.0,841.0,841.0,811.0,601.5777777777777,651.5777777777777
12,28,856.0,626.5777777777777,64.91259259259259,27,0,841.0,871.0,871.0,841.0,601.5777777777777,651.5777777777777
12,29,886.0,626.5777777777777,71.3523076923077,13,0,871.0,901.0,901.0,871.0,601.5777777777777,651.5777777777777
12,30,916.0,626.5777777777777,59.77576923076923,26,0,901.0,931.0,931.0,901.0,601.5777777777777,651.5777777777777
12,31,946.0,626.5777777777777,58.48741935483869,31,0,931.0,961.0,961.0,931.0,601.5777777777777,651.5777777777777
12,32,976.0,626.5777777777777,57.91333333333333,48,0,961.0,991.0,991.0,961.0,601.5777777777777,651.5777777777777
12,33,1006.0,626.5777777777777,56.13972972972973,37,0,991.0,1021.0,1021.0,991.0,601.5777777777777,651.5777777777777
12,34,1036.0,626.5777777777777,54.3213953488372,43,0,1021.0,1051.0,1051.0,1021.0,601.5777777777777,651.5777777777777
12,35,1066.0,626.5777777777777,58.994285714285716,42,0,1051.0,1081.0,1081.0,1051.0,601.5777777777777,651.5777777777777
12,36,1096.0,626.5777777777777,59.96866666666667,30,0,1081.0,1111.0,1111.0,1081.0,601.5777777777777,651.5777777777777
12,37,1126.0,626.5777777777777,59.99575000000002,40,0,1111.0,1141.0,1141.0,1111.0,601.5777777777777,651.5777777777777
12,38,1156.0,626.5777777777777,58.01650000000002,40,0,1141.0,1171.0,1171.0,1141.0,601.5777777777777,651.5777777777777
12,39,1186.0,626.5777777777777,63.40444444444446,18,0,1171.0,1201.0,1201.0,1171.0,601.5777777777777,651.5777777777777
12,40,1216.0,626.5777777777777,61.91633333333333,30,0,1201.0,1231.0,1231.0,1201.0,601.5777777777777,651.5777777777777
12,41,1246.0,626.5777777777777,57.981500000000025,40,0,1231.0,1261.0,1261.0,1231.0,601.5777777777777,651.5777777777777
12,42,1276.0,626.5777777777777,59.31400000000001,35,0,1261.0,1291.0,1291.0,1261.0,601.5777777777777,651.5777777777777
12,43,1306.0,626.5777777777777,58.98772727272726,22,0,1291.0,1321.0,1321.0,1291.0,601.5777777777777,651.5777777777777
12,44,1336.0,626.5777777777777,58.5319191919192,33,0,1321.0,1351.0,1351.0,1321.0,601.5777777777777,651.5777777777777
12,45,1366.0,626.5777777777777,54.31153846153847,13,0,1351.0,1381.0,1381.0,1351.0,601.5777777777777,651.5777777777777
12,46,1396.0,626.5777777777777,59.39729729729729,37,0,1381.0,1411.0,1411.0,1381.0,601.5777777777777,651.5777777777777
12,47,1426.0,626.5777777777777,52.7624,50,0,1411.0,1441.0,1441.0,1411.0,601.5777777777777,651.5777777777777
12,48,1456.0,626.5777777777777,48.9024,50,0,1441.0,1471.0,1471.0,1441.0,601.5777777777777,651.5777777777777
12,49,1486.0,626.5777777777777,48.765897435897436,39,0,1471.0,1501.0,1501.0,1471.0,601.5777777777777,651.5777777777777
12,50,1516.0,626.5777777777777,43.97299999999999,40,0,1501.0,1531.0,1531.0,1501.0,601.5777777777777,651.5777777777777
12,51,1546.0,626.5777777777777,46.360975609756096,41,0,1531.0,1561.0,1561.0,1531.0,601.5777777777777,651.5777777777777
12,52,1576.0,626.5777777777777,40.66545454545454,55,0,1561.0,1591.0,1591.0,1561.0,601.5777777777777,651.5777777777777
12,53,1606.0,626.5777777777777,44.86703703703703,54,0,1591.0,1621.0,1621.0,1591.0,601.5777777777777,651.5777777777777
12,54,1636.0,626.5777777777777,36.97574074074075,54,0,1621.0,1651.0,1651.0,1621.0,601.5777777777777,651.5777777777777
12,55,1666.0,626.5777777777777,31.21940298507465,67,0,1651.0,1681.0,1681.0,1651.0,601.5777777777777,651.5777777777777
12,56,1696.0,626.5777777777777,38.23333333333331,63,0,1681.0,1711.0,1711.0,1681.0,601.5777777777777,651.5777777777777
12,57,1726.0,626.5777777777777,34.488846153846154,52,0,1711.0,1741.0,1741.0,1711.0,601.5777777777777,651.5777777777777
12,58,1756.0,626.5777777777777,31.230259740259747,77,0,1741.0,1771.0,1771.0,1741.0,601.5777777777777,651.5777777777777
12,59,1786.0,626.5777777777777,35.27656249999999,64,0,1771.0,1801.0,1801.0,1771.0,601.5777777777777,651.5777777777777
12,60,1816.0,626.5777777777777,27.010129870129866,77,0,1801.0,1831.0,1831.0,1801.0,601.5777777777777,651.5777777777777
12,61,1846.0,626.5777777777777,25.65912280701755,57,0,1831.0,1861.0,1861.0,1831.0,601.5777777777777,651.5777777777777
12,62,1876.0,626.5777777777777,26.749868421052625,76,0,1861.0,1891.0,1891.0,1861.0,601.5777777777777,651.5777777777777
12,63,1906.0,626.5777777777777,19.475865384615386,104,0,1891.0,1921.0,1921.0,1891.0,601.5777777777777,651.5777777777777
12,64,1936.0,626.5777777777777,21.523209876543213,81,0,1921.0,1951.0,1951.0,1921.0,601.5777777777777,651.5777777777777
12,65,1966.0,626.5777777777777,29.69403225806452,62,0,1951.0,1981.0,1981.0,1951.0,601.5777777777777,651.5777777777777
12,66,1996.0,626.5777777777777,36.904999999999994,52,0,1981.0,2011.0,2011.0,1981.0,601.5777777777777,651.5777777777777
12,67,2026.0,626.5777777777777,35.95744680851065,47,0,2011.0,2041.0,2041.0,2011.0,601.5777777777777,651.5777777777777
12,68,2056.0,626.5777777777777,28.5477049180328,61,0,2041.0,2071.0,2071.0,2041.0,601.5777777777777,651.5777777777777
12,69,2086.0,626.5777777777777,21.622232142857143,112,0,2071.0,2101.0,2101.0,2071.0,601.5777777777777,651.5777777777777
12,70,2116.0,626.5777777777777,20.32576086956522,92,0,2101.0,2131.0,2131.0,2101.0,601.5777777777777,651.5777777777777
12,71,2146.0,626.5777777777777,25.234444444444446,72,0,2131.0,2161.0,2161.0,2131.0,601.5777777777777,651.5777777777777
12,72,2176.0,626.5777777777777,18.92670212765957,94,0,2161.0,2191.0,2191.0,2161.0,601.5777777777777,651.5777777777777
12,73,2206.0,626.5777777777777,15.374235294117646,85,0,2191.0,2221.0,2221.0,2191.0,601.5777777777777,651.5777777777777
12,74,2236.0,626.5777777777777,20.942127659574464,94,0,2221.0,2251.0,2251.0,2221.0,601.5777777777777,651.5777777777777
12,75,2266.0,626.5777777777777,24.097125000000005,80,0,2251.0,2281.0,2281.0,2251.0,601.5777777777777,651.5777777777777
12,76,2296.0,626.5777777777777,27.4939705882353,68,0,2281.0,2311.0,2311.0,2281.0,601.5777777777777,651.5777777777777
12,77,2326.0,626.5777777777777,32.321923076923085,52,0,2311.0,2341.0,2341.0,2311.0,601.5777777777777,651.5777777777777
12,78,2356.0,626.5777777777777,33.60228070175439,57,0,2341.0,2371.0,2371.0,2341.0,601.5777777777777,651.5777777777777
12,79,2386.0,626.5777777777777,31.121159420289843,69,0,2371.0,2401.0,2401.0,2371.0,601.5777777777777,651.5777777777777
12,80,2416.0,626.5777777777777,28.99337837837838,74,0,2401.0,2431.0,2431.0,2401.0,601.5777777777777,651.5777777777777
12,81,2446.0,626.5777777777777,33.70666666666668,51,0,2431.0,2461.0,2461.0,2431.0,601.5777777777777,651.5777777777777
12,82,2476.0,626.5777777777777,35.94613636363638,44,0,2461.0,2491.0,2491.0,2461.0,601.5777777777777,651.5777777777777
12,83,2506.0,626.5777777777777,33.75688524590164,61,0,2491.0,2521.0,2521.0,2491.0,601.5777777777777,651.5777777777777
12,84,2536.0,626.5777777777777,34.75635135135137,74,0,2521.0,2551.0,2551.0,2521.0,601.5777777777777,651.5777777777777
12,85,2566.0,626.5777777777777,36.07945205479452,73,0,2551.0,2581.0,2581.0,2551.0,601.5777777777777,651.5777777777777
12,86,2596.0,626.5777777777777,39.239999999999995,59,0,2581.0,2611.0,2611.0,2581.0,601.5777777777777,651.5777777777777
12,87,2626.0,626.5777777777777,27.39642857142857,70,0,2611.0,2641.0,2641.0,2611.0,601.5777777777777,651.5777777777777
12,88,2656.0,626.5777777777777,14.72011494252874,87,0,2641.0,2671.0,2671.0,2641.0,601.5777777777777,651.5777777777777
12,89,2686.0,626.5777777777777,25.00443037974684,79,0,2671.0,2701.0,2701.0,2671.0,601.5777777777777,651.5777777777777
12,90,2716.0,626.5777777777777,31.36787878787879,66,0,2701.0,2731.0,2731.0,2701.0,601.5777777777777,651.5777777777777
12,91,2746.0,626.5777777777777,23.80988764044944,89,0,2731.0,2761.0,2761.0,2731.0,601.5777777777777,651.5777777777777
12,92,2776.0,626.5777777777777,24.520206185567005,97,0,2761.0,2791.0,2791.0,2761.0,601.5777777777777,651.5777777777777
12,93,2806.0,626.5777777777777,21.66787878787879,99,0,2791.0,2821.0,2821.0,2791.0,601.5777777777777,651.5777777777777
12,94,2836.0,626.5777777777777,19.071509433962262,106,0,2821.0,2851.0,2851.0,2821.0,601.5777777777777,651.5777777777777
12,95,2866.0,626.5777777777777,24.31880434782609,92,0,2851.0,2881.0,2881.0,2851.0,601.5777777777777,651.5777777777777
12,96,2896.0,626.5777777777777,27.895925925925916,54,0,2881.0,2911.0,2911.0,2881.0,601.5777777777777,651.5777777777777
12,97,2926.0,626.5777777777777,35.08078125,64,0,2911.0,2941.0,2941.0,2911.0,601.5777777777777,651.5777777777777
12,98,2956.0,626.5777777777777,41.1826,50,0,2941.0,2971.0,2971.0,2941.0,601.5777777777777,651.5777777777777
12,99,2986.0,626.5777777777777,43.393599999999985,50,0,2971.0,3001.0,3001.0,2971.0,601.5777777777777,651.5777777777777
12,100,3016.0,626.5777777777777,39.68943396226415,53,0,3001.0,3031.0,3031.0,3001.0,601.5777777777777,651.5777777777777
12,101,3046.0,626.5777777777777,33.83657142857143,70,0,3031.0,3061.0,3061.0,3031.0,601.5777777777777,651.5777777777777
12,102,3076.0,626.5777777777777,42.2888,50,0,3061.0,3091.0,3091.0,3061.0,601.5777777777777,651.5777777777777
12,103,3106.0,626.5777777777777,37.61241379310346,58,0,3091.0,3121.0,3121.0,3091.0,601.5777777777777,651.5777777777777
12,104,3136.0,626.5777777777777,35.28777777777778,54,0,3121.0,3151.0,3151.0,3121.0,601.5777777777777,651.5777777777777
12,105,3166.0,626.5777777777777,37.03016393442624,61,0,3151.0,3181.0,3181.0,3151.0,601.5777777777777,651.5777777777777
12,106,3196.0,626.5777777777777,34.71108108108108,74,0,3181.0,3211.0,3211.0,3181.0,601.5777777777777,651.5777777777777
12,107,3226.0,626.5777777777777,37.10156862745098,51,0,3211.0,3241.0,3241.0,3211.0,601.5777777777777,651.5777777777777
12,108,3256.0,626.5777777777777,30.430000000000007,61,0,3241.0,3271.0,3271.0,3241.0,601.5777777777777,651.5777777777777
12,109,3286.0,626.5777777777777,30.841558441558426,77,0,3271.0,3301.0,3301.0,3271.0,601.5777777777777,651.5777777777777
12,110,3316.0,626.5777777777777,18.753800000000016,100,0,3301.0,3331.0,3331.0,3301.0,601.5777777777777,651.5777777777777
12,111,3346.0,626.5777777777777,15.580108695652175,92,0,3331.0,3361.0,3361.0,3331.0,601.5777777777777,651.5777777777777
12,112,3376.0,626.5777777777777,23.590975609756107,82,0,3361.0,3391.0,3391.0,3361.0,601.5777777777777,651.5777777777777
12,113,3406.0,626.5777777777777,25.16133333333334,75,0,3391.0,3421.0,3421.0,3391.0,601.5777777777777,651.5777777777777
12,114,3436.0,626.5777777777777,20.921627906976745,86,0,3421.0,3451.0,3451.0,3421.0,601.5777777777777,651.5777777777777
12,115,3466.0,626.5777777777777,21.56090909090909,77,0,3451.0,3481.0,3481.0,3451.0,601.5777777777777,651.5777777777777
12,116,3496.0,626.5777777777777,26.39837837837837,74,0,3481.0,3511.0,3511.0,3481.0,601.5777777777777,651.5777777777777
12,117,3526.0,626.5777777777777,32.64249999999999,68,0,3511.0,3541.0,3541.0,3511.0,601.5777777777777,651.5777777777777
12,118,3556.0,626.5777777777777,31.86121951219511,82,0,3541.0,3571.0,3571.0,3541.0,601.5777777777777,651.5777777777777
12,119,3586.0,626.5777777777777,29.116315789473692,76,0,3571.0,3601.0,3601.0,3571.0,601.5777777777777,651.5777777777777
12,120,3616.0,626.5777777777777,20.606831683168316,101,0,3601.0,3631.0,3631.0,3601.0,601.5777777777777,651.5777777777777
12,121,3646.0,626.5777777777777,20.928045977011497,87,0,3631.0,3661.0,3661.0,3631.0,601.5777777777777,651.5777777777777
12,122,3676.0,626.5777777777777,22.2054,50,0,3661.0,3691.0,3691.0,3661.0,601.5777777777777,651.5777777777777
12,123,3706.0,626.5777777777777,,0,0,3691.0,3721.0,3721.0,3691.0,601.5777777777777,651.5777777777777
12,124,3736.0,626.5777777777777,,0,0,3721.0,3751.0,3751.0,3721.0,601.5777777777777,651.5777777777777
12,125,3766.0,626.5777777777777,,0,0,3751.0,3781.0,3781.0,3751.0,601.5777777777777,651.5777777777777
12,126,3796.0,626.5777777777777,,0,0,3781.0,3811.0,3811.0,3781.0,601.5777777777777,651.5777777777777
12,127,3826.0,626.5777777777777,,0,0,3811.0,3841.0,3841.0,3811.0,601.5777777777777,651.5777777777777
12,128,3856.0,626.5777777777777,,0,0,3841.0,3871.0,3871.0,3841.0,601.5777777777777,651.5777777777777
12,129,3886.0,626.5777777777777,,0,0,3871.0,3901.0,3901.0,3871.0,601.5777777777777,651.5777777777777
13,0,16.0,676.5777777777777,70.05063492063492,21,0,1.0,31.0,31.0,1.0,651.5777777777777,701.5777777777777
13,1,46.0,676.5777777777777,64.30857142857143,28,0,31.0,61.0,61.0,31.0,651.5777777777777,701.5777777777777
13,2,76.0,676.5777777777777,72.19235294117645,17,0,61.0,91.0,91.0,61.0,651.5777777777777,701.5777777777777
13,3,106.0,676.5777777777777,70.216,10,0,91.0,121.0,121.0,91.0,651.5777777777777,701.5777777777777
13,4,136.0,676.5777777777777,73.51071428571427,14,0,121.0,151.0,151.0,121.0,651.5777777777777,701.5777777777777
13,5,166.0,676.5777777777777,65.73878787878789,33,0,151.0,181.0,181.0,151.0,651.5777777777777,701.5777777777777
13,6,196.0,676.5777777777777,69.178,25,0,181.0,211.0,211.0,181.0,651.5777777777777,701.5777777777777
13,7,226.0,676.5777777777777,72.7796551724138,29,0,211.0,241.0,241.0,211.0,651.5777777777777,701.5777777777777
13,8,256.0,676.5777777777777,70.576875,16,0,241.0,271.0,271.0,241.0,651.5777777777777,701.5777777777777
13,9,286.0,676.5777777777777,75.91066666666667,15,0,271.0,301.0,301.0,271.0,651.5777777777777,701.5777777777777
13,10,316.0,676.5777777777777,75.85555555555555,9,0,301.0,331.0,331.0,301.0,651.5777777777777,701.5777777777777
13,11,346.0,676.5777777777777,67.2747619047619,21,0,331.0,361.0,361.0,331.0,651.5777777777777,701.5777777777777
13,12,376.0,676.5777777777777,70.90615384615384,26,0,361.0,391.0,391.0,361.0,651.5777777777777,701.5777777777777
13,13,406.0,676.5777777777777,74.02809523809525,21,0,391.0,421.0,421.0,391.0,651.5777777777777,701.5777777777777
13,14,436.0,676.5777777777777,65.57950000000001,20,0,421.0,451.0,451.0,421.0,651.5777777777777,701.5777777777777
13,15,466.0,676.5777777777777,62.175806451612914,31,0,451.0,481.0,481.0,451.0,651.5777777777777,701.5777777777777
13,16,496.0,676.5777777777777,64.4125,36,0,481.0,511.0,511.0,481.0,651.5777777777777,701.5777777777777
13,17,526.0,676.5777777777777,60.60121212121212,33,0,511.0,541.0,541.0,511.0,651.5777777777777,701.5777777777777
13,18,556.0,676.5777777777777,70.98294117647059,17,0,541.0,571.0,571.0,541.0,651.5777777777777,701.5777777777777
13,19,586.0,676.5777777777777,66.06296296296297,27,0,571.0,601.0,601.0,571.0,651.5777777777777,701.5777777777777
13,20,616.0,676.5777777777777,73.1157142857143,21,0,601.0,631.0,631.0,601.0,651.5777777777777,701.5777777777777
13,21,646.0,676.5777777777777,66.50277777777778,18,0,631.0,661.0,661.0,631.0,651.5777777777777,701.5777777777777
13,22,676.0,676.5777777777777,67.78270833333333,16,0,661.0,691.0,691.0,661.0,651.5777777777777,701.5777777777777
13,23,706.0,676.5777777777777,65.98115384615382,26,0,691.0,721.0,721.0,691.0,651.5777777777777,701.5777777777777
13,24,736.0,676.5777777777777,68.43419354838709,31,0,721.0,751.0,751.0,721.0,651.5777777777777,701.5777777777777
13,25,766.0,676.5777777777777,67.18608695652175,23,0,751.0,781.0,781.0,751.0,651.5777777777777,701.5777777777777
13,26,796.0,676.5777777777777,65.53714285714287,28,0,781.0,811.0,811.0,781.0,651.5777777777777,701.5777777777777
13,27,826.0,676.5777777777777,65.8214814814815,27,0,811.0,841.0,841.0,811.0,651.5777777777777,701.5777777777777
13,28,856.0,676.5777777777777,67.14269230769233,26,0,841.0,871.0,871.0,841.0,651.5777777777777,701.5777777777777
13,29,886.0,676.5777777777777,71.41111111111111,9,0,871.0,901.0,901.0,871.0,651.5777777777777,701.5777777777777
13,30,916.0,676.5777777777777,65.38413333333334,25,0,901.0,931.0,931.0,901.0,651.5777777777777,701.5777777777777
13,31,946.0,676.5777777777777,60.181111111111115,27,0,931.0,961.0,961.0,931.0,651.5777777777777,701.5777777777777
13,32,976.0,676.5777777777777,59.858571428571416,42,0,961.0,991.0,991.0,961.0,651.5777777777777,701.5777777777777
13,33,1006.0,676.5777777777777,58.957878787878784,33,0,991.0,1021.0,1021.0,991.0,651.5777777777777,701.5777777777777
13,34,1036.0,676.5777777777777,55.3379487179487,39,0,1021.0,1051.0,1051.0,1021.0,651.5777777777777,701.5777777777777
13,35,1066.0,676.5777777777777,58.82874999999999,40,0,1051.0,1081.0,1081.0,1051.0,651.5777777777777,701.5777777777777
13,36,1096.0,676.5777777777777,62.53821428571429,28,0,1081.0,1111.0,1111.0,1081.0,651.5777777777777,701.5777777777777
13,37,1126.0,676.5777777777777,61.68578947368421,38,0,1111.0,1141.0,1141.0,1111.0,651.5777777777777,701.5777777777777
13,38,1156.0,676.5777777777777,61.214285714285715,35,0,1141.0,1171.0,1171.0,1141.0,651.5777777777777,701.5777777777777
13,39,1186.0,676.5777777777777,63.8325,20,0,1171.0,1201.0,1201.0,1171.0,651.5777777777777,701.5777777777777
13,40,1216.0,676.5777777777777,63.4090909090909,22,0,1201.0,1231.0,1231.0,1201.0,651.5777777777777,701.5777777777777
13,41,1246.0,676.5777777777777,57.85861111111111,36,0,1231.0,1261.0,1261.0,1231.0,651.5777777777777,701.5777777777777
13,42,1276.0,676.5777777777777,60.00102564102564,39,0,1261.0,1291.0,1291.0,1261.0,651.5777777777777,701.5777777777777
13,43,1306.0,676.5777777777777,60.04052631578945,19,0,1291.0,1321.0,1321.0,1291.0,651.5777777777777,701.5777777777777
13,44,1336.0,676.5777777777777,56.996000000000016,40,0,1321.0,1351.0,1351.0,1321.0,651.5777777777777,701.5777777777777
13,45,1366.0,676.5777777777777,56.98266666666666,15,0,1351.0,1381.0,1381.0,1351.0,651.5777777777777,701.5777777777777
13,46,1396.0,676.5777777777777,60.44625,32,0,1381.0,1411.0,1411.0,1381.0,651.5777777777777,701.5777777777777
13,47,1426.0,676.5777777777777,51.7492,50,0,1411.0,1441.0,1441.0,1411.0,651.5777777777777,701.5777777777777
13,48,1456.0,676.5777777777777,43.69490909090909,55,0,1441.0,1471.0,1471.0,1441.0,651.5777777777777,701.5777777777777
13,49,1486.0,676.5777777777777,53.788787878787886,33,0,1471.0,1501.0,1501.0,1471.0,651.5777777777777,701.5777777777777
13,50,1516.0,676.5777777777777,48.36055555555556,36,0,1501.0,1531.0,1531.0,1501.0,651.5777777777777,701.5777777777777
13,51,1546.0,676.5777777777777,50.73153846153847,39,0,1531.0,1561.0,1561.0,1531.0,651.5777777777777,701.5777777777777
13,52,1576.0,676.5777777777777,43.92200000000001,45,0,1561.0,1591.0,1591.0,1561.0,651.5777777777777,701.5777777777777
13,53,1606.0,676.5777777777777,44.867385620915044,51,0,1591.0,1621.0,1621.0,1591.0,651.5777777777777,701.5777777777777
13,54,1636.0,676.5777777777777,33.54671874999999,64,0,1621.0,1651.0,1651.0,1621.0,651.5777777777777,701.5777777777777
13,55,1666.0,676.5777777777777,32.314385964912276,57,0,1651.0,1681.0,1681.0,1651.0,651.5777777777777,701.5777777777777
13,56,1696.0,676.5777777777777,37.539878934624696,59,0,1681.0,1711.0,1711.0,1681.0,651.5777777777777,701.5777777777777
13,57,1726.0,676.5777777777777,35.57714285714285,56,0,1711.0,1741.0,1741.0,1711.0,651.5777777777777,701.5777777777777
13,58,1756.0,676.5777777777777,32.40523076923077,65,0,1741.0,1771.0,1771.0,1741.0,651.5777777777777,701.5777777777777
13,59,1786.0,676.5777777777777,35.64864734299517,69,0,1771.0,1801.0,1801.0,1771.0,651.5777777777777,701.5777777777777
13,60,1816.0,676.5777777777777,26.370281690140853,71,0,1801.0,1831.0,1831.0,1801.0,651.5777777777777,701.5777777777777
13,61,1846.0,676.5777777777777,27.29036363636364,55,0,1831.0,1861.0,1861.0,1831.0,651.5777777777777,701.5777777777777
13,62,1876.0,676.5777777777777,29.84775862068965,58,0,1861.0,1891.0,1891.0,1861.0,651.5777777777777,701.5777777777777
13,63,1906.0,676.5777777777777,27.443802816901407,71,0,1891.0,1921.0,1921.0,1891.0,651.5777777777777,701.5777777777777
13,64,1936.0,676.5777777777777,30.663529411764703,68,0,1921.0,1951.0,1951.0,1921.0,651.5777777777777,701.5777777777777
13,65,1966.0,676.5777777777777,33.52928571428571,56,0,1951.0,1981.0,1981.0,1951.0,651.5777777777777,701.5777777777777
13,66,1996.0,676.5777777777777,37.38212765957446,47,0,1981.0,2011.0,2011.0,1981.0,651.5777777777777,701.5777777777777
13,67,2026.0,676.5777777777777,37.175999999999995,50,0,2011.0,2041.0,2041.0,2011.0,651.5777777777777,701.5777777777777
13,68,2056.0,676.5777777777777,32.401176470588226,51,0,2041.0,2071.0,2071.0,2041.0,651.5777777777777,701.5777777777777
13,69,2086.0,676.5777777777777,24.421460674157295,89,0,2071.0,2101.0,2101.0,2071.0,651.5777777777777,701.5777777777777
13,70,2116.0,676.5777777777777,28.47898550724638,69,0,2101.0,2131.0,2131.0,2101.0,651.5777777777777,701.5777777777777
13,71,2146.0,676.5777777777777,25.021585365853653,82,0,2131.0,2161.0,2161.0,2131.0,651.5777777777777,701.5777777777777
13,72,2176.0,676.5777777777777,25.244259259259255,54,0,2161.0,2191.0,2191.0,2161.0,651.5777777777777,701.5777777777777
13,73,2206.0,676.5777777777777,17.435696202531645,79,0,2191.0,2221.0,2221.0,2191.0,651.5777777777777,701.5777777777777
13,74,2236.0,676.5777777777777,26.364861111111107,72,0,2221.0,2251.0,2251.0,2221.0,651.5777777777777,701.5777777777777
13,75,2266.0,676.5777777777777,33.724827586206885,58,0,2251.0,2281.0,2281.0,2251.0,651.5777777777777,701.5777777777777
13,76,2296.0,676.5777777777777,34.44034482758621,58,0,2281.0,2311.0,2311.0,2281.0,651.5777777777777,701.5777777777777
13,77,2326.0,676.5777777777777,35.87068181818182,44,0,2311.0,2341.0,2341.0,2311.0,651.5777777777777,701.5777777777777
13,78,2356.0,676.5777777777777,36.311020408163266,49,0,2341.0,2371.0,2371.0,2341.0,651.5777777777777,701.5777777777777
13,79,2386.0,676.5777777777777,31.844838709677415,62,0,2371.0,2401.0,2401.0,2371.0,651.5777777777777,701.5777777777777
13,80,2416.0,676.5777777777777,32.97720588235294,68,0,2401.0,2431.0,2431.0,2401.0,651.5777777777777,701.5777777777777
13,81,2446.0,676.5777777777777,38.30400000000001,45,0,2431.0,2461.0,2461.0,2431.0,651.5777777777777,701.5777777777777
13,82,2476.0,676.5777777777777,38.38452380952382,42,0,2461.0,2491.0,2491.0,2461.0,651.5777777777777,701.5777777777777
13,83,2506.0,676.5777777777777,37.46299999999999,50,0,2491.0,2521.0,2521.0,2491.0,651.5777777777777,701.5777777777777
13,84,2536.0,676.5777777777777,36.031612903225806,62,0,2521.0,2551.0,2551.0,2521.0,651.5777777777777,701.5777777777777
13,85,2566.0,676.5777777777777,34.99319819819819,74,0,2551.0,2581.0,2581.0,2551.0,651.5777777777777,701.5777777777777
13,86,2596.0,676.5777777777777,38.29859649122807,57,0,2581.0,2611.0,2611.0,2581.0,651.5777777777777,701.5777777777777
13,87,2626.0,676.5777777777777,21.697105263157894,76,0,2611.0,2641.0,2641.0,2611.0,651.5777777777777,701.5777777777777
13,88,2656.0,676.5777777777777,19.644594594594594,74,0,2641.0,2671.0,2671.0,2641.0,651.5777777777777,701.5777777777777
13,89,2686.0,676.5777777777777,31.95921875,64,0,2671.0,2701.0,2701.0,2671.0,651.5777777777777,701.5777777777777
13,90,2716.0,676.5777777777777,31.284262295081973,61,0,2701.0,2731.0,2731.0,2701.0,651.5777777777777,701.5777777777777
13,91,2746.0,676.5777777777777,27.78159420289855,69,0,2731.0,2761.0,2761.0,2731.0,651.5777777777777,701.5777777777777
13,92,2776.0,676.5777777777777,26.425641025641028,78,0,2761.0,2791.0,2791.0,2761.0,651.5777777777777,701.5777777777777
13,93,2806.0,676.5777777777777,25.554750000000002,80,0,2791.0,2821.0,2821.0,2791.0,651.5777777777777,701.5777777777777
13,94,2836.0,676.5777777777777,28.26424242424243,66,0,2821.0,2851.0,2851.0,2821.0,651.5777777777777,701.5777777777777
13,95,2866.0,676.5777777777777,29.802112676056343,71,0,2851.0,2881.0,2881.0,2851.0,651.5777777777777,701.5777777777777
13,96,2896.0,676.5777777777777,29.751228070175436,57,0,2881.0,2911.0,2911.0,2881.0,651.5777777777777,701.5777777777777
13,97,2926.0,676.5777777777777,37.08413793103447,58,0,2911.0,2941.0,2941.0,2911.0,651.5777777777777,701.5777777777777
13,98,2956.0,676.5777777777777,41.9271111111111,45,0,2941.0,2971.0,2971.0,2941.0,651.5777777777777,701.5777777777777
13,99,2986.0,676.5777777777777,44.24170212765956,47,0,2971.0,3001.0,3001.0,2971.0,651.5777777777777,701.5777777777777
13,100,3016.0,676.5777777777777,36.04655172413791,58,0,3001.0,3031.0,3031.0,3001.0,651.5777777777777,701.5777777777777
13,101,3046.0,676.5777777777777,34.86302564102564,65,0,3031.0,3061.0,3061.0,3031.0,651.5777777777777,701.5777777777777
13,102,3076.0,676.5777777777777,36.81220338983051,59,0,3061.0,3091.0,3091.0,3061.0,651.5777777777777,701.5777777777777
13,103,3106.0,676.5777777777777,37.681132075471695,53,0,3091.0,3121.0,3121.0,3091.0,651.5777777777777,701.5777777777777
13,104,3136.0,676.5777777777777,37.32604166666667,48,0,3121.0,3151.0,3151.0,3121.0,651.5777777777777,701.5777777777777
13,105,3166.0,676.5777777777777,34.54681818181817,66,0,3151.0,3181.0,3181.0,3151.0,651.5777777777777,701.5777777777777
13,106,3196.0,676.5777777777777,29.186265060240963,83,0,3181.0,3211.0,3211.0,3181.0,651.5777777777777,701.5777777777777
13,107,3226.0,676.5777777777777,32.25131147540984,61,0,3211.0,3241.0,3241.0,3211.0,651.5777777777777,701.5777777777777
13,108,3256.0,676.5777777777777,33.27040000000001,50,0,3241.0,3271.0,3271.0,3241.0,651.5777777777777,701.5777777777777
13,109,3286.0,676.5777777777777,32.675774647887316,71,0,3271.0,3301.0,3301.0,3271.0,651.5777777777777,701.5777777777777
13,110,3316.0,676.5777777777777,19.244146341463427,82,0,3301.0,3331.0,3331.0,3301.0,651.5777777777777,701.5777777777777
13,111,3346.0,676.5777777777777,22.697012987012986,77,0,3331.0,3361.0,3361.0,3331.0,651.5777777777777,701.5777777777777
13,112,3376.0,676.5777777777777,29.127903225806456,62,0,3361.0,3391.0,3391.0,3361.0,651.5777777777777,701.5777777777777
13,113,3406.0,676.5777777777777,31.468225806451606,62,0,3391.0,3421.0,3421.0,3391.0,651.5777777777777,701.5777777777777
13,114,3436.0,676.5777777777777,25.248142857142856,70,0,3421.0,3451.0,3451.0,3421.0,651.5777777777777,701.5777777777777
13,115,3466.0,676.5777777777777,31.602096774193548,62,0,3451.0,3481.0,3481.0,3451.0,651.5777777777777,701.5777777777777
13,116,3496.0,676.5777777777777,32.81564516129033,62,0,3481.0,3511.0,3511.0,3481.0,651.5777777777777,701.5777777777777
13,117,3526.0,676.5777777777777,36.348679245283016,53,0,3511.0,3541.0,3541.0,3511.0,651.5777777777777,701.5777777777777
13,118,3556.0,676.5777777777777,33.77891891891892,74,0,3541.0,3571.0,3571.0,3541.0,651.5777777777777,701.5777777777777
13,119,3586.0,676.5777777777777,29.559523809523807,63,0,3571.0,3601.0,3601.0,3571.0,651.5777777777777,701.5777777777777
13,120,3616.0,676.5777777777777,26.8975641025641,78,0,3601.0,3631.0,3631.0,3601.0,651.5777777777777,701.5777777777777
13,121,3646.0,676.5777777777777,25.45426666666666,75,0,3631.0,3661.0,3661.0,3631.0,651.5777777777777,701.5777777777777
13,122,3676.0,676.5777777777777,22.81177419354838,62,0,3661.0,3691.0,3691.0,3661.0,651.5777777777777,701.5777777777777
13,123,3706.0,676.5777777777777,21.095,2,0,3691.0,3721.0,3721.0,3691.0,651.5777777777777,701.5777777777777
13,124,3736.0,676.5777777777777,,0,0,3721.0,3751.0,3751.0,3721.0,651.5777777777777,701.5777777777777
13,125,3766.0,676.5777777777777,,0,0,3751.0,3781.0,3781.0,3751.0,651.5777777777777,701.5777777777777
13,126,3796.0,676.5777777777777,,0,0,3781.0,3811.0,3811.0,3781.0,651.5777777777777,701.5777777777777
13,127,3826.0,676.5777777777777,,0,0,3811.0,3841.0,3841.0,3811.0,651.5777777777777,701.5777777777777
13,128,3856.0,676.5777777777777,,0,0,3841.0,3871.0,3871.0,3841.0,651.5777777777777,701.5777777777777
13,129,3886.0,676.5777777777777,,0,0,3871.0,3901.0,3901.0,3871.0,651.5777777777777,701.5777777777777
14,0,16.0,726.5777777777777,66.83958333333332,24,0,1.0,31.0,31.0,1.0,701.5777777777777,751.5777777777777
14,1,46.0,726.5777777777777,62.633000000000024,30,0,31.0,61.0,61.0,31.0,701.5777777777777,751.5777777777777
14,2,76.0,726.5777777777777,69.33222222222223,18,0,61.0,91.0,91.0,61.0,701.5777777777777,751.5777777777777
14,3,106.0,726.5777777777777,70.39999999999999,14,0,91.0,121.0,121.0,91.0,701.5777777777777,751.5777777777777
14,4,136.0,726.5777777777777,71.96692307692307,13,0,121.0,151.0,151.0,121.0,701.5777777777777,751.5777777777777
14,5,166.0,726.5777777777777,62.45081081081082,37,0,151.0,181.0,181.0,151.0,701.5777777777777,751.5777777777777
14,6,196.0,726.5777777777777,69.70107142857142,28,0,181.0,211.0,211.0,181.0,701.5777777777777,751.5777777777777
14,7,226.0,726.5777777777777,71.02272727272725,33,0,211.0,241.0,241.0,211.0,701.5777777777777,751.5777777777777
14,8,256.0,726.5777777777777,72.82000000000001,19,0,241.0,271.0,271.0,241.0,701.5777777777777,751.5777777777777
14,9,286.0,726.5777777777777,77.16785714285713,14,0,271.0,301.0,301.0,271.0,701.5777777777777,751.5777777777777
14,10,316.0,726.5777777777777,78.11625000000001,8,0,301.0,331.0,331.0,301.0,701.5777777777777,751.5777777777777
14,11,346.0,726.5777777777777,68.04933333333332,15,0,331.0,361.0,361.0,331.0,701.5777777777777,751.5777777777777
14,12,376.0,726.5777777777777,69.96100000000001,30,0,361.0,391.0,391.0,361.0,701.5777777777777,751.5777777777777
14,13,406.0,726.5777777777777,76.73111111111109,18,0,391.0,421.0,421.0,391.0,701.5777777777777,751.5777777777777
14,14,436.0,726.5777777777777,66.39975845410628,23,0,421.0,451.0,451.0,421.0,701.5777777777777,751.5777777777777
14,15,466.0,726.5777777777777,62.462068965517226,29,0,451.0,481.0,481.0,451.0,701.5777777777777,751.5777777777777
14,16,496.0,726.5777777777777,64.20968749999999,32,0,481.0,511.0,511.0,481.0,701.5777777777777,751.5777777777777
14,17,526.0,726.5777777777777,60.528918918918926,37,0,511.0,541.0,541.0,511.0,701.5777777777777,751.5777777777777
14,18,556.0,726.5777777777777,71.42791666666666,24,0,541.0,571.0,571.0,541.0,701.5777777777777,751.5777777777777
14,19,586.0,726.5777777777777,66.05239999999999,25,0,571.0,601.0,601.0,571.0,701.5777777777777,751.5777777777777
14,20,616.0,726.5777777777777,72.36086956521739,23,0,601.0,631.0,631.0,601.0,701.5777777777777,751.5777777777777
14,21,646.0,726.5777777777777,67.44588235294117,17,0,631.0,661.0,661.0,631.0,701.5777777777777,751.5777777777777
14,22,676.0,726.5777777777777,68.65400000000001,20,0,661.0,691.0,691.0,661.0,701.5777777777777,751.5777777777777
14,23,706.0,726.5777777777777,65.32480000000001,25,0,691.0,721.0,721.0,691.0,701.5777777777777,751.5777777777777
14,24,736.0,726.5777777777777,68.13187500000002,32,0,721.0,751.0,751.0,721.0,701.5777777777777,751.5777777777777
14,25,766.0,726.5777777777777,67.51814814814814,27,0,751.0,781.0,781.0,751.0,701.5777777777777,751.5777777777777
14,26,796.0,726.5777777777777,66.85999999999999,22,0,781.0,811.0,811.0,781.0,701.5777777777777,751.5777777777777
14,27,826.0,726.5777777777777,65.14933333333335,30,0,811.0,841.0,841.0,811.0,701.5777777777777,751.5777777777777
14,28,856.0,726.5777777777777,66.65774193548388,31,0,841.0,871.0,871.0,841.0,701.5777777777777,751.5777777777777
14,29,886.0,726.5777777777777,75.66166666666668,6,0,871.0,901.0,901.0,871.0,701.5777777777777,751.5777777777777
14,30,916.0,726.5777777777777,63.22291666666666,24,0,901.0,931.0,931.0,901.0,701.5777777777777,751.5777777777777
14,31,946.0,726.5777777777777,61.39896551724138,29,0,931.0,961.0,961.0,931.0,701.5777777777777,751.5777777777777
14,32,976.0,726.5777777777777,60.67302325581393,43,0,961.0,991.0,991.0,961.0,701.5777777777777,751.5777777777777
14,33,1006.0,726.5777777777777,59.06828571428571,35,0,991.0,1021.0,1021.0,991.0,701.5777777777777,751.5777777777777
14,34,1036.0,726.5777777777777,54.22268292682925,41,0,1021.0,1051.0,1051.0,1021.0,701.5777777777777,751.5777777777777
14,35,1066.0,726.5777777777777,56.6504255319149,47,0,1051.0,1081.0,1081.0,1051.0,701.5777777777777,751.5777777777777
14,36,1096.0,726.5777777777777,63.322962962962954,27,0,1081.0,1111.0,1111.0,1081.0,701.5777777777777,751.5777777777777
14,37,1126.0,726.5777777777777,61.97086419753086,36,0,1111.0,1141.0,1141.0,1111.0,701.5777777777777,751.5777777777777
14,38,1156.0,726.5777777777777,61.38666666666667,33,0,1141.0,1171.0,1171.0,1141.0,701.5777777777777,751.5777777777777
14,39,1186.0,726.5777777777777,64.48944444444444,18,0,1171.0,1201.0,1201.0,1171.0,701.5777777777777,751.5777777777777
14,40,1216.0,726.5777777777777,62.441538461538464,26,0,1201.0,1231.0,1231.0,1201.0,701.5777777777777,751.5777777777777
14,41,1246.0,726.5777777777777,58.975555555555566,36,0,1231.0,1261.0,1261.0,1231.0,701.5777777777777,751.5777777777777
14,42,1276.0,726.5777777777777,55.954666666666675,45,0,1261.0,1291.0,1291.0,1261.0,701.5777777777777,751.5777777777777
14,43,1306.0,726.5777777777777,58.27600000000002,15,0,1291.0,1321.0,1321.0,1291.0,701.5777777777777,751.5777777777777
14,44,1336.0,726.5777777777777,51.06021739130437,46,0,1321.0,1351.0,1351.0,1321.0,701.5777777777777,751.5777777777777
14,45,1366.0,726.5777777777777,52.15631578947369,19,0,1351.0,1381.0,1381.0,1351.0,701.5777777777777,751.5777777777777
14,46,1396.0,726.5777777777777,57.77142857142857,35,0,1381.0,1411.0,1411.0,1381.0,701.5777777777777,751.5777777777777
14,47,1426.0,726.5777777777777,50.30733333333331,45,0,1411.0,1441.0,1441.0,1411.0,701.5777777777777,751.5777777777777
14,48,1456.0,726.5777777777777,40.97120689655172,58,0,1441.0,1471.0,1471.0,1441.0,701.5777777777777,751.5777777777777
14,49,1486.0,726.5777777777777,54.41903225806452,31,0,1471.0,1501.0,1501.0,1471.0,701.5777777777777,751.5777777777777
14,50,1516.0,726.5777777777777,50.11631578947368,38,0,1501.0,1531.0,1531.0,1501.0,701.5777777777777,751.5777777777777
14,51,1546.0,726.5777777777777,50.61542857142857,35,0,1531.0,1561.0,1561.0,1531.0,701.5777777777777,751.5777777777777
14,52,1576.0,726.5777777777777,44.992280701754396,38,0,1561.0,1591.0,1591.0,1561.0,701.5777777777777,751.5777777777777
14,53,1606.0,726.5777777777777,41.64641509433962,53,0,1591.0,1621.0,1621.0,1591.0,701.5777777777777,751.5777777777777
14,54,1636.0,726.5777777777777,33.80508771929825,57,0,1621.0,1651.0,1651.0,1621.0,701.5777777777777,751.5777777777777
14,55,1666.0,726.5777777777777,34.018571428571434,56,0,1651.0,1681.0,1681.0,1651.0,701.5777777777777,751.5777777777777
14,56,1696.0,726.5777777777777,35.09660714285714,56,0,1681.0,1711.0,1711.0,1681.0,701.5777777777777,751.5777777777777
14,57,1726.0,726.5777777777777,32.59349206349207,63,0,1711.0,1741.0,1741.0,1711.0,701.5777777777777,751.5777777777777
14,58,1756.0,726.5777777777777,35.25376543209877,54,0,1741.0,1771.0,1771.0,1741.0,701.5777777777777,751.5777777777777
14,59,1786.0,726.5777777777777,34.00180555555555,72,0,1771.0,1801.0,1801.0,1771.0,701.5777777777777,751.5777777777777
14,60,1816.0,726.5777777777777,27.465671641791054,67,0,1801.0,1831.0,1831.0,1801.0,701.5777777777777,751.5777777777777
14,61,1846.0,726.5777777777777,29.762807017543853,57,0,1831.0,1861.0,1861.0,1831.0,701.5777777777777,751.5777777777777
14,62,1876.0,726.5777777777777,31.129423076923082,52,0,1861.0,1891.0,1891.0,1861.0,701.5777777777777,751.5777777777777
14,63,1906.0,726.5777777777777,28.995675675675667,74,0,1891.0,1921.0,1921.0,1891.0,701.5777777777777,751.5777777777777
14,64,1936.0,726.5777777777777,30.871791044776124,67,0,1921.0,1951.0,1951.0,1921.0,701.5777777777777,751.5777777777777
14,65,1966.0,726.5777777777777,34.61584905660378,53,0,1951.0,1981.0,1981.0,1951.0,701.5777777777777,751.5777777777777
14,66,1996.0,726.5777777777777,34.049807692307695,52,0,1981.0,2011.0,2011.0,1981.0,701.5777777777777,751.5777777777777
14,67,2026.0,726.5777777777777,37.21999999999999,52,0,2011.0,2041.0,2041.0,2011.0,701.5777777777777,751.5777777777777
14,68,2056.0,726.5777777777777,29.94599999999999,65,0,2041.0,2071.0,2071.0,2041.0,701.5777777777777,751.5777777777777
14,69,2086.0,726.5777777777777,23.68,80,0,2071.0,2101.0,2101.0,2071.0,701.5777777777777,751.5777777777777
14,70,2116.0,726.5777777777777,28.424729729729734,74,0,2101.0,2131.0,2131.0,2101.0,701.5777777777777,751.5777777777777
14,71,2146.0,726.5777777777777,24.784266666666667,75,0,2131.0,2161.0,2161.0,2131.0,701.5777777777777,751.5777777777777
14,72,2176.0,726.5777777777777,23.880263157894746,76,0,2161.0,2191.0,2191.0,2161.0,701.5777777777777,751.5777777777777
14,73,2206.0,726.5777777777777,21.838,50,0,2191.0,2221.0,2221.0,2191.0,701.5777777777777,751.5777777777777
14,74,2236.0,726.5777777777777,29.90884540117418,73,0,2221.0,2251.0,2251.0,2221.0,701.5777777777777,751.5777777777777
14,75,2266.0,726.5777777777777,35.61822580645161,62,0,2251.0,2281.0,2281.0,2251.0,701.5777777777777,751.5777777777777
14,76,2296.0,726.5777777777777,38.489183673469384,49,0,2281.0,2311.0,2311.0,2281.0,701.5777777777777,751.5777777777777
14,77,2326.0,726.5777777777777,39.02268292682927,41,0,2311.0,2341.0,2341.0,2311.0,701.5777777777777,751.5777777777777
14,78,2356.0,726.5777777777777,37.986136363636376,44,0,2341.0,2371.0,2371.0,2341.0,701.5777777777777,751.5777777777777
14,79,2386.0,726.5777777777777,30.38878787878789,66,0,2371.0,2401.0,2401.0,2371.0,701.5777777777777,751.5777777777777
14,80,2416.0,726.5777777777777,33.41915492957747,71,0,2401.0,2431.0,2431.0,2401.0,701.5777777777777,751.5777777777777
14,81,2446.0,726.5777777777777,41.678780487804886,41,0,2431.0,2461.0,2461.0,2431.0,701.5777777777777,751.5777777777777
14,82,2476.0,726.5777777777777,39.02651162790698,43,0,2461.0,2491.0,2491.0,2461.0,701.5777777777777,751.5777777777777
14,83,2506.0,726.5777777777777,36.99471698113208,53,0,2491.0,2521.0,2521.0,2491.0,701.5777777777777,751.5777777777777
14,84,2536.0,726.5777777777777,35.83295081967212,61,0,2521.0,2551.0,2551.0,2521.0,701.5777777777777,751.5777777777777
14,85,2566.0,726.5777777777777,36.26410958904109,73,0,2551.0,2581.0,2581.0,2551.0,701.5777777777777,751.5777777777777
14,86,2596.0,726.5777777777777,35.85857142857144,63,0,2581.0,2611.0,2611.0,2581.0,701.5777777777777,751.5777777777777
14,87,2626.0,726.5777777777777,17.070561797752802,89,0,2611.0,2641.0,2641.0,2611.0,701.5777777777777,751.5777777777777
14,88,2656.0,726.5777777777777,19.389565217391308,92,0,2641.0,2671.0,2671.0,2641.0,701.5777777777777,751.5777777777777
14,89,2686.0,726.5777777777777,29.62974025974027,77,0,2671.0,2701.0,2701.0,2671.0,701.5777777777777,751.5777777777777
14,90,2716.0,726.5777777777777,33.30500000000001,58,0,2701.0,2731.0,2731.0,2701.0,701.5777777777777,751.5777777777777
14,91,2746.0,726.5777777777777,27.329874999999998,80,0,2731.0,2761.0,2761.0,2731.0,701.5777777777777,751.5777777777777
14,92,2776.0,726.5777777777777,20.618415841584174,101,0,2761.0,2791.0,2791.0,2761.0,701.5777777777777,751.5777777777777
14,93,2806.0,726.5777777777777,25.86,85,0,2791.0,2821.0,2821.0,2791.0,701.5777777777777,751.5777777777777
14,94,2836.0,726.5777777777777,36.73428571428571,56,0,2821.0,2851.0,2851.0,2821.0,701.5777777777777,751.5777777777777
14,95,2866.0,726.5777777777777,31.691830985915484,71,0,2851.0,2881.0,2881.0,2851.0,701.5777777777777,751.5777777777777
14,96,2896.0,726.5777777777777,34.15301886792453,53,0,2881.0,2911.0,2911.0,2881.0,701.5777777777777,751.5777777777777
14,97,2926.0,726.5777777777777,36.040967741935496,62,0,2911.0,2941.0,2941.0,2911.0,701.5777777777777,751.5777777777777
14,98,2956.0,726.5777777777777,39.88000000000002,55,0,2941.0,2971.0,2971.0,2941.0,701.5777777777777,751.5777777777777
14,99,2986.0,726.5777777777777,41.84897959183673,49,0,2971.0,3001.0,3001.0,2971.0,701.5777777777777,751.5777777777777
14,100,3016.0,726.5777777777777,31.705156249999998,64,0,3001.0,3031.0,3031.0,3001.0,701.5777777777777,751.5777777777777
14,101,3046.0,726.5777777777777,31.86805194805195,77,0,3031.0,3061.0,3061.0,3031.0,701.5777777777777,751.5777777777777
14,102,3076.0,726.5777777777777,32.01553846153846,65,0,3061.0,3091.0,3091.0,3061.0,701.5777777777777,751.5777777777777
14,103,3106.0,726.5777777777777,33.199577464788725,71,0,3091.0,3121.0,3121.0,3091.0,701.5777777777777,751.5777777777777
14,104,3136.0,726.5777777777777,37.22173913043479,46,0,3121.0,3151.0,3151.0,3121.0,701.5777777777777,751.5777777777777
14,105,3166.0,726.5777777777777,32.3363768115942,69,0,3151.0,3181.0,3181.0,3151.0,701.5777777777777,751.5777777777777
14,106,3196.0,726.5777777777777,27.11282352941176,85,0,3181.0,3211.0,3211.0,3181.0,701.5777777777777,751.5777777777777
14,107,3226.0,726.5777777777777,25.681882352941173,85,0,3211.0,3241.0,3241.0,3211.0,701.5777777777777,751.5777777777777
14,108,3256.0,726.5777777777777,29.74983606557377,61,0,3241.0,3271.0,3271.0,3241.0,701.5777777777777,751.5777777777777
14,109,3286.0,726.5777777777777,31.447333333333336,75,0,3271.0,3301.0,3301.0,3271.0,701.5777777777777,751.5777777777777
14,110,3316.0,726.5777777777777,17.628235294117648,102,0,3301.0,3331.0,3331.0,3301.0,701.5777777777777,751.5777777777777
14,111,3346.0,726.5777777777777,22.85655172413793,87,0,3331.0,3361.0,3361.0,3331.0,701.5777777777777,751.5777777777777
14,112,3376.0,726.5777777777777,31.466842105263154,57,0,3361.0,3391.0,3391.0,3361.0,701.5777777777777,751.5777777777777
14,113,3406.0,726.5777777777777,28.644683544303795,79,0,3391.0,3421.0,3421.0,3391.0,701.5777777777777,751.5777777777777
14,114,3436.0,726.5777777777777,23.475921052631584,76,0,3421.0,3451.0,3451.0,3421.0,701.5777777777777,751.5777777777777
14,115,3466.0,726.5777777777777,31.05169230769231,65,0,3451.0,3481.0,3481.0,3451.0,701.5777777777777,751.5777777777777
14,116,3496.0,726.5777777777777,33.397586206896555,58,0,3481.0,3511.0,3511.0,3481.0,701.5777777777777,751.5777777777777
14,117,3526.0,726.5777777777777,34.86607142857143,56,0,3511.0,3541.0,3541.0,3511.0,701.5777777777777,751.5777777777777
14,118,3556.0,726.5777777777777,37.578088235294096,68,0,3541.0,3571.0,3571.0,3541.0,701.5777777777777,751.5777777777777
14,119,3586.0,726.5777777777777,32.43507462686568,67,0,3571.0,3601.0,3601.0,3571.0,701.5777777777777,751.5777777777777
14,120,3616.0,726.5777777777777,26.716790123456796,81,0,3601.0,3631.0,3631.0,3601.0,701.5777777777777,751.5777777777777
14,121,3646.0,726.5777777777777,25.85716049382716,81,0,3631.0,3661.0,3661.0,3631.0,701.5777777777777,751.5777777777777
14,122,3676.0,726.5777777777777,21.80560606060607,66,0,3661.0,3691.0,3691.0,3661.0,701.5777777777777,751.5777777777777
14,123,3706.0,726.5777777777777,17.730434782608693,23,0,3691.0,3721.0,3721.0,3691.0,701.5777777777777,751.5777777777777
14,124,3736.0,726.5777777777777,,0,0,3721.0,3751.0,3751.0,3721.0,701.5777777777777,751.5777777777777
14,125,3766.0,726.5777777777777,,0,0,3751.0,3781.0,3781.0,3751.0,701.5777777777777,751.5777777777777
14,126,3796.0,726.5777777777777,,0,0,3781.0,3811.0,3811.0,3781.0,701.5777777777777,751.5777777777777
14,127,3826.0,726.5777777777777,,0,0,3811.0,3841.0,3841.0,3811.0,701.5777777777777,751.5777777777777
14,128,3856.0,726.5777777777777,,0,0,3841.0,3871.0,3871.0,3841.0,701.5777777777777,751.5777777777777
14,129,3886.0,726.5777777777777,,0,0,3871.0,3901.0,3901.0,3871.0,701.5777777777777,751.5777777777777
15,0,16.0,776.5777777777777,62.541604938271625,27,0,1.0,31.0,31.0,1.0,751.5777777777777,801.5777777777777
15,1,46.0,776.5777777777777,61.49606060606058,33,0,31.0,61.0,61.0,31.0,751.5777777777777,801.5777777777777
15,2,76.0,776.5777777777777,66.42833333333333,12,0,61.0,91.0,91.0,61.0,751.5777777777777,801.5777777777777
15,3,106.0,776.5777777777777,68.1475,16,0,91.0,121.0,121.0,91.0,751.5777777777777,801.5777777777777
15,4,136.0,776.5777777777777,79.75357142857142,14,0,121.0,151.0,151.0,121.0,751.5777777777777,801.5777777777777
15,5,166.0,776.5777777777777,59.53244360902255,38,0,151.0,181.0,181.0,151.0,751.5777777777777,801.5777777777777
15,6,196.0,776.5777777777777,66.84296296296296,27,0,181.0,211.0,211.0,181.0,751.5777777777777,801.5777777777777
15,7,226.0,776.5777777777777,67.29882352941175,34,0,211.0,241.0,241.0,211.0,751.5777777777777,801.5777777777777
15,8,256.0,776.5777777777777,71.4835,20,0,241.0,271.0,271.0,241.0,751.5777777777777,801.5777777777777
15,9,286.0,776.5777777777777,74.13799999999999,15,0,271.0,301.0,301.0,271.0,751.5777777777777,801.5777777777777
15,10,316.0,776.5777777777777,77.6009090909091,11,0,301.0,331.0,331.0,301.0,751.5777777777777,801.5777777777777
15,11,346.0,776.5777777777777,68.83571428571427,14,0,331.0,361.0,361.0,331.0,751.5777777777777,801.5777777777777
15,12,376.0,776.5777777777777,67.57137931034484,29,0,361.0,391.0,391.0,361.0,751.5777777777777,801.5777777777777
15,13,406.0,776.5777777777777,77.551,20,0,391.0,421.0,421.0,391.0,751.5777777777777,801.5777777777777
15,14,436.0,776.5777777777777,65.1368,25,0,421.0,451.0,451.0,421.0,751.5777777777777,801.5777777777777
15,15,466.0,776.5777777777777,62.76310344827587,29,0,451.0,481.0,481.0,451.0,751.5777777777777,801.5777777777777
15,16,496.0,776.5777777777777,62.847750000000005,40,0,481.0,511.0,511.0,481.0,751.5777777777777,801.5777777777777
15,17,526.0,776.5777777777777,59.73805555555556,36,0,511.0,541.0,541.0,511.0,751.5777777777777,801.5777777777777
15,18,556.0,776.5777777777777,65.79478260869566,23,0,541.0,571.0,571.0,541.0,751.5777777777777,801.5777777777777
15,19,586.0,776.5777777777777,68.3176388888889,24,0,571.0,601.0,601.0,571.0,751.5777777777777,801.5777777777777
15,20,616.0,776.5777777777777,71.666,25,0,601.0,631.0,631.0,601.0,751.5777777777777,801.5777777777777
15,21,646.0,776.5777777777777,68.47866666666667,15,0,631.0,661.0,661.0,631.0,751.5777777777777,801.5777777777777
15,22,676.0,776.5777777777777,68.40736842105262,19,0,661.0,691.0,691.0,661.0,751.5777777777777,801.5777777777777
15,23,706.0,776.5777777777777,64.29695652173913,23,0,691.0,721.0,721.0,691.0,751.5777777777777,801.5777777777777
15,24,736.0,776.5777777777777,66.27135135135136,37,0,721.0,751.0,751.0,721.0,751.5777777777777,801.5777777777777
15,25,766.0,776.5777777777777,66.79290322580647,31,0,751.0,781.0,781.0,751.0,751.5777777777777,801.5777777777777
15,26,796.0,776.5777777777777,65.717,20,0,781.0,811.0,811.0,781.0,751.5777777777777,801.5777777777777
15,27,826.0,776.5777777777777,62.634375,32,0,811.0,841.0,841.0,811.0,751.5777777777777,801.5777777777777
15,28,856.0,776.5777777777777,64.36800000000001,35,0,841.0,871.0,871.0,841.0,751.5777777777777,801.5777777777777
15,29,886.0,776.5777777777777,75.00999999999999,8,0,871.0,901.0,901.0,871.0,751.5777777777777,801.5777777777777
15,30,916.0,776.5777777777777,63.98954545454546,22,0,901.0,931.0,931.0,901.0,751.5777777777777,801.5777777777777
15,31,946.0,776.5777777777777,59.94269230769233,26,0,931.0,961.0,961.0,931.0,751.5777777777777,801.5777777777777
15,32,976.0,776.5777777777777,60.784878048780485,41,0,961.0,991.0,991.0,961.0,751.5777777777777,801.5777777777777
15,33,1006.0,776.5777777777777,59.02000000000002,34,0,991.0,1021.0,1021.0,991.0,751.5777777777777,801.5777777777777
15,34,1036.0,776.5777777777777,54.918500000000016,40,0,1021.0,1051.0,1051.0,1021.0,751.5777777777777,801.5777777777777
15,35,1066.0,776.5777777777777,54.44973404255319,47,0,1051.0,1081.0,1081.0,1051.0,751.5777777777777,801.5777777777777
15,36,1096.0,776.5777777777777,63.080344827586195,29,0,1081.0,1111.0,1111.0,1081.0,751.5777777777777,801.5777777777777
15,37,1126.0,776.5777777777777,59.690303030303035,33,0,1111.0,1141.0,1141.0,1111.0,751.5777777777777,801.5777777777777
15,38,1156.0,776.5777777777777,60.57805555555555,36,0,1141.0,1171.0,1171.0,1141.0,751.5777777777777,801.5777777777777
15,39,1186.0,776.5777777777777,66.50200000000001,20,0,1171.0,1201.0,1201.0,1171.0,751.5777777777777,801.5777777777777
15,40,1216.0,776.5777777777777,60.6651724137931,29,0,1201.0,1231.0,1231.0,1201.0,751.5777777777777,801.5777777777777
15,41,1246.0,776.5777777777777,59.002857142857145,28,0,1231.0,1261.0,1261.0,1231.0,751.5777777777777,801.5777777777777
15,42,1276.0,776.5777777777777,52.66266666666665,45,0,1261.0,1291.0,1291.0,1261.0,751.5777777777777,801.5777777777777
15,43,1306.0,776.5777777777777,58.502941176470586,17,0,1291.0,1321.0,1321.0,1291.0,751.5777777777777,801.5777777777777
15,44,1336.0,776.5777777777777,44.18916666666666,48,0,1321.0,1351.0,1351.0,1321.0,751.5777777777777,801.5777777777777
15,45,1366.0,776.5777777777777,50.780833333333334,24,0,1351.0,1381.0,1381.0,1351.0,751.5777777777777,801.5777777777777
15,46,1396.0,776.5777777777777,52.11119444444446,40,0,1381.0,1411.0,1411.0,1381.0,751.5777777777777,801.5777777777777
15,47,1426.0,776.5777777777777,50.52558139534882,43,0,1411.0,1441.0,1441.0,1411.0,751.5777777777777,801.5777777777777
15,48,1456.0,776.5777777777777,40.31540983606558,61,0,1441.0,1471.0,1471.0,1441.0,751.5777777777777,801.5777777777777
15,49,1486.0,776.5777777777777,50.511052631578934,38,0,1471.0,1501.0,1501.0,1471.0,751.5777777777777,801.5777777777777
15,50,1516.0,776.5777777777777,51.68108108108109,37,0,1501.0,1531.0,1531.0,1501.0,751.5777777777777,801.5777777777777
15,51,1546.0,776.5777777777777,48.93769230769231,39,0,1531.0,1561.0,1561.0,1531.0,751.5777777777777,801.5777777777777
15,52,1576.0,776.5777777777777,43.81743589743589,39,0,1561.0,1591.0,1591.0,1561.0,751.5777777777777,801.5777777777777
15,53,1606.0,776.5777777777777,31.553807692307693,65,0,1591.0,1621.0,1621.0,1591.0,751.5777777777777,801.5777777777777
15,54,1636.0,776.5777777777777,28.75911764705883,68,0,1621.0,1651.0,1651.0,1621.0,751.5777777777777,801.5777777777777
15,55,1666.0,776.5777777777777,35.28117647058825,51,0,1651.0,1681.0,1681.0,1651.0,751.5777777777777,801.5777777777777
15,56,1696.0,776.5777777777777,35.154821428571424,56,0,1681.0,1711.0,1711.0,1681.0,751.5777777777777,801.5777777777777
15,57,1726.0,776.5777777777777,31.837000000000003,60,0,1711.0,1741.0,1741.0,1711.0,751.5777777777777,801.5777777777777
15,58,1756.0,776.5777777777777,35.32490909090909,55,0,1741.0,1771.0,1771.0,1741.0,751.5777777777777,801.5777777777777
15,59,1786.0,776.5777777777777,32.456470588235305,68,0,1771.0,1801.0,1801.0,1771.0,751.5777777777777,801.5777777777777
15,60,1816.0,776.5777777777777,29.901333333333337,60,0,1801.0,1831.0,1831.0,1801.0,751.5777777777777,801.5777777777777
15,61,1846.0,776.5777777777777,29.789491525423735,59,0,1831.0,1861.0,1861.0,1831.0,751.5777777777777,801.5777777777777
15,62,1876.0,776.5777777777777,27.35118644067796,59,0,1861.0,1891.0,1891.0,1861.0,751.5777777777777,801.5777777777777
15,63,1906.0,776.5777777777777,26.49847222222222,72,0,1891.0,1921.0,1921.0,1891.0,751.5777777777777,801.5777777777777
15,64,1936.0,776.5777777777777,30.365797101449278,69,0,1921.0,1951.0,1951.0,1921.0,751.5777777777777,801.5777777777777
15,65,1966.0,776.5777777777777,34.46563636363636,55,0,1951.0,1981.0,1981.0,1951.0,751.5777777777777,801.5777777777777
15,66,1996.0,776.5777777777777,33.16925925925926,54,0,1981.0,2011.0,2011.0,1981.0,751.5777777777777,801.5777777777777
15,67,2026.0,776.5777777777777,33.9838,50,0,2011.0,2041.0,2041.0,2011.0,751.5777777777777,801.5777777777777
15,68,2056.0,776.5777777777777,27.216491228070165,57,0,2041.0,2071.0,2071.0,2041.0,751.5777777777777,801.5777777777777
15,69,2086.0,776.5777777777777,26.58931506849316,73,0,2071.0,2101.0,2101.0,2071.0,751.5777777777777,801.5777777777777
15,70,2116.0,776.5777777777777,27.11116883116883,77,0,2101.0,2131.0,2131.0,2101.0,751.5777777777777,801.5777777777777
15,71,2146.0,776.5777777777777,23.964024390243903,82,0,2131.0,2161.0,2161.0,2131.0,751.5777777777777,801.5777777777777
15,72,2176.0,776.5777777777777,22.241566265060243,83,0,2161.0,2191.0,2191.0,2161.0,751.5777777777777,801.5777777777777
15,73,2206.0,776.5777777777777,31.117878787878798,33,0,2191.0,2221.0,2221.0,2191.0,751.5777777777777,801.5777777777777
15,74,2236.0,776.5777777777777,33.06483333333335,60,0,2221.0,2251.0,2251.0,2221.0,751.5777777777777,801.5777777777777
15,75,2266.0,776.5777777777777,38.95669825072887,49,0,2251.0,2281.0,2281.0,2251.0,751.5777777777777,801.5777777777777
15,76,2296.0,776.5777777777777,41.16195121951219,41,0,2281.0,2311.0,2311.0,2281.0,751.5777777777777,801.5777777777777
15,77,2326.0,776.5777777777777,42.23833333333334,42,0,2311.0,2341.0,2341.0,2311.0,751.5777777777777,801.5777777777777
15,78,2356.0,776.5777777777777,39.96685714285715,35,0,2341.0,2371.0,2371.0,2341.0,751.5777777777777,801.5777777777777
15,79,2386.0,776.5777777777777,35.19482142857144,56,0,2371.0,2401.0,2401.0,2371.0,751.5777777777777,801.5777777777777
15,80,2416.0,776.5777777777777,36.06609375000001,64,0,2401.0,2431.0,2431.0,2401.0,751.5777777777777,801.5777777777777
15,81,2446.0,776.5777777777777,40.0022,50,0,2431.0,2461.0,2461.0,2431.0,751.5777777777777,801.5777777777777
15,82,2476.0,776.5777777777777,37.11804347826087,46,0,2461.0,2491.0,2491.0,2461.0,751.5777777777777,801.5777777777777
15,83,2506.0,776.5777777777777,37.467999999999996,50,0,2491.0,2521.0,2521.0,2491.0,751.5777777777777,801.5777777777777
15,84,2536.0,776.5777777777777,35.24413793103449,58,0,2521.0,2551.0,2551.0,2521.0,751.5777777777777,801.5777777777777
15,85,2566.0,776.5777777777777,34.010617283950616,81,0,2551.0,2581.0,2581.0,2551.0,751.5777777777777,801.5777777777777
15,86,2596.0,776.5777777777777,26.305492957746484,71,0,2581.0,2611.0,2611.0,2581.0,751.5777777777777,801.5777777777777
15,87,2626.0,776.5777777777777,14.999130434782602,92,0,2611.0,2641.0,2641.0,2611.0,751.5777777777777,801.5777777777777
15,88,2656.0,776.5777777777777,25.965500000000002,60,0,2641.0,2671.0,2671.0,2641.0,751.5777777777777,801.5777777777777
15,89,2686.0,776.5777777777777,28.49739726027397,73,0,2671.0,2701.0,2701.0,2671.0,751.5777777777777,801.5777777777777
15,90,2716.0,776.5777777777777,34.53945454545454,55,0,2701.0,2731.0,2731.0,2701.0,751.5777777777777,801.5777777777777
15,91,2746.0,776.5777777777777,27.91634920634921,63,0,2731.0,2761.0,2761.0,2731.0,751.5777777777777,801.5777777777777
15,92,2776.0,776.5777777777777,18.7498947368421,95,0,2761.0,2791.0,2791.0,2761.0,751.5777777777777,801.5777777777777
15,93,2806.0,776.5777777777777,29.433821428571427,70,0,2791.0,2821.0,2821.0,2791.0,751.5777777777777,801.5777777777777
15,94,2836.0,776.5777777777777,34.29927536231885,69,0,2821.0,2851.0,2851.0,2821.0,751.5777777777777,801.5777777777777
15,95,2866.0,776.5777777777777,35.342982456140355,57,0,2851.0,2881.0,2881.0,2851.0,751.5777777777777,801.5777777777777
15,96,2896.0,776.5777777777777,35.03156862745097,51,0,2881.0,2911.0,2911.0,2881.0,751.5777777777777,801.5777777777777
15,97,2926.0,776.5777777777777,36.94090909090908,55,0,2911.0,2941.0,2941.0,2911.0,751.5777777777777,801.5777777777777
15,98,2956.0,776.5777777777777,40.435660377358495,53,0,2941.0,2971.0,2971.0,2941.0,751.5777777777777,801.5777777777777
15,99,2986.0,776.5777777777777,40.53263157894736,38,0,2971.0,3001.0,3001.0,2971.0,751.5777777777777,801.5777777777777
15,100,3016.0,776.5777777777777,31.670322580645156,62,0,3001.0,3031.0,3031.0,3001.0,751.5777777777777,801.5777777777777
15,101,3046.0,776.5777777777777,32.70967213114753,61,0,3031.0,3061.0,3061.0,3031.0,751.5777777777777,801.5777777777777
15,102,3076.0,776.5777777777777,28.647121212121217,66,0,3061.0,3091.0,3091.0,3061.0,751.5777777777777,801.5777777777777
15,103,3106.0,776.5777777777777,28.72859154929577,71,0,3091.0,3121.0,3121.0,3091.0,751.5777777777777,801.5777777777777
15,104,3136.0,776.5777777777777,34.45361702127659,47,0,3121.0,3151.0,3151.0,3121.0,751.5777777777777,801.5777777777777
15,105,3166.0,776.5777777777777,33.973050847457614,59,0,3151.0,3181.0,3181.0,3151.0,751.5777777777777,801.5777777777777
15,106,3196.0,776.5777777777777,26.881199999999993,75,0,3181.0,3211.0,3211.0,3181.0,751.5777777777777,801.5777777777777
15,107,3226.0,776.5777777777777,23.906404494382016,89,0,3211.0,3241.0,3241.0,3211.0,751.5777777777777,801.5777777777777
15,108,3256.0,776.5777777777777,30.47209677419355,62,0,3241.0,3271.0,3271.0,3241.0,751.5777777777777,801.5777777777777
15,109,3286.0,776.5777777777777,24.63121621621622,74,0,3271.0,3301.0,3301.0,3271.0,751.5777777777777,801.5777777777777
15,110,3316.0,776.5777777777777,16.477070707070713,99,0,3301.0,3331.0,3331.0,3301.0,751.5777777777777,801.5777777777777
15,111,3346.0,776.5777777777777,25.55066666666668,75,0,3331.0,3361.0,3361.0,3331.0,751.5777777777777,801.5777777777777
15,112,3376.0,776.5777777777777,31.2734375,64,0,3361.0,3391.0,3391.0,3361.0,751.5777777777777,801.5777777777777
15,113,3406.0,776.5777777777777,17.483018867924542,106,0,3391.0,3421.0,3421.0,3391.0,751.5777777777777,801.5777777777777
15,114,3436.0,776.5777777777777,23.003466666666668,75,0,3421.0,3451.0,3451.0,3421.0,751.5777777777777,801.5777777777777
15,115,3466.0,776.5777777777777,30.25746031746033,63,0,3451.0,3481.0,3481.0,3451.0,751.5777777777777,801.5777777777777
15,116,3496.0,776.5777777777777,38.36249999999999,44,0,3481.0,3511.0,3511.0,3481.0,751.5777777777777,801.5777777777777
15,117,3526.0,776.5777777777777,35.34547169811321,53,0,3511.0,3541.0,3541.0,3511.0,751.5777777777777,801.5777777777777
15,118,3556.0,776.5777777777777,39.9375,64,0,3541.0,3571.0,3571.0,3541.0,751.5777777777777,801.5777777777777
15,119,3586.0,776.5777777777777,37.17901234567901,54,0,3571.0,3601.0,3601.0,3571.0,751.5777777777777,801.5777777777777
15,120,3616.0,776.5777777777777,27.449032258064527,62,0,3601.0,3631.0,3631.0,3601.0,751.5777777777777,801.5777777777777
15,121,3646.0,776.5777777777777,27.309866666666657,75,0,3631.0,3661.0,3661.0,3631.0,751.5777777777777,801.5777777777777
15,122,3676.0,776.5777777777777,23.161730769230765,52,0,3661.0,3691.0,3691.0,3661.0,751.5777777777777,801.5777777777777
15,123,3706.0,776.5777777777777,10.845384615384615,65,0,3691.0,3721.0,3721.0,3691.0,751.5777777777777,801.5777777777777
15,124,3736.0,776.5777777777777,,0,0,3721.0,3751.0,3751.0,3721.0,751.5777777777777,801.5777777777777
15,125,3766.0,776.5777777777777,,0,0,3751.0,3781.0,3781.0,3751.0,751.5777777777777,801.5777777777777
15,126,3796.0,776.5777777777777,,0,0,3781.0,3811.0,3811.0,3781.0,751.5777777777777,801.5777777777777
15,127,3826.0,776.5777777777777,,0,0,3811.0,3841.0,3841.0,3811.0,751.5777777777777,801.5777777777777
15,128,3856.0,776.5777777777777,,0,0,3841.0,3871.0,3871.0,3841.0,751.5777777777777,801.5777777777777
15,129,3886.0,776.5777777777777,,0,0,3871.0,3901.0,3901.0,3871.0,751.5777777777777,801.5777777777777
16,0,16.0,826.5777777777777,61.44749999999999,24,0,1.0,31.0,31.0,1.0,801.5777777777777,851.5777777777777
16,1,46.0,826.5777777777777,62.61645161290323,31,0,31.0,61.0,61.0,31.0,801.5777777777777,851.5777777777777
16,2,76.0,826.5777777777777,67.32615384615384,13,0,61.0,91.0,91.0,61.0,801.5777777777777,851.5777777777777
16,3,106.0,826.5777777777777,68.42933333333333,15,0,91.0,121.0,121.0,91.0,801.5777777777777,851.5777777777777
16,4,136.0,826.5777777777777,80.11600000000001,15,0,121.0,151.0,151.0,121.0,801.5777777777777,851.5777777777777
16,5,166.0,826.5777777777777,58.7463888888889,36,0,151.0,181.0,181.0,151.0,801.5777777777777,851.5777777777777
16,6,196.0,826.5777777777777,67.25653846153847,26,0,181.0,211.0,211.0,181.0,801.5777777777777,851.5777777777777
16,7,226.0,826.5777777777777,66.38296296296296,27,0,211.0,241.0,241.0,211.0,801.5777777777777,851.5777777777777
16,8,256.0,826.5777777777777,73.20111111111109,18,0,241.0,271.0,271.0,241.0,801.5777777777777,851.5777777777777
16,9,286.0,826.5777777777777,74.08176470588236,17,0,271.0,301.0,301.0,271.0,801.5777777777777,851.5777777777777
16,10,316.0,826.5777777777777,78.05818181818182,11,0,301.0,331.0,331.0,301.0,801.5777777777777,851.5777777777777
16,11,346.0,826.5777777777777,70.542,10,0,331.0,361.0,361.0,331.0,801.5777777777777,851.5777777777777
16,12,376.0,826.5777777777777,67.98387096774192,31,0,361.0,391.0,391.0,361.0,801.5777777777777,851.5777777777777
16,13,406.0,826.5777777777777,79.15533333333333,15,0,391.0,421.0,421.0,391.0,801.5777777777777,851.5777777777777
16,14,436.0,826.5777777777777,64.61999999999999,26,0,421.0,451.0,451.0,421.0,801.5777777777777,851.5777777777777
16,15,466.0,826.5777777777777,63.54,28,0,451.0,481.0,481.0,451.0,801.5777777777777,851.5777777777777
16,16,496.0,826.5777777777777,62.220810810810804,37,0,481.0,511.0,511.0,481.0,801.5777777777777,851.5777777777777
16,17,526.0,826.5777777777777,61.15621621621622,37,0,511.0,541.0,541.0,511.0,801.5777777777777,851.5777777777777
16,18,556.0,826.5777777777777,61.30444444444444,27,0,541.0,571.0,571.0,541.0,801.5777777777777,851.5777777777777
16,19,586.0,826.5777777777777,69.53035714285714,28,0,571.0,601.0,601.0,571.0,801.5777777777777,851.5777777777777
16,20,616.0,826.5777777777777,69.2335,20,0,601.0,631.0,631.0,601.0,801.5777777777777,851.5777777777777
16,21,646.0,826.5777777777777,68.239375,16,0,631.0,661.0,661.0,631.0,801.5777777777777,851.5777777777777
16,22,676.0,826.5777777777777,67.1275,24,0,661.0,691.0,691.0,661.0,801.5777777777777,851.5777777777777
16,23,706.0,826.5777777777777,64.21000000000001,18,0,691.0,721.0,721.0,691.0,801.5777777777777,851.5777777777777
16,24,736.0,826.5777777777777,65.01974999999999,40,0,721.0,751.0,751.0,721.0,801.5777777777777,851.5777777777777
16,25,766.0,826.5777777777777,65.65833333333333,30,0,751.0,781.0,781.0,751.0,801.5777777777777,851.5777777777777
16,26,796.0,826.5777777777777,66.30772727272728,22,0,781.0,811.0,811.0,781.0,801.5777777777777,851.5777777777777
16,27,826.0,826.5777777777777,62.38969696969697,33,0,811.0,841.0,841.0,811.0,801.5777777777777,851.5777777777777
16,28,856.0,826.5777777777777,63.166562500000005,32,0,841.0,871.0,871.0,841.0,801.5777777777777,851.5777777777777
16,29,886.0,826.5777777777777,73.38888888888889,9,0,871.0,901.0,901.0,871.0,801.5777777777777,851.5777777777777
16,30,916.0,826.5777777777777,66.05615384615386,13,0,901.0,931.0,931.0,901.0,801.5777777777777,851.5777777777777
16,31,946.0,826.5777777777777,58.11757575757575,33,0,931.0,961.0,961.0,931.0,801.5777777777777,851.5777777777777
16,32,976.0,826.5777777777777,61.16166666666666,36,0,961.0,991.0,991.0,961.0,801.5777777777777,851.5777777777777
16,33,1006.0,826.5777777777777,60.32083333333334,36,0,991.0,1021.0,1021.0,991.0,801.5777777777777,851.5777777777777
16,34,1036.0,826.5777777777777,56.78380952380954,42,0,1021.0,1051.0,1051.0,1021.0,801.5777777777777,851.5777777777777
16,35,1066.0,826.5777777777777,52.94386363636363,44,0,1051.0,1081.0,1081.0,1051.0,801.5777777777777,851.5777777777777
16,36,1096.0,826.5777777777777,62.31133333333333,30,0,1081.0,1111.0,1111.0,1081.0,801.5777777777777,851.5777777777777
16,37,1126.0,826.5777777777777,62.055000000000014,32,0,1111.0,1141.0,1141.0,1111.0,801.5777777777777,851.5777777777777
16,38,1156.0,826.5777777777777,60.12885714285715,35,0,1141.0,1171.0,1171.0,1141.0,801.5777777777777,851.5777777777777
16,39,1186.0,826.5777777777777,66.17526315789475,19,0,1171.0,1201.0,1201.0,1171.0,801.5777777777777,851.5777777777777
16,40,1216.0,826.5777777777777,60.269259259259265,27,0,1201.0,1231.0,1231.0,1201.0,801.5777777777777,851.5777777777777
16,41,1246.0,826.5777777777777,61.17444444444444,27,0,1231.0,1261.0,1261.0,1231.0,801.5777777777777,851.5777777777777
16,42,1276.0,826.5777777777777,53.513243243243245,37,0,1261.0,1291.0,1291.0,1261.0,801.5777777777777,851.5777777777777
16,43,1306.0,826.5777777777777,58.02807692307692,26,0,1291.0,1321.0,1321.0,1291.0,801.5777777777777,851.5777777777777
16,44,1336.0,826.5777777777777,41.54277777777776,54,0,1321.0,1351.0,1351.0,1321.0,801.5777777777777,851.5777777777777
16,45,1366.0,826.5777777777777,48.43214814814814,30,0,1351.0,1381.0,1381.0,1351.0,801.5777777777777,851.5777777777777
16,46,1396.0,826.5777777777777,48.268717948717956,39,0,1381.0,1411.0,1411.0,1381.0,801.5777777777777,851.5777777777777
16,47,1426.0,826.5777777777777,51.307006802721084,49,0,1411.0,1441.0,1441.0,1411.0,801.5777777777777,851.5777777777777
16,48,1456.0,826.5777777777777,44.07166666666668,48,0,1441.0,1471.0,1471.0,1441.0,801.5777777777777,851.5777777777777
16,49,1486.0,826.5777777777777,42.41192307692308,52,0,1471.0,1501.0,1501.0,1471.0,801.5777777777777,851.5777777777777
16,50,1516.0,826.5777777777777,53.13487179487179,39,0,1501.0,1531.0,1531.0,1501.0,801.5777777777777,851.5777777777777
16,51,1546.0,826.5777777777777,47.578048780487805,41,0,1531.0,1561.0,1561.0,1531.0,801.5777777777777,851.5777777777777
16,52,1576.0,826.5777777777777,45.941351351351344,37,0,1561.0,1591.0,1591.0,1561.0,801.5777777777777,851.5777777777777
16,53,1606.0,826.5777777777777,36.345294117647065,51,0,1591.0,1621.0,1621.0,1591.0,801.5777777777777,851.5777777777777
16,54,1636.0,826.5777777777777,31.933559322033904,59,0,1621.0,1651.0,1651.0,1621.0,801.5777777777777,851.5777777777777
16,55,1666.0,826.5777777777777,37.037551020408166,49,0,1651.0,1681.0,1681.0,1651.0,801.5777777777777,851.5777777777777
16,56,1696.0,826.5777777777777,35.95254545454545,55,0,1681.0,1711.0,1711.0,1681.0,801.5777777777777,851.5777777777777
16,57,1726.0,826.5777777777777,37.9035294117647,51,0,1711.0,1741.0,1741.0,1711.0,801.5777777777777,851.5777777777777
16,58,1756.0,826.5777777777777,32.9443076923077,65,0,1741.0,1771.0,1771.0,1741.0,801.5777777777777,851.5777777777777
16,59,1786.0,826.5777777777777,35.85666666666666,57,0,1771.0,1801.0,1801.0,1771.0,801.5777777777777,851.5777777777777
16,60,1816.0,826.5777777777777,35.102363636363634,55,0,1801.0,1831.0,1831.0,1801.0,801.5777777777777,851.5777777777777
16,61,1846.0,826.5777777777777,36.47959183673469,49,0,1831.0,1861.0,1861.0,1831.0,801.5777777777777,851.5777777777777
16,62,1876.0,826.5777777777777,30.854705882352945,51,0,1861.0,1891.0,1891.0,1861.0,801.5777777777777,851.5777777777777
16,63,1906.0,826.5777777777777,33.41315789473685,57,0,1891.0,1921.0,1921.0,1891.0,801.5777777777777,851.5777777777777
16,64,1936.0,826.5777777777777,37.554716981132074,53,0,1921.0,1951.0,1951.0,1921.0,801.5777777777777,851.5777777777777
16,65,1966.0,826.5777777777777,36.69722222222221,54,0,1951.0,1981.0,1981.0,1951.0,801.5777777777777,851.5777777777777
16,66,1996.0,826.5777777777777,32.88946428571429,56,0,1981.0,2011.0,2011.0,1981.0,801.5777777777777,851.5777777777777
16,67,2026.0,826.5777777777777,30.38737704918033,61,0,2011.0,2041.0,2041.0,2011.0,801.5777777777777,851.5777777777777
16,68,2056.0,826.5777777777777,26.203333333333333,60,0,2041.0,2071.0,2071.0,2041.0,801.5777777777777,851.5777777777777
16,69,2086.0,826.5777777777777,29.13125000000001,64,0,2071.0,2101.0,2101.0,2071.0,801.5777777777777,851.5777777777777
16,70,2116.0,826.5777777777777,28.33607142857144,84,0,2101.0,2131.0,2131.0,2101.0,801.5777777777777,851.5777777777777
16,71,2146.0,826.5777777777777,19.35625,96,0,2131.0,2161.0,2161.0,2131.0,801.5777777777777,851.5777777777777
16,72,2176.0,826.5777777777777,22.61886075949368,79,0,2161.0,2191.0,2191.0,2161.0,801.5777777777777,851.5777777777777
16,73,2206.0,826.5777777777777,34.864318181818184,44,0,2191.0,2221.0,2221.0,2191.0,801.5777777777777,851.5777777777777
16,74,2236.0,826.5777777777777,38.759090909090915,44,0,2221.0,2251.0,2251.0,2221.0,801.5777777777777,851.5777777777777
16,75,2266.0,826.5777777777777,44.142857142857146,35,0,2251.0,2281.0,2281.0,2251.0,801.5777777777777,851.5777777777777
16,76,2296.0,826.5777777777777,46.132182539682546,36,0,2281.0,2311.0,2311.0,2281.0,801.5777777777777,851.5777777777777
16,77,2326.0,826.5777777777777,46.16924999999999,40,0,2311.0,2341.0,2341.0,2311.0,801.5777777777777,851.5777777777777
16,78,2356.0,826.5777777777777,45.6090909090909,33,0,2341.0,2371.0,2371.0,2341.0,801.5777777777777,851.5777777777777
16,79,2386.0,826.5777777777777,41.90432432432432,37,0,2371.0,2401.0,2401.0,2371.0,801.5777777777777,851.5777777777777
16,80,2416.0,826.5777777777777,41.54557692307693,52,0,2401.0,2431.0,2431.0,2401.0,801.5777777777777,851.5777777777777
16,81,2446.0,826.5777777777777,40.52229166666667,48,0,2431.0,2461.0,2461.0,2431.0,801.5777777777777,851.5777777777777
16,82,2476.0,826.5777777777777,39.68675675675674,37,0,2461.0,2491.0,2491.0,2461.0,801.5777777777777,851.5777777777777
16,83,2506.0,826.5777777777777,39.272999999999996,40,0,2491.0,2521.0,2521.0,2491.0,801.5777777777777,851.5777777777777
16,84,2536.0,826.5777777777777,38.23830188679244,53,0,2521.0,2551.0,2551.0,2521.0,801.5777777777777,851.5777777777777
16,85,2566.0,826.5777777777777,30.756046511627908,86,0,2551.0,2581.0,2581.0,2551.0,801.5777777777777,851.5777777777777
16,86,2596.0,826.5777777777777,22.094444444444456,81,0,2581.0,2611.0,2611.0,2581.0,801.5777777777777,851.5777777777777
16,87,2626.0,826.5777777777777,21.4030303030303,66,0,2611.0,2641.0,2641.0,2611.0,801.5777777777777,851.5777777777777
16,88,2656.0,826.5777777777777,34.96430894308943,41,0,2641.0,2671.0,2671.0,2641.0,801.5777777777777,851.5777777777777
16,89,2686.0,826.5777777777777,35.3410909090909,55,0,2671.0,2701.0,2701.0,2671.0,801.5777777777777,851.5777777777777
16,90,2716.0,826.5777777777777,34.27722222222224,54,0,2701.0,2731.0,2731.0,2701.0,801.5777777777777,851.5777777777777
16,91,2746.0,826.5777777777777,24.107142857142858,70,0,2731.0,2761.0,2761.0,2731.0,801.5777777777777,851.5777777777777
16,92,2776.0,826.5777777777777,21.277160493827157,81,0,2761.0,2791.0,2791.0,2761.0,801.5777777777777,851.5777777777777
16,93,2806.0,826.5777777777777,36.590892857142855,56,0,2791.0,2821.0,2821.0,2791.0,801.5777777777777,851.5777777777777
16,94,2836.0,826.5777777777777,37.16245283018868,53,0,2821.0,2851.0,2851.0,2821.0,801.5777777777777,851.5777777777777
16,95,2866.0,826.5777777777777,40.63104166666667,48,0,2851.0,2881.0,2881.0,2851.0,801.5777777777777,851.5777777777777
16,96,2896.0,826.5777777777777,39.258863636363635,44,0,2881.0,2911.0,2911.0,2881.0,801.5777777777777,851.5777777777777
16,97,2926.0,826.5777777777777,38.63409090909091,44,0,2911.0,2941.0,2941.0,2911.0,801.5777777777777,851.5777777777777
16,98,2956.0,826.5777777777777,41.274423076923085,52,0,2941.0,2971.0,2971.0,2941.0,801.5777777777777,851.5777777777777
16,99,2986.0,826.5777777777777,41.66441176470588,34,0,2971.0,3001.0,3001.0,2971.0,801.5777777777777,851.5777777777777
16,100,3016.0,826.5777777777777,38.45826086956522,46,0,3001.0,3031.0,3031.0,3001.0,801.5777777777777,851.5777777777777
16,101,3046.0,826.5777777777777,38.71381818181819,55,0,3031.0,3061.0,3061.0,3031.0,801.5777777777777,851.5777777777777
16,102,3076.0,826.5777777777777,30.959322033898307,59,0,3061.0,3091.0,3091.0,3061.0,801.5777777777777,851.5777777777777
16,103,3106.0,826.5777777777777,32.58354838709677,62,0,3091.0,3121.0,3121.0,3091.0,801.5777777777777,851.5777777777777
16,104,3136.0,826.5777777777777,37.69204545454547,44,0,3121.0,3151.0,3151.0,3121.0,801.5777777777777,851.5777777777777
16,105,3166.0,826.5777777777777,34.55518518518519,54,0,3151.0,3181.0,3181.0,3151.0,801.5777777777777,851.5777777777777
16,106,3196.0,826.5777777777777,29.675882352941183,68,0,3181.0,3211.0,3211.0,3181.0,801.5777777777777,851.5777777777777
16,107,3226.0,826.5777777777777,26.111647058823532,85,0,3211.0,3241.0,3241.0,3211.0,801.5777777777777,851.5777777777777
16,108,3256.0,826.5777777777777,34.10105263157895,57,0,3241.0,3271.0,3271.0,3241.0,801.5777777777777,851.5777777777777
16,109,3286.0,826.5777777777777,19.725432098765438,81,0,3271.0,3301.0,3301.0,3271.0,801.5777777777777,851.5777777777777
16,110,3316.0,826.5777777777777,18.296736842105272,95,0,3301.0,3331.0,3331.0,3301.0,801.5777777777777,851.5777777777777
16,111,3346.0,826.5777777777777,27.35428571428572,70,0,3331.0,3361.0,3361.0,3331.0,801.5777777777777,851.5777777777777
16,112,3376.0,826.5777777777777,26.189625,80,0,3361.0,3391.0,3391.0,3361.0,801.5777777777777,851.5777777777777
16,113,3406.0,826.5777777777777,18.246705882352945,85,0,3391.0,3421.0,3421.0,3391.0,801.5777777777777,851.5777777777777
16,114,3436.0,826.5777777777777,30.426240601503746,57,0,3421.0,3451.0,3451.0,3421.0,801.5777777777777,851.5777777777777
16,115,3466.0,826.5777777777777,33.88428571428571,49,0,3451.0,3481.0,3481.0,3451.0,801.5777777777777,851.5777777777777
16,116,3496.0,826.5777777777777,42.09621621621621,37,0,3481.0,3511.0,3511.0,3481.0,801.5777777777777,851.5777777777777
16,117,3526.0,826.5777777777777,40.70622222222223,45,0,3511.0,3541.0,3541.0,3511.0,801.5777777777777,851.5777777777777
16,118,3556.0,826.5777777777777,38.55639344262294,61,0,3541.0,3571.0,3571.0,3541.0,801.5777777777777,851.5777777777777
16,119,3586.0,826.5777777777777,40.605,44,0,3571.0,3601.0,3601.0,3571.0,801.5777777777777,851.5777777777777
16,120,3616.0,826.5777777777777,34.150571428571425,35,0,3601.0,3631.0,3631.0,3601.0,801.5777777777777,851.5777777777777
16,121,3646.0,826.5777777777777,30.92052631578947,57,0,3631.0,3661.0,3661.0,3631.0,801.5777777777777,851.5777777777777
16,122,3676.0,826.5777777777777,20.340886075949367,79,0,3661.0,3691.0,3691.0,3661.0,801.5777777777777,851.5777777777777
16,123,3706.0,826.5777777777777,10.783829787234039,94,0,3691.0,3721.0,3721.0,3691.0,801.5777777777777,851.5777777777777
16,124,3736.0,826.5777777777777,11.498148148148145,27,0,3721.0,3751.0,3751.0,3721.0,801.5777777777777,851.5777777777777
16,125,3766.0,826.5777777777777,,0,0,3751.0,3781.0,3781.0,3751.0,801.5777777777777,851.5777777777777
16,126,3796.0,826.5777777777777,,0,0,3781.0,3811.0,3811.0,3781.0,801.5777777777777,851.5777777777777
16,127,3826.0,826.5777777777777,,0,0,3811.0,3841.0,3841.0,3811.0,801.5777777777777,851.5777777777777
16,128,3856.0,826.5777777777777,,0,0,3841.0,3871.0,3871.0,3841.0,801.5777777777777,851.5777777777777
16,129,3886.0,826.5777777777777,,0,0,3871.0,3901.0,3901.0,3871.0,801.5777777777777,851.5777777777777
17,0,16.0,876.5777777777777,58.693333333333335,27,0,1.0,31.0,31.0,1.0,851.5777777777777,901.5777777777777
17,1,46.0,876.5777777777777,62.082352941176474,34,0,31.0,61.0,61.0,31.0,851.5777777777777,901.5777777777777
17,2,76.0,876.5777777777777,64.34894736842107,19,0,61.0,91.0,91.0,61.0,851.5777777777777,901.5777777777777
17,3,106.0,876.5777777777777,68.43277777777776,18,0,91.0,121.0,121.0,91.0,851.5777777777777,901.5777777777777
17,4,136.0,876.5777777777777,73.884,15,0,121.0,151.0,151.0,121.0,851.5777777777777,901.5777777777777
17,5,166.0,876.5777777777777,59.080882352941174,34,0,151.0,181.0,181.0,151.0,851.5777777777777,901.5777777777777
17,6,196.0,876.5777777777777,66.39556650246305,29,0,181.0,211.0,211.0,181.0,851.5777777777777,901.5777777777777
17,7,226.0,876.5777777777777,64.94527777777779,36,0,211.0,241.0,241.0,211.0,851.5777777777777,901.5777777777777
17,8,256.0,876.5777777777777,74.59649999999999,20,0,241.0,271.0,271.0,241.0,851.5777777777777,901.5777777777777
17,9,286.0,876.5777777777777,71.25772727272728,22,0,271.0,301.0,301.0,271.0,851.5777777777777,901.5777777777777
17,10,316.0,876.5777777777777,79.74111111111111,9,0,301.0,331.0,331.0,301.0,851.5777777777777,901.5777777777777
17,11,346.0,876.5777777777777,70.60642857142857,14,0,331.0,361.0,361.0,331.0,851.5777777777777,901.5777777777777
17,12,376.0,876.5777777777777,67.33363636363636,33,0,361.0,391.0,391.0,361.0,851.5777777777777,901.5777777777777
17,13,406.0,876.5777777777777,78.71444444444442,18,0,391.0,421.0,421.0,391.0,851.5777777777777,901.5777777777777
17,14,436.0,876.5777777777777,65.63851851851852,27,0,421.0,451.0,451.0,421.0,851.5777777777777,901.5777777777777
17,15,466.0,876.5777777777777,64.02333333333334,30,0,451.0,481.0,481.0,451.0,851.5777777777777,901.5777777777777
17,16,496.0,876.5777777777777,61.62532142857142,40,0,481.0,511.0,511.0,481.0,851.5777777777777,901.5777777777777
17,17,526.0,876.5777777777777,61.80926829268296,41,0,511.0,541.0,541.0,511.0,851.5777777777777,901.5777777777777
17,18,556.0,876.5777777777777,59.809374999999996,32,0,541.0,571.0,571.0,541.0,851.5777777777777,901.5777777777777
17,19,586.0,876.5777777777777,68.70310344827587,29,0,571.0,601.0,601.0,571.0,851.5777777777777,901.5777777777777
17,20,616.0,876.5777777777777,68.89958333333334,24,0,601.0,631.0,631.0,601.0,851.5777777777777,901.5777777777777
17,21,646.0,876.5777777777777,68.65705882352941,17,0,631.0,661.0,661.0,631.0,851.5777777777777,901.5777777777777
17,22,676.0,876.5777777777777,66.80722222222222,30,0,661.0,691.0,691.0,661.0,851.5777777777777,901.5777777777777
17,23,706.0,876.5777777777777,62.6505882352941,17,0,691.0,721.0,721.0,691.0,851.5777777777777,901.5777777777777
17,24,736.0,876.5777777777777,63.38857142857143,42,0,721.0,751.0,751.0,721.0,851.5777777777777,901.5777777777777
17,25,766.0,876.5777777777777,65.71724137931037,29,0,751.0,781.0,781.0,751.0,851.5777777777777,901.5777777777777
17,26,796.0,876.5777777777777,67.66299999999998,20,0,781.0,811.0,811.0,781.0,851.5777777777777,901.5777777777777
17,27,826.0,876.5777777777777,61.627647058823534,34,0,811.0,841.0,841.0,811.0,851.5777777777777,901.5777777777777
17,28,856.0,876.5777777777777,62.95911764705881,34,0,841.0,871.0,871.0,841.0,851.5777777777777,901.5777777777777
17,29,886.0,876.5777777777777,69.31714285714285,7,0,871.0,901.0,901.0,871.0,851.5777777777777,901.5777777777777
17,30,916.0,876.5777777777777,67.36928571428571,14,0,901.0,931.0,931.0,901.0,851.5777777777777,901.5777777777777
17,31,946.0,876.5777777777777,56.98625,32,0,931.0,961.0,961.0,931.0,851.5777777777777,901.5777777777777
17,32,976.0,876.5777777777777,60.43810810810811,37,0,961.0,991.0,991.0,961.0,851.5777777777777,901.5777777777777
17,33,1006.0,876.5777777777777,57.768048780487824,41,0,991.0,1021.0,1021.0,991.0,851.5777777777777,901.5777777777777
17,34,1036.0,876.5777777777777,57.64236842105263,38,0,1021.0,1051.0,1051.0,1021.0,851.5777777777777,901.5777777777777
17,35,1066.0,876.5777777777777,48.691458333333344,48,0,1051.0,1081.0,1081.0,1051.0,851.5777777777777,901.5777777777777
17,36,1096.0,876.5777777777777,57.5848717948718,39,0,1081.0,1111.0,1111.0,1081.0,851.5777777777777,901.5777777777777
17,37,1126.0,876.5777777777777,58.94,34,0,1111.0,1141.0,1141.0,1111.0,851.5777777777777,901.5777777777777
17,38,1156.0,876.5777777777777,57.8605,40,0,1141.0,1171.0,1171.0,1141.0,851.5777777777777,901.5777777777777
17,39,1186.0,876.5777777777777,63.808636363636374,22,0,1171.0,1201.0,1201.0,1171.0,851.5777777777777,901.5777777777777
17,40,1216.0,876.5777777777777,58.058636363636374,22,0,1201.0,1231.0,1231.0,1201.0,851.5777777777777,901.5777777777777
17,41,1246.0,876.5777777777777,61.10399999999999,30,0,1231.0,1261.0,1261.0,1231.0,851.5777777777777,901.5777777777777
17,42,1276.0,876.5777777777777,51.20914893617022,47,0,1261.0,1291.0,1291.0,1261.0,851.5777777777777,901.5777777777777
17,43,1306.0,876.5777777777777,51.79925000000001,40,0,1291.0,1321.0,1321.0,1291.0,851.5777777777777,901.5777777777777
17,44,1336.0,876.5777777777777,37.43730769230769,52,0,1321.0,1351.0,1351.0,1321.0,851.5777777777777,901.5777777777777
17,45,1366.0,876.5777777777777,44.40219512195123,41,0,1351.0,1381.0,1381.0,1351.0,851.5777777777777,901.5777777777777
17,46,1396.0,876.5777777777777,42.19657894736843,38,0,1381.0,1411.0,1411.0,1381.0,851.5777777777777,901.5777777777777
17,47,1426.0,876.5777777777777,49.56411764705882,51,0,1411.0,1441.0,1441.0,1411.0,851.5777777777777,901.5777777777777
17,48,1456.0,876.5777777777777,43.7321568627451,51,0,1441.0,1471.0,1471.0,1441.0,851.5777777777777,901.5777777777777
17,49,1486.0,876.5777777777777,39.46152542372881,59,0,1471.0,1501.0,1501.0,1471.0,851.5777777777777,901.5777777777777
17,50,1516.0,876.5777777777777,48.71272727272728,44,0,1501.0,1531.0,1531.0,1501.0,851.5777777777777,901.5777777777777
17,51,1546.0,876.5777777777777,45.13046511627907,43,0,1531.0,1561.0,1561.0,1531.0,851.5777777777777,901.5777777777777
17,52,1576.0,876.5777777777777,44.75124999999999,40,0,1561.0,1591.0,1591.0,1561.0,851.5777777777777,901.5777777777777
17,53,1606.0,876.5777777777777,38.4136170212766,47,0,1591.0,1621.0,1621.0,1591.0,851.5777777777777,901.5777777777777
17,54,1636.0,876.5777777777777,38.27358490566037,53,0,1621.0,1651.0,1651.0,1621.0,851.5777777777777,901.5777777777777
17,55,1666.0,876.5777777777777,34.800333333333334,60,0,1651.0,1681.0,1681.0,1651.0,851.5777777777777,901.5777777777777
17,56,1696.0,876.5777777777777,33.438983050847455,59,0,1681.0,1711.0,1711.0,1681.0,851.5777777777777,901.5777777777777
17,57,1726.0,876.5777777777777,35.957419354838706,62,0,1711.0,1741.0,1741.0,1711.0,851.5777777777777,901.5777777777777
17,58,1756.0,876.5777777777777,30.6353448275862,58,0,1741.0,1771.0,1771.0,1741.0,851.5777777777777,901.5777777777777
17,59,1786.0,876.5777777777777,33.434999999999995,74,0,1771.0,1801.0,1801.0,1771.0,851.5777777777777,901.5777777777777
17,60,1816.0,876.5777777777777,37.38875000000001,56,0,1801.0,1831.0,1831.0,1801.0,851.5777777777777,901.5777777777777
17,61,1846.0,876.5777777777777,36.9930612244898,49,0,1831.0,1861.0,1861.0,1831.0,851.5777777777777,901.5777777777777
17,62,1876.0,876.5777777777777,33.9422,50,0,1861.0,1891.0,1891.0,1861.0,851.5777777777777,901.5777777777777
17,63,1906.0,876.5777777777777,37.305370370370376,54,0,1891.0,1921.0,1921.0,1891.0,851.5777777777777,901.5777777777777
17,64,1936.0,876.5777777777777,40.268727272727276,55,0,1921.0,1951.0,1951.0,1921.0,851.5777777777777,901.5777777777777
17,65,1966.0,876.5777777777777,35.00440677966102,59,0,1951.0,1981.0,1981.0,1951.0,851.5777777777777,901.5777777777777
17,66,1996.0,876.5777777777777,29.041874999999997,64,0,1981.0,2011.0,2011.0,1981.0,851.5777777777777,901.5777777777777
17,67,2026.0,876.5777777777777,30.00681159420289,69,0,2011.0,2041.0,2041.0,2011.0,851.5777777777777,901.5777777777777
17,68,2056.0,876.5777777777777,22.188906250000002,64,0,2041.0,2071.0,2071.0,2041.0,851.5777777777777,901.5777777777777
17,69,2086.0,876.5777777777777,24.63318840579711,69,0,2071.0,2101.0,2101.0,2071.0,851.5777777777777,901.5777777777777
17,70,2116.0,876.5777777777777,20.624999999999996,114,0,2101.0,2131.0,2131.0,2101.0,851.5777777777777,901.5777777777777
17,71,2146.0,876.5777777777777,19.663666666666668,90,0,2131.0,2161.0,2161.0,2131.0,851.5777777777777,901.5777777777777
17,72,2176.0,876.5777777777777,31.770312499999992,64,0,2161.0,2191.0,2191.0,2161.0,851.5777777777777,901.5777777777777
17,73,2206.0,876.5777777777777,35.50591836734692,49,0,2191.0,2221.0,2221.0,2191.0,851.5777777777777,901.5777777777777
17,74,2236.0,876.5777777777777,40.45409090909092,44,0,2221.0,2251.0,2251.0,2221.0,851.5777777777777,901.5777777777777
17,75,2266.0,876.5777777777777,45.64318181818181,44,0,2251.0,2281.0,2281.0,2251.0,851.5777777777777,901.5777777777777
17,76,2296.0,876.5777777777777,47.85057142857142,35,0,2281.0,2311.0,2311.0,2281.0,851.5777777777777,901.5777777777777
17,77,2326.0,876.5777777777777,45.93104166666666,48,0,2311.0,2341.0,2341.0,2311.0,851.5777777777777,901.5777777777777
17,78,2356.0,876.5777777777777,47.54181818181818,33,0,2341.0,2371.0,2371.0,2341.0,851.5777777777777,901.5777777777777
17,79,2386.0,876.5777777777777,45.327837837837855,37,0,2371.0,2401.0,2401.0,2371.0,851.5777777777777,901.5777777777777
17,80,2416.0,876.5777777777777,41.39530612244897,49,0,2401.0,2431.0,2431.0,2401.0,851.5777777777777,901.5777777777777
17,81,2446.0,876.5777777777777,40.2735593220339,59,0,2431.0,2461.0,2461.0,2431.0,851.5777777777777,901.5777777777777
17,82,2476.0,876.5777777777777,42.58102564102564,39,0,2461.0,2491.0,2491.0,2461.0,851.5777777777777,901.5777777777777
17,83,2506.0,876.5777777777777,36.958125,48,0,2491.0,2521.0,2521.0,2491.0,851.5777777777777,901.5777777777777
17,84,2536.0,876.5777777777777,35.50418181818181,55,0,2521.0,2551.0,2551.0,2521.0,851.5777777777777,901.5777777777777
17,85,2566.0,876.5777777777777,31.96387500000001,80,0,2551.0,2581.0,2581.0,2551.0,851.5777777777777,901.5777777777777
17,86,2596.0,876.5777777777777,23.83682352941177,85,0,2581.0,2611.0,2611.0,2581.0,851.5777777777777,901.5777777777777
17,87,2626.0,876.5777777777777,31.863137254901975,51,0,2611.0,2641.0,2641.0,2611.0,851.5777777777777,901.5777777777777
17,88,2656.0,876.5777777777777,41.40575,40,0,2641.0,2671.0,2671.0,2641.0,851.5777777777777,901.5777777777777
17,89,2686.0,876.5777777777777,39.01442307692309,52,0,2671.0,2701.0,2701.0,2671.0,851.5777777777777,901.5777777777777
17,90,2716.0,876.5777777777777,30.924383561643836,73,0,2701.0,2731.0,2731.0,2701.0,851.5777777777777,901.5777777777777
17,91,2746.0,876.5777777777777,13.532407407407407,108,0,2731.0,2761.0,2761.0,2731.0,851.5777777777777,901.5777777777777
17,92,2776.0,876.5777777777777,25.788072289156634,83,0,2761.0,2791.0,2791.0,2761.0,851.5777777777777,901.5777777777777
17,93,2806.0,876.5777777777777,37.15402985074628,67,0,2791.0,2821.0,2821.0,2791.0,851.5777777777777,901.5777777777777
17,94,2836.0,876.5777777777777,41.732280701754384,57,0,2821.0,2851.0,2851.0,2821.0,851.5777777777777,901.5777777777777
17,95,2866.0,876.5777777777777,42.325294117647054,51,0,2851.0,2881.0,2881.0,2851.0,851.5777777777777,901.5777777777777
17,96,2896.0,876.5777777777777,38.246379310344835,58,0,2881.0,2911.0,2911.0,2881.0,851.5777777777777,901.5777777777777
17,97,2926.0,876.5777777777777,36.5742,50,0,2911.0,2941.0,2941.0,2911.0,851.5777777777777,901.5777777777777
17,98,2956.0,876.5777777777777,39.05857142857144,56,0,2941.0,2971.0,2971.0,2941.0,851.5777777777777,901.5777777777777
17,99,2986.0,876.5777777777777,39.59023809523809,42,0,2971.0,3001.0,3001.0,2971.0,851.5777777777777,901.5777777777777
17,100,3016.0,876.5777777777777,40.56541666666666,48,0,3001.0,3031.0,3031.0,3001.0,851.5777777777777,901.5777777777777
17,101,3046.0,876.5777777777777,35.75517857142857,56,0,3031.0,3061.0,3061.0,3031.0,851.5777777777777,901.5777777777777
17,102,3076.0,876.5777777777777,32.958387096774196,62,0,3061.0,3091.0,3091.0,3061.0,851.5777777777777,901.5777777777777
17,103,3106.0,876.5777777777777,34.27457627118644,59,0,3091.0,3121.0,3121.0,3091.0,851.5777777777777,901.5777777777777
17,104,3136.0,876.5777777777777,36.84259259259259,54,0,3121.0,3151.0,3151.0,3121.0,851.5777777777777,901.5777777777777
17,105,3166.0,876.5777777777777,29.27046875,64,0,3151.0,3181.0,3181.0,3151.0,851.5777777777777,901.5777777777777
17,106,3196.0,876.5777777777777,26.538194444444443,72,0,3181.0,3211.0,3211.0,3181.0,851.5777777777777,901.5777777777777
17,107,3226.0,876.5777777777777,28.791136363636358,88,0,3211.0,3241.0,3241.0,3211.0,851.5777777777777,901.5777777777777
17,108,3256.0,876.5777777777777,30.043846153846157,65,0,3241.0,3271.0,3271.0,3241.0,851.5777777777777,901.5777777777777
17,109,3286.0,876.5777777777777,17.239058823529408,85,0,3271.0,3301.0,3301.0,3271.0,851.5777777777777,901.5777777777777
17,110,3316.0,876.5777777777777,22.067473684210533,95,0,3301.0,3331.0,3331.0,3301.0,851.5777777777777,901.5777777777777
17,111,3346.0,876.5777777777777,25.43780487804877,82,0,3331.0,3361.0,3361.0,3331.0,851.5777777777777,901.5777777777777
17,112,3376.0,876.5777777777777,22.550117647058816,85,0,3361.0,3391.0,3391.0,3361.0,851.5777777777777,901.5777777777777
17,113,3406.0,876.5777777777777,26.847647058823544,68,0,3391.0,3421.0,3421.0,3391.0,851.5777777777777,901.5777777777777
17,114,3436.0,876.5777777777777,35.53928571428572,56,0,3421.0,3451.0,3451.0,3421.0,851.5777777777777,901.5777777777777
17,115,3466.0,876.5777777777777,37.50245283018868,53,0,3451.0,3481.0,3481.0,3451.0,851.5777777777777,901.5777777777777
17,116,3496.0,876.5777777777777,40.67563685636856,41,0,3481.0,3511.0,3511.0,3481.0,851.5777777777777,901.5777777777777
17,117,3526.0,876.5777777777777,40.95931034482758,58,0,3511.0,3541.0,3541.0,3511.0,851.5777777777777,901.5777777777777
17,118,3556.0,876.5777777777777,36.13209677419355,62,0,3541.0,3571.0,3571.0,3541.0,851.5777777777777,901.5777777777777
17,119,3586.0,876.5777777777777,35.194637681159406,69,0,3571.0,3601.0,3601.0,3571.0,851.5777777777777,901.5777777777777
17,120,3616.0,876.5777777777777,38.839047619047605,42,0,3601.0,3631.0,3631.0,3601.0,851.5777777777777,901.5777777777777
17,121,3646.0,876.5777777777777,32.092463768115955,69,0,3631.0,3661.0,3661.0,3631.0,851.5777777777777,901.5777777777777
17,122,3676.0,876.5777777777777,13.869999999999997,128,0,3661.0,3691.0,3691.0,3661.0,851.5777777777777,901.5777777777777
17,123,3706.0,876.5777777777777,10.43021505376344,93,0,3691.0,3721.0,3721.0,3691.0,851.5777777777777,901.5777777777777
17,124,3736.0,876.5777777777777,10.493909090909094,110,0,3721.0,3751.0,3751.0,3721.0,851.5777777777777,901.5777777777777
17,125,3766.0,876.5777777777777,17.67,1,0,3751.0,3781.0,3781.0,3751.0,851.5777777777777,901.5777777777777
17,126,3796.0,876.5777777777777,,0,0,3781.0,3811.0,3811.0,3781.0,851.5777777777777,901.5777777777777
17,127,3826.0,876.5777777777777,,0,0,3811.0,3841.0,3841.0,3811.0,851.5777777777777,901.5777777777777
17,128,3856.0,876.5777777777777,,0,0,3841.0,3871.0,3871.0,3841.0,851.5777777777777,901.5777777777777
17,129,3886.0,876.5777777777777,,0,0,3871.0,3901.0,3901.0,3871.0,851.5777777777777,901.5777777777777
18,0,16.0,926.5777777777777,59.519615384615385,26,0,1.0,31.0,31.0,1.0,901.5777777777777,951.5777777777777
18,1,46.0,926.5777777777777,60.22166666666668,30,0,31.0,61.0,61.0,31.0,901.5777777777777,951.5777777777777
18,2,76.0,926.5777777777777,62.602142857142844,14,0,61.0,91.0,91.0,61.0,901.5777777777777,951.5777777777777
18,3,106.0,926.5777777777777,65.59307692307694,13,0,91.0,121.0,121.0,91.0,901.5777777777777,951.5777777777777
18,4,136.0,926.5777777777777,67.858,15,0,121.0,151.0,151.0,121.0,901.5777777777777,951.5777777777777
18,5,166.0,926.5777777777777,59.69655172413793,29,0,151.0,181.0,181.0,151.0,901.5777777777777,951.5777777777777
18,6,196.0,926.5777777777777,62.801904761904765,21,0,181.0,211.0,211.0,181.0,901.5777777777777,951.5777777777777
18,7,226.0,926.5777777777777,63.922,30,0,211.0,241.0,241.0,211.0,901.5777777777777,951.5777777777777
18,8,256.0,926.5777777777777,72.30266666666667,15,0,241.0,271.0,271.0,241.0,901.5777777777777,951.5777777777777
18,9,286.0,926.5777777777777,70.44428571428571,21,0,271.0,301.0,301.0,271.0,901.5777777777777,951.5777777777777
18,10,316.0,926.5777777777777,78.12,8,0,301.0,331.0,331.0,301.0,901.5777777777777,951.5777777777777
18,11,346.0,926.5777777777777,68.85916666666667,12,0,331.0,361.0,361.0,331.0,901.5777777777777,951.5777777777777
18,12,376.0,926.5777777777777,65.5248484848485,33,0,361.0,391.0,391.0,361.0,901.5777777777777,951.5777777777777
18,13,406.0,926.5777777777777,77.6776923076923,13,0,391.0,421.0,421.0,391.0,901.5777777777777,951.5777777777777
18,14,436.0,926.5777777777777,63.35166666666666,24,0,421.0,451.0,451.0,421.0,901.5777777777777,951.5777777777777
18,15,466.0,926.5777777777777,63.247333333333344,30,0,451.0,481.0,481.0,451.0,901.5777777777777,951.5777777777777
18,16,496.0,926.5777777777777,60.290645161290314,31,0,481.0,511.0,511.0,481.0,901.5777777777777,951.5777777777777
18,17,526.0,926.5777777777777,62.059428571428555,35,0,511.0,541.0,541.0,511.0,901.5777777777777,951.5777777777777
18,18,556.0,926.5777777777777,56.891875000000006,32,0,541.0,571.0,571.0,541.0,901.5777777777777,951.5777777777777
18,19,586.0,926.5777777777777,68.1836,25,0,571.0,601.0,601.0,571.0,901.5777777777777,951.5777777777777
18,20,616.0,926.5777777777777,64.6696,25,0,601.0,631.0,631.0,601.0,901.5777777777777,951.5777777777777
18,21,646.0,926.5777777777777,68.09400000000001,20,0,631.0,661.0,661.0,631.0,901.5777777777777,951.5777777777777
18,22,676.0,926.5777777777777,65.81444444444445,27,0,661.0,691.0,691.0,661.0,901.5777777777777,951.5777777777777
18,23,706.0,926.5777777777777,60.966666666666676,12,0,691.0,721.0,721.0,691.0,901.5777777777777,951.5777777777777
18,24,736.0,926.5777777777777,60.5255,40,0,721.0,751.0,751.0,721.0,901.5777777777777,951.5777777777777
18,25,766.0,926.5777777777777,64.42142857142858,28,0,751.0,781.0,781.0,751.0,901.5777777777777,951.5777777777777
18,26,796.0,926.5777777777777,66.94681818181817,22,0,781.0,811.0,811.0,781.0,901.5777777777777,951.5777777777777
18,27,826.0,926.5777777777777,62.092592592592595,27,0,811.0,841.0,841.0,811.0,901.5777777777777,951.5777777777777
18,28,856.0,926.5777777777777,61.188,30,0,841.0,871.0,871.0,841.0,901.5777777777777,951.5777777777777
18,29,886.0,926.5777777777777,67.7088888888889,9,0,871.0,901.0,901.0,871.0,901.5777777777777,951.5777777777777
18,30,916.0,926.5777777777777,67.53846153846153,13,0,901.0,931.0,931.0,901.0,901.5777777777777,951.5777777777777
18,31,946.0,926.5777777777777,57.195925925925934,27,0,931.0,961.0,961.0,931.0,901.5777777777777,951.5777777777777
18,32,976.0,926.5777777777777,59.66454545454546,33,0,961.0,991.0,991.0,961.0,901.5777777777777,951.5777777777777
18,33,1006.0,926.5777777777777,58.690909090909095,33,0,991.0,1021.0,1021.0,991.0,901.5777777777777,951.5777777777777
18,34,1036.0,926.5777777777777,58.079117647058816,34,0,1021.0,1051.0,1051.0,1021.0,901.5777777777777,951.5777777777777
18,35,1066.0,926.5777777777777,51.1828947368421,38,0,1051.0,1081.0,1081.0,1051.0,901.5777777777777,951.5777777777777
18,36,1096.0,926.5777777777777,56.79470588235296,34,0,1081.0,1111.0,1111.0,1081.0,901.5777777777777,951.5777777777777
18,37,1126.0,926.5777777777777,60.69482758620689,29,0,1111.0,1141.0,1141.0,1111.0,901.5777777777777,951.5777777777777
18,38,1156.0,926.5777777777777,58.59588235294119,34,0,1141.0,1171.0,1171.0,1141.0,901.5777777777777,951.5777777777777
18,39,1186.0,926.5777777777777,59.8492,25,0,1171.0,1201.0,1201.0,1171.0,901.5777777777777,951.5777777777777
18,40,1216.0,926.5777777777777,57.25352941176471,17,0,1201.0,1231.0,1231.0,1201.0,901.5777777777777,951.5777777777777
18,41,1246.0,926.5777777777777,60.48357142857143,28,0,1231.0,1261.0,1261.0,1231.0,901.5777777777777,951.5777777777777
18,42,1276.0,926.5777777777777,50.48457142857142,35,0,1261.0,1291.0,1291.0,1261.0,901.5777777777777,951.5777777777777
18,43,1306.0,926.5777777777777,47.662732558139524,43,0,1291.0,1321.0,1321.0,1291.0,901.5777777777777,951.5777777777777
18,44,1336.0,926.5777777777777,37.52523809523811,42,0,1321.0,1351.0,1351.0,1321.0,901.5777777777777,951.5777777777777
18,45,1366.0,926.5777777777777,41.25083333333334,48,0,1351.0,1381.0,1381.0,1351.0,901.5777777777777,951.5777777777777
18,46,1396.0,926.5777777777777,39.34875,34,0,1381.0,1411.0,1411.0,1381.0,901.5777777777777,951.5777777777777
18,47,1426.0,926.5777777777777,48.1174,50,0,1411.0,1441.0,1441.0,1411.0,901.5777777777777,951.5777777777777
18,48,1456.0,926.5777777777777,41.59208333333333,48,0,1441.0,1471.0,1471.0,1441.0,901.5777777777777,951.5777777777777
18,49,1486.0,926.5777777777777,41.28156862745097,51,0,1471.0,1501.0,1501.0,1471.0,901.5777777777777,951.5777777777777
18,50,1516.0,926.5777777777777,44.788409090909084,44,0,1501.0,1531.0,1531.0,1501.0,901.5777777777777,951.5777777777777
18,51,1546.0,926.5777777777777,44.90526315789473,38,0,1531.0,1561.0,1561.0,1531.0,901.5777777777777,951.5777777777777
18,52,1576.0,926.5777777777777,45.451142857142855,35,0,1561.0,1591.0,1591.0,1561.0,901.5777777777777,951.5777777777777
18,53,1606.0,926.5777777777777,40.38146341463415,41,0,1591.0,1621.0,1621.0,1591.0,901.5777777777777,951.5777777777777
18,54,1636.0,926.5777777777777,44.436976744186055,43,0,1621.0,1651.0,1651.0,1621.0,901.5777777777777,951.5777777777777
18,55,1666.0,926.5777777777777,35.24040816326531,49,0,1651.0,1681.0,1681.0,1651.0,901.5777777777777,951.5777777777777
18,56,1696.0,926.5777777777777,32.11017857142856,56,0,1681.0,1711.0,1711.0,1681.0,901.5777777777777,951.5777777777777
18,57,1726.0,926.5777777777777,29.01157142857142,70,0,1711.0,1741.0,1741.0,1711.0,901.5777777777777,951.5777777777777
18,58,1756.0,926.5777777777777,25.50417910447761,67,0,1741.0,1771.0,1771.0,1741.0,901.5777777777777,951.5777777777777
18,59,1786.0,926.5777777777777,34.39016393442622,61,0,1771.0,1801.0,1801.0,1771.0,901.5777777777777,951.5777777777777
18,60,1816.0,926.5777777777777,40.853541666666665,48,0,1801.0,1831.0,1831.0,1801.0,901.5777777777777,951.5777777777777
18,61,1846.0,926.5777777777777,30.26745454545455,55,0,1831.0,1861.0,1861.0,1831.0,901.5777777777777,951.5777777777777
18,62,1876.0,926.5777777777777,37.59159090909089,44,0,1861.0,1891.0,1891.0,1861.0,901.5777777777777,951.5777777777777
18,63,1906.0,926.5777777777777,39.80166666666667,42,0,1891.0,1921.0,1921.0,1891.0,901.5777777777777,951.5777777777777
18,64,1936.0,926.5777777777777,42.50444444444446,54,0,1921.0,1951.0,1951.0,1921.0,901.5777777777777,951.5777777777777
18,65,1966.0,926.5777777777777,34.010344827586195,58,0,1951.0,1981.0,1981.0,1951.0,901.5777777777777,951.5777777777777
18,66,1996.0,926.5777777777777,26.370303030303038,66,0,1981.0,2011.0,2011.0,1981.0,901.5777777777777,951.5777777777777
18,67,2026.0,926.5777777777777,23.67407894736843,76,0,2011.0,2041.0,2041.0,2011.0,901.5777777777777,951.5777777777777
18,68,2056.0,926.5777777777777,18.02518987341772,79,0,2041.0,2071.0,2071.0,2041.0,901.5777777777777,951.5777777777777
18,69,2086.0,926.5777777777777,25.586451612903232,62,0,2071.0,2101.0,2101.0,2071.0,901.5777777777777,951.5777777777777
18,70,2116.0,926.5777777777777,24.271917808219175,73,0,2101.0,2131.0,2131.0,2101.0,901.5777777777777,951.5777777777777
18,71,2146.0,926.5777777777777,27.104776119402977,67,0,2131.0,2161.0,2161.0,2131.0,901.5777777777777,951.5777777777777
18,72,2176.0,926.5777777777777,35.84818059299191,53,0,2161.0,2191.0,2191.0,2161.0,901.5777777777777,951.5777777777777
18,73,2206.0,926.5777777777777,38.285641025641034,39,0,2191.0,2221.0,2221.0,2191.0,901.5777777777777,951.5777777777777
18,74,2236.0,926.5777777777777,43.56818181818182,33,0,2221.0,2251.0,2251.0,2221.0,901.5777777777777,951.5777777777777
18,75,2266.0,926.5777777777777,44.35,46,0,2251.0,2281.0,2281.0,2251.0,901.5777777777777,951.5777777777777
18,76,2296.0,926.5777777777777,48.1675,32,0,2281.0,2311.0,2311.0,2281.0,901.5777777777777,951.5777777777777
18,77,2326.0,926.5777777777777,46.741538461538454,39,0,2311.0,2341.0,2341.0,2311.0,901.5777777777777,951.5777777777777
18,78,2356.0,926.5777777777777,50.16187499999999,32,0,2341.0,2371.0,2371.0,2341.0,901.5777777777777,951.5777777777777
18,79,2386.0,926.5777777777777,49.784642857142856,28,0,2371.0,2401.0,2401.0,2371.0,901.5777777777777,951.5777777777777
18,80,2416.0,926.5777777777777,43.07866666666666,45,0,2401.0,2431.0,2431.0,2401.0,901.5777777777777,951.5777777777777
18,81,2446.0,926.5777777777777,38.64763636363636,55,0,2431.0,2461.0,2461.0,2431.0,901.5777777777777,951.5777777777777
18,82,2476.0,926.5777777777777,43.067297297297294,37,0,2461.0,2491.0,2491.0,2461.0,901.5777777777777,951.5777777777777
18,83,2506.0,926.5777777777777,37.171904761904756,42,0,2491.0,2521.0,2521.0,2491.0,901.5777777777777,951.5777777777777
18,84,2536.0,926.5777777777777,34.786545454545454,55,0,2521.0,2551.0,2551.0,2521.0,901.5777777777777,951.5777777777777
18,85,2566.0,926.5777777777777,32.67029850746268,67,0,2551.0,2581.0,2581.0,2551.0,901.5777777777777,951.5777777777777
18,86,2596.0,926.5777777777777,28.902432432432416,74,0,2581.0,2611.0,2611.0,2581.0,901.5777777777777,951.5777777777777
18,87,2626.0,926.5777777777777,37.24136363636364,44,0,2611.0,2641.0,2641.0,2611.0,901.5777777777777,951.5777777777777
18,88,2656.0,926.5777777777777,43.529250000000005,40,0,2641.0,2671.0,2671.0,2641.0,901.5777777777777,951.5777777777777
18,89,2686.0,926.5777777777777,41.38933333333334,45,0,2671.0,2701.0,2701.0,2671.0,901.5777777777777,951.5777777777777
18,90,2716.0,926.5777777777777,16.87544,125,0,2701.0,2731.0,2731.0,2701.0,901.5777777777777,951.5777777777777
18,91,2746.0,926.5777777777777,19.9018947368421,95,0,2731.0,2761.0,2761.0,2731.0,901.5777777777777,951.5777777777777
18,92,2776.0,926.5777777777777,27.31696202531646,79,0,2761.0,2791.0,2791.0,2761.0,901.5777777777777,951.5777777777777
18,93,2806.0,926.5777777777777,31.191139240506335,79,0,2791.0,2821.0,2821.0,2791.0,901.5777777777777,951.5777777777777
18,94,2836.0,926.5777777777777,38.68254237288136,59,0,2821.0,2851.0,2851.0,2821.0,901.5777777777777,951.5777777777777
18,95,2866.0,926.5777777777777,45.848,40,0,2851.0,2881.0,2881.0,2851.0,901.5777777777777,951.5777777777777
18,96,2896.0,926.5777777777777,36.068666666666665,60,0,2881.0,2911.0,2911.0,2881.0,901.5777777777777,951.5777777777777
18,97,2926.0,926.5777777777777,34.16622222222223,45,0,2911.0,2941.0,2941.0,2911.0,901.5777777777777,951.5777777777777
18,98,2956.0,926.5777777777777,36.26136363636364,66,0,2941.0,2971.0,2971.0,2941.0,901.5777777777777,951.5777777777777
18,99,2986.0,926.5777777777777,37.87916666666664,48,0,2971.0,3001.0,3001.0,2971.0,901.5777777777777,951.5777777777777
18,100,3016.0,926.5777777777777,39.97023255813953,43,0,3001.0,3031.0,3031.0,3001.0,901.5777777777777,951.5777777777777
18,101,3046.0,926.5777777777777,30.880793650793652,63,0,3031.0,3061.0,3061.0,3031.0,901.5777777777777,951.5777777777777
18,102,3076.0,926.5777777777777,31.066268656716414,67,0,3061.0,3091.0,3091.0,3061.0,901.5777777777777,951.5777777777777
18,103,3106.0,926.5777777777777,34.81101694915253,59,0,3091.0,3121.0,3121.0,3091.0,901.5777777777777,951.5777777777777
18,104,3136.0,926.5777777777777,31.324558823529415,68,0,3121.0,3151.0,3151.0,3121.0,901.5777777777777,951.5777777777777
18,105,3166.0,926.5777777777777,26.15271186440679,59,0,3151.0,3181.0,3181.0,3151.0,901.5777777777777,951.5777777777777
18,106,3196.0,926.5777777777777,24.860135135135135,74,0,3181.0,3211.0,3211.0,3181.0,901.5777777777777,951.5777777777777
18,107,3226.0,926.5777777777777,29.922400000000003,75,0,3211.0,3241.0,3241.0,3211.0,901.5777777777777,951.5777777777777
18,108,3256.0,926.5777777777777,19.315882352941163,102,0,3241.0,3271.0,3271.0,3241.0,901.5777777777777,951.5777777777777
18,109,3286.0,926.5777777777777,16.58288461538461,104,0,3271.0,3301.0,3301.0,3271.0,901.5777777777777,951.5777777777777
18,110,3316.0,926.5777777777777,23.33443037974685,79,0,3301.0,3331.0,3331.0,3301.0,901.5777777777777,951.5777777777777
18,111,3346.0,926.5777777777777,21.12479166666667,96,0,3331.0,3361.0,3361.0,3331.0,901.5777777777777,951.5777777777777
18,112,3376.0,926.5777777777777,24.869204545454544,88,0,3361.0,3391.0,3391.0,3361.0,901.5777777777777,951.5777777777777
18,113,3406.0,926.5777777777777,31.708124999999995,48,0,3391.0,3421.0,3421.0,3391.0,901.5777777777777,951.5777777777777
18,114,3436.0,926.5777777777777,39.60265306122449,49,0,3421.0,3451.0,3451.0,3421.0,901.5777777777777,951.5777777777777
18,115,3466.0,926.5777777777777,39.700638297872345,47,0,3451.0,3481.0,3481.0,3451.0,901.5777777777777,951.5777777777777
18,116,3496.0,926.5777777777777,41.82714285714284,42,0,3481.0,3511.0,3511.0,3481.0,901.5777777777777,951.5777777777777
18,117,3526.0,926.5777777777777,41.008599999999994,50,0,3511.0,3541.0,3541.0,3511.0,901.5777777777777,951.5777777777777
18,118,3556.0,926.5777777777777,36.412333333333315,60,0,3541.0,3571.0,3571.0,3541.0,901.5777777777777,951.5777777777777
18,119,3586.0,926.5777777777777,29.287023809523806,84,0,3571.0,3601.0,3601.0,3571.0,901.5777777777777,951.5777777777777
18,120,3616.0,926.5777777777777,33.41477272727272,44,0,3601.0,3631.0,3631.0,3601.0,901.5777777777777,951.5777777777777
18,121,3646.0,926.5777777777777,19.651376146788984,109,0,3631.0,3661.0,3661.0,3631.0,901.5777777777777,951.5777777777777
18,122,3676.0,926.5777777777777,12.92338129496402,139,0,3661.0,3691.0,3691.0,3661.0,901.5777777777777,951.5777777777777
18,123,3706.0,926.5777777777777,10.858067226890752,119,0,3691.0,3721.0,3721.0,3691.0,901.5777777777777,951.5777777777777
18,124,3736.0,926.5777777777777,18.507611940298514,67,0,3721.0,3751.0,3751.0,3721.0,901.5777777777777,951.5777777777777
18,125,3766.0,926.5777777777777,24.237142857142857,14,0,3751.0,3781.0,3781.0,3751.0,901.5777777777777,951.5777777777777
18,126,3796.0,926.5777777777777,,0,0,3781.0,3811.0,3811.0,3781.0,901.5777777777777,951.5777777777777
18,127,3826.0,926.5777777777777,,0,0,3811.0,3841.0,3841.0,3811.0,901.5777777777777,951.5777777777777
18,128,3856.0,926.5777777777777,,0,0,3841.0,3871.0,3871.0,3841.0,901.5777777777777,951.5777777777777
18,129,3886.0,926.5777777777777,,0,0,3871.0,3901.0,3901.0,3871.0,901.5777777777777,951.5777777777777
19,0,16.0,976.5777777777777,58.0725,28,0,1.0,31.0,31.0,1.0,951.5777777777777,1001.5777777777777
19,1,46.0,976.5777777777777,60.414375000000014,32,0,31.0,61.0,61.0,31.0,951.5777777777777,1001.5777777777777
19,2,76.0,976.5777777777777,60.91391304347827,23,0,61.0,91.0,91.0,61.0,951.5777777777777,1001.5777777777777
19,3,106.0,976.5777777777777,62.33642857142858,14,0,91.0,121.0,121.0,91.0,951.5777777777777,1001.5777777777777
19,4,136.0,976.5777777777777,67.2441176470588,17,0,121.0,151.0,151.0,121.0,951.5777777777777,1001.5777777777777
19,5,166.0,976.5777777777777,61.0784,25,0,151.0,181.0,181.0,151.0,951.5777777777777,1001.5777777777777
19,6,196.0,976.5777777777777,60.99700000000001,30,0,181.0,211.0,211.0,181.0,951.5777777777777,1001.5777777777777
19,7,226.0,976.5777777777777,63.24599999999999,35,0,211.0,241.0,241.0,211.0,951.5777777777777,1001.5777777777777
19,8,256.0,976.5777777777777,69.60722222222222,18,0,241.0,271.0,271.0,241.0,951.5777777777777,1001.5777777777777
19,9,286.0,976.5777777777777,68.21849999999999,20,0,271.0,301.0,301.0,271.0,951.5777777777777,1001.5777777777777
19,10,316.0,976.5777777777777,73.755,14,0,301.0,331.0,331.0,301.0,951.5777777777777,1001.5777777777777
19,11,346.0,976.5777777777777,67.67545454545454,11,0,331.0,361.0,361.0,331.0,951.5777777777777,1001.5777777777777
19,12,376.0,976.5777777777777,65.11933333333333,30,0,361.0,391.0,391.0,361.0,951.5777777777777,1001.5777777777777
19,13,406.0,976.5777777777777,75.26791666666666,24,0,391.0,421.0,421.0,391.0,951.5777777777777,1001.5777777777777
19,14,436.0,976.5777777777777,62.03499999999999,28,0,421.0,451.0,451.0,421.0,951.5777777777777,1001.5777777777777
19,15,466.0,976.5777777777777,60.869642857142864,28,0,451.0,481.0,481.0,451.0,951.5777777777777,1001.5777777777777
19,16,496.0,976.5777777777777,59.29281249999999,32,0,481.0,511.0,511.0,481.0,951.5777777777777,1001.5777777777777
19,17,526.0,976.5777777777777,60.53111111111112,36,0,511.0,541.0,541.0,511.0,951.5777777777777,1001.5777777777777
19,18,556.0,976.5777777777777,57.132941176470595,34,0,541.0,571.0,571.0,541.0,951.5777777777777,1001.5777777777777
19,19,586.0,976.5777777777777,66.9824,25,0,571.0,601.0,601.0,571.0,951.5777777777777,1001.5777777777777
19,20,616.0,976.5777777777777,60.68689655172413,29,0,601.0,631.0,631.0,601.0,951.5777777777777,1001.5777777777777
19,21,646.0,976.5777777777777,65.71499999999999,18,0,631.0,661.0,661.0,631.0,951.5777777777777,1001.5777777777777
19,22,676.0,976.5777777777777,64.79366666666665,30,0,661.0,691.0,691.0,661.0,951.5777777777777,1001.5777777777777
19,23,706.0,976.5777777777777,60.52368421052632,19,0,691.0,721.0,721.0,691.0,951.5777777777777,1001.5777777777777
19,24,736.0,976.5777777777777,59.56117647058824,34,0,721.0,751.0,751.0,721.0,951.5777777777777,1001.5777777777777
19,25,766.0,976.5777777777777,62.492571428571424,35,0,751.0,781.0,781.0,751.0,951.5777777777777,1001.5777777777777
19,26,796.0,976.5777777777777,64.06782608695654,23,0,781.0,811.0,811.0,781.0,951.5777777777777,1001.5777777777777
19,27,826.0,976.5777777777777,60.66272727272727,33,0,811.0,841.0,841.0,811.0,951.5777777777777,1001.5777777777777
19,28,856.0,976.5777777777777,58.78515151515149,33,0,841.0,871.0,871.0,841.0,951.5777777777777,1001.5777777777777
19,29,886.0,976.5777777777777,64.98428571428572,14,0,871.0,901.0,901.0,871.0,951.5777777777777,1001.5777777777777
19,30,916.0,976.5777777777777,63.602307692307704,13,0,901.0,931.0,931.0,901.0,951.5777777777777,1001.5777777777777
19,31,946.0,976.5777777777777,54.55933333333334,30,0,931.0,961.0,961.0,931.0,951.5777777777777,1001.5777777777777
19,32,976.0,976.5777777777777,58.214571428571425,35,0,961.0,991.0,991.0,961.0,951.5777777777777,1001.5777777777777
19,33,1006.0,976.5777777777777,57.367567567567576,37,0,991.0,1021.0,1021.0,991.0,951.5777777777777,1001.5777777777777
19,34,1036.0,976.5777777777777,57.146666666666675,33,0,1021.0,1051.0,1051.0,1021.0,951.5777777777777,1001.5777777777777
19,35,1066.0,976.5777777777777,52.387750000000004,40,0,1051.0,1081.0,1081.0,1051.0,951.5777777777777,1001.5777777777777
19,36,1096.0,976.5777777777777,55.196578947368415,38,0,1081.0,1111.0,1111.0,1081.0,951.5777777777777,1001.5777777777777
19,37,1126.0,976.5777777777777,60.12081081081083,37,0,1111.0,1141.0,1141.0,1111.0,951.5777777777777,1001.5777777777777
19,38,1156.0,976.5777777777777,57.1357142857143,42,0,1141.0,1171.0,1171.0,1141.0,951.5777777777777,1001.5777777777777
19,39,1186.0,976.5777777777777,57.85366666666667,30,0,1171.0,1201.0,1201.0,1171.0,951.5777777777777,1001.5777777777777
19,40,1216.0,976.5777777777777,55.509047619047614,21,0,1201.0,1231.0,1231.0,1201.0,951.5777777777777,1001.5777777777777
19,41,1246.0,976.5777777777777,58.467741935483865,31,0,1231.0,1261.0,1261.0,1231.0,951.5777777777777,1001.5777777777777
19,42,1276.0,976.5777777777777,47.40441860465116,43,0,1261.0,1291.0,1291.0,1261.0,951.5777777777777,1001.5777777777777
19,43,1306.0,976.5777777777777,43.54981818181819,55,0,1291.0,1321.0,1321.0,1291.0,951.5777777777777,1001.5777777777777
19,44,1336.0,976.5777777777777,41.253888888888895,36,0,1321.0,1351.0,1351.0,1321.0,951.5777777777777,1001.5777777777777
19,45,1366.0,976.5777777777777,36.579016393442615,61,0,1351.0,1381.0,1381.0,1351.0,951.5777777777777,1001.5777777777777
19,46,1396.0,976.5777777777777,42.03944444444445,36,0,1381.0,1411.0,1411.0,1381.0,951.5777777777777,1001.5777777777777
19,47,1426.0,976.5777777777777,38.632361111111116,72,0,1411.0,1441.0,1441.0,1411.0,951.5777777777777,1001.5777777777777
19,48,1456.0,976.5777777777777,35.86823529411764,68,0,1441.0,1471.0,1471.0,1441.0,951.5777777777777,1001.5777777777777
19,49,1486.0,976.5777777777777,37.39313432835821,67,0,1471.0,1501.0,1501.0,1471.0,951.5777777777777,1001.5777777777777
19,50,1516.0,976.5777777777777,37.26440677966102,59,0,1501.0,1531.0,1531.0,1501.0,951.5777777777777,1001.5777777777777
19,51,1546.0,976.5777777777777,38.80022222222222,45,0,1531.0,1561.0,1561.0,1531.0,951.5777777777777,1001.5777777777777
19,52,1576.0,976.5777777777777,42.036046511627895,43,0,1561.0,1591.0,1591.0,1561.0,951.5777777777777,1001.5777777777777
19,53,1606.0,976.5777777777777,38.74,47,0,1591.0,1621.0,1621.0,1591.0,951.5777777777777,1001.5777777777777
19,54,1636.0,976.5777777777777,42.15867924528301,53,0,1621.0,1651.0,1651.0,1621.0,951.5777777777777,1001.5777777777777
19,55,1666.0,976.5777777777777,33.669482758620696,58,0,1651.0,1681.0,1681.0,1651.0,951.5777777777777,1001.5777777777777
19,56,1696.0,976.5777777777777,28.833432835820897,67,0,1681.0,1711.0,1711.0,1681.0,951.5777777777777,1001.5777777777777
19,57,1726.0,976.5777777777777,20.54043010752688,93,0,1711.0,1741.0,1741.0,1711.0,951.5777777777777,1001.5777777777777
19,58,1756.0,976.5777777777777,22.547209302325587,86,0,1741.0,1771.0,1771.0,1741.0,951.5777777777777,1001.5777777777777
19,59,1786.0,976.5777777777777,32.64779166666668,60,0,1771.0,1801.0,1801.0,1771.0,951.5777777777777,1001.5777777777777
19,60,1816.0,976.5777777777777,38.70377049180328,61,0,1801.0,1831.0,1831.0,1801.0,951.5777777777777,1001.5777777777777
19,61,1846.0,976.5777777777777,21.860779220779225,77,0,1831.0,1861.0,1861.0,1831.0,951.5777777777777,1001.5777777777777
19,62,1876.0,976.5777777777777,33.09907407407409,54,0,1861.0,1891.0,1891.0,1861.0,951.5777777777777,1001.5777777777777
19,63,1906.0,976.5777777777777,37.5,50,0,1891.0,1921.0,1921.0,1891.0,951.5777777777777,1001.5777777777777
19,64,1936.0,976.5777777777777,36.24364864864864,74,0,1921.0,1951.0,1951.0,1921.0,951.5777777777777,1001.5777777777777
19,65,1966.0,976.5777777777777,24.2040243902439,82,0,1951.0,1981.0,1981.0,1951.0,951.5777777777777,1001.5777777777777
19,66,1996.0,976.5777777777777,23.713066666666663,75,0,1981.0,2011.0,2011.0,1981.0,951.5777777777777,1001.5777777777777
19,67,2026.0,976.5777777777777,17.24945652173913,92,0,2011.0,2041.0,2041.0,2011.0,951.5777777777777,1001.5777777777777
19,68,2056.0,976.5777777777777,19.252564102564104,78,0,2041.0,2071.0,2071.0,2041.0,951.5777777777777,1001.5777777777777
19,69,2086.0,976.5777777777777,24.54471428571427,70,0,2071.0,2101.0,2101.0,2071.0,951.5777777777777,1001.5777777777777
19,70,2116.0,976.5777777777777,23.75682926829268,82,0,2101.0,2131.0,2131.0,2101.0,951.5777777777777,1001.5777777777777
19,71,2146.0,976.5777777777777,25.05584269662921,89,0,2131.0,2161.0,2161.0,2131.0,951.5777777777777,1001.5777777777777
19,72,2176.0,976.5777777777777,33.70857142857143,63,0,2161.0,2191.0,2191.0,2161.0,951.5777777777777,1001.5777777777777
19,73,2206.0,976.5777777777777,36.903272727272736,55,0,2191.0,2221.0,2221.0,2191.0,951.5777777777777,1001.5777777777777
19,74,2236.0,976.5777777777777,41.61718750000001,32,0,2221.0,2251.0,2251.0,2221.0,951.5777777777777,1001.5777777777777
19,75,2266.0,976.5777777777777,43.16035714285715,56,0,2251.0,2281.0,2281.0,2251.0,951.5777777777777,1001.5777777777777
19,76,2296.0,976.5777777777777,46.28526315789474,38,0,2281.0,2311.0,2311.0,2281.0,951.5777777777777,1001.5777777777777
19,77,2326.0,976.5777777777777,47.952631578947354,38,0,2311.0,2341.0,2341.0,2311.0,951.5777777777777,1001.5777777777777
19,78,2356.0,976.5777777777777,48.70833333333333,36,0,2341.0,2371.0,2371.0,2341.0,951.5777777777777,1001.5777777777777
19,79,2386.0,976.5777777777777,49.544242424242434,33,0,2371.0,2401.0,2401.0,2371.0,951.5777777777777,1001.5777777777777
19,80,2416.0,976.5777777777777,40.918695652173895,46,0,2401.0,2431.0,2431.0,2401.0,951.5777777777777,1001.5777777777777
19,81,2446.0,976.5777777777777,34.95150684931509,73,0,2431.0,2461.0,2461.0,2431.0,951.5777777777777,1001.5777777777777
19,82,2476.0,976.5777777777777,37.660714285714285,42,0,2461.0,2491.0,2491.0,2461.0,951.5777777777777,1001.5777777777777
19,83,2506.0,976.5777777777777,37.24136363636364,44,0,2491.0,2521.0,2521.0,2491.0,951.5777777777777,1001.5777777777777
19,84,2536.0,976.5777777777777,33.772181818181814,55,0,2521.0,2551.0,2551.0,2521.0,951.5777777777777,1001.5777777777777
19,85,2566.0,976.5777777777777,28.31026666666666,75,0,2551.0,2581.0,2581.0,2551.0,951.5777777777777,1001.5777777777777
19,86,2596.0,976.5777777777777,27.805999999999997,85,0,2581.0,2611.0,2611.0,2581.0,951.5777777777777,1001.5777777777777
19,87,2626.0,976.5777777777777,37.03061224489796,49,0,2611.0,2641.0,2641.0,2611.0,951.5777777777777,1001.5777777777777
19,88,2656.0,976.5777777777777,42.44166666666666,42,0,2641.0,2671.0,2671.0,2641.0,951.5777777777777,1001.5777777777777
19,89,2686.0,976.5777777777777,36.66339622641509,53,0,2671.0,2701.0,2701.0,2671.0,951.5777777777777,1001.5777777777777
19,90,2716.0,976.5777777777777,10.669302325581405,129,0,2701.0,2731.0,2731.0,2701.0,951.5777777777777,1001.5777777777777
19,91,2746.0,976.5777777777777,21.612444444444446,90,0,2731.0,2761.0,2761.0,2731.0,951.5777777777777,1001.5777777777777
19,92,2776.0,976.5777777777777,28.381492537313427,67,0,2761.0,2791.0,2791.0,2761.0,951.5777777777777,1001.5777777777777
19,93,2806.0,976.5777777777777,24.704200000000004,100,0,2791.0,2821.0,2821.0,2791.0,951.5777777777777,1001.5777777777777
19,94,2836.0,976.5777777777777,30.449176470588245,85,0,2821.0,2851.0,2851.0,2821.0,951.5777777777777,1001.5777777777777
19,95,2866.0,976.5777777777777,42.517551020408156,49,0,2851.0,2881.0,2881.0,2851.0,951.5777777777777,1001.5777777777777
19,96,2896.0,976.5777777777777,36.09483870967743,62,0,2881.0,2911.0,2911.0,2881.0,951.5777777777777,1001.5777777777777
19,97,2926.0,976.5777777777777,33.83946428571428,56,0,2911.0,2941.0,2941.0,2911.0,951.5777777777777,1001.5777777777777
19,98,2956.0,976.5777777777777,33.57738461538461,65,0,2941.0,2971.0,2971.0,2941.0,951.5777777777777,1001.5777777777777
19,99,2986.0,976.5777777777777,27.45805194805196,77,0,2971.0,3001.0,3001.0,2971.0,951.5777777777777,1001.5777777777777
19,100,3016.0,976.5777777777777,33.81086206896552,58,0,3001.0,3031.0,3031.0,3001.0,951.5777777777777,1001.5777777777777
19,101,3046.0,976.5777777777777,21.993975903614462,83,0,3031.0,3061.0,3061.0,3031.0,951.5777777777777,1001.5777777777777
19,102,3076.0,976.5777777777777,22.220090909090914,110,0,3061.0,3091.0,3091.0,3061.0,951.5777777777777,1001.5777777777777
19,103,3106.0,976.5777777777777,23.804315789473684,95,0,3091.0,3121.0,3121.0,3091.0,951.5777777777777,1001.5777777777777
19,104,3136.0,976.5777777777777,20.678846153846163,104,0,3121.0,3151.0,3151.0,3121.0,951.5777777777777,1001.5777777777777
19,105,3166.0,976.5777777777777,19.129428571428566,70,0,3151.0,3181.0,3181.0,3151.0,951.5777777777777,1001.5777777777777
19,106,3196.0,976.5777777777777,24.18788235294117,85,0,3181.0,3211.0,3211.0,3181.0,951.5777777777777,1001.5777777777777
19,107,3226.0,976.5777777777777,29.187887323943663,71,0,3211.0,3241.0,3241.0,3211.0,951.5777777777777,1001.5777777777777
19,108,3256.0,976.5777777777777,12.98782945736434,129,0,3241.0,3271.0,3271.0,3241.0,951.5777777777777,1001.5777777777777
19,109,3286.0,976.5777777777777,15.34676470588236,102,0,3271.0,3301.0,3301.0,3271.0,951.5777777777777,1001.5777777777777
19,110,3316.0,976.5777777777777,18.60762886597938,97,0,3301.0,3331.0,3331.0,3301.0,951.5777777777777,1001.5777777777777
19,111,3346.0,976.5777777777777,17.623090909090905,110,0,3331.0,3361.0,3361.0,3331.0,951.5777777777777,1001.5777777777777
19,112,3376.0,976.5777777777777,23.229800000000004,100,0,3361.0,3391.0,3391.0,3361.0,951.5777777777777,1001.5777777777777
19,113,3406.0,976.5777777777777,30.613333333333333,66,0,3391.0,3421.0,3421.0,3391.0,951.5777777777777,1001.5777777777777
19,114,3436.0,976.5777777777777,39.24870967741934,62,0,3421.0,3451.0,3451.0,3421.0,951.5777777777777,1001.5777777777777
19,115,3466.0,976.5777777777777,38.44169811320755,53,0,3451.0,3481.0,3481.0,3451.0,951.5777777777777,1001.5777777777777
19,116,3496.0,976.5777777777777,40.85882352941175,51,0,3481.0,3511.0,3511.0,3481.0,951.5777777777777,1001.5777777777777
19,117,3526.0,976.5777777777777,40.25924528301886,53,0,3511.0,3541.0,3541.0,3511.0,951.5777777777777,1001.5777777777777
19,118,3556.0,976.5777777777777,30.176231884057977,69,0,3541.0,3571.0,3571.0,3541.0,951.5777777777777,1001.5777777777777
19,119,3586.0,976.5777777777777,22.89471153846155,104,0,3571.0,3601.0,3601.0,3571.0,951.5777777777777,1001.5777777777777
19,120,3616.0,976.5777777777777,21.333368055555557,96,0,3601.0,3631.0,3631.0,3601.0,951.5777777777777,1001.5777777777777
19,121,3646.0,976.5777777777777,9.37885496183206,131,0,3631.0,3661.0,3661.0,3631.0,951.5777777777777,1001.5777777777777
19,122,3676.0,976.5777777777777,9.829583333333334,144,0,3661.0,3691.0,3691.0,3661.0,951.5777777777777,1001.5777777777777
19,123,3706.0,976.5777777777777,8.373862068965524,145,0,3691.0,3721.0,3721.0,3691.0,951.5777777777777,1001.5777777777777
19,124,3736.0,976.5777777777777,14.399240506329113,79,0,3721.0,3751.0,3751.0,3721.0,951.5777777777777,1001.5777777777777
19,125,3766.0,976.5777777777777,26.180645161290318,31,0,3751.0,3781.0,3781.0,3751.0,951.5777777777777,1001.5777777777777
19,126,3796.0,976.5777777777777,,0,0,3781.0,3811.0,3811.0,3781.0,951.5777777777777,1001.5777777777777
19,127,3826.0,976.5777777777777,,0,0,3811.0,3841.0,3841.0,3811.0,951.5777777777777,1001.5777777777777
19,128,3856.0,976.5777777777777,,0,0,3841.0,3871.0,3871.0,3841.0,951.5777777777777,1001.5777777777777
19,129,3886.0,976.5777777777777,,0,0,3871.0,3901.0,3901.0,3871.0,951.5777777777777,1001.5777777777777
20,0,16.0,1026.5777777777776,58.01400921658987,31,0,1.0,31.0,31.0,1.0,1001.5777777777777,1051.5777777777776
20,1,46.0,1026.5777777777776,60.04411764705883,34,0,31.0,61.0,61.0,31.0,1001.5777777777777,1051.5777777777776
20,2,76.0,1026.5777777777776,61.900454545454544,22,0,61.0,91.0,91.0,61.0,1001.5777777777777,1051.5777777777776
20,3,106.0,1026.5777777777776,62.41357142857144,14,0,91.0,121.0,121.0,91.0,1001.5777777777777,1051.5777777777776
20,4,136.0,1026.5777777777776,65.37055555555554,18,0,121.0,151.0,151.0,121.0,1001.5777777777777,1051.5777777777776
20,5,166.0,1026.5777777777776,63.714285714285715,21,0,151.0,181.0,181.0,151.0,1001.5777777777777,1051.5777777777776
20,6,196.0,1026.5777777777776,59.6190625,32,0,181.0,211.0,211.0,181.0,1001.5777777777777,1051.5777777777776
20,7,226.0,1026.5777777777776,62.27945945945946,37,0,211.0,241.0,241.0,211.0,1001.5777777777777,1051.5777777777776
20,8,256.0,1026.5777777777776,67.53291666666668,24,0,241.0,271.0,271.0,241.0,1001.5777777777777,1051.5777777777776
20,9,286.0,1026.5777777777776,64.769,20,0,271.0,301.0,301.0,271.0,1001.5777777777777,1051.5777777777776
20,10,316.0,1026.5777777777776,71.2975,12,0,301.0,331.0,331.0,301.0,1001.5777777777777,1051.5777777777776
20,11,346.0,1026.5777777777776,69.37785714285714,14,0,331.0,361.0,361.0,331.0,1001.5777777777777,1051.5777777777776
20,12,376.0,1026.5777777777776,62.43999999999999,29,0,361.0,391.0,391.0,361.0,1001.5777777777777,1051.5777777777776
20,13,406.0,1026.5777777777776,69.61703703703702,27,0,391.0,421.0,421.0,391.0,1001.5777777777777,1051.5777777777776
20,14,436.0,1026.5777777777776,62.15814814814815,27,0,421.0,451.0,451.0,421.0,1001.5777777777777,1051.5777777777776
20,15,466.0,1026.5777777777776,59.94535714285714,28,0,451.0,481.0,481.0,451.0,1001.5777777777777,1051.5777777777776
20,16,496.0,1026.5777777777776,59.657631578947374,38,0,481.0,511.0,511.0,481.0,1001.5777777777777,1051.5777777777776
20,17,526.0,1026.5777777777776,60.43846153846154,39,0,511.0,541.0,541.0,511.0,1001.5777777777777,1051.5777777777776
20,18,556.0,1026.5777777777776,56.62473684210526,38,0,541.0,571.0,571.0,541.0,1001.5777777777777,1051.5777777777776
20,19,586.0,1026.5777777777776,61.59272727272728,33,0,571.0,601.0,601.0,571.0,1001.5777777777777,1051.5777777777776
20,20,616.0,1026.5777777777776,59.302580645161285,31,0,601.0,631.0,631.0,601.0,1001.5777777777777,1051.5777777777776
20,21,646.0,1026.5777777777776,64.86315789473684,19,0,631.0,661.0,661.0,631.0,1001.5777777777777,1051.5777777777776
20,22,676.0,1026.5777777777776,62.491470588235295,34,0,661.0,691.0,691.0,661.0,1001.5777777777777,1051.5777777777776
20,23,706.0,1026.5777777777776,63.417368421052636,19,0,691.0,721.0,721.0,691.0,1001.5777777777777,1051.5777777777776
20,24,736.0,1026.5777777777776,59.21702702702703,37,0,721.0,751.0,751.0,721.0,1001.5777777777777,1051.5777777777776
20,25,766.0,1026.5777777777776,61.68944444444443,36,0,751.0,781.0,781.0,751.0,1001.5777777777777,1051.5777777777776
20,26,796.0,1026.5777777777776,61.997857142857136,28,0,781.0,811.0,811.0,781.0,1001.5777777777777,1051.5777777777776
20,27,826.0,1026.5777777777776,61.21424242424243,33,0,811.0,841.0,841.0,811.0,1001.5777777777777,1051.5777777777776
20,28,856.0,1026.5777777777776,59.79200000000001,35,0,841.0,871.0,871.0,841.0,1001.5777777777777,1051.5777777777776
20,29,886.0,1026.5777777777776,64.05315789473686,19,0,871.0,901.0,901.0,871.0,1001.5777777777777,1051.5777777777776
20,30,916.0,1026.5777777777776,63.70705882352941,17,0,901.0,931.0,931.0,901.0,1001.5777777777777,1051.5777777777776
20,31,946.0,1026.5777777777776,54.12296296296296,27,0,931.0,961.0,961.0,931.0,1001.5777777777777,1051.5777777777776
20,32,976.0,1026.5777777777776,58.51405405405406,37,0,961.0,991.0,991.0,961.0,1001.5777777777777,1051.5777777777776
20,33,1006.0,1026.5777777777776,58.0090909090909,44,0,991.0,1021.0,1021.0,991.0,1001.5777777777777,1051.5777777777776
20,34,1036.0,1026.5777777777776,58.83050000000001,40,0,1021.0,1051.0,1051.0,1021.0,1001.5777777777777,1051.5777777777776
20,35,1066.0,1026.5777777777776,55.41138888888889,36,0,1051.0,1081.0,1081.0,1051.0,1001.5777777777777,1051.5777777777776
20,36,1096.0,1026.5777777777776,53.63219999999999,50,0,1081.0,1111.0,1111.0,1081.0,1001.5777777777777,1051.5777777777776
20,37,1126.0,1026.5777777777776,59.6227027027027,37,0,1111.0,1141.0,1141.0,1111.0,1001.5777777777777,1051.5777777777776
20,38,1156.0,1026.5777777777776,56.06222222222222,45,0,1141.0,1171.0,1171.0,1141.0,1001.5777777777777,1051.5777777777776
20,39,1186.0,1026.5777777777776,57.32222222222223,36,0,1171.0,1201.0,1201.0,1171.0,1001.5777777777777,1051.5777777777776
20,40,1216.0,1026.5777777777776,55.60666666666667,21,0,1201.0,1231.0,1231.0,1201.0,1001.5777777777777,1051.5777777777776
20,41,1246.0,1026.5777777777776,58.279428571428596,35,0,1231.0,1261.0,1261.0,1231.0,1001.5777777777777,1051.5777777777776
20,42,1276.0,1026.5777777777776,38.90212765957447,47,0,1261.0,1291.0,1291.0,1261.0,1001.5777777777777,1051.5777777777776
20,43,1306.0,1026.5777777777776,40.698363636363645,55,0,1291.0,1321.0,1321.0,1291.0,1001.5777777777777,1051.5777777777776
20,44,1336.0,1026.5777777777776,42.78594594594595,37,0,1321.0,1351.0,1351.0,1321.0,1001.5777777777777,1051.5777777777776
20,45,1366.0,1026.5777777777776,32.87611940298507,67,0,1351.0,1381.0,1381.0,1351.0,1001.5777777777777,1051.5777777777776
20,46,1396.0,1026.5777777777776,37.37521739130436,46,0,1381.0,1411.0,1411.0,1381.0,1001.5777777777777,1051.5777777777776
20,47,1426.0,1026.5777777777776,30.42586666666666,75,0,1411.0,1441.0,1441.0,1411.0,1001.5777777777777,1051.5777777777776
20,48,1456.0,1026.5777777777776,33.19666666666665,78,0,1441.0,1471.0,1471.0,1441.0,1001.5777777777777,1051.5777777777776
20,49,1486.0,1026.5777777777776,30.27443037974684,79,0,1471.0,1501.0,1501.0,1471.0,1001.5777777777777,1051.5777777777776
20,50,1516.0,1026.5777777777776,32.80358208955223,67,0,1501.0,1531.0,1531.0,1501.0,1001.5777777777777,1051.5777777777776
20,51,1546.0,1026.5777777777776,29.285166666666665,60,0,1531.0,1561.0,1561.0,1531.0,1001.5777777777777,1051.5777777777776
20,52,1576.0,1026.5777777777776,34.339677419354835,62,0,1561.0,1591.0,1591.0,1561.0,1001.5777777777777,1051.5777777777776
20,53,1606.0,1026.5777777777776,34.771249999999995,48,0,1591.0,1621.0,1621.0,1591.0,1001.5777777777777,1051.5777777777776
20,54,1636.0,1026.5777777777776,38.40618181818182,55,0,1621.0,1651.0,1651.0,1621.0,1001.5777777777777,1051.5777777777776
20,55,1666.0,1026.5777777777776,32.26967741935484,62,0,1651.0,1681.0,1681.0,1651.0,1001.5777777777777,1051.5777777777776
20,56,1696.0,1026.5777777777776,23.423108108108103,74,0,1681.0,1711.0,1711.0,1681.0,1001.5777777777777,1051.5777777777776
20,57,1726.0,1026.5777777777776,19.394888888888882,90,0,1711.0,1741.0,1741.0,1711.0,1001.5777777777777,1051.5777777777776
20,58,1756.0,1026.5777777777776,24.465263157894736,76,0,1741.0,1771.0,1771.0,1741.0,1001.5777777777777,1051.5777777777776
20,59,1786.0,1026.5777777777776,29.88911764705883,68,0,1771.0,1801.0,1801.0,1771.0,1001.5777777777777,1051.5777777777776
20,60,1816.0,1026.5777777777776,28.47162790697675,86,0,1801.0,1831.0,1831.0,1801.0,1001.5777777777777,1051.5777777777776
20,61,1846.0,1026.5777777777776,19.312253521126767,71,0,1831.0,1861.0,1861.0,1831.0,1001.5777777777777,1051.5777777777776
20,62,1876.0,1026.5777777777776,28.52132352941177,68,0,1861.0,1891.0,1891.0,1861.0,1001.5777777777777,1051.5777777777776
20,63,1906.0,1026.5777777777776,30.642203389830513,59,0,1891.0,1921.0,1921.0,1891.0,1001.5777777777777,1051.5777777777776
20,64,1936.0,1026.5777777777776,26.278999999999993,90,0,1921.0,1951.0,1951.0,1921.0,1001.5777777777777,1051.5777777777776
20,65,1966.0,1026.5777777777776,17.83633663366337,101,0,1951.0,1981.0,1981.0,1951.0,1001.5777777777777,1051.5777777777776
20,66,1996.0,1026.5777777777776,19.213647058823533,85,0,1981.0,2011.0,2011.0,1981.0,1001.5777777777777,1051.5777777777776
20,67,2026.0,1026.5777777777776,16.47670212765957,94,0,2011.0,2041.0,2041.0,2011.0,1001.5777777777777,1051.5777777777776
20,68,2056.0,1026.5777777777776,21.3998795180723,83,0,2041.0,2071.0,2071.0,2041.0,1001.5777777777777,1051.5777777777776
20,69,2086.0,1026.5777777777776,23.175479452054798,73,0,2071.0,2101.0,2101.0,2071.0,1001.5777777777777,1051.5777777777776
20,70,2116.0,1026.5777777777776,22.021866666666675,75,0,2101.0,2131.0,2131.0,2101.0,1001.5777777777777,1051.5777777777776
20,71,2146.0,1026.5777777777776,24.04778947368421,95,0,2131.0,2161.0,2161.0,2131.0,1001.5777777777777,1051.5777777777776
20,72,2176.0,1026.5777777777776,28.907662337662337,77,0,2161.0,2191.0,2191.0,2161.0,1001.5777777777777,1051.5777777777776
20,73,2206.0,1026.5777777777776,32.150357142857146,56,0,2191.0,2221.0,2221.0,2191.0,1001.5777777777777,1051.5777777777776
20,74,2236.0,1026.5777777777776,36.06484848484849,33,0,2221.0,2251.0,2251.0,2221.0,1001.5777777777777,1051.5777777777776
20,75,2266.0,1026.5777777777776,39.171093750000004,64,0,2251.0,2281.0,2281.0,2251.0,1001.5777777777777,1051.5777777777776
20,76,2296.0,1026.5777777777776,48.31194444444445,36,0,2281.0,2311.0,2311.0,2281.0,1001.5777777777777,1051.5777777777776
20,77,2326.0,1026.5777777777776,47.41717948717947,39,0,2311.0,2341.0,2341.0,2311.0,1001.5777777777777,1051.5777777777776
20,78,2356.0,1026.5777777777776,47.45916666666666,36,0,2341.0,2371.0,2371.0,2341.0,1001.5777777777777,1051.5777777777776
20,79,2386.0,1026.5777777777776,50.27100000000001,30,0,2371.0,2401.0,2401.0,2371.0,1001.5777777777777,1051.5777777777776
20,80,2416.0,1026.5777777777776,40.623846153846166,39,0,2401.0,2431.0,2431.0,2401.0,1001.5777777777777,1051.5777777777776
20,81,2446.0,1026.5777777777776,33.74457142857143,70,0,2431.0,2461.0,2461.0,2431.0,1001.5777777777777,1051.5777777777776
20,82,2476.0,1026.5777777777776,33.908431372549025,51,0,2461.0,2491.0,2491.0,2461.0,1001.5777777777777,1051.5777777777776
20,83,2506.0,1026.5777777777776,39.08194444444444,36,0,2491.0,2521.0,2521.0,2491.0,1001.5777777777777,1051.5777777777776
20,84,2536.0,1026.5777777777776,35.447500000000005,52,0,2521.0,2551.0,2551.0,2521.0,1001.5777777777777,1051.5777777777776
20,85,2566.0,1026.5777777777776,28.428749999999997,64,0,2551.0,2581.0,2581.0,2551.0,1001.5777777777777,1051.5777777777776
20,86,2596.0,1026.5777777777776,29.04139534883721,86,0,2581.0,2611.0,2611.0,2581.0,1001.5777777777777,1051.5777777777776
20,87,2626.0,1026.5777777777776,34.71321428571427,56,0,2611.0,2641.0,2641.0,2611.0,1001.5777777777777,1051.5777777777776
20,88,2656.0,1026.5777777777776,38.16066666666666,45,0,2641.0,2671.0,2671.0,2641.0,1001.5777777777777,1051.5777777777776
20,89,2686.0,1026.5777777777776,22.34780821917808,73,0,2671.0,2701.0,2701.0,2671.0,1001.5777777777777,1051.5777777777776
20,90,2716.0,1026.5777777777776,10.22277777777778,108,0,2701.0,2731.0,2731.0,2701.0,1001.5777777777777,1051.5777777777776
20,91,2746.0,1026.5777777777776,25.17593023255814,86,0,2731.0,2761.0,2761.0,2731.0,1001.5777777777777,1051.5777777777776
20,92,2776.0,1026.5777777777776,31.106999999999996,60,0,2761.0,2791.0,2791.0,2761.0,1001.5777777777777,1051.5777777777776
20,93,2806.0,1026.5777777777776,23.98425120772947,92,0,2791.0,2821.0,2821.0,2791.0,1001.5777777777777,1051.5777777777776
20,94,2836.0,1026.5777777777776,29.097023809523805,84,0,2821.0,2851.0,2851.0,2821.0,1001.5777777777777,1051.5777777777776
20,95,2866.0,1026.5777777777776,33.356818181818184,66,0,2851.0,2881.0,2881.0,2851.0,1001.5777777777777,1051.5777777777776
20,96,2896.0,1026.5777777777776,37.887800000000006,50,0,2881.0,2911.0,2911.0,2881.0,1001.5777777777777,1051.5777777777776
20,97,2926.0,1026.5777777777776,33.340833333333336,60,0,2911.0,2941.0,2941.0,2911.0,1001.5777777777777,1051.5777777777776
20,98,2956.0,1026.5777777777776,29.099830508474575,59,0,2941.0,2971.0,2971.0,2941.0,1001.5777777777777,1051.5777777777776
20,99,2986.0,1026.5777777777776,15.41429752066116,121,0,2971.0,3001.0,3001.0,2971.0,1001.5777777777777,1051.5777777777776
20,100,3016.0,1026.5777777777776,24.277185501066107,67,0,3001.0,3031.0,3031.0,3001.0,1001.5777777777777,1051.5777777777776
20,101,3046.0,1026.5777777777776,19.295180722891573,83,0,3031.0,3061.0,3061.0,3031.0,1001.5777777777777,1051.5777777777776
20,102,3076.0,1026.5777777777776,17.639642857142857,112,0,3061.0,3091.0,3091.0,3061.0,1001.5777777777777,1051.5777777777776
20,103,3106.0,1026.5777777777776,19.55911564625851,98,0,3091.0,3121.0,3121.0,3091.0,1001.5777777777777,1051.5777777777776
20,104,3136.0,1026.5777777777776,20.248191489361712,94,0,3121.0,3151.0,3151.0,3121.0,1001.5777777777777,1051.5777777777776
20,105,3166.0,1026.5777777777776,20.20772727272727,66,0,3151.0,3181.0,3181.0,3151.0,1001.5777777777777,1051.5777777777776
20,106,3196.0,1026.5777777777776,24.249350649350646,77,0,3181.0,3211.0,3211.0,3181.0,1001.5777777777777,1051.5777777777776
20,107,3226.0,1026.5777777777776,18.680699999999998,100,0,3211.0,3241.0,3241.0,3211.0,1001.5777777777777,1051.5777777777776
20,108,3256.0,1026.5777777777776,12.921596638655458,119,0,3241.0,3271.0,3271.0,3241.0,1001.5777777777777,1051.5777777777776
20,109,3286.0,1026.5777777777776,17.5749494949495,99,0,3271.0,3301.0,3301.0,3271.0,1001.5777777777777,1051.5777777777776
20,110,3316.0,1026.5777777777776,20.126627906976744,86,0,3301.0,3331.0,3331.0,3301.0,1001.5777777777777,1051.5777777777776
20,111,3346.0,1026.5777777777776,18.583207547169813,106,0,3331.0,3361.0,3361.0,3331.0,1001.5777777777777,1051.5777777777776
20,112,3376.0,1026.5777777777776,22.695340909090916,88,0,3361.0,3391.0,3391.0,3361.0,1001.5777777777777,1051.5777777777776
20,113,3406.0,1026.5777777777776,31.00292307692308,65,0,3391.0,3421.0,3421.0,3391.0,1001.5777777777777,1051.5777777777776
20,114,3436.0,1026.5777777777776,40.24481481481481,54,0,3421.0,3451.0,3451.0,3421.0,1001.5777777777777,1051.5777777777776
20,115,3466.0,1026.5777777777776,37.72913043478261,46,0,3451.0,3481.0,3481.0,3451.0,1001.5777777777777,1051.5777777777776
20,116,3496.0,1026.5777777777776,39.76530612244899,49,0,3481.0,3511.0,3511.0,3481.0,1001.5777777777777,1051.5777777777776
20,117,3526.0,1026.5777777777776,35.14719298245615,57,0,3511.0,3541.0,3541.0,3511.0,1001.5777777777777,1051.5777777777776
20,118,3556.0,1026.5777777777776,20.87037974683544,79,0,3541.0,3571.0,3571.0,3541.0,1001.5777777777777,1051.5777777777776
20,119,3586.0,1026.5777777777776,15.45106557377049,122,0,3571.0,3601.0,3601.0,3571.0,1001.5777777777777,1051.5777777777776
20,120,3616.0,1026.5777777777776,12.647265625000001,128,0,3601.0,3631.0,3631.0,3601.0,1001.5777777777777,1051.5777777777776
20,121,3646.0,1026.5777777777776,8.030360360360364,111,0,3631.0,3661.0,3661.0,3631.0,1001.5777777777777,1051.5777777777776
20,122,3676.0,1026.5777777777776,10.216724137931035,116,0,3661.0,3691.0,3691.0,3661.0,1001.5777777777777,1051.5777777777776
20,123,3706.0,1026.5777777777776,9.820151515151519,132,0,3691.0,3721.0,3721.0,3691.0,1001.5777777777777,1051.5777777777776
20,124,3736.0,1026.5777777777776,17.057857142857145,84,0,3721.0,3751.0,3751.0,3721.0,1001.5777777777777,1051.5777777777776
20,125,3766.0,1026.5777777777776,22.59923076923076,52,0,3751.0,3781.0,3781.0,3751.0,1001.5777777777777,1051.5777777777776
20,126,3796.0,1026.5777777777776,,0,0,3781.0,3811.0,3811.0,3781.0,1001.5777777777777,1051.5777777777776
20,127,3826.0,1026.5777777777776,,0,0,3811.0,3841.0,3841.0,3811.0,1001.5777777777777,1051.5777777777776
20,128,3856.0,1026.5777777777776,,0,0,3841.0,3871.0,3871.0,3841.0,1001.5777777777777,1051.5777777777776
20,129,3886.0,1026.5777777777776,,0,0,3871.0,3901.0,3901.0,3871.0,1001.5777777777777,1051.5777777777776
21,0,16.0,1076.5777777777776,58.656388888888905,36,0,1.0,31.0,31.0,1.0,1051.5777777777776,1101.5777777777776
21,1,46.0,1076.5777777777776,59.646562499999995,32,0,31.0,61.0,61.0,31.0,1051.5777777777776,1101.5777777777776
21,2,76.0,1076.5777777777776,62.58833333333333,24,0,61.0,91.0,91.0,61.0,1051.5777777777776,1101.5777777777776
21,3,106.0,1076.5777777777776,63.206,15,0,91.0,121.0,121.0,91.0,1051.5777777777776,1101.5777777777776
21,4,136.0,1076.5777777777776,65.165,20,0,121.0,151.0,151.0,121.0,1051.5777777777776,1101.5777777777776
21,5,166.0,1076.5777777777776,64.34625,16,0,151.0,181.0,181.0,151.0,1051.5777777777776,1101.5777777777776
21,6,196.0,1076.5777777777776,62.39457142857142,35,0,181.0,211.0,211.0,181.0,1051.5777777777776,1101.5777777777776
21,7,226.0,1076.5777777777776,63.706333333333326,30,0,211.0,241.0,241.0,211.0,1051.5777777777776,1101.5777777777776
21,8,256.0,1076.5777777777776,66.0456,25,0,241.0,271.0,271.0,241.0,1051.5777777777776,1101.5777777777776
21,9,286.0,1076.5777777777776,65.9695,20,0,271.0,301.0,301.0,271.0,1051.5777777777776,1101.5777777777776
21,10,316.0,1076.5777777777776,73.48866666666667,15,0,301.0,331.0,331.0,301.0,1051.5777777777776,1101.5777777777776
21,11,346.0,1076.5777777777776,71.30636363636363,11,0,331.0,361.0,361.0,331.0,1051.5777777777776,1101.5777777777776
21,12,376.0,1076.5777777777776,62.63999999999998,23,0,361.0,391.0,391.0,361.0,1051.5777777777776,1101.5777777777776
21,13,406.0,1076.5777777777776,69.06884615384614,26,0,391.0,421.0,421.0,391.0,1051.5777777777776,1101.5777777777776
21,14,436.0,1076.5777777777776,65.5465,20,0,421.0,451.0,451.0,421.0,1051.5777777777776,1101.5777777777776
21,15,466.0,1076.5777777777776,60.47766666666666,30,0,451.0,481.0,481.0,451.0,1051.5777777777776,1101.5777777777776
21,16,496.0,1076.5777777777776,61.51931034482757,29,0,481.0,511.0,511.0,481.0,1051.5777777777776,1101.5777777777776
21,17,526.0,1076.5777777777776,61.7427027027027,37,0,511.0,541.0,541.0,511.0,1051.5777777777776,1101.5777777777776
21,18,556.0,1076.5777777777776,57.07027027027027,37,0,541.0,571.0,571.0,541.0,1051.5777777777776,1101.5777777777776
21,19,586.0,1076.5777777777776,58.443124999999995,32,0,571.0,601.0,601.0,571.0,1051.5777777777776,1101.5777777777776
21,20,616.0,1076.5777777777776,57.790092592592586,36,0,601.0,631.0,631.0,601.0,1051.5777777777776,1101.5777777777776
21,21,646.0,1076.5777777777776,62.56434782608696,23,0,631.0,661.0,661.0,631.0,1051.5777777777776,1101.5777777777776
21,22,676.0,1076.5777777777776,63.57066666666667,30,0,661.0,691.0,691.0,661.0,1051.5777777777776,1101.5777777777776
21,23,706.0,1076.5777777777776,65.05333333333334,18,0,691.0,721.0,721.0,691.0,1051.5777777777776,1101.5777777777776
21,24,736.0,1076.5777777777776,62.290333333333336,30,0,721.0,751.0,751.0,721.0,1051.5777777777776,1101.5777777777776
21,25,766.0,1076.5777777777776,63.25064516129032,31,0,751.0,781.0,781.0,751.0,1051.5777777777776,1101.5777777777776
21,26,796.0,1076.5777777777776,62.912307692307685,26,0,781.0,811.0,811.0,781.0,1051.5777777777776,1101.5777777777776
21,27,826.0,1076.5777777777776,63.21407407407407,27,0,811.0,841.0,841.0,811.0,1051.5777777777776,1101.5777777777776
21,28,856.0,1076.5777777777776,61.3775,28,0,841.0,871.0,871.0,841.0,1051.5777777777776,1101.5777777777776
21,29,886.0,1076.5777777777776,64.538,20,0,871.0,901.0,901.0,871.0,1051.5777777777776,1101.5777777777776
21,30,916.0,1076.5777777777776,62.665,12,0,901.0,931.0,931.0,901.0,1051.5777777777776,1101.5777777777776
21,31,946.0,1076.5777777777776,56.774210526315805,19,0,931.0,961.0,961.0,931.0,1051.5777777777776,1101.5777777777776
21,32,976.0,1076.5777777777776,59.15666666666666,33,0,961.0,991.0,991.0,961.0,1051.5777777777776,1101.5777777777776
21,33,1006.0,1076.5777777777776,60.54435897435898,39,0,991.0,1021.0,1021.0,991.0,1051.5777777777776,1101.5777777777776
21,34,1036.0,1076.5777777777776,61.10029411764707,34,0,1021.0,1051.0,1051.0,1021.0,1051.5777777777776,1101.5777777777776
21,35,1066.0,1076.5777777777776,58.64580645161291,31,0,1051.0,1081.0,1081.0,1051.0,1051.5777777777776,1101.5777777777776
21,36,1096.0,1076.5777777777776,52.8968085106383,47,0,1081.0,1111.0,1111.0,1081.0,1051.5777777777776,1101.5777777777776
21,37,1126.0,1076.5777777777776,60.76433333333333,30,0,1111.0,1141.0,1141.0,1111.0,1051.5777777777776,1101.5777777777776
21,38,1156.0,1076.5777777777776,54.458260869565194,46,0,1141.0,1171.0,1171.0,1141.0,1051.5777777777776,1101.5777777777776
21,39,1186.0,1076.5777777777776,59.559230769230794,39,0,1171.0,1201.0,1201.0,1171.0,1051.5777777777776,1101.5777777777776
21,40,1216.0,1076.5777777777776,56.53833333333333,18,0,1201.0,1231.0,1231.0,1201.0,1051.5777777777776,1101.5777777777776
21,41,1246.0,1076.5777777777776,57.96827586206897,29,0,1231.0,1261.0,1261.0,1231.0,1051.5777777777776,1101.5777777777776
21,42,1276.0,1076.5777777777776,39.21333333333334,42,0,1261.0,1291.0,1291.0,1261.0,1051.5777777777776,1101.5777777777776
21,43,1306.0,1076.5777777777776,34.677246376811595,69,0,1291.0,1321.0,1321.0,1291.0,1051.5777777777776,1101.5777777777776
21,44,1336.0,1076.5777777777776,35.155789473684216,38,0,1321.0,1351.0,1351.0,1321.0,1051.5777777777776,1101.5777777777776
21,45,1366.0,1076.5777777777776,31.449402985074627,67,0,1351.0,1381.0,1381.0,1351.0,1051.5777777777776,1101.5777777777776
21,46,1396.0,1076.5777777777776,32.28000000000001,56,0,1381.0,1411.0,1411.0,1381.0,1051.5777777777776,1101.5777777777776
21,47,1426.0,1076.5777777777776,30.933472222222235,72,0,1411.0,1441.0,1441.0,1411.0,1051.5777777777776,1101.5777777777776
21,48,1456.0,1076.5777777777776,29.494285714285727,77,0,1441.0,1471.0,1471.0,1441.0,1051.5777777777776,1101.5777777777776
21,49,1486.0,1076.5777777777776,27.713953488372084,86,0,1471.0,1501.0,1501.0,1471.0,1051.5777777777776,1101.5777777777776
21,50,1516.0,1076.5777777777776,30.03391304347825,69,0,1501.0,1531.0,1531.0,1501.0,1051.5777777777776,1101.5777777777776
21,51,1546.0,1076.5777777777776,24.374722222222225,72,0,1531.0,1561.0,1561.0,1531.0,1051.5777777777776,1101.5777777777776
21,52,1576.0,1076.5777777777776,21.74145833333333,96,0,1561.0,1591.0,1591.0,1561.0,1051.5777777777776,1101.5777777777776
21,53,1606.0,1076.5777777777776,28.17761904761905,63,0,1591.0,1621.0,1621.0,1591.0,1051.5777777777776,1101.5777777777776
21,54,1636.0,1076.5777777777776,28.3172602739726,73,0,1621.0,1651.0,1651.0,1621.0,1051.5777777777776,1101.5777777777776
21,55,1666.0,1076.5777777777776,25.549999999999994,75,0,1651.0,1681.0,1681.0,1651.0,1051.5777777777776,1101.5777777777776
21,56,1696.0,1076.5777777777776,20.68607594936709,79,0,1681.0,1711.0,1711.0,1681.0,1051.5777777777776,1101.5777777777776
21,57,1726.0,1076.5777777777776,27.023898305084757,59,0,1711.0,1741.0,1741.0,1711.0,1051.5777777777776,1101.5777777777776
21,58,1756.0,1076.5777777777776,29.980579710144927,69,0,1741.0,1771.0,1771.0,1741.0,1051.5777777777776,1101.5777777777776
21,59,1786.0,1076.5777777777776,29.57077922077921,77,0,1771.0,1801.0,1801.0,1771.0,1051.5777777777776,1101.5777777777776
21,60,1816.0,1076.5777777777776,20.542941176470595,102,0,1801.0,1831.0,1831.0,1801.0,1051.5777777777776,1101.5777777777776
21,61,1846.0,1076.5777777777776,22.0787323943662,71,0,1831.0,1861.0,1861.0,1831.0,1051.5777777777776,1101.5777777777776
21,62,1876.0,1076.5777777777776,27.79076923076923,78,0,1861.0,1891.0,1891.0,1861.0,1051.5777777777776,1101.5777777777776
21,63,1906.0,1076.5777777777776,27.471515151515153,66,0,1891.0,1921.0,1921.0,1891.0,1051.5777777777776,1101.5777777777776
21,64,1936.0,1076.5777777777776,22.411797752808983,89,0,1921.0,1951.0,1951.0,1921.0,1051.5777777777776,1101.5777777777776
21,65,1966.0,1076.5777777777776,22.498837209302323,86,0,1951.0,1981.0,1981.0,1951.0,1051.5777777777776,1101.5777777777776
21,66,1996.0,1076.5777777777776,23.017571428571426,70,0,1981.0,2011.0,2011.0,1981.0,1051.5777777777776,1101.5777777777776
21,67,2026.0,1076.5777777777776,21.444025974025973,77,0,2011.0,2041.0,2041.0,2011.0,1051.5777777777776,1101.5777777777776
21,68,2056.0,1076.5777777777776,22.513536585365856,82,0,2041.0,2071.0,2071.0,2041.0,1051.5777777777776,1101.5777777777776
21,69,2086.0,1076.5777777777776,23.915211267605635,71,0,2071.0,2101.0,2101.0,2071.0,1051.5777777777776,1101.5777777777776
21,70,2116.0,1076.5777777777776,25.967741935483872,62,0,2101.0,2131.0,2131.0,2101.0,1051.5777777777776,1101.5777777777776
21,71,2146.0,1076.5777777777776,25.05602150537634,93,0,2131.0,2161.0,2161.0,2131.0,1051.5777777777776,1101.5777777777776
21,72,2176.0,1076.5777777777776,24.29760416666666,96,0,2161.0,2191.0,2191.0,2161.0,1051.5777777777776,1101.5777777777776
21,73,2206.0,1076.5777777777776,19.961808510638296,94,0,2191.0,2221.0,2221.0,2191.0,1051.5777777777776,1101.5777777777776
21,74,2236.0,1076.5777777777776,31.932999999999996,50,0,2221.0,2251.0,2251.0,2221.0,1051.5777777777776,1101.5777777777776
21,75,2266.0,1076.5777777777776,34.08822393822395,74,0,2251.0,2281.0,2281.0,2251.0,1051.5777777777776,1101.5777777777776
21,76,2296.0,1076.5777777777776,42.77395348837208,43,0,2281.0,2311.0,2311.0,2281.0,1051.5777777777776,1101.5777777777776
21,77,2326.0,1076.5777777777776,44.214130434782625,46,0,2311.0,2341.0,2341.0,2311.0,1051.5777777777776,1101.5777777777776
21,78,2356.0,1076.5777777777776,43.44456521739131,46,0,2341.0,2371.0,2371.0,2341.0,1051.5777777777776,1101.5777777777776
21,79,2386.0,1076.5777777777776,44.81575757575758,33,0,2371.0,2401.0,2401.0,2371.0,1051.5777777777776,1101.5777777777776
21,80,2416.0,1076.5777777777776,42.20347826086958,46,0,2401.0,2431.0,2431.0,2401.0,1051.5777777777776,1101.5777777777776
21,81,2446.0,1076.5777777777776,33.48606060606061,66,0,2431.0,2461.0,2461.0,2431.0,1051.5777777777776,1101.5777777777776
21,82,2476.0,1076.5777777777776,30.380625000000006,64,0,2461.0,2491.0,2491.0,2461.0,1051.5777777777776,1101.5777777777776
21,83,2506.0,1076.5777777777776,39.13869565217391,46,0,2491.0,2521.0,2521.0,2491.0,1051.5777777777776,1101.5777777777776
21,84,2536.0,1076.5777777777776,34.895660377358496,53,0,2521.0,2551.0,2551.0,2521.0,1051.5777777777776,1101.5777777777776
21,85,2566.0,1076.5777777777776,29.00426229508195,61,0,2551.0,2581.0,2581.0,2551.0,1051.5777777777776,1101.5777777777776
21,86,2596.0,1076.5777777777776,28.44623529411764,85,0,2581.0,2611.0,2611.0,2581.0,1051.5777777777776,1101.5777777777776
21,87,2626.0,1076.5777777777776,26.96682352941177,85,0,2611.0,2641.0,2641.0,2611.0,1051.5777777777776,1101.5777777777776
21,88,2656.0,1076.5777777777776,22.801839080459768,87,0,2641.0,2671.0,2671.0,2641.0,1051.5777777777776,1101.5777777777776
21,89,2686.0,1076.5777777777776,12.577719298245613,114,0,2671.0,2701.0,2701.0,2671.0,1051.5777777777776,1101.5777777777776
21,90,2716.0,1076.5777777777776,14.793854166666668,96,0,2701.0,2731.0,2731.0,2701.0,1051.5777777777776,1101.5777777777776
21,91,2746.0,1076.5777777777776,28.35987804878049,82,0,2731.0,2761.0,2761.0,2731.0,1051.5777777777776,1101.5777777777776
21,92,2776.0,1076.5777777777776,29.03736111111111,72,0,2761.0,2791.0,2791.0,2761.0,1051.5777777777776,1101.5777777777776
21,93,2806.0,1076.5777777777776,25.2959756097561,82,0,2791.0,2821.0,2821.0,2791.0,1051.5777777777776,1101.5777777777776
21,94,2836.0,1076.5777777777776,27.10062499999999,96,0,2821.0,2851.0,2851.0,2821.0,1051.5777777777776,1101.5777777777776
21,95,2866.0,1076.5777777777776,22.169599999999996,100,0,2851.0,2881.0,2881.0,2851.0,1051.5777777777776,1101.5777777777776
21,96,2896.0,1076.5777777777776,29.06263157894737,76,0,2881.0,2911.0,2911.0,2881.0,1051.5777777777776,1101.5777777777776
21,97,2926.0,1076.5777777777776,33.3411475409836,61,0,2911.0,2941.0,2941.0,2911.0,1051.5777777777776,1101.5777777777776
21,98,2956.0,1076.5777777777776,27.659546485260762,63,0,2941.0,2971.0,2971.0,2941.0,1051.5777777777776,1101.5777777777776
21,99,2986.0,1076.5777777777776,18.54260416666666,96,0,2971.0,3001.0,3001.0,2971.0,1051.5777777777776,1101.5777777777776
21,100,3016.0,1076.5777777777776,17.520873786407765,103,0,3001.0,3031.0,3031.0,3001.0,1051.5777777777776,1101.5777777777776
21,101,3046.0,1076.5777777777776,16.944479166666675,96,0,3031.0,3061.0,3061.0,3031.0,1051.5777777777776,1101.5777777777776
21,102,3076.0,1076.5777777777776,19.8239175257732,97,0,3061.0,3091.0,3091.0,3061.0,1051.5777777777776,1101.5777777777776
21,103,3106.0,1076.5777777777776,21.86484210526315,95,0,3091.0,3121.0,3121.0,3091.0,1051.5777777777776,1101.5777777777776
21,104,3136.0,1076.5777777777776,22.53354430379747,79,0,3121.0,3151.0,3151.0,3121.0,1051.5777777777776,1101.5777777777776
21,105,3166.0,1076.5777777777776,25.27533333333334,75,0,3151.0,3181.0,3181.0,3151.0,1051.5777777777776,1101.5777777777776
21,106,3196.0,1076.5777777777776,24.239750000000008,80,0,3181.0,3211.0,3211.0,3181.0,1051.5777777777776,1101.5777777777776
21,107,3226.0,1076.5777777777776,19.496292134831457,89,0,3211.0,3241.0,3241.0,3211.0,1051.5777777777776,1101.5777777777776
21,108,3256.0,1076.5777777777776,15.84225225225225,111,0,3241.0,3271.0,3271.0,3241.0,1051.5777777777776,1101.5777777777776
21,109,3286.0,1076.5777777777776,19.647173913043478,92,0,3271.0,3301.0,3301.0,3271.0,1051.5777777777776,1101.5777777777776
21,110,3316.0,1076.5777777777776,22.145925925925926,81,0,3301.0,3331.0,3331.0,3301.0,1051.5777777777776,1101.5777777777776
21,111,3346.0,1076.5777777777776,20.50340425531914,94,0,3331.0,3361.0,3361.0,3331.0,1051.5777777777776,1101.5777777777776
21,112,3376.0,1076.5777777777776,25.952784810126577,79,0,3361.0,3391.0,3391.0,3361.0,1051.5777777777776,1101.5777777777776
21,113,3406.0,1076.5777777777776,29.38273809523809,84,0,3391.0,3421.0,3421.0,3391.0,1051.5777777777776,1101.5777777777776
21,114,3436.0,1076.5777777777776,33.02379746835444,79,0,3421.0,3451.0,3451.0,3421.0,1051.5777777777776,1101.5777777777776
21,115,3466.0,1076.5777777777776,30.64524590163934,61,0,3451.0,3481.0,3481.0,3451.0,1051.5777777777776,1101.5777777777776
21,116,3496.0,1076.5777777777776,32.958636363636366,66,0,3481.0,3511.0,3511.0,3481.0,1051.5777777777776,1101.5777777777776
21,117,3526.0,1076.5777777777776,23.60049999999999,80,0,3511.0,3541.0,3541.0,3511.0,1051.5777777777776,1101.5777777777776
21,118,3556.0,1076.5777777777776,16.301702127659578,94,0,3541.0,3571.0,3571.0,3541.0,1051.5777777777776,1101.5777777777776
21,119,3586.0,1076.5777777777776,15.946607142857141,112,0,3571.0,3601.0,3601.0,3571.0,1051.5777777777776,1101.5777777777776
21,120,3616.0,1076.5777777777776,13.311742424242428,132,0,3601.0,3631.0,3631.0,3601.0,1051.5777777777776,1101.5777777777776
21,121,3646.0,1076.5777777777776,10.124398530762164,121,0,3631.0,3661.0,3661.0,3631.0,1051.5777777777776,1101.5777777777776
21,122,3676.0,1076.5777777777776,13.217777777777775,90,0,3661.0,3691.0,3691.0,3661.0,1051.5777777777776,1101.5777777777776
21,123,3706.0,1076.5777777777776,12.53425742574258,101,0,3691.0,3721.0,3721.0,3691.0,1051.5777777777776,1101.5777777777776
21,124,3736.0,1076.5777777777776,19.90977777777778,90,0,3721.0,3751.0,3751.0,3721.0,1051.5777777777776,1101.5777777777776
21,125,3766.0,1076.5777777777776,21.455970149253734,67,0,3751.0,3781.0,3781.0,3751.0,1051.5777777777776,1101.5777777777776
21,126,3796.0,1076.5777777777776,22.700000000000003,2,0,3781.0,3811.0,3811.0,3781.0,1051.5777777777776,1101.5777777777776
21,127,3826.0,1076.5777777777776,,0,0,3811.0,3841.0,3841.0,3811.0,1051.5777777777776,1101.5777777777776
21,128,3856.0,1076.5777777777776,,0,0,3841.0,3871.0,3871.0,3841.0,1051.5777777777776,1101.5777777777776
21,129,3886.0,1076.5777777777776,,0,0,3871.0,3901.0,3901.0,3871.0,1051.5777777777776,1101.5777777777776
22,0,16.0,1126.5777777777776,58.646410256410256,39,0,1.0,31.0,31.0,1.0,1101.5777777777776,1151.5777777777776
22,1,46.0,1126.5777777777776,58.40866666666666,30,0,31.0,61.0,61.0,31.0,1101.5777777777776,1151.5777777777776
22,2,76.0,1126.5777777777776,63.5303448275862,29,0,61.0,91.0,91.0,61.0,1101.5777777777776,1151.5777777777776
22,3,106.0,1126.5777777777776,61.56000000000001,15,0,91.0,121.0,121.0,91.0,1101.5777777777776,1151.5777777777776
22,4,136.0,1126.5777777777776,63.153333333333336,18,0,121.0,151.0,151.0,121.0,1101.5777777777776,1151.5777777777776
22,5,166.0,1126.5777777777776,65.59857142857143,14,0,151.0,181.0,181.0,151.0,1101.5777777777776,1151.5777777777776
22,6,196.0,1126.5777777777776,60.3108108108108,37,0,181.0,211.0,211.0,181.0,1101.5777777777776,1151.5777777777776
22,7,226.0,1126.5777777777776,61.2425,32,0,211.0,241.0,241.0,211.0,1101.5777777777776,1151.5777777777776
22,8,256.0,1126.5777777777776,62.55806451612902,31,0,241.0,271.0,271.0,241.0,1101.5777777777776,1151.5777777777776
22,9,286.0,1126.5777777777776,64.80049999999999,20,0,271.0,301.0,301.0,271.0,1101.5777777777776,1151.5777777777776
22,10,316.0,1126.5777777777776,73.51923076923076,13,0,301.0,331.0,331.0,301.0,1101.5777777777776,1151.5777777777776
22,11,346.0,1126.5777777777776,73.25133333333333,15,0,331.0,361.0,361.0,331.0,1101.5777777777776,1151.5777777777776
22,12,376.0,1126.5777777777776,60.98772727272728,22,0,361.0,391.0,391.0,361.0,1101.5777777777776,1151.5777777777776
22,13,406.0,1126.5777777777776,68.03354838709677,31,0,391.0,421.0,421.0,391.0,1101.5777777777776,1151.5777777777776
22,14,436.0,1126.5777777777776,65.38851851851852,27,0,421.0,451.0,451.0,421.0,1101.5777777777776,1151.5777777777776
22,15,466.0,1126.5777777777776,58.668709677419336,31,0,451.0,481.0,481.0,451.0,1101.5777777777776,1151.5777777777776
22,16,496.0,1126.5777777777776,60.33533333333334,30,0,481.0,511.0,511.0,481.0,1101.5777777777776,1151.5777777777776
22,17,526.0,1126.5777777777776,57.95958333333334,48,0,511.0,541.0,541.0,511.0,1101.5777777777776,1151.5777777777776
22,18,556.0,1126.5777777777776,54.392857142857146,35,0,541.0,571.0,571.0,541.0,1101.5777777777776,1151.5777777777776
22,19,586.0,1126.5777777777776,55.116410256410255,39,0,571.0,601.0,601.0,571.0,1101.5777777777776,1151.5777777777776
22,20,616.0,1126.5777777777776,54.16133333333333,45,0,601.0,631.0,631.0,601.0,1101.5777777777776,1151.5777777777776
22,21,646.0,1126.5777777777776,56.746400000000015,25,0,631.0,661.0,661.0,631.0,1101.5777777777776,1151.5777777777776
22,22,676.0,1126.5777777777776,62.39,27,0,661.0,691.0,691.0,661.0,1101.5777777777776,1151.5777777777776
22,23,706.0,1126.5777777777776,66.01105263157895,19,0,691.0,721.0,721.0,691.0,1101.5777777777776,1151.5777777777776
22,24,736.0,1126.5777777777776,60.79787878787879,33,0,721.0,751.0,751.0,721.0,1101.5777777777776,1151.5777777777776
22,25,766.0,1126.5777777777776,61.26243902439025,41,0,751.0,781.0,781.0,751.0,1101.5777777777776,1151.5777777777776
22,26,796.0,1126.5777777777776,62.58032258064516,31,0,781.0,811.0,811.0,781.0,1101.5777777777776,1151.5777777777776
22,27,826.0,1126.5777777777776,62.17250000000001,28,0,811.0,841.0,841.0,811.0,1101.5777777777776,1151.5777777777776
22,28,856.0,1126.5777777777776,59.89545454545454,33,0,841.0,871.0,871.0,841.0,1101.5777777777776,1151.5777777777776
22,29,886.0,1126.5777777777776,63.48533333333334,30,0,871.0,901.0,901.0,871.0,1101.5777777777776,1151.5777777777776
22,30,916.0,1126.5777777777776,62.10923076923078,13,0,901.0,931.0,931.0,901.0,1101.5777777777776,1151.5777777777776
22,31,946.0,1126.5777777777776,57.50652173913043,23,0,931.0,961.0,961.0,931.0,1101.5777777777776,1151.5777777777776
22,32,976.0,1126.5777777777776,56.86361111111111,36,0,961.0,991.0,991.0,961.0,1101.5777777777776,1151.5777777777776
22,33,1006.0,1126.5777777777776,58.666222222222245,45,0,991.0,1021.0,1021.0,991.0,1101.5777777777776,1151.5777777777776
22,34,1036.0,1126.5777777777776,59.916470588235306,34,0,1021.0,1051.0,1051.0,1021.0,1101.5777777777776,1151.5777777777776
22,35,1066.0,1126.5777777777776,57.61124999999999,32,0,1051.0,1081.0,1081.0,1051.0,1101.5777777777776,1151.5777777777776
22,36,1096.0,1126.5777777777776,50.22673076923077,52,0,1081.0,1111.0,1111.0,1081.0,1101.5777777777776,1151.5777777777776
22,37,1126.0,1126.5777777777776,57.701818181818176,33,0,1111.0,1141.0,1141.0,1111.0,1101.5777777777776,1151.5777777777776
22,38,1156.0,1126.5777777777776,49.47471698113206,53,0,1141.0,1171.0,1171.0,1141.0,1101.5777777777776,1151.5777777777776
22,39,1186.0,1126.5777777777776,53.82047619047617,42,0,1171.0,1201.0,1201.0,1171.0,1101.5777777777776,1151.5777777777776
22,40,1216.0,1126.5777777777776,51.878,20,0,1201.0,1231.0,1231.0,1201.0,1101.5777777777776,1151.5777777777776
22,41,1246.0,1126.5777777777776,53.63486486486486,37,0,1231.0,1261.0,1261.0,1231.0,1101.5777777777776,1151.5777777777776
22,42,1276.0,1126.5777777777776,42.641875,32,0,1261.0,1291.0,1291.0,1261.0,1101.5777777777776,1151.5777777777776
22,43,1306.0,1126.5777777777776,30.071351351351343,74,0,1291.0,1321.0,1321.0,1291.0,1101.5777777777776,1151.5777777777776
22,44,1336.0,1126.5777777777776,21.49558441558442,77,0,1321.0,1351.0,1351.0,1321.0,1101.5777777777776,1151.5777777777776
22,45,1366.0,1126.5777777777776,30.073787878787872,66,0,1351.0,1381.0,1381.0,1351.0,1101.5777777777776,1151.5777777777776
22,46,1396.0,1126.5777777777776,29.09049180327868,61,0,1381.0,1411.0,1411.0,1381.0,1101.5777777777776,1151.5777777777776
22,47,1426.0,1126.5777777777776,31.705000000000005,64,0,1411.0,1441.0,1441.0,1411.0,1101.5777777777776,1151.5777777777776
22,48,1456.0,1126.5777777777776,33.42852941176471,68,0,1441.0,1471.0,1471.0,1441.0,1101.5777777777776,1151.5777777777776
22,49,1486.0,1126.5777777777776,31.453636363636363,66,0,1471.0,1501.0,1501.0,1471.0,1101.5777777777776,1151.5777777777776
22,50,1516.0,1126.5777777777776,31.70357142857143,70,0,1501.0,1531.0,1531.0,1501.0,1101.5777777777776,1151.5777777777776
22,51,1546.0,1126.5777777777776,24.148289473684216,76,0,1531.0,1561.0,1561.0,1531.0,1101.5777777777776,1151.5777777777776
22,52,1576.0,1126.5777777777776,22.6164864864865,74,0,1561.0,1591.0,1591.0,1561.0,1101.5777777777776,1151.5777777777776
22,53,1606.0,1126.5777777777776,26.061917808219185,73,0,1591.0,1621.0,1621.0,1591.0,1101.5777777777776,1151.5777777777776
22,54,1636.0,1126.5777777777776,22.51797619047619,84,0,1621.0,1651.0,1651.0,1621.0,1101.5777777777776,1151.5777777777776
22,55,1666.0,1126.5777777777776,18.0747191011236,89,0,1651.0,1681.0,1681.0,1651.0,1101.5777777777776,1151.5777777777776
22,56,1696.0,1126.5777777777776,23.307246376811587,69,0,1681.0,1711.0,1711.0,1681.0,1101.5777777777776,1151.5777777777776
22,57,1726.0,1126.5777777777776,31.67237288135593,59,0,1711.0,1741.0,1741.0,1711.0,1101.5777777777776,1151.5777777777776
22,58,1756.0,1126.5777777777776,33.574,60,0,1741.0,1771.0,1771.0,1741.0,1101.5777777777776,1151.5777777777776
22,59,1786.0,1126.5777777777776,31.27531250000001,64,0,1771.0,1801.0,1801.0,1771.0,1101.5777777777776,1151.5777777777776
22,60,1816.0,1126.5777777777776,23.323048780487806,82,0,1801.0,1831.0,1831.0,1801.0,1101.5777777777776,1151.5777777777776
22,61,1846.0,1126.5777777777776,26.89408450704226,71,0,1831.0,1861.0,1861.0,1831.0,1101.5777777777776,1151.5777777777776
22,62,1876.0,1126.5777777777776,29.650454545454547,66,0,1861.0,1891.0,1891.0,1861.0,1101.5777777777776,1151.5777777777776
22,63,1906.0,1126.5777777777776,26.864067796610165,59,0,1891.0,1921.0,1921.0,1891.0,1101.5777777777776,1151.5777777777776
22,64,1936.0,1126.5777777777776,25.94771428571428,70,0,1921.0,1951.0,1951.0,1921.0,1101.5777777777776,1151.5777777777776
22,65,1966.0,1126.5777777777776,24.358219178082194,73,0,1951.0,1981.0,1981.0,1951.0,1101.5777777777776,1151.5777777777776
22,66,1996.0,1126.5777777777776,24.96315068493151,73,0,1981.0,2011.0,2011.0,1981.0,1101.5777777777776,1151.5777777777776
22,67,2026.0,1126.5777777777776,26.659074074074063,54,0,2011.0,2041.0,2041.0,2011.0,1101.5777777777776,1151.5777777777776
22,68,2056.0,1126.5777777777776,23.68811594202899,69,0,2041.0,2071.0,2071.0,2041.0,1101.5777777777776,1151.5777777777776
22,69,2086.0,1126.5777777777776,26.492999999999995,70,0,2071.0,2101.0,2101.0,2071.0,1101.5777777777776,1151.5777777777776
22,70,2116.0,1126.5777777777776,30.428076923076933,52,0,2101.0,2131.0,2131.0,2101.0,1101.5777777777776,1151.5777777777776
22,71,2146.0,1126.5777777777776,27.84171428571428,70,0,2131.0,2161.0,2161.0,2131.0,1101.5777777777776,1151.5777777777776
22,72,2176.0,1126.5777777777776,25.5022619047619,84,0,2161.0,2191.0,2191.0,2161.0,1101.5777777777776,1151.5777777777776
22,73,2206.0,1126.5777777777776,23.238947368421055,76,0,2191.0,2221.0,2221.0,2191.0,1101.5777777777776,1151.5777777777776
22,74,2236.0,1126.5777777777776,31.294901960784323,51,0,2221.0,2251.0,2251.0,2221.0,1101.5777777777776,1151.5777777777776
22,75,2266.0,1126.5777777777776,36.75,57,0,2251.0,2281.0,2281.0,2251.0,1101.5777777777776,1151.5777777777776
22,76,2296.0,1126.5777777777776,37.43301886792454,53,0,2281.0,2311.0,2311.0,2281.0,1101.5777777777776,1151.5777777777776
22,77,2326.0,1126.5777777777776,39.983111111111114,45,0,2311.0,2341.0,2341.0,2311.0,1101.5777777777776,1151.5777777777776
22,78,2356.0,1126.5777777777776,40.654565217391294,46,0,2341.0,2371.0,2371.0,2341.0,1101.5777777777776,1151.5777777777776
22,79,2386.0,1126.5777777777776,35.929736842105264,38,0,2371.0,2401.0,2401.0,2371.0,1101.5777777777776,1151.5777777777776
22,80,2416.0,1126.5777777777776,42.27727272727272,44,0,2401.0,2431.0,2431.0,2401.0,1101.5777777777776,1151.5777777777776
22,81,2446.0,1126.5777777777776,35.470727272727274,55,0,2431.0,2461.0,2461.0,2431.0,1101.5777777777776,1151.5777777777776
22,82,2476.0,1126.5777777777776,30.876896551724137,58,0,2461.0,2491.0,2491.0,2461.0,1101.5777777777776,1151.5777777777776
22,83,2506.0,1126.5777777777776,37.767826086956525,46,0,2491.0,2521.0,2521.0,2491.0,1101.5777777777776,1151.5777777777776
22,84,2536.0,1126.5777777777776,34.045416666666675,48,0,2521.0,2551.0,2551.0,2521.0,1101.5777777777776,1151.5777777777776
22,85,2566.0,1126.5777777777776,30.398461538461536,52,0,2551.0,2581.0,2581.0,2551.0,1101.5777777777776,1151.5777777777776
22,86,2596.0,1126.5777777777776,32.73764705882353,68,0,2581.0,2611.0,2611.0,2581.0,1101.5777777777776,1151.5777777777776
22,87,2626.0,1126.5777777777776,26.396025641025645,78,0,2611.0,2641.0,2641.0,2611.0,1101.5777777777776,1151.5777777777776
22,88,2656.0,1126.5777777777776,15.570392156862745,102,0,2641.0,2671.0,2671.0,2641.0,1101.5777777777776,1151.5777777777776
22,89,2686.0,1126.5777777777776,10.06854545454545,110,0,2671.0,2701.0,2701.0,2671.0,1101.5777777777776,1151.5777777777776
22,90,2716.0,1126.5777777777776,22.309041095890404,73,0,2701.0,2731.0,2731.0,2701.0,1101.5777777777776,1151.5777777777776
22,91,2746.0,1126.5777777777776,31.65492753623189,69,0,2731.0,2761.0,2761.0,2731.0,1101.5777777777776,1151.5777777777776
22,92,2776.0,1126.5777777777776,29.879275362318836,69,0,2761.0,2791.0,2791.0,2761.0,1101.5777777777776,1151.5777777777776
22,93,2806.0,1126.5777777777776,29.60349206349207,63,0,2791.0,2821.0,2821.0,2791.0,1101.5777777777776,1151.5777777777776
22,94,2836.0,1126.5777777777776,29.685432098765432,81,0,2821.0,2851.0,2851.0,2821.0,1101.5777777777776,1151.5777777777776
22,95,2866.0,1126.5777777777776,22.673406593406597,91,0,2851.0,2881.0,2881.0,2851.0,1101.5777777777776,1151.5777777777776
22,96,2896.0,1126.5777777777776,22.5004255319149,94,0,2881.0,2911.0,2911.0,2881.0,1101.5777777777776,1151.5777777777776
22,97,2926.0,1126.5777777777776,31.231194029850762,67,0,2911.0,2941.0,2941.0,2911.0,1101.5777777777776,1151.5777777777776
22,98,2956.0,1126.5777777777776,22.542786885245896,61,0,2941.0,2971.0,2971.0,2941.0,1101.5777777777776,1151.5777777777776
22,99,2986.0,1126.5777777777776,20.0649295774648,71,0,2971.0,3001.0,3001.0,2971.0,1101.5777777777776,1151.5777777777776
22,100,3016.0,1126.5777777777776,17.85588235294118,102,0,3001.0,3031.0,3031.0,3001.0,1101.5777777777776,1151.5777777777776
22,101,3046.0,1126.5777777777776,17.069874999999996,80,0,3031.0,3061.0,3061.0,3031.0,1101.5777777777776,1151.5777777777776
22,102,3076.0,1126.5777777777776,24.810582191780817,73,0,3061.0,3091.0,3091.0,3061.0,1101.5777777777776,1151.5777777777776
22,103,3106.0,1126.5777777777776,27.93384615384616,78,0,3091.0,3121.0,3121.0,3091.0,1101.5777777777776,1151.5777777777776
22,104,3136.0,1126.5777777777776,22.653098591549295,71,0,3121.0,3151.0,3151.0,3121.0,1101.5777777777776,1151.5777777777776
22,105,3166.0,1126.5777777777776,29.346307692307686,65,0,3151.0,3181.0,3181.0,3151.0,1101.5777777777776,1151.5777777777776
22,106,3196.0,1126.5777777777776,23.782000000000004,65,0,3181.0,3211.0,3211.0,3181.0,1101.5777777777776,1151.5777777777776
22,107,3226.0,1126.5777777777776,17.420808080808083,99,0,3211.0,3241.0,3241.0,3211.0,1101.5777777777776,1151.5777777777776
22,108,3256.0,1126.5777777777776,16.016153846153852,91,0,3241.0,3271.0,3271.0,3241.0,1101.5777777777776,1151.5777777777776
22,109,3286.0,1126.5777777777776,28.60309859154929,71,0,3271.0,3301.0,3301.0,3271.0,1101.5777777777776,1151.5777777777776
22,110,3316.0,1126.5777777777776,26.871014492753623,69,0,3301.0,3331.0,3331.0,3301.0,1101.5777777777776,1151.5777777777776
22,111,3346.0,1126.5777777777776,25.526769230769222,65,0,3331.0,3361.0,3361.0,3331.0,1101.5777777777776,1151.5777777777776
22,112,3376.0,1126.5777777777776,27.270133333333327,75,0,3361.0,3391.0,3391.0,3361.0,1101.5777777777776,1151.5777777777776
22,113,3406.0,1126.5777777777776,29.0841463414634,82,0,3391.0,3421.0,3421.0,3391.0,1101.5777777777776,1151.5777777777776
22,114,3436.0,1126.5777777777776,30.122054794520547,73,0,3421.0,3451.0,3451.0,3421.0,1101.5777777777776,1151.5777777777776
22,115,3466.0,1126.5777777777776,27.939687500000005,64,0,3451.0,3481.0,3481.0,3451.0,1101.5777777777776,1151.5777777777776
22,116,3496.0,1126.5777777777776,22.96883116883117,77,0,3481.0,3511.0,3511.0,3481.0,1101.5777777777776,1151.5777777777776
22,117,3526.0,1126.5777777777776,21.98985074626865,67,0,3511.0,3541.0,3541.0,3511.0,1101.5777777777776,1151.5777777777776
22,118,3556.0,1126.5777777777776,16.329072164948453,97,0,3541.0,3571.0,3571.0,3541.0,1101.5777777777776,1151.5777777777776
22,119,3586.0,1126.5777777777776,17.258536585365853,82,0,3571.0,3601.0,3601.0,3571.0,1101.5777777777776,1151.5777777777776
22,120,3616.0,1126.5777777777776,9.285652173913036,161,0,3601.0,3631.0,3631.0,3601.0,1101.5777777777776,1151.5777777777776
22,121,3646.0,1126.5777777777776,10.43846715328467,137,0,3631.0,3661.0,3661.0,3631.0,1101.5777777777776,1151.5777777777776
22,122,3676.0,1126.5777777777776,10.62027027027027,111,0,3661.0,3691.0,3691.0,3661.0,1101.5777777777776,1151.5777777777776
22,123,3706.0,1126.5777777777776,13.620215053763442,93,0,3691.0,3721.0,3721.0,3691.0,1101.5777777777776,1151.5777777777776
22,124,3736.0,1126.5777777777776,22.25425287356321,87,0,3721.0,3751.0,3751.0,3721.0,1101.5777777777776,1151.5777777777776
22,125,3766.0,1126.5777777777776,25.777222222222218,54,0,3751.0,3781.0,3781.0,3751.0,1101.5777777777776,1151.5777777777776
22,126,3796.0,1126.5777777777776,23.478,15,0,3781.0,3811.0,3811.0,3781.0,1101.5777777777776,1151.5777777777776
22,127,3826.0,1126.5777777777776,,0,0,3811.0,3841.0,3841.0,3811.0,1101.5777777777776,1151.5777777777776
22,128,3856.0,1126.5777777777776,,0,0,3841.0,3871.0,3871.0,3841.0,1101.5777777777776,1151.5777777777776
22,129,3886.0,1126.5777777777776,,0,0,3871.0,3901.0,3901.0,3871.0,1101.5777777777776,1151.5777777777776
23,0,16.0,1176.5777777777776,55.95224489795918,49,0,1.0,31.0,31.0,1.0,1151.5777777777776,1201.5777777777776
23,1,46.0,1176.5777777777776,59.22481481481481,27,0,31.0,61.0,61.0,31.0,1151.5777777777776,1201.5777777777776
23,2,76.0,1176.5777777777776,63.36566666666667,30,0,61.0,91.0,91.0,61.0,1151.5777777777776,1201.5777777777776
23,3,106.0,1176.5777777777776,61.63294117647059,17,0,91.0,121.0,121.0,91.0,1151.5777777777776,1201.5777777777776
23,4,136.0,1176.5777777777776,61.19571428571429,14,0,121.0,151.0,151.0,121.0,1151.5777777777776,1201.5777777777776
23,5,166.0,1176.5777777777776,65.28642857142857,14,0,151.0,181.0,181.0,151.0,1151.5777777777776,1201.5777777777776
23,6,196.0,1176.5777777777776,59.37421052631577,38,0,181.0,211.0,211.0,181.0,1151.5777777777776,1201.5777777777776
23,7,226.0,1176.5777777777776,59.87555555555554,27,0,211.0,241.0,241.0,211.0,1151.5777777777776,1201.5777777777776
23,8,256.0,1176.5777777777776,61.44694444444445,36,0,241.0,271.0,271.0,241.0,1151.5777777777776,1201.5777777777776
23,9,286.0,1176.5777777777776,63.81764705882353,17,0,271.0,301.0,301.0,271.0,1151.5777777777776,1201.5777777777776
23,10,316.0,1176.5777777777776,73.07235294117648,17,0,301.0,331.0,331.0,301.0,1151.5777777777776,1201.5777777777776
23,11,346.0,1176.5777777777776,74.38615384615383,13,0,331.0,361.0,361.0,331.0,1151.5777777777776,1201.5777777777776
23,12,376.0,1176.5777777777776,61.30809523809523,21,0,361.0,391.0,391.0,361.0,1151.5777777777776,1201.5777777777776
23,13,406.0,1176.5777777777776,65.47566666666667,30,0,391.0,421.0,421.0,391.0,1151.5777777777776,1201.5777777777776
23,14,436.0,1176.5777777777776,66.17181818181818,22,0,421.0,451.0,451.0,421.0,1151.5777777777776,1201.5777777777776
23,15,466.0,1176.5777777777776,60.167037037037026,27,0,451.0,481.0,481.0,451.0,1151.5777777777776,1201.5777777777776
23,16,496.0,1176.5777777777776,59.19343750000001,32,0,481.0,511.0,511.0,481.0,1151.5777777777776,1201.5777777777776
23,17,526.0,1176.5777777777776,55.29534883720931,43,0,511.0,541.0,541.0,511.0,1151.5777777777776,1201.5777777777776
23,18,556.0,1176.5777777777776,54.09473684210526,38,0,541.0,571.0,571.0,541.0,1151.5777777777776,1201.5777777777776
23,19,586.0,1176.5777777777776,52.837777777777774,36,0,571.0,601.0,601.0,571.0,1151.5777777777776,1201.5777777777776
23,20,616.0,1176.5777777777776,53.30999999999999,44,0,601.0,631.0,631.0,601.0,1151.5777777777776,1201.5777777777776
23,21,646.0,1176.5777777777776,50.40906249999998,32,0,631.0,661.0,661.0,631.0,1151.5777777777776,1201.5777777777776
23,22,676.0,1176.5777777777776,63.18739130434784,23,0,661.0,691.0,691.0,661.0,1151.5777777777776,1201.5777777777776
23,23,706.0,1176.5777777777776,64.03250000000001,20,0,691.0,721.0,721.0,691.0,1151.5777777777776,1201.5777777777776
23,24,736.0,1176.5777777777776,61.16083333333333,24,0,721.0,751.0,751.0,721.0,1151.5777777777776,1201.5777777777776
23,25,766.0,1176.5777777777776,60.1851282051282,39,0,751.0,781.0,781.0,751.0,1151.5777777777776,1201.5777777777776
23,26,796.0,1176.5777777777776,62.84360000000001,25,0,781.0,811.0,811.0,781.0,1151.5777777777776,1201.5777777777776
23,27,826.0,1176.5777777777776,62.99538461538463,26,0,811.0,841.0,841.0,811.0,1151.5777777777776,1201.5777777777776
23,28,856.0,1176.5777777777776,59.19366666666667,30,0,841.0,871.0,871.0,841.0,1151.5777777777776,1201.5777777777776
23,29,886.0,1176.5777777777776,60.266666666666666,30,0,871.0,901.0,901.0,871.0,1151.5777777777776,1201.5777777777776
23,30,916.0,1176.5777777777776,65.01777777777778,9,0,901.0,931.0,931.0,901.0,1151.5777777777776,1201.5777777777776
23,31,946.0,1176.5777777777776,57.236666666666665,18,0,931.0,961.0,961.0,931.0,1151.5777777777776,1201.5777777777776
23,32,976.0,1176.5777777777776,55.87514285714285,35,0,961.0,991.0,991.0,961.0,1151.5777777777776,1201.5777777777776
23,33,1006.0,1176.5777777777776,57.92590909090913,44,0,991.0,1021.0,1021.0,991.0,1151.5777777777776,1201.5777777777776
23,34,1036.0,1176.5777777777776,59.267500000000005,36,0,1021.0,1051.0,1051.0,1021.0,1151.5777777777776,1201.5777777777776
23,35,1066.0,1176.5777777777776,57.1646875,32,0,1051.0,1081.0,1081.0,1051.0,1151.5777777777776,1201.5777777777776
23,36,1096.0,1176.5777777777776,50.37795918367349,49,0,1081.0,1111.0,1111.0,1081.0,1151.5777777777776,1201.5777777777776
23,37,1126.0,1176.5777777777776,54.1051282051282,39,0,1111.0,1141.0,1141.0,1111.0,1151.5777777777776,1201.5777777777776
23,38,1156.0,1176.5777777777776,46.766595744680835,47,0,1141.0,1171.0,1171.0,1141.0,1151.5777777777776,1201.5777777777776
23,39,1186.0,1176.5777777777776,47.97623737373737,44,0,1171.0,1201.0,1201.0,1171.0,1151.5777777777776,1201.5777777777776
23,40,1216.0,1176.5777777777776,49.62058823529412,17,0,1201.0,1231.0,1231.0,1201.0,1151.5777777777776,1201.5777777777776
23,41,1246.0,1176.5777777777776,48.54447368421054,38,0,1231.0,1261.0,1261.0,1231.0,1151.5777777777776,1201.5777777777776
23,42,1276.0,1176.5777777777776,48.789,30,0,1261.0,1291.0,1291.0,1261.0,1151.5777777777776,1201.5777777777776
23,43,1306.0,1176.5777777777776,30.93189655172414,58,0,1291.0,1321.0,1321.0,1291.0,1151.5777777777776,1201.5777777777776
23,44,1336.0,1176.5777777777776,19.469999999999995,103,0,1321.0,1351.0,1351.0,1321.0,1151.5777777777776,1201.5777777777776
23,45,1366.0,1176.5777777777776,26.820909090909094,66,0,1351.0,1381.0,1381.0,1351.0,1151.5777777777776,1201.5777777777776
23,46,1396.0,1176.5777777777776,28.392721417069247,69,0,1381.0,1411.0,1411.0,1381.0,1151.5777777777776,1201.5777777777776
23,47,1426.0,1176.5777777777776,33.30188679245283,53,0,1411.0,1441.0,1441.0,1411.0,1151.5777777777776,1201.5777777777776
23,48,1456.0,1176.5777777777776,37.53882352941176,68,0,1441.0,1471.0,1471.0,1441.0,1151.5777777777776,1201.5777777777776
23,49,1486.0,1176.5777777777776,34.08736842105264,57,0,1471.0,1501.0,1501.0,1471.0,1151.5777777777776,1201.5777777777776
23,50,1516.0,1176.5777777777776,32.02194444444444,72,0,1501.0,1531.0,1531.0,1501.0,1151.5777777777776,1201.5777777777776
23,51,1546.0,1176.5777777777776,26.32479452054793,73,0,1531.0,1561.0,1561.0,1531.0,1151.5777777777776,1201.5777777777776
23,52,1576.0,1176.5777777777776,29.512857142857136,49,0,1561.0,1591.0,1591.0,1561.0,1151.5777777777776,1201.5777777777776
23,53,1606.0,1176.5777777777776,25.93528571428572,70,0,1591.0,1621.0,1621.0,1591.0,1151.5777777777776,1201.5777777777776
23,54,1636.0,1176.5777777777776,22.155189873417722,79,0,1621.0,1651.0,1651.0,1621.0,1151.5777777777776,1201.5777777777776
23,55,1666.0,1176.5777777777776,26.19857142857142,70,0,1651.0,1681.0,1681.0,1651.0,1151.5777777777776,1201.5777777777776
23,56,1696.0,1176.5777777777776,28.128064516129026,62,0,1681.0,1711.0,1711.0,1681.0,1151.5777777777776,1201.5777777777776
23,57,1726.0,1176.5777777777776,34.46519230769231,52,0,1711.0,1741.0,1741.0,1711.0,1151.5777777777776,1201.5777777777776
23,58,1756.0,1176.5777777777776,35.29245901639344,61,0,1741.0,1771.0,1771.0,1741.0,1151.5777777777776,1201.5777777777776
23,59,1786.0,1176.5777777777776,31.128253968253972,63,0,1771.0,1801.0,1801.0,1771.0,1151.5777777777776,1201.5777777777776
23,60,1816.0,1176.5777777777776,19.436451612903223,93,0,1801.0,1831.0,1831.0,1801.0,1151.5777777777776,1201.5777777777776
23,61,1846.0,1176.5777777777776,26.74703703703704,81,0,1831.0,1861.0,1861.0,1831.0,1151.5777777777776,1201.5777777777776
23,62,1876.0,1176.5777777777776,32.16396551724137,58,0,1861.0,1891.0,1891.0,1861.0,1151.5777777777776,1201.5777777777776
23,63,1906.0,1176.5777777777776,30.86593220338982,59,0,1891.0,1921.0,1921.0,1891.0,1151.5777777777776,1201.5777777777776
23,64,1936.0,1176.5777777777776,28.35052631578948,57,0,1921.0,1951.0,1951.0,1921.0,1151.5777777777776,1201.5777777777776
23,65,1966.0,1176.5777777777776,24.928780487804882,82,0,1951.0,1981.0,1981.0,1951.0,1151.5777777777776,1201.5777777777776
23,66,1996.0,1176.5777777777776,21.843132530120485,83,0,1981.0,2011.0,2011.0,1981.0,1151.5777777777776,1201.5777777777776
23,67,2026.0,1176.5777777777776,28.84442307692307,52,0,2011.0,2041.0,2041.0,2011.0,1151.5777777777776,1201.5777777777776
23,68,2056.0,1176.5777777777776,27.713965517241384,58,0,2041.0,2071.0,2071.0,2041.0,1151.5777777777776,1201.5777777777776
23,69,2086.0,1176.5777777777776,29.062068965517252,58,0,2071.0,2101.0,2101.0,2071.0,1151.5777777777776,1201.5777777777776
23,70,2116.0,1176.5777777777776,30.339423076923065,52,0,2101.0,2131.0,2131.0,2101.0,1151.5777777777776,1201.5777777777776
23,71,2146.0,1176.5777777777776,27.744843750000005,64,0,2131.0,2161.0,2161.0,2131.0,1151.5777777777776,1201.5777777777776
23,72,2176.0,1176.5777777777776,24.703908045977023,87,0,2161.0,2191.0,2191.0,2161.0,1151.5777777777776,1201.5777777777776
23,73,2206.0,1176.5777777777776,31.511449275362306,69,0,2191.0,2221.0,2221.0,2191.0,1151.5777777777776,1201.5777777777776
23,74,2236.0,1176.5777777777776,34.27927272727272,55,0,2221.0,2251.0,2251.0,2221.0,1151.5777777777776,1201.5777777777776
23,75,2266.0,1176.5777777777776,38.835909090909084,44,0,2251.0,2281.0,2281.0,2251.0,1151.5777777777776,1201.5777777777776
23,76,2296.0,1176.5777777777776,35.517343749999995,64,0,2281.0,2311.0,2311.0,2281.0,1151.5777777777776,1201.5777777777776
23,77,2326.0,1176.5777777777776,35.64152173913043,46,0,2311.0,2341.0,2341.0,2311.0,1151.5777777777776,1201.5777777777776
23,78,2356.0,1176.5777777777776,39.14717391304349,46,0,2341.0,2371.0,2371.0,2341.0,1151.5777777777776,1201.5777777777776
23,79,2386.0,1176.5777777777776,34.52999999999999,43,0,2371.0,2401.0,2401.0,2371.0,1151.5777777777776,1201.5777777777776
23,80,2416.0,1176.5777777777776,44.30500000000001,42,0,2401.0,2431.0,2431.0,2401.0,1151.5777777777776,1201.5777777777776
23,81,2446.0,1176.5777777777776,39.587555555555554,45,0,2431.0,2461.0,2461.0,2431.0,1151.5777777777776,1201.5777777777776
23,82,2476.0,1176.5777777777776,34.17196721311473,61,0,2461.0,2491.0,2491.0,2461.0,1151.5777777777776,1201.5777777777776
23,83,2506.0,1176.5777777777776,35.67,48,0,2491.0,2521.0,2521.0,2491.0,1151.5777777777776,1201.5777777777776
23,84,2536.0,1176.5777777777776,33.391956521739125,46,0,2521.0,2551.0,2551.0,2521.0,1151.5777777777776,1201.5777777777776
23,85,2566.0,1176.5777777777776,32.32865384615384,52,0,2551.0,2581.0,2581.0,2551.0,1151.5777777777776,1201.5777777777776
23,86,2596.0,1176.5777777777776,33.4639393939394,66,0,2581.0,2611.0,2611.0,2581.0,1151.5777777777776,1201.5777777777776
23,87,2626.0,1176.5777777777776,20.82783783783784,111,0,2611.0,2641.0,2641.0,2611.0,1151.5777777777776,1201.5777777777776
23,88,2656.0,1176.5777777777776,20.08441176470588,102,0,2641.0,2671.0,2671.0,2641.0,1151.5777777777776,1201.5777777777776
23,89,2686.0,1176.5777777777776,12.144656488549623,131,0,2671.0,2701.0,2701.0,2671.0,1151.5777777777776,1201.5777777777776
23,90,2716.0,1176.5777777777776,26.061486486486476,74,0,2701.0,2731.0,2731.0,2701.0,1151.5777777777776,1201.5777777777776
23,91,2746.0,1176.5777777777776,27.30202531645569,79,0,2731.0,2761.0,2761.0,2731.0,1151.5777777777776,1201.5777777777776
23,92,2776.0,1176.5777777777776,28.59615384615384,78,0,2761.0,2791.0,2791.0,2761.0,1151.5777777777776,1201.5777777777776
23,93,2806.0,1176.5777777777776,28.75582089552239,67,0,2791.0,2821.0,2821.0,2791.0,1151.5777777777776,1201.5777777777776
23,94,2836.0,1176.5777777777776,29.079113924050628,79,0,2821.0,2851.0,2851.0,2821.0,1151.5777777777776,1201.5777777777776
23,95,2866.0,1176.5777777777776,19.327280701754397,114,0,2851.0,2881.0,2881.0,2851.0,1151.5777777777776,1201.5777777777776
23,96,2896.0,1176.5777777777776,22.51489361702126,94,0,2881.0,2911.0,2911.0,2881.0,1151.5777777777776,1201.5777777777776
23,97,2926.0,1176.5777777777776,26.93538461538462,78,0,2911.0,2941.0,2941.0,2911.0,1151.5777777777776,1201.5777777777776
23,98,2956.0,1176.5777777777776,19.208904109589046,73,0,2941.0,2971.0,2971.0,2941.0,1151.5777777777776,1201.5777777777776
23,99,2986.0,1176.5777777777776,20.6869014084507,71,0,2971.0,3001.0,3001.0,2971.0,1151.5777777777776,1201.5777777777776
23,100,3016.0,1176.5777777777776,17.970693069306925,101,0,3001.0,3031.0,3031.0,3001.0,1151.5777777777776,1201.5777777777776
23,101,3046.0,1176.5777777777776,19.763624999999998,80,0,3031.0,3061.0,3061.0,3031.0,1151.5777777777776,1201.5777777777776
23,102,3076.0,1176.5777777777776,23.215249999999997,80,0,3061.0,3091.0,3091.0,3061.0,1151.5777777777776,1201.5777777777776
23,103,3106.0,1176.5777777777776,24.766082474226803,97,0,3091.0,3121.0,3121.0,3091.0,1151.5777777777776,1201.5777777777776
23,104,3136.0,1176.5777777777776,26.523382352941184,68,0,3121.0,3151.0,3151.0,3121.0,1151.5777777777776,1201.5777777777776
23,105,3166.0,1176.5777777777776,27.278205128205133,78,0,3151.0,3181.0,3181.0,3151.0,1151.5777777777776,1201.5777777777776
23,106,3196.0,1176.5777777777776,22.104035087719303,57,0,3181.0,3211.0,3211.0,3181.0,1151.5777777777776,1201.5777777777776
23,107,3226.0,1176.5777777777776,17.205471698113207,106,0,3211.0,3241.0,3241.0,3211.0,1151.5777777777776,1201.5777777777776
23,108,3256.0,1176.5777777777776,19.034823529411764,85,0,3241.0,3271.0,3271.0,3241.0,1151.5777777777776,1201.5777777777776
23,109,3286.0,1176.5777777777776,30.014342105263154,76,0,3271.0,3301.0,3301.0,3271.0,1151.5777777777776,1201.5777777777776
23,110,3316.0,1176.5777777777776,29.70863636363637,66,0,3301.0,3331.0,3331.0,3301.0,1151.5777777777776,1201.5777777777776
23,111,3346.0,1176.5777777777776,28.665901639344266,61,0,3331.0,3361.0,3361.0,3331.0,1151.5777777777776,1201.5777777777776
23,112,3376.0,1176.5777777777776,30.127333333333336,60,0,3361.0,3391.0,3391.0,3361.0,1151.5777777777776,1201.5777777777776
23,113,3406.0,1176.5777777777776,33.00342857142857,70,0,3391.0,3421.0,3421.0,3391.0,1151.5777777777776,1201.5777777777776
23,114,3436.0,1176.5777777777776,28.426025641025642,78,0,3421.0,3451.0,3451.0,3421.0,1151.5777777777776,1201.5777777777776
23,115,3466.0,1176.5777777777776,27.172794117647065,68,0,3451.0,3481.0,3481.0,3451.0,1151.5777777777776,1201.5777777777776
23,116,3496.0,1176.5777777777776,21.909868421052625,76,0,3481.0,3511.0,3511.0,3481.0,1151.5777777777776,1201.5777777777776
23,117,3526.0,1176.5777777777776,16.142500000000005,108,0,3511.0,3541.0,3541.0,3511.0,1151.5777777777776,1201.5777777777776
23,118,3556.0,1176.5777777777776,21.070641025641027,78,0,3541.0,3571.0,3571.0,3541.0,1151.5777777777776,1201.5777777777776
23,119,3586.0,1176.5777777777776,17.170918367346946,98,0,3571.0,3601.0,3601.0,3571.0,1151.5777777777776,1201.5777777777776
23,120,3616.0,1176.5777777777776,12.16178571428572,140,0,3601.0,3631.0,3631.0,3601.0,1151.5777777777776,1201.5777777777776
23,121,3646.0,1176.5777777777776,11.855337837837846,148,0,3631.0,3661.0,3661.0,3631.0,1151.5777777777776,1201.5777777777776
23,122,3676.0,1176.5777777777776,12.948174603174603,126,0,3661.0,3691.0,3691.0,3661.0,1151.5777777777776,1201.5777777777776
23,123,3706.0,1176.5777777777776,17.692375000000002,80,0,3691.0,3721.0,3721.0,3691.0,1151.5777777777776,1201.5777777777776
23,124,3736.0,1176.5777777777776,26.08698630136986,73,0,3721.0,3751.0,3751.0,3721.0,1151.5777777777776,1201.5777777777776
23,125,3766.0,1176.5777777777776,25.91796610169491,59,0,3751.0,3781.0,3781.0,3751.0,1151.5777777777776,1201.5777777777776
23,126,3796.0,1176.5777777777776,25.709062499999995,32,0,3781.0,3811.0,3811.0,3781.0,1151.5777777777776,1201.5777777777776
23,127,3826.0,1176.5777777777776,,0,0,3811.0,3841.0,3841.0,3811.0,1151.5777777777776,1201.5777777777776
23,128,3856.0,1176.5777777777776,,0,0,3841.0,3871.0,3871.0,3841.0,1151.5777777777776,1201.5777777777776
23,129,3886.0,1176.5777777777776,,0,0,3871.0,3901.0,3901.0,3871.0,1151.5777777777776,1201.5777777777776
24,0,16.0,1226.5777777777776,52.7809433962264,53,0,1.0,31.0,31.0,1.0,1201.5777777777776,1251.5777777777776
24,1,46.0,1226.5777777777776,57.58969696969698,33,0,31.0,61.0,61.0,31.0,1201.5777777777776,1251.5777777777776
24,2,76.0,1226.5777777777776,60.59874999999999,32,0,61.0,91.0,91.0,61.0,1201.5777777777776,1251.5777777777776
24,3,106.0,1226.5777777777776,60.56200000000001,20,0,91.0,121.0,121.0,91.0,1201.5777777777776,1251.5777777777776
24,4,136.0,1226.5777777777776,59.282000000000004,15,0,121.0,151.0,151.0,121.0,1201.5777777777776,1251.5777777777776
24,5,166.0,1226.5777777777776,67.26357142857144,14,0,151.0,181.0,181.0,151.0,1201.5777777777776,1251.5777777777776
24,6,196.0,1226.5777777777776,56.81431818181817,44,0,181.0,211.0,211.0,181.0,1201.5777777777776,1251.5777777777776
24,7,226.0,1226.5777777777776,56.10851851851852,27,0,211.0,241.0,241.0,211.0,1201.5777777777776,1251.5777777777776
24,8,256.0,1226.5777777777776,58.92809523809524,42,0,241.0,271.0,271.0,241.0,1201.5777777777776,1251.5777777777776
24,9,286.0,1226.5777777777776,63.60705882352941,17,0,271.0,301.0,301.0,271.0,1201.5777777777776,1251.5777777777776
24,10,316.0,1226.5777777777776,72.34933333333333,15,0,301.0,331.0,331.0,301.0,1201.5777777777776,1251.5777777777776
24,11,346.0,1226.5777777777776,74.47818181818182,11,0,331.0,361.0,361.0,331.0,1201.5777777777776,1251.5777777777776
24,12,376.0,1226.5777777777776,62.59833333333334,18,0,361.0,391.0,391.0,361.0,1201.5777777777776,1251.5777777777776
24,13,406.0,1226.5777777777776,62.47636363636363,33,0,391.0,421.0,421.0,391.0,1201.5777777777776,1251.5777777777776
24,14,436.0,1226.5777777777776,66.9342105263158,19,0,421.0,451.0,451.0,421.0,1201.5777777777776,1251.5777777777776
24,15,466.0,1226.5777777777776,59.95807692307692,26,0,451.0,481.0,481.0,451.0,1201.5777777777776,1251.5777777777776
24,16,496.0,1226.5777777777776,58.1721875,32,0,481.0,511.0,511.0,481.0,1201.5777777777776,1251.5777777777776
24,17,526.0,1226.5777777777776,51.63391304347826,46,0,511.0,541.0,541.0,511.0,1201.5777777777776,1251.5777777777776
24,18,556.0,1226.5777777777776,50.969,40,0,541.0,571.0,571.0,541.0,1201.5777777777776,1251.5777777777776
24,19,586.0,1226.5777777777776,51.10069767441859,43,0,571.0,601.0,601.0,571.0,1201.5777777777776,1251.5777777777776
24,20,616.0,1226.5777777777776,50.535476190476196,42,0,601.0,631.0,631.0,601.0,1201.5777777777776,1251.5777777777776
24,21,646.0,1226.5777777777776,44.37815789473684,38,0,631.0,661.0,661.0,631.0,1201.5777777777776,1251.5777777777776
24,22,676.0,1226.5777777777776,61.512105263157906,19,0,661.0,691.0,691.0,661.0,1201.5777777777776,1251.5777777777776
24,23,706.0,1226.5777777777776,61.143636363636354,22,0,691.0,721.0,721.0,691.0,1201.5777777777776,1251.5777777777776
24,24,736.0,1226.5777777777776,61.7188888888889,27,0,721.0,751.0,751.0,721.0,1201.5777777777776,1251.5777777777776
24,25,766.0,1226.5777777777776,59.67589743589744,39,0,751.0,781.0,781.0,751.0,1201.5777777777776,1251.5777777777776
24,26,796.0,1226.5777777777776,62.21925925925926,27,0,781.0,811.0,811.0,781.0,1201.5777777777776,1251.5777777777776
24,27,826.0,1226.5777777777776,63.35159999999998,25,0,811.0,841.0,841.0,811.0,1201.5777777777776,1251.5777777777776
24,28,856.0,1226.5777777777776,57.088,30,0,841.0,871.0,871.0,841.0,1201.5777777777776,1251.5777777777776
24,29,886.0,1226.5777777777776,59.553124999999994,32,0,871.0,901.0,901.0,871.0,1201.5777777777776,1251.5777777777776
24,30,916.0,1226.5777777777776,68.05666666666667,6,0,901.0,931.0,931.0,901.0,1201.5777777777776,1251.5777777777776
24,31,946.0,1226.5777777777776,58.007999999999996,20,0,931.0,961.0,961.0,931.0,1201.5777777777776,1251.5777777777776
24,32,976.0,1226.5777777777776,55.00896551724137,29,0,961.0,991.0,991.0,961.0,1201.5777777777776,1251.5777777777776
24,33,1006.0,1226.5777777777776,58.89365853658538,41,0,991.0,1021.0,1021.0,991.0,1201.5777777777776,1251.5777777777776
24,34,1036.0,1226.5777777777776,58.59675675675677,37,0,1021.0,1051.0,1051.0,1021.0,1201.5777777777776,1251.5777777777776
24,35,1066.0,1226.5777777777776,56.465,30,0,1051.0,1081.0,1081.0,1051.0,1201.5777777777776,1251.5777777777776
24,36,1096.0,1226.5777777777776,50.26860465116278,43,0,1081.0,1111.0,1111.0,1081.0,1201.5777777777776,1251.5777777777776
24,37,1126.0,1226.5777777777776,47.475833333333334,48,0,1111.0,1141.0,1141.0,1111.0,1201.5777777777776,1251.5777777777776
24,38,1156.0,1226.5777777777776,43.49878048780487,41,0,1141.0,1171.0,1171.0,1141.0,1201.5777777777776,1251.5777777777776
24,39,1186.0,1226.5777777777776,41.71355555555556,45,0,1171.0,1201.0,1201.0,1171.0,1201.5777777777776,1251.5777777777776
24,40,1216.0,1226.5777777777776,48.60882352941177,17,0,1201.0,1231.0,1231.0,1201.0,1201.5777777777776,1251.5777777777776
24,41,1246.0,1226.5777777777776,45.49171428571429,35,0,1231.0,1261.0,1261.0,1231.0,1201.5777777777776,1251.5777777777776
24,42,1276.0,1226.5777777777776,46.013125,32,0,1261.0,1291.0,1291.0,1261.0,1201.5777777777776,1251.5777777777776
24,43,1306.0,1226.5777777777776,30.847600000000003,50,0,1291.0,1321.0,1321.0,1291.0,1201.5777777777776,1251.5777777777776
24,44,1336.0,1226.5777777777776,22.159680851063833,94,0,1321.0,1351.0,1351.0,1321.0,1201.5777777777776,1251.5777777777776
24,45,1366.0,1226.5777777777776,27.15822975517891,59,0,1351.0,1381.0,1381.0,1351.0,1201.5777777777776,1251.5777777777776
24,46,1396.0,1226.5777777777776,28.670533333333328,75,0,1381.0,1411.0,1411.0,1381.0,1201.5777777777776,1251.5777777777776
24,47,1426.0,1226.5777777777776,34.579090909090915,44,0,1411.0,1441.0,1441.0,1411.0,1201.5777777777776,1251.5777777777776
24,48,1456.0,1226.5777777777776,37.15415384615385,65,0,1441.0,1471.0,1471.0,1441.0,1201.5777777777776,1251.5777777777776
24,49,1486.0,1226.5777777777776,34.1782456140351,57,0,1471.0,1501.0,1501.0,1471.0,1201.5777777777776,1251.5777777777776
24,50,1516.0,1226.5777777777776,29.922857142857136,77,0,1501.0,1531.0,1531.0,1501.0,1201.5777777777776,1251.5777777777776
24,51,1546.0,1226.5777777777776,24.75613333333334,75,0,1531.0,1561.0,1561.0,1531.0,1201.5777777777776,1251.5777777777776
24,52,1576.0,1226.5777777777776,28.027258064516133,62,0,1561.0,1591.0,1591.0,1561.0,1201.5777777777776,1251.5777777777776
24,53,1606.0,1226.5777777777776,23.436049382716057,81,0,1591.0,1621.0,1621.0,1591.0,1201.5777777777776,1251.5777777777776
24,54,1636.0,1226.5777777777776,22.73514285714286,70,0,1621.0,1651.0,1651.0,1621.0,1201.5777777777776,1251.5777777777776
24,55,1666.0,1226.5777777777776,27.278194444444445,72,0,1651.0,1681.0,1681.0,1651.0,1201.5777777777776,1251.5777777777776
24,56,1696.0,1226.5777777777776,33.470000000000006,52,0,1681.0,1711.0,1711.0,1681.0,1201.5777777777776,1251.5777777777776
24,57,1726.0,1226.5777777777776,37.2936,50,0,1711.0,1741.0,1741.0,1711.0,1201.5777777777776,1251.5777777777776
24,58,1756.0,1226.5777777777776,34.23438596491229,57,0,1741.0,1771.0,1771.0,1741.0,1201.5777777777776,1251.5777777777776
24,59,1786.0,1226.5777777777776,26.061176470588247,68,0,1771.0,1801.0,1801.0,1771.0,1201.5777777777776,1251.5777777777776
24,60,1816.0,1226.5777777777776,21.166162790697665,86,0,1801.0,1831.0,1831.0,1801.0,1201.5777777777776,1251.5777777777776
24,61,1846.0,1226.5777777777776,29.088684210526306,76,0,1831.0,1861.0,1861.0,1831.0,1201.5777777777776,1251.5777777777776
24,62,1876.0,1226.5777777777776,34.53605000000002,50,0,1861.0,1891.0,1891.0,1861.0,1201.5777777777776,1251.5777777777776
24,63,1906.0,1226.5777777777776,32.319999999999986,53,0,1891.0,1921.0,1921.0,1891.0,1201.5777777777776,1251.5777777777776
24,64,1936.0,1226.5777777777776,29.768,50,0,1921.0,1951.0,1951.0,1921.0,1201.5777777777776,1251.5777777777776
24,65,1966.0,1226.5777777777776,23.87394736842106,76,0,1951.0,1981.0,1981.0,1951.0,1201.5777777777776,1251.5777777777776
24,66,1996.0,1226.5777777777776,25.69871428571429,70,0,1981.0,2011.0,2011.0,1981.0,1201.5777777777776,1251.5777777777776
24,67,2026.0,1226.5777777777776,30.92480769230769,52,0,2011.0,2041.0,2041.0,2011.0,1201.5777777777776,1251.5777777777776
24,68,2056.0,1226.5777777777776,34.419999999999995,45,0,2041.0,2071.0,2071.0,2041.0,1201.5777777777776,1251.5777777777776
24,69,2086.0,1226.5777777777776,33.917500000000004,52,0,2071.0,2101.0,2101.0,2071.0,1201.5777777777776,1251.5777777777776
24,70,2116.0,1226.5777777777776,30.97803571428572,56,0,2101.0,2131.0,2131.0,2101.0,1201.5777777777776,1251.5777777777776
24,71,2146.0,1226.5777777777776,26.87451612903226,62,0,2131.0,2161.0,2161.0,2131.0,1201.5777777777776,1251.5777777777776
24,72,2176.0,1226.5777777777776,31.020000000000003,68,0,2161.0,2191.0,2191.0,2161.0,1201.5777777777776,1251.5777777777776
24,73,2206.0,1226.5777777777776,36.28272727272727,55,0,2191.0,2221.0,2221.0,2191.0,1201.5777777777776,1251.5777777777776
24,74,2236.0,1226.5777777777776,38.230199999999996,50,0,2221.0,2251.0,2251.0,2221.0,1201.5777777777776,1251.5777777777776
24,75,2266.0,1226.5777777777776,39.8,37,0,2251.0,2281.0,2281.0,2251.0,1201.5777777777776,1251.5777777777776
24,76,2296.0,1226.5777777777776,36.28583333333333,60,0,2281.0,2311.0,2311.0,2281.0,1201.5777777777776,1251.5777777777776
24,77,2326.0,1226.5777777777776,34.48476190476191,42,0,2311.0,2341.0,2341.0,2311.0,1201.5777777777776,1251.5777777777776
24,78,2356.0,1226.5777777777776,39.56291428571429,50,0,2341.0,2371.0,2371.0,2341.0,1201.5777777777776,1251.5777777777776
24,79,2386.0,1226.5777777777776,37.955161290322586,31,0,2371.0,2401.0,2401.0,2371.0,1201.5777777777776,1251.5777777777776
24,80,2416.0,1226.5777777777776,42.37205128205129,39,0,2401.0,2431.0,2431.0,2401.0,1201.5777777777776,1251.5777777777776
24,81,2446.0,1226.5777777777776,41.88545454545455,33,0,2431.0,2461.0,2461.0,2431.0,1201.5777777777776,1251.5777777777776
24,82,2476.0,1226.5777777777776,33.40322033898305,59,0,2461.0,2491.0,2491.0,2461.0,1201.5777777777776,1251.5777777777776
24,83,2506.0,1226.5777777777776,33.81163265306124,49,0,2491.0,2521.0,2521.0,2491.0,1201.5777777777776,1251.5777777777776
24,84,2536.0,1226.5777777777776,33.2615,40,0,2521.0,2551.0,2551.0,2521.0,1201.5777777777776,1251.5777777777776
24,85,2566.0,1226.5777777777776,31.705471698113197,53,0,2551.0,2581.0,2581.0,2551.0,1201.5777777777776,1251.5777777777776
24,86,2596.0,1226.5777777777776,31.252031249999998,64,0,2581.0,2611.0,2611.0,2581.0,1201.5777777777776,1251.5777777777776
24,87,2626.0,1226.5777777777776,20.716732026143802,102,0,2611.0,2641.0,2641.0,2611.0,1201.5777777777776,1251.5777777777776
24,88,2656.0,1226.5777777777776,15.08391585760518,103,0,2641.0,2671.0,2671.0,2641.0,1201.5777777777776,1251.5777777777776
24,89,2686.0,1226.5777777777776,13.064666666666664,120,0,2671.0,2701.0,2701.0,2671.0,1201.5777777777776,1251.5777777777776
24,90,2716.0,1226.5777777777776,24.701125,80,0,2701.0,2731.0,2731.0,2701.0,1201.5777777777776,1251.5777777777776
24,91,2746.0,1226.5777777777776,27.3343076923077,65,0,2731.0,2761.0,2761.0,2731.0,1201.5777777777776,1251.5777777777776
24,92,2776.0,1226.5777777777776,28.74618421052631,76,0,2761.0,2791.0,2791.0,2761.0,1201.5777777777776,1251.5777777777776
24,93,2806.0,1226.5777777777776,27.201451612903234,62,0,2791.0,2821.0,2821.0,2791.0,1201.5777777777776,1251.5777777777776
24,94,2836.0,1226.5777777777776,24.07571428571429,91,0,2821.0,2851.0,2851.0,2821.0,1201.5777777777776,1251.5777777777776
24,95,2866.0,1226.5777777777776,21.34800000000001,95,0,2851.0,2881.0,2881.0,2851.0,1201.5777777777776,1251.5777777777776
24,96,2896.0,1226.5777777777776,28.546617647058827,68,0,2881.0,2911.0,2911.0,2881.0,1201.5777777777776,1251.5777777777776
24,97,2926.0,1226.5777777777776,20.467446808510648,94,0,2911.0,2941.0,2941.0,2911.0,1201.5777777777776,1251.5777777777776
24,98,2956.0,1226.5777777777776,20.187179487179485,78,0,2941.0,2971.0,2971.0,2941.0,1201.5777777777776,1251.5777777777776
24,99,2986.0,1226.5777777777776,18.724705882352943,68,0,2971.0,3001.0,3001.0,2971.0,1201.5777777777776,1251.5777777777776
24,100,3016.0,1226.5777777777776,19.07287356321838,87,0,3001.0,3031.0,3031.0,3001.0,1201.5777777777776,1251.5777777777776
24,101,3046.0,1226.5777777777776,22.45155967450272,79,0,3031.0,3061.0,3061.0,3031.0,1201.5777777777776,1251.5777777777776
24,102,3076.0,1226.5777777777776,23.0127027027027,74,0,3061.0,3091.0,3091.0,3061.0,1201.5777777777776,1251.5777777777776
24,103,3106.0,1226.5777777777776,20.002450980392155,102,0,3091.0,3121.0,3121.0,3091.0,1201.5777777777776,1251.5777777777776
24,104,3136.0,1226.5777777777776,24.498133333333342,75,0,3121.0,3151.0,3151.0,3121.0,1201.5777777777776,1251.5777777777776
24,105,3166.0,1226.5777777777776,25.855352112676055,71,0,3151.0,3181.0,3181.0,3151.0,1201.5777777777776,1251.5777777777776
24,106,3196.0,1226.5777777777776,21.333875,60,0,3181.0,3211.0,3211.0,3181.0,1201.5777777777776,1251.5777777777776
24,107,3226.0,1226.5777777777776,15.233100000000006,100,0,3211.0,3241.0,3241.0,3211.0,1201.5777777777776,1251.5777777777776
24,108,3256.0,1226.5777777777776,22.425599999999992,75,0,3241.0,3271.0,3271.0,3241.0,1201.5777777777776,1251.5777777777776
24,109,3286.0,1226.5777777777776,28.27847222222222,72,0,3271.0,3301.0,3301.0,3271.0,1201.5777777777776,1251.5777777777776
24,110,3316.0,1226.5777777777776,28.11409836065573,61,0,3301.0,3331.0,3331.0,3301.0,1201.5777777777776,1251.5777777777776
24,111,3346.0,1226.5777777777776,30.37750000000001,51,0,3331.0,3361.0,3361.0,3331.0,1201.5777777777776,1251.5777777777776
24,112,3376.0,1226.5777777777776,33.944909090909086,55,0,3361.0,3391.0,3391.0,3361.0,1201.5777777777776,1251.5777777777776
24,113,3406.0,1226.5777777777776,36.468199999999996,50,0,3391.0,3421.0,3421.0,3391.0,1201.5777777777776,1251.5777777777776
24,114,3436.0,1226.5777777777776,29.811666666666667,60,0,3421.0,3451.0,3451.0,3421.0,1201.5777777777776,1251.5777777777776
24,115,3466.0,1226.5777777777776,23.655189873417726,79,0,3451.0,3481.0,3481.0,3451.0,1201.5777777777776,1251.5777777777776
24,116,3496.0,1226.5777777777776,18.68638655462185,85,0,3481.0,3511.0,3511.0,3481.0,1201.5777777777776,1251.5777777777776
24,117,3526.0,1226.5777777777776,16.599166666666672,96,0,3511.0,3541.0,3541.0,3511.0,1201.5777777777776,1251.5777777777776
24,118,3556.0,1226.5777777777776,19.369667774086373,86,0,3541.0,3571.0,3571.0,3541.0,1201.5777777777776,1251.5777777777776
24,119,3586.0,1226.5777777777776,11.301735537190083,121,0,3571.0,3601.0,3601.0,3571.0,1201.5777777777776,1251.5777777777776
24,120,3616.0,1226.5777777777776,11.078962264150945,106,0,3601.0,3631.0,3631.0,3601.0,1201.5777777777776,1251.5777777777776
24,121,3646.0,1226.5777777777776,12.183140495867764,121,0,3631.0,3661.0,3661.0,3631.0,1201.5777777777776,1251.5777777777776
24,122,3676.0,1226.5777777777776,13.170634920634917,126,0,3661.0,3691.0,3691.0,3661.0,1201.5777777777776,1251.5777777777776
24,123,3706.0,1226.5777777777776,21.164166666666667,66,0,3691.0,3721.0,3721.0,3691.0,1201.5777777777776,1251.5777777777776
24,124,3736.0,1226.5777777777776,25.930136986301363,73,0,3721.0,3751.0,3751.0,3721.0,1201.5777777777776,1251.5777777777776
24,125,3766.0,1226.5777777777776,26.810769230769218,52,0,3751.0,3781.0,3781.0,3751.0,1201.5777777777776,1251.5777777777776
24,126,3796.0,1226.5777777777776,28.220810810810814,37,0,3781.0,3811.0,3811.0,3781.0,1201.5777777777776,1251.5777777777776
24,127,3826.0,1226.5777777777776,,0,0,3811.0,3841.0,3841.0,3811.0,1201.5777777777776,1251.5777777777776
24,128,3856.0,1226.5777777777776,,0,0,3841.0,3871.0,3871.0,3841.0,1201.5777777777776,1251.5777777777776
24,129,3886.0,1226.5777777777776,,0,0,3871.0,3901.0,3901.0,3871.0,1201.5777777777776,1251.5777777777776
25,0,16.0,1276.5777777777776,50.74249999999999,52,0,1.0,31.0,31.0,1.0,1251.5777777777776,1301.5777777777776
25,1,46.0,1276.5777777777776,55.95491452991452,39,0,31.0,61.0,61.0,31.0,1251.5777777777776,1301.5777777777776
25,2,76.0,1276.5777777777776,59.360789473684214,38,0,61.0,91.0,91.0,61.0,1251.5777777777776,1301.5777777777776
25,3,106.0,1276.5777777777776,59.3479365079365,21,0,91.0,121.0,121.0,91.0,1251.5777777777776,1301.5777777777776
25,4,136.0,1276.5777777777776,57.383111111111106,30,0,121.0,151.0,151.0,121.0,1251.5777777777776,1301.5777777777776
25,5,166.0,1276.5777777777776,63.69764705882351,17,0,151.0,181.0,181.0,151.0,1251.5777777777776,1301.5777777777776
25,6,196.0,1276.5777777777776,53.38036331569663,45,0,181.0,211.0,211.0,181.0,1251.5777777777776,1301.5777777777776
25,7,226.0,1276.5777777777776,54.073375,40,0,211.0,241.0,241.0,211.0,1251.5777777777776,1301.5777777777776
25,8,256.0,1276.5777777777776,56.83619825708062,51,0,241.0,271.0,271.0,241.0,1251.5777777777776,1301.5777777777776
25,9,286.0,1276.5777777777776,62.8546739130435,23,0,271.0,301.0,301.0,271.0,1251.5777777777776,1301.5777777777776
25,10,316.0,1276.5777777777776,65.70969696969698,22,0,301.0,331.0,331.0,301.0,1251.5777777777776,1301.5777777777776
25,11,346.0,1276.5777777777776,73.32000000000001,12,0,331.0,361.0,361.0,331.0,1251.5777777777776,1301.5777777777776
25,12,376.0,1276.5777777777776,59.26913888888888,30,0,361.0,391.0,391.0,361.0,1251.5777777777776,1301.5777777777776
25,13,406.0,1276.5777777777776,63.39485714285715,35,0,391.0,421.0,421.0,391.0,1251.5777777777776,1301.5777777777776
25,14,436.0,1276.5777777777776,67.48143518518518,24,0,421.0,451.0,451.0,421.0,1251.5777777777776,1301.5777777777776
25,15,466.0,1276.5777777777776,57.151321138211365,41,0,451.0,481.0,481.0,451.0,1251.5777777777776,1301.5777777777776
25,16,496.0,1276.5777777777776,58.21121212121213,33,0,481.0,511.0,511.0,481.0,1251.5777777777776,1301.5777777777776
25,17,526.0,1276.5777777777776,50.2277093596059,58,0,511.0,541.0,541.0,511.0,1251.5777777777776,1301.5777777777776
25,18,556.0,1276.5777777777776,46.77279350104821,53,0,541.0,571.0,571.0,541.0,1251.5777777777776,1301.5777777777776
25,19,586.0,1276.5777777777776,47.839578544061304,58,0,571.0,601.0,601.0,571.0,1251.5777777777776,1301.5777777777776
25,20,616.0,1276.5777777777776,49.99125,40,0,601.0,631.0,631.0,601.0,1251.5777777777776,1301.5777777777776
25,21,646.0,1276.5777777777776,41.8045841063698,77,0,631.0,661.0,661.0,631.0,1251.5777777777776,1301.5777777777776
25,22,676.0,1276.5777777777776,54.787142857142854,28,0,661.0,691.0,691.0,661.0,1251.5777777777776,1301.5777777777776
25,23,706.0,1276.5777777777776,56.965249042145594,29,0,691.0,721.0,721.0,691.0,1251.5777777777776,1301.5777777777776
25,24,736.0,1276.5777777777776,53.271324041811845,41,0,721.0,751.0,751.0,721.0,1251.5777777777776,1301.5777777777776
25,25,766.0,1276.5777777777776,57.6418300653595,51,0,751.0,781.0,781.0,751.0,1251.5777777777776,1301.5777777777776
25,26,796.0,1276.5777777777776,58.019290123456784,36,0,781.0,811.0,811.0,781.0,1251.5777777777776,1301.5777777777776
25,27,826.0,1276.5777777777776,59.12537634408603,31,0,811.0,841.0,841.0,811.0,1251.5777777777776,1301.5777777777776
25,28,856.0,1276.5777777777776,53.04608695652175,46,0,841.0,871.0,871.0,841.0,1251.5777777777776,1301.5777777777776
25,29,886.0,1276.5777777777776,57.28573170731707,41,0,871.0,901.0,901.0,871.0,1251.5777777777776,1301.5777777777776
25,30,916.0,1276.5777777777776,55.02852869352871,26,0,901.0,931.0,931.0,901.0,1251.5777777777776,1301.5777777777776
25,31,946.0,1276.5777777777776,57.05746913580246,18,0,931.0,961.0,961.0,931.0,1251.5777777777776,1301.5777777777776
25,32,976.0,1276.5777777777776,53.247210401891266,47,0,961.0,991.0,991.0,961.0,1251.5777777777776,1301.5777777777776
25,33,1006.0,1276.5777777777776,57.38777777777779,45,0,991.0,1021.0,1021.0,991.0,1251.5777777777776,1301.5777777777776
25,34,1036.0,1276.5777777777776,55.30755555555557,45,0,1021.0,1051.0,1051.0,1021.0,1251.5777777777776,1301.5777777777776
25,35,1066.0,1276.5777777777776,53.42760869565218,46,0,1051.0,1081.0,1081.0,1051.0,1251.5777777777776,1301.5777777777776
25,36,1096.0,1276.5777777777776,47.5876,50,0,1081.0,1111.0,1111.0,1081.0,1251.5777777777776,1301.5777777777776
25,37,1126.0,1276.5777777777776,42.68823412698413,56,0,1111.0,1141.0,1141.0,1111.0,1251.5777777777776,1301.5777777777776
25,38,1156.0,1276.5777777777776,42.09653439153439,54,0,1141.0,1171.0,1171.0,1141.0,1251.5777777777776,1301.5777777777776
25,39,1186.0,1276.5777777777776,33.722896341463404,82,0,1171.0,1201.0,1201.0,1171.0,1251.5777777777776,1301.5777777777776
25,40,1216.0,1276.5777777777776,41.83904761904762,42,0,1201.0,1231.0,1231.0,1201.0,1251.5777777777776,1301.5777777777776
25,41,1246.0,1276.5777777777776,41.69956790123456,54,0,1231.0,1261.0,1261.0,1231.0,1251.5777777777776,1301.5777777777776
25,42,1276.0,1276.5777777777776,40.622,45,0,1261.0,1291.0,1291.0,1261.0,1251.5777777777776,1301.5777777777776
25,43,1306.0,1276.5777777777776,29.220915492957747,71,0,1291.0,1321.0,1321.0,1291.0,1251.5777777777776,1301.5777777777776
25,44,1336.0,1276.5777777777776,25.583412698412687,84,0,1321.0,1351.0,1351.0,1321.0,1251.5777777777776,1301.5777777777776
25,45,1366.0,1276.5777777777776,27.771428571428565,70,0,1351.0,1381.0,1381.0,1351.0,1251.5777777777776,1301.5777777777776
25,46,1396.0,1276.5777777777776,31.240365296803645,73,0,1381.0,1411.0,1411.0,1381.0,1251.5777777777776,1301.5777777777776
25,47,1426.0,1276.5777777777776,35.827783018867926,53,0,1411.0,1441.0,1441.0,1411.0,1251.5777777777776,1301.5777777777776
25,48,1456.0,1276.5777777777776,37.48054794520547,73,0,1441.0,1471.0,1471.0,1441.0,1251.5777777777776,1301.5777777777776
25,49,1486.0,1276.5777777777776,33.63852320675105,79,0,1471.0,1501.0,1501.0,1471.0,1251.5777777777776,1301.5777777777776
25,50,1516.0,1276.5777777777776,27.564395604395596,91,0,1501.0,1531.0,1531.0,1501.0,1251.5777777777776,1301.5777777777776
25,51,1546.0,1276.5777777777776,23.943536585365848,82,0,1531.0,1561.0,1561.0,1531.0,1251.5777777777776,1301.5777777777776
25,52,1576.0,1276.5777777777776,26.7001388888889,72,0,1561.0,1591.0,1591.0,1561.0,1251.5777777777776,1301.5777777777776
25,53,1606.0,1276.5777777777776,20.028899999999997,100,0,1591.0,1621.0,1621.0,1591.0,1251.5777777777776,1301.5777777777776
25,54,1636.0,1276.5777777777776,21.387984496124037,86,0,1621.0,1651.0,1651.0,1621.0,1251.5777777777776,1301.5777777777776
25,55,1666.0,1276.5777777777776,28.140779220779212,77,0,1651.0,1681.0,1681.0,1651.0,1251.5777777777776,1301.5777777777776
25,56,1696.0,1276.5777777777776,34.29396825396826,63,0,1681.0,1711.0,1711.0,1681.0,1251.5777777777776,1301.5777777777776
25,57,1726.0,1276.5777777777776,33.81145628621819,63,0,1711.0,1741.0,1741.0,1711.0,1251.5777777777776,1301.5777777777776
25,58,1756.0,1276.5777777777776,30.929122807017535,95,0,1741.0,1771.0,1771.0,1741.0,1251.5777777777776,1301.5777777777776
25,59,1786.0,1276.5777777777776,18.240137566137562,105,0,1771.0,1801.0,1801.0,1771.0,1251.5777777777776,1301.5777777777776
25,60,1816.0,1276.5777777777776,23.92898039215687,85,0,1801.0,1831.0,1831.0,1801.0,1251.5777777777776,1301.5777777777776
25,61,1846.0,1276.5777777777776,30.395217391304353,92,0,1831.0,1861.0,1861.0,1831.0,1251.5777777777776,1301.5777777777776
25,62,1876.0,1276.5777777777776,36.37122448979592,49,0,1861.0,1891.0,1891.0,1861.0,1251.5777777777776,1301.5777777777776
25,63,1906.0,1276.5777777777776,32.67322580645161,62,0,1891.0,1921.0,1921.0,1891.0,1251.5777777777776,1301.5777777777776
25,64,1936.0,1276.5777777777776,30.683159303882217,83,0,1921.0,1951.0,1951.0,1921.0,1251.5777777777776,1301.5777777777776
25,65,1966.0,1276.5777777777776,24.23289637952558,89,0,1951.0,1981.0,1981.0,1951.0,1251.5777777777776,1301.5777777777776
25,66,1996.0,1276.5777777777776,29.769897528631713,79,0,1981.0,2011.0,2011.0,1981.0,1251.5777777777776,1301.5777777777776
25,67,2026.0,1276.5777777777776,33.44975308641975,54,0,2011.0,2041.0,2041.0,2011.0,1251.5777777777776,1301.5777777777776
25,68,2056.0,1276.5777777777776,35.45165254237288,59,0,2041.0,2071.0,2071.0,2041.0,1251.5777777777776,1301.5777777777776
25,69,2086.0,1276.5777777777776,38.5775,56,0,2071.0,2101.0,2101.0,2071.0,1251.5777777777776,1301.5777777777776
25,70,2116.0,1276.5777777777776,30.41511538461538,65,0,2101.0,2131.0,2131.0,2101.0,1251.5777777777776,1301.5777777777776
25,71,2146.0,1276.5777777777776,30.034226190476183,56,0,2131.0,2161.0,2161.0,2131.0,1251.5777777777776,1301.5777777777776
25,72,2176.0,1276.5777777777776,34.26010370370371,75,0,2161.0,2191.0,2191.0,2161.0,1251.5777777777776,1301.5777777777776
25,73,2206.0,1276.5777777777776,39.46293103448276,58,0,2191.0,2221.0,2221.0,2191.0,1251.5777777777776,1301.5777777777776
25,74,2236.0,1276.5777777777776,40.85241054613937,59,0,2221.0,2251.0,2251.0,2221.0,1251.5777777777776,1301.5777777777776
25,75,2266.0,1276.5777777777776,39.29923076923076,52,0,2251.0,2281.0,2281.0,2251.0,1251.5777777777776,1301.5777777777776
25,76,2296.0,1276.5777777777776,36.55202898550724,69,0,2281.0,2311.0,2311.0,2281.0,1251.5777777777776,1301.5777777777776
25,77,2326.0,1276.5777777777776,33.494444444444454,63,0,2311.0,2341.0,2341.0,2311.0,1251.5777777777776,1301.5777777777776
25,78,2356.0,1276.5777777777776,39.94080645161289,62,0,2341.0,2371.0,2371.0,2341.0,1251.5777777777776,1301.5777777777776
25,79,2386.0,1276.5777777777776,40.04279999999999,50,0,2371.0,2401.0,2401.0,2371.0,1251.5777777777776,1301.5777777777776
25,80,2416.0,1276.5777777777776,38.44153439153439,54,0,2401.0,2431.0,2431.0,2401.0,1251.5777777777776,1301.5777777777776
25,81,2446.0,1276.5777777777776,42.010020964360585,53,0,2431.0,2461.0,2461.0,2431.0,1251.5777777777776,1301.5777777777776
25,82,2476.0,1276.5777777777776,30.199746376811582,92,0,2461.0,2491.0,2491.0,2461.0,1251.5777777777776,1301.5777777777776
25,83,2506.0,1276.5777777777776,31.252571428571418,70,0,2491.0,2521.0,2521.0,2491.0,1251.5777777777776,1301.5777777777776
25,84,2536.0,1276.5777777777776,35.032314814814825,60,0,2521.0,2551.0,2551.0,2521.0,1251.5777777777776,1301.5777777777776
25,85,2566.0,1276.5777777777776,33.52582207207207,74,0,2551.0,2581.0,2581.0,2551.0,1251.5777777777776,1301.5777777777776
25,86,2596.0,1276.5777777777776,31.664105090311992,87,0,2581.0,2611.0,2611.0,2581.0,1251.5777777777776,1301.5777777777776
25,87,2626.0,1276.5777777777776,24.993255465708298,106,0,2611.0,2641.0,2641.0,2611.0,1251.5777777777776,1301.5777777777776
25,88,2656.0,1276.5777777777776,13.440202702702702,148,0,2641.0,2671.0,2671.0,2641.0,1251.5777777777776,1301.5777777777776
25,89,2686.0,1276.5777777777776,19.30372727272727,110,0,2671.0,2701.0,2701.0,2671.0,1251.5777777777776,1301.5777777777776
25,90,2716.0,1276.5777777777776,26.386913580246908,81,0,2701.0,2731.0,2731.0,2701.0,1251.5777777777776,1301.5777777777776
25,91,2746.0,1276.5777777777776,32.102957746478864,71,0,2731.0,2761.0,2761.0,2731.0,1251.5777777777776,1301.5777777777776
25,92,2776.0,1276.5777777777776,33.10336617405582,87,0,2761.0,2791.0,2791.0,2761.0,1251.5777777777776,1301.5777777777776
25,93,2806.0,1276.5777777777776,29.72724331926864,79,0,2791.0,2821.0,2821.0,2791.0,1251.5777777777776,1301.5777777777776
25,94,2836.0,1276.5777777777776,26.445544554455445,101,0,2821.0,2851.0,2851.0,2821.0,1251.5777777777776,1301.5777777777776
25,95,2866.0,1276.5777777777776,26.000625,96,0,2851.0,2881.0,2881.0,2851.0,1251.5777777777776,1301.5777777777776
25,96,2896.0,1276.5777777777776,27.655434981684998,104,0,2881.0,2911.0,2911.0,2881.0,1251.5777777777776,1301.5777777777776
25,97,2926.0,1276.5777777777776,19.237403846153846,104,0,2911.0,2941.0,2941.0,2911.0,1251.5777777777776,1301.5777777777776
25,98,2956.0,1276.5777777777776,24.772911392405064,79,0,2941.0,2971.0,2971.0,2941.0,1251.5777777777776,1301.5777777777776
25,99,2986.0,1276.5777777777776,21.04059925093633,89,0,2971.0,3001.0,3001.0,2971.0,1251.5777777777776,1301.5777777777776
25,100,3016.0,1276.5777777777776,17.581833333333332,100,0,3001.0,3031.0,3031.0,3001.0,1251.5777777777776,1301.5777777777776
25,101,3046.0,1276.5777777777776,22.07436893203883,103,0,3031.0,3061.0,3061.0,3031.0,1251.5777777777776,1301.5777777777776
25,102,3076.0,1276.5777777777776,22.979955357142853,96,0,3061.0,3091.0,3091.0,3061.0,1251.5777777777776,1301.5777777777776
25,103,3106.0,1276.5777777777776,23.94329896907217,97,0,3091.0,3121.0,3121.0,3091.0,1251.5777777777776,1301.5777777777776
25,104,3136.0,1276.5777777777776,26.01423913043479,92,0,3121.0,3151.0,3151.0,3121.0,1251.5777777777776,1301.5777777777776
25,105,3166.0,1276.5777777777776,25.364074074074082,87,0,3151.0,3181.0,3181.0,3151.0,1251.5777777777776,1301.5777777777776
25,106,3196.0,1276.5777777777776,22.39256637168142,113,0,3181.0,3211.0,3211.0,3181.0,1251.5777777777776,1301.5777777777776
25,107,3226.0,1276.5777777777776,17.395285639413004,106,0,3211.0,3241.0,3241.0,3211.0,1251.5777777777776,1301.5777777777776
25,108,3256.0,1276.5777777777776,25.71317073170732,82,0,3241.0,3271.0,3271.0,3241.0,1251.5777777777776,1301.5777777777776
25,109,3286.0,1276.5777777777776,31.993502109704647,79,0,3271.0,3301.0,3301.0,3271.0,1251.5777777777776,1301.5777777777776
25,110,3316.0,1276.5777777777776,28.341819589624464,82,0,3301.0,3331.0,3331.0,3301.0,1251.5777777777776,1301.5777777777776
25,111,3346.0,1276.5777777777776,30.191573033707872,89,0,3331.0,3361.0,3361.0,3331.0,1251.5777777777776,1301.5777777777776
25,112,3376.0,1276.5777777777776,34.89040000000001,75,0,3361.0,3391.0,3391.0,3361.0,1251.5777777777776,1301.5777777777776
25,113,3406.0,1276.5777777777776,36.661249999999995,64,0,3391.0,3421.0,3421.0,3391.0,1251.5777777777776,1301.5777777777776
25,114,3436.0,1276.5777777777776,30.871461038961044,77,0,3421.0,3451.0,3451.0,3421.0,1251.5777777777776,1301.5777777777776
25,115,3466.0,1276.5777777777776,24.736036324786316,104,0,3451.0,3481.0,3481.0,3451.0,1251.5777777777776,1301.5777777777776
25,116,3496.0,1276.5777777777776,20.436903976111893,101,0,3481.0,3511.0,3511.0,3481.0,1251.5777777777776,1301.5777777777776
25,117,3526.0,1276.5777777777776,20.218920634920632,105,0,3511.0,3541.0,3541.0,3511.0,1251.5777777777776,1301.5777777777776
25,118,3556.0,1276.5777777777776,19.87846153846155,91,0,3541.0,3571.0,3571.0,3541.0,1251.5777777777776,1301.5777777777776
25,119,3586.0,1276.5777777777776,11.810328467153287,137,0,3571.0,3601.0,3601.0,3571.0,1251.5777777777776,1301.5777777777776
25,120,3616.0,1276.5777777777776,16.303720930232558,86,0,3601.0,3631.0,3631.0,3601.0,1251.5777777777776,1301.5777777777776
25,121,3646.0,1276.5777777777776,16.56440329218107,81,0,3631.0,3661.0,3661.0,3631.0,1251.5777777777776,1301.5777777777776
25,122,3676.0,1276.5777777777776,17.563461538461542,78,0,3661.0,3691.0,3691.0,3661.0,1251.5777777777776,1301.5777777777776
25,123,3706.0,1276.5777777777776,23.7730303030303,66,0,3691.0,3721.0,3721.0,3691.0,1251.5777777777776,1301.5777777777776
25,124,3736.0,1276.5777777777776,28.376363636363635,66,0,3721.0,3751.0,3751.0,3721.0,1251.5777777777776,1301.5777777777776
25,125,3766.0,1276.5777777777776,30.14016949152542,59,0,3751.0,3781.0,3781.0,3751.0,1251.5777777777776,1301.5777777777776
25,126,3796.0,1276.5777777777776,26.155454545454546,55,0,3781.0,3811.0,3811.0,3781.0,1251.5777777777776,1301.5777777777776
25,127,3826.0,1276.5777777777776,,0,0,3811.0,3841.0,3841.0,3811.0,1251.5777777777776,1301.5777777777776
25,128,3856.0,1276.5777777777776,,0,0,3841.0,3871.0,3871.0,3841.0,1251.5777777777776,1301.5777777777776
25,129,3886.0,1276.5777777777776,,0,0,3871.0,3901.0,3901.0,3871.0,1251.5777777777776,1301.5777777777776
26,0,16.0,1326.5777777777776,51.483454545454556,55,0,1.0,31.0,31.0,1.0,1301.5777777777776,1351.5777777777776
26,1,46.0,1326.5777777777776,55.75885964912279,38,0,31.0,61.0,61.0,31.0,1301.5777777777776,1351.5777777777776
26,2,76.0,1326.5777777777776,60.4685294117647,34,0,61.0,91.0,91.0,61.0,1301.5777777777776,1351.5777777777776
26,3,106.0,1326.5777777777776,59.718965517241365,29,0,91.0,121.0,121.0,91.0,1301.5777777777776,1351.5777777777776
26,4,136.0,1326.5777777777776,60.65500000000002,28,0,121.0,151.0,151.0,121.0,1301.5777777777776,1351.5777777777776
26,5,166.0,1326.5777777777776,63.95956521739131,23,0,151.0,181.0,181.0,151.0,1301.5777777777776,1351.5777777777776
26,6,196.0,1326.5777777777776,53.25690476190475,42,0,181.0,211.0,211.0,181.0,1301.5777777777776,1351.5777777777776
26,7,226.0,1326.5777777777776,55.1116326530612,49,0,211.0,241.0,241.0,211.0,1301.5777777777776,1351.5777777777776
26,8,256.0,1326.5777777777776,59.01340909090909,44,0,241.0,271.0,271.0,241.0,1301.5777777777776,1351.5777777777776
26,9,286.0,1326.5777777777776,62.65500000000001,26,0,271.0,301.0,301.0,271.0,1301.5777777777776,1351.5777777777776
26,10,316.0,1326.5777777777776,67.521,30,0,301.0,331.0,331.0,301.0,1301.5777777777776,1351.5777777777776
26,11,346.0,1326.5777777777776,74.45636363636365,11,0,331.0,361.0,361.0,331.0,1301.5777777777776,1351.5777777777776
26,12,376.0,1326.5777777777776,62.432916666666664,24,0,361.0,391.0,391.0,361.0,1301.5777777777776,1351.5777777777776
26,13,406.0,1326.5777777777776,64.70588235294117,34,0,391.0,421.0,421.0,391.0,1301.5777777777776,1351.5777777777776
26,14,436.0,1326.5777777777776,72.18749999999999,24,0,421.0,451.0,451.0,421.0,1301.5777777777776,1351.5777777777776
26,15,466.0,1326.5777777777776,59.23081081081082,37,0,451.0,481.0,481.0,451.0,1301.5777777777776,1351.5777777777776
26,16,496.0,1326.5777777777776,58.628285714285724,35,0,481.0,511.0,511.0,481.0,1301.5777777777776,1351.5777777777776
26,17,526.0,1326.5777777777776,51.53763636363636,55,0,511.0,541.0,541.0,511.0,1301.5777777777776,1351.5777777777776
26,18,556.0,1326.5777777777776,47.59796296296298,54,0,541.0,571.0,571.0,541.0,1301.5777777777776,1351.5777777777776
26,19,586.0,1326.5777777777776,45.65206896551724,58,0,571.0,601.0,601.0,571.0,1301.5777777777776,1351.5777777777776
26,20,616.0,1326.5777777777776,51.91249999999998,44,0,601.0,631.0,631.0,601.0,1301.5777777777776,1351.5777777777776
26,21,646.0,1326.5777777777776,41.848196721311474,61,0,631.0,661.0,661.0,631.0,1301.5777777777776,1351.5777777777776
26,22,676.0,1326.5777777777776,51.62944444444443,36,0,661.0,691.0,691.0,661.0,1301.5777777777776,1351.5777777777776
26,23,706.0,1326.5777777777776,60.868,35,0,691.0,721.0,721.0,691.0,1301.5777777777776,1351.5777777777776
26,24,736.0,1326.5777777777776,54.66529411764706,34,0,721.0,751.0,751.0,721.0,1301.5777777777776,1351.5777777777776
26,25,766.0,1326.5777777777776,58.915555555555564,45,0,751.0,781.0,781.0,751.0,1301.5777777777776,1351.5777777777776
26,26,796.0,1326.5777777777776,59.787567567567564,37,0,781.0,811.0,811.0,781.0,1301.5777777777776,1351.5777777777776
26,27,826.0,1326.5777777777776,60.92312499999999,32,0,811.0,841.0,841.0,811.0,1301.5777777777776,1351.5777777777776
26,28,856.0,1326.5777777777776,51.896600000000014,50,0,841.0,871.0,871.0,841.0,1301.5777777777776,1351.5777777777776
26,29,886.0,1326.5777777777776,56.42727272727273,44,0,871.0,901.0,901.0,871.0,1301.5777777777776,1351.5777777777776
26,30,916.0,1326.5777777777776,58.26035714285714,28,0,901.0,931.0,931.0,901.0,1301.5777777777776,1351.5777777777776
26,31,946.0,1326.5777777777776,59.15066666666667,15,0,931.0,961.0,961.0,931.0,1301.5777777777776,1351.5777777777776
26,32,976.0,1326.5777777777776,55.88904761904763,42,0,961.0,991.0,991.0,961.0,1301.5777777777776,1351.5777777777776
26,33,1006.0,1326.5777777777776,58.44358974358975,39,0,991.0,1021.0,1021.0,991.0,1301.5777777777776,1351.5777777777776
26,34,1036.0,1326.5777777777776,56.700705128205136,52,0,1021.0,1051.0,1051.0,1021.0,1301.5777777777776,1351.5777777777776
26,35,1066.0,1326.5777777777776,55.276046511627904,43,0,1051.0,1081.0,1081.0,1051.0,1301.5777777777776,1351.5777777777776
26,36,1096.0,1326.5777777777776,53.57531914893617,47,0,1081.0,1111.0,1111.0,1081.0,1301.5777777777776,1351.5777777777776
26,37,1126.0,1326.5777777777776,43.36946428571431,56,0,1111.0,1141.0,1141.0,1111.0,1301.5777777777776,1351.5777777777776
26,38,1156.0,1326.5777777777776,42.80300000000001,60,0,1141.0,1171.0,1171.0,1141.0,1301.5777777777776,1351.5777777777776
26,39,1186.0,1326.5777777777776,36.93875,72,0,1171.0,1201.0,1201.0,1171.0,1301.5777777777776,1351.5777777777776
26,40,1216.0,1326.5777777777776,40.25963636363636,55,0,1201.0,1231.0,1231.0,1201.0,1301.5777777777776,1351.5777777777776
26,41,1246.0,1326.5777777777776,37.15833333333333,54,0,1231.0,1261.0,1261.0,1231.0,1301.5777777777776,1351.5777777777776
26,42,1276.0,1326.5777777777776,31.245769230769213,78,0,1261.0,1291.0,1291.0,1261.0,1301.5777777777776,1351.5777777777776
26,43,1306.0,1326.5777777777776,34.69087719298246,57,0,1291.0,1321.0,1321.0,1291.0,1301.5777777777776,1351.5777777777776
26,44,1336.0,1326.5777777777776,31.58585714285714,70,0,1321.0,1351.0,1351.0,1321.0,1301.5777777777776,1351.5777777777776
26,45,1366.0,1326.5777777777776,34.36770491803279,61,0,1351.0,1381.0,1381.0,1351.0,1301.5777777777776,1351.5777777777776
26,46,1396.0,1326.5777777777776,36.94206349206349,63,0,1381.0,1411.0,1411.0,1381.0,1301.5777777777776,1351.5777777777776
26,47,1426.0,1326.5777777777776,37.624,55,0,1411.0,1441.0,1441.0,1411.0,1301.5777777777776,1351.5777777777776
26,48,1456.0,1326.5777777777776,40.94887096774195,62,0,1441.0,1471.0,1471.0,1441.0,1301.5777777777776,1351.5777777777776
26,49,1486.0,1326.5777777777776,39.5919178082192,73,0,1471.0,1501.0,1501.0,1471.0,1301.5777777777776,1351.5777777777776
26,50,1516.0,1326.5777777777776,31.35116883116882,77,0,1501.0,1531.0,1531.0,1501.0,1301.5777777777776,1351.5777777777776
26,51,1546.0,1326.5777777777776,30.3569135802469,81,0,1531.0,1561.0,1561.0,1531.0,1301.5777777777776,1351.5777777777776
26,52,1576.0,1326.5777777777776,31.9551515151515,66,0,1561.0,1591.0,1591.0,1561.0,1301.5777777777776,1351.5777777777776
26,53,1606.0,1326.5777777777776,24.677124999999997,80,0,1591.0,1621.0,1621.0,1591.0,1301.5777777777776,1351.5777777777776
26,54,1636.0,1326.5777777777776,24.943924050632912,79,0,1621.0,1651.0,1651.0,1621.0,1301.5777777777776,1351.5777777777776
26,55,1666.0,1326.5777777777776,31.45810126582278,79,0,1651.0,1681.0,1681.0,1651.0,1301.5777777777776,1351.5777777777776
26,56,1696.0,1326.5777777777776,33.273125,64,0,1681.0,1711.0,1711.0,1681.0,1301.5777777777776,1351.5777777777776
26,57,1726.0,1326.5777777777776,34.15264705882353,68,0,1711.0,1741.0,1741.0,1711.0,1301.5777777777776,1351.5777777777776
26,58,1756.0,1326.5777777777776,30.085698924731187,93,0,1741.0,1771.0,1771.0,1741.0,1301.5777777777776,1351.5777777777776
26,59,1786.0,1326.5777777777776,20.535701754385958,114,0,1771.0,1801.0,1801.0,1771.0,1301.5777777777776,1351.5777777777776
26,60,1816.0,1326.5777777777776,29.37884615384615,78,0,1801.0,1831.0,1831.0,1801.0,1301.5777777777776,1351.5777777777776
26,61,1846.0,1326.5777777777776,30.827934782608672,92,0,1831.0,1861.0,1861.0,1831.0,1301.5777777777776,1351.5777777777776
26,62,1876.0,1326.5777777777776,39.289433962264134,53,0,1861.0,1891.0,1891.0,1861.0,1301.5777777777776,1351.5777777777776
26,63,1906.0,1326.5777777777776,38.99300000000001,50,0,1891.0,1921.0,1921.0,1891.0,1301.5777777777776,1351.5777777777776
26,64,1936.0,1326.5777777777776,36.45508474576272,59,0,1921.0,1951.0,1951.0,1921.0,1301.5777777777776,1351.5777777777776
26,65,1966.0,1326.5777777777776,34.016805555555564,72,0,1951.0,1981.0,1981.0,1951.0,1301.5777777777776,1351.5777777777776
26,66,1996.0,1326.5777777777776,37.84444444444444,54,0,1981.0,2011.0,2011.0,1981.0,1301.5777777777776,1351.5777777777776
26,67,2026.0,1326.5777777777776,38.45423076923078,52,0,2011.0,2041.0,2041.0,2011.0,1301.5777777777776,1351.5777777777776
26,68,2056.0,1326.5777777777776,38.32909090909091,55,0,2041.0,2071.0,2071.0,2041.0,1301.5777777777776,1351.5777777777776
26,69,2086.0,1326.5777777777776,41.16249999999999,56,0,2071.0,2101.0,2101.0,2071.0,1301.5777777777776,1351.5777777777776
26,70,2116.0,1326.5777777777776,35.32392156862745,51,0,2101.0,2131.0,2131.0,2101.0,1301.5777777777776,1351.5777777777776
26,71,2146.0,1326.5777777777776,33.59265306122448,49,0,2131.0,2161.0,2161.0,2131.0,1301.5777777777776,1351.5777777777776
26,72,2176.0,1326.5777777777776,36.76684210526315,76,0,2161.0,2191.0,2191.0,2161.0,1301.5777777777776,1351.5777777777776
26,73,2206.0,1326.5777777777776,44.82959183673471,49,0,2191.0,2221.0,2221.0,2191.0,1301.5777777777776,1351.5777777777776
26,74,2236.0,1326.5777777777776,43.67965517241379,58,0,2221.0,2251.0,2251.0,2221.0,1301.5777777777776,1351.5777777777776
26,75,2266.0,1326.5777777777776,43.49170731707316,41,0,2251.0,2281.0,2281.0,2251.0,1301.5777777777776,1351.5777777777776
26,76,2296.0,1326.5777777777776,38.69847457627118,59,0,2281.0,2311.0,2311.0,2281.0,1301.5777777777776,1351.5777777777776
26,77,2326.0,1326.5777777777776,36.21365079365079,63,0,2311.0,2341.0,2341.0,2311.0,1301.5777777777776,1351.5777777777776
26,78,2356.0,1326.5777777777776,36.30944444444444,72,0,2341.0,2371.0,2371.0,2341.0,1301.5777777777776,1351.5777777777776
26,79,2386.0,1326.5777777777776,37.658400000000015,50,0,2371.0,2401.0,2401.0,2371.0,1301.5777777777776,1351.5777777777776
26,80,2416.0,1326.5777777777776,39.51696428571429,56,0,2401.0,2431.0,2431.0,2401.0,1301.5777777777776,1351.5777777777776
26,81,2446.0,1326.5777777777776,46.21195652173913,46,0,2431.0,2461.0,2461.0,2431.0,1301.5777777777776,1351.5777777777776
26,82,2476.0,1326.5777777777776,35.70749999999999,68,0,2461.0,2491.0,2491.0,2461.0,1301.5777777777776,1351.5777777777776
26,83,2506.0,1326.5777777777776,33.549180327868854,61,0,2491.0,2521.0,2521.0,2491.0,1301.5777777777776,1351.5777777777776
26,84,2536.0,1326.5777777777776,37.31983870967741,62,0,2521.0,2551.0,2551.0,2521.0,1301.5777777777776,1351.5777777777776
26,85,2566.0,1326.5777777777776,40.25218750000002,64,0,2551.0,2581.0,2581.0,2551.0,1301.5777777777776,1351.5777777777776
26,86,2596.0,1326.5777777777776,36.02084507042253,71,0,2581.0,2611.0,2611.0,2581.0,1301.5777777777776,1351.5777777777776
26,87,2626.0,1326.5777777777776,29.33388349514564,103,0,2611.0,2641.0,2641.0,2611.0,1301.5777777777776,1351.5777777777776
26,88,2656.0,1326.5777777777776,16.700205479452062,146,0,2641.0,2671.0,2671.0,2641.0,1301.5777777777776,1351.5777777777776
26,89,2686.0,1326.5777777777776,27.611486486486477,74,0,2671.0,2701.0,2701.0,2671.0,1301.5777777777776,1351.5777777777776
26,90,2716.0,1326.5777777777776,34.4688717948718,65,0,2701.0,2731.0,2731.0,2701.0,1301.5777777777776,1351.5777777777776
26,91,2746.0,1326.5777777777776,39.6038,50,0,2731.0,2761.0,2761.0,2731.0,1301.5777777777776,1351.5777777777776
26,92,2776.0,1326.5777777777776,38.814189189189186,74,0,2761.0,2791.0,2791.0,2761.0,1301.5777777777776,1351.5777777777776
26,93,2806.0,1326.5777777777776,36.68106060606061,66,0,2791.0,2821.0,2821.0,2791.0,1301.5777777777776,1351.5777777777776
26,94,2836.0,1326.5777777777776,36.03569230769231,65,0,2821.0,2851.0,2851.0,2821.0,1301.5777777777776,1351.5777777777776
26,95,2866.0,1326.5777777777776,33.733246753246746,77,0,2851.0,2881.0,2881.0,2851.0,1301.5777777777776,1351.5777777777776
26,96,2896.0,1326.5777777777776,33.47906666666668,75,0,2881.0,2911.0,2911.0,2881.0,1301.5777777777776,1351.5777777777776
26,97,2926.0,1326.5777777777776,24.622747252747253,91,0,2911.0,2941.0,2941.0,2911.0,1301.5777777777776,1351.5777777777776
26,98,2956.0,1326.5777777777776,28.781499999999994,80,0,2941.0,2971.0,2971.0,2941.0,1301.5777777777776,1351.5777777777776
26,99,2986.0,1326.5777777777776,22.813797468354434,79,0,2971.0,3001.0,3001.0,2971.0,1301.5777777777776,1351.5777777777776
26,100,3016.0,1326.5777777777776,21.695696202531643,79,0,3001.0,3031.0,3031.0,3001.0,1301.5777777777776,1351.5777777777776
26,101,3046.0,1326.5777777777776,27.45758620689656,87,0,3031.0,3061.0,3061.0,3031.0,1301.5777777777776,1351.5777777777776
26,102,3076.0,1326.5777777777776,28.51231884057972,69,0,3061.0,3091.0,3091.0,3061.0,1301.5777777777776,1351.5777777777776
26,103,3106.0,1326.5777777777776,30.06545454545454,77,0,3091.0,3121.0,3121.0,3091.0,1301.5777777777776,1351.5777777777776
26,104,3136.0,1326.5777777777776,35.96693548387096,62,0,3121.0,3151.0,3151.0,3121.0,1301.5777777777776,1351.5777777777776
26,105,3166.0,1326.5777777777776,31.052575757575756,66,0,3151.0,3181.0,3181.0,3151.0,1301.5777777777776,1351.5777777777776
26,106,3196.0,1326.5777777777776,24.82815533980583,103,0,3181.0,3211.0,3211.0,3181.0,1301.5777777777776,1351.5777777777776
26,107,3226.0,1326.5777777777776,25.21068965517241,87,0,3211.0,3241.0,3241.0,3211.0,1301.5777777777776,1351.5777777777776
26,108,3256.0,1326.5777777777776,30.426891891891888,74,0,3241.0,3271.0,3271.0,3241.0,1301.5777777777776,1351.5777777777776
26,109,3286.0,1326.5777777777776,39.95607142857142,56,0,3271.0,3301.0,3301.0,3271.0,1301.5777777777776,1351.5777777777776
26,110,3316.0,1326.5777777777776,36.234500000000004,60,0,3301.0,3331.0,3331.0,3301.0,1301.5777777777776,1351.5777777777776
26,111,3346.0,1326.5777777777776,32.58028169014084,71,0,3331.0,3361.0,3361.0,3331.0,1301.5777777777776,1351.5777777777776
26,112,3376.0,1326.5777777777776,35.93712328767125,73,0,3361.0,3391.0,3391.0,3361.0,1301.5777777777776,1351.5777777777776
26,113,3406.0,1326.5777777777776,37.12875000000002,64,0,3391.0,3421.0,3421.0,3391.0,1301.5777777777776,1351.5777777777776
26,114,3436.0,1326.5777777777776,35.32968749999999,64,0,3421.0,3451.0,3451.0,3421.0,1301.5777777777776,1351.5777777777776
26,115,3466.0,1326.5777777777776,28.917204301075262,93,0,3451.0,3481.0,3481.0,3451.0,1301.5777777777776,1351.5777777777776
26,116,3496.0,1326.5777777777776,27.403478260869573,69,0,3481.0,3511.0,3511.0,3481.0,1301.5777777777776,1351.5777777777776
26,117,3526.0,1326.5777777777776,27.014125,80,0,3511.0,3541.0,3541.0,3511.0,1301.5777777777776,1351.5777777777776
26,118,3556.0,1326.5777777777776,20.035913043478253,115,0,3541.0,3571.0,3571.0,3541.0,1301.5777777777776,1351.5777777777776
26,119,3586.0,1326.5777777777776,18.46892857142858,84,0,3571.0,3601.0,3601.0,3571.0,1301.5777777777776,1351.5777777777776
26,120,3616.0,1326.5777777777776,23.536849315068498,73,0,3601.0,3631.0,3631.0,3601.0,1301.5777777777776,1351.5777777777776
26,121,3646.0,1326.5777777777776,23.62298507462687,67,0,3631.0,3661.0,3661.0,3631.0,1301.5777777777776,1351.5777777777776
26,122,3676.0,1326.5777777777776,25.70767857142857,56,0,3661.0,3691.0,3691.0,3661.0,1301.5777777777776,1351.5777777777776
26,123,3706.0,1326.5777777777776,32.16777777777777,54,0,3691.0,3721.0,3721.0,3691.0,1301.5777777777776,1351.5777777777776
26,124,3736.0,1326.5777777777776,33.63688524590163,61,0,3721.0,3751.0,3751.0,3721.0,1301.5777777777776,1351.5777777777776
26,125,3766.0,1326.5777777777776,34.61839285714285,56,0,3751.0,3781.0,3781.0,3751.0,1301.5777777777776,1351.5777777777776
26,126,3796.0,1326.5777777777776,30.255813953488367,43,0,3781.0,3811.0,3811.0,3781.0,1301.5777777777776,1351.5777777777776
26,127,3826.0,1326.5777777777776,30.42,6,0,3811.0,3841.0,3841.0,3811.0,1301.5777777777776,1351.5777777777776
26,128,3856.0,1326.5777777777776,,0,0,3841.0,3871.0,3871.0,3841.0,1301.5777777777776,1351.5777777777776
26,129,3886.0,1326.5777777777776,,0,0,3871.0,3901.0,3901.0,3871.0,1301.5777777777776,1351.5777777777776
27,0,16.0,1376.5777777777776,50.47195121951219,41,0,1.0,31.0,31.0,1.0,1351.5777777777776,1401.5777777777776
27,1,46.0,1376.5777777777776,52.29739130434783,46,0,31.0,61.0,61.0,31.0,1351.5777777777776,1401.5777777777776
27,2,76.0,1376.5777777777776,59.86257142857143,35,0,61.0,91.0,91.0,61.0,1351.5777777777776,1401.5777777777776
27,3,106.0,1376.5777777777776,58.507096774193556,31,0,91.0,121.0,121.0,91.0,1351.5777777777776,1401.5777777777776
27,4,136.0,1376.5777777777776,60.43625000000001,32,0,121.0,151.0,151.0,121.0,1351.5777777777776,1401.5777777777776
27,5,166.0,1376.5777777777776,62.62416666666667,24,0,151.0,181.0,181.0,151.0,1351.5777777777776,1401.5777777777776
27,6,196.0,1376.5777777777776,54.12176470588235,34,0,181.0,211.0,211.0,181.0,1351.5777777777776,1401.5777777777776
27,7,226.0,1376.5777777777776,52.75425531914894,47,0,211.0,241.0,241.0,211.0,1351.5777777777776,1401.5777777777776
27,8,256.0,1376.5777777777776,57.92634146341464,41,0,241.0,271.0,271.0,241.0,1351.5777777777776,1401.5777777777776
27,9,286.0,1376.5777777777776,59.761785714285715,28,0,271.0,301.0,301.0,271.0,1351.5777777777776,1401.5777777777776
27,10,316.0,1376.5777777777776,65.8796875,32,0,301.0,331.0,331.0,301.0,1351.5777777777776,1401.5777777777776
27,11,346.0,1376.5777777777776,73.65266666666666,15,0,331.0,361.0,361.0,331.0,1351.5777777777776,1401.5777777777776
27,12,376.0,1376.5777777777776,64.58999999999999,22,0,361.0,391.0,391.0,361.0,1351.5777777777776,1401.5777777777776
27,13,406.0,1376.5777777777776,62.61000000000001,34,0,391.0,421.0,421.0,391.0,1351.5777777777776,1401.5777777777776
27,14,436.0,1376.5777777777776,72.0490909090909,22,0,421.0,451.0,451.0,421.0,1351.5777777777776,1401.5777777777776
27,15,466.0,1376.5777777777776,58.924102564102576,39,0,451.0,481.0,481.0,451.0,1351.5777777777776,1401.5777777777776
27,16,496.0,1376.5777777777776,56.950270270270266,37,0,481.0,511.0,511.0,481.0,1351.5777777777776,1401.5777777777776
27,17,526.0,1376.5777777777776,51.013061224489796,49,0,511.0,541.0,541.0,511.0,1351.5777777777776,1401.5777777777776
27,18,556.0,1376.5777777777776,47.6165,60,0,541.0,571.0,571.0,541.0,1351.5777777777776,1401.5777777777776
27,19,586.0,1376.5777777777776,42.58127272727273,55,0,571.0,601.0,601.0,571.0,1351.5777777777776,1401.5777777777776
27,20,616.0,1376.5777777777776,48.29979166666667,48,0,601.0,631.0,631.0,601.0,1351.5777777777776,1401.5777777777776
27,21,646.0,1376.5777777777776,44.30678571428571,56,0,631.0,661.0,661.0,631.0,1351.5777777777776,1401.5777777777776
27,22,676.0,1376.5777777777776,42.84148936170214,47,0,661.0,691.0,691.0,661.0,1351.5777777777776,1401.5777777777776
27,23,706.0,1376.5777777777776,61.356111111111105,36,0,691.0,721.0,721.0,691.0,1351.5777777777776,1401.5777777777776
27,24,736.0,1376.5777777777776,55.34774193548386,31,0,721.0,751.0,751.0,721.0,1351.5777777777776,1401.5777777777776
27,25,766.0,1376.5777777777776,56.90436363636361,55,0,751.0,781.0,781.0,751.0,1351.5777777777776,1401.5777777777776
27,26,796.0,1376.5777777777776,58.19411764705883,34,0,781.0,811.0,811.0,781.0,1351.5777777777776,1401.5777777777776
27,27,826.0,1376.5777777777776,58.8525641025641,39,0,811.0,841.0,841.0,811.0,1351.5777777777776,1401.5777777777776
27,28,856.0,1376.5777777777776,53.18446808510638,47,0,841.0,871.0,871.0,841.0,1351.5777777777776,1401.5777777777776
27,29,886.0,1376.5777777777776,52.264807692307684,52,0,871.0,901.0,901.0,871.0,1351.5777777777776,1401.5777777777776
27,30,916.0,1376.5777777777776,57.6140625,32,0,901.0,931.0,931.0,901.0,1351.5777777777776,1401.5777777777776
27,31,946.0,1376.5777777777776,57.78999999999999,15,0,931.0,961.0,961.0,931.0,1351.5777777777776,1401.5777777777776
27,32,976.0,1376.5777777777776,55.71631578947369,38,0,961.0,991.0,991.0,961.0,1351.5777777777776,1401.5777777777776
27,33,1006.0,1376.5777777777776,55.53384615384615,39,0,991.0,1021.0,1021.0,991.0,1351.5777777777776,1401.5777777777776
27,34,1036.0,1376.5777777777776,52.67981481481482,54,0,1021.0,1051.0,1051.0,1021.0,1351.5777777777776,1401.5777777777776
27,35,1066.0,1376.5777777777776,55.08959999999999,50,0,1051.0,1081.0,1081.0,1051.0,1351.5777777777776,1401.5777777777776
27,36,1096.0,1376.5777777777776,53.7255,40,0,1081.0,1111.0,1111.0,1081.0,1351.5777777777776,1401.5777777777776
27,37,1126.0,1376.5777777777776,45.12315789473684,57,0,1111.0,1141.0,1141.0,1111.0,1351.5777777777776,1401.5777777777776
27,38,1156.0,1376.5777777777776,40.646,65,0,1141.0,1171.0,1171.0,1141.0,1351.5777777777776,1401.5777777777776
27,39,1186.0,1376.5777777777776,40.46785714285714,56,0,1171.0,1201.0,1201.0,1171.0,1351.5777777777776,1401.5777777777776
27,40,1216.0,1376.5777777777776,33.26157894736841,76,0,1201.0,1231.0,1231.0,1201.0,1351.5777777777776,1401.5777777777776
27,41,1246.0,1376.5777777777776,29.95694915254238,59,0,1231.0,1261.0,1261.0,1231.0,1351.5777777777776,1401.5777777777776
27,42,1276.0,1376.5777777777776,23.269529411764704,85,0,1261.0,1291.0,1291.0,1261.0,1351.5777777777776,1401.5777777777776
27,43,1306.0,1376.5777777777776,32.3462,50,0,1291.0,1321.0,1321.0,1291.0,1351.5777777777776,1401.5777777777776
27,44,1336.0,1376.5777777777776,32.05225806451613,62,0,1321.0,1351.0,1351.0,1321.0,1351.5777777777776,1401.5777777777776
27,45,1366.0,1376.5777777777776,35.04577464788732,71,0,1351.0,1381.0,1381.0,1351.0,1351.5777777777776,1401.5777777777776
27,46,1396.0,1376.5777777777776,37.287741935483865,62,0,1381.0,1411.0,1411.0,1381.0,1351.5777777777776,1401.5777777777776
27,47,1426.0,1376.5777777777776,35.94777777777778,54,0,1411.0,1441.0,1441.0,1411.0,1351.5777777777776,1401.5777777777776
27,48,1456.0,1376.5777777777776,38.783125,64,0,1441.0,1471.0,1471.0,1441.0,1351.5777777777776,1401.5777777777776
27,49,1486.0,1376.5777777777776,40.44971014492753,69,0,1471.0,1501.0,1501.0,1471.0,1351.5777777777776,1401.5777777777776
27,50,1516.0,1376.5777777777776,31.74055555555557,72,0,1501.0,1531.0,1531.0,1501.0,1351.5777777777776,1401.5777777777776
27,51,1546.0,1376.5777777777776,32.89094594594595,74,0,1531.0,1561.0,1561.0,1531.0,1351.5777777777776,1401.5777777777776
27,52,1576.0,1376.5777777777776,24.583414634146344,82,0,1561.0,1591.0,1591.0,1561.0,1351.5777777777776,1401.5777777777776
27,53,1606.0,1376.5777777777776,22.898714285714284,70,0,1591.0,1621.0,1621.0,1591.0,1351.5777777777776,1401.5777777777776
27,54,1636.0,1376.5777777777776,27.07904109589041,73,0,1621.0,1651.0,1651.0,1621.0,1351.5777777777776,1401.5777777777776
27,55,1666.0,1376.5777777777776,28.381265822784805,79,0,1651.0,1681.0,1681.0,1651.0,1351.5777777777776,1401.5777777777776
27,56,1696.0,1376.5777777777776,25.6926582278481,79,0,1681.0,1711.0,1711.0,1681.0,1351.5777777777776,1401.5777777777776
27,57,1726.0,1376.5777777777776,30.34591549295775,71,0,1711.0,1741.0,1741.0,1711.0,1351.5777777777776,1401.5777777777776
27,58,1756.0,1376.5777777777776,28.44155844155845,77,0,1741.0,1771.0,1771.0,1741.0,1351.5777777777776,1401.5777777777776
27,59,1786.0,1376.5777777777776,26.178311688311695,77,0,1771.0,1801.0,1801.0,1771.0,1351.5777777777776,1401.5777777777776
27,60,1816.0,1376.5777777777776,32.51107692307692,65,0,1801.0,1831.0,1831.0,1801.0,1351.5777777777776,1401.5777777777776
27,61,1846.0,1376.5777777777776,31.032972972972985,74,0,1831.0,1861.0,1861.0,1831.0,1351.5777777777776,1401.5777777777776
27,62,1876.0,1376.5777777777776,36.29050847457628,59,0,1861.0,1891.0,1891.0,1861.0,1351.5777777777776,1401.5777777777776
27,63,1906.0,1376.5777777777776,42.321521739130425,46,0,1891.0,1921.0,1921.0,1891.0,1351.5777777777776,1401.5777777777776
27,64,1936.0,1376.5777777777776,38.70482142857144,56,0,1921.0,1951.0,1951.0,1921.0,1351.5777777777776,1401.5777777777776
27,65,1966.0,1376.5777777777776,35.58857142857143,77,0,1951.0,1981.0,1981.0,1951.0,1351.5777777777776,1401.5777777777776
27,66,1996.0,1376.5777777777776,40.256774193548395,62,0,1981.0,2011.0,2011.0,1981.0,1351.5777777777776,1401.5777777777776
27,67,2026.0,1376.5777777777776,40.594444444444456,63,0,2011.0,2041.0,2041.0,2011.0,1351.5777777777776,1401.5777777777776
27,68,2056.0,1376.5777777777776,39.64735849056605,53,0,2041.0,2071.0,2071.0,2041.0,1351.5777777777776,1401.5777777777776
27,69,2086.0,1376.5777777777776,38.782741935483884,62,0,2071.0,2101.0,2101.0,2071.0,1351.5777777777776,1401.5777777777776
27,70,2116.0,1376.5777777777776,35.03602941176471,68,0,2101.0,2131.0,2131.0,2101.0,1351.5777777777776,1401.5777777777776
27,71,2146.0,1376.5777777777776,33.73423728813559,59,0,2131.0,2161.0,2161.0,2131.0,1351.5777777777776,1401.5777777777776
27,72,2176.0,1376.5777777777776,37.70521739130434,69,0,2161.0,2191.0,2191.0,2161.0,1351.5777777777776,1401.5777777777776
27,73,2206.0,1376.5777777777776,44.14290322580644,62,0,2191.0,2221.0,2221.0,2191.0,1351.5777777777776,1401.5777777777776
27,74,2236.0,1376.5777777777776,42.49415384615385,65,0,2221.0,2251.0,2251.0,2221.0,1351.5777777777776,1401.5777777777776
27,75,2266.0,1376.5777777777776,44.023199999999996,50,0,2251.0,2281.0,2281.0,2251.0,1351.5777777777776,1401.5777777777776
27,76,2296.0,1376.5777777777776,42.00444444444443,63,0,2281.0,2311.0,2311.0,2281.0,1351.5777777777776,1401.5777777777776
27,77,2326.0,1376.5777777777776,32.84119999999999,75,0,2311.0,2341.0,2341.0,2311.0,1351.5777777777776,1401.5777777777776
27,78,2356.0,1376.5777777777776,30.770246913580262,81,0,2341.0,2371.0,2371.0,2341.0,1351.5777777777776,1401.5777777777776
27,79,2386.0,1376.5777777777776,32.87063492063493,63,0,2371.0,2401.0,2401.0,2371.0,1351.5777777777776,1401.5777777777776
27,80,2416.0,1376.5777777777776,36.62590909090907,66,0,2401.0,2431.0,2431.0,2401.0,1351.5777777777776,1401.5777777777776
27,81,2446.0,1376.5777777777776,45.69433962264152,53,0,2431.0,2461.0,2461.0,2431.0,1351.5777777777776,1401.5777777777776
27,82,2476.0,1376.5777777777776,38.02602739726028,73,0,2461.0,2491.0,2491.0,2461.0,1351.5777777777776,1401.5777777777776
27,83,2506.0,1376.5777777777776,35.99074626865672,67,0,2491.0,2521.0,2521.0,2491.0,1351.5777777777776,1401.5777777777776
27,84,2536.0,1376.5777777777776,34.85641975308641,81,0,2521.0,2551.0,2551.0,2521.0,1351.5777777777776,1401.5777777777776
27,85,2566.0,1376.5777777777776,39.36,66,0,2551.0,2581.0,2581.0,2551.0,1351.5777777777776,1401.5777777777776
27,86,2596.0,1376.5777777777776,37.973378378378364,74,0,2581.0,2611.0,2611.0,2581.0,1351.5777777777776,1401.5777777777776
27,87,2626.0,1376.5777777777776,21.605666666666675,120,0,2611.0,2641.0,2641.0,2611.0,1351.5777777777776,1401.5777777777776
27,88,2656.0,1376.5777777777776,19.411800000000003,100,0,2641.0,2671.0,2671.0,2641.0,1351.5777777777776,1401.5777777777776
27,89,2686.0,1376.5777777777776,33.270800000000015,75,0,2671.0,2701.0,2701.0,2671.0,1351.5777777777776,1401.5777777777776
27,90,2716.0,1376.5777777777776,35.178399999999996,75,0,2701.0,2731.0,2731.0,2701.0,1351.5777777777776,1401.5777777777776
27,91,2746.0,1376.5777777777776,41.965263157894746,57,0,2731.0,2761.0,2761.0,2731.0,1351.5777777777776,1401.5777777777776
27,92,2776.0,1376.5777777777776,40.90269230769231,78,0,2761.0,2791.0,2791.0,2761.0,1351.5777777777776,1401.5777777777776
27,93,2806.0,1376.5777777777776,36.29197368421054,76,0,2791.0,2821.0,2821.0,2791.0,1351.5777777777776,1401.5777777777776
27,94,2836.0,1376.5777777777776,38.51351351351353,74,0,2821.0,2851.0,2851.0,2821.0,1351.5777777777776,1401.5777777777776
27,95,2866.0,1376.5777777777776,34.985543478260865,92,0,2851.0,2881.0,2881.0,2851.0,1351.5777777777776,1401.5777777777776
27,96,2896.0,1376.5777777777776,28.06128712871286,101,0,2881.0,2911.0,2911.0,2881.0,1351.5777777777776,1401.5777777777776
27,97,2926.0,1376.5777777777776,26.38920792079209,101,0,2911.0,2941.0,2941.0,2911.0,1351.5777777777776,1401.5777777777776
27,98,2956.0,1376.5777777777776,26.056666666666665,84,0,2941.0,2971.0,2971.0,2941.0,1351.5777777777776,1401.5777777777776
27,99,2986.0,1376.5777777777776,22.016103896103907,77,0,2971.0,3001.0,3001.0,2971.0,1351.5777777777776,1401.5777777777776
27,100,3016.0,1376.5777777777776,23.393648648648647,74,0,3001.0,3031.0,3031.0,3001.0,1351.5777777777776,1401.5777777777776
27,101,3046.0,1376.5777777777776,27.85191011235956,89,0,3031.0,3061.0,3061.0,3031.0,1351.5777777777776,1401.5777777777776
27,102,3076.0,1376.5777777777776,30.361866666666653,75,0,3061.0,3091.0,3091.0,3061.0,1351.5777777777776,1401.5777777777776
27,103,3106.0,1376.5777777777776,33.195542168674706,83,0,3091.0,3121.0,3121.0,3091.0,1351.5777777777776,1401.5777777777776
27,104,3136.0,1376.5777777777776,36.998250000000006,80,0,3121.0,3151.0,3151.0,3121.0,1351.5777777777776,1401.5777777777776
27,105,3166.0,1376.5777777777776,20.86259999999999,100,0,3151.0,3181.0,3181.0,3151.0,1351.5777777777776,1401.5777777777776
27,106,3196.0,1376.5777777777776,23.406263736263735,91,0,3181.0,3211.0,3211.0,3181.0,1351.5777777777776,1401.5777777777776
27,107,3226.0,1376.5777777777776,26.313181818181818,88,0,3211.0,3241.0,3241.0,3211.0,1351.5777777777776,1401.5777777777776
27,108,3256.0,1376.5777777777776,29.532558139534892,86,0,3241.0,3271.0,3271.0,3241.0,1351.5777777777776,1401.5777777777776
27,109,3286.0,1376.5777777777776,35.66375000000001,80,0,3271.0,3301.0,3301.0,3271.0,1351.5777777777776,1401.5777777777776
27,110,3316.0,1376.5777777777776,38.58,73,0,3301.0,3331.0,3331.0,3301.0,1351.5777777777776,1401.5777777777776
27,111,3346.0,1376.5777777777776,36.48973333333333,75,0,3331.0,3361.0,3361.0,3331.0,1351.5777777777776,1401.5777777777776
27,112,3376.0,1376.5777777777776,32.337976190476176,84,0,3361.0,3391.0,3391.0,3361.0,1351.5777777777776,1401.5777777777776
27,113,3406.0,1376.5777777777776,34.39135135135136,74,0,3391.0,3421.0,3421.0,3391.0,1351.5777777777776,1401.5777777777776
27,114,3436.0,1376.5777777777776,32.035802469135795,81,0,3421.0,3451.0,3451.0,3421.0,1351.5777777777776,1401.5777777777776
27,115,3466.0,1376.5777777777776,30.404166666666676,84,0,3451.0,3481.0,3481.0,3451.0,1351.5777777777776,1401.5777777777776
27,116,3496.0,1376.5777777777776,28.08096385542169,83,0,3481.0,3511.0,3511.0,3481.0,1351.5777777777776,1401.5777777777776
27,117,3526.0,1376.5777777777776,27.213780487804886,82,0,3511.0,3541.0,3541.0,3511.0,1351.5777777777776,1401.5777777777776
27,118,3556.0,1376.5777777777776,19.05083333333334,96,0,3541.0,3571.0,3571.0,3541.0,1351.5777777777776,1401.5777777777776
27,119,3586.0,1376.5777777777776,21.71527027027027,74,0,3571.0,3601.0,3601.0,3571.0,1351.5777777777776,1401.5777777777776
27,120,3616.0,1376.5777777777776,25.75533333333332,75,0,3601.0,3631.0,3631.0,3601.0,1351.5777777777776,1401.5777777777776
27,121,3646.0,1376.5777777777776,26.094923076923077,65,0,3631.0,3661.0,3661.0,3631.0,1351.5777777777776,1401.5777777777776
27,122,3676.0,1376.5777777777776,30.673913043478265,46,0,3661.0,3691.0,3691.0,3661.0,1351.5777777777776,1401.5777777777776
27,123,3706.0,1376.5777777777776,28.53069444444445,72,0,3691.0,3721.0,3721.0,3691.0,1351.5777777777776,1401.5777777777776
27,124,3736.0,1376.5777777777776,29.11968253968255,63,0,3721.0,3751.0,3751.0,3721.0,1351.5777777777776,1401.5777777777776
27,125,3766.0,1376.5777777777776,28.955411764705882,85,0,3751.0,3781.0,3781.0,3751.0,1351.5777777777776,1401.5777777777776
27,126,3796.0,1376.5777777777776,33.622790697674425,43,0,3781.0,3811.0,3811.0,3781.0,1351.5777777777776,1401.5777777777776
27,127,3826.0,1376.5777777777776,35.74357142857143,14,0,3811.0,3841.0,3841.0,3811.0,1351.5777777777776,1401.5777777777776
27,128,3856.0,1376.5777777777776,,0,0,3841.0,3871.0,3871.0,3841.0,1351.5777777777776,1401.5777777777776
27,129,3886.0,1376.5777777777776,,0,0,3871.0,3901.0,3901.0,3871.0,1351.5777777777776,1401.5777777777776
28,0,16.0,1426.5777777777776,51.09684210526316,38,0,1.0,31.0,31.0,1.0,1401.5777777777776,1451.5777777777776
28,1,46.0,1426.5777777777776,49.629999999999995,52,0,31.0,61.0,61.0,31.0,1401.5777777777776,1451.5777777777776
28,2,76.0,1426.5777777777776,58.50527777777776,36,0,61.0,91.0,91.0,61.0,1401.5777777777776,1451.5777777777776
28,3,106.0,1426.5777777777776,57.07727272727272,33,0,91.0,121.0,121.0,91.0,1401.5777777777776,1451.5777777777776
28,4,136.0,1426.5777777777776,60.44888888888889,27,0,121.0,151.0,151.0,121.0,1401.5777777777776,1451.5777777777776
28,5,166.0,1426.5777777777776,61.74576923076923,26,0,151.0,181.0,181.0,151.0,1401.5777777777776,1451.5777777777776
28,6,196.0,1426.5777777777776,55.6171875,32,0,181.0,211.0,211.0,181.0,1401.5777777777776,1451.5777777777776
28,7,226.0,1426.5777777777776,50.79294117647058,51,0,211.0,241.0,241.0,211.0,1401.5777777777776,1451.5777777777776
28,8,256.0,1426.5777777777776,56.642800000000015,50,0,241.0,271.0,271.0,241.0,1401.5777777777776,1451.5777777777776
28,9,286.0,1426.5777777777776,57.17766666666667,30,0,271.0,301.0,301.0,271.0,1401.5777777777776,1451.5777777777776
28,10,316.0,1426.5777777777776,65.506875,32,0,301.0,331.0,331.0,301.0,1401.5777777777776,1451.5777777777776
28,11,346.0,1426.5777777777776,70.95133333333334,15,0,331.0,361.0,361.0,331.0,1401.5777777777776,1451.5777777777776
28,12,376.0,1426.5777777777776,65.59428571428572,21,0,361.0,391.0,391.0,361.0,1401.5777777777776,1451.5777777777776
28,13,406.0,1426.5777777777776,62.885897435897455,39,0,391.0,421.0,421.0,391.0,1401.5777777777776,1451.5777777777776
28,14,436.0,1426.5777777777776,73.3104347826087,23,0,421.0,451.0,451.0,421.0,1401.5777777777776,1451.5777777777776
28,15,466.0,1426.5777777777776,59.37250000000001,36,0,451.0,481.0,481.0,451.0,1401.5777777777776,1451.5777777777776
28,16,496.0,1426.5777777777776,56.27488372093023,43,0,481.0,511.0,511.0,481.0,1401.5777777777776,1451.5777777777776
28,17,526.0,1426.5777777777776,52.67,44,0,511.0,541.0,541.0,511.0,1401.5777777777776,1451.5777777777776
28,18,556.0,1426.5777777777776,47.253389830508475,59,0,541.0,571.0,571.0,541.0,1401.5777777777776,1451.5777777777776
28,19,586.0,1426.5777777777776,43.711400000000005,50,0,571.0,601.0,601.0,571.0,1401.5777777777776,1451.5777777777776
28,20,616.0,1426.5777777777776,43.999999999999986,59,0,601.0,631.0,631.0,601.0,1401.5777777777776,1451.5777777777776
28,21,646.0,1426.5777777777776,47.09962962962964,54,0,631.0,661.0,661.0,631.0,1401.5777777777776,1451.5777777777776
28,22,676.0,1426.5777777777776,39.899019607843144,51,0,661.0,691.0,691.0,661.0,1401.5777777777776,1451.5777777777776
28,23,706.0,1426.5777777777776,62.36051282051283,39,0,691.0,721.0,721.0,691.0,1401.5777777777776,1451.5777777777776
28,24,736.0,1426.5777777777776,57.35208333333335,24,0,721.0,751.0,751.0,721.0,1401.5777777777776,1451.5777777777776
28,25,766.0,1426.5777777777776,55.2864705882353,51,0,751.0,781.0,781.0,751.0,1401.5777777777776,1451.5777777777776
28,26,796.0,1426.5777777777776,58.94722222222222,36,0,781.0,811.0,811.0,781.0,1401.5777777777776,1451.5777777777776
28,27,826.0,1426.5777777777776,56.47027777777776,36,0,811.0,841.0,841.0,811.0,1401.5777777777776,1451.5777777777776
28,28,856.0,1426.5777777777776,55.47717948717949,39,0,841.0,871.0,871.0,841.0,1401.5777777777776,1451.5777777777776
28,29,886.0,1426.5777777777776,50.38307692307693,52,0,871.0,901.0,901.0,871.0,1401.5777777777776,1451.5777777777776
28,30,916.0,1426.5777777777776,55.92361111111111,36,0,901.0,931.0,931.0,901.0,1401.5777777777776,1451.5777777777776
28,31,946.0,1426.5777777777776,57.28666666666667,18,0,931.0,961.0,961.0,931.0,1401.5777777777776,1451.5777777777776
28,32,976.0,1426.5777777777776,56.47545454545455,33,0,961.0,991.0,991.0,961.0,1401.5777777777776,1451.5777777777776
28,33,1006.0,1426.5777777777776,54.76685714285713,35,0,991.0,1021.0,1021.0,991.0,1401.5777777777776,1451.5777777777776
28,34,1036.0,1426.5777777777776,51.94808510638299,47,0,1021.0,1051.0,1051.0,1021.0,1401.5777777777776,1451.5777777777776
28,35,1066.0,1426.5777777777776,52.707391304347816,46,0,1051.0,1081.0,1081.0,1051.0,1401.5777777777776,1451.5777777777776
28,36,1096.0,1426.5777777777776,54.074,40,0,1081.0,1111.0,1111.0,1081.0,1401.5777777777776,1451.5777777777776
28,37,1126.0,1426.5777777777776,44.61260000000002,50,0,1111.0,1141.0,1141.0,1111.0,1401.5777777777776,1451.5777777777776
28,38,1156.0,1426.5777777777776,42.710178571428585,56,0,1141.0,1171.0,1171.0,1141.0,1401.5777777777776,1451.5777777777776
28,39,1186.0,1426.5777777777776,43.671764705882346,51,0,1171.0,1201.0,1201.0,1171.0,1401.5777777777776,1451.5777777777776
28,40,1216.0,1426.5777777777776,32.05641975308642,81,0,1201.0,1231.0,1231.0,1201.0,1401.5777777777776,1451.5777777777776
28,41,1246.0,1426.5777777777776,28.070350877192986,57,0,1231.0,1261.0,1261.0,1231.0,1401.5777777777776,1451.5777777777776
28,42,1276.0,1426.5777777777776,28.203333333333337,69,0,1261.0,1291.0,1291.0,1261.0,1401.5777777777776,1451.5777777777776
28,43,1306.0,1426.5777777777776,33.98808510638297,47,0,1291.0,1321.0,1321.0,1291.0,1401.5777777777776,1451.5777777777776
28,44,1336.0,1426.5777777777776,37.38291666666667,48,0,1321.0,1351.0,1351.0,1321.0,1401.5777777777776,1451.5777777777776
28,45,1366.0,1426.5777777777776,33.73115384615384,78,0,1351.0,1381.0,1381.0,1351.0,1401.5777777777776,1451.5777777777776
28,46,1396.0,1426.5777777777776,35.050857142857126,70,0,1381.0,1411.0,1411.0,1381.0,1401.5777777777776,1451.5777777777776
28,47,1426.0,1426.5777777777776,34.45344262295083,61,0,1411.0,1441.0,1441.0,1411.0,1401.5777777777776,1451.5777777777776
28,48,1456.0,1426.5777777777776,35.447460317460326,63,0,1441.0,1471.0,1471.0,1441.0,1401.5777777777776,1451.5777777777776
28,49,1486.0,1426.5777777777776,34.74217261904762,84,0,1471.0,1501.0,1501.0,1471.0,1401.5777777777776,1451.5777777777776
28,50,1516.0,1426.5777777777776,31.02547945205479,73,0,1501.0,1531.0,1531.0,1501.0,1401.5777777777776,1451.5777777777776
28,51,1546.0,1426.5777777777776,33.41400000000001,75,0,1531.0,1561.0,1561.0,1531.0,1401.5777777777776,1451.5777777777776
28,52,1576.0,1426.5777777777776,24.610000000000003,81,0,1561.0,1591.0,1591.0,1561.0,1401.5777777777776,1451.5777777777776
28,53,1606.0,1426.5777777777776,23.57217391304347,69,0,1591.0,1621.0,1621.0,1591.0,1401.5777777777776,1451.5777777777776
28,54,1636.0,1426.5777777777776,29.64565217391305,69,0,1621.0,1651.0,1651.0,1621.0,1401.5777777777776,1451.5777777777776
28,55,1666.0,1426.5777777777776,29.09371428571428,70,0,1651.0,1681.0,1681.0,1651.0,1401.5777777777776,1451.5777777777776
28,56,1696.0,1426.5777777777776,29.36471428571428,70,0,1681.0,1711.0,1711.0,1681.0,1401.5777777777776,1451.5777777777776
28,57,1726.0,1426.5777777777776,33.011666666666656,66,0,1711.0,1741.0,1741.0,1711.0,1401.5777777777776,1451.5777777777776
28,58,1756.0,1426.5777777777776,33.88396825396824,63,0,1741.0,1771.0,1771.0,1741.0,1401.5777777777776,1451.5777777777776
28,59,1786.0,1426.5777777777776,31.783645833333345,64,0,1771.0,1801.0,1801.0,1771.0,1401.5777777777776,1451.5777777777776
28,60,1816.0,1426.5777777777776,37.04344827586207,58,0,1801.0,1831.0,1831.0,1801.0,1401.5777777777776,1451.5777777777776
28,61,1846.0,1426.5777777777776,35.610666666666674,60,0,1831.0,1861.0,1861.0,1831.0,1401.5777777777776,1451.5777777777776
28,62,1876.0,1426.5777777777776,35.62486111111111,72,0,1861.0,1891.0,1891.0,1861.0,1401.5777777777776,1451.5777777777776
28,63,1906.0,1426.5777777777776,42.96111111111111,45,0,1891.0,1921.0,1921.0,1891.0,1401.5777777777776,1451.5777777777776
28,64,1936.0,1426.5777777777776,43.101818181818196,44,0,1921.0,1951.0,1951.0,1921.0,1401.5777777777776,1451.5777777777776
28,65,1966.0,1426.5777777777776,36.70687499999999,64,0,1951.0,1981.0,1981.0,1951.0,1401.5777777777776,1451.5777777777776
28,66,1996.0,1426.5777777777776,41.89960784313725,51,0,1981.0,2011.0,2011.0,1981.0,1401.5777777777776,1451.5777777777776
28,67,2026.0,1426.5777777777776,43.761272727272726,55,0,2011.0,2041.0,2041.0,2011.0,1401.5777777777776,1451.5777777777776
28,68,2056.0,1426.5777777777776,41.81214285714286,42,0,2041.0,2071.0,2071.0,2041.0,1401.5777777777776,1451.5777777777776
28,69,2086.0,1426.5777777777776,40.23680000000001,50,0,2071.0,2101.0,2101.0,2071.0,1401.5777777777776,1451.5777777777776
28,70,2116.0,1426.5777777777776,36.286481481481495,54,0,2101.0,2131.0,2131.0,2101.0,1401.5777777777776,1451.5777777777776
28,71,2146.0,1426.5777777777776,35.51,51,0,2131.0,2161.0,2161.0,2131.0,1401.5777777777776,1451.5777777777776
28,72,2176.0,1426.5777777777776,37.87016949152542,59,0,2161.0,2191.0,2191.0,2161.0,1401.5777777777776,1451.5777777777776
28,73,2206.0,1426.5777777777776,42.47770491803277,61,0,2191.0,2221.0,2221.0,2191.0,1401.5777777777776,1451.5777777777776
28,74,2236.0,1426.5777777777776,43.16925925925927,54,0,2221.0,2251.0,2251.0,2221.0,1401.5777777777776,1451.5777777777776
28,75,2266.0,1426.5777777777776,44.58975609756097,41,0,2251.0,2281.0,2281.0,2251.0,1401.5777777777776,1451.5777777777776
28,76,2296.0,1426.5777777777776,45.73913043478261,46,0,2281.0,2311.0,2311.0,2281.0,1401.5777777777776,1451.5777777777776
28,77,2326.0,1426.5777777777776,36.752033898305086,59,0,2311.0,2341.0,2341.0,2311.0,1401.5777777777776,1451.5777777777776
28,78,2356.0,1426.5777777777776,34.47412698412698,63,0,2341.0,2371.0,2371.0,2341.0,1401.5777777777776,1451.5777777777776
28,79,2386.0,1426.5777777777776,33.956607142857145,56,0,2371.0,2401.0,2401.0,2371.0,1401.5777777777776,1451.5777777777776
28,80,2416.0,1426.5777777777776,36.45624999999999,56,0,2401.0,2431.0,2431.0,2401.0,1401.5777777777776,1451.5777777777776
28,81,2446.0,1426.5777777777776,45.422622950819665,61,0,2431.0,2461.0,2461.0,2431.0,1401.5777777777776,1451.5777777777776
28,82,2476.0,1426.5777777777776,40.243599999999994,50,0,2461.0,2491.0,2491.0,2461.0,1401.5777777777776,1451.5777777777776
28,83,2506.0,1426.5777777777776,34.34232876712328,73,0,2491.0,2521.0,2521.0,2491.0,1401.5777777777776,1451.5777777777776
28,84,2536.0,1426.5777777777776,37.21212121212121,66,0,2521.0,2551.0,2551.0,2521.0,1401.5777777777776,1451.5777777777776
28,85,2566.0,1426.5777777777776,35.55596774193548,62,0,2551.0,2581.0,2581.0,2551.0,1401.5777777777776,1451.5777777777776
28,86,2596.0,1426.5777777777776,34.361707317073154,82,0,2581.0,2611.0,2611.0,2581.0,1401.5777777777776,1451.5777777777776
28,87,2626.0,1426.5777777777776,19.852232142857137,112,0,2611.0,2641.0,2641.0,2611.0,1401.5777777777776,1451.5777777777776
28,88,2656.0,1426.5777777777776,27.98356164383563,73,0,2641.0,2671.0,2671.0,2641.0,1401.5777777777776,1451.5777777777776
28,89,2686.0,1426.5777777777776,40.07907692307692,65,0,2671.0,2701.0,2701.0,2671.0,1401.5777777777776,1451.5777777777776
28,90,2716.0,1426.5777777777776,39.07033898305086,59,0,2701.0,2731.0,2731.0,2701.0,1401.5777777777776,1451.5777777777776
28,91,2746.0,1426.5777777777776,42.60339999999999,50,0,2731.0,2761.0,2761.0,2731.0,1401.5777777777776,1451.5777777777776
28,92,2776.0,1426.5777777777776,43.49114754098359,61,0,2761.0,2791.0,2791.0,2761.0,1401.5777777777776,1451.5777777777776
28,93,2806.0,1426.5777777777776,38.64677419354839,62,0,2791.0,2821.0,2821.0,2791.0,1401.5777777777776,1451.5777777777776
28,94,2836.0,1426.5777777777776,38.88421875,64,0,2821.0,2851.0,2851.0,2821.0,1401.5777777777776,1451.5777777777776
28,95,2866.0,1426.5777777777776,34.22282051282052,78,0,2851.0,2881.0,2881.0,2851.0,1401.5777777777776,1451.5777777777776
28,96,2896.0,1426.5777777777776,25.207924528301877,106,0,2881.0,2911.0,2911.0,2881.0,1401.5777777777776,1451.5777777777776
28,97,2926.0,1426.5777777777776,20.92528925619835,121,0,2911.0,2941.0,2941.0,2911.0,1401.5777777777776,1451.5777777777776
28,98,2956.0,1426.5777777777776,23.757666666666676,90,0,2941.0,2971.0,2971.0,2941.0,1401.5777777777776,1451.5777777777776
28,99,2986.0,1426.5777777777776,29.990781250000005,64,0,2971.0,3001.0,3001.0,2971.0,1401.5777777777776,1451.5777777777776
28,100,3016.0,1426.5777777777776,31.075000000000006,54,0,3001.0,3031.0,3031.0,3001.0,1401.5777777777776,1451.5777777777776
28,101,3046.0,1426.5777777777776,33.30101449275362,69,0,3031.0,3061.0,3061.0,3031.0,1401.5777777777776,1451.5777777777776
28,102,3076.0,1426.5777777777776,31.87470588235294,68,0,3061.0,3091.0,3091.0,3061.0,1401.5777777777776,1451.5777777777776
28,103,3106.0,1426.5777777777776,31.75075,80,0,3091.0,3121.0,3121.0,3091.0,1401.5777777777776,1451.5777777777776
28,104,3136.0,1426.5777777777776,29.447473684210532,95,0,3121.0,3151.0,3151.0,3121.0,1401.5777777777776,1451.5777777777776
28,105,3166.0,1426.5777777777776,24.189178082191777,73,0,3151.0,3181.0,3181.0,3151.0,1401.5777777777776,1451.5777777777776
28,106,3196.0,1426.5777777777776,32.02068965517241,58,0,3181.0,3211.0,3211.0,3181.0,1401.5777777777776,1451.5777777777776
28,107,3226.0,1426.5777777777776,31.261506849315058,73,0,3211.0,3241.0,3241.0,3211.0,1401.5777777777776,1451.5777777777776
28,108,3256.0,1426.5777777777776,29.959615384615383,78,0,3241.0,3271.0,3271.0,3241.0,1401.5777777777776,1451.5777777777776
28,109,3286.0,1426.5777777777776,32.014109589041084,73,0,3271.0,3301.0,3301.0,3271.0,1401.5777777777776,1451.5777777777776
28,110,3316.0,1426.5777777777776,35.66499999999999,76,0,3301.0,3331.0,3331.0,3301.0,1401.5777777777776,1451.5777777777776
28,111,3346.0,1426.5777777777776,37.904920634920636,63,0,3331.0,3361.0,3361.0,3331.0,1401.5777777777776,1451.5777777777776
28,112,3376.0,1426.5777777777776,34.79957746478873,71,0,3361.0,3391.0,3391.0,3361.0,1401.5777777777776,1451.5777777777776
28,113,3406.0,1426.5777777777776,36.2965671641791,67,0,3391.0,3421.0,3421.0,3391.0,1401.5777777777776,1451.5777777777776
28,114,3436.0,1426.5777777777776,31.047500000000003,76,0,3421.0,3451.0,3451.0,3421.0,1401.5777777777776,1451.5777777777776
28,115,3466.0,1426.5777777777776,28.282658227848106,79,0,3451.0,3481.0,3481.0,3451.0,1401.5777777777776,1451.5777777777776
28,116,3496.0,1426.5777777777776,28.525185185185173,81,0,3481.0,3511.0,3511.0,3481.0,1401.5777777777776,1451.5777777777776
28,117,3526.0,1426.5777777777776,26.15410958904109,73,0,3511.0,3541.0,3541.0,3511.0,1401.5777777777776,1451.5777777777776
28,118,3556.0,1426.5777777777776,22.877037037037038,81,0,3541.0,3571.0,3571.0,3541.0,1401.5777777777776,1451.5777777777776
28,119,3586.0,1426.5777777777776,24.383174603174595,63,0,3571.0,3601.0,3601.0,3571.0,1401.5777777777776,1451.5777777777776
28,120,3616.0,1426.5777777777776,28.97184615384615,65,0,3601.0,3631.0,3631.0,3601.0,1401.5777777777776,1451.5777777777776
28,121,3646.0,1426.5777777777776,32.22249999999999,48,0,3631.0,3661.0,3661.0,3631.0,1401.5777777777776,1451.5777777777776
28,122,3676.0,1426.5777777777776,33.09230769230769,39,0,3661.0,3691.0,3691.0,3661.0,1401.5777777777776,1451.5777777777776
28,123,3706.0,1426.5777777777776,25.68461538461538,65,0,3691.0,3721.0,3721.0,3691.0,1401.5777777777776,1451.5777777777776
28,124,3736.0,1426.5777777777776,27.923,60,0,3721.0,3751.0,3751.0,3721.0,1401.5777777777776,1451.5777777777776
28,125,3766.0,1426.5777777777776,32.036949152542384,59,0,3751.0,3781.0,3781.0,3751.0,1401.5777777777776,1451.5777777777776
28,126,3796.0,1426.5777777777776,31.66422222222221,45,0,3781.0,3811.0,3811.0,3781.0,1401.5777777777776,1451.5777777777776
28,127,3826.0,1426.5777777777776,38.45499999999999,20,0,3811.0,3841.0,3841.0,3811.0,1401.5777777777776,1451.5777777777776
28,128,3856.0,1426.5777777777776,,0,0,3841.0,3871.0,3871.0,3841.0,1401.5777777777776,1451.5777777777776
28,129,3886.0,1426.5777777777776,,0,0,3871.0,3901.0,3901.0,3871.0,1401.5777777777776,1451.5777777777776
29,0,16.0,1476.5777777777776,53.25363636363635,33,0,1.0,31.0,31.0,1.0,1451.5777777777776,1501.5777777777776
29,1,46.0,1476.5777777777776,49.5239344262295,61,0,31.0,61.0,61.0,31.0,1451.5777777777776,1501.5777777777776
29,2,76.0,1476.5777777777776,56.53761904761903,42,0,61.0,91.0,91.0,61.0,1451.5777777777776,1501.5777777777776
29,3,106.0,1476.5777777777776,53.9327160493827,45,0,91.0,121.0,121.0,91.0,1451.5777777777776,1501.5777777777776
29,4,136.0,1476.5777777777776,60.96814814814815,27,0,121.0,151.0,151.0,121.0,1451.5777777777776,1501.5777777777776
29,5,166.0,1476.5777777777776,60.28848484848486,33,0,151.0,181.0,181.0,151.0,1451.5777777777776,1501.5777777777776
29,6,196.0,1476.5777777777776,58.541739130434784,23,0,181.0,211.0,211.0,181.0,1451.5777777777776,1501.5777777777776
29,7,226.0,1476.5777777777776,51.74725490196079,51,0,211.0,241.0,241.0,211.0,1451.5777777777776,1501.5777777777776
29,8,256.0,1476.5777777777776,53.763454545454536,55,0,241.0,271.0,271.0,241.0,1451.5777777777776,1501.5777777777776
29,9,286.0,1476.5777777777776,53.59230769230769,39,0,271.0,301.0,301.0,271.0,1451.5777777777776,1501.5777777777776
29,10,316.0,1476.5777777777776,66.67785714285715,28,0,301.0,331.0,331.0,301.0,1451.5777777777776,1501.5777777777776
29,11,346.0,1476.5777777777776,70.54277777777777,18,0,331.0,361.0,361.0,331.0,1451.5777777777776,1501.5777777777776
29,12,376.0,1476.5777777777776,66.43619047619049,21,0,361.0,391.0,391.0,361.0,1451.5777777777776,1501.5777777777776
29,13,406.0,1476.5777777777776,63.50026315789473,38,0,391.0,421.0,421.0,391.0,1451.5777777777776,1501.5777777777776
29,14,436.0,1476.5777777777776,73.50653846153847,26,0,421.0,451.0,451.0,421.0,1451.5777777777776,1501.5777777777776
29,15,466.0,1476.5777777777776,60.292857142857144,35,0,451.0,481.0,481.0,451.0,1451.5777777777776,1501.5777777777776
29,16,496.0,1476.5777777777776,56.9241875,40,0,481.0,511.0,511.0,481.0,1451.5777777777776,1501.5777777777776
29,17,526.0,1476.5777777777776,56.683611111111105,36,0,511.0,541.0,541.0,511.0,1451.5777777777776,1501.5777777777776
29,18,556.0,1476.5777777777776,47.40629032258064,62,0,541.0,571.0,571.0,541.0,1451.5777777777776,1501.5777777777776
29,19,586.0,1476.5777777777776,46.5186,50,0,571.0,601.0,601.0,571.0,1451.5777777777776,1501.5777777777776
29,20,616.0,1476.5777777777776,42.86298245614036,57,0,601.0,631.0,631.0,601.0,1451.5777777777776,1501.5777777777776
29,21,646.0,1476.5777777777776,48.7795918367347,49,0,631.0,661.0,661.0,631.0,1451.5777777777776,1501.5777777777776
29,22,676.0,1476.5777777777776,42.73438596491229,57,0,661.0,691.0,691.0,661.0,1451.5777777777776,1501.5777777777776
29,23,706.0,1476.5777777777776,62.23684210526316,38,0,691.0,721.0,721.0,691.0,1451.5777777777776,1501.5777777777776
29,24,736.0,1476.5777777777776,59.7646153846154,26,0,721.0,751.0,751.0,721.0,1451.5777777777776,1501.5777777777776
29,25,766.0,1476.5777777777776,55.83959183673469,49,0,751.0,781.0,781.0,751.0,1451.5777777777776,1501.5777777777776
29,26,796.0,1476.5777777777776,59.49707317073171,41,0,781.0,811.0,811.0,781.0,1451.5777777777776,1501.5777777777776
29,27,826.0,1476.5777777777776,56.967027027027044,37,0,811.0,841.0,841.0,811.0,1451.5777777777776,1501.5777777777776
29,28,856.0,1476.5777777777776,55.99255813953487,43,0,841.0,871.0,871.0,841.0,1451.5777777777776,1501.5777777777776
29,29,886.0,1476.5777777777776,51.71884615384616,52,0,871.0,901.0,901.0,871.0,1451.5777777777776,1501.5777777777776
29,30,916.0,1476.5777777777776,52.739761904761906,42,0,901.0,931.0,931.0,901.0,1451.5777777777776,1501.5777777777776
29,31,946.0,1476.5777777777776,59.91428571428572,21,0,931.0,961.0,961.0,931.0,1451.5777777777776,1501.5777777777776
29,32,976.0,1476.5777777777776,56.480714285714285,28,0,961.0,991.0,991.0,961.0,1451.5777777777776,1501.5777777777776
29,33,1006.0,1476.5777777777776,54.600714285714275,42,0,991.0,1021.0,1021.0,991.0,1451.5777777777776,1501.5777777777776
29,34,1036.0,1476.5777777777776,53.673488372093026,43,0,1021.0,1051.0,1051.0,1021.0,1451.5777777777776,1501.5777777777776
29,35,1066.0,1476.5777777777776,52.89204081632654,49,0,1051.0,1081.0,1081.0,1051.0,1451.5777777777776,1501.5777777777776
29,36,1096.0,1476.5777777777776,55.10138888888889,36,0,1081.0,1111.0,1111.0,1081.0,1451.5777777777776,1501.5777777777776
29,37,1126.0,1476.5777777777776,47.36150943396226,53,0,1111.0,1141.0,1141.0,1111.0,1451.5777777777776,1501.5777777777776
29,38,1156.0,1476.5777777777776,45.907,50,0,1141.0,1171.0,1171.0,1141.0,1451.5777777777776,1501.5777777777776
29,39,1186.0,1476.5777777777776,43.964400000000005,50,0,1171.0,1201.0,1201.0,1171.0,1451.5777777777776,1501.5777777777776
29,40,1216.0,1476.5777777777776,35.87303030303031,66,0,1201.0,1231.0,1231.0,1201.0,1451.5777777777776,1501.5777777777776
29,41,1246.0,1476.5777777777776,28.302812499999998,64,0,1231.0,1261.0,1261.0,1231.0,1451.5777777777776,1501.5777777777776
29,42,1276.0,1476.5777777777776,31.130869565217388,69,0,1261.0,1291.0,1291.0,1261.0,1451.5777777777776,1501.5777777777776
29,43,1306.0,1476.5777777777776,38.4686956521739,46,0,1291.0,1321.0,1321.0,1291.0,1451.5777777777776,1501.5777777777776
29,44,1336.0,1476.5777777777776,43.21088888888888,45,0,1321.0,1351.0,1351.0,1321.0,1451.5777777777776,1501.5777777777776
29,45,1366.0,1476.5777777777776,36.508484848484855,66,0,1351.0,1381.0,1381.0,1351.0,1451.5777777777776,1501.5777777777776
29,46,1396.0,1476.5777777777776,33.61164179104477,67,0,1381.0,1411.0,1411.0,1381.0,1451.5777777777776,1501.5777777777776
29,47,1426.0,1476.5777777777776,31.249861111111116,72,0,1411.0,1441.0,1441.0,1411.0,1451.5777777777776,1501.5777777777776
29,48,1456.0,1476.5777777777776,33.6753125,64,0,1441.0,1471.0,1471.0,1441.0,1451.5777777777776,1501.5777777777776
29,49,1486.0,1476.5777777777776,31.114623655913977,93,0,1471.0,1501.0,1501.0,1471.0,1451.5777777777776,1501.5777777777776
29,50,1516.0,1476.5777777777776,31.612686567164182,67,0,1501.0,1531.0,1531.0,1501.0,1451.5777777777776,1501.5777777777776
29,51,1546.0,1476.5777777777776,29.207333333333338,90,0,1531.0,1561.0,1561.0,1531.0,1451.5777777777776,1501.5777777777776
29,52,1576.0,1476.5777777777776,30.35698412698413,63,0,1561.0,1591.0,1591.0,1561.0,1451.5777777777776,1501.5777777777776
29,53,1606.0,1476.5777777777776,31.811836734693877,49,0,1591.0,1621.0,1621.0,1591.0,1451.5777777777776,1501.5777777777776
29,54,1636.0,1476.5777777777776,33.067101449275356,69,0,1621.0,1651.0,1651.0,1621.0,1451.5777777777776,1501.5777777777776
29,55,1666.0,1476.5777777777776,33.19053571428572,56,0,1651.0,1681.0,1681.0,1651.0,1451.5777777777776,1501.5777777777776
29,56,1696.0,1476.5777777777776,33.61714285714285,70,0,1681.0,1711.0,1711.0,1681.0,1451.5777777777776,1501.5777777777776
29,57,1726.0,1476.5777777777776,38.63411764705882,51,0,1711.0,1741.0,1741.0,1711.0,1451.5777777777776,1501.5777777777776
29,58,1756.0,1476.5777777777776,40.29679245283019,53,0,1741.0,1771.0,1771.0,1741.0,1451.5777777777776,1501.5777777777776
29,59,1786.0,1476.5777777777776,38.04240740740741,54,0,1771.0,1801.0,1801.0,1771.0,1451.5777777777776,1501.5777777777776
29,60,1816.0,1476.5777777777776,40.06769230769232,52,0,1801.0,1831.0,1831.0,1801.0,1451.5777777777776,1501.5777777777776
29,61,1846.0,1476.5777777777776,40.4384,50,0,1831.0,1861.0,1861.0,1831.0,1451.5777777777776,1501.5777777777776
29,62,1876.0,1476.5777777777776,36.53148648648651,74,0,1861.0,1891.0,1891.0,1861.0,1451.5777777777776,1501.5777777777776
29,63,1906.0,1476.5777777777776,43.34292682926829,41,0,1891.0,1921.0,1921.0,1891.0,1451.5777777777776,1501.5777777777776
29,64,1936.0,1476.5777777777776,44.888333333333335,42,0,1921.0,1951.0,1951.0,1921.0,1451.5777777777776,1501.5777777777776
29,65,1966.0,1476.5777777777776,39.96236363636364,55,0,1951.0,1981.0,1981.0,1951.0,1451.5777777777776,1501.5777777777776
29,66,1996.0,1476.5777777777776,45.13918367346938,49,0,1981.0,2011.0,2011.0,1981.0,1451.5777777777776,1501.5777777777776
29,67,2026.0,1476.5777777777776,46.18425925925927,54,0,2011.0,2041.0,2041.0,2011.0,1451.5777777777776,1501.5777777777776
29,68,2056.0,1476.5777777777776,45.43972972972973,37,0,2041.0,2071.0,2071.0,2041.0,1451.5777777777776,1501.5777777777776
29,69,2086.0,1476.5777777777776,41.772499999999994,56,0,2071.0,2101.0,2101.0,2071.0,1451.5777777777776,1501.5777777777776
29,70,2116.0,1476.5777777777776,41.52897435897436,39,0,2101.0,2131.0,2131.0,2101.0,1451.5777777777776,1501.5777777777776
29,71,2146.0,1476.5777777777776,38.396730769230764,52,0,2131.0,2161.0,2161.0,2131.0,1451.5777777777776,1501.5777777777776
29,72,2176.0,1476.5777777777776,38.91366666666669,60,0,2161.0,2191.0,2191.0,2161.0,1451.5777777777776,1501.5777777777776
29,73,2206.0,1476.5777777777776,42.801724137931025,58,0,2191.0,2221.0,2221.0,2191.0,1451.5777777777776,1501.5777777777776
29,74,2236.0,1476.5777777777776,44.90105263157894,57,0,2221.0,2251.0,2251.0,2221.0,1451.5777777777776,1501.5777777777776
29,75,2266.0,1476.5777777777776,45.997391304347836,46,0,2251.0,2281.0,2281.0,2251.0,1451.5777777777776,1501.5777777777776
29,76,2296.0,1476.5777777777776,47.06857142857143,42,0,2281.0,2311.0,2311.0,2281.0,1451.5777777777776,1501.5777777777776
29,77,2326.0,1476.5777777777776,42.35897959183673,49,0,2311.0,2341.0,2341.0,2311.0,1451.5777777777776,1501.5777777777776
29,78,2356.0,1476.5777777777776,38.612280701754386,57,0,2341.0,2371.0,2371.0,2341.0,1451.5777777777776,1501.5777777777776
29,79,2386.0,1476.5777777777776,37.67090909090909,55,0,2371.0,2401.0,2401.0,2371.0,1451.5777777777776,1501.5777777777776
29,80,2416.0,1476.5777777777776,39.84169811320755,53,0,2401.0,2431.0,2431.0,2401.0,1451.5777777777776,1501.5777777777776
29,81,2446.0,1476.5777777777776,45.780727272727255,55,0,2431.0,2461.0,2461.0,2431.0,1451.5777777777776,1501.5777777777776
29,82,2476.0,1476.5777777777776,43.73636363636363,44,0,2461.0,2491.0,2491.0,2461.0,1451.5777777777776,1501.5777777777776
29,83,2506.0,1476.5777777777776,35.70197368421054,76,0,2491.0,2521.0,2521.0,2491.0,1451.5777777777776,1501.5777777777776
29,84,2536.0,1476.5777777777776,38.247424242424245,66,0,2521.0,2551.0,2551.0,2521.0,1451.5777777777776,1501.5777777777776
29,85,2566.0,1476.5777777777776,36.68392857142857,56,0,2551.0,2581.0,2581.0,2551.0,1451.5777777777776,1501.5777777777776
29,86,2596.0,1476.5777777777776,27.811684210526316,95,0,2581.0,2611.0,2611.0,2581.0,1451.5777777777776,1501.5777777777776
29,87,2626.0,1476.5777777777776,23.50717171717171,99,0,2611.0,2641.0,2641.0,2611.0,1451.5777777777776,1501.5777777777776
29,88,2656.0,1476.5777777777776,29.795454545454536,88,0,2641.0,2671.0,2671.0,2641.0,1451.5777777777776,1501.5777777777776
29,89,2686.0,1476.5777777777776,43.37629032258063,62,0,2671.0,2701.0,2701.0,2671.0,1451.5777777777776,1501.5777777777776
29,90,2716.0,1476.5777777777776,43.19745454545454,55,0,2701.0,2731.0,2731.0,2701.0,1451.5777777777776,1501.5777777777776
29,91,2746.0,1476.5777777777776,44.09777777777778,54,0,2731.0,2761.0,2761.0,2731.0,1451.5777777777776,1501.5777777777776
29,92,2776.0,1476.5777777777776,46.20157894736842,57,0,2761.0,2791.0,2791.0,2761.0,1451.5777777777776,1501.5777777777776
29,93,2806.0,1476.5777777777776,43.64647058823528,51,0,2791.0,2821.0,2821.0,2791.0,1451.5777777777776,1501.5777777777776
29,94,2836.0,1476.5777777777776,38.12308823529412,68,0,2821.0,2851.0,2851.0,2821.0,1451.5777777777776,1501.5777777777776
29,95,2866.0,1476.5777777777776,30.96459999999999,100,0,2851.0,2881.0,2881.0,2851.0,1451.5777777777776,1501.5777777777776
29,96,2896.0,1476.5777777777776,23.719230769230766,104,0,2881.0,2911.0,2911.0,2881.0,1451.5777777777776,1501.5777777777776
29,97,2926.0,1476.5777777777776,23.557941176470575,102,0,2911.0,2941.0,2941.0,2911.0,1451.5777777777776,1501.5777777777776
29,98,2956.0,1476.5777777777776,26.767750000000007,80,0,2941.0,2971.0,2971.0,2941.0,1451.5777777777776,1501.5777777777776
29,99,2986.0,1476.5777777777776,33.162656250000005,64,0,2971.0,3001.0,3001.0,2971.0,1451.5777777777776,1501.5777777777776
29,100,3016.0,1476.5777777777776,38.49148936170213,47,0,3001.0,3031.0,3031.0,3001.0,1451.5777777777776,1501.5777777777776
29,101,3046.0,1476.5777777777776,38.37945454545456,55,0,3031.0,3061.0,3061.0,3031.0,1451.5777777777776,1501.5777777777776
29,102,3076.0,1476.5777777777776,37.14087719298245,57,0,3061.0,3091.0,3091.0,3061.0,1451.5777777777776,1501.5777777777776
29,103,3106.0,1476.5777777777776,35.51651515151515,66,0,3091.0,3121.0,3121.0,3091.0,1451.5777777777776,1501.5777777777776
29,104,3136.0,1476.5777777777776,30.254074074074072,81,0,3121.0,3151.0,3151.0,3121.0,1451.5777777777776,1501.5777777777776
29,105,3166.0,1476.5777777777776,31.505,66,0,3151.0,3181.0,3181.0,3151.0,1451.5777777777776,1501.5777777777776
29,106,3196.0,1476.5777777777776,38.037857142857135,56,0,3181.0,3211.0,3211.0,3181.0,1451.5777777777776,1501.5777777777776
29,107,3226.0,1476.5777777777776,37.56412698412701,63,0,3211.0,3241.0,3241.0,3211.0,1451.5777777777776,1501.5777777777776
29,108,3256.0,1476.5777777777776,34.435,64,0,3241.0,3271.0,3271.0,3241.0,1451.5777777777776,1501.5777777777776
29,109,3286.0,1476.5777777777776,36.05515151515152,66,0,3271.0,3301.0,3301.0,3271.0,1451.5777777777776,1501.5777777777776
29,110,3316.0,1476.5777777777776,36.21702702702702,74,0,3301.0,3331.0,3331.0,3301.0,1451.5777777777776,1501.5777777777776
29,111,3346.0,1476.5777777777776,39.0677049180328,61,0,3331.0,3361.0,3361.0,3331.0,1451.5777777777776,1501.5777777777776
29,112,3376.0,1476.5777777777776,38.33193548387098,62,0,3361.0,3391.0,3391.0,3361.0,1451.5777777777776,1501.5777777777776
29,113,3406.0,1476.5777777777776,38.53156249999999,64,0,3391.0,3421.0,3421.0,3391.0,1451.5777777777776,1501.5777777777776
29,114,3436.0,1476.5777777777776,38.69421052631579,57,0,3421.0,3451.0,3451.0,3421.0,1451.5777777777776,1501.5777777777776
29,115,3466.0,1476.5777777777776,31.229384615384603,65,0,3451.0,3481.0,3481.0,3451.0,1451.5777777777776,1501.5777777777776
29,116,3496.0,1476.5777777777776,28.20912087912087,91,0,3481.0,3511.0,3511.0,3481.0,1451.5777777777776,1501.5777777777776
29,117,3526.0,1476.5777777777776,28.861428571428586,63,0,3511.0,3541.0,3541.0,3511.0,1451.5777777777776,1501.5777777777776
29,118,3556.0,1476.5777777777776,29.047936507936512,63,0,3541.0,3571.0,3571.0,3541.0,1451.5777777777776,1501.5777777777776
29,119,3586.0,1476.5777777777776,29.25064516129033,62,0,3571.0,3601.0,3601.0,3571.0,1451.5777777777776,1501.5777777777776
29,120,3616.0,1476.5777777777776,32.61474576271184,59,0,3601.0,3631.0,3631.0,3601.0,1451.5777777777776,1501.5777777777776
29,121,3646.0,1476.5777777777776,37.82974358974359,39,0,3631.0,3661.0,3661.0,3631.0,1451.5777777777776,1501.5777777777776
29,122,3676.0,1476.5777777777776,37.68500000000001,38,0,3661.0,3691.0,3691.0,3661.0,1451.5777777777776,1501.5777777777776
29,123,3706.0,1476.5777777777776,33.553999999999995,45,0,3691.0,3721.0,3721.0,3691.0,1451.5777777777776,1501.5777777777776
29,124,3736.0,1476.5777777777776,32.6206,50,0,3721.0,3751.0,3751.0,3721.0,1451.5777777777776,1501.5777777777776
29,125,3766.0,1476.5777777777776,37.99807692307693,52,0,3751.0,3781.0,3781.0,3751.0,1451.5777777777776,1501.5777777777776
29,126,3796.0,1476.5777777777776,35.48325581395349,43,0,3781.0,3811.0,3811.0,3781.0,1451.5777777777776,1501.5777777777776
29,127,3826.0,1476.5777777777776,38.165161290322594,31,0,3811.0,3841.0,3841.0,3811.0,1451.5777777777776,1501.5777777777776
29,128,3856.0,1476.5777777777776,,0,0,3841.0,3871.0,3871.0,3841.0,1451.5777777777776,1501.5777777777776
29,129,3886.0,1476.5777777777776,,0,0,3871.0,3901.0,3901.0,3871.0,1451.5777777777776,1501.5777777777776
30,0,16.0,1526.5777777777776,52.40208333333333,24,0,1.0,31.0,31.0,1.0,1501.5777777777776,1551.5777777777776
30,1,46.0,1526.5777777777776,48.49533333333332,60,0,31.0,61.0,61.0,31.0,1501.5777777777776,1551.5777777777776
30,2,76.0,1526.5777777777776,51.27095238095237,42,0,61.0,91.0,91.0,61.0,1501.5777777777776,1551.5777777777776
30,3,106.0,1526.5777777777776,51.038500000000006,40,0,91.0,121.0,121.0,91.0,1501.5777777777776,1551.5777777777776
30,4,136.0,1526.5777777777776,58.16359999999999,25,0,121.0,151.0,151.0,121.0,1501.5777777777776,1551.5777777777776
30,5,166.0,1526.5777777777776,56.54400000000001,30,0,151.0,181.0,181.0,151.0,1501.5777777777776,1551.5777777777776
30,6,196.0,1526.5777777777776,60.37217391304348,23,0,181.0,211.0,211.0,181.0,1501.5777777777776,1551.5777777777776
30,7,226.0,1526.5777777777776,52.13156862745096,51,0,211.0,241.0,241.0,211.0,1501.5777777777776,1551.5777777777776
30,8,256.0,1526.5777777777776,50.05945454545454,55,0,241.0,271.0,271.0,241.0,1501.5777777777776,1551.5777777777776
30,9,286.0,1526.5777777777776,49.17318181818184,44,0,271.0,301.0,301.0,271.0,1501.5777777777776,1551.5777777777776
30,10,316.0,1526.5777777777776,64.55260869565217,23,0,301.0,331.0,331.0,301.0,1501.5777777777776,1551.5777777777776
30,11,346.0,1526.5777777777776,71.09857142857143,21,0,331.0,361.0,361.0,331.0,1501.5777777777776,1551.5777777777776
30,12,376.0,1526.5777777777776,66.22444444444446,18,0,361.0,391.0,391.0,361.0,1501.5777777777776,1551.5777777777776
30,13,406.0,1526.5777777777776,66.82062499999999,32,0,391.0,421.0,421.0,391.0,1501.5777777777776,1551.5777777777776
30,14,436.0,1526.5777777777776,66.446,35,0,421.0,451.0,451.0,421.0,1501.5777777777776,1551.5777777777776
30,15,466.0,1526.5777777777776,59.02807692307693,26,0,451.0,481.0,481.0,451.0,1501.5777777777776,1551.5777777777776
30,16,496.0,1526.5777777777776,55.0355,40,0,481.0,511.0,511.0,481.0,1501.5777777777776,1551.5777777777776
30,17,526.0,1526.5777777777776,58.44242424242424,33,0,511.0,541.0,541.0,511.0,1501.5777777777776,1551.5777777777776
30,18,556.0,1526.5777777777776,48.08763636363635,55,0,541.0,571.0,571.0,541.0,1501.5777777777776,1551.5777777777776
30,19,586.0,1526.5777777777776,46.34760869565218,46,0,571.0,601.0,601.0,571.0,1501.5777777777776,1551.5777777777776
30,20,616.0,1526.5777777777776,44.52462962962963,54,0,601.0,631.0,631.0,601.0,1501.5777777777776,1551.5777777777776
30,21,646.0,1526.5777777777776,49.20140000000001,50,0,631.0,661.0,661.0,631.0,1501.5777777777776,1551.5777777777776
30,22,676.0,1526.5777777777776,41.228823529411756,51,0,661.0,691.0,691.0,661.0,1501.5777777777776,1551.5777777777776
30,23,706.0,1526.5777777777776,60.37527777777777,36,0,691.0,721.0,721.0,691.0,1501.5777777777776,1551.5777777777776
30,24,736.0,1526.5777777777776,62.86523809523809,21,0,721.0,751.0,751.0,721.0,1501.5777777777776,1551.5777777777776
30,25,766.0,1526.5777777777776,55.45612244897959,49,0,751.0,781.0,781.0,751.0,1501.5777777777776,1551.5777777777776
30,26,796.0,1526.5777777777776,56.00555555555554,36,0,781.0,811.0,811.0,781.0,1501.5777777777776,1551.5777777777776
30,27,826.0,1526.5777777777776,55.707222222222214,36,0,811.0,841.0,841.0,811.0,1501.5777777777776,1551.5777777777776
30,28,856.0,1526.5777777777776,51.30439024390245,41,0,841.0,871.0,871.0,841.0,1501.5777777777776,1551.5777777777776
30,29,886.0,1526.5777777777776,51.15744186046511,43,0,871.0,901.0,901.0,871.0,1501.5777777777776,1551.5777777777776
30,30,916.0,1526.5777777777776,48.66020408163266,49,0,901.0,931.0,931.0,901.0,1501.5777777777776,1551.5777777777776
30,31,946.0,1526.5777777777776,58.41782608695652,23,0,931.0,961.0,961.0,931.0,1501.5777777777776,1551.5777777777776
30,32,976.0,1526.5777777777776,54.65958333333333,24,0,961.0,991.0,991.0,961.0,1501.5777777777776,1551.5777777777776
30,33,1006.0,1526.5777777777776,51.422926829268285,41,0,991.0,1021.0,1021.0,991.0,1501.5777777777776,1551.5777777777776
30,34,1036.0,1526.5777777777776,51.587399999999995,50,0,1021.0,1051.0,1051.0,1021.0,1501.5777777777776,1551.5777777777776
30,35,1066.0,1526.5777777777776,51.096399999999996,50,0,1051.0,1081.0,1081.0,1051.0,1501.5777777777776,1551.5777777777776
30,36,1096.0,1526.5777777777776,52.58652173913043,46,0,1081.0,1111.0,1111.0,1081.0,1501.5777777777776,1551.5777777777776
30,37,1126.0,1526.5777777777776,46.778076923076924,52,0,1111.0,1141.0,1141.0,1111.0,1501.5777777777776,1551.5777777777776
30,38,1156.0,1526.5777777777776,42.87086206896552,58,0,1141.0,1171.0,1171.0,1141.0,1501.5777777777776,1551.5777777777776
30,39,1186.0,1526.5777777777776,40.61508771929824,57,0,1171.0,1201.0,1201.0,1171.0,1501.5777777777776,1551.5777777777776
30,40,1216.0,1526.5777777777776,33.315277777777766,72,0,1201.0,1231.0,1231.0,1201.0,1501.5777777777776,1551.5777777777776
30,41,1246.0,1526.5777777777776,27.07304347826087,69,0,1231.0,1261.0,1261.0,1231.0,1501.5777777777776,1551.5777777777776
30,42,1276.0,1526.5777777777776,30.492537313432837,67,0,1261.0,1291.0,1291.0,1261.0,1501.5777777777776,1551.5777777777776
30,43,1306.0,1526.5777777777776,39.130625000000016,48,0,1291.0,1321.0,1321.0,1291.0,1501.5777777777776,1551.5777777777776
30,44,1336.0,1526.5777777777776,43.66727272727273,44,0,1321.0,1351.0,1351.0,1321.0,1501.5777777777776,1551.5777777777776
30,45,1366.0,1526.5777777777776,38.43868852459018,61,0,1351.0,1381.0,1381.0,1351.0,1501.5777777777776,1551.5777777777776
30,46,1396.0,1526.5777777777776,35.45352941176471,51,0,1381.0,1411.0,1411.0,1381.0,1501.5777777777776,1551.5777777777776
30,47,1426.0,1526.5777777777776,31.761690140845076,71,0,1411.0,1441.0,1441.0,1411.0,1501.5777777777776,1551.5777777777776
30,48,1456.0,1526.5777777777776,30.996206896551723,58,0,1441.0,1471.0,1471.0,1441.0,1501.5777777777776,1551.5777777777776
30,49,1486.0,1526.5777777777776,31.48879518072289,83,0,1471.0,1501.0,1501.0,1471.0,1501.5777777777776,1551.5777777777776
30,50,1516.0,1526.5777777777776,32.39694915254237,59,0,1501.0,1531.0,1531.0,1501.0,1501.5777777777776,1551.5777777777776
30,51,1546.0,1526.5777777777776,29.74851351351351,74,0,1531.0,1561.0,1561.0,1531.0,1501.5777777777776,1551.5777777777776
30,52,1576.0,1526.5777777777776,32.21793103448276,58,0,1561.0,1591.0,1591.0,1561.0,1501.5777777777776,1551.5777777777776
30,53,1606.0,1526.5777777777776,36.84446808510639,47,0,1591.0,1621.0,1621.0,1591.0,1501.5777777777776,1551.5777777777776
30,54,1636.0,1526.5777777777776,33.408032786885244,61,0,1621.0,1651.0,1651.0,1621.0,1501.5777777777776,1551.5777777777776
30,55,1666.0,1526.5777777777776,34.52018518518518,54,0,1651.0,1681.0,1681.0,1651.0,1501.5777777777776,1551.5777777777776
30,56,1696.0,1526.5777777777776,35.483934426229524,61,0,1681.0,1711.0,1711.0,1681.0,1501.5777777777776,1551.5777777777776
30,57,1726.0,1526.5777777777776,38.803833333333316,60,0,1711.0,1741.0,1741.0,1711.0,1501.5777777777776,1551.5777777777776
30,58,1756.0,1526.5777777777776,40.78415094339623,53,0,1741.0,1771.0,1771.0,1741.0,1501.5777777777776,1551.5777777777776
30,59,1786.0,1526.5777777777776,40.80518518518519,54,0,1771.0,1801.0,1801.0,1771.0,1501.5777777777776,1551.5777777777776
30,60,1816.0,1526.5777777777776,38.944107142857135,56,0,1801.0,1831.0,1831.0,1801.0,1501.5777777777776,1551.5777777777776
30,61,1846.0,1526.5777777777776,39.47706896551725,58,0,1831.0,1861.0,1861.0,1831.0,1501.5777777777776,1551.5777777777776
30,62,1876.0,1526.5777777777776,37.579104477611935,67,0,1861.0,1891.0,1891.0,1861.0,1501.5777777777776,1551.5777777777776
30,63,1906.0,1526.5777777777776,39.31054545454546,55,0,1891.0,1921.0,1921.0,1891.0,1501.5777777777776,1551.5777777777776
30,64,1936.0,1526.5777777777776,43.62774999999999,40,0,1921.0,1951.0,1951.0,1921.0,1501.5777777777776,1551.5777777777776
30,65,1966.0,1526.5777777777776,41.810363636363626,55,0,1951.0,1981.0,1981.0,1951.0,1501.5777777777776,1551.5777777777776
30,66,1996.0,1526.5777777777776,43.996799999999986,50,0,1981.0,2011.0,2011.0,1981.0,1501.5777777777776,1551.5777777777776
30,67,2026.0,1526.5777777777776,44.93945454545454,55,0,2011.0,2041.0,2041.0,2011.0,1501.5777777777776,1551.5777777777776
30,68,2056.0,1526.5777777777776,46.23268292682927,41,0,2041.0,2071.0,2071.0,2041.0,1501.5777777777776,1551.5777777777776
30,69,2086.0,1526.5777777777776,42.578125,48,0,2071.0,2101.0,2101.0,2071.0,1501.5777777777776,1551.5777777777776
30,70,2116.0,1526.5777777777776,42.70512195121952,41,0,2101.0,2131.0,2131.0,2101.0,1501.5777777777776,1551.5777777777776
30,71,2146.0,1526.5777777777776,38.33431034482759,58,0,2131.0,2161.0,2161.0,2131.0,1501.5777777777776,1551.5777777777776
30,72,2176.0,1526.5777777777776,40.66,52,0,2161.0,2191.0,2191.0,2161.0,1501.5777777777776,1551.5777777777776
30,73,2206.0,1526.5777777777776,41.01639344262294,61,0,2191.0,2221.0,2221.0,2191.0,1501.5777777777776,1551.5777777777776
30,74,2236.0,1526.5777777777776,43.41754098360655,61,0,2221.0,2251.0,2251.0,2221.0,1501.5777777777776,1551.5777777777776
30,75,2266.0,1526.5777777777776,43.43272727272726,55,0,2251.0,2281.0,2281.0,2251.0,1501.5777777777776,1551.5777777777776
30,76,2296.0,1526.5777777777776,43.6397619047619,42,0,2281.0,2311.0,2311.0,2281.0,1501.5777777777776,1551.5777777777776
30,77,2326.0,1526.5777777777776,43.18166666666667,54,0,2311.0,2341.0,2341.0,2311.0,1501.5777777777776,1551.5777777777776
30,78,2356.0,1526.5777777777776,39.64396226415096,53,0,2341.0,2371.0,2371.0,2341.0,1501.5777777777776,1551.5777777777776
30,79,2386.0,1526.5777777777776,36.258064516129046,62,0,2371.0,2401.0,2401.0,2371.0,1501.5777777777776,1551.5777777777776
30,80,2416.0,1526.5777777777776,40.61061224489796,49,0,2401.0,2431.0,2431.0,2401.0,1501.5777777777776,1551.5777777777776
30,81,2446.0,1526.5777777777776,42.56559322033898,59,0,2431.0,2461.0,2461.0,2431.0,1501.5777777777776,1551.5777777777776
30,82,2476.0,1526.5777777777776,41.51999999999999,46,0,2461.0,2491.0,2491.0,2461.0,1501.5777777777776,1551.5777777777776
30,83,2506.0,1526.5777777777776,37.70941176470588,68,0,2491.0,2521.0,2521.0,2491.0,1501.5777777777776,1551.5777777777776
30,84,2536.0,1526.5777777777776,35.41171875,64,0,2521.0,2551.0,2551.0,2521.0,1501.5777777777776,1551.5777777777776
30,85,2566.0,1526.5777777777776,35.29379310344827,58,0,2551.0,2581.0,2581.0,2551.0,1501.5777777777776,1551.5777777777776
30,86,2596.0,1526.5777777777776,25.741167247386766,82,0,2581.0,2611.0,2611.0,2581.0,1501.5777777777776,1551.5777777777776
30,87,2626.0,1526.5777777777776,27.932564102564093,78,0,2611.0,2641.0,2641.0,2611.0,1501.5777777777776,1551.5777777777776
30,88,2656.0,1526.5777777777776,30.419859154929565,71,0,2641.0,2671.0,2671.0,2641.0,1501.5777777777776,1551.5777777777776
30,89,2686.0,1526.5777777777776,37.513571428571424,70,0,2671.0,2701.0,2701.0,2671.0,1501.5777777777776,1551.5777777777776
30,90,2716.0,1526.5777777777776,42.13694915254237,59,0,2701.0,2731.0,2731.0,2701.0,1501.5777777777776,1551.5777777777776
30,91,2746.0,1526.5777777777776,43.676296296296286,54,0,2731.0,2761.0,2761.0,2731.0,1501.5777777777776,1551.5777777777776
30,92,2776.0,1526.5777777777776,45.496166666666674,60,0,2761.0,2791.0,2791.0,2761.0,1501.5777777777776,1551.5777777777776
30,93,2806.0,1526.5777777777776,44.507222222222204,54,0,2791.0,2821.0,2821.0,2791.0,1501.5777777777776,1551.5777777777776
30,94,2836.0,1526.5777777777776,32.23575342465752,73,0,2821.0,2851.0,2851.0,2821.0,1501.5777777777776,1551.5777777777776
30,95,2866.0,1526.5777777777776,25.72500000000001,96,0,2851.0,2881.0,2881.0,2851.0,1501.5777777777776,1551.5777777777776
30,96,2896.0,1526.5777777777776,26.872777777777763,90,0,2881.0,2911.0,2911.0,2881.0,1501.5777777777776,1551.5777777777776
30,97,2926.0,1526.5777777777776,28.09144578313253,83,0,2911.0,2941.0,2941.0,2911.0,1501.5777777777776,1551.5777777777776
30,98,2956.0,1526.5777777777776,31.580298507462675,67,0,2941.0,2971.0,2971.0,2941.0,1501.5777777777776,1551.5777777777776
30,99,2986.0,1526.5777777777776,35.0695,60,0,2971.0,3001.0,3001.0,2971.0,1501.5777777777776,1551.5777777777776
30,100,3016.0,1526.5777777777776,40.88260869565217,46,0,3001.0,3031.0,3031.0,3001.0,1501.5777777777776,1551.5777777777776
30,101,3046.0,1526.5777777777776,40.70903846153846,52,0,3031.0,3061.0,3061.0,3031.0,1501.5777777777776,1551.5777777777776
30,102,3076.0,1526.5777777777776,40.08428571428571,56,0,3061.0,3091.0,3091.0,3061.0,1501.5777777777776,1551.5777777777776
30,103,3106.0,1526.5777777777776,38.90518518518519,54,0,3091.0,3121.0,3121.0,3091.0,1501.5777777777776,1551.5777777777776
30,104,3136.0,1526.5777777777776,34.871492537313436,67,0,3121.0,3151.0,3151.0,3121.0,1501.5777777777776,1551.5777777777776
30,105,3166.0,1526.5777777777776,34.612698412698414,63,0,3151.0,3181.0,3181.0,3151.0,1501.5777777777776,1551.5777777777776
30,106,3196.0,1526.5777777777776,38.877454545454555,55,0,3181.0,3211.0,3211.0,3181.0,1501.5777777777776,1551.5777777777776
30,107,3226.0,1526.5777777777776,40.978888888888896,54,0,3211.0,3241.0,3241.0,3211.0,1501.5777777777776,1551.5777777777776
30,108,3256.0,1526.5777777777776,38.651886792452835,53,0,3241.0,3271.0,3271.0,3241.0,1501.5777777777776,1551.5777777777776
30,109,3286.0,1526.5777777777776,37.11203389830508,59,0,3271.0,3301.0,3301.0,3271.0,1501.5777777777776,1551.5777777777776
30,110,3316.0,1526.5777777777776,37.7966176470588,68,0,3301.0,3331.0,3331.0,3301.0,1501.5777777777776,1551.5777777777776
30,111,3346.0,1526.5777777777776,39.23126984126984,63,0,3331.0,3361.0,3361.0,3331.0,1501.5777777777776,1551.5777777777776
30,112,3376.0,1526.5777777777776,37.80355932203391,59,0,3361.0,3391.0,3391.0,3361.0,1501.5777777777776,1551.5777777777776
30,113,3406.0,1526.5777777777776,41.16924242424243,66,0,3391.0,3421.0,3421.0,3391.0,1501.5777777777776,1551.5777777777776
30,114,3436.0,1526.5777777777776,42.367547169811324,53,0,3421.0,3451.0,3451.0,3421.0,1501.5777777777776,1551.5777777777776
30,115,3466.0,1526.5777777777776,35.68553571428571,56,0,3451.0,3481.0,3481.0,3451.0,1501.5777777777776,1551.5777777777776
30,116,3496.0,1526.5777777777776,31.602297297297298,74,0,3481.0,3511.0,3511.0,3481.0,1501.5777777777776,1551.5777777777776
30,117,3526.0,1526.5777777777776,32.26461538461538,52,0,3511.0,3541.0,3541.0,3511.0,1501.5777777777776,1551.5777777777776
30,118,3556.0,1526.5777777777776,31.95462962962963,54,0,3541.0,3571.0,3571.0,3541.0,1501.5777777777776,1551.5777777777776
30,119,3586.0,1526.5777777777776,32.49870370370371,54,0,3571.0,3601.0,3601.0,3571.0,1501.5777777777776,1551.5777777777776
30,120,3616.0,1526.5777777777776,33.44216666666666,60,0,3601.0,3631.0,3631.0,3601.0,1501.5777777777776,1551.5777777777776
30,121,3646.0,1526.5777777777776,40.40634146341464,41,0,3631.0,3661.0,3661.0,3631.0,1501.5777777777776,1551.5777777777776
30,122,3676.0,1526.5777777777776,41.350555555555545,36,0,3661.0,3691.0,3691.0,3661.0,1501.5777777777776,1551.5777777777776
30,123,3706.0,1526.5777777777776,38.36628571428571,35,0,3691.0,3721.0,3721.0,3691.0,1501.5777777777776,1551.5777777777776
30,124,3736.0,1526.5777777777776,35.43309523809525,42,0,3721.0,3751.0,3751.0,3721.0,1501.5777777777776,1551.5777777777776
30,125,3766.0,1526.5777777777776,38.10105263157895,57,0,3751.0,3781.0,3781.0,3751.0,1501.5777777777776,1551.5777777777776
30,126,3796.0,1526.5777777777776,36.417906976744185,43,0,3781.0,3811.0,3811.0,3781.0,1501.5777777777776,1551.5777777777776
30,127,3826.0,1526.5777777777776,37.77166666666666,36,0,3811.0,3841.0,3841.0,3811.0,1501.5777777777776,1551.5777777777776
30,128,3856.0,1526.5777777777776,,0,0,3841.0,3871.0,3871.0,3841.0,1501.5777777777776,1551.5777777777776
30,129,3886.0,1526.5777777777776,,0,0,3871.0,3901.0,3901.0,3871.0,1501.5777777777776,1551.5777777777776
31,0,16.0,1576.5777777777776,56.05666666666666,15,0,1.0,31.0,31.0,1.0,1551.5777777777776,1601.5777777777776
31,1,46.0,1576.5777777777776,49.93163934426228,61,0,31.0,61.0,61.0,31.0,1551.5777777777776,1601.5777777777776
31,2,76.0,1576.5777777777776,50.63311111111112,45,0,61.0,91.0,91.0,61.0,1551.5777777777776,1601.5777777777776
31,3,106.0,1576.5777777777776,50.76121951219511,41,0,91.0,121.0,121.0,91.0,1551.5777777777776,1601.5777777777776
31,4,136.0,1576.5777777777776,59.239655172413784,29,0,121.0,151.0,151.0,121.0,1551.5777777777776,1601.5777777777776
31,5,166.0,1576.5777777777776,56.58214285714286,32,0,151.0,181.0,181.0,151.0,1551.5777777777776,1601.5777777777776
31,6,196.0,1576.5777777777776,61.30286549707604,19,0,181.0,211.0,211.0,181.0,1551.5777777777776,1601.5777777777776
31,7,226.0,1576.5777777777776,54.508541666666666,48,0,211.0,241.0,241.0,211.0,1551.5777777777776,1601.5777777777776
31,8,256.0,1576.5777777777776,49.29137254901961,51,0,241.0,271.0,271.0,241.0,1551.5777777777776,1601.5777777777776
31,9,286.0,1576.5777777777776,48.93666666666667,45,0,271.0,301.0,301.0,271.0,1551.5777777777776,1601.5777777777776
31,10,316.0,1576.5777777777776,64.76347826086955,23,0,301.0,331.0,331.0,301.0,1551.5777777777776,1601.5777777777776
31,11,346.0,1576.5777777777776,73.3495652173913,23,0,331.0,361.0,361.0,331.0,1551.5777777777776,1601.5777777777776
31,12,376.0,1576.5777777777776,66.71818713450293,19,0,361.0,391.0,391.0,361.0,1551.5777777777776,1601.5777777777776
31,13,406.0,1576.5777777777776,67.51461538461541,26,0,391.0,421.0,421.0,391.0,1551.5777777777776,1601.5777777777776
31,14,436.0,1576.5777777777776,65.99791666666667,36,0,421.0,451.0,451.0,421.0,1551.5777777777776,1601.5777777777776
31,15,466.0,1576.5777777777776,61.71222222222223,27,0,451.0,481.0,481.0,451.0,1551.5777777777776,1601.5777777777776
31,16,496.0,1576.5777777777776,56.27485714285714,35,0,481.0,511.0,511.0,481.0,1551.5777777777776,1601.5777777777776
31,17,526.0,1576.5777777777776,59.76172413793103,29,0,511.0,541.0,541.0,511.0,1551.5777777777776,1601.5777777777776
31,18,556.0,1576.5777777777776,51.664549266247384,53,0,541.0,571.0,571.0,541.0,1551.5777777777776,1601.5777777777776
31,19,586.0,1576.5777777777776,47.46297872340425,47,0,571.0,601.0,601.0,571.0,1551.5777777777776,1601.5777777777776
31,20,616.0,1576.5777777777776,47.27519230769231,52,0,601.0,631.0,631.0,601.0,1551.5777777777776,1601.5777777777776
31,21,646.0,1576.5777777777776,50.09215686274511,51,0,631.0,661.0,661.0,631.0,1551.5777777777776,1601.5777777777776
31,22,676.0,1576.5777777777776,44.394000000000005,50,0,661.0,691.0,691.0,661.0,1551.5777777777776,1601.5777777777776
31,23,706.0,1576.5777777777776,57.3751515151515,33,0,691.0,721.0,721.0,691.0,1551.5777777777776,1601.5777777777776
31,24,736.0,1576.5777777777776,64.89666666666665,24,0,721.0,751.0,751.0,721.0,1551.5777777777776,1601.5777777777776
31,25,766.0,1576.5777777777776,56.466521739130414,46,0,751.0,781.0,781.0,751.0,1551.5777777777776,1601.5777777777776
31,26,796.0,1576.5777777777776,54.46600000000001,45,0,781.0,811.0,811.0,781.0,1551.5777777777776,1601.5777777777776
31,27,826.0,1576.5777777777776,58.8751515151515,33,0,811.0,841.0,841.0,811.0,1551.5777777777776,1601.5777777777776
31,28,856.0,1576.5777777777776,50.516999999999996,50,0,841.0,871.0,871.0,841.0,1551.5777777777776,1601.5777777777776
31,29,886.0,1576.5777777777776,52.88,43,0,871.0,901.0,901.0,871.0,1551.5777777777776,1601.5777777777776
31,30,916.0,1576.5777777777776,47.59173076923077,52,0,901.0,931.0,931.0,901.0,1551.5777777777776,1601.5777777777776
31,31,946.0,1576.5777777777776,58.185769230769225,26,0,931.0,961.0,961.0,931.0,1551.5777777777776,1601.5777777777776
31,32,976.0,1576.5777777777776,55.33909090909092,22,0,961.0,991.0,991.0,961.0,1551.5777777777776,1601.5777777777776
31,33,1006.0,1576.5777777777776,54.09897435897436,39,0,991.0,1021.0,1021.0,991.0,1551.5777777777776,1601.5777777777776
31,34,1036.0,1576.5777777777776,50.30387755102041,49,0,1021.0,1051.0,1051.0,1021.0,1551.5777777777776,1601.5777777777776
31,35,1066.0,1576.5777777777776,51.389591836734716,49,0,1051.0,1081.0,1081.0,1051.0,1551.5777777777776,1601.5777777777776
31,36,1096.0,1576.5777777777776,51.405853658536586,41,0,1081.0,1111.0,1111.0,1081.0,1551.5777777777776,1601.5777777777776
31,37,1126.0,1576.5777777777776,45.83980392156861,51,0,1111.0,1141.0,1141.0,1111.0,1551.5777777777776,1601.5777777777776
31,38,1156.0,1576.5777777777776,41.76909090909091,55,0,1141.0,1171.0,1171.0,1141.0,1551.5777777777776,1601.5777777777776
31,39,1186.0,1576.5777777777776,38.11737704918033,61,0,1171.0,1201.0,1201.0,1171.0,1551.5777777777776,1601.5777777777776
31,40,1216.0,1576.5777777777776,22.55010416666666,96,0,1201.0,1231.0,1231.0,1201.0,1551.5777777777776,1601.5777777777776
31,41,1246.0,1576.5777777777776,27.267142857142854,63,0,1231.0,1261.0,1261.0,1231.0,1551.5777777777776,1601.5777777777776
31,42,1276.0,1576.5777777777776,35.11071428571429,56,0,1261.0,1291.0,1291.0,1261.0,1551.5777777777776,1601.5777777777776
31,43,1306.0,1576.5777777777776,42.14283018867924,53,0,1291.0,1321.0,1321.0,1291.0,1551.5777777777776,1601.5777777777776
31,44,1336.0,1576.5777777777776,45.95658536585365,41,0,1321.0,1351.0,1351.0,1321.0,1551.5777777777776,1601.5777777777776
31,45,1366.0,1576.5777777777776,44.2804081632653,49,0,1351.0,1381.0,1381.0,1351.0,1551.5777777777776,1601.5777777777776
31,46,1396.0,1576.5777777777776,41.4443181818182,44,0,1381.0,1411.0,1411.0,1381.0,1551.5777777777776,1601.5777777777776
31,47,1426.0,1576.5777777777776,37.041272727272734,55,0,1411.0,1441.0,1441.0,1411.0,1551.5777777777776,1601.5777777777776
31,48,1456.0,1576.5777777777776,35.062578616352205,53,0,1441.0,1471.0,1471.0,1441.0,1551.5777777777776,1601.5777777777776
31,49,1486.0,1576.5777777777776,34.61200000000001,75,0,1471.0,1501.0,1501.0,1471.0,1551.5777777777776,1601.5777777777776
31,50,1516.0,1576.5777777777776,37.85983606557376,61,0,1501.0,1531.0,1531.0,1501.0,1551.5777777777776,1601.5777777777776
31,51,1546.0,1576.5777777777776,32.59385714285714,70,0,1531.0,1561.0,1561.0,1531.0,1551.5777777777776,1601.5777777777776
31,52,1576.0,1576.5777777777776,35.38981481481482,54,0,1561.0,1591.0,1591.0,1561.0,1551.5777777777776,1601.5777777777776
31,53,1606.0,1576.5777777777776,42.334565217391294,46,0,1591.0,1621.0,1621.0,1591.0,1551.5777777777776,1601.5777777777776
31,54,1636.0,1576.5777777777776,37.346458333333324,48,0,1621.0,1651.0,1651.0,1621.0,1551.5777777777776,1601.5777777777776
31,55,1666.0,1576.5777777777776,37.95799999999999,55,0,1651.0,1681.0,1681.0,1651.0,1551.5777777777776,1601.5777777777776
31,56,1696.0,1576.5777777777776,38.721999999999994,55,0,1681.0,1711.0,1711.0,1681.0,1551.5777777777776,1601.5777777777776
31,57,1726.0,1576.5777777777776,40.93039999999999,50,0,1711.0,1741.0,1741.0,1711.0,1551.5777777777776,1601.5777777777776
31,58,1756.0,1576.5777777777776,40.971836734693895,49,0,1741.0,1771.0,1771.0,1741.0,1551.5777777777776,1601.5777777777776
31,59,1786.0,1576.5777777777776,43.01923076923079,52,0,1771.0,1801.0,1801.0,1771.0,1551.5777777777776,1601.5777777777776
31,60,1816.0,1576.5777777777776,41.08688888888889,45,0,1801.0,1831.0,1831.0,1801.0,1551.5777777777776,1601.5777777777776
31,61,1846.0,1576.5777777777776,41.049056603773586,53,0,1831.0,1861.0,1861.0,1831.0,1551.5777777777776,1601.5777777777776
31,62,1876.0,1576.5777777777776,41.8113559322034,59,0,1861.0,1891.0,1891.0,1861.0,1551.5777777777776,1601.5777777777776
31,63,1906.0,1576.5777777777776,40.464230769230774,52,0,1891.0,1921.0,1921.0,1891.0,1551.5777777777776,1601.5777777777776
31,64,1936.0,1576.5777777777776,44.38906976744187,43,0,1921.0,1951.0,1951.0,1921.0,1551.5777777777776,1601.5777777777776
31,65,1966.0,1576.5777777777776,45.1888,50,0,1951.0,1981.0,1981.0,1951.0,1551.5777777777776,1601.5777777777776
31,66,1996.0,1576.5777777777776,44.91701388888888,48,0,1981.0,2011.0,2011.0,1981.0,1551.5777777777776,1601.5777777777776
31,67,2026.0,1576.5777777777776,46.85173076923078,52,0,2011.0,2041.0,2041.0,2011.0,1551.5777777777776,1601.5777777777776
31,68,2056.0,1576.5777777777776,48.08450000000001,40,0,2041.0,2071.0,2071.0,2041.0,1551.5777777777776,1601.5777777777776
31,69,2086.0,1576.5777777777776,46.03878048780488,41,0,2071.0,2101.0,2101.0,2071.0,1551.5777777777776,1601.5777777777776
31,70,2116.0,1576.5777777777776,46.22046511627906,43,0,2101.0,2131.0,2131.0,2101.0,1551.5777777777776,1601.5777777777776
31,71,2146.0,1576.5777777777776,38.96659090909091,44,0,2131.0,2161.0,2161.0,2131.0,1551.5777777777776,1601.5777777777776
31,72,2176.0,1576.5777777777776,44.360238095238095,42,0,2161.0,2191.0,2191.0,2161.0,1551.5777777777776,1601.5777777777776
31,73,2206.0,1576.5777777777776,42.92564516129032,62,0,2191.0,2221.0,2221.0,2191.0,1551.5777777777776,1601.5777777777776
31,74,2236.0,1576.5777777777776,43.67777777777779,54,0,2221.0,2251.0,2251.0,2221.0,1551.5777777777776,1601.5777777777776
31,75,2266.0,1576.5777777777776,43.733620689655176,58,0,2251.0,2281.0,2281.0,2251.0,1551.5777777777776,1601.5777777777776
31,76,2296.0,1576.5777777777776,43.35048780487804,41,0,2281.0,2311.0,2311.0,2281.0,1551.5777777777776,1601.5777777777776
31,77,2326.0,1576.5777777777776,42.89898305084745,59,0,2311.0,2341.0,2341.0,2311.0,1551.5777777777776,1601.5777777777776
31,78,2356.0,1576.5777777777776,42.54083333333332,48,0,2341.0,2371.0,2371.0,2341.0,1551.5777777777776,1601.5777777777776
31,79,2386.0,1576.5777777777776,37.522413793103446,58,0,2371.0,2401.0,2401.0,2371.0,1551.5777777777776,1601.5777777777776
31,80,2416.0,1576.5777777777776,41.126122448979594,49,0,2401.0,2431.0,2431.0,2401.0,1551.5777777777776,1601.5777777777776
31,81,2446.0,1576.5777777777776,42.087169811320756,53,0,2431.0,2461.0,2461.0,2431.0,1551.5777777777776,1601.5777777777776
31,82,2476.0,1576.5777777777776,41.11076923076923,52,0,2461.0,2491.0,2491.0,2461.0,1551.5777777777776,1601.5777777777776
31,83,2506.0,1576.5777777777776,40.73589285714287,56,0,2491.0,2521.0,2521.0,2491.0,1551.5777777777776,1601.5777777777776
31,84,2536.0,1576.5777777777776,39.389661016949134,59,0,2521.0,2551.0,2551.0,2521.0,1551.5777777777776,1601.5777777777776
31,85,2566.0,1576.5777777777776,34.49163934426229,61,0,2551.0,2581.0,2581.0,2551.0,1551.5777777777776,1601.5777777777776
31,86,2596.0,1576.5777777777776,31.19362318840579,69,0,2581.0,2611.0,2611.0,2581.0,1551.5777777777776,1601.5777777777776
31,87,2626.0,1576.5777777777776,35.35898305084746,59,0,2611.0,2641.0,2641.0,2611.0,1551.5777777777776,1601.5777777777776
31,88,2656.0,1576.5777777777776,36.16164179104477,67,0,2641.0,2671.0,2671.0,2641.0,1551.5777777777776,1601.5777777777776
31,89,2686.0,1576.5777777777776,38.36797101449275,69,0,2671.0,2701.0,2701.0,2671.0,1551.5777777777776,1601.5777777777776
31,90,2716.0,1576.5777777777776,44.2072619047619,56,0,2701.0,2731.0,2731.0,2701.0,1551.5777777777776,1601.5777777777776
31,91,2746.0,1576.5777777777776,46.48499999999999,50,0,2731.0,2761.0,2761.0,2731.0,1551.5777777777776,1601.5777777777776
31,92,2776.0,1576.5777777777776,43.581830065359476,51,0,2761.0,2791.0,2791.0,2761.0,1551.5777777777776,1601.5777777777776
31,93,2806.0,1576.5777777777776,44.95467741935485,62,0,2791.0,2821.0,2821.0,2791.0,1551.5777777777776,1601.5777777777776
31,94,2836.0,1576.5777777777776,28.036329113924037,79,0,2821.0,2851.0,2851.0,2821.0,1551.5777777777776,1601.5777777777776
31,95,2866.0,1576.5777777777776,25.40139566395664,82,0,2851.0,2881.0,2881.0,2851.0,1551.5777777777776,1601.5777777777776
31,96,2896.0,1576.5777777777776,28.576395348837206,86,0,2881.0,2911.0,2911.0,2881.0,1551.5777777777776,1601.5777777777776
31,97,2926.0,1576.5777777777776,34.71784615384615,65,0,2911.0,2941.0,2941.0,2911.0,1551.5777777777776,1601.5777777777776
31,98,2956.0,1576.5777777777776,38.49600000000001,65,0,2941.0,2971.0,2971.0,2941.0,1551.5777777777776,1601.5777777777776
31,99,2986.0,1576.5777777777776,38.97561403508772,57,0,2971.0,3001.0,3001.0,2971.0,1551.5777777777776,1601.5777777777776
31,100,3016.0,1576.5777777777776,42.54871794871795,39,0,3001.0,3031.0,3031.0,3001.0,1551.5777777777776,1601.5777777777776
31,101,3046.0,1576.5777777777776,44.49627906976743,43,0,3031.0,3061.0,3061.0,3031.0,1551.5777777777776,1601.5777777777776
31,102,3076.0,1576.5777777777776,42.98333333333333,57,0,3061.0,3091.0,3091.0,3061.0,1551.5777777777776,1601.5777777777776
31,103,3106.0,1576.5777777777776,42.13520833333334,48,0,3091.0,3121.0,3121.0,3091.0,1551.5777777777776,1601.5777777777776
31,104,3136.0,1576.5777777777776,39.03590163934427,61,0,3121.0,3151.0,3151.0,3121.0,1551.5777777777776,1601.5777777777776
31,105,3166.0,1576.5777777777776,39.498596491228064,57,0,3151.0,3181.0,3181.0,3151.0,1551.5777777777776,1601.5777777777776
31,106,3196.0,1576.5777777777776,41.39173913043477,46,0,3181.0,3211.0,3211.0,3181.0,1551.5777777777776,1601.5777777777776
31,107,3226.0,1576.5777777777776,44.86690026954177,53,0,3211.0,3241.0,3241.0,3211.0,1551.5777777777776,1601.5777777777776
31,108,3256.0,1576.5777777777776,44.42933333333334,45,0,3241.0,3271.0,3271.0,3241.0,1551.5777777777776,1601.5777777777776
31,109,3286.0,1576.5777777777776,39.63416666666667,60,0,3271.0,3301.0,3301.0,3271.0,1551.5777777777776,1601.5777777777776
31,110,3316.0,1576.5777777777776,42.05549999999999,60,0,3301.0,3331.0,3331.0,3301.0,1551.5777777777776,1601.5777777777776
31,111,3346.0,1576.5777777777776,43.296034482758614,58,0,3331.0,3361.0,3361.0,3331.0,1551.5777777777776,1601.5777777777776
31,112,3376.0,1576.5777777777776,40.87962962962962,54,0,3361.0,3391.0,3391.0,3361.0,1551.5777777777776,1601.5777777777776
31,113,3406.0,1576.5777777777776,44.817090909090915,55,0,3391.0,3421.0,3421.0,3391.0,1551.5777777777776,1601.5777777777776
31,114,3436.0,1576.5777777777776,45.224000000000004,45,0,3421.0,3451.0,3451.0,3421.0,1551.5777777777776,1601.5777777777776
31,115,3466.0,1576.5777777777776,42.98404255319149,47,0,3451.0,3481.0,3481.0,3451.0,1551.5777777777776,1601.5777777777776
31,116,3496.0,1576.5777777777776,38.20913793103447,58,0,3481.0,3511.0,3511.0,3481.0,1551.5777777777776,1601.5777777777776
31,117,3526.0,1576.5777777777776,38.82760869565218,46,0,3511.0,3541.0,3541.0,3511.0,1551.5777777777776,1601.5777777777776
31,118,3556.0,1576.5777777777776,37.52489795918368,49,0,3541.0,3571.0,3571.0,3541.0,1551.5777777777776,1601.5777777777776
31,119,3586.0,1576.5777777777776,36.7138775510204,49,0,3571.0,3601.0,3601.0,3571.0,1551.5777777777776,1601.5777777777776
31,120,3616.0,1576.5777777777776,38.06613636363637,44,0,3601.0,3631.0,3631.0,3601.0,1551.5777777777776,1601.5777777777776
31,121,3646.0,1576.5777777777776,42.19261904761905,42,0,3631.0,3661.0,3661.0,3631.0,1551.5777777777776,1601.5777777777776
31,122,3676.0,1576.5777777777776,43.66313725490196,34,0,3661.0,3691.0,3691.0,3661.0,1551.5777777777776,1601.5777777777776
31,123,3706.0,1576.5777777777776,43.636250000000004,32,0,3691.0,3721.0,3721.0,3691.0,1551.5777777777776,1601.5777777777776
31,124,3736.0,1576.5777777777776,41.23235294117649,34,0,3721.0,3751.0,3751.0,3721.0,1551.5777777777776,1601.5777777777776
31,125,3766.0,1576.5777777777776,35.83999999999999,62,0,3751.0,3781.0,3781.0,3751.0,1551.5777777777776,1601.5777777777776
31,126,3796.0,1576.5777777777776,40.694761904761904,42,0,3781.0,3811.0,3811.0,3781.0,1551.5777777777776,1601.5777777777776
31,127,3826.0,1576.5777777777776,39.944117647058825,34,0,3811.0,3841.0,3841.0,3811.0,1551.5777777777776,1601.5777777777776
31,128,3856.0,1576.5777777777776,,0,0,3841.0,3871.0,3871.0,3841.0,1551.5777777777776,1601.5777777777776
31,129,3886.0,1576.5777777777776,,0,0,3871.0,3901.0,3901.0,3871.0,1551.5777777777776,1601.5777777777776
32,0,16.0,1626.5777777777776,67.65,9,0,1.0,31.0,31.0,1.0,1601.5777777777776,1651.5777777777776
32,1,46.0,1626.5777777777776,50.49327413479053,61,0,31.0,61.0,61.0,31.0,1601.5777777777776,1651.5777777777776
32,2,76.0,1626.5777777777776,50.1885,40,0,61.0,91.0,91.0,61.0,1601.5777777777776,1651.5777777777776
32,3,106.0,1626.5777777777776,51.206904761904774,42,0,91.0,121.0,121.0,91.0,1601.5777777777776,1651.5777777777776
32,4,136.0,1626.5777777777776,58.693448275862075,29,0,121.0,151.0,151.0,121.0,1601.5777777777776,1651.5777777777776
32,5,166.0,1626.5777777777776,57.846666666666664,27,0,151.0,181.0,181.0,151.0,1601.5777777777776,1651.5777777777776
32,6,196.0,1626.5777777777776,67.48076923076923,13,0,181.0,211.0,211.0,181.0,1601.5777777777776,1651.5777777777776
32,7,226.0,1626.5777777777776,57.48955555555555,45,0,211.0,241.0,241.0,211.0,1601.5777777777776,1651.5777777777776
32,8,256.0,1626.5777777777776,50.292727272727284,44,0,241.0,271.0,271.0,241.0,1601.5777777777776,1651.5777777777776
32,9,286.0,1626.5777777777776,50.750943396226404,53,0,271.0,301.0,301.0,271.0,1601.5777777777776,1651.5777777777776
32,10,316.0,1626.5777777777776,67.7413043478261,23,0,301.0,331.0,331.0,301.0,1601.5777777777776,1651.5777777777776
32,11,346.0,1626.5777777777776,75.28866666666664,15,0,331.0,361.0,361.0,331.0,1601.5777777777776,1651.5777777777776
32,12,376.0,1626.5777777777776,67.28999999999999,14,0,361.0,391.0,391.0,361.0,1601.5777777777776,1651.5777777777776
32,13,406.0,1626.5777777777776,69.64999999999999,24,0,391.0,421.0,421.0,391.0,1601.5777777777776,1651.5777777777776
32,14,436.0,1626.5777777777776,65.53848484848484,33,0,421.0,451.0,451.0,421.0,1601.5777777777776,1651.5777777777776
32,15,466.0,1626.5777777777776,65.1886956521739,23,0,451.0,481.0,481.0,451.0,1601.5777777777776,1651.5777777777776
32,16,496.0,1626.5777777777776,59.226296296296304,27,0,481.0,511.0,511.0,481.0,1601.5777777777776,1651.5777777777776
32,17,526.0,1626.5777777777776,60.33483870967743,31,0,511.0,541.0,541.0,511.0,1601.5777777777776,1651.5777777777776
32,18,556.0,1626.5777777777776,54.9457894736842,38,0,541.0,571.0,571.0,541.0,1601.5777777777776,1651.5777777777776
32,19,586.0,1626.5777777777776,49.971192411924136,41,0,571.0,601.0,601.0,571.0,1601.5777777777776,1651.5777777777776
32,20,616.0,1626.5777777777776,48.86180000000001,50,0,601.0,631.0,631.0,601.0,1601.5777777777776,1651.5777777777776
32,21,646.0,1626.5777777777776,50.3502380952381,42,0,631.0,661.0,661.0,631.0,1601.5777777777776,1651.5777777777776
32,22,676.0,1626.5777777777776,47.24136363636364,44,0,661.0,691.0,691.0,661.0,1601.5777777777776,1651.5777777777776
32,23,706.0,1626.5777777777776,53.840222222222216,35,0,691.0,721.0,721.0,691.0,1601.5777777777776,1651.5777777777776
32,24,736.0,1626.5777777777776,66.67130434782608,23,0,721.0,751.0,751.0,721.0,1601.5777777777776,1651.5777777777776
32,25,766.0,1626.5777777777776,58.56342857142858,35,0,751.0,781.0,781.0,751.0,1601.5777777777776,1651.5777777777776
32,26,796.0,1626.5777777777776,53.79499999999999,48,0,781.0,811.0,811.0,781.0,1601.5777777777776,1651.5777777777776
32,27,826.0,1626.5777777777776,60.96217391304347,23,0,811.0,841.0,841.0,811.0,1601.5777777777776,1651.5777777777776
32,28,856.0,1626.5777777777776,51.88953929539297,41,0,841.0,871.0,871.0,841.0,1601.5777777777776,1651.5777777777776
32,29,886.0,1626.5777777777776,55.23131782945735,43,0,871.0,901.0,901.0,871.0,1601.5777777777776,1651.5777777777776
32,30,916.0,1626.5777777777776,47.263725490196094,51,0,901.0,931.0,931.0,901.0,1601.5777777777776,1651.5777777777776
32,31,946.0,1626.5777777777776,58.07666666666668,24,0,931.0,961.0,961.0,931.0,1601.5777777777776,1651.5777777777776
32,32,976.0,1626.5777777777776,59.44969696969695,22,0,961.0,991.0,991.0,961.0,1601.5777777777776,1651.5777777777776
32,33,1006.0,1626.5777777777776,56.1077142857143,35,0,991.0,1021.0,1021.0,991.0,1601.5777777777776,1651.5777777777776
32,34,1036.0,1626.5777777777776,51.20897959183674,49,0,1021.0,1051.0,1051.0,1021.0,1601.5777777777776,1651.5777777777776
32,35,1066.0,1626.5777777777776,50.86782608695651,46,0,1051.0,1081.0,1081.0,1051.0,1601.5777777777776,1651.5777777777776
32,36,1096.0,1626.5777777777776,50.61729166666667,48,0,1081.0,1111.0,1111.0,1081.0,1601.5777777777776,1651.5777777777776
32,37,1126.0,1626.5777777777776,47.11941176470589,51,0,1111.0,1141.0,1141.0,1111.0,1601.5777777777776,1651.5777777777776
32,38,1156.0,1626.5777777777776,40.945849056603784,53,0,1141.0,1171.0,1171.0,1141.0,1601.5777777777776,1651.5777777777776
32,39,1186.0,1626.5777777777776,35.50767123287671,73,0,1171.0,1201.0,1201.0,1171.0,1601.5777777777776,1651.5777777777776
32,40,1216.0,1626.5777777777776,24.82873417721519,79,0,1201.0,1231.0,1231.0,1201.0,1601.5777777777776,1651.5777777777776
32,41,1246.0,1626.5777777777776,34.01920634920634,63,0,1231.0,1261.0,1261.0,1231.0,1601.5777777777776,1651.5777777777776
32,42,1276.0,1626.5777777777776,41.01857142857144,42,0,1261.0,1291.0,1291.0,1261.0,1601.5777777777776,1651.5777777777776
32,43,1306.0,1626.5777777777776,44.47231292517007,49,0,1291.0,1321.0,1321.0,1291.0,1601.5777777777776,1651.5777777777776
32,44,1336.0,1626.5777777777776,48.40027027027029,37,0,1321.0,1351.0,1351.0,1321.0,1601.5777777777776,1651.5777777777776
32,45,1366.0,1626.5777777777776,48.18322530864197,36,0,1351.0,1381.0,1381.0,1351.0,1601.5777777777776,1651.5777777777776
32,46,1396.0,1626.5777777777776,46.52026315789474,38,0,1381.0,1411.0,1411.0,1381.0,1601.5777777777776,1651.5777777777776
32,47,1426.0,1626.5777777777776,40.85867924528301,53,0,1411.0,1441.0,1441.0,1411.0,1601.5777777777776,1651.5777777777776
32,48,1456.0,1626.5777777777776,39.70789473684209,38,0,1441.0,1471.0,1471.0,1441.0,1601.5777777777776,1651.5777777777776
32,49,1486.0,1626.5777777777776,36.35884057971014,69,0,1471.0,1501.0,1501.0,1471.0,1601.5777777777776,1651.5777777777776
32,50,1516.0,1626.5777777777776,40.08474576271186,59,0,1501.0,1531.0,1531.0,1501.0,1601.5777777777776,1651.5777777777776
32,51,1546.0,1626.5777777777776,36.54543859649124,57,0,1531.0,1561.0,1561.0,1531.0,1601.5777777777776,1651.5777777777776
32,52,1576.0,1626.5777777777776,38.850967741935484,62,0,1561.0,1591.0,1591.0,1561.0,1601.5777777777776,1651.5777777777776
32,53,1606.0,1626.5777777777776,45.92219512195121,41,0,1591.0,1621.0,1621.0,1591.0,1601.5777777777776,1651.5777777777776
32,54,1636.0,1626.5777777777776,42.15371428571428,35,0,1621.0,1651.0,1651.0,1621.0,1601.5777777777776,1651.5777777777776
32,55,1666.0,1626.5777777777776,38.71796296296297,54,0,1651.0,1681.0,1681.0,1651.0,1601.5777777777776,1651.5777777777776
32,56,1696.0,1626.5777777777776,42.57507246376811,46,0,1681.0,1711.0,1711.0,1681.0,1601.5777777777776,1651.5777777777776
32,57,1726.0,1626.5777777777776,42.741428571428564,56,0,1711.0,1741.0,1741.0,1711.0,1601.5777777777776,1651.5777777777776
32,58,1756.0,1626.5777777777776,43.87280303030304,44,0,1741.0,1771.0,1771.0,1741.0,1601.5777777777776,1651.5777777777776
32,59,1786.0,1626.5777777777776,45.87250000000001,44,0,1771.0,1801.0,1801.0,1771.0,1601.5777777777776,1651.5777777777776
32,60,1816.0,1626.5777777777776,43.95120000000001,50,0,1801.0,1831.0,1831.0,1801.0,1601.5777777777776,1651.5777777777776
32,61,1846.0,1626.5777777777776,44.18195652173914,46,0,1831.0,1861.0,1861.0,1831.0,1601.5777777777776,1651.5777777777776
32,62,1876.0,1626.5777777777776,44.50192307692308,52,0,1861.0,1891.0,1891.0,1861.0,1601.5777777777776,1651.5777777777776
32,63,1906.0,1626.5777777777776,44.90496453900708,47,0,1891.0,1921.0,1921.0,1891.0,1601.5777777777776,1651.5777777777776
32,64,1936.0,1626.5777777777776,45.30148936170212,47,0,1921.0,1951.0,1951.0,1921.0,1601.5777777777776,1651.5777777777776
32,65,1966.0,1626.5777777777776,47.87788851974897,43,0,1951.0,1981.0,1981.0,1951.0,1601.5777777777776,1651.5777777777776
32,66,1996.0,1626.5777777777776,46.77619047619047,42,0,1981.0,2011.0,2011.0,1981.0,1601.5777777777776,1651.5777777777776
32,67,2026.0,1626.5777777777776,49.56900000000002,50,0,2011.0,2041.0,2041.0,2011.0,1601.5777777777776,1651.5777777777776
32,68,2056.0,1626.5777777777776,50.044000000000004,40,0,2041.0,2071.0,2071.0,2041.0,1601.5777777777776,1651.5777777777776
32,69,2086.0,1626.5777777777776,48.78422222222223,45,0,2071.0,2101.0,2101.0,2071.0,1601.5777777777776,1651.5777777777776
32,70,2116.0,1626.5777777777776,49.16184210526317,38,0,2101.0,2131.0,2131.0,2101.0,1601.5777777777776,1651.5777777777776
32,71,2146.0,1626.5777777777776,41.15270833333334,48,0,2131.0,2161.0,2161.0,2131.0,1601.5777777777776,1651.5777777777776
32,72,2176.0,1626.5777777777776,44.02228571428571,45,0,2161.0,2191.0,2191.0,2161.0,1601.5777777777776,1651.5777777777776
32,73,2206.0,1626.5777777777776,46.43635220125786,53,0,2191.0,2221.0,2221.0,2191.0,1601.5777777777776,1651.5777777777776
32,74,2236.0,1626.5777777777776,45.330833333333324,52,0,2221.0,2251.0,2251.0,2221.0,1601.5777777777776,1651.5777777777776
32,75,2266.0,1626.5777777777776,46.07326923076924,52,0,2251.0,2281.0,2281.0,2251.0,1601.5777777777776,1651.5777777777776
32,76,2296.0,1626.5777777777776,42.087209302325576,43,0,2281.0,2311.0,2311.0,2281.0,1601.5777777777776,1651.5777777777776
32,77,2326.0,1626.5777777777776,41.65566037735848,53,0,2311.0,2341.0,2341.0,2311.0,1601.5777777777776,1651.5777777777776
32,78,2356.0,1626.5777777777776,44.19489795918368,49,0,2341.0,2371.0,2371.0,2341.0,1601.5777777777776,1651.5777777777776
32,79,2386.0,1626.5777777777776,40.41228070175437,57,0,2371.0,2401.0,2401.0,2371.0,1601.5777777777776,1651.5777777777776
32,80,2416.0,1626.5777777777776,40.460408163265306,49,0,2401.0,2431.0,2431.0,2401.0,1601.5777777777776,1651.5777777777776
32,81,2446.0,1626.5777777777776,42.76462962962963,54,0,2431.0,2461.0,2461.0,2431.0,1601.5777777777776,1651.5777777777776
32,82,2476.0,1626.5777777777776,40.496721311475405,61,0,2461.0,2491.0,2491.0,2461.0,1601.5777777777776,1651.5777777777776
32,83,2506.0,1626.5777777777776,41.25389830508476,59,0,2491.0,2521.0,2521.0,2491.0,1601.5777777777776,1651.5777777777776
32,84,2536.0,1626.5777777777776,42.75129629629629,54,0,2521.0,2551.0,2551.0,2521.0,1601.5777777777776,1651.5777777777776
32,85,2566.0,1626.5777777777776,34.8443548387097,62,0,2551.0,2581.0,2581.0,2551.0,1601.5777777777776,1651.5777777777776
32,86,2596.0,1626.5777777777776,30.739404761904762,72,0,2581.0,2611.0,2611.0,2581.0,1601.5777777777776,1651.5777777777776
32,87,2626.0,1626.5777777777776,34.78269841269841,63,0,2611.0,2641.0,2641.0,2611.0,1601.5777777777776,1651.5777777777776
32,88,2656.0,1626.5777777777776,31.567073170731707,82,0,2641.0,2671.0,2671.0,2641.0,1601.5777777777776,1651.5777777777776
32,89,2686.0,1626.5777777777776,40.63372881355934,59,0,2671.0,2701.0,2701.0,2671.0,1601.5777777777776,1651.5777777777776
32,90,2716.0,1626.5777777777776,45.65422222222222,45,0,2701.0,2731.0,2731.0,2701.0,1601.5777777777776,1651.5777777777776
32,91,2746.0,1626.5777777777776,49.26739130434783,46,0,2731.0,2761.0,2761.0,2731.0,1601.5777777777776,1651.5777777777776
32,92,2776.0,1626.5777777777776,41.21017857142857,56,0,2761.0,2791.0,2791.0,2761.0,1601.5777777777776,1651.5777777777776
32,93,2806.0,1626.5777777777776,41.9112676056338,71,0,2791.0,2821.0,2821.0,2791.0,1601.5777777777776,1651.5777777777776
32,94,2836.0,1626.5777777777776,30.43327586206897,58,0,2821.0,2851.0,2851.0,2821.0,1601.5777777777776,1651.5777777777776
32,95,2866.0,1626.5777777777776,29.860281690140845,71,0,2851.0,2881.0,2881.0,2851.0,1601.5777777777776,1651.5777777777776
32,96,2896.0,1626.5777777777776,34.2453549382716,72,0,2881.0,2911.0,2911.0,2881.0,1601.5777777777776,1651.5777777777776
32,97,2926.0,1626.5777777777776,39.2067213114754,61,0,2911.0,2941.0,2941.0,2911.0,1601.5777777777776,1651.5777777777776
32,98,2956.0,1626.5777777777776,42.457407407407395,54,0,2941.0,2971.0,2971.0,2941.0,1601.5777777777776,1651.5777777777776
32,99,2986.0,1626.5777777777776,43.138679245283015,53,0,2971.0,3001.0,3001.0,2971.0,1601.5777777777776,1651.5777777777776
32,100,3016.0,1626.5777777777776,42.96239130434783,46,0,3001.0,3031.0,3031.0,3001.0,1601.5777777777776,1651.5777777777776
32,101,3046.0,1626.5777777777776,47.35146341463414,41,0,3031.0,3061.0,3061.0,3031.0,1601.5777777777776,1651.5777777777776
32,102,3076.0,1626.5777777777776,46.73446808510637,47,0,3061.0,3091.0,3091.0,3061.0,1601.5777777777776,1651.5777777777776
32,103,3106.0,1626.5777777777776,44.63413043478261,46,0,3091.0,3121.0,3121.0,3091.0,1601.5777777777776,1651.5777777777776
32,104,3136.0,1626.5777777777776,41.57929824561406,57,0,3121.0,3151.0,3151.0,3121.0,1601.5777777777776,1651.5777777777776
32,105,3166.0,1626.5777777777776,42.2002,50,0,3151.0,3181.0,3181.0,3151.0,1601.5777777777776,1651.5777777777776
32,106,3196.0,1626.5777777777776,44.827749999999995,40,0,3181.0,3211.0,3211.0,3181.0,1601.5777777777776,1651.5777777777776
32,107,3226.0,1626.5777777777776,46.25229166666667,48,0,3211.0,3241.0,3241.0,3211.0,1601.5777777777776,1651.5777777777776
32,108,3256.0,1626.5777777777776,49.044615384615376,39,0,3241.0,3271.0,3271.0,3241.0,1601.5777777777776,1651.5777777777776
32,109,3286.0,1626.5777777777776,44.019999999999996,53,0,3271.0,3301.0,3301.0,3271.0,1601.5777777777776,1651.5777777777776
32,110,3316.0,1626.5777777777776,43.782586206896525,58,0,3301.0,3331.0,3331.0,3301.0,1601.5777777777776,1651.5777777777776
32,111,3346.0,1626.5777777777776,46.56613636363637,44,0,3331.0,3361.0,3361.0,3331.0,1601.5777777777776,1651.5777777777776
32,112,3376.0,1626.5777777777776,43.90479166666666,48,0,3361.0,3391.0,3391.0,3361.0,1601.5777777777776,1651.5777777777776
32,113,3406.0,1626.5777777777776,49.46882075471697,53,0,3391.0,3421.0,3421.0,3391.0,1601.5777777777776,1651.5777777777776
32,114,3436.0,1626.5777777777776,49.446410256410246,39,0,3421.0,3451.0,3451.0,3421.0,1601.5777777777776,1651.5777777777776
32,115,3466.0,1626.5777777777776,47.15309523809524,42,0,3451.0,3481.0,3481.0,3451.0,1601.5777777777776,1651.5777777777776
32,116,3496.0,1626.5777777777776,42.95528301886794,53,0,3481.0,3511.0,3511.0,3481.0,1601.5777777777776,1651.5777777777776
32,117,3526.0,1626.5777777777776,43.0553488372093,43,0,3511.0,3541.0,3541.0,3511.0,1601.5777777777776,1651.5777777777776
32,118,3556.0,1626.5777777777776,40.38795454545454,44,0,3541.0,3571.0,3571.0,3541.0,1601.5777777777776,1651.5777777777776
32,119,3586.0,1626.5777777777776,40.7197619047619,42,0,3571.0,3601.0,3601.0,3571.0,1601.5777777777776,1651.5777777777776
32,120,3616.0,1626.5777777777776,42.20095238095238,42,0,3601.0,3631.0,3631.0,3601.0,1601.5777777777776,1651.5777777777776
32,121,3646.0,1626.5777777777776,46.615638888888896,40,0,3631.0,3661.0,3661.0,3631.0,1601.5777777777776,1651.5777777777776
32,122,3676.0,1626.5777777777776,46.61342105263159,38,0,3661.0,3691.0,3691.0,3661.0,1601.5777777777776,1651.5777777777776
32,123,3706.0,1626.5777777777776,48.72111111111112,27,0,3691.0,3721.0,3721.0,3691.0,1601.5777777777776,1651.5777777777776
32,124,3736.0,1626.5777777777776,45.51305555555555,36,0,3721.0,3751.0,3751.0,3721.0,1601.5777777777776,1651.5777777777776
32,125,3766.0,1626.5777777777776,37.377204968944106,46,0,3751.0,3781.0,3781.0,3751.0,1601.5777777777776,1651.5777777777776
32,126,3796.0,1626.5777777777776,40.76836734693877,49,0,3781.0,3811.0,3811.0,3781.0,1601.5777777777776,1651.5777777777776
32,127,3826.0,1626.5777777777776,40.567368421052635,38,0,3811.0,3841.0,3841.0,3811.0,1601.5777777777776,1651.5777777777776
32,128,3856.0,1626.5777777777776,42.89,2,0,3841.0,3871.0,3871.0,3841.0,1601.5777777777776,1651.5777777777776
32,129,3886.0,1626.5777777777776,,0,0,3871.0,3901.0,3901.0,3871.0,1601.5777777777776,1651.5777777777776
33,0,16.0,1676.5777777777776,71.88727272727273,11,0,1.0,31.0,31.0,1.0,1651.5777777777776,1701.5777777777776
33,1,46.0,1676.5777777777776,51.08250000000002,48,0,31.0,61.0,61.0,31.0,1651.5777777777776,1701.5777777777776
33,2,76.0,1676.5777777777776,48.0166,50,0,61.0,91.0,91.0,61.0,1651.5777777777776,1701.5777777777776
33,3,106.0,1676.5777777777776,52.21102564102565,39,0,91.0,121.0,121.0,91.0,1651.5777777777776,1701.5777777777776
33,4,136.0,1676.5777777777776,55.178988484282605,51,0,121.0,151.0,151.0,121.0,1651.5777777777776,1701.5777777777776
33,5,166.0,1676.5777777777776,55.722758620689646,29,0,151.0,181.0,181.0,151.0,1651.5777777777776,1701.5777777777776
33,6,196.0,1676.5777777777776,63.78999999999999,22,0,181.0,211.0,211.0,181.0,1651.5777777777776,1701.5777777777776
33,7,226.0,1676.5777777777776,55.04392156862747,51,0,211.0,241.0,241.0,211.0,1651.5777777777776,1701.5777777777776
33,8,256.0,1676.5777777777776,49.58941176470589,51,0,241.0,271.0,271.0,241.0,1651.5777777777776,1701.5777777777776
33,9,286.0,1676.5777777777776,49.77948275862071,58,0,271.0,301.0,301.0,271.0,1651.5777777777776,1701.5777777777776
33,10,316.0,1676.5777777777776,62.74074074074075,27,0,301.0,331.0,331.0,301.0,1651.5777777777776,1701.5777777777776
33,11,346.0,1676.5777777777776,73.04565217391303,23,0,331.0,361.0,361.0,331.0,1651.5777777777776,1701.5777777777776
33,12,376.0,1676.5777777777776,69.01666666666667,18,0,361.0,391.0,391.0,361.0,1651.5777777777776,1701.5777777777776
33,13,406.0,1676.5777777777776,67.69900153609832,31,0,391.0,421.0,421.0,391.0,1651.5777777777776,1701.5777777777776
33,14,436.0,1676.5777777777776,62.28513513513514,37,0,421.0,451.0,451.0,421.0,1651.5777777777776,1701.5777777777776
33,15,466.0,1676.5777777777776,64.98999999999998,28,0,451.0,481.0,481.0,451.0,1651.5777777777776,1701.5777777777776
33,16,496.0,1676.5777777777776,58.150624999999984,32,0,481.0,511.0,511.0,481.0,1651.5777777777776,1701.5777777777776
33,17,526.0,1676.5777777777776,58.08323529411764,34,0,511.0,541.0,541.0,511.0,1651.5777777777776,1701.5777777777776
33,18,556.0,1676.5777777777776,55.882248677248676,42,0,541.0,571.0,571.0,541.0,1651.5777777777776,1701.5777777777776
33,19,586.0,1676.5777777777776,50.93183673469385,49,0,571.0,601.0,601.0,571.0,1651.5777777777776,1701.5777777777776
33,20,616.0,1676.5777777777776,47.7912962962963,54,0,601.0,631.0,631.0,601.0,1651.5777777777776,1701.5777777777776
33,21,646.0,1676.5777777777776,47.233061224489795,49,0,631.0,661.0,661.0,631.0,1651.5777777777776,1701.5777777777776
33,22,676.0,1676.5777777777776,44.58510638297872,47,0,661.0,691.0,691.0,661.0,1651.5777777777776,1701.5777777777776
33,23,706.0,1676.5777777777776,48.459999999999994,51,0,691.0,721.0,721.0,691.0,1651.5777777777776,1701.5777777777776
33,24,736.0,1676.5777777777776,62.26222222222224,27,0,721.0,751.0,751.0,721.0,1651.5777777777776,1701.5777777777776
33,25,766.0,1676.5777777777776,57.08864864864866,37,0,751.0,781.0,781.0,751.0,1651.5777777777776,1701.5777777777776
33,26,796.0,1676.5777777777776,51.67072727272728,55,0,781.0,811.0,811.0,781.0,1651.5777777777776,1701.5777777777776
33,27,826.0,1676.5777777777776,57.15706563706564,37,0,811.0,841.0,841.0,811.0,1651.5777777777776,1701.5777777777776
33,28,856.0,1676.5777777777776,52.23357142857144,42,0,841.0,871.0,871.0,841.0,1651.5777777777776,1701.5777777777776
33,29,886.0,1676.5777777777776,53.399693877551,49,0,871.0,901.0,901.0,871.0,1651.5777777777776,1701.5777777777776
33,30,916.0,1676.5777777777776,45.766666666666666,57,0,901.0,931.0,931.0,901.0,1651.5777777777776,1701.5777777777776
33,31,946.0,1676.5777777777776,53.14608695652174,23,0,931.0,961.0,961.0,931.0,1651.5777777777776,1701.5777777777776
33,32,976.0,1676.5777777777776,59.01863636363637,22,0,961.0,991.0,991.0,961.0,1651.5777777777776,1701.5777777777776
33,33,1006.0,1676.5777777777776,54.70048780487806,41,0,991.0,1021.0,1021.0,991.0,1651.5777777777776,1701.5777777777776
33,34,1036.0,1676.5777777777776,50.30877551020409,49,0,1021.0,1051.0,1051.0,1021.0,1651.5777777777776,1701.5777777777776
33,35,1066.0,1676.5777777777776,50.05858156028369,47,0,1051.0,1081.0,1081.0,1051.0,1651.5777777777776,1701.5777777777776
33,36,1096.0,1676.5777777777776,46.07315789473686,57,0,1081.0,1111.0,1111.0,1081.0,1651.5777777777776,1701.5777777777776
33,37,1126.0,1676.5777777777776,46.19415094339623,53,0,1111.0,1141.0,1141.0,1111.0,1651.5777777777776,1701.5777777777776
33,38,1156.0,1676.5777777777776,37.673148148148144,54,0,1141.0,1171.0,1171.0,1141.0,1651.5777777777776,1701.5777777777776
33,39,1186.0,1676.5777777777776,30.562249999999995,80,0,1171.0,1201.0,1201.0,1171.0,1651.5777777777776,1701.5777777777776
33,40,1216.0,1676.5777777777776,30.449027777777776,72,0,1201.0,1231.0,1231.0,1201.0,1651.5777777777776,1701.5777777777776
33,41,1246.0,1676.5777777777776,38.73704918032787,61,0,1231.0,1261.0,1261.0,1231.0,1651.5777777777776,1701.5777777777776
33,42,1276.0,1676.5777777777776,43.33047619047617,42,0,1261.0,1291.0,1291.0,1261.0,1651.5777777777776,1701.5777777777776
33,43,1306.0,1676.5777777777776,44.17040000000001,50,0,1291.0,1321.0,1321.0,1291.0,1651.5777777777776,1701.5777777777776
33,44,1336.0,1676.5777777777776,49.96411764705883,34,0,1321.0,1351.0,1351.0,1321.0,1651.5777777777776,1701.5777777777776
33,45,1366.0,1676.5777777777776,49.279999999999994,34,0,1351.0,1381.0,1381.0,1351.0,1651.5777777777776,1701.5777777777776
33,46,1396.0,1676.5777777777776,50.60035714285714,28,0,1381.0,1411.0,1411.0,1381.0,1651.5777777777776,1701.5777777777776
33,47,1426.0,1676.5777777777776,42.992,50,0,1411.0,1441.0,1441.0,1411.0,1651.5777777777776,1701.5777777777776
33,48,1456.0,1676.5777777777776,43.37104838709677,31,0,1441.0,1471.0,1471.0,1441.0,1651.5777777777776,1701.5777777777776
33,49,1486.0,1676.5777777777776,38.987678571428596,56,0,1471.0,1501.0,1501.0,1471.0,1651.5777777777776,1701.5777777777776
33,50,1516.0,1676.5777777777776,37.67666666666667,66,0,1501.0,1531.0,1531.0,1501.0,1651.5777777777776,1701.5777777777776
33,51,1546.0,1676.5777777777776,39.54058823529412,51,0,1531.0,1561.0,1561.0,1531.0,1651.5777777777776,1701.5777777777776
33,52,1576.0,1676.5777777777776,40.9886574074074,54,0,1561.0,1591.0,1591.0,1561.0,1651.5777777777776,1701.5777777777776
33,53,1606.0,1676.5777777777776,43.22522727272726,44,0,1591.0,1621.0,1621.0,1591.0,1651.5777777777776,1701.5777777777776
33,54,1636.0,1676.5777777777776,45.895882352941165,34,0,1621.0,1651.0,1651.0,1621.0,1651.5777777777776,1701.5777777777776
33,55,1666.0,1676.5777777777776,40.28170212765958,47,0,1651.0,1681.0,1681.0,1651.0,1651.5777777777776,1701.5777777777776
33,56,1696.0,1676.5777777777776,44.99594594594595,37,0,1681.0,1711.0,1711.0,1681.0,1651.5777777777776,1701.5777777777776
33,57,1726.0,1676.5777777777776,44.72607843137255,51,0,1711.0,1741.0,1741.0,1711.0,1651.5777777777776,1701.5777777777776
33,58,1756.0,1676.5777777777776,41.435116279069774,43,0,1741.0,1771.0,1771.0,1741.0,1651.5777777777776,1701.5777777777776
33,59,1786.0,1676.5777777777776,47.34785714285714,42,0,1771.0,1801.0,1801.0,1771.0,1651.5777777777776,1701.5777777777776
33,60,1816.0,1676.5777777777776,43.615957446808515,47,0,1801.0,1831.0,1831.0,1801.0,1651.5777777777776,1701.5777777777776
33,61,1846.0,1676.5777777777776,46.2328205128205,39,0,1831.0,1861.0,1861.0,1831.0,1651.5777777777776,1701.5777777777776
33,62,1876.0,1676.5777777777776,44.21195652173913,46,0,1861.0,1891.0,1891.0,1861.0,1651.5777777777776,1701.5777777777776
33,63,1906.0,1676.5777777777776,43.83488372093024,43,0,1891.0,1921.0,1921.0,1891.0,1651.5777777777776,1701.5777777777776
33,64,1936.0,1676.5777777777776,45.5125,40,0,1921.0,1951.0,1951.0,1921.0,1651.5777777777776,1701.5777777777776
33,65,1966.0,1676.5777777777776,47.529166666666676,36,0,1951.0,1981.0,1981.0,1951.0,1651.5777777777776,1701.5777777777776
33,66,1996.0,1676.5777777777776,47.74299999999999,40,0,1981.0,2011.0,2011.0,1981.0,1651.5777777777776,1701.5777777777776
33,67,2026.0,1676.5777777777776,50.722820512820526,39,0,2011.0,2041.0,2041.0,2011.0,1651.5777777777776,1701.5777777777776
33,68,2056.0,1676.5777777777776,48.48692307692306,39,0,2041.0,2071.0,2071.0,2041.0,1651.5777777777776,1701.5777777777776
33,69,2086.0,1676.5777777777776,49.10761904761904,42,0,2071.0,2101.0,2101.0,2071.0,1651.5777777777776,1701.5777777777776
33,70,2116.0,1676.5777777777776,50.719696969696976,33,0,2101.0,2131.0,2131.0,2101.0,1651.5777777777776,1701.5777777777776
33,71,2146.0,1676.5777777777776,42.57761904761905,42,0,2131.0,2161.0,2161.0,2131.0,1651.5777777777776,1701.5777777777776
33,72,2176.0,1676.5777777777776,42.73069767441861,43,0,2161.0,2191.0,2191.0,2161.0,1651.5777777777776,1701.5777777777776
33,73,2206.0,1676.5777777777776,48.00333333333333,48,0,2191.0,2221.0,2221.0,2191.0,1651.5777777777776,1701.5777777777776
33,74,2236.0,1676.5777777777776,44.15420000000001,50,0,2221.0,2251.0,2251.0,2221.0,1651.5777777777776,1701.5777777777776
33,75,2266.0,1676.5777777777776,45.57018867924529,53,0,2251.0,2281.0,2281.0,2251.0,1651.5777777777776,1701.5777777777776
33,76,2296.0,1676.5777777777776,39.628541666666656,48,0,2281.0,2311.0,2311.0,2281.0,1651.5777777777776,1701.5777777777776
33,77,2326.0,1676.5777777777776,37.92927272727274,55,0,2311.0,2341.0,2341.0,2311.0,1651.5777777777776,1701.5777777777776
33,78,2356.0,1676.5777777777776,40.145636363636356,55,0,2341.0,2371.0,2371.0,2341.0,1651.5777777777776,1701.5777777777776
33,79,2386.0,1676.5777777777776,37.584363636363626,55,0,2371.0,2401.0,2401.0,2371.0,1651.5777777777776,1701.5777777777776
33,80,2416.0,1676.5777777777776,33.24583333333334,60,0,2401.0,2431.0,2431.0,2401.0,1651.5777777777776,1701.5777777777776
33,81,2446.0,1676.5777777777776,37.85754716981132,53,0,2431.0,2461.0,2461.0,2431.0,1651.5777777777776,1701.5777777777776
33,82,2476.0,1676.5777777777776,37.81749999999998,60,0,2461.0,2491.0,2491.0,2461.0,1651.5777777777776,1701.5777777777776
33,83,2506.0,1676.5777777777776,38.27285714285715,63,0,2491.0,2521.0,2521.0,2491.0,1651.5777777777776,1701.5777777777776
33,84,2536.0,1676.5777777777776,42.694117647058825,51,0,2521.0,2551.0,2551.0,2521.0,1651.5777777777776,1701.5777777777776
33,85,2566.0,1676.5777777777776,36.275263157894734,57,0,2551.0,2581.0,2581.0,2551.0,1651.5777777777776,1701.5777777777776
33,86,2596.0,1676.5777777777776,32.384339622641505,53,0,2581.0,2611.0,2611.0,2581.0,1651.5777777777776,1701.5777777777776
33,87,2626.0,1676.5777777777776,29.859358974358972,78,0,2611.0,2641.0,2641.0,2611.0,1651.5777777777776,1701.5777777777776
33,88,2656.0,1676.5777777777776,25.84126436781609,87,0,2641.0,2671.0,2671.0,2641.0,1651.5777777777776,1701.5777777777776
33,89,2686.0,1676.5777777777776,41.86267857142857,56,0,2671.0,2701.0,2701.0,2671.0,1651.5777777777776,1701.5777777777776
33,90,2716.0,1676.5777777777776,46.44755555555555,45,0,2701.0,2731.0,2731.0,2701.0,1651.5777777777776,1701.5777777777776
33,91,2746.0,1676.5777777777776,47.348636363636345,44,0,2731.0,2761.0,2761.0,2731.0,1651.5777777777776,1701.5777777777776
33,92,2776.0,1676.5777777777776,38.15384615384614,52,0,2761.0,2791.0,2791.0,2761.0,1651.5777777777776,1701.5777777777776
33,93,2806.0,1676.5777777777776,33.555935374149655,84,0,2791.0,2821.0,2821.0,2791.0,1651.5777777777776,1701.5777777777776
33,94,2836.0,1676.5777777777776,31.456363636363644,55,0,2821.0,2851.0,2851.0,2821.0,1651.5777777777776,1701.5777777777776
33,95,2866.0,1676.5777777777776,31.71985714285714,70,0,2851.0,2881.0,2881.0,2851.0,1651.5777777777776,1701.5777777777776
33,96,2896.0,1676.5777777777776,39.13055555555557,54,0,2881.0,2911.0,2911.0,2881.0,1651.5777777777776,1701.5777777777776
33,97,2926.0,1676.5777777777776,41.02754098360656,61,0,2911.0,2941.0,2941.0,2911.0,1651.5777777777776,1701.5777777777776
33,98,2956.0,1676.5777777777776,44.42979999999999,50,0,2941.0,2971.0,2971.0,2941.0,1651.5777777777776,1701.5777777777776
33,99,2986.0,1676.5777777777776,45.33888888888889,45,0,2971.0,3001.0,3001.0,2971.0,1651.5777777777776,1701.5777777777776
33,100,3016.0,1676.5777777777776,40.31999999999999,48,0,3001.0,3031.0,3031.0,3001.0,1651.5777777777776,1701.5777777777776
33,101,3046.0,1676.5777777777776,44.98244444444445,45,0,3031.0,3061.0,3061.0,3031.0,1651.5777777777776,1701.5777777777776
33,102,3076.0,1676.5777777777776,46.457608695652155,46,0,3061.0,3091.0,3091.0,3061.0,1651.5777777777776,1701.5777777777776
33,103,3106.0,1676.5777777777776,44.17733333333333,45,0,3091.0,3121.0,3121.0,3091.0,1651.5777777777776,1701.5777777777776
33,104,3136.0,1676.5777777777776,41.54585034013605,49,0,3121.0,3151.0,3151.0,3121.0,1651.5777777777776,1701.5777777777776
33,105,3166.0,1676.5777777777776,43.396481481481494,54,0,3151.0,3181.0,3181.0,3151.0,1651.5777777777776,1701.5777777777776
33,106,3196.0,1676.5777777777776,46.3006914893617,47,0,3181.0,3211.0,3211.0,3181.0,1651.5777777777776,1701.5777777777776
33,107,3226.0,1676.5777777777776,46.00731707317074,41,0,3211.0,3241.0,3241.0,3211.0,1651.5777777777776,1701.5777777777776
33,108,3256.0,1676.5777777777776,49.61068965517241,29,0,3241.0,3271.0,3271.0,3241.0,1651.5777777777776,1701.5777777777776
33,109,3286.0,1676.5777777777776,44.73358490566038,53,0,3271.0,3301.0,3301.0,3271.0,1651.5777777777776,1701.5777777777776
33,110,3316.0,1676.5777777777776,43.09745762711865,59,0,3301.0,3331.0,3331.0,3301.0,1651.5777777777776,1701.5777777777776
33,111,3346.0,1676.5777777777776,48.34609756097561,41,0,3331.0,3361.0,3361.0,3331.0,1651.5777777777776,1701.5777777777776
33,112,3376.0,1676.5777777777776,46.707142857142856,42,0,3361.0,3391.0,3391.0,3361.0,1651.5777777777776,1701.5777777777776
33,113,3406.0,1676.5777777777776,48.89173076923077,52,0,3391.0,3421.0,3421.0,3391.0,1651.5777777777776,1701.5777777777776
33,114,3436.0,1676.5777777777776,49.66897959183672,49,0,3421.0,3451.0,3451.0,3421.0,1651.5777777777776,1701.5777777777776
33,115,3466.0,1676.5777777777776,48.728333333333325,36,0,3451.0,3481.0,3481.0,3451.0,1651.5777777777776,1701.5777777777776
33,116,3496.0,1676.5777777777776,45.040612244897964,49,0,3481.0,3511.0,3511.0,3481.0,1651.5777777777776,1701.5777777777776
33,117,3526.0,1676.5777777777776,45.754615384615384,39,0,3511.0,3541.0,3541.0,3511.0,1651.5777777777776,1701.5777777777776
33,118,3556.0,1676.5777777777776,42.59897435897437,39,0,3541.0,3571.0,3571.0,3541.0,1651.5777777777776,1701.5777777777776
33,119,3586.0,1676.5777777777776,43.185500000000005,40,0,3571.0,3601.0,3601.0,3571.0,1651.5777777777776,1701.5777777777776
33,120,3616.0,1676.5777777777776,43.07105263157895,38,0,3601.0,3631.0,3631.0,3601.0,1651.5777777777776,1701.5777777777776
33,121,3646.0,1676.5777777777776,46.552894736842106,38,0,3631.0,3661.0,3661.0,3631.0,1651.5777777777776,1701.5777777777776
33,122,3676.0,1676.5777777777776,47.68648648648649,37,0,3661.0,3691.0,3691.0,3661.0,1651.5777777777776,1701.5777777777776
33,123,3706.0,1676.5777777777776,49.31811728395063,27,0,3691.0,3721.0,3721.0,3691.0,1651.5777777777776,1701.5777777777776
33,124,3736.0,1676.5777777777776,47.53466666666667,30,0,3721.0,3751.0,3751.0,3721.0,1651.5777777777776,1701.5777777777776
33,125,3766.0,1676.5777777777776,41.331875000000004,32,0,3751.0,3781.0,3781.0,3751.0,1651.5777777777776,1701.5777777777776
33,126,3796.0,1676.5777777777776,42.07367346938776,49,0,3781.0,3811.0,3811.0,3781.0,1651.5777777777776,1701.5777777777776
33,127,3826.0,1676.5777777777776,39.53333333333333,36,0,3811.0,3841.0,3841.0,3811.0,1651.5777777777776,1701.5777777777776
33,128,3856.0,1676.5777777777776,36.55777777777778,9,0,3841.0,3871.0,3871.0,3841.0,1651.5777777777776,1701.5777777777776
33,129,3886.0,1676.5777777777776,,0,0,3871.0,3901.0,3901.0,3871.0,1651.5777777777776,1701.5777777777776
34,0,16.0,1726.5777777777776,71.97636363636364,11,0,1.0,31.0,31.0,1.0,1701.5777777777776,1751.5777777777776
34,1,46.0,1726.5777777777776,51.93146341463416,41,0,31.0,61.0,61.0,31.0,1701.5777777777776,1751.5777777777776
34,2,76.0,1726.5777777777776,48.5116,50,0,61.0,91.0,91.0,61.0,1701.5777777777776,1751.5777777777776
34,3,106.0,1726.5777777777776,53.08931818181818,44,0,91.0,121.0,121.0,91.0,1701.5777777777776,1751.5777777777776
34,4,136.0,1726.5777777777776,53.51441860465116,43,0,121.0,151.0,151.0,121.0,1701.5777777777776,1751.5777777777776
34,5,166.0,1726.5777777777776,56.82999999999999,25,0,151.0,181.0,181.0,151.0,1701.5777777777776,1751.5777777777776
34,6,196.0,1726.5777777777776,60.045217391304355,23,0,181.0,211.0,211.0,181.0,1701.5777777777776,1751.5777777777776
34,7,226.0,1726.5777777777776,54.649111111111125,45,0,211.0,241.0,241.0,211.0,1701.5777777777776,1751.5777777777776
34,8,256.0,1726.5777777777776,51.034799999999976,50,0,241.0,271.0,271.0,241.0,1701.5777777777776,1751.5777777777776
34,9,286.0,1726.5777777777776,50.316923076923075,52,0,271.0,301.0,301.0,271.0,1701.5777777777776,1751.5777777777776
34,10,316.0,1726.5777777777776,60.78546052631579,38,0,301.0,331.0,331.0,301.0,1701.5777777777776,1751.5777777777776
34,11,346.0,1726.5777777777776,73.2311111111111,18,0,331.0,361.0,361.0,331.0,1701.5777777777776,1751.5777777777776
34,12,376.0,1726.5777777777776,70.55428571428571,14,0,361.0,391.0,391.0,361.0,1701.5777777777776,1751.5777777777776
34,13,406.0,1726.5777777777776,65.4092857142857,28,0,391.0,421.0,421.0,391.0,1701.5777777777776,1751.5777777777776
34,14,436.0,1726.5777777777776,62.09108108108108,37,0,421.0,451.0,451.0,421.0,1701.5777777777776,1751.5777777777776
34,15,466.0,1726.5777777777776,68.12692307692306,26,0,451.0,481.0,481.0,451.0,1701.5777777777776,1751.5777777777776
34,16,496.0,1726.5777777777776,57.44483870967743,31,0,481.0,511.0,511.0,481.0,1701.5777777777776,1751.5777777777776
34,17,526.0,1726.5777777777776,57.05657142857142,35,0,511.0,541.0,541.0,511.0,1701.5777777777776,1751.5777777777776
34,18,556.0,1726.5777777777776,57.015581395348846,43,0,541.0,571.0,571.0,541.0,1701.5777777777776,1751.5777777777776
34,19,586.0,1726.5777777777776,52.982749999999996,40,0,571.0,601.0,601.0,571.0,1701.5777777777776,1751.5777777777776
34,20,616.0,1726.5777777777776,49.713111111111104,45,0,601.0,631.0,631.0,601.0,1701.5777777777776,1751.5777777777776
34,21,646.0,1726.5777777777776,47.62235294117646,51,0,631.0,661.0,661.0,631.0,1701.5777777777776,1751.5777777777776
34,22,676.0,1726.5777777777776,43.91833333333333,42,0,661.0,691.0,691.0,661.0,1701.5777777777776,1751.5777777777776
34,23,706.0,1726.5777777777776,46.26536585365854,41,0,691.0,721.0,721.0,691.0,1701.5777777777776,1751.5777777777776
34,24,736.0,1726.5777777777776,60.0330303030303,33,0,721.0,751.0,751.0,721.0,1701.5777777777776,1751.5777777777776
34,25,766.0,1726.5777777777776,56.82812499999999,32,0,751.0,781.0,781.0,751.0,1701.5777777777776,1751.5777777777776
34,26,796.0,1726.5777777777776,52.28188679245283,53,0,781.0,811.0,811.0,781.0,1701.5777777777776,1751.5777777777776
34,27,826.0,1726.5777777777776,56.437044334975354,29,0,811.0,841.0,841.0,811.0,1701.5777777777776,1751.5777777777776
34,28,856.0,1726.5777777777776,52.948157894736845,38,0,841.0,871.0,871.0,841.0,1701.5777777777776,1751.5777777777776
34,29,886.0,1726.5777777777776,54.53803174603175,45,0,871.0,901.0,901.0,871.0,1701.5777777777776,1751.5777777777776
34,30,916.0,1726.5777777777776,47.0166037735849,53,0,901.0,931.0,931.0,901.0,1701.5777777777776,1751.5777777777776
34,31,946.0,1726.5777777777776,48.61466666666666,30,0,931.0,961.0,961.0,931.0,1701.5777777777776,1751.5777777777776
34,32,976.0,1726.5777777777776,59.31333333333333,21,0,961.0,991.0,991.0,961.0,1701.5777777777776,1751.5777777777776
34,33,1006.0,1726.5777777777776,54.47416666666667,36,0,991.0,1021.0,1021.0,991.0,1701.5777777777776,1751.5777777777776
34,34,1036.0,1726.5777777777776,51.0960465116279,43,0,1021.0,1051.0,1051.0,1021.0,1701.5777777777776,1751.5777777777776
34,35,1066.0,1726.5777777777776,50.184400000000004,50,0,1051.0,1081.0,1081.0,1051.0,1701.5777777777776,1751.5777777777776
34,36,1096.0,1726.5777777777776,46.511999999999986,50,0,1081.0,1111.0,1111.0,1081.0,1701.5777777777776,1751.5777777777776
34,37,1126.0,1726.5777777777776,43.725789473684216,57,0,1111.0,1141.0,1141.0,1111.0,1701.5777777777776,1751.5777777777776
34,38,1156.0,1726.5777777777776,38.19140350877192,57,0,1141.0,1171.0,1171.0,1141.0,1701.5777777777776,1751.5777777777776
34,39,1186.0,1726.5777777777776,33.29647887323944,71,0,1171.0,1201.0,1201.0,1171.0,1701.5777777777776,1751.5777777777776
34,40,1216.0,1726.5777777777776,34.59550000000001,60,0,1201.0,1231.0,1231.0,1201.0,1701.5777777777776,1751.5777777777776
34,41,1246.0,1726.5777777777776,41.894000000000005,50,0,1231.0,1261.0,1261.0,1231.0,1701.5777777777776,1751.5777777777776
34,42,1276.0,1726.5777777777776,46.859743589743594,39,0,1261.0,1291.0,1291.0,1261.0,1701.5777777777776,1751.5777777777776
34,43,1306.0,1726.5777777777776,45.464693877551014,49,0,1291.0,1321.0,1321.0,1291.0,1701.5777777777776,1751.5777777777776
34,44,1336.0,1726.5777777777776,51.703333333333326,36,0,1321.0,1351.0,1351.0,1321.0,1701.5777777777776,1751.5777777777776
34,45,1366.0,1726.5777777777776,51.92741935483871,31,0,1351.0,1381.0,1381.0,1351.0,1701.5777777777776,1751.5777777777776
34,46,1396.0,1726.5777777777776,55.55193548387096,31,0,1381.0,1411.0,1411.0,1381.0,1701.5777777777776,1751.5777777777776
34,47,1426.0,1726.5777777777776,44.96791666666666,48,0,1411.0,1441.0,1441.0,1411.0,1701.5777777777776,1751.5777777777776
34,48,1456.0,1726.5777777777776,46.37400000000002,30,0,1441.0,1471.0,1471.0,1441.0,1701.5777777777776,1751.5777777777776
34,49,1486.0,1726.5777777777776,42.232291666666654,48,0,1471.0,1501.0,1501.0,1471.0,1701.5777777777776,1751.5777777777776
34,50,1516.0,1726.5777777777776,40.66516129032257,62,0,1501.0,1531.0,1531.0,1501.0,1701.5777777777776,1751.5777777777776
34,51,1546.0,1726.5777777777776,40.47228070175439,57,0,1531.0,1561.0,1561.0,1531.0,1701.5777777777776,1751.5777777777776
34,52,1576.0,1726.5777777777776,42.112727272727284,55,0,1561.0,1591.0,1591.0,1561.0,1701.5777777777776,1751.5777777777776
34,53,1606.0,1726.5777777777776,44.73434782608695,46,0,1591.0,1621.0,1621.0,1591.0,1701.5777777777776,1751.5777777777776
34,54,1636.0,1726.5777777777776,49.25576923076923,26,0,1621.0,1651.0,1651.0,1621.0,1701.5777777777776,1751.5777777777776
34,55,1666.0,1726.5777777777776,43.40065217391305,46,0,1651.0,1681.0,1681.0,1651.0,1701.5777777777776,1751.5777777777776
34,56,1696.0,1726.5777777777776,45.883870967741935,31,0,1681.0,1711.0,1711.0,1681.0,1701.5777777777776,1751.5777777777776
34,57,1726.0,1726.5777777777776,47.5,44,0,1711.0,1741.0,1741.0,1711.0,1701.5777777777776,1751.5777777777776
34,58,1756.0,1726.5777777777776,46.36682926829269,41,0,1741.0,1771.0,1771.0,1741.0,1701.5777777777776,1751.5777777777776
34,59,1786.0,1726.5777777777776,49.98777777777778,36,0,1771.0,1801.0,1801.0,1771.0,1701.5777777777776,1751.5777777777776
34,60,1816.0,1726.5777777777776,46.045749999999984,40,0,1801.0,1831.0,1831.0,1801.0,1701.5777777777776,1751.5777777777776
34,61,1846.0,1726.5777777777776,50.31700680272109,42,0,1831.0,1861.0,1861.0,1831.0,1701.5777777777776,1751.5777777777776
34,62,1876.0,1726.5777777777776,47.01113636363636,44,0,1861.0,1891.0,1891.0,1861.0,1701.5777777777776,1751.5777777777776
34,63,1906.0,1726.5777777777776,44.55558139534883,43,0,1891.0,1921.0,1921.0,1891.0,1701.5777777777776,1751.5777777777776
34,64,1936.0,1726.5777777777776,47.99181818181819,44,0,1921.0,1951.0,1951.0,1921.0,1701.5777777777776,1751.5777777777776
34,65,1966.0,1726.5777777777776,46.78000000000001,38,0,1951.0,1981.0,1981.0,1951.0,1701.5777777777776,1751.5777777777776
34,66,1996.0,1726.5777777777776,51.19406250000001,32,0,1981.0,2011.0,2011.0,1981.0,1701.5777777777776,1751.5777777777776
34,67,2026.0,1726.5777777777776,49.79512195121952,41,0,2011.0,2041.0,2041.0,2011.0,1701.5777777777776,1751.5777777777776
34,68,2056.0,1726.5777777777776,50.012888888888895,45,0,2041.0,2071.0,2071.0,2041.0,1701.5777777777776,1751.5777777777776
34,69,2086.0,1726.5777777777776,51.57181818181818,33,0,2071.0,2101.0,2101.0,2071.0,1701.5777777777776,1751.5777777777776
34,70,2116.0,1726.5777777777776,52.84257142857143,35,0,2101.0,2131.0,2131.0,2101.0,1701.5777777777776,1751.5777777777776
34,71,2146.0,1726.5777777777776,46.349210526315794,38,0,2131.0,2161.0,2161.0,2131.0,1701.5777777777776,1751.5777777777776
34,72,2176.0,1726.5777777777776,42.32936170212767,47,0,2161.0,2191.0,2191.0,2161.0,1701.5777777777776,1751.5777777777776
34,73,2206.0,1726.5777777777776,50.12767441860465,43,0,2191.0,2221.0,2221.0,2191.0,1701.5777777777776,1751.5777777777776
34,74,2236.0,1726.5777777777776,46.95239130434783,46,0,2221.0,2251.0,2251.0,2221.0,1701.5777777777776,1751.5777777777776
34,75,2266.0,1726.5777777777776,46.89019607843136,51,0,2251.0,2281.0,2281.0,2251.0,1701.5777777777776,1751.5777777777776
34,76,2296.0,1726.5777777777776,42.34116279069767,43,0,2281.0,2311.0,2311.0,2281.0,1701.5777777777776,1751.5777777777776
34,77,2326.0,1726.5777777777776,41.08918367346939,49,0,2311.0,2341.0,2341.0,2311.0,1701.5777777777776,1751.5777777777776
34,78,2356.0,1726.5777777777776,33.77347222222223,72,0,2341.0,2371.0,2371.0,2341.0,1701.5777777777776,1751.5777777777776
34,79,2386.0,1726.5777777777776,35.93833333333333,54,0,2371.0,2401.0,2401.0,2371.0,1701.5777777777776,1751.5777777777776
34,80,2416.0,1726.5777777777776,31.932105263157894,57,0,2401.0,2431.0,2431.0,2401.0,1701.5777777777776,1751.5777777777776
34,81,2446.0,1726.5777777777776,36.90959183673469,49,0,2431.0,2461.0,2461.0,2431.0,1701.5777777777776,1751.5777777777776
34,82,2476.0,1726.5777777777776,35.644090909090906,66,0,2461.0,2491.0,2491.0,2461.0,1701.5777777777776,1751.5777777777776
34,83,2506.0,1726.5777777777776,38.87083333333333,60,0,2491.0,2521.0,2521.0,2491.0,1701.5777777777776,1751.5777777777776
34,84,2536.0,1726.5777777777776,41.551833333333335,60,0,2521.0,2551.0,2551.0,2521.0,1701.5777777777776,1751.5777777777776
34,85,2566.0,1726.5777777777776,38.27685185185186,54,0,2551.0,2581.0,2581.0,2551.0,1701.5777777777776,1751.5777777777776
34,86,2596.0,1726.5777777777776,36.698800000000006,50,0,2581.0,2611.0,2611.0,2581.0,1701.5777777777776,1751.5777777777776
34,87,2626.0,1726.5777777777776,34.00716666666665,60,0,2611.0,2641.0,2641.0,2611.0,1701.5777777777776,1751.5777777777776
34,88,2656.0,1726.5777777777776,31.155507246376807,69,0,2641.0,2671.0,2671.0,2641.0,1701.5777777777776,1751.5777777777776
34,89,2686.0,1726.5777777777776,39.7490909090909,66,0,2671.0,2701.0,2701.0,2671.0,1701.5777777777776,1751.5777777777776
34,90,2716.0,1726.5777777777776,46.77022727272727,44,0,2701.0,2731.0,2731.0,2701.0,1701.5777777777776,1751.5777777777776
34,91,2746.0,1726.5777777777776,45.12,51,0,2731.0,2761.0,2761.0,2731.0,1701.5777777777776,1751.5777777777776
34,92,2776.0,1726.5777777777776,39.20977777777778,45,0,2761.0,2791.0,2791.0,2761.0,1701.5777777777776,1751.5777777777776
34,93,2806.0,1726.5777777777776,30.380375000000015,80,0,2791.0,2821.0,2821.0,2791.0,1701.5777777777776,1751.5777777777776
34,94,2836.0,1726.5777777777776,29.384333333333334,60,0,2821.0,2851.0,2851.0,2821.0,1701.5777777777776,1751.5777777777776
34,95,2866.0,1726.5777777777776,34.719137931034474,58,0,2851.0,2881.0,2881.0,2851.0,1701.5777777777776,1751.5777777777776
34,96,2896.0,1726.5777777777776,39.26262295081967,61,0,2881.0,2911.0,2911.0,2881.0,1701.5777777777776,1751.5777777777776
34,97,2926.0,1726.5777777777776,43.13157894736842,57,0,2911.0,2941.0,2941.0,2911.0,1701.5777777777776,1751.5777777777776
34,98,2956.0,1726.5777777777776,47.075686274509806,51,0,2941.0,2971.0,2971.0,2941.0,1701.5777777777776,1751.5777777777776
34,99,2986.0,1726.5777777777776,49.14296296296296,39,0,2971.0,3001.0,3001.0,2971.0,1701.5777777777776,1751.5777777777776
34,100,3016.0,1726.5777777777776,42.73404761904762,42,0,3001.0,3031.0,3031.0,3001.0,1701.5777777777776,1751.5777777777776
34,101,3046.0,1726.5777777777776,44.775378787878786,44,0,3031.0,3061.0,3061.0,3031.0,1701.5777777777776,1751.5777777777776
34,102,3076.0,1726.5777777777776,49.181162790697684,43,0,3061.0,3091.0,3091.0,3061.0,1701.5777777777776,1751.5777777777776
34,103,3106.0,1726.5777777777776,46.83744186046513,43,0,3091.0,3121.0,3121.0,3091.0,1701.5777777777776,1751.5777777777776
34,104,3136.0,1726.5777777777776,43.3848,50,0,3121.0,3151.0,3151.0,3121.0,1701.5777777777776,1751.5777777777776
34,105,3166.0,1726.5777777777776,45.95433962264153,53,0,3151.0,3181.0,3181.0,3151.0,1701.5777777777776,1751.5777777777776
34,106,3196.0,1726.5777777777776,47.69285714285714,42,0,3181.0,3211.0,3211.0,3181.0,1701.5777777777776,1751.5777777777776
34,107,3226.0,1726.5777777777776,48.219545454545454,44,0,3211.0,3241.0,3241.0,3211.0,1701.5777777777776,1751.5777777777776
34,108,3256.0,1726.5777777777776,52.100689655172424,29,0,3241.0,3271.0,3271.0,3241.0,1701.5777777777776,1751.5777777777776
34,109,3286.0,1726.5777777777776,47.64397058823529,51,0,3271.0,3301.0,3301.0,3271.0,1701.5777777777776,1751.5777777777776
34,110,3316.0,1726.5777777777776,44.80981818181818,55,0,3301.0,3331.0,3331.0,3301.0,1701.5777777777776,1751.5777777777776
34,111,3346.0,1726.5777777777776,49.76917933130698,47,0,3331.0,3361.0,3361.0,3331.0,1701.5777777777776,1751.5777777777776
34,112,3376.0,1726.5777777777776,50.0721052631579,38,0,3361.0,3391.0,3391.0,3361.0,1701.5777777777776,1751.5777777777776
34,113,3406.0,1726.5777777777776,49.424375000000005,48,0,3391.0,3421.0,3421.0,3391.0,1701.5777777777776,1751.5777777777776
34,114,3436.0,1726.5777777777776,50.19979591836734,49,0,3421.0,3451.0,3451.0,3421.0,1701.5777777777776,1751.5777777777776
34,115,3466.0,1726.5777777777776,51.80410256410256,39,0,3451.0,3481.0,3481.0,3451.0,1701.5777777777776,1751.5777777777776
34,116,3496.0,1726.5777777777776,46.55446808510638,47,0,3481.0,3511.0,3511.0,3481.0,1701.5777777777776,1751.5777777777776
34,117,3526.0,1726.5777777777776,50.35999999999999,37,0,3511.0,3541.0,3541.0,3511.0,1701.5777777777776,1751.5777777777776
34,118,3556.0,1726.5777777777776,47.094411764705875,34,0,3541.0,3571.0,3571.0,3541.0,1701.5777777777776,1751.5777777777776
34,119,3586.0,1726.5777777777776,46.550232558139534,43,0,3571.0,3601.0,3601.0,3571.0,1701.5777777777776,1751.5777777777776
34,120,3616.0,1726.5777777777776,46.08088235294116,34,0,3601.0,3631.0,3631.0,3601.0,1701.5777777777776,1751.5777777777776
34,121,3646.0,1726.5777777777776,48.03615384615385,39,0,3631.0,3661.0,3661.0,3631.0,1701.5777777777776,1751.5777777777776
34,122,3676.0,1726.5777777777776,49.30514285714287,35,0,3661.0,3691.0,3691.0,3661.0,1701.5777777777776,1751.5777777777776
34,123,3706.0,1726.5777777777776,51.012857142857136,28,0,3691.0,3721.0,3721.0,3691.0,1701.5777777777776,1751.5777777777776
34,124,3736.0,1726.5777777777776,52.158846153846156,26,0,3721.0,3751.0,3751.0,3721.0,1701.5777777777776,1751.5777777777776
34,125,3766.0,1726.5777777777776,44.81125,32,0,3751.0,3781.0,3781.0,3751.0,1701.5777777777776,1751.5777777777776
34,126,3796.0,1726.5777777777776,45.213023255813965,43,0,3781.0,3811.0,3811.0,3781.0,1701.5777777777776,1751.5777777777776
34,127,3826.0,1726.5777777777776,42.47064516129032,31,0,3811.0,3841.0,3841.0,3811.0,1701.5777777777776,1751.5777777777776
34,128,3856.0,1726.5777777777776,38.911874999999995,16,0,3841.0,3871.0,3871.0,3841.0,1701.5777777777776,1751.5777777777776
34,129,3886.0,1726.5777777777776,,0,0,3871.0,3901.0,3901.0,3871.0,1701.5777777777776,1751.5777777777776
35,0,16.0,1776.5777777777776,73.80799999999999,10,0,1.0,31.0,31.0,1.0,1751.5777777777776,1801.5777777777776
35,1,46.0,1776.5777777777776,54.786774193548375,31,0,31.0,61.0,61.0,31.0,1751.5777777777776,1801.5777777777776
35,2,76.0,1776.5777777777776,50.08847826086956,46,0,61.0,91.0,91.0,61.0,1751.5777777777776,1801.5777777777776
35,3,106.0,1776.5777777777776,54.877941176470586,34,0,91.0,121.0,121.0,91.0,1751.5777777777776,1801.5777777777776
35,4,136.0,1776.5777777777776,54.47462732919252,46,0,121.0,151.0,151.0,121.0,1751.5777777777776,1801.5777777777776
35,5,166.0,1776.5777777777776,57.73346153846153,26,0,151.0,181.0,181.0,151.0,1751.5777777777776,1801.5777777777776
35,6,196.0,1776.5777777777776,59.45857142857143,21,0,181.0,211.0,211.0,181.0,1751.5777777777776,1801.5777777777776
35,7,226.0,1776.5777777777776,54.836052631578944,38,0,211.0,241.0,241.0,211.0,1751.5777777777776,1801.5777777777776
35,8,256.0,1776.5777777777776,55.80523809523809,42,0,241.0,271.0,271.0,241.0,1751.5777777777776,1801.5777777777776
35,9,286.0,1776.5777777777776,53.14898809523809,48,0,271.0,301.0,301.0,271.0,1751.5777777777776,1801.5777777777776
35,10,316.0,1776.5777777777776,59.99390243902438,41,0,301.0,331.0,331.0,301.0,1751.5777777777776,1801.5777777777776
35,11,346.0,1776.5777777777776,72.83478260869563,23,0,331.0,361.0,361.0,331.0,1751.5777777777776,1801.5777777777776
35,12,376.0,1776.5777777777776,73.67,12,0,361.0,391.0,391.0,361.0,1751.5777777777776,1801.5777777777776
35,13,406.0,1776.5777777777776,67.5704,25,0,391.0,421.0,421.0,391.0,1751.5777777777776,1801.5777777777776
35,14,436.0,1776.5777777777776,62.87472222222222,36,0,421.0,451.0,451.0,421.0,1751.5777777777776,1801.5777777777776
35,15,466.0,1776.5777777777776,68.3095652173913,23,0,451.0,481.0,481.0,451.0,1751.5777777777776,1801.5777777777776
35,16,496.0,1776.5777777777776,59.141212121212114,33,0,481.0,511.0,511.0,481.0,1751.5777777777776,1801.5777777777776
35,17,526.0,1776.5777777777776,58.724062499999995,32,0,511.0,541.0,541.0,511.0,1751.5777777777776,1801.5777777777776
35,18,556.0,1776.5777777777776,58.51972972972973,37,0,541.0,571.0,571.0,541.0,1751.5777777777776,1801.5777777777776
35,19,586.0,1776.5777777777776,56.49848484848485,33,0,571.0,601.0,601.0,571.0,1751.5777777777776,1801.5777777777776
35,20,616.0,1776.5777777777776,52.35589743589744,39,0,601.0,631.0,631.0,601.0,1751.5777777777776,1801.5777777777776
35,21,646.0,1776.5777777777776,49.67059999999999,50,0,631.0,661.0,661.0,631.0,1751.5777777777776,1801.5777777777776
35,22,676.0,1776.5777777777776,45.766382978723406,47,0,661.0,691.0,691.0,661.0,1751.5777777777776,1801.5777777777776
35,23,706.0,1776.5777777777776,44.855365853658526,41,0,691.0,721.0,721.0,691.0,1751.5777777777776,1801.5777777777776
35,24,736.0,1776.5777777777776,59.16111111111112,36,0,721.0,751.0,751.0,721.0,1751.5777777777776,1801.5777777777776
35,25,766.0,1776.5777777777776,59.44714285714286,28,0,751.0,781.0,781.0,751.0,1751.5777777777776,1801.5777777777776
35,26,796.0,1776.5777777777776,54.09666666666666,54,0,781.0,811.0,811.0,781.0,1751.5777777777776,1801.5777777777776
35,27,826.0,1776.5777777777776,56.49742857142857,35,0,811.0,841.0,841.0,811.0,1751.5777777777776,1801.5777777777776
35,28,856.0,1776.5777777777776,54.89212121212122,33,0,841.0,871.0,871.0,841.0,1751.5777777777776,1801.5777777777776
35,29,886.0,1776.5777777777776,55.90447368421052,38,0,871.0,901.0,901.0,871.0,1751.5777777777776,1801.5777777777776
35,30,916.0,1776.5777777777776,51.00234042553192,47,0,901.0,931.0,931.0,901.0,1751.5777777777776,1801.5777777777776
35,31,946.0,1776.5777777777776,49.9490909090909,33,0,931.0,961.0,961.0,931.0,1751.5777777777776,1801.5777777777776
35,32,976.0,1776.5777777777776,60.99777777777777,18,0,961.0,991.0,991.0,961.0,1751.5777777777776,1801.5777777777776
35,33,1006.0,1776.5777777777776,57.31243243243243,37,0,991.0,1021.0,1021.0,991.0,1751.5777777777776,1801.5777777777776
35,34,1036.0,1776.5777777777776,53.20057142857144,35,0,1021.0,1051.0,1051.0,1021.0,1751.5777777777776,1801.5777777777776
35,35,1066.0,1776.5777777777776,51.84300000000001,50,0,1051.0,1081.0,1081.0,1051.0,1751.5777777777776,1801.5777777777776
35,36,1096.0,1776.5777777777776,48.29469387755101,49,0,1081.0,1111.0,1111.0,1081.0,1751.5777777777776,1801.5777777777776
35,37,1126.0,1776.5777777777776,38.90338709677419,62,0,1111.0,1141.0,1141.0,1111.0,1751.5777777777776,1801.5777777777776
35,38,1156.0,1776.5777777777776,35.29761904761905,63,0,1141.0,1171.0,1171.0,1141.0,1751.5777777777776,1801.5777777777776
35,39,1186.0,1776.5777777777776,36.0871875,64,0,1171.0,1201.0,1201.0,1171.0,1751.5777777777776,1801.5777777777776
35,40,1216.0,1776.5777777777776,39.92035087719298,57,0,1201.0,1231.0,1231.0,1201.0,1751.5777777777776,1801.5777777777776
35,41,1246.0,1776.5777777777776,45.21244897959184,49,0,1231.0,1261.0,1261.0,1231.0,1751.5777777777776,1801.5777777777776
35,42,1276.0,1776.5777777777776,48.581500000000005,40,0,1261.0,1291.0,1291.0,1261.0,1751.5777777777776,1801.5777777777776
35,43,1306.0,1776.5777777777776,48.829782608695666,46,0,1291.0,1321.0,1321.0,1291.0,1751.5777777777776,1801.5777777777776
35,44,1336.0,1776.5777777777776,52.4484375,32,0,1321.0,1351.0,1351.0,1321.0,1751.5777777777776,1801.5777777777776
35,45,1366.0,1776.5777777777776,51.9870588235294,34,0,1351.0,1381.0,1381.0,1351.0,1751.5777777777776,1801.5777777777776
35,46,1396.0,1776.5777777777776,57.13133333333334,30,0,1381.0,1411.0,1411.0,1381.0,1751.5777777777776,1801.5777777777776
35,47,1426.0,1776.5777777777776,45.58583333333332,44,0,1411.0,1441.0,1441.0,1411.0,1751.5777777777776,1801.5777777777776
35,48,1456.0,1776.5777777777776,47.601081081081084,37,0,1441.0,1471.0,1471.0,1441.0,1751.5777777777776,1801.5777777777776
35,49,1486.0,1776.5777777777776,44.62666666666667,42,0,1471.0,1501.0,1501.0,1471.0,1751.5777777777776,1801.5777777777776
35,50,1516.0,1776.5777777777776,43.073650793650785,63,0,1501.0,1531.0,1531.0,1501.0,1751.5777777777776,1801.5777777777776
35,51,1546.0,1776.5777777777776,42.60645833333333,48,0,1531.0,1561.0,1561.0,1531.0,1751.5777777777776,1801.5777777777776
35,52,1576.0,1776.5777777777776,39.6723076923077,65,0,1561.0,1591.0,1591.0,1561.0,1751.5777777777776,1801.5777777777776
35,53,1606.0,1776.5777777777776,46.31276595744681,47,0,1591.0,1621.0,1621.0,1591.0,1751.5777777777776,1801.5777777777776
35,54,1636.0,1776.5777777777776,49.093529411764706,34,0,1621.0,1651.0,1651.0,1621.0,1751.5777777777776,1801.5777777777776
35,55,1666.0,1776.5777777777776,46.19100000000001,40,0,1651.0,1681.0,1681.0,1651.0,1751.5777777777776,1801.5777777777776
35,56,1696.0,1776.5777777777776,44.95314285714284,35,0,1681.0,1711.0,1711.0,1681.0,1751.5777777777776,1801.5777777777776
35,57,1726.0,1776.5777777777776,49.68511627906976,43,0,1711.0,1741.0,1741.0,1711.0,1751.5777777777776,1801.5777777777776
35,58,1756.0,1776.5777777777776,47.217948717948715,39,0,1741.0,1771.0,1771.0,1741.0,1751.5777777777776,1801.5777777777776
35,59,1786.0,1776.5777777777776,49.33605263157895,38,0,1771.0,1801.0,1801.0,1771.0,1751.5777777777776,1801.5777777777776
35,60,1816.0,1776.5777777777776,47.91924999999999,40,0,1801.0,1831.0,1831.0,1801.0,1751.5777777777776,1801.5777777777776
35,61,1846.0,1776.5777777777776,50.347234042553204,47,0,1831.0,1861.0,1861.0,1831.0,1751.5777777777776,1801.5777777777776
35,62,1876.0,1776.5777777777776,48.96594594594595,37,0,1861.0,1891.0,1891.0,1861.0,1751.5777777777776,1801.5777777777776
35,63,1906.0,1776.5777777777776,46.79163120567377,47,0,1891.0,1921.0,1921.0,1891.0,1751.5777777777776,1801.5777777777776
35,64,1936.0,1776.5777777777776,48.02186046511627,43,0,1921.0,1951.0,1951.0,1921.0,1751.5777777777776,1801.5777777777776
35,65,1966.0,1776.5777777777776,45.725609756097555,41,0,1951.0,1981.0,1981.0,1951.0,1751.5777777777776,1801.5777777777776
35,66,1996.0,1776.5777777777776,53.22527777777777,36,0,1981.0,2011.0,2011.0,1981.0,1751.5777777777776,1801.5777777777776
35,67,2026.0,1776.5777777777776,49.0465306122449,49,0,2011.0,2041.0,2041.0,2011.0,1751.5777777777776,1801.5777777777776
35,68,2056.0,1776.5777777777776,50.383333333333326,48,0,2041.0,2071.0,2071.0,2041.0,1751.5777777777776,1801.5777777777776
35,69,2086.0,1776.5777777777776,52.544117647058826,34,0,2071.0,2101.0,2101.0,2071.0,1751.5777777777776,1801.5777777777776
35,70,2116.0,1776.5777777777776,52.09558823529412,34,0,2101.0,2131.0,2131.0,2101.0,1751.5777777777776,1801.5777777777776
35,71,2146.0,1776.5777777777776,49.74882352941179,34,0,2131.0,2161.0,2161.0,2131.0,1751.5777777777776,1801.5777777777776
35,72,2176.0,1776.5777777777776,41.216938775510215,49,0,2161.0,2191.0,2191.0,2161.0,1751.5777777777776,1801.5777777777776
35,73,2206.0,1776.5777777777776,47.309333333333335,45,0,2191.0,2221.0,2221.0,2191.0,1751.5777777777776,1801.5777777777776
35,74,2236.0,1776.5777777777776,49.50693877551018,49,0,2221.0,2251.0,2251.0,2221.0,1751.5777777777776,1801.5777777777776
35,75,2266.0,1776.5777777777776,47.12659999999999,50,0,2251.0,2281.0,2281.0,2251.0,1751.5777777777776,1801.5777777777776
35,76,2296.0,1776.5777777777776,45.68650000000001,40,0,2281.0,2311.0,2311.0,2281.0,1751.5777777777776,1801.5777777777776
35,77,2326.0,1776.5777777777776,44.55408163265305,49,0,2311.0,2341.0,2341.0,2311.0,1751.5777777777776,1801.5777777777776
35,78,2356.0,1776.5777777777776,35.78389830508474,59,0,2341.0,2371.0,2371.0,2341.0,1751.5777777777776,1801.5777777777776
35,79,2386.0,1776.5777777777776,35.70564516129032,62,0,2371.0,2401.0,2401.0,2371.0,1751.5777777777776,1801.5777777777776
35,80,2416.0,1776.5777777777776,37.28865384615385,52,0,2401.0,2431.0,2431.0,2401.0,1751.5777777777776,1801.5777777777776
35,81,2446.0,1776.5777777777776,40.81330623306232,41,0,2431.0,2461.0,2461.0,2431.0,1751.5777777777776,1801.5777777777776
35,82,2476.0,1776.5777777777776,37.10112676056338,71,0,2461.0,2491.0,2491.0,2461.0,1751.5777777777776,1801.5777777777776
35,83,2506.0,1776.5777777777776,39.41472727272728,55,0,2491.0,2521.0,2521.0,2491.0,1751.5777777777776,1801.5777777777776
35,84,2536.0,1776.5777777777776,35.87320512820512,78,0,2521.0,2551.0,2551.0,2521.0,1751.5777777777776,1801.5777777777776
35,85,2566.0,1776.5777777777776,34.81007168458782,62,0,2551.0,2581.0,2581.0,2551.0,1751.5777777777776,1801.5777777777776
35,86,2596.0,1776.5777777777776,39.14978723404254,47,0,2581.0,2611.0,2611.0,2581.0,1751.5777777777776,1801.5777777777776
35,87,2626.0,1776.5777777777776,37.083518518518524,54,0,2611.0,2641.0,2641.0,2611.0,1751.5777777777776,1801.5777777777776
35,88,2656.0,1776.5777777777776,35.821323529411785,68,0,2641.0,2671.0,2671.0,2641.0,1751.5777777777776,1801.5777777777776
35,89,2686.0,1776.5777777777776,38.97104477611939,67,0,2671.0,2701.0,2701.0,2671.0,1751.5777777777776,1801.5777777777776
35,90,2716.0,1776.5777777777776,45.114313725490184,51,0,2701.0,2731.0,2731.0,2701.0,1751.5777777777776,1801.5777777777776
35,91,2746.0,1776.5777777777776,41.84068965517241,58,0,2731.0,2761.0,2761.0,2731.0,1751.5777777777776,1801.5777777777776
35,92,2776.0,1776.5777777777776,37.49528301886793,53,0,2761.0,2791.0,2791.0,2761.0,1751.5777777777776,1801.5777777777776
35,93,2806.0,1776.5777777777776,33.80076923076923,65,0,2791.0,2821.0,2821.0,2791.0,1751.5777777777776,1801.5777777777776
35,94,2836.0,1776.5777777777776,35.230181818181826,55,0,2821.0,2851.0,2851.0,2821.0,1751.5777777777776,1801.5777777777776
35,95,2866.0,1776.5777777777776,37.43983333333333,60,0,2851.0,2881.0,2881.0,2851.0,1751.5777777777776,1801.5777777777776
35,96,2896.0,1776.5777777777776,38.62135593220339,59,0,2881.0,2911.0,2911.0,2881.0,1751.5777777777776,1801.5777777777776
35,97,2926.0,1776.5777777777776,44.80183333333331,60,0,2911.0,2941.0,2941.0,2911.0,1751.5777777777776,1801.5777777777776
35,98,2956.0,1776.5777777777776,47.15568965517242,58,0,2941.0,2971.0,2971.0,2941.0,1751.5777777777776,1801.5777777777776
35,99,2986.0,1776.5777777777776,50.14069767441862,43,0,2971.0,3001.0,3001.0,2971.0,1751.5777777777776,1801.5777777777776
35,100,3016.0,1776.5777777777776,45.19046511627907,43,0,3001.0,3031.0,3031.0,3001.0,1751.5777777777776,1801.5777777777776
35,101,3046.0,1776.5777777777776,44.67906976744187,43,0,3031.0,3061.0,3061.0,3031.0,1751.5777777777776,1801.5777777777776
35,102,3076.0,1776.5777777777776,49.46208333333333,48,0,3061.0,3091.0,3091.0,3061.0,1751.5777777777776,1801.5777777777776
35,103,3106.0,1776.5777777777776,48.1621052631579,38,0,3091.0,3121.0,3121.0,3091.0,1751.5777777777776,1801.5777777777776
35,104,3136.0,1776.5777777777776,44.977346938775504,49,0,3121.0,3151.0,3151.0,3121.0,1751.5777777777776,1801.5777777777776
35,105,3166.0,1776.5777777777776,45.715593220338974,59,0,3151.0,3181.0,3181.0,3151.0,1751.5777777777776,1801.5777777777776
35,106,3196.0,1776.5777777777776,48.64000000000001,43,0,3181.0,3211.0,3211.0,3181.0,1751.5777777777776,1801.5777777777776
35,107,3226.0,1776.5777777777776,50.403636363636366,44,0,3211.0,3241.0,3241.0,3211.0,1751.5777777777776,1801.5777777777776
35,108,3256.0,1776.5777777777776,51.813,30,0,3241.0,3271.0,3271.0,3241.0,1751.5777777777776,1801.5777777777776
35,109,3286.0,1776.5777777777776,48.571836734693875,49,0,3271.0,3301.0,3301.0,3271.0,1751.5777777777776,1801.5777777777776
35,110,3316.0,1776.5777777777776,47.15346153846154,52,0,3301.0,3331.0,3331.0,3301.0,1751.5777777777776,1801.5777777777776
35,111,3346.0,1776.5777777777776,50.07729166666666,48,0,3331.0,3361.0,3361.0,3331.0,1751.5777777777776,1801.5777777777776
35,112,3376.0,1776.5777777777776,50.4229268292683,41,0,3361.0,3391.0,3391.0,3361.0,1751.5777777777776,1801.5777777777776
35,113,3406.0,1776.5777777777776,50.05416666666667,48,0,3391.0,3421.0,3421.0,3391.0,1751.5777777777776,1801.5777777777776
35,114,3436.0,1776.5777777777776,47.59054545454547,55,0,3421.0,3451.0,3451.0,3421.0,1751.5777777777776,1801.5777777777776
35,115,3466.0,1776.5777777777776,53.67522727272731,44,0,3451.0,3481.0,3481.0,3451.0,1751.5777777777776,1801.5777777777776
35,116,3496.0,1776.5777777777776,48.687749999999994,40,0,3481.0,3511.0,3511.0,3481.0,1751.5777777777776,1801.5777777777776
35,117,3526.0,1776.5777777777776,52.784102564102575,39,0,3511.0,3541.0,3541.0,3511.0,1751.5777777777776,1801.5777777777776
35,118,3556.0,1776.5777777777776,51.04294117647058,34,0,3541.0,3571.0,3571.0,3541.0,1751.5777777777776,1801.5777777777776
35,119,3586.0,1776.5777777777776,47.476410256410254,39,0,3571.0,3601.0,3601.0,3571.0,1751.5777777777776,1801.5777777777776
35,120,3616.0,1776.5777777777776,48.002702702702706,37,0,3601.0,3631.0,3631.0,3601.0,1751.5777777777776,1801.5777777777776
35,121,3646.0,1776.5777777777776,49.258571428571415,35,0,3631.0,3661.0,3661.0,3631.0,1751.5777777777776,1801.5777777777776
35,122,3676.0,1776.5777777777776,50.9746153846154,39,0,3661.0,3691.0,3691.0,3661.0,1751.5777777777776,1801.5777777777776
35,123,3706.0,1776.5777777777776,50.200714285714284,28,0,3691.0,3721.0,3721.0,3691.0,1751.5777777777776,1801.5777777777776
35,124,3736.0,1776.5777777777776,53.678518518518516,27,0,3721.0,3751.0,3751.0,3721.0,1751.5777777777776,1801.5777777777776
35,125,3766.0,1776.5777777777776,47.91882352941176,34,0,3751.0,3781.0,3781.0,3751.0,1751.5777777777776,1801.5777777777776
35,126,3796.0,1776.5777777777776,48.374615384615396,39,0,3781.0,3811.0,3811.0,3781.0,1751.5777777777776,1801.5777777777776
35,127,3826.0,1776.5777777777776,44.73625000000001,32,0,3811.0,3841.0,3841.0,3811.0,1751.5777777777776,1801.5777777777776
35,128,3856.0,1776.5777777777776,43.19047619047619,21,0,3841.0,3871.0,3871.0,3841.0,1751.5777777777776,1801.5777777777776
35,129,3886.0,1776.5777777777776,,0,0,3871.0,3901.0,3901.0,3871.0,1751.5777777777776,1801.5777777777776
36,0,16.0,1826.5777777777776,76.75333333333334,11,0,1.0,31.0,31.0,1.0,1801.5777777777776,1851.5777777777776
36,1,46.0,1826.5777777777776,55.64759999999999,25,0,31.0,61.0,61.0,31.0,1801.5777777777776,1851.5777777777776
36,2,76.0,1826.5777777777776,51.96318181818182,44,0,61.0,91.0,91.0,61.0,1801.5777777777776,1851.5777777777776
36,3,106.0,1826.5777777777776,54.86648648648649,37,0,91.0,121.0,121.0,91.0,1801.5777777777776,1851.5777777777776
36,4,136.0,1826.5777777777776,54.502954545454536,44,0,121.0,151.0,151.0,121.0,1801.5777777777776,1851.5777777777776
36,5,166.0,1826.5777777777776,56.17666666666666,36,0,151.0,181.0,181.0,151.0,1801.5777777777776,1851.5777777777776
36,6,196.0,1826.5777777777776,58.760416666666664,24,0,181.0,211.0,211.0,181.0,1801.5777777777776,1851.5777777777776
36,7,226.0,1826.5777777777776,54.4530303030303,33,0,211.0,241.0,241.0,211.0,1801.5777777777776,1851.5777777777776
36,8,256.0,1826.5777777777776,56.6231707317073,41,0,241.0,271.0,271.0,241.0,1801.5777777777776,1851.5777777777776
36,9,286.0,1826.5777777777776,54.9206976744186,43,0,271.0,301.0,301.0,271.0,1801.5777777777776,1851.5777777777776
36,10,316.0,1826.5777777777776,57.642250000000004,40,0,301.0,331.0,331.0,301.0,1801.5777777777776,1851.5777777777776
36,11,346.0,1826.5777777777776,70.50125,24,0,331.0,361.0,361.0,331.0,1801.5777777777776,1851.5777777777776
36,12,376.0,1826.5777777777776,74.7775,12,0,361.0,391.0,391.0,361.0,1801.5777777777776,1851.5777777777776
36,13,406.0,1826.5777777777776,67.61125000000001,24,0,391.0,421.0,421.0,391.0,1801.5777777777776,1851.5777777777776
36,14,436.0,1826.5777777777776,63.72081081081081,37,0,421.0,451.0,451.0,421.0,1801.5777777777776,1851.5777777777776
36,15,466.0,1826.5777777777776,66.42347826086957,23,0,451.0,481.0,481.0,451.0,1801.5777777777776,1851.5777777777776
36,16,496.0,1826.5777777777776,60.01382352941178,34,0,481.0,511.0,511.0,481.0,1801.5777777777776,1851.5777777777776
36,17,526.0,1826.5777777777776,58.39529411764707,34,0,511.0,541.0,541.0,511.0,1801.5777777777776,1851.5777777777776
36,18,556.0,1826.5777777777776,58.58878787878788,33,0,541.0,571.0,571.0,541.0,1801.5777777777776,1851.5777777777776
36,19,586.0,1826.5777777777776,58.257999999999996,35,0,571.0,601.0,601.0,571.0,1801.5777777777776,1851.5777777777776
36,20,616.0,1826.5777777777776,52.637435897435914,39,0,601.0,631.0,631.0,601.0,1801.5777777777776,1851.5777777777776
36,21,646.0,1826.5777777777776,49.89829787234044,47,0,631.0,661.0,661.0,631.0,1801.5777777777776,1851.5777777777776
36,22,676.0,1826.5777777777776,46.28613636363636,44,0,661.0,691.0,691.0,661.0,1801.5777777777776,1851.5777777777776
36,23,706.0,1826.5777777777776,41.65604651162791,43,0,691.0,721.0,721.0,691.0,1801.5777777777776,1851.5777777777776
36,24,736.0,1826.5777777777776,56.625757575757575,33,0,721.0,751.0,751.0,721.0,1801.5777777777776,1851.5777777777776
36,25,766.0,1826.5777777777776,61.854285714285716,28,0,751.0,781.0,781.0,751.0,1801.5777777777776,1851.5777777777776
36,26,796.0,1826.5777777777776,53.66888888888888,54,0,781.0,811.0,811.0,781.0,1801.5777777777776,1851.5777777777776
36,27,826.0,1826.5777777777776,56.1069696969697,33,0,811.0,841.0,841.0,811.0,1801.5777777777776,1851.5777777777776
36,28,856.0,1826.5777777777776,55.95636363636362,33,0,841.0,871.0,871.0,841.0,1801.5777777777776,1851.5777777777776
36,29,886.0,1826.5777777777776,56.38000000000002,40,0,871.0,901.0,901.0,871.0,1801.5777777777776,1851.5777777777776
36,30,916.0,1826.5777777777776,52.849512195121946,41,0,901.0,931.0,931.0,901.0,1801.5777777777776,1851.5777777777776
36,31,946.0,1826.5777777777776,51.80145299145298,39,0,931.0,961.0,961.0,931.0,1801.5777777777776,1851.5777777777776
36,32,976.0,1826.5777777777776,60.720000000000006,21,0,961.0,991.0,991.0,961.0,1801.5777777777776,1851.5777777777776
36,33,1006.0,1826.5777777777776,56.964848484848496,33,0,991.0,1021.0,1021.0,991.0,1801.5777777777776,1851.5777777777776
36,34,1036.0,1826.5777777777776,54.80694444444444,36,0,1021.0,1051.0,1051.0,1021.0,1801.5777777777776,1851.5777777777776
36,35,1066.0,1826.5777777777776,51.92447941888619,59,0,1051.0,1081.0,1081.0,1051.0,1801.5777777777776,1851.5777777777776
36,36,1096.0,1826.5777777777776,48.70931818181818,44,0,1081.0,1111.0,1111.0,1081.0,1801.5777777777776,1851.5777777777776
36,37,1126.0,1826.5777777777776,33.17350000000001,60,0,1111.0,1141.0,1141.0,1111.0,1801.5777777777776,1851.5777777777776
36,38,1156.0,1826.5777777777776,31.683768115942033,69,0,1141.0,1171.0,1171.0,1141.0,1801.5777777777776,1851.5777777777776
36,39,1186.0,1826.5777777777776,36.25241379310344,58,0,1171.0,1201.0,1201.0,1171.0,1801.5777777777776,1851.5777777777776
36,40,1216.0,1826.5777777777776,43.05384615384614,52,0,1201.0,1231.0,1231.0,1201.0,1801.5777777777776,1851.5777777777776
36,41,1246.0,1826.5777777777776,46.164509803921575,51,0,1231.0,1261.0,1261.0,1231.0,1801.5777777777776,1851.5777777777776
36,42,1276.0,1826.5777777777776,47.541395348837206,43,0,1261.0,1291.0,1291.0,1261.0,1801.5777777777776,1851.5777777777776
36,43,1306.0,1826.5777777777776,51.06818181818183,44,0,1291.0,1321.0,1321.0,1291.0,1801.5777777777776,1851.5777777777776
36,44,1336.0,1826.5777777777776,52.00066666666667,30,0,1321.0,1351.0,1351.0,1321.0,1801.5777777777776,1851.5777777777776
36,45,1366.0,1826.5777777777776,52.042500000000004,32,0,1351.0,1381.0,1381.0,1351.0,1801.5777777777776,1851.5777777777776
36,46,1396.0,1826.5777777777776,55.99792397660819,38,0,1381.0,1411.0,1411.0,1381.0,1801.5777777777776,1851.5777777777776
36,47,1426.0,1826.5777777777776,45.01315789473684,38,0,1411.0,1441.0,1441.0,1411.0,1801.5777777777776,1851.5777777777776
36,48,1456.0,1826.5777777777776,46.9971052631579,38,0,1441.0,1471.0,1471.0,1441.0,1801.5777777777776,1851.5777777777776
36,49,1486.0,1826.5777777777776,47.80967741935484,31,0,1471.0,1501.0,1501.0,1471.0,1801.5777777777776,1851.5777777777776
36,50,1516.0,1826.5777777777776,43.00444444444445,63,0,1501.0,1531.0,1531.0,1501.0,1801.5777777777776,1851.5777777777776
36,51,1546.0,1826.5777777777776,44.47975609756096,41,0,1531.0,1561.0,1561.0,1531.0,1801.5777777777776,1851.5777777777776
36,52,1576.0,1826.5777777777776,39.06333333333333,63,0,1561.0,1591.0,1591.0,1561.0,1801.5777777777776,1851.5777777777776
36,53,1606.0,1826.5777777777776,46.45574468085106,47,0,1591.0,1621.0,1621.0,1591.0,1801.5777777777776,1851.5777777777776
36,54,1636.0,1826.5777777777776,49.03937499999999,32,0,1621.0,1651.0,1651.0,1621.0,1801.5777777777776,1851.5777777777776
36,55,1666.0,1826.5777777777776,47.907631578947374,38,0,1651.0,1681.0,1681.0,1651.0,1801.5777777777776,1851.5777777777776
36,56,1696.0,1826.5777777777776,45.652903225806455,31,0,1681.0,1711.0,1711.0,1681.0,1801.5777777777776,1851.5777777777776
36,57,1726.0,1826.5777777777776,50.449090909090906,44,0,1711.0,1741.0,1741.0,1711.0,1801.5777777777776,1851.5777777777776
36,58,1756.0,1826.5777777777776,48.45292682926829,41,0,1741.0,1771.0,1771.0,1741.0,1801.5777777777776,1851.5777777777776
36,59,1786.0,1826.5777777777776,49.01073170731708,41,0,1771.0,1801.0,1801.0,1771.0,1801.5777777777776,1851.5777777777776
36,60,1816.0,1826.5777777777776,48.652647058823526,34,0,1801.0,1831.0,1831.0,1801.0,1801.5777777777776,1851.5777777777776
36,61,1846.0,1826.5777777777776,49.451499999999996,40,0,1831.0,1861.0,1861.0,1831.0,1801.5777777777776,1851.5777777777776
36,62,1876.0,1826.5777777777776,49.82885714285713,35,0,1861.0,1891.0,1891.0,1861.0,1801.5777777777776,1851.5777777777776
36,63,1906.0,1826.5777777777776,49.5229268292683,41,0,1891.0,1921.0,1921.0,1891.0,1801.5777777777776,1851.5777777777776
36,64,1936.0,1826.5777777777776,49.85888888888889,36,0,1921.0,1951.0,1951.0,1921.0,1801.5777777777776,1851.5777777777776
36,65,1966.0,1826.5777777777776,46.47076923076923,39,0,1951.0,1981.0,1981.0,1951.0,1801.5777777777776,1851.5777777777776
36,66,1996.0,1826.5777777777776,52.29124999999999,32,0,1981.0,2011.0,2011.0,1981.0,1801.5777777777776,1851.5777777777776
36,67,2026.0,1826.5777777777776,51.1972972972973,37,0,2011.0,2041.0,2041.0,2011.0,1801.5777777777776,1851.5777777777776
36,68,2056.0,1826.5777777777776,50.34816326530614,49,0,2041.0,2071.0,2071.0,2041.0,1801.5777777777776,1851.5777777777776
36,69,2086.0,1826.5777777777776,53.008571428571436,28,0,2071.0,2101.0,2101.0,2071.0,1801.5777777777776,1851.5777777777776
36,70,2116.0,1826.5777777777776,53.11199999999999,30,0,2101.0,2131.0,2131.0,2101.0,1801.5777777777776,1851.5777777777776
36,71,2146.0,1826.5777777777776,50.461081081081076,37,0,2131.0,2161.0,2161.0,2131.0,1801.5777777777776,1851.5777777777776
36,72,2176.0,1826.5777777777776,43.85829787234043,47,0,2161.0,2191.0,2191.0,2161.0,1801.5777777777776,1851.5777777777776
36,73,2206.0,1826.5777777777776,42.67372685185185,48,0,2191.0,2221.0,2221.0,2191.0,1801.5777777777776,1851.5777777777776
36,74,2236.0,1826.5777777777776,49.013541666666676,48,0,2221.0,2251.0,2251.0,2221.0,1801.5777777777776,1851.5777777777776
36,75,2266.0,1826.5777777777776,48.06111111111111,45,0,2251.0,2281.0,2281.0,2251.0,1801.5777777777776,1851.5777777777776
36,76,2296.0,1826.5777777777776,47.49972222222223,36,0,2281.0,2311.0,2311.0,2281.0,1801.5777777777776,1851.5777777777776
36,77,2326.0,1826.5777777777776,46.53171428571428,35,0,2311.0,2341.0,2341.0,2311.0,1801.5777777777776,1851.5777777777776
36,78,2356.0,1826.5777777777776,40.36919999999999,50,0,2341.0,2371.0,2371.0,2341.0,1801.5777777777776,1851.5777777777776
36,79,2386.0,1826.5777777777776,36.37890909090909,55,0,2371.0,2401.0,2401.0,2371.0,1801.5777777777776,1851.5777777777776
36,80,2416.0,1826.5777777777776,39.67960784313727,51,0,2401.0,2431.0,2431.0,2401.0,1801.5777777777776,1851.5777777777776
36,81,2446.0,1826.5777777777776,43.12645161290322,31,0,2431.0,2461.0,2461.0,2431.0,1801.5777777777776,1851.5777777777776
36,82,2476.0,1826.5777777777776,43.49735849056602,53,0,2461.0,2491.0,2491.0,2461.0,1801.5777777777776,1851.5777777777776
36,83,2506.0,1826.5777777777776,40.193673469387754,49,0,2491.0,2521.0,2521.0,2491.0,1801.5777777777776,1851.5777777777776
36,84,2536.0,1826.5777777777776,36.42563380281691,71,0,2521.0,2551.0,2551.0,2521.0,1801.5777777777776,1851.5777777777776
36,85,2566.0,1826.5777777777776,31.713518518518512,54,0,2551.0,2581.0,2581.0,2551.0,1801.5777777777776,1851.5777777777776
36,86,2596.0,1826.5777777777776,40.91782608695653,46,0,2581.0,2611.0,2611.0,2581.0,1801.5777777777776,1851.5777777777776
36,87,2626.0,1826.5777777777776,40.181923076923084,52,0,2611.0,2641.0,2641.0,2611.0,1801.5777777777776,1851.5777777777776
36,88,2656.0,1826.5777777777776,37.64435483870968,62,0,2641.0,2671.0,2671.0,2641.0,1801.5777777777776,1851.5777777777776
36,89,2686.0,1826.5777777777776,40.875483870967734,62,0,2671.0,2701.0,2701.0,2671.0,1801.5777777777776,1851.5777777777776
36,90,2716.0,1826.5777777777776,43.654313725490184,51,0,2701.0,2731.0,2731.0,2701.0,1801.5777777777776,1851.5777777777776
36,91,2746.0,1826.5777777777776,40.742982456140346,57,0,2731.0,2761.0,2761.0,2731.0,1801.5777777777776,1851.5777777777776
36,92,2776.0,1826.5777777777776,34.27844827586207,58,0,2761.0,2791.0,2791.0,2761.0,1801.5777777777776,1851.5777777777776
36,93,2806.0,1826.5777777777776,35.04093750000001,64,0,2791.0,2821.0,2821.0,2791.0,1801.5777777777776,1851.5777777777776
36,94,2836.0,1826.5777777777776,38.555849056603776,53,0,2821.0,2851.0,2851.0,2821.0,1801.5777777777776,1851.5777777777776
36,95,2866.0,1826.5777777777776,41.00641509433964,53,0,2851.0,2881.0,2881.0,2851.0,1801.5777777777776,1851.5777777777776
36,96,2896.0,1826.5777777777776,39.96563636363637,55,0,2881.0,2911.0,2911.0,2881.0,1801.5777777777776,1851.5777777777776
36,97,2926.0,1826.5777777777776,43.69762711864408,59,0,2911.0,2941.0,2941.0,2911.0,1801.5777777777776,1851.5777777777776
36,98,2956.0,1826.5777777777776,48.514693877551025,49,0,2941.0,2971.0,2971.0,2941.0,1801.5777777777776,1851.5777777777776
36,99,2986.0,1826.5777777777776,50.576571428571434,35,0,2971.0,3001.0,3001.0,2971.0,1801.5777777777776,1851.5777777777776
36,100,3016.0,1826.5777777777776,47.656571428571446,35,0,3001.0,3031.0,3031.0,3001.0,1801.5777777777776,1851.5777777777776
36,101,3046.0,1826.5777777777776,44.79261904761904,42,0,3031.0,3061.0,3061.0,3031.0,1801.5777777777776,1851.5777777777776
36,102,3076.0,1826.5777777777776,46.84367346938777,49,0,3061.0,3091.0,3091.0,3061.0,1801.5777777777776,1851.5777777777776
36,103,3106.0,1826.5777777777776,48.700263157894724,38,0,3091.0,3121.0,3121.0,3091.0,1801.5777777777776,1851.5777777777776
36,104,3136.0,1826.5777777777776,45.11392156862744,51,0,3121.0,3151.0,3151.0,3121.0,1801.5777777777776,1851.5777777777776
36,105,3166.0,1826.5777777777776,44.58307692307692,52,0,3151.0,3181.0,3181.0,3151.0,1801.5777777777776,1851.5777777777776
36,106,3196.0,1826.5777777777776,48.49666666666667,42,0,3181.0,3211.0,3211.0,3181.0,1801.5777777777776,1851.5777777777776
36,107,3226.0,1826.5777777777776,51.040243902439016,41,0,3211.0,3241.0,3241.0,3211.0,1801.5777777777776,1851.5777777777776
36,108,3256.0,1826.5777777777776,51.90060606060605,33,0,3241.0,3271.0,3271.0,3241.0,1801.5777777777776,1851.5777777777776
36,109,3286.0,1826.5777777777776,49.38142857142857,42,0,3271.0,3301.0,3301.0,3271.0,1801.5777777777776,1851.5777777777776
36,110,3316.0,1826.5777777777776,47.15021276595745,47,0,3301.0,3331.0,3331.0,3301.0,1801.5777777777776,1851.5777777777776
36,111,3346.0,1826.5777777777776,50.05357142857143,42,0,3331.0,3361.0,3361.0,3331.0,1801.5777777777776,1851.5777777777776
36,112,3376.0,1826.5777777777776,50.980500000000006,40,0,3361.0,3391.0,3391.0,3361.0,1801.5777777777776,1851.5777777777776
36,113,3406.0,1826.5777777777776,50.150217391304345,46,0,3391.0,3421.0,3421.0,3391.0,1801.5777777777776,1851.5777777777776
36,114,3436.0,1826.5777777777776,46.57683116883116,55,0,3421.0,3451.0,3451.0,3421.0,1801.5777777777776,1851.5777777777776
36,115,3466.0,1826.5777777777776,52.94294444444446,40,0,3451.0,3481.0,3481.0,3451.0,1801.5777777777776,1851.5777777777776
36,116,3496.0,1826.5777777777776,49.756944444444436,36,0,3481.0,3511.0,3511.0,3481.0,1801.5777777777776,1851.5777777777776
36,117,3526.0,1826.5777777777776,53.037,40,0,3511.0,3541.0,3541.0,3511.0,1801.5777777777776,1851.5777777777776
36,118,3556.0,1826.5777777777776,52.941333333333326,30,0,3541.0,3571.0,3571.0,3541.0,1801.5777777777776,1851.5777777777776
36,119,3586.0,1826.5777777777776,47.589999999999996,36,0,3571.0,3601.0,3601.0,3571.0,1801.5777777777776,1851.5777777777776
36,120,3616.0,1826.5777777777776,47.67852941176471,34,0,3601.0,3631.0,3631.0,3601.0,1801.5777777777776,1851.5777777777776
36,121,3646.0,1826.5777777777776,50.93625000000001,32,0,3631.0,3661.0,3661.0,3631.0,1801.5777777777776,1851.5777777777776
36,122,3676.0,1826.5777777777776,52.213823529411755,34,0,3661.0,3691.0,3691.0,3661.0,1801.5777777777776,1851.5777777777776
36,123,3706.0,1826.5777777777776,51.59730769230768,26,0,3691.0,3721.0,3721.0,3691.0,1801.5777777777776,1851.5777777777776
36,124,3736.0,1826.5777777777776,54.097692307692306,26,0,3721.0,3751.0,3751.0,3721.0,1801.5777777777776,1851.5777777777776
36,125,3766.0,1826.5777777777776,49.24033333333332,30,0,3751.0,3781.0,3781.0,3751.0,1801.5777777777776,1851.5777777777776
36,126,3796.0,1826.5777777777776,50.028333333333336,30,0,3781.0,3811.0,3811.0,3781.0,1801.5777777777776,1851.5777777777776
36,127,3826.0,1826.5777777777776,48.236881720430105,31,0,3811.0,3841.0,3841.0,3811.0,1801.5777777777776,1851.5777777777776
36,128,3856.0,1826.5777777777776,44.51892857142858,28,0,3841.0,3871.0,3871.0,3841.0,1801.5777777777776,1851.5777777777776
36,129,3886.0,1826.5777777777776,,0,0,3871.0,3901.0,3901.0,3871.0,1801.5777777777776,1851.5777777777776
37,0,16.0,1876.5777777777776,76.814,10,0,1.0,31.0,31.0,1.0,1851.5777777777776,1901.5777777777776
37,1,46.0,1876.5777777777776,61.53409090909092,22,0,31.0,61.0,61.0,31.0,1851.5777777777776,1901.5777777777776
37,2,76.0,1876.5777777777776,56.19216216216218,37,0,61.0,91.0,91.0,61.0,1851.5777777777776,1901.5777777777776
37,3,106.0,1876.5777777777776,55.777948717948725,39,0,91.0,121.0,121.0,91.0,1851.5777777777776,1901.5777777777776
37,4,136.0,1876.5777777777776,55.95166666666668,36,0,121.0,151.0,151.0,121.0,1851.5777777777776,1901.5777777777776
37,5,166.0,1876.5777777777776,59.05750000000001,32,0,151.0,181.0,181.0,151.0,1851.5777777777776,1901.5777777777776
37,6,196.0,1876.5777777777776,59.84615384615385,26,0,181.0,211.0,211.0,181.0,1851.5777777777776,1901.5777777777776
37,7,226.0,1876.5777777777776,57.4025,24,0,211.0,241.0,241.0,211.0,1851.5777777777776,1901.5777777777776
37,8,256.0,1876.5777777777776,56.826666666666675,42,0,241.0,271.0,271.0,241.0,1851.5777777777776,1901.5777777777776
37,9,286.0,1876.5777777777776,58.23365853658537,41,0,271.0,301.0,301.0,271.0,1851.5777777777776,1901.5777777777776
37,10,316.0,1876.5777777777776,58.8408108108108,37,0,301.0,331.0,331.0,301.0,1851.5777777777776,1901.5777777777776
37,11,346.0,1876.5777777777776,70.7750205761317,27,0,331.0,361.0,361.0,331.0,1851.5777777777776,1901.5777777777776
37,12,376.0,1876.5777777777776,78.85909090909091,11,0,361.0,391.0,391.0,361.0,1851.5777777777776,1901.5777777777776
37,13,406.0,1876.5777777777776,69.51588235294118,17,0,391.0,421.0,421.0,391.0,1851.5777777777776,1901.5777777777776
37,14,436.0,1876.5777777777776,65.60176470588237,34,0,421.0,451.0,451.0,421.0,1851.5777777777776,1901.5777777777776
37,15,466.0,1876.5777777777776,69.77624999999999,24,0,451.0,481.0,481.0,451.0,1851.5777777777776,1901.5777777777776
37,16,496.0,1876.5777777777776,63.30151515151515,33,0,481.0,511.0,511.0,481.0,1851.5777777777776,1901.5777777777776
37,17,526.0,1876.5777777777776,59.849642857142854,28,0,511.0,541.0,541.0,511.0,1851.5777777777776,1901.5777777777776
37,18,556.0,1876.5777777777776,61.97866666666666,30,0,541.0,571.0,571.0,541.0,1851.5777777777776,1901.5777777777776
37,19,586.0,1876.5777777777776,60.64250000000001,36,0,571.0,601.0,601.0,571.0,1851.5777777777776,1901.5777777777776
37,20,616.0,1876.5777777777776,56.07028571428571,35,0,601.0,631.0,631.0,601.0,1851.5777777777776,1901.5777777777776
37,21,646.0,1876.5777777777776,52.01386363636363,44,0,631.0,661.0,661.0,631.0,1851.5777777777776,1901.5777777777776
37,22,676.0,1876.5777777777776,47.83203647416413,47,0,661.0,691.0,691.0,661.0,1851.5777777777776,1901.5777777777776
37,23,706.0,1876.5777777777776,42.47261904761905,42,0,691.0,721.0,721.0,691.0,1851.5777777777776,1901.5777777777776
37,24,736.0,1876.5777777777776,56.38236842105264,38,0,721.0,751.0,751.0,721.0,1851.5777777777776,1901.5777777777776
37,25,766.0,1876.5777777777776,64.0384,25,0,751.0,781.0,781.0,751.0,1851.5777777777776,1901.5777777777776
37,26,796.0,1876.5777777777776,55.68044444444446,45,0,781.0,811.0,811.0,781.0,1851.5777777777776,1901.5777777777776
37,27,826.0,1876.5777777777776,58.25636363636363,33,0,811.0,841.0,841.0,811.0,1851.5777777777776,1901.5777777777776
37,28,856.0,1876.5777777777776,59.83896551724139,29,0,841.0,871.0,871.0,841.0,1851.5777777777776,1901.5777777777776
37,29,886.0,1876.5777777777776,60.03,39,0,871.0,901.0,901.0,871.0,1851.5777777777776,1901.5777777777776
37,30,916.0,1876.5777777777776,57.546381766381785,39,0,901.0,931.0,931.0,901.0,1851.5777777777776,1901.5777777777776
37,31,946.0,1876.5777777777776,54.90972222222223,36,0,931.0,961.0,961.0,931.0,1851.5777777777776,1901.5777777777776
37,32,976.0,1876.5777777777776,60.49411764705883,17,0,961.0,991.0,991.0,961.0,1851.5777777777776,1901.5777777777776
37,33,1006.0,1876.5777777777776,61.87485714285714,35,0,991.0,1021.0,1021.0,991.0,1851.5777777777776,1901.5777777777776
37,34,1036.0,1876.5777777777776,56.95689655172414,29,0,1021.0,1051.0,1051.0,1021.0,1851.5777777777776,1901.5777777777776
37,35,1066.0,1876.5777777777776,54.094090909090916,44,0,1051.0,1081.0,1081.0,1051.0,1851.5777777777776,1901.5777777777776
37,36,1096.0,1876.5777777777776,52.562682926829275,41,0,1081.0,1111.0,1111.0,1081.0,1851.5777777777776,1901.5777777777776
37,37,1126.0,1876.5777777777776,38.35823529411765,51,0,1111.0,1141.0,1141.0,1111.0,1851.5777777777776,1901.5777777777776
37,38,1156.0,1876.5777777777776,35.27238095238095,63,0,1141.0,1171.0,1171.0,1141.0,1851.5777777777776,1901.5777777777776
37,39,1186.0,1876.5777777777776,39.55686274509803,51,0,1171.0,1201.0,1201.0,1171.0,1851.5777777777776,1901.5777777777776
37,40,1216.0,1876.5777777777776,45.38653061224488,49,0,1201.0,1231.0,1231.0,1201.0,1851.5777777777776,1901.5777777777776
37,41,1246.0,1876.5777777777776,48.48127659574468,47,0,1231.0,1261.0,1261.0,1231.0,1851.5777777777776,1901.5777777777776
37,42,1276.0,1876.5777777777776,51.26942857142857,35,0,1261.0,1291.0,1291.0,1261.0,1851.5777777777776,1901.5777777777776
37,43,1306.0,1876.5777777777776,55.719469387755105,35,0,1291.0,1321.0,1321.0,1291.0,1851.5777777777776,1901.5777777777776
37,44,1336.0,1876.5777777777776,56.13962962962963,27,0,1321.0,1351.0,1351.0,1321.0,1851.5777777777776,1901.5777777777776
37,45,1366.0,1876.5777777777776,54.18030303030303,33,0,1351.0,1381.0,1381.0,1351.0,1851.5777777777776,1901.5777777777776
37,46,1396.0,1876.5777777777776,58.347666666666676,30,0,1381.0,1411.0,1411.0,1381.0,1851.5777777777776,1901.5777777777776
37,47,1426.0,1876.5777777777776,50.52264705882352,34,0,1411.0,1441.0,1441.0,1411.0,1851.5777777777776,1901.5777777777776
37,48,1456.0,1876.5777777777776,49.055128205128185,39,0,1441.0,1471.0,1471.0,1441.0,1851.5777777777776,1901.5777777777776
37,49,1486.0,1876.5777777777776,53.349333333333355,30,0,1471.0,1501.0,1501.0,1471.0,1851.5777777777776,1901.5777777777776
37,50,1516.0,1876.5777777777776,45.84327586206898,58,0,1501.0,1531.0,1531.0,1501.0,1851.5777777777776,1901.5777777777776
37,51,1546.0,1876.5777777777776,47.455999999999996,40,0,1531.0,1561.0,1561.0,1531.0,1851.5777777777776,1901.5777777777776
37,52,1576.0,1876.5777777777776,43.53000000000001,52,0,1561.0,1591.0,1591.0,1561.0,1851.5777777777776,1901.5777777777776
37,53,1606.0,1876.5777777777776,47.898181818181826,44,0,1591.0,1621.0,1621.0,1591.0,1851.5777777777776,1901.5777777777776
37,54,1636.0,1876.5777777777776,52.71727272727272,33,0,1621.0,1651.0,1651.0,1621.0,1851.5777777777776,1901.5777777777776
37,55,1666.0,1876.5777777777776,51.125405405405395,37,0,1651.0,1681.0,1681.0,1651.0,1851.5777777777776,1901.5777777777776
37,56,1696.0,1876.5777777777776,49.46896551724139,29,0,1681.0,1711.0,1711.0,1681.0,1851.5777777777776,1901.5777777777776
37,57,1726.0,1876.5777777777776,53.4554054054054,37,0,1711.0,1741.0,1741.0,1711.0,1851.5777777777776,1901.5777777777776
37,58,1756.0,1876.5777777777776,50.45552631578947,38,0,1741.0,1771.0,1771.0,1741.0,1851.5777777777776,1901.5777777777776
37,59,1786.0,1876.5777777777776,52.311333333333344,30,0,1771.0,1801.0,1801.0,1771.0,1851.5777777777776,1901.5777777777776
37,60,1816.0,1876.5777777777776,51.24911764705883,34,0,1801.0,1831.0,1831.0,1801.0,1851.5777777777776,1901.5777777777776
37,61,1846.0,1876.5777777777776,51.888378378378384,37,0,1831.0,1861.0,1861.0,1831.0,1851.5777777777776,1901.5777777777776
37,62,1876.0,1876.5777777777776,52.72787878787878,33,0,1861.0,1891.0,1891.0,1861.0,1851.5777777777776,1901.5777777777776
37,63,1906.0,1876.5777777777776,53.61702702702703,37,0,1891.0,1921.0,1921.0,1891.0,1851.5777777777776,1901.5777777777776
37,64,1936.0,1876.5777777777776,53.622222222222234,36,0,1921.0,1951.0,1951.0,1921.0,1851.5777777777776,1901.5777777777776
37,65,1966.0,1876.5777777777776,52.65625,32,0,1951.0,1981.0,1981.0,1951.0,1851.5777777777776,1901.5777777777776
37,66,1996.0,1876.5777777777776,52.89151515151515,33,0,1981.0,2011.0,2011.0,1981.0,1851.5777777777776,1901.5777777777776
37,67,2026.0,1876.5777777777776,56.41374999999999,32,0,2011.0,2041.0,2041.0,2011.0,1851.5777777777776,1901.5777777777776
37,68,2056.0,1876.5777777777776,53.974999999999994,44,0,2041.0,2071.0,2071.0,2041.0,1851.5777777777776,1901.5777777777776
37,69,2086.0,1876.5777777777776,54.97566666666666,30,0,2071.0,2101.0,2101.0,2071.0,1851.5777777777776,1901.5777777777776
37,70,2116.0,1876.5777777777776,57.41433333333334,30,0,2101.0,2131.0,2131.0,2101.0,1851.5777777777776,1901.5777777777776
37,71,2146.0,1876.5777777777776,53.951153846153844,26,0,2131.0,2161.0,2161.0,2131.0,1851.5777777777776,1901.5777777777776
37,72,2176.0,1876.5777777777776,48.50837837837838,37,0,2161.0,2191.0,2191.0,2161.0,1851.5777777777776,1901.5777777777776
37,73,2206.0,1876.5777777777776,44.34454545454546,44,0,2191.0,2221.0,2221.0,2191.0,1851.5777777777776,1901.5777777777776
37,74,2236.0,1876.5777777777776,50.584347826086926,46,0,2221.0,2251.0,2251.0,2221.0,1851.5777777777776,1901.5777777777776
37,75,2266.0,1876.5777777777776,51.282558139534885,43,0,2251.0,2281.0,2281.0,2251.0,1851.5777777777776,1901.5777777777776
37,76,2296.0,1876.5777777777776,52.34,36,0,2281.0,2311.0,2311.0,2281.0,1851.5777777777776,1901.5777777777776
37,77,2326.0,1876.5777777777776,49.41133333333333,30,0,2311.0,2341.0,2341.0,2311.0,1851.5777777777776,1901.5777777777776
37,78,2356.0,1876.5777777777776,49.11756097560976,41,0,2341.0,2371.0,2371.0,2341.0,1851.5777777777776,1901.5777777777776
37,79,2386.0,1876.5777777777776,42.382045454545455,44,0,2371.0,2401.0,2401.0,2371.0,1851.5777777777776,1901.5777777777776
37,80,2416.0,1876.5777777777776,44.599069767441875,43,0,2401.0,2431.0,2431.0,2401.0,1851.5777777777776,1901.5777777777776
37,81,2446.0,1876.5777777777776,45.60970588235294,34,0,2431.0,2461.0,2461.0,2431.0,1851.5777777777776,1901.5777777777776
37,82,2476.0,1876.5777777777776,49.2454074074074,45,0,2461.0,2491.0,2491.0,2461.0,1851.5777777777776,1901.5777777777776
37,83,2506.0,1876.5777777777776,46.04024390243903,41,0,2491.0,2521.0,2521.0,2491.0,1851.5777777777776,1901.5777777777776
37,84,2536.0,1876.5777777777776,43.052241379310345,58,0,2521.0,2551.0,2551.0,2521.0,1851.5777777777776,1901.5777777777776
37,85,2566.0,1876.5777777777776,37.23595744680851,47,0,2551.0,2581.0,2581.0,2551.0,1851.5777777777776,1901.5777777777776
37,86,2596.0,1876.5777777777776,42.803095238095246,42,0,2581.0,2611.0,2611.0,2581.0,1851.5777777777776,1901.5777777777776
37,87,2626.0,1876.5777777777776,44.06148936170212,47,0,2611.0,2641.0,2641.0,2611.0,1851.5777777777776,1901.5777777777776
37,88,2656.0,1876.5777777777776,41.72377358490566,53,0,2641.0,2671.0,2671.0,2641.0,1851.5777777777776,1901.5777777777776
37,89,2686.0,1876.5777777777776,43.890333333333324,60,0,2671.0,2701.0,2701.0,2671.0,1851.5777777777776,1901.5777777777776
37,90,2716.0,1876.5777777777776,47.65020408163267,49,0,2701.0,2731.0,2731.0,2701.0,1851.5777777777776,1901.5777777777776
37,91,2746.0,1876.5777777777776,42.89083333333334,48,0,2731.0,2761.0,2761.0,2731.0,1851.5777777777776,1901.5777777777776
37,92,2776.0,1876.5777777777776,38.770222222222216,45,0,2761.0,2791.0,2791.0,2761.0,1851.5777777777776,1901.5777777777776
37,93,2806.0,1876.5777777777776,39.257799999999996,50,0,2791.0,2821.0,2821.0,2791.0,1851.5777777777776,1901.5777777777776
37,94,2836.0,1876.5777777777776,42.08230769230771,52,0,2821.0,2851.0,2851.0,2821.0,1851.5777777777776,1901.5777777777776
37,95,2866.0,1876.5777777777776,44.61425531914893,47,0,2851.0,2881.0,2881.0,2851.0,1851.5777777777776,1901.5777777777776
37,96,2896.0,1876.5777777777776,45.476666666666674,45,0,2881.0,2911.0,2911.0,2881.0,1851.5777777777776,1901.5777777777776
37,97,2926.0,1876.5777777777776,46.300344827586216,58,0,2911.0,2941.0,2941.0,2911.0,1851.5777777777776,1901.5777777777776
37,98,2956.0,1876.5777777777776,53.02454545454545,44,0,2941.0,2971.0,2971.0,2941.0,1851.5777777777776,1901.5777777777776
37,99,2986.0,1876.5777777777776,51.67486486486485,37,0,2971.0,3001.0,3001.0,2971.0,1851.5777777777776,1901.5777777777776
37,100,3016.0,1876.5777777777776,52.545588235294105,34,0,3001.0,3031.0,3031.0,3001.0,1851.5777777777776,1901.5777777777776
37,101,3046.0,1876.5777777777776,47.74421052631579,38,0,3031.0,3061.0,3061.0,3031.0,1851.5777777777776,1901.5777777777776
37,102,3076.0,1876.5777777777776,46.88297872340424,47,0,3061.0,3091.0,3091.0,3061.0,1851.5777777777776,1901.5777777777776
37,103,3106.0,1876.5777777777776,51.76470588235294,34,0,3091.0,3121.0,3121.0,3091.0,1851.5777777777776,1901.5777777777776
37,104,3136.0,1876.5777777777776,49.201666666666675,42,0,3121.0,3151.0,3151.0,3121.0,1851.5777777777776,1901.5777777777776
37,105,3166.0,1876.5777777777776,47.102553191489335,47,0,3151.0,3181.0,3181.0,3151.0,1851.5777777777776,1901.5777777777776
37,106,3196.0,1876.5777777777776,50.788918918918924,37,0,3181.0,3211.0,3211.0,3181.0,1851.5777777777776,1901.5777777777776
37,107,3226.0,1876.5777777777776,53.705882352941174,34,0,3211.0,3241.0,3241.0,3211.0,1851.5777777777776,1901.5777777777776
37,108,3256.0,1876.5777777777776,56.35032258064516,31,0,3241.0,3271.0,3271.0,3241.0,1851.5777777777776,1901.5777777777776
37,109,3286.0,1876.5777777777776,50.92371428571428,35,0,3271.0,3301.0,3301.0,3271.0,1851.5777777777776,1901.5777777777776
37,110,3316.0,1876.5777777777776,51.12358974358975,39,0,3301.0,3331.0,3331.0,3301.0,1851.5777777777776,1901.5777777777776
37,111,3346.0,1876.5777777777776,51.689787234042534,47,0,3331.0,3361.0,3361.0,3331.0,1851.5777777777776,1901.5777777777776
37,112,3376.0,1876.5777777777776,54.75627450980391,34,0,3361.0,3391.0,3391.0,3361.0,1851.5777777777776,1901.5777777777776
37,113,3406.0,1876.5777777777776,52.91769230769233,39,0,3391.0,3421.0,3421.0,3391.0,1851.5777777777776,1901.5777777777776
37,114,3436.0,1876.5777777777776,50.724761904761905,42,0,3421.0,3451.0,3451.0,3421.0,1851.5777777777776,1901.5777777777776
37,115,3466.0,1876.5777777777776,56.02641577060931,31,0,3451.0,3481.0,3481.0,3451.0,1851.5777777777776,1901.5777777777776
37,116,3496.0,1876.5777777777776,54.431,30,0,3481.0,3511.0,3511.0,3481.0,1851.5777777777776,1901.5777777777776
37,117,3526.0,1876.5777777777776,54.7451219512195,41,0,3511.0,3541.0,3541.0,3511.0,1851.5777777777776,1901.5777777777776
37,118,3556.0,1876.5777777777776,58.37080000000001,25,0,3541.0,3571.0,3571.0,3541.0,1851.5777777777776,1901.5777777777776
37,119,3586.0,1876.5777777777776,53.266,30,0,3571.0,3601.0,3601.0,3571.0,1851.5777777777776,1901.5777777777776
37,120,3616.0,1876.5777777777776,50.075789473684196,38,0,3601.0,3631.0,3631.0,3601.0,1851.5777777777776,1901.5777777777776
37,121,3646.0,1876.5777777777776,54.11344827586208,29,0,3631.0,3661.0,3661.0,3631.0,1851.5777777777776,1901.5777777777776
37,122,3676.0,1876.5777777777776,55.4248484848485,33,0,3661.0,3691.0,3691.0,3661.0,1851.5777777777776,1901.5777777777776
37,123,3706.0,1876.5777777777776,54.15275862068964,29,0,3691.0,3721.0,3721.0,3691.0,1851.5777777777776,1901.5777777777776
37,124,3736.0,1876.5777777777776,58.260555555555555,18,0,3721.0,3751.0,3751.0,3721.0,1851.5777777777776,1901.5777777777776
37,125,3766.0,1876.5777777777776,52.75291666666667,24,0,3751.0,3781.0,3781.0,3751.0,1851.5777777777776,1901.5777777777776
37,126,3796.0,1876.5777777777776,53.426666666666655,33,0,3781.0,3811.0,3811.0,3781.0,1851.5777777777776,1901.5777777777776
37,127,3826.0,1876.5777777777776,50.54305555555554,36,0,3811.0,3841.0,3841.0,3811.0,1851.5777777777776,1901.5777777777776
37,128,3856.0,1876.5777777777776,47.5375,24,0,3841.0,3871.0,3871.0,3841.0,1851.5777777777776,1901.5777777777776
37,129,3886.0,1876.5777777777776,,0,0,3871.0,3901.0,3901.0,3871.0,1851.5777777777776,1901.5777777777776
38,0,16.0,1926.5777777777776,77.78,8,0,1.0,31.0,31.0,1.0,1901.5777777777776,1951.5777777777776
38,1,46.0,1926.5777777777776,61.54882352941178,17,0,31.0,61.0,61.0,31.0,1901.5777777777776,1951.5777777777776
38,2,76.0,1926.5777777777776,57.481764705882355,34,0,61.0,91.0,91.0,61.0,1901.5777777777776,1951.5777777777776
38,3,106.0,1926.5777777777776,56.081621621621636,37,0,91.0,121.0,121.0,91.0,1901.5777777777776,1951.5777777777776
38,4,136.0,1926.5777777777776,55.23394736842106,38,0,121.0,151.0,151.0,121.0,1901.5777777777776,1951.5777777777776
38,5,166.0,1926.5777777777776,59.43966666666666,30,0,151.0,181.0,181.0,151.0,1901.5777777777776,1951.5777777777776
38,6,196.0,1926.5777777777776,59.39863799283153,31,0,181.0,211.0,211.0,181.0,1901.5777777777776,1951.5777777777776
38,7,226.0,1926.5777777777776,60.6188888888889,18,0,211.0,241.0,241.0,211.0,1901.5777777777776,1951.5777777777776
38,8,256.0,1926.5777777777776,55.53361702127661,47,0,241.0,271.0,271.0,241.0,1901.5777777777776,1951.5777777777776
38,9,286.0,1926.5777777777776,59.52200000000001,40,0,271.0,301.0,301.0,271.0,1901.5777777777776,1951.5777777777776
38,10,316.0,1926.5777777777776,59.45636363636365,44,0,301.0,331.0,331.0,301.0,1901.5777777777776,1951.5777777777776
38,11,346.0,1926.5777777777776,68.64194444444445,36,0,331.0,361.0,361.0,331.0,1901.5777777777776,1951.5777777777776
38,12,376.0,1926.5777777777776,77.61909090909091,11,0,361.0,391.0,391.0,361.0,1901.5777777777776,1951.5777777777776
38,13,406.0,1926.5777777777776,68.99631578947368,19,0,391.0,421.0,421.0,391.0,1901.5777777777776,1951.5777777777776
38,14,436.0,1926.5777777777776,66.445,32,0,421.0,451.0,451.0,421.0,1901.5777777777776,1951.5777777777776
38,15,466.0,1926.5777777777776,70.24333333333333,24,0,451.0,481.0,481.0,451.0,1901.5777777777776,1951.5777777777776
38,16,496.0,1926.5777777777776,64.2408,25,0,481.0,511.0,511.0,481.0,1901.5777777777776,1951.5777777777776
38,17,526.0,1926.5777777777776,61.26033333333333,30,0,511.0,541.0,541.0,511.0,1901.5777777777776,1951.5777777777776
38,18,556.0,1926.5777777777776,62.43344827586208,29,0,541.0,571.0,571.0,541.0,1901.5777777777776,1951.5777777777776
38,19,586.0,1926.5777777777776,61.91000000000001,35,0,571.0,601.0,601.0,571.0,1901.5777777777776,1951.5777777777776
38,20,616.0,1926.5777777777776,58.914,30,0,601.0,631.0,631.0,601.0,1901.5777777777776,1951.5777777777776
38,21,646.0,1926.5777777777776,52.62511111111113,45,0,631.0,661.0,661.0,631.0,1901.5777777777776,1951.5777777777776
38,22,676.0,1926.5777777777776,47.890000000000015,50,0,661.0,691.0,691.0,661.0,1901.5777777777776,1951.5777777777776
38,23,706.0,1926.5777777777776,44.44225000000001,40,0,691.0,721.0,721.0,691.0,1901.5777777777776,1951.5777777777776
38,24,736.0,1926.5777777777776,52.70190476190477,42,0,721.0,751.0,751.0,721.0,1901.5777777777776,1951.5777777777776
38,25,766.0,1926.5777777777776,66.05818181818181,22,0,751.0,781.0,781.0,751.0,1901.5777777777776,1951.5777777777776
38,26,796.0,1926.5777777777776,56.991249999999994,40,0,781.0,811.0,811.0,781.0,1901.5777777777776,1951.5777777777776
38,27,826.0,1926.5777777777776,58.866756756756736,37,0,811.0,841.0,841.0,811.0,1901.5777777777776,1951.5777777777776
38,28,856.0,1926.5777777777776,59.86965517241379,29,0,841.0,871.0,871.0,841.0,1901.5777777777776,1951.5777777777776
38,29,886.0,1926.5777777777776,60.70571428571428,35,0,871.0,901.0,901.0,871.0,1901.5777777777776,1951.5777777777776
38,30,916.0,1926.5777777777776,59.26514285714285,35,0,901.0,931.0,931.0,901.0,1901.5777777777776,1951.5777777777776
38,31,946.0,1926.5777777777776,55.699534883720915,43,0,931.0,961.0,961.0,931.0,1901.5777777777776,1951.5777777777776
38,32,976.0,1926.5777777777776,61.20368421052631,19,0,961.0,991.0,991.0,961.0,1901.5777777777776,1951.5777777777776
38,33,1006.0,1926.5777777777776,62.1683870967742,31,0,991.0,1021.0,1021.0,991.0,1901.5777777777776,1951.5777777777776
38,34,1036.0,1926.5777777777776,58.5721212121212,33,0,1021.0,1051.0,1051.0,1021.0,1901.5777777777776,1951.5777777777776
38,35,1066.0,1926.5777777777776,54.39720930232558,43,0,1051.0,1081.0,1081.0,1051.0,1901.5777777777776,1951.5777777777776
38,36,1096.0,1926.5777777777776,55.33763157894737,38,0,1081.0,1111.0,1111.0,1081.0,1901.5777777777776,1951.5777777777776
38,37,1126.0,1926.5777777777776,42.509302325581395,43,0,1111.0,1141.0,1141.0,1111.0,1901.5777777777776,1951.5777777777776
38,38,1156.0,1926.5777777777776,40.57615384615384,52,0,1141.0,1171.0,1171.0,1141.0,1901.5777777777776,1951.5777777777776
38,39,1186.0,1926.5777777777776,40.18057692307692,52,0,1171.0,1201.0,1201.0,1171.0,1901.5777777777776,1951.5777777777776
38,40,1216.0,1926.5777777777776,46.04685185185185,54,0,1201.0,1231.0,1231.0,1201.0,1901.5777777777776,1951.5777777777776
38,41,1246.0,1926.5777777777776,50.11022727272728,44,0,1231.0,1261.0,1261.0,1231.0,1901.5777777777776,1951.5777777777776
38,42,1276.0,1926.5777777777776,53.42666666666666,33,0,1261.0,1291.0,1291.0,1261.0,1901.5777777777776,1951.5777777777776
38,43,1306.0,1926.5777777777776,53.12147058823528,34,0,1291.0,1321.0,1321.0,1291.0,1901.5777777777776,1951.5777777777776
38,44,1336.0,1926.5777777777776,57.018750000000004,32,0,1321.0,1351.0,1351.0,1321.0,1901.5777777777776,1951.5777777777776
38,45,1366.0,1926.5777777777776,56.5034375,32,0,1351.0,1381.0,1381.0,1351.0,1901.5777777777776,1951.5777777777776
38,46,1396.0,1926.5777777777776,59.10606060606059,33,0,1381.0,1411.0,1411.0,1381.0,1901.5777777777776,1951.5777777777776
38,47,1426.0,1926.5777777777776,53.893437500000005,32,0,1411.0,1441.0,1441.0,1411.0,1901.5777777777776,1951.5777777777776
38,48,1456.0,1926.5777777777776,49.53522727272729,44,0,1441.0,1471.0,1471.0,1441.0,1901.5777777777776,1951.5777777777776
38,49,1486.0,1926.5777777777776,54.07749999999999,28,0,1471.0,1501.0,1501.0,1471.0,1901.5777777777776,1951.5777777777776
38,50,1516.0,1926.5777777777776,47.65583333333334,48,0,1501.0,1531.0,1531.0,1501.0,1901.5777777777776,1951.5777777777776
38,51,1546.0,1926.5777777777776,48.52608695652172,46,0,1531.0,1561.0,1561.0,1531.0,1901.5777777777776,1951.5777777777776
38,52,1576.0,1926.5777777777776,44.95134615384615,52,0,1561.0,1591.0,1591.0,1561.0,1901.5777777777776,1951.5777777777776
38,53,1606.0,1926.5777777777776,47.20918367346939,49,0,1591.0,1621.0,1621.0,1591.0,1901.5777777777776,1951.5777777777776
38,54,1636.0,1926.5777777777776,53.13549999999999,40,0,1621.0,1651.0,1651.0,1621.0,1901.5777777777776,1951.5777777777776
38,55,1666.0,1926.5777777777776,52.89969696969697,33,0,1651.0,1681.0,1681.0,1651.0,1901.5777777777776,1951.5777777777776
38,56,1696.0,1926.5777777777776,50.96818181818182,33,0,1681.0,1711.0,1711.0,1681.0,1901.5777777777776,1951.5777777777776
38,57,1726.0,1926.5777777777776,52.854411764705866,34,0,1711.0,1741.0,1741.0,1711.0,1901.5777777777776,1951.5777777777776
38,58,1756.0,1926.5777777777776,50.88842105263157,38,0,1741.0,1771.0,1771.0,1741.0,1901.5777777777776,1951.5777777777776
38,59,1786.0,1926.5777777777776,53.27882352941178,34,0,1771.0,1801.0,1801.0,1771.0,1901.5777777777776,1951.5777777777776
38,60,1816.0,1926.5777777777776,51.69441176470589,34,0,1801.0,1831.0,1831.0,1801.0,1901.5777777777776,1951.5777777777776
38,61,1846.0,1926.5777777777776,53.296666666666674,36,0,1831.0,1861.0,1861.0,1831.0,1901.5777777777776,1951.5777777777776
38,62,1876.0,1926.5777777777776,52.58947368421053,38,0,1861.0,1891.0,1891.0,1861.0,1901.5777777777776,1951.5777777777776
38,63,1906.0,1926.5777777777776,54.72256410256412,39,0,1891.0,1921.0,1921.0,1891.0,1901.5777777777776,1951.5777777777776
38,64,1936.0,1926.5777777777776,53.450882352941164,34,0,1921.0,1951.0,1951.0,1921.0,1901.5777777777776,1951.5777777777776
38,65,1966.0,1926.5777777777776,55.95857142857144,28,0,1951.0,1981.0,1981.0,1951.0,1901.5777777777776,1951.5777777777776
38,66,1996.0,1926.5777777777776,52.68818181818181,33,0,1981.0,2011.0,2011.0,1981.0,1901.5777777777776,1951.5777777777776
38,67,2026.0,1926.5777777777776,58.527187500000004,32,0,2011.0,2041.0,2041.0,2011.0,1901.5777777777776,1951.5777777777776
38,68,2056.0,1926.5777777777776,55.0451219512195,41,0,2041.0,2071.0,2071.0,2041.0,1901.5777777777776,1951.5777777777776
38,69,2086.0,1926.5777777777776,55.66218750000001,32,0,2071.0,2101.0,2101.0,2071.0,1901.5777777777776,1951.5777777777776
38,70,2116.0,1926.5777777777776,58.92633333333333,30,0,2101.0,2131.0,2131.0,2101.0,1901.5777777777776,1951.5777777777776
38,71,2146.0,1926.5777777777776,56.47931034482759,29,0,2131.0,2161.0,2161.0,2131.0,1901.5777777777776,1951.5777777777776
38,72,2176.0,1926.5777777777776,48.86487179487178,39,0,2161.0,2191.0,2191.0,2161.0,1901.5777777777776,1951.5777777777776
38,73,2206.0,1926.5777777777776,45.50318936877076,43,0,2191.0,2221.0,2221.0,2191.0,1901.5777777777776,1951.5777777777776
38,74,2236.0,1926.5777777777776,49.70314814814816,54,0,2221.0,2251.0,2251.0,2221.0,1901.5777777777776,1951.5777777777776
38,75,2266.0,1926.5777777777776,52.53511627906976,43,0,2251.0,2281.0,2281.0,2251.0,1901.5777777777776,1951.5777777777776
38,76,2296.0,1926.5777777777776,54.34735294117647,34,0,2281.0,2311.0,2311.0,2281.0,1901.5777777777776,1951.5777777777776
38,77,2326.0,1926.5777777777776,51.84615384615385,26,0,2311.0,2341.0,2341.0,2311.0,1901.5777777777776,1951.5777777777776
38,78,2356.0,1926.5777777777776,53.47,41,0,2341.0,2371.0,2371.0,2341.0,1901.5777777777776,1951.5777777777776
38,79,2386.0,1926.5777777777776,47.71659090909091,44,0,2371.0,2401.0,2401.0,2371.0,1901.5777777777776,1951.5777777777776
38,80,2416.0,1926.5777777777776,48.18527777777778,36,0,2401.0,2431.0,2431.0,2401.0,1901.5777777777776,1951.5777777777776
38,81,2446.0,1926.5777777777776,47.33571428571429,35,0,2431.0,2461.0,2461.0,2431.0,1901.5777777777776,1951.5777777777776
38,82,2476.0,1926.5777777777776,49.715500000000006,40,0,2461.0,2491.0,2491.0,2461.0,1901.5777777777776,1951.5777777777776
38,83,2506.0,1926.5777777777776,50.85837837837838,37,0,2491.0,2521.0,2521.0,2491.0,1901.5777777777776,1951.5777777777776
38,84,2536.0,1926.5777777777776,45.99448979591837,49,0,2521.0,2551.0,2551.0,2521.0,1901.5777777777776,1951.5777777777776
38,85,2566.0,1926.5777777777776,41.64704545454545,44,0,2551.0,2581.0,2581.0,2551.0,1901.5777777777776,1951.5777777777776
38,86,2596.0,1926.5777777777776,40.63394736842105,38,0,2581.0,2611.0,2611.0,2581.0,1901.5777777777776,1951.5777777777776
38,87,2626.0,1926.5777777777776,45.0008695652174,46,0,2611.0,2641.0,2641.0,2611.0,1901.5777777777776,1951.5777777777776
38,88,2656.0,1926.5777777777776,43.264893617021265,47,0,2641.0,2671.0,2671.0,2641.0,1901.5777777777776,1951.5777777777776
38,89,2686.0,1926.5777777777776,44.3440322580645,62,0,2671.0,2701.0,2701.0,2671.0,1901.5777777777776,1951.5777777777776
38,90,2716.0,1926.5777777777776,49.46543478260871,46,0,2701.0,2731.0,2731.0,2701.0,1901.5777777777776,1951.5777777777776
38,91,2746.0,1926.5777777777776,43.676170212765975,47,0,2731.0,2761.0,2761.0,2731.0,1901.5777777777776,1951.5777777777776
38,92,2776.0,1926.5777777777776,43.99755555555555,45,0,2761.0,2791.0,2791.0,2761.0,1901.5777777777776,1951.5777777777776
38,93,2806.0,1926.5777777777776,42.9454347826087,46,0,2791.0,2821.0,2821.0,2791.0,1901.5777777777776,1951.5777777777776
38,94,2836.0,1926.5777777777776,44.344680851063835,47,0,2821.0,2851.0,2851.0,2821.0,1901.5777777777776,1951.5777777777776
38,95,2866.0,1926.5777777777776,44.90813953488372,43,0,2851.0,2881.0,2881.0,2851.0,1901.5777777777776,1951.5777777777776
38,96,2896.0,1926.5777777777776,47.99714285714286,42,0,2881.0,2911.0,2911.0,2881.0,1901.5777777777776,1951.5777777777776
38,97,2926.0,1926.5777777777776,46.513653846153844,52,0,2911.0,2941.0,2941.0,2911.0,1901.5777777777776,1951.5777777777776
38,98,2956.0,1926.5777777777776,55.59692307692308,39,0,2941.0,2971.0,2971.0,2941.0,1901.5777777777776,1951.5777777777776
38,99,2986.0,1926.5777777777776,52.72531746031747,42,0,2971.0,3001.0,3001.0,2971.0,1901.5777777777776,1951.5777777777776
38,100,3016.0,1926.5777777777776,54.27735294117646,34,0,3001.0,3031.0,3031.0,3001.0,1901.5777777777776,1951.5777777777776
38,101,3046.0,1926.5777777777776,49.17676470588236,34,0,3031.0,3061.0,3061.0,3031.0,1901.5777777777776,1951.5777777777776
38,102,3076.0,1926.5777777777776,46.606521739130436,46,0,3061.0,3091.0,3091.0,3061.0,1901.5777777777776,1951.5777777777776
38,103,3106.0,1926.5777777777776,52.288055555555545,36,0,3091.0,3121.0,3121.0,3091.0,1901.5777777777776,1951.5777777777776
38,104,3136.0,1926.5777777777776,50.368684210526325,38,0,3121.0,3151.0,3151.0,3121.0,1901.5777777777776,1951.5777777777776
38,105,3166.0,1926.5777777777776,46.98897959183672,49,0,3151.0,3181.0,3181.0,3151.0,1901.5777777777776,1951.5777777777776
38,106,3196.0,1926.5777777777776,51.98452380952382,42,0,3181.0,3211.0,3211.0,3181.0,1901.5777777777776,1951.5777777777776
38,107,3226.0,1926.5777777777776,54.760277777777794,36,0,3211.0,3241.0,3241.0,3211.0,1901.5777777777776,1951.5777777777776
38,108,3256.0,1926.5777777777776,57.403125000000024,32,0,3241.0,3271.0,3271.0,3241.0,1901.5777777777776,1951.5777777777776
38,109,3286.0,1926.5777777777776,52.18540540540539,37,0,3271.0,3301.0,3301.0,3271.0,1901.5777777777776,1951.5777777777776
38,110,3316.0,1926.5777777777776,53.705526315789484,38,0,3301.0,3331.0,3331.0,3301.0,1901.5777777777776,1951.5777777777776
38,111,3346.0,1926.5777777777776,50.839111111111094,45,0,3331.0,3361.0,3361.0,3331.0,1901.5777777777776,1951.5777777777776
38,112,3376.0,1926.5777777777776,57.158484848484854,33,0,3361.0,3391.0,3391.0,3361.0,1901.5777777777776,1951.5777777777776
38,113,3406.0,1926.5777777777776,53.465833333333336,36,0,3391.0,3421.0,3421.0,3391.0,1901.5777777777776,1951.5777777777776
38,114,3436.0,1926.5777777777776,51.67733333333334,45,0,3421.0,3451.0,3451.0,3421.0,1901.5777777777776,1951.5777777777776
38,115,3466.0,1926.5777777777776,54.46551724137931,29,0,3451.0,3481.0,3481.0,3451.0,1901.5777777777776,1951.5777777777776
38,116,3496.0,1926.5777777777776,56.442903225806454,31,0,3481.0,3511.0,3511.0,3481.0,1901.5777777777776,1951.5777777777776
38,117,3526.0,1926.5777777777776,55.490750000000006,40,0,3511.0,3541.0,3541.0,3511.0,1901.5777777777776,1951.5777777777776
38,118,3556.0,1926.5777777777776,58.71666666666667,27,0,3541.0,3571.0,3571.0,3541.0,1901.5777777777776,1951.5777777777776
38,119,3586.0,1926.5777777777776,56.45344827586207,29,0,3571.0,3601.0,3601.0,3571.0,1901.5777777777776,1951.5777777777776
38,120,3616.0,1926.5777777777776,52.42742857142858,35,0,3601.0,3631.0,3631.0,3601.0,1901.5777777777776,1951.5777777777776
38,121,3646.0,1926.5777777777776,56.66749999999998,28,0,3631.0,3661.0,3661.0,3631.0,1901.5777777777776,1951.5777777777776
38,122,3676.0,1926.5777777777776,56.786249999999995,32,0,3661.0,3691.0,3691.0,3661.0,1901.5777777777776,1951.5777777777776
38,123,3706.0,1926.5777777777776,54.73285714285713,28,0,3691.0,3721.0,3721.0,3691.0,1901.5777777777776,1951.5777777777776
38,124,3736.0,1926.5777777777776,59.81736842105263,19,0,3721.0,3751.0,3751.0,3721.0,1901.5777777777776,1951.5777777777776
38,125,3766.0,1926.5777777777776,54.75826086956522,23,0,3751.0,3781.0,3781.0,3751.0,1901.5777777777776,1951.5777777777776
38,126,3796.0,1926.5777777777776,53.01812500000002,32,0,3781.0,3811.0,3811.0,3781.0,1901.5777777777776,1951.5777777777776
38,127,3826.0,1926.5777777777776,50.57970588235294,34,0,3811.0,3841.0,3841.0,3811.0,1901.5777777777776,1951.5777777777776
38,128,3856.0,1926.5777777777776,50.02708333333333,24,0,3841.0,3871.0,3871.0,3841.0,1901.5777777777776,1951.5777777777776
38,129,3886.0,1926.5777777777776,,0,0,3871.0,3901.0,3901.0,3871.0,1901.5777777777776,1951.5777777777776
39,0,16.0,1976.5777777777776,78.60888888888888,9,0,1.0,31.0,31.0,1.0,1951.5777777777776,2001.5777777777776
39,1,46.0,1976.5777777777776,60.63388888888889,18,0,31.0,61.0,61.0,31.0,1951.5777777777776,2001.5777777777776
39,2,76.0,1976.5777777777776,57.42166666666666,36,0,61.0,91.0,91.0,61.0,1951.5777777777776,2001.5777777777776
39,3,106.0,1976.5777777777776,55.631052631578946,38,0,91.0,121.0,121.0,91.0,1951.5777777777776,2001.5777777777776
39,4,136.0,1976.5777777777776,53.77692307692308,39,0,121.0,151.0,151.0,121.0,1951.5777777777776,2001.5777777777776
39,5,166.0,1976.5777777777776,58.401470588235284,34,0,151.0,181.0,181.0,151.0,1951.5777777777776,2001.5777777777776
39,6,196.0,1976.5777777777776,57.342068965517235,29,0,181.0,211.0,211.0,181.0,1951.5777777777776,2001.5777777777776
39,7,226.0,1976.5777777777776,61.484375,16,0,211.0,241.0,241.0,211.0,1951.5777777777776,2001.5777777777776
39,8,256.0,1976.5777777777776,55.6054347826087,46,0,241.0,271.0,271.0,241.0,1951.5777777777776,2001.5777777777776
39,9,286.0,1976.5777777777776,58.0190243902439,41,0,271.0,301.0,301.0,271.0,1951.5777777777776,2001.5777777777776
39,10,316.0,1976.5777777777776,56.154583333333335,48,0,301.0,331.0,331.0,301.0,1951.5777777777776,2001.5777777777776
39,11,346.0,1976.5777777777776,65.02390243902438,41,0,331.0,361.0,361.0,331.0,1951.5777777777776,2001.5777777777776
39,12,376.0,1976.5777777777776,75.74000000000001,14,0,361.0,391.0,391.0,361.0,1951.5777777777776,2001.5777777777776
39,13,406.0,1976.5777777777776,68.32380952380953,21,0,391.0,421.0,421.0,391.0,1951.5777777777776,2001.5777777777776
39,14,436.0,1976.5777777777776,66.21787878787879,33,0,421.0,451.0,451.0,421.0,1951.5777777777776,2001.5777777777776
39,15,466.0,1976.5777777777776,67.84275862068965,29,0,451.0,481.0,481.0,451.0,1951.5777777777776,2001.5777777777776
39,16,496.0,1976.5777777777776,63.89068965517241,29,0,481.0,511.0,511.0,481.0,1951.5777777777776,2001.5777777777776
39,17,526.0,1976.5777777777776,60.78121212121212,33,0,511.0,541.0,541.0,511.0,1951.5777777777776,2001.5777777777776
39,18,556.0,1976.5777777777776,61.75566666666667,30,0,541.0,571.0,571.0,541.0,1951.5777777777776,2001.5777777777776
39,19,586.0,1976.5777777777776,61.141081081081076,37,0,571.0,601.0,601.0,571.0,1951.5777777777776,2001.5777777777776
39,20,616.0,1976.5777777777776,58.89599999999999,30,0,601.0,631.0,631.0,601.0,1951.5777777777776,2001.5777777777776
39,21,646.0,1976.5777777777776,53.30953488372093,43,0,631.0,661.0,661.0,631.0,1951.5777777777776,2001.5777777777776
39,22,676.0,1976.5777777777776,47.00686274509805,51,0,661.0,691.0,691.0,661.0,1951.5777777777776,2001.5777777777776
39,23,706.0,1976.5777777777776,46.82567567567568,37,0,691.0,721.0,721.0,691.0,1951.5777777777776,2001.5777777777776
39,24,736.0,1976.5777777777776,48.64820000000002,50,0,721.0,751.0,751.0,721.0,1951.5777777777776,2001.5777777777776
39,25,766.0,1976.5777777777776,64.31999999999998,25,0,751.0,781.0,781.0,751.0,1951.5777777777776,2001.5777777777776
39,26,796.0,1976.5777777777776,56.41355555555556,45,0,781.0,811.0,811.0,781.0,1951.5777777777776,2001.5777777777776
39,27,826.0,1976.5777777777776,58.6721052631579,38,0,811.0,841.0,841.0,811.0,1951.5777777777776,2001.5777777777776
39,28,856.0,1976.5777777777776,61.30481481481483,27,0,841.0,871.0,871.0,841.0,1951.5777777777776,2001.5777777777776
39,29,886.0,1976.5777777777776,58.12846153846154,39,0,871.0,901.0,901.0,871.0,1951.5777777777776,2001.5777777777776
39,30,916.0,1976.5777777777776,58.68634146341464,41,0,901.0,931.0,931.0,901.0,1951.5777777777776,2001.5777777777776
39,31,946.0,1976.5777777777776,56.18230769230768,39,0,931.0,961.0,961.0,931.0,1951.5777777777776,2001.5777777777776
39,32,976.0,1976.5777777777776,60.38833333333334,24,0,961.0,991.0,991.0,961.0,1951.5777777777776,2001.5777777777776
39,33,1006.0,1976.5777777777776,62.18029411764707,34,0,991.0,1021.0,1021.0,991.0,1951.5777777777776,2001.5777777777776
39,34,1036.0,1976.5777777777776,57.48967741935485,31,0,1021.0,1051.0,1051.0,1021.0,1951.5777777777776,2001.5777777777776
39,35,1066.0,1976.5777777777776,54.196744186046516,43,0,1051.0,1081.0,1081.0,1051.0,1951.5777777777776,2001.5777777777776
39,36,1096.0,1976.5777777777776,54.40239130434782,46,0,1081.0,1111.0,1111.0,1081.0,1951.5777777777776,2001.5777777777776
39,37,1126.0,1976.5777777777776,45.92904761904762,42,0,1111.0,1141.0,1141.0,1111.0,1951.5777777777776,2001.5777777777776
39,38,1156.0,1976.5777777777776,43.321304347826086,46,0,1141.0,1171.0,1171.0,1141.0,1951.5777777777776,2001.5777777777776
39,39,1186.0,1976.5777777777776,41.207916666666655,48,0,1171.0,1201.0,1201.0,1171.0,1951.5777777777776,2001.5777777777776
39,40,1216.0,1976.5777777777776,44.89890624999998,64,0,1201.0,1231.0,1231.0,1201.0,1951.5777777777776,2001.5777777777776
39,41,1246.0,1976.5777777777776,49.07326530612245,49,0,1231.0,1261.0,1261.0,1231.0,1951.5777777777776,2001.5777777777776
39,42,1276.0,1976.5777777777776,53.59297297297297,37,0,1261.0,1291.0,1291.0,1261.0,1951.5777777777776,2001.5777777777776
39,43,1306.0,1976.5777777777776,50.60222222222221,36,0,1291.0,1321.0,1321.0,1291.0,1951.5777777777776,2001.5777777777776
39,44,1336.0,1976.5777777777776,56.35051282051281,39,0,1321.0,1351.0,1351.0,1321.0,1951.5777777777776,2001.5777777777776
39,45,1366.0,1976.5777777777776,55.77857142857143,35,0,1351.0,1381.0,1381.0,1351.0,1951.5777777777776,2001.5777777777776
39,46,1396.0,1976.5777777777776,57.58363636363636,33,0,1381.0,1411.0,1411.0,1381.0,1951.5777777777776,2001.5777777777776
39,47,1426.0,1976.5777777777776,56.29846153846154,26,0,1411.0,1441.0,1441.0,1411.0,1951.5777777777776,2001.5777777777776
39,48,1456.0,1976.5777777777776,48.315348837209314,43,0,1441.0,1471.0,1471.0,1441.0,1951.5777777777776,2001.5777777777776
39,49,1486.0,1976.5777777777776,53.257857142857155,28,0,1471.0,1501.0,1501.0,1471.0,1951.5777777777776,2001.5777777777776
39,50,1516.0,1976.5777777777776,47.7798,50,0,1501.0,1531.0,1531.0,1501.0,1951.5777777777776,2001.5777777777776
39,51,1546.0,1976.5777777777776,47.26791666666667,48,0,1531.0,1561.0,1561.0,1531.0,1951.5777777777776,2001.5777777777776
39,52,1576.0,1976.5777777777776,45.796200000000006,50,0,1561.0,1591.0,1591.0,1561.0,1951.5777777777776,2001.5777777777776
39,53,1606.0,1976.5777777777776,44.70792452830189,53,0,1591.0,1621.0,1621.0,1591.0,1951.5777777777776,2001.5777777777776
39,54,1636.0,1976.5777777777776,50.554358974358976,39,0,1621.0,1651.0,1651.0,1621.0,1951.5777777777776,2001.5777777777776
39,55,1666.0,1976.5777777777776,53.04636363636364,33,0,1651.0,1681.0,1681.0,1651.0,1951.5777777777776,2001.5777777777776
39,56,1696.0,1976.5777777777776,49.77513513513514,37,0,1681.0,1711.0,1711.0,1681.0,1951.5777777777776,2001.5777777777776
39,57,1726.0,1976.5777777777776,51.392820512820514,39,0,1711.0,1741.0,1741.0,1711.0,1951.5777777777776,2001.5777777777776
39,58,1756.0,1976.5777777777776,51.13416666666667,36,0,1741.0,1771.0,1771.0,1741.0,1951.5777777777776,2001.5777777777776
39,59,1786.0,1976.5777777777776,52.19914285714285,35,0,1771.0,1801.0,1801.0,1771.0,1951.5777777777776,2001.5777777777776
39,60,1816.0,1976.5777777777776,50.87342105263158,38,0,1801.0,1831.0,1831.0,1801.0,1951.5777777777776,2001.5777777777776
39,61,1846.0,1976.5777777777776,52.37361111111112,36,0,1831.0,1861.0,1861.0,1831.0,1951.5777777777776,2001.5777777777776
39,62,1876.0,1976.5777777777776,51.706216216216234,37,0,1861.0,1891.0,1891.0,1861.0,1951.5777777777776,2001.5777777777776
39,63,1906.0,1976.5777777777776,56.549054054054054,37,0,1891.0,1921.0,1921.0,1891.0,1951.5777777777776,2001.5777777777776
39,64,1936.0,1976.5777777777776,52.87527777777778,36,0,1921.0,1951.0,1951.0,1921.0,1951.5777777777776,2001.5777777777776
39,65,1966.0,1976.5777777777776,56.95965517241379,29,0,1951.0,1981.0,1981.0,1951.0,1951.5777777777776,2001.5777777777776
39,66,1996.0,1976.5777777777776,52.299705882352946,34,0,1981.0,2011.0,2011.0,1981.0,1951.5777777777776,2001.5777777777776
39,67,2026.0,1976.5777777777776,58.42709677419355,31,0,2011.0,2041.0,2041.0,2011.0,1951.5777777777776,2001.5777777777776
39,68,2056.0,1976.5777777777776,55.47043478260869,46,0,2041.0,2071.0,2071.0,2041.0,1951.5777777777776,2001.5777777777776
39,69,2086.0,1976.5777777777776,54.57848484848486,33,0,2071.0,2101.0,2101.0,2071.0,1951.5777777777776,2001.5777777777776
39,70,2116.0,1976.5777777777776,58.66299999999999,30,0,2101.0,2131.0,2131.0,2101.0,1951.5777777777776,2001.5777777777776
39,71,2146.0,1976.5777777777776,56.264375,32,0,2131.0,2161.0,2161.0,2131.0,1951.5777777777776,2001.5777777777776
39,72,2176.0,1976.5777777777776,47.900270270270276,37,0,2161.0,2191.0,2191.0,2161.0,1951.5777777777776,2001.5777777777776
39,73,2206.0,1976.5777777777776,46.985833333333325,36,0,2191.0,2221.0,2221.0,2191.0,1951.5777777777776,2001.5777777777776
39,74,2236.0,1976.5777777777776,47.66637931034482,58,0,2221.0,2251.0,2251.0,2221.0,1951.5777777777776,2001.5777777777776
39,75,2266.0,1976.5777777777776,51.30021276595743,47,0,2251.0,2281.0,2281.0,2251.0,1951.5777777777776,2001.5777777777776
39,76,2296.0,1976.5777777777776,53.52591269841271,36,0,2281.0,2311.0,2311.0,2281.0,1951.5777777777776,2001.5777777777776
39,77,2326.0,1976.5777777777776,53.371538461538464,26,0,2311.0,2341.0,2341.0,2311.0,1951.5777777777776,2001.5777777777776
39,78,2356.0,1976.5777777777776,53.797435897435896,39,0,2341.0,2371.0,2371.0,2341.0,1951.5777777777776,2001.5777777777776
39,79,2386.0,1976.5777777777776,50.75330555555554,40,0,2371.0,2401.0,2401.0,2371.0,1951.5777777777776,2001.5777777777776
39,80,2416.0,1976.5777777777776,50.035952380952374,42,0,2401.0,2431.0,2431.0,2401.0,1951.5777777777776,2001.5777777777776
39,81,2446.0,1976.5777777777776,47.68365853658536,41,0,2431.0,2461.0,2461.0,2431.0,1951.5777777777776,2001.5777777777776
39,82,2476.0,1976.5777777777776,49.32575,40,0,2461.0,2491.0,2491.0,2461.0,1951.5777777777776,2001.5777777777776
39,83,2506.0,1976.5777777777776,52.08173913043478,46,0,2491.0,2521.0,2521.0,2491.0,1951.5777777777776,2001.5777777777776
39,84,2536.0,1976.5777777777776,48.013809523809535,42,0,2521.0,2551.0,2551.0,2521.0,1951.5777777777776,2001.5777777777776
39,85,2566.0,1976.5777777777776,44.64333333333332,45,0,2551.0,2581.0,2581.0,2551.0,1951.5777777777776,2001.5777777777776
39,86,2596.0,1976.5777777777776,36.922999999999995,50,0,2581.0,2611.0,2611.0,2581.0,1951.5777777777776,2001.5777777777776
39,87,2626.0,1976.5777777777776,42.11903846153845,52,0,2611.0,2641.0,2641.0,2611.0,1951.5777777777776,2001.5777777777776
39,88,2656.0,1976.5777777777776,42.924814814814816,54,0,2641.0,2671.0,2671.0,2641.0,1951.5777777777776,2001.5777777777776
39,89,2686.0,1976.5777777777776,42.50159420289856,69,0,2671.0,2701.0,2701.0,2671.0,1951.5777777777776,2001.5777777777776
39,90,2716.0,1976.5777777777776,48.45433962264152,53,0,2701.0,2731.0,2731.0,2701.0,1951.5777777777776,2001.5777777777776
39,91,2746.0,1976.5777777777776,45.30911111111111,45,0,2731.0,2761.0,2761.0,2731.0,1951.5777777777776,2001.5777777777776
39,92,2776.0,1976.5777777777776,45.767727272727264,44,0,2761.0,2791.0,2791.0,2761.0,1951.5777777777776,2001.5777777777776
39,93,2806.0,1976.5777777777776,45.30326086956522,46,0,2791.0,2821.0,2821.0,2791.0,1951.5777777777776,2001.5777777777776
39,94,2836.0,1976.5777777777776,45.86916666666669,48,0,2821.0,2851.0,2851.0,2821.0,1951.5777777777776,2001.5777777777776
39,95,2866.0,1976.5777777777776,45.586382978723414,47,0,2851.0,2881.0,2881.0,2851.0,1951.5777777777776,2001.5777777777776
39,96,2896.0,1976.5777777777776,48.33415094339624,53,0,2881.0,2911.0,2911.0,2881.0,1951.5777777777776,2001.5777777777776
39,97,2926.0,1976.5777777777776,47.222641509433956,53,0,2911.0,2941.0,2941.0,2911.0,1951.5777777777776,2001.5777777777776
39,98,2956.0,1976.5777777777776,55.10913043478262,46,0,2941.0,2971.0,2971.0,2941.0,1951.5777777777776,2001.5777777777776
39,99,2986.0,1976.5777777777776,51.92622222222223,45,0,2971.0,3001.0,3001.0,2971.0,1951.5777777777776,2001.5777777777776
39,100,3016.0,1976.5777777777776,54.51,37,0,3001.0,3031.0,3031.0,3001.0,1951.5777777777776,2001.5777777777776
39,101,3046.0,1976.5777777777776,48.94090909090908,33,0,3031.0,3061.0,3061.0,3031.0,1951.5777777777776,2001.5777777777776
39,102,3076.0,1976.5777777777776,46.280227272727274,44,0,3061.0,3091.0,3091.0,3061.0,1951.5777777777776,2001.5777777777776
39,103,3106.0,1976.5777777777776,48.8947619047619,42,0,3091.0,3121.0,3121.0,3091.0,1951.5777777777776,2001.5777777777776
39,104,3136.0,1976.5777777777776,49.55813953488372,43,0,3121.0,3151.0,3151.0,3121.0,1951.5777777777776,2001.5777777777776
39,105,3166.0,1976.5777777777776,47.887333333333316,45,0,3151.0,3181.0,3181.0,3151.0,1951.5777777777776,2001.5777777777776
39,106,3196.0,1976.5777777777776,49.677755102040805,49,0,3181.0,3211.0,3211.0,3181.0,1951.5777777777776,2001.5777777777776
39,107,3226.0,1976.5777777777776,52.148108108108104,37,0,3211.0,3241.0,3241.0,3211.0,1951.5777777777776,2001.5777777777776
39,108,3256.0,1976.5777777777776,55.93599999999999,40,0,3241.0,3271.0,3271.0,3241.0,1951.5777777777776,2001.5777777777776
39,109,3286.0,1976.5777777777776,51.94382352941177,34,0,3271.0,3301.0,3301.0,3271.0,1951.5777777777776,2001.5777777777776
39,110,3316.0,1976.5777777777776,54.32431818181818,44,0,3301.0,3331.0,3331.0,3301.0,1951.5777777777776,2001.5777777777776
39,111,3346.0,1976.5777777777776,51.212244897959195,49,0,3331.0,3361.0,3361.0,3331.0,1951.5777777777776,2001.5777777777776
39,112,3376.0,1976.5777777777776,55.556585365853664,41,0,3361.0,3391.0,3391.0,3361.0,1951.5777777777776,2001.5777777777776
39,113,3406.0,1976.5777777777776,52.9828125,32,0,3391.0,3421.0,3421.0,3391.0,1951.5777777777776,2001.5777777777776
39,114,3436.0,1976.5777777777776,51.29019230769231,52,0,3421.0,3451.0,3451.0,3421.0,1951.5777777777776,2001.5777777777776
39,115,3466.0,1976.5777777777776,54.498571428571424,28,0,3451.0,3481.0,3481.0,3451.0,1951.5777777777776,2001.5777777777776
39,116,3496.0,1976.5777777777776,57.449696969696966,33,0,3481.0,3511.0,3511.0,3481.0,1951.5777777777776,2001.5777777777776
39,117,3526.0,1976.5777777777776,54.096363636363655,44,0,3511.0,3541.0,3541.0,3511.0,1951.5777777777776,2001.5777777777776
39,118,3556.0,1976.5777777777776,58.003333333333316,30,0,3541.0,3571.0,3571.0,3541.0,1951.5777777777776,2001.5777777777776
39,119,3586.0,1976.5777777777776,57.74999999999999,26,0,3571.0,3601.0,3601.0,3571.0,1951.5777777777776,2001.5777777777776
39,120,3616.0,1976.5777777777776,51.17406249999999,32,0,3601.0,3631.0,3631.0,3601.0,1951.5777777777776,2001.5777777777776
39,121,3646.0,1976.5777777777776,55.86133333333333,30,0,3631.0,3661.0,3661.0,3631.0,1951.5777777777776,2001.5777777777776
39,122,3676.0,1976.5777777777776,55.65742857142857,35,0,3661.0,3691.0,3691.0,3661.0,1951.5777777777776,2001.5777777777776
39,123,3706.0,1976.5777777777776,55.487586206896545,29,0,3691.0,3721.0,3721.0,3691.0,1951.5777777777776,2001.5777777777776
39,124,3736.0,1976.5777777777776,59.73315789473685,19,0,3721.0,3751.0,3751.0,3721.0,1951.5777777777776,2001.5777777777776
39,125,3766.0,1976.5777777777776,57.1008695652174,23,0,3751.0,3781.0,3781.0,3751.0,1951.5777777777776,2001.5777777777776
39,126,3796.0,1976.5777777777776,51.4713888888889,36,0,3781.0,3811.0,3811.0,3781.0,1951.5777777777776,2001.5777777777776
39,127,3826.0,1976.5777777777776,50.618157894736854,38,0,3811.0,3841.0,3841.0,3811.0,1951.5777777777776,2001.5777777777776
39,128,3856.0,1976.5777777777776,48.873928571428564,28,0,3841.0,3871.0,3871.0,3841.0,1951.5777777777776,2001.5777777777776
39,129,3886.0,1976.5777777777776,,0,0,3871.0,3901.0,3901.0,3871.0,1951.5777777777776,2001.5777777777776
40,0,16.0,2026.5777777777776,74.43,11,0,1.0,31.0,31.0,1.0,2001.5777777777776,2051.5777777777776
40,1,46.0,2026.5777777777776,63.516923076923085,13,0,31.0,61.0,61.0,31.0,2001.5777777777776,2051.5777777777776
40,2,76.0,2026.5777777777776,55.197368421052644,38,0,61.0,91.0,91.0,61.0,2001.5777777777776,2051.5777777777776
40,3,106.0,2026.5777777777776,53.630250000000004,40,0,91.0,121.0,121.0,91.0,2001.5777777777776,2051.5777777777776
40,4,136.0,2026.5777777777776,51.288717948717945,39,0,121.0,151.0,151.0,121.0,2001.5777777777776,2051.5777777777776
40,5,166.0,2026.5777777777776,54.99642857142857,42,0,151.0,181.0,181.0,151.0,2001.5777777777776,2051.5777777777776
40,6,196.0,2026.5777777777776,55.0384375,32,0,181.0,211.0,211.0,181.0,2001.5777777777776,2051.5777777777776
40,7,226.0,2026.5777777777776,61.524666666666675,15,0,211.0,241.0,241.0,211.0,2001.5777777777776,2051.5777777777776
40,8,256.0,2026.5777777777776,55.35037735849057,53,0,241.0,271.0,271.0,241.0,2001.5777777777776,2051.5777777777776
40,9,286.0,2026.5777777777776,54.90512195121953,41,0,271.0,301.0,301.0,271.0,2001.5777777777776,2051.5777777777776
40,10,316.0,2026.5777777777776,54.297142857142845,42,0,301.0,331.0,331.0,301.0,2001.5777777777776,2051.5777777777776
40,11,346.0,2026.5777777777776,59.167826086956495,46,0,331.0,361.0,361.0,331.0,2001.5777777777776,2051.5777777777776
40,12,376.0,2026.5777777777776,72.2461038961039,22,0,361.0,391.0,391.0,361.0,2001.5777777777776,2051.5777777777776
40,13,406.0,2026.5777777777776,65.74375,16,0,391.0,421.0,421.0,391.0,2001.5777777777776,2051.5777777777776
40,14,436.0,2026.5777777777776,64.98935483870967,31,0,421.0,451.0,451.0,421.0,2001.5777777777776,2051.5777777777776
40,15,466.0,2026.5777777777776,65.87615384615385,26,0,451.0,481.0,481.0,451.0,2001.5777777777776,2051.5777777777776
40,16,496.0,2026.5777777777776,62.86071428571428,28,0,481.0,511.0,511.0,481.0,2001.5777777777776,2051.5777777777776
40,17,526.0,2026.5777777777776,60.003823529411754,34,0,511.0,541.0,541.0,511.0,2001.5777777777776,2051.5777777777776
40,18,556.0,2026.5777777777776,59.8341935483871,31,0,541.0,571.0,571.0,541.0,2001.5777777777776,2051.5777777777776
40,19,586.0,2026.5777777777776,58.93560975609758,41,0,571.0,601.0,601.0,571.0,2001.5777777777776,2051.5777777777776
40,20,616.0,2026.5777777777776,59.836333333333336,30,0,601.0,631.0,631.0,601.0,2001.5777777777776,2051.5777777777776
40,21,646.0,2026.5777777777776,54.46630434782608,46,0,631.0,661.0,661.0,631.0,2001.5777777777776,2051.5777777777776
40,22,676.0,2026.5777777777776,48.41302325581394,43,0,661.0,691.0,691.0,661.0,2001.5777777777776,2051.5777777777776
40,23,706.0,2026.5777777777776,46.58315789473685,38,0,691.0,721.0,721.0,691.0,2001.5777777777776,2051.5777777777776
40,24,736.0,2026.5777777777776,46.84111111111111,54,0,721.0,751.0,751.0,721.0,2001.5777777777776,2051.5777777777776
40,25,766.0,2026.5777777777776,60.28607142857142,28,0,751.0,781.0,781.0,751.0,2001.5777777777776,2051.5777777777776
40,26,796.0,2026.5777777777776,55.25658536585367,41,0,781.0,811.0,811.0,781.0,2001.5777777777776,2051.5777777777776
40,27,826.0,2026.5777777777776,57.36799999999998,40,0,811.0,841.0,841.0,811.0,2001.5777777777776,2051.5777777777776
40,28,856.0,2026.5777777777776,59.72200000000001,30,0,841.0,871.0,871.0,841.0,2001.5777777777776,2051.5777777777776
40,29,886.0,2026.5777777777776,55.349487179487184,39,0,871.0,901.0,901.0,871.0,2001.5777777777776,2051.5777777777776
40,30,916.0,2026.5777777777776,57.06128205128205,39,0,901.0,931.0,931.0,901.0,2001.5777777777776,2051.5777777777776
40,31,946.0,2026.5777777777776,56.01512820512822,39,0,931.0,961.0,961.0,931.0,2001.5777777777776,2051.5777777777776
40,32,976.0,2026.5777777777776,60.36898550724638,23,0,961.0,991.0,991.0,961.0,2001.5777777777776,2051.5777777777776
40,33,1006.0,2026.5777777777776,60.33481481481481,27,0,991.0,1021.0,1021.0,991.0,2001.5777777777776,2051.5777777777776
40,34,1036.0,2026.5777777777776,57.262413793103434,29,0,1021.0,1051.0,1051.0,1021.0,2001.5777777777776,2051.5777777777776
40,35,1066.0,2026.5777777777776,53.47878048780487,41,0,1051.0,1081.0,1081.0,1051.0,2001.5777777777776,2051.5777777777776
40,36,1096.0,2026.5777777777776,53.470731707317064,41,0,1081.0,1111.0,1111.0,1081.0,2001.5777777777776,2051.5777777777776
40,37,1126.0,2026.5777777777776,48.940000000000005,37,0,1111.0,1141.0,1141.0,1111.0,2001.5777777777776,2051.5777777777776
40,38,1156.0,2026.5777777777776,45.580975609756095,41,0,1141.0,1171.0,1171.0,1141.0,2001.5777777777776,2051.5777777777776
40,39,1186.0,2026.5777777777776,43.857430555555545,48,0,1171.0,1201.0,1201.0,1171.0,2001.5777777777776,2051.5777777777776
40,40,1216.0,2026.5777777777776,43.07618181818183,55,0,1201.0,1231.0,1231.0,1201.0,2001.5777777777776,2051.5777777777776
40,41,1246.0,2026.5777777777776,45.924339622641504,53,0,1231.0,1261.0,1261.0,1231.0,2001.5777777777776,2051.5777777777776
40,42,1276.0,2026.5777777777776,53.325945945945946,37,0,1261.0,1291.0,1291.0,1261.0,2001.5777777777776,2051.5777777777776
40,43,1306.0,2026.5777777777776,49.40899999999999,30,0,1291.0,1321.0,1321.0,1291.0,2001.5777777777776,2051.5777777777776
40,44,1336.0,2026.5777777777776,54.982571428571426,35,0,1321.0,1351.0,1351.0,1321.0,2001.5777777777776,2051.5777777777776
40,45,1366.0,2026.5777777777776,54.125625,32,0,1351.0,1381.0,1381.0,1351.0,2001.5777777777776,2051.5777777777776
40,46,1396.0,2026.5777777777776,55.85366666666666,30,0,1381.0,1411.0,1411.0,1381.0,2001.5777777777776,2051.5777777777776
40,47,1426.0,2026.5777777777776,58.304399999999994,25,0,1411.0,1441.0,1441.0,1411.0,2001.5777777777776,2051.5777777777776
40,48,1456.0,2026.5777777777776,47.87478260869565,46,0,1441.0,1471.0,1471.0,1441.0,2001.5777777777776,2051.5777777777776
40,49,1486.0,2026.5777777777776,52.09064516129031,31,0,1471.0,1501.0,1501.0,1471.0,2001.5777777777776,2051.5777777777776
40,50,1516.0,2026.5777777777776,48.32116279069767,43,0,1501.0,1531.0,1531.0,1501.0,2001.5777777777776,2051.5777777777776
40,51,1546.0,2026.5777777777776,46.473829787234045,47,0,1531.0,1561.0,1561.0,1531.0,2001.5777777777776,2051.5777777777776
40,52,1576.0,2026.5777777777776,46.269743589743605,39,0,1561.0,1591.0,1591.0,1561.0,2001.5777777777776,2051.5777777777776
40,53,1606.0,2026.5777777777776,43.00362068965518,58,0,1591.0,1621.0,1621.0,1591.0,2001.5777777777776,2051.5777777777776
40,54,1636.0,2026.5777777777776,48.25847826086957,46,0,1621.0,1651.0,1651.0,1621.0,2001.5777777777776,2051.5777777777776
40,55,1666.0,2026.5777777777776,53.83533333333333,30,0,1651.0,1681.0,1681.0,1651.0,2001.5777777777776,2051.5777777777776
40,56,1696.0,2026.5777777777776,49.1905,40,0,1681.0,1711.0,1711.0,1681.0,2001.5777777777776,2051.5777777777776
40,57,1726.0,2026.5777777777776,50.48447368421051,38,0,1711.0,1741.0,1741.0,1711.0,2001.5777777777776,2051.5777777777776
40,58,1756.0,2026.5777777777776,51.37210526315791,38,0,1741.0,1771.0,1771.0,1741.0,2001.5777777777776,2051.5777777777776
40,59,1786.0,2026.5777777777776,50.18102564102564,39,0,1771.0,1801.0,1801.0,1771.0,2001.5777777777776,2051.5777777777776
40,60,1816.0,2026.5777777777776,50.476842105263174,38,0,1801.0,1831.0,1831.0,1801.0,2001.5777777777776,2051.5777777777776
40,61,1846.0,2026.5777777777776,50.21692307692307,39,0,1831.0,1861.0,1861.0,1831.0,2001.5777777777776,2051.5777777777776
40,62,1876.0,2026.5777777777776,49.94684210526316,38,0,1861.0,1891.0,1891.0,1861.0,2001.5777777777776,2051.5777777777776
40,63,1906.0,2026.5777777777776,55.36354838709678,31,0,1891.0,1921.0,1921.0,1891.0,2001.5777777777776,2051.5777777777776
40,64,1936.0,2026.5777777777776,54.38783783783782,37,0,1921.0,1951.0,1951.0,1921.0,2001.5777777777776,2051.5777777777776
40,65,1966.0,2026.5777777777776,55.60527777777778,36,0,1951.0,1981.0,1981.0,1951.0,2001.5777777777776,2051.5777777777776
40,66,1996.0,2026.5777777777776,52.34285714285714,35,0,1981.0,2011.0,2011.0,1981.0,2001.5777777777776,2051.5777777777776
40,67,2026.0,2026.5777777777776,57.38032258064517,31,0,2011.0,2041.0,2041.0,2011.0,2001.5777777777776,2051.5777777777776
40,68,2056.0,2026.5777777777776,54.47555555555556,45,0,2041.0,2071.0,2071.0,2041.0,2001.5777777777776,2051.5777777777776
40,69,2086.0,2026.5777777777776,53.83999999999999,38,0,2071.0,2101.0,2101.0,2071.0,2001.5777777777776,2051.5777777777776
40,70,2116.0,2026.5777777777776,55.98628571428572,35,0,2101.0,2131.0,2131.0,2101.0,2001.5777777777776,2051.5777777777776
40,71,2146.0,2026.5777777777776,55.11390243902438,41,0,2131.0,2161.0,2161.0,2131.0,2001.5777777777776,2051.5777777777776
40,72,2176.0,2026.5777777777776,48.79000000000001,36,0,2161.0,2191.0,2191.0,2161.0,2001.5777777777776,2051.5777777777776
40,73,2206.0,2026.5777777777776,48.095810810810804,37,0,2191.0,2221.0,2221.0,2191.0,2001.5777777777776,2051.5777777777776
40,74,2236.0,2026.5777777777776,46.794000000000004,60,0,2221.0,2251.0,2251.0,2221.0,2001.5777777777776,2051.5777777777776
40,75,2266.0,2026.5777777777776,48.53470588235296,51,0,2251.0,2281.0,2281.0,2251.0,2001.5777777777776,2051.5777777777776
40,76,2296.0,2026.5777777777776,52.21756097560977,41,0,2281.0,2311.0,2311.0,2281.0,2001.5777777777776,2051.5777777777776
40,77,2326.0,2026.5777777777776,54.65785714285715,28,0,2311.0,2341.0,2341.0,2311.0,2001.5777777777776,2051.5777777777776
40,78,2356.0,2026.5777777777776,52.37236842105265,38,0,2341.0,2371.0,2371.0,2341.0,2001.5777777777776,2051.5777777777776
40,79,2386.0,2026.5777777777776,51.052708333333335,48,0,2371.0,2401.0,2401.0,2371.0,2001.5777777777776,2051.5777777777776
40,80,2416.0,2026.5777777777776,50.43795454545455,44,0,2401.0,2431.0,2431.0,2401.0,2001.5777777777776,2051.5777777777776
40,81,2446.0,2026.5777777777776,49.11243902439024,41,0,2431.0,2461.0,2461.0,2431.0,2001.5777777777776,2051.5777777777776
40,82,2476.0,2026.5777777777776,47.826279069767445,43,0,2461.0,2491.0,2491.0,2461.0,2001.5777777777776,2051.5777777777776
40,83,2506.0,2026.5777777777776,51.0054,50,0,2491.0,2521.0,2521.0,2491.0,2001.5777777777776,2051.5777777777776
40,84,2536.0,2026.5777777777776,49.44541666666665,48,0,2521.0,2551.0,2551.0,2521.0,2001.5777777777776,2051.5777777777776
40,85,2566.0,2026.5777777777776,45.73320754716981,53,0,2551.0,2581.0,2581.0,2551.0,2001.5777777777776,2051.5777777777776
40,86,2596.0,2026.5777777777776,37.98122448979591,49,0,2581.0,2611.0,2611.0,2581.0,2001.5777777777776,2051.5777777777776
40,87,2626.0,2026.5777777777776,39.52741379310344,58,0,2611.0,2641.0,2641.0,2611.0,2001.5777777777776,2051.5777777777776
40,88,2656.0,2026.5777777777776,41.85636363636365,55,0,2641.0,2671.0,2671.0,2641.0,2001.5777777777776,2051.5777777777776
40,89,2686.0,2026.5777777777776,42.475862068965526,58,0,2671.0,2701.0,2701.0,2671.0,2001.5777777777776,2051.5777777777776
40,90,2716.0,2026.5777777777776,46.6504761904762,63,0,2701.0,2731.0,2731.0,2701.0,2001.5777777777776,2051.5777777777776
40,91,2746.0,2026.5777777777776,47.126249999999985,40,0,2731.0,2761.0,2761.0,2731.0,2001.5777777777776,2051.5777777777776
40,92,2776.0,2026.5777777777776,46.9063829787234,47,0,2761.0,2791.0,2791.0,2761.0,2001.5777777777776,2051.5777777777776
40,93,2806.0,2026.5777777777776,47.103636363636355,44,0,2791.0,2821.0,2821.0,2791.0,2001.5777777777776,2051.5777777777776
40,94,2836.0,2026.5777777777776,46.66018181818182,55,0,2821.0,2851.0,2851.0,2821.0,2001.5777777777776,2051.5777777777776
40,95,2866.0,2026.5777777777776,45.51627906976744,43,0,2851.0,2881.0,2881.0,2851.0,2001.5777777777776,2051.5777777777776
40,96,2896.0,2026.5777777777776,47.07525423728813,59,0,2881.0,2911.0,2911.0,2881.0,2001.5777777777776,2051.5777777777776
40,97,2926.0,2026.5777777777776,47.22517857142857,56,0,2911.0,2941.0,2941.0,2911.0,2001.5777777777776,2051.5777777777776
40,98,2956.0,2026.5777777777776,52.70301886792453,53,0,2941.0,2971.0,2971.0,2941.0,2001.5777777777776,2051.5777777777776
40,99,2986.0,2026.5777777777776,51.35333333333332,51,0,2971.0,3001.0,3001.0,2971.0,2001.5777777777776,2051.5777777777776
40,100,3016.0,2026.5777777777776,52.74934782608696,46,0,3001.0,3031.0,3031.0,3001.0,2001.5777777777776,2051.5777777777776
40,101,3046.0,2026.5777777777776,48.33312500000001,32,0,3031.0,3061.0,3061.0,3031.0,2001.5777777777776,2051.5777777777776
40,102,3076.0,2026.5777777777776,47.04458333333333,48,0,3061.0,3091.0,3091.0,3061.0,2001.5777777777776,2051.5777777777776
40,103,3106.0,2026.5777777777776,44.6677358490566,53,0,3091.0,3121.0,3121.0,3091.0,2001.5777777777776,2051.5777777777776
40,104,3136.0,2026.5777777777776,48.831777777777766,45,0,3121.0,3151.0,3151.0,3121.0,2001.5777777777776,2051.5777777777776
40,105,3166.0,2026.5777777777776,48.17693877551021,49,0,3151.0,3181.0,3181.0,3151.0,2001.5777777777776,2051.5777777777776
40,106,3196.0,2026.5777777777776,45.9244262295082,61,0,3181.0,3211.0,3211.0,3181.0,2001.5777777777776,2051.5777777777776
40,107,3226.0,2026.5777777777776,50.76116279069766,43,0,3211.0,3241.0,3241.0,3211.0,2001.5777777777776,2051.5777777777776
40,108,3256.0,2026.5777777777776,52.455925925925925,54,0,3241.0,3271.0,3271.0,3241.0,2001.5777777777776,2051.5777777777776
40,109,3286.0,2026.5777777777776,51.62185185185186,27,0,3271.0,3301.0,3301.0,3271.0,2001.5777777777776,2051.5777777777776
40,110,3316.0,2026.5777777777776,53.135833333333316,48,0,3301.0,3331.0,3331.0,3301.0,2001.5777777777776,2051.5777777777776
40,111,3346.0,2026.5777777777776,51.23285714285713,49,0,3331.0,3361.0,3361.0,3331.0,2001.5777777777776,2051.5777777777776
40,112,3376.0,2026.5777777777776,54.36908212560388,46,0,3361.0,3391.0,3391.0,3361.0,2001.5777777777776,2051.5777777777776
40,113,3406.0,2026.5777777777776,51.769268292682916,41,0,3391.0,3421.0,3421.0,3391.0,2001.5777777777776,2051.5777777777776
40,114,3436.0,2026.5777777777776,51.708333333333336,54,0,3421.0,3451.0,3451.0,3421.0,2001.5777777777776,2051.5777777777776
40,115,3466.0,2026.5777777777776,53.57702702702702,37,0,3451.0,3481.0,3481.0,3451.0,2001.5777777777776,2051.5777777777776
40,116,3496.0,2026.5777777777776,56.52621621621621,37,0,3481.0,3511.0,3511.0,3481.0,2001.5777777777776,2051.5777777777776
40,117,3526.0,2026.5777777777776,51.76415094339622,53,0,3511.0,3541.0,3541.0,3511.0,2001.5777777777776,2051.5777777777776
40,118,3556.0,2026.5777777777776,57.09083333333333,32,0,3541.0,3571.0,3571.0,3541.0,2001.5777777777776,2051.5777777777776
40,119,3586.0,2026.5777777777776,58.45121212121211,33,0,3571.0,3601.0,3601.0,3571.0,2001.5777777777776,2051.5777777777776
40,120,3616.0,2026.5777777777776,50.79315789473685,38,0,3601.0,3631.0,3631.0,3601.0,2001.5777777777776,2051.5777777777776
40,121,3646.0,2026.5777777777776,55.631651785714276,32,0,3631.0,3661.0,3661.0,3631.0,2001.5777777777776,2051.5777777777776
40,122,3676.0,2026.5777777777776,54.95877492877494,39,0,3661.0,3691.0,3691.0,3661.0,2001.5777777777776,2051.5777777777776
40,123,3706.0,2026.5777777777776,55.46635135135134,37,0,3691.0,3721.0,3721.0,3691.0,2001.5777777777776,2051.5777777777776
40,124,3736.0,2026.5777777777776,58.17360000000001,25,0,3721.0,3751.0,3751.0,3721.0,2001.5777777777776,2051.5777777777776
40,125,3766.0,2026.5777777777776,58.49312500000001,28,0,3751.0,3781.0,3781.0,3751.0,2001.5777777777776,2051.5777777777776
40,126,3796.0,2026.5777777777776,51.386923076923075,39,0,3781.0,3811.0,3811.0,3781.0,2001.5777777777776,2051.5777777777776
40,127,3826.0,2026.5777777777776,52.168863636363646,44,0,3811.0,3841.0,3841.0,3811.0,2001.5777777777776,2051.5777777777776
40,128,3856.0,2026.5777777777776,48.55466666666666,30,0,3841.0,3871.0,3871.0,3841.0,2001.5777777777776,2051.5777777777776
40,129,3886.0,2026.5777777777776,51.464999999999996,4,0,3871.0,3901.0,3901.0,3871.0,2001.5777777777776,2051.5777777777776
41,0,16.0,2061.3388888888885,75.63718253968253,4,0,1.0,31.0,31.0,1.0,2051.5777777777776,2071.1
41,1,46.0,2061.3388888888885,67.10257142857145,5,0,31.0,61.0,61.0,31.0,2051.5777777777776,2071.1
41,2,76.0,2061.3388888888885,55.86077497665732,17,0,61.0,91.0,91.0,61.0,2051.5777777777776,2071.1
41,3,106.0,2061.3388888888885,53.926875,16,0,91.0,121.0,121.0,91.0,2051.5777777777776,2071.1
41,4,136.0,2061.3388888888885,52.99761904761907,15,0,121.0,151.0,151.0,121.0,2051.5777777777776,2071.1
41,5,166.0,2061.3388888888885,53.13330357142858,16,0,151.0,181.0,181.0,151.0,2051.5777777777776,2071.1
41,6,196.0,2061.3388888888885,55.559155328798184,14,0,181.0,211.0,211.0,181.0,2051.5777777777776,2071.1
41,7,226.0,2061.3388888888885,59.443999999999996,5,0,211.0,241.0,241.0,211.0,2051.5777777777776,2071.1
41,8,256.0,2061.3388888888885,57.34622767857143,16,0,241.0,271.0,271.0,241.0,2051.5777777777776,2071.1
41,9,286.0,2061.3388888888885,54.506071428571424,15,0,271.0,301.0,301.0,271.0,2051.5777777777776,2071.1
41,10,316.0,2061.3388888888885,55.296611552028224,18,0,301.0,331.0,331.0,301.0,2051.5777777777776,2071.1
41,11,346.0,2061.3388888888885,55.68704585537919,18,0,331.0,361.0,361.0,331.0,2051.5777777777776,2071.1
41,12,376.0,2061.3388888888885,68.3738961038961,11,0,361.0,391.0,391.0,361.0,2051.5777777777776,2071.1
41,13,406.0,2061.3388888888885,66.29809523809523,7,0,391.0,421.0,421.0,391.0,2051.5777777777776,2071.1
41,14,436.0,2061.3388888888885,65.2577922077922,11,0,421.0,451.0,451.0,421.0,2051.5777777777776,2071.1
41,15,466.0,2061.3388888888885,66.51043083900228,14,0,451.0,481.0,481.0,451.0,2051.5777777777776,2071.1
41,16,496.0,2061.3388888888885,62.946666666666665,9,0,481.0,511.0,511.0,481.0,2051.5777777777776,2071.1
41,17,526.0,2061.3388888888885,59.72247474747474,11,0,511.0,541.0,541.0,511.0,2051.5777777777776,2071.1
41,18,556.0,2061.3388888888885,60.31318181818181,11,0,541.0,571.0,571.0,541.0,2051.5777777777776,2071.1
41,19,586.0,2061.3388888888885,58.71466517857143,16,0,571.0,601.0,601.0,571.0,2051.5777777777776,2071.1
41,20,616.0,2061.3388888888885,61.274166666666666,9,0,601.0,631.0,631.0,601.0,2051.5777777777776,2071.1
41,21,646.0,2061.3388888888885,55.80829805996473,18,0,631.0,661.0,661.0,631.0,2051.5777777777776,2071.1
41,22,676.0,2061.3388888888885,51.23316666666666,15,0,661.0,691.0,691.0,661.0,2051.5777777777776,2071.1
41,23,706.0,2061.3388888888885,45.88488562091503,17,0,691.0,721.0,721.0,691.0,2051.5777777777776,2071.1
41,24,736.0,2061.3388888888885,47.4815,20,0,721.0,751.0,751.0,721.0,2051.5777777777776,2071.1
41,25,766.0,2061.3388888888885,53.42974773242629,14,0,751.0,781.0,781.0,751.0,2051.5777777777776,2071.1
41,26,796.0,2061.3388888888885,56.17333333333334,11,0,781.0,811.0,811.0,781.0,2051.5777777777776,2071.1
41,27,826.0,2061.3388888888885,56.258823529411764,17,0,811.0,841.0,841.0,811.0,2051.5777777777776,2071.1
41,28,856.0,2061.3388888888885,59.225303030303024,11,0,841.0,871.0,871.0,841.0,2051.5777777777776,2071.1
41,29,886.0,2061.3388888888885,55.72047619047619,13,0,871.0,901.0,901.0,871.0,2051.5777777777776,2071.1
41,30,916.0,2061.3388888888885,57.29245833333334,20,0,901.0,931.0,931.0,901.0,2051.5777777777776,2071.1
41,31,946.0,2061.3388888888885,56.408750000000005,14,0,931.0,961.0,961.0,931.0,2051.5777777777776,2071.1
41,32,976.0,2061.3388888888885,60.34655677655678,13,0,961.0,991.0,991.0,961.0,2051.5777777777776,2071.1
41,33,1006.0,2061.3388888888885,61.80948082010582,12,0,991.0,1021.0,1021.0,991.0,2051.5777777777776,2071.1
41,34,1036.0,2061.3388888888885,56.5496336996337,13,0,1021.0,1051.0,1051.0,1021.0,2051.5777777777776,2071.1
41,35,1066.0,2061.3388888888885,54.402514619883036,19,0,1051.0,1081.0,1081.0,1051.0,2051.5777777777776,2071.1
41,36,1096.0,2061.3388888888885,53.407063492063486,18,0,1081.0,1111.0,1111.0,1081.0,2051.5777777777776,2071.1
41,37,1126.0,2061.3388888888885,53.329010416666655,16,0,1111.0,1141.0,1141.0,1111.0,2051.5777777777776,2071.1
41,38,1156.0,2061.3388888888885,48.48249299719888,17,0,1141.0,1171.0,1171.0,1141.0,2051.5777777777776,2071.1
41,39,1186.0,2061.3388888888885,45.65107142857143,21,0,1171.0,1201.0,1201.0,1171.0,2051.5777777777776,2071.1
41,40,1216.0,2061.3388888888885,43.821197089947084,24,0,1201.0,1231.0,1231.0,1201.0,2051.5777777777776,2071.1
41,41,1246.0,2061.3388888888885,41.9690343915344,27,0,1231.0,1261.0,1261.0,1231.0,2051.5777777777776,2071.1
41,42,1276.0,2061.3388888888885,53.862500000000004,14,0,1261.0,1291.0,1291.0,1261.0,2051.5777777777776,2071.1
41,43,1306.0,2061.3388888888885,50.66437037037037,15,0,1291.0,1321.0,1321.0,1291.0,2051.5777777777776,2071.1
41,44,1336.0,2061.3388888888885,55.639722222222225,12,0,1321.0,1351.0,1351.0,1321.0,2051.5777777777776,2071.1
41,45,1366.0,2061.3388888888885,55.125002834467125,14,0,1351.0,1381.0,1381.0,1351.0,2051.5777777777776,2071.1
41,46,1396.0,2061.3388888888885,54.96717086834734,17,0,1381.0,1411.0,1411.0,1381.0,2051.5777777777776,2071.1
41,47,1426.0,2061.3388888888885,59.99313492063493,8,0,1411.0,1441.0,1441.0,1411.0,2051.5777777777776,2071.1
41,48,1456.0,2061.3388888888885,48.61034391534392,18,0,1441.0,1471.0,1471.0,1441.0,2051.5777777777776,2071.1
41,49,1486.0,2061.3388888888885,52.735,10,0,1471.0,1501.0,1501.0,1471.0,2051.5777777777776,2071.1
41,50,1516.0,2061.3388888888885,50.000239984882846,21,0,1501.0,1531.0,1531.0,1501.0,2051.5777777777776,2071.1
41,51,1546.0,2061.3388888888885,47.16112698412698,20,0,1531.0,1561.0,1561.0,1531.0,2051.5777777777776,2071.1
41,52,1576.0,2061.3388888888885,47.10819444444445,14,0,1561.0,1591.0,1591.0,1561.0,2051.5777777777776,2071.1
41,53,1606.0,2061.3388888888885,41.95937888198758,23,0,1591.0,1621.0,1621.0,1591.0,2051.5777777777776,2071.1
41,54,1636.0,2061.3388888888885,43.9882372598162,19,0,1621.0,1651.0,1651.0,1621.0,2051.5777777777776,2071.1
41,55,1666.0,2061.3388888888885,53.0766402116402,12,0,1651.0,1681.0,1681.0,1651.0,2051.5777777777776,2071.1
41,56,1696.0,2061.3388888888885,50.002222222222215,15,0,1681.0,1711.0,1711.0,1681.0,2051.5777777777776,2071.1
41,57,1726.0,2061.3388888888885,50.724296296296295,15,0,1711.0,1741.0,1741.0,1711.0,2051.5777777777776,2071.1
41,58,1756.0,2061.3388888888885,52.3217037037037,15,0,1741.0,1771.0,1771.0,1741.0,2051.5777777777776,2071.1
41,59,1786.0,2061.3388888888885,49.95977891156461,14,0,1771.0,1801.0,1801.0,1771.0,2051.5777777777776,2071.1
41,60,1816.0,2061.3388888888885,51.396884920634925,14,0,1801.0,1831.0,1831.0,1801.0,2051.5777777777776,2071.1
41,61,1846.0,2061.3388888888885,48.526693121693114,18,0,1831.0,1861.0,1861.0,1831.0,2051.5777777777776,2071.1
41,62,1876.0,2061.3388888888885,48.76076923076924,13,0,1861.0,1891.0,1891.0,1861.0,2051.5777777777776,2071.1
41,63,1906.0,2061.3388888888885,54.68054232804233,15,0,1891.0,1921.0,1921.0,1891.0,2051.5777777777776,2071.1
41,64,1936.0,2061.3388888888885,55.150796703296706,13,0,1921.0,1951.0,1951.0,1921.0,2051.5777777777776,2071.1
41,65,1966.0,2061.3388888888885,55.746367521367524,13,0,1951.0,1981.0,1981.0,1951.0,2051.5777777777776,2071.1
41,66,1996.0,2061.3388888888885,52.55744444444444,15,0,1981.0,2011.0,2011.0,1981.0,2051.5777777777776,2071.1
41,67,2026.0,2061.3388888888885,57.376547619047614,12,0,2011.0,2041.0,2041.0,2011.0,2051.5777777777776,2071.1
41,68,2056.0,2061.3388888888885,56.67113095238094,14,0,2041.0,2071.0,2071.0,2041.0,2051.5777777777776,2071.1
41,69,2086.0,2061.3388888888885,54.071047178130506,18,0,2071.0,2101.0,2101.0,2071.0,2051.5777777777776,2071.1
41,70,2116.0,2061.3388888888885,54.673234126984134,14,0,2101.0,2131.0,2131.0,2101.0,2051.5777777777776,2071.1
41,71,2146.0,2061.3388888888885,55.19137667887667,13,0,2131.0,2161.0,2161.0,2131.0,2051.5777777777776,2071.1
41,72,2176.0,2061.3388888888885,51.380830280830274,13,0,2161.0,2191.0,2191.0,2161.0,2051.5777777777776,2071.1
41,73,2206.0,2061.3388888888885,48.91909090909091,11,0,2191.0,2221.0,2221.0,2191.0,2051.5777777777776,2071.1
41,74,2236.0,2061.3388888888885,46.69229797979797,22,0,2221.0,2251.0,2251.0,2221.0,2051.5777777777776,2071.1
41,75,2266.0,2061.3388888888885,47.79589065255733,18,0,2251.0,2281.0,2281.0,2251.0,2051.5777777777776,2071.1
41,76,2296.0,2061.3388888888885,51.01368480725624,14,0,2281.0,2311.0,2311.0,2281.0,2051.5777777777776,2071.1
41,77,2326.0,2061.3388888888885,55.598765432098766,9,0,2311.0,2341.0,2341.0,2311.0,2051.5777777777776,2071.1
41,78,2356.0,2061.3388888888885,52.880314625850325,14,0,2341.0,2371.0,2371.0,2341.0,2051.5777777777776,2071.1
41,79,2386.0,2061.3388888888885,48.843736772486764,18,0,2371.0,2401.0,2401.0,2371.0,2051.5777777777776,2071.1
41,80,2416.0,2061.3388888888885,50.45119963369963,13,0,2401.0,2431.0,2431.0,2401.0,2051.5777777777776,2071.1
41,81,2446.0,2061.3388888888885,49.16475056689342,14,0,2431.0,2461.0,2461.0,2431.0,2051.5777777777776,2071.1
41,82,2476.0,2061.3388888888885,48.31400432900433,11,0,2461.0,2491.0,2491.0,2461.0,2051.5777777777776,2071.1
41,83,2506.0,2061.3388888888885,50.031514939309055,17,0,2491.0,2521.0,2521.0,2491.0,2051.5777777777776,2071.1
41,84,2536.0,2061.3388888888885,50.5407851473923,14,0,2521.0,2551.0,2551.0,2521.0,2051.5777777777776,2071.1
41,85,2566.0,2061.3388888888885,47.592125220458556,18,0,2551.0,2581.0,2581.0,2551.0,2051.5777777777776,2071.1
41,86,2596.0,2061.3388888888885,41.24514384920634,16,0,2581.0,2611.0,2611.0,2581.0,2051.5777777777776,2071.1
41,87,2626.0,2061.3388888888885,37.26087928153718,19,0,2611.0,2641.0,2641.0,2611.0,2051.5777777777776,2071.1
41,88,2656.0,2061.3388888888885,43.18408496732025,17,0,2641.0,2671.0,2671.0,2641.0,2051.5777777777776,2071.1
41,89,2686.0,2061.3388888888885,42.32698412698413,17,0,2671.0,2701.0,2701.0,2671.0,2051.5777777777776,2071.1
41,90,2716.0,2061.3388888888885,46.522205882352935,17,0,2701.0,2731.0,2731.0,2701.0,2051.5777777777776,2071.1
41,91,2746.0,2061.3388888888885,49.10939393939393,11,0,2731.0,2761.0,2761.0,2731.0,2051.5777777777776,2071.1
41,92,2776.0,2061.3388888888885,46.97680097680098,13,0,2761.0,2791.0,2791.0,2761.0,2051.5777777777776,2071.1
41,93,2806.0,2061.3388888888885,48.14260770975056,14,0,2791.0,2821.0,2821.0,2791.0,2051.5777777777776,2071.1
41,94,2836.0,2061.3388888888885,46.13178174603175,20,0,2821.0,2851.0,2851.0,2821.0,2051.5777777777776,2071.1
41,95,2866.0,2061.3388888888885,46.38642573696145,14,0,2851.0,2881.0,2881.0,2851.0,2051.5777777777776,2071.1
41,96,2896.0,2061.3388888888885,45.71178571428572,21,0,2881.0,2911.0,2911.0,2881.0,2051.5777777777776,2071.1
41,97,2926.0,2061.3388888888885,46.365042517006806,14,0,2911.0,2941.0,2941.0,2911.0,2051.5777777777776,2071.1
41,98,2956.0,2061.3388888888885,50.940509259259244,18,0,2941.0,2971.0,2971.0,2941.0,2051.5777777777776,2071.1
41,99,2986.0,2061.3388888888885,51.175009157509145,13,0,2971.0,3001.0,3001.0,2971.0,2051.5777777777776,2071.1
41,100,3016.0,2061.3388888888885,51.58244841269842,10,0,3001.0,3031.0,3031.0,3001.0,2051.5777777777776,2071.1
41,101,3046.0,2061.3388888888885,49.93936507936508,12,0,3031.0,3061.0,3061.0,3031.0,2051.5777777777776,2071.1
41,102,3076.0,2061.3388888888885,48.055222222222234,15,0,3061.0,3091.0,3091.0,3061.0,2051.5777777777776,2071.1
41,103,3106.0,2061.3388888888885,43.884666666666675,15,0,3091.0,3121.0,3121.0,3091.0,2051.5777777777776,2071.1
41,104,3136.0,2061.3388888888885,48.632922077922075,11,0,3121.0,3151.0,3151.0,3121.0,2051.5777777777776,2071.1
41,105,3166.0,2061.3388888888885,47.78059523809523,12,0,3151.0,3181.0,3181.0,3151.0,2051.5777777777776,2071.1
41,106,3196.0,2061.3388888888885,44.69107142857144,16,0,3181.0,3211.0,3211.0,3181.0,2051.5777777777776,2071.1
41,107,3226.0,2061.3388888888885,49.4219212962963,12,0,3211.0,3241.0,3241.0,3211.0,2051.5777777777776,2071.1
41,108,3256.0,2061.3388888888885,49.65546296296298,15,0,3241.0,3271.0,3271.0,3241.0,2051.5777777777776,2071.1
41,109,3286.0,2061.3388888888885,54.83855555555556,5,0,3271.0,3301.0,3301.0,3271.0,2051.5777777777776,2071.1
41,110,3316.0,2061.3388888888885,53.15260683760683,13,0,3301.0,3331.0,3331.0,3301.0,2051.5777777777776,2071.1
41,111,3346.0,2061.3388888888885,51.670136054421775,7,0,3331.0,3361.0,3361.0,3331.0,2051.5777777777776,2071.1
41,112,3376.0,2061.3388888888885,54.07888492063491,10,0,3361.0,3391.0,3391.0,3361.0,2051.5777777777776,2071.1
41,113,3406.0,2061.3388888888885,51.219730158730144,10,0,3391.0,3421.0,3421.0,3391.0,2051.5777777777776,2071.1
41,114,3436.0,2061.3388888888885,50.27374149659864,14,0,3421.0,3451.0,3451.0,3421.0,2051.5777777777776,2071.1
41,115,3466.0,2061.3388888888885,53.448240740740744,9,0,3451.0,3481.0,3481.0,3451.0,2051.5777777777776,2071.1
41,116,3496.0,2061.3388888888885,56.437785714285724,5,0,3481.0,3511.0,3511.0,3481.0,2051.5777777777776,2071.1
41,117,3526.0,2061.3388888888885,51.063918650793646,12,0,3511.0,3541.0,3541.0,3511.0,2051.5777777777776,2071.1
41,118,3556.0,2061.3388888888885,56.232388888888885,5,0,3541.0,3571.0,3571.0,3541.0,2051.5777777777776,2071.1
41,119,3586.0,2061.3388888888885,55.698333333333345,6,0,3571.0,3601.0,3601.0,3571.0,2051.5777777777776,2071.1
41,120,3616.0,2061.3388888888885,50.75201058201058,6,0,3601.0,3631.0,3631.0,3601.0,2051.5777777777776,2071.1
41,121,3646.0,2061.3388888888885,53.58321428571428,4,0,3631.0,3661.0,3661.0,3631.0,2051.5777777777776,2071.1
41,122,3676.0,2061.3388888888885,54.68057142857142,5,0,3661.0,3691.0,3691.0,3661.0,2051.5777777777776,2071.1
41,123,3706.0,2061.3388888888885,54.541428571428575,4,0,3691.0,3721.0,3721.0,3691.0,2051.5777777777776,2071.1
41,124,3736.0,2061.3388888888885,58.11555555555557,3,0,3721.0,3751.0,3751.0,3721.0,2051.5777777777776,2071.1
41,125,3766.0,2061.3388888888885,58.32916666666667,4,0,3751.0,3781.0,3781.0,3751.0,2051.5777777777776,2071.1
41,126,3796.0,2061.3388888888885,50.47885416666667,8,0,3781.0,3811.0,3811.0,3781.0,2051.5777777777776,2071.1
41,127,3826.0,2061.3388888888885,52.334052028218686,9,0,3811.0,3841.0,3841.0,3811.0,2051.5777777777776,2071.1
41,128,3856.0,2061.3388888888885,48.065753968253986,7,0,3841.0,3871.0,3871.0,3841.0,2051.5777777777776,2071.1
41,129,3886.0,2061.3388888888885,49.4,1,0,3871.0,3901.0,3901.0,3871.0,2051.5777777777776,2071.1
