space_index,time_index,time_center_s,location_center_m,speed_kmh,sample_count,filled,t_bottom_left_s,t_bottom_right_s,t_top_right_s,t_top_left_s,x_bottom_m,x_top_m
0,0,10.375,26.37999999999984,67.98674603174602,13,0,1.0,31.0,19.75,-10.25,1.37999999999984,51.37999999999984
0,1,40.375,26.37999999999984,67.65071010860487,19,0,31.0,61.0,49.75,19.75,1.37999999999984,51.37999999999984
0,2,70.375,26.37999999999984,63.36949263038548,28,0,61.0,91.0,79.75,49.75,1.37999999999984,51.37999999999984
0,3,100.375,26.37999999999984,69.36319444444445,18,0,91.0,121.0,109.75,79.75,1.37999999999984,51.37999999999984
0,4,130.375,26.37999999999984,63.366948223733935,21,0,121.0,151.0,139.75,109.75,1.37999999999984,51.37999999999984
0,5,160.375,26.37999999999984,64.36445601851854,24,0,151.0,181.0,169.75,139.75,1.37999999999984,51.37999999999984
0,6,190.375,26.37999999999984,65.5626406926407,22,0,181.0,211.0,199.75,169.75,1.37999999999984,51.37999999999984
0,7,220.375,26.37999999999984,68.89222222222222,14,0,211.0,241.0,229.75,199.75,1.37999999999984,51.37999999999984
0,8,250.375,26.37999999999984,72.54735827664399,14,0,241.0,271.0,259.75,229.75,1.37999999999984,51.37999999999984
0,9,280.375,26.37999999999984,67.82533333333335,15,0,271.0,301.0,289.75,259.75,1.37999999999984,51.37999999999984
0,10,310.375,26.37999999999984,69.16043083900226,21,0,301.0,331.0,319.75,289.75,1.37999999999984,51.37999999999984
0,11,340.375,26.37999999999984,70.24871904761905,25,0,331.0,361.0,349.75,319.75,1.37999999999984,51.37999999999984
0,12,370.375,26.37999999999984,68.88042857142858,15,0,361.0,391.0,379.75,349.75,1.37999999999984,51.37999999999984
0,13,400.375,26.37999999999984,69.94724937343359,19,0,391.0,421.0,409.75,379.75,1.37999999999984,51.37999999999984
0,14,430.375,26.37999999999984,66.91113095238096,14,0,421.0,451.0,439.75,409.75,1.37999999999984,51.37999999999984
0,15,460.375,26.37999999999984,65.65714285714286,14,0,451.0,481.0,469.75,439.75,1.37999999999984,51.37999999999984
0,16,490.375,26.37999999999984,65.92774999999999,20,0,481.0,511.0,499.75,469.75,1.37999999999984,51.37999999999984
0,17,520.375,26.37999999999984,68.21939682539681,15,0,511.0,541.0,529.75,499.75,1.37999999999984,51.37999999999984
0,18,550.375,26.37999999999984,66.52992481203006,19,0,541.0,571.0,559.75,529.75,1.37999999999984,51.37999999999984
0,19,580.375,26.37999999999984,69.49333333333334,18,0,571.0,601.0,589.75,559.75,1.37999999999984,51.37999999999984
0,20,610.375,26.37999999999984,66.46764880952381,16,0,601.0,631.0,619.75,589.75,1.37999999999984,51.37999999999984
0,21,640.375,26.37999999999984,64.92699074074073,24,0,631.0,661.0,649.75,619.75,1.37999999999984,51.37999999999984
0,22,670.375,26.37999999999984,61.295796590241025,27,0,661.0,691.0,679.75,649.75,1.37999999999984,51.37999999999984
0,23,700.375,26.37999999999984,63.21275613275614,22,0,691.0,721.0,709.75,679.75,1.37999999999984,51.37999999999984
0,24,730.375,26.37999999999984,67.78363591269841,24,0,721.0,751.0,739.75,709.75,1.37999999999984,51.37999999999984
0,25,760.375,26.37999999999984,66.42561224489795,14,0,751.0,781.0,769.75,739.75,1.37999999999984,51.37999999999984
0,26,790.375,26.37999999999984,67.09692810457516,17,0,781.0,811.0,799.75,769.75,1.37999999999984,51.37999999999984
0,27,820.375,26.37999999999984,63.02673076923077,13,0,811.0,841.0,829.75,799.75,1.37999999999984,51.37999999999984
0,28,850.375,26.37999999999984,56.45679653679653,33,0,841.0,871.0,859.75,829.75,1.37999999999984,51.37999999999984
0,29,880.375,26.37999999999984,67.24590434419382,19,0,871.0,901.0,889.75,859.75,1.37999999999984,51.37999999999984
0,30,910.375,26.37999999999984,70.05393518518518,18,0,901.0,931.0,919.75,889.75,1.37999999999984,51.37999999999984
0,31,940.375,26.37999999999984,70.75453703703705,12,0,931.0,961.0,949.75,919.75,1.37999999999984,51.37999999999984
0,32,970.375,26.37999999999984,64.76472582972583,22,0,961.0,991.0,979.75,949.75,1.37999999999984,51.37999999999984
0,33,1000.375,26.37999999999984,60.150857426303844,28,0,991.0,1021.0,1009.75,979.75,1.37999999999984,51.37999999999984
0,34,1030.375,26.37999999999984,65.49225198412698,12,0,1021.0,1051.0,1039.75,1009.75,1.37999999999984,51.37999999999984
0,35,1060.375,26.37999999999984,68.12808080808078,22,0,1051.0,1081.0,1069.75,1039.75,1.37999999999984,51.37999999999984
0,36,1090.375,26.37999999999984,69.2251680672269,17,0,1081.0,1111.0,1099.75,1069.75,1.37999999999984,51.37999999999984
0,37,1120.375,26.37999999999984,64.8971855921856,26,0,1111.0,1141.0,1129.75,1099.75,1.37999999999984,51.37999999999984
0,38,1150.375,26.37999999999984,59.66014444444445,25,0,1141.0,1171.0,1159.75,1129.75,1.37999999999984,51.37999999999984
0,39,1180.375,26.37999999999984,68.60615384615383,13,0,1171.0,1201.0,1189.75,1159.75,1.37999999999984,51.37999999999984
0,40,1210.375,26.37999999999984,62.37753623188405,23,0,1201.0,1231.0,1219.75,1189.75,1.37999999999984,51.37999999999984
0,41,1240.375,26.37999999999984,68.38232804232804,21,0,1231.0,1261.0,1249.75,1219.75,1.37999999999984,51.37999999999984
0,42,1270.375,26.37999999999984,61.14843915343916,18,0,1261.0,1291.0,1279.75,1249.75,1.37999999999984,51.37999999999984
0,43,1300.375,26.37999999999984,62.33828373015874,20,0,1291.0,1321.0,1309.75,1279.75,1.37999999999984,51.37999999999984
0,44,1330.375,26.37999999999984,68.2,14,0,1321.0,1351.0,1339.75,1309.75,1.37999999999984,51.37999999999984
0,45,1360.375,26.37999999999984,68.46659259259259,15,0,1351.0,1381.0,1369.75,1339.75,1.37999999999984,51.37999999999984
0,46,1390.375,26.37999999999984,60.12061838624337,36,0,1381.0,1411.0,1399.75,1369.75,1.37999999999984,51.37999999999984
0,47,1420.375,26.37999999999984,58.768359073359065,37,0,1411.0,1441.0,1429.75,1399.75,1.37999999999984,51.37999999999984
0,48,1450.375,26.37999999999984,57.786589506172845,36,0,1441.0,1471.0,1459.75,1429.75,1.37999999999984,51.37999999999984
0,49,1480.375,26.37999999999984,61.151751700680265,28,0,1471.0,1501.0,1489.75,1459.75,1.37999999999984,51.37999999999984
0,50,1510.375,26.37999999999984,68.38751190476191,20,0,1501.0,1531.0,1519.75,1489.75,1.37999999999984,51.37999999999984
0,51,1540.375,26.37999999999984,62.32833333333333,15,0,1531.0,1561.0,1549.75,1519.75,1.37999999999984,51.37999999999984
0,52,1570.375,26.37999999999984,61.457247619047614,25,0,1561.0,1591.0,1579.75,1549.75,1.37999999999984,51.37999999999984
0,53,1600.375,26.37999999999984,57.92406926406927,33,0,1591.0,1621.0,1609.75,1579.75,1.37999999999984,51.37999999999984
0,54,1630.375,26.37999999999984,57.532961309523806,16,0,1621.0,1651.0,1639.75,1609.75,1.37999999999984,51.37999999999984
0,55,1660.375,26.37999999999984,65.7912634408602,31,0,1651.0,1681.0,1669.75,1639.75,1.37999999999984,51.37999999999984
0,56,1690.375,26.37999999999984,65.55550264550263,21,0,1681.0,1711.0,1699.75,1669.75,1.37999999999984,51.37999999999984
0,57,1720.375,26.37999999999984,60.870576719576704,30,0,1711.0,1741.0,1729.75,1699.75,1.37999999999984,51.37999999999984
0,58,1750.375,26.37999999999984,58.0258870967742,31,0,1741.0,1771.0,1759.75,1729.75,1.37999999999984,51.37999999999984
0,59,1780.375,26.37999999999984,68.99675595238095,16,0,1771.0,1801.0,1789.75,1759.75,1.37999999999984,51.37999999999984
0,60,1810.375,26.37999999999984,64.41937301587302,20,0,1801.0,1831.0,1819.75,1789.75,1.37999999999984,51.37999999999984
0,61,1840.375,26.37999999999984,60.17235987103174,32,0,1831.0,1861.0,1849.75,1819.75,1.37999999999984,51.37999999999984
0,62,1870.375,26.37999999999984,55.48931697931698,33,0,1861.0,1891.0,1879.75,1849.75,1.37999999999984,51.37999999999984
0,63,1900.375,26.37999999999984,57.660638888888876,30,0,1891.0,1921.0,1909.75,1879.75,1.37999999999984,51.37999999999984
0,64,1930.375,26.37999999999984,63.444557823129244,21,0,1921.0,1951.0,1939.75,1909.75,1.37999999999984,51.37999999999984
0,65,1960.375,26.37999999999984,62.32777777777778,27,0,1951.0,1981.0,1969.75,1939.75,1.37999999999984,51.37999999999984
0,66,1990.375,26.37999999999984,64.53155525030523,26,0,1981.0,2011.0,1999.75,1969.75,1.37999999999984,51.37999999999984
0,67,2020.375,26.37999999999984,64.638489010989,26,0,2011.0,2041.0,2029.75,1999.75,1.37999999999984,51.37999999999984
0,68,2050.375,26.37999999999984,64.96586956521739,23,0,2041.0,2071.0,2059.75,2029.75,1.37999999999984,51.37999999999984
0,69,2080.375,26.37999999999984,61.1081954887218,19,0,2071.0,2101.0,2089.75,2059.75,1.37999999999984,51.37999999999984
0,70,2110.375,26.37999999999984,58.319989495798325,34,0,2101.0,2131.0,2119.75,2089.75,1.37999999999984,51.37999999999984
0,71,2140.375,26.37999999999984,54.69034897292249,34,0,2131.0,2161.0,2149.75,2119.75,1.37999999999984,51.37999999999984
0,72,2170.375,26.37999999999984,49.6197655122655,44,0,2161.0,2191.0,2179.75,2149.75,1.37999999999984,51.37999999999984
0,73,2200.375,26.37999999999984,48.427403926482874,38,0,2191.0,2221.0,2209.75,2179.75,1.37999999999984,51.37999999999984
0,74,2230.375,26.37999999999984,46.758874269005844,38,0,2221.0,2251.0,2239.75,2209.75,1.37999999999984,51.37999999999984
0,75,2260.375,26.37999999999984,40.539540229885056,29,0,2251.0,2281.0,2269.75,2239.75,1.37999999999984,51.37999999999984
0,76,2290.375,26.37999999999984,35.72670309653917,61,0,2281.0,2311.0,2299.75,2269.75,1.37999999999984,51.37999999999984
0,77,2320.375,26.37999999999984,40.19655490767736,49,0,2311.0,2341.0,2329.75,2299.75,1.37999999999984,51.37999999999984
0,78,2350.375,26.37999999999984,46.88752976190475,36,0,2341.0,2371.0,2359.75,2329.75,1.37999999999984,51.37999999999984
0,79,2380.375,26.37999999999984,44.3922601010101,44,0,2371.0,2401.0,2389.75,2359.75,1.37999999999984,51.37999999999984
0,80,2410.375,26.37999999999984,37.908385598141685,41,0,2401.0,2431.0,2419.75,2389.75,1.37999999999984,51.37999999999984
0,81,2440.375,26.37999999999984,20.85990476190476,80,0,2431.0,2461.0,2449.75,2419.75,1.37999999999984,51.37999999999984
0,82,2470.375,26.37999999999984,19.921031746031748,77,0,2461.0,2491.0,2479.75,2449.75,1.37999999999984,51.37999999999984
0,83,2500.375,26.37999999999984,30.085606575963723,63,0,2491.0,2521.0,2509.75,2479.75,1.37999999999984,51.37999999999984
0,84,2530.375,26.37999999999984,17.12833531746031,100,0,2521.0,2551.0,2539.75,2509.75,1.37999999999984,51.37999999999984
0,85,2560.375,26.37999999999984,23.361483134920636,72,0,2551.0,2581.0,2569.75,2539.75,1.37999999999984,51.37999999999984
0,86,2590.375,26.37999999999984,19.915625836680054,83,0,2581.0,2611.0,2599.75,2569.75,1.37999999999984,51.37999999999984
0,87,2620.375,26.37999999999984,14.96275510204082,84,0,2611.0,2641.0,2629.75,2599.75,1.37999999999984,51.37999999999984
0,88,2650.375,26.37999999999984,29.209024725274727,52,0,2641.0,2671.0,2659.75,2629.75,1.37999999999984,51.37999999999984
0,89,2680.375,26.37999999999984,42.25732303732305,37,0,2671.0,2701.0,2689.75,2659.75,1.37999999999984,51.37999999999984
0,90,2710.375,26.37999999999984,45.61580952380952,35,0,2701.0,2731.0,2719.75,2689.75,1.37999999999984,51.37999999999984
0,91,2740.375,26.37999999999984,36.524407407407416,45,0,2731.0,2761.0,2749.75,2719.75,1.37999999999984,51.37999999999984
0,92,2770.375,26.37999999999984,29.50684722222223,60,0,2761.0,2791.0,2779.75,2749.75,1.37999999999984,51.37999999999984
0,93,2800.375,26.37999999999984,18.144277777777774,95,0,2791.0,2821.0,2809.75,2779.75,1.37999999999984,51.37999999999984
0,94,2830.375,26.37999999999984,25.61227197346601,67,0,2821.0,2851.0,2839.75,2809.75,1.37999999999984,51.37999999999984
0,95,2860.375,26.37999999999984,37.29826034580498,56,0,2851.0,2881.0,2869.75,2839.75,1.37999999999984,51.37999999999984
0,96,2890.375,26.37999999999984,44.85437855645404,53,0,2881.0,2911.0,2899.75,2869.75,1.37999999999984,51.37999999999984
0,97,2920.375,26.37999999999984,54.10135416666667,32,0,2911.0,2941.0,2929.75,2899.75,1.37999999999984,51.37999999999984
0,98,2950.375,26.37999999999984,48.95248412698413,35,0,2941.0,2971.0,2959.75,2929.75,1.37999999999984,51.37999999999984
0,99,2980.375,26.37999999999984,22.46902027027027,74,0,2971.0,3001.0,2989.75,2959.75,1.37999999999984,51.37999999999984
0,100,3010.375,26.37999999999984,9.458571428571426,98,0,3001.0,3031.0,3019.75,2989.75,1.37999999999984,51.37999999999984
0,101,3040.375,26.37999999999984,28.501803683737645,53,0,3031.0,3061.0,3049.75,3019.75,1.37999999999984,51.37999999999984
0,102,3070.375,26.37999999999984,32.12491269841269,45,0,3061.0,3091.0,3079.75,3049.75,1.37999999999984,51.37999999999984
0,103,3100.375,26.37999999999984,35.1323142857143,50,0,3091.0,3121.0,3109.75,3079.75,1.37999999999984,51.37999999999984
0,104,3130.375,26.37999999999984,37.12227832512314,58,0,3121.0,3151.0,3139.75,3109.75,1.37999999999984,51.37999999999984
0,105,3160.375,26.37999999999984,37.150294117647064,51,0,3151.0,3181.0,3169.75,3139.75,1.37999999999984,51.37999999999984
0,106,3190.375,26.37999999999984,23.040360360360364,74,0,3181.0,3211.0,3199.75,3169.75,1.37999999999984,51.37999999999984
0,107,3220.375,26.37999999999984,19.0544537815126,68,0,3211.0,3241.0,3229.75,3199.75,1.37999999999984,51.37999999999984
0,108,3250.375,26.37999999999984,34.66914302600473,47,0,3241.0,3271.0,3259.75,3229.75,1.37999999999984,51.37999999999984
0,109,3280.375,26.37999999999984,38.89586309523809,48,0,3271.0,3301.0,3289.75,3259.75,1.37999999999984,51.37999999999984
0,110,3310.375,26.37999999999984,43.848594276094275,33,0,3301.0,3331.0,3319.75,3289.75,1.37999999999984,51.37999999999984
0,111,3340.375,26.37999999999984,48.983622448979595,28,0,3331.0,3361.0,3349.75,3319.75,1.37999999999984,51.37999999999984
0,112,3370.375,26.37999999999984,49.006315192743756,42,0,3361.0,3391.0,3379.75,3349.75,1.37999999999984,51.37999999999984
0,113,3400.375,26.37999999999984,53.189624338624334,30,0,3391.0,3421.0,3409.75,3379.75,1.37999999999984,51.37999999999984
0,114,3430.375,26.37999999999984,55.69337585034014,28,0,3421.0,3451.0,3439.75,3409.75,1.37999999999984,51.37999999999984
0,115,3460.375,26.37999999999984,51.25325396825397,30,0,3451.0,3481.0,3469.75,3439.75,1.37999999999984,51.37999999999984
0,116,3490.375,26.37999999999984,43.672602436323366,43,0,3481.0,3511.0,3499.75,3469.75,1.37999999999984,51.37999999999984
0,117,3520.375,26.37999999999984,27.235383141762448,58,0,3511.0,3541.0,3529.75,3499.75,1.37999999999984,51.37999999999984
0,118,3550.375,26.37999999999984,22.018602941176468,68,0,3541.0,3571.0,3559.75,3529.75,1.37999999999984,51.37999999999984
0,119,3580.375,26.37999999999984,29.971973443223444,52,0,3571.0,3601.0,3589.75,3559.75,1.37999999999984,51.37999999999984
0,120,3610.375,26.37999999999984,37.430793650793646,21,0,3601.0,3631.0,3619.75,3589.75,1.37999999999984,51.37999999999984
0,121,3640.375,26.37999999999984,,0,0,3631.0,3661.0,3649.75,3619.75,1.37999999999984,51.37999999999984
0,122,3670.375,26.37999999999984,,0,0,3661.0,3691.0,3679.75,3649.75,1.37999999999984,51.37999999999984
0,123,3700.375,26.37999999999984,,0,0,3691.0,3721.0,3709.75,3679.75,1.37999999999984,51.37999999999984
0,124,3730.375,26.37999999999984,,0,0,3721.0,3751.0,3739.75,3709.75,1.37999999999984,51.37999999999984
0,125,3760.375,26.37999999999984,,0,0,3751.0,3781.0,3769.75,3739.75,1.37999999999984,51.37999999999984
0,126,3790.375,26.37999999999984,,0,0,3781.0,3811.0,3799.75,3769.75,1.37999999999984,51.37999999999984
0,127,3820.375,26.37999999999984,,0,0,3811.0,3841.0,3829.75,3799.75,1.37999999999984,51.37999999999984
1,0,-0.875,76.37999999999984,62.02374999999999,8,0,-10.25,19.75,8.5,-21.5,51.37999999999984,101.37999999999984
1,1,29.125,76.37999999999984,72.26523809523808,21,0,19.75,49.75,38.5,8.5,51.37999999999984,101.37999999999984
1,2,59.125,76.37999999999984,63.830000000000005,34,0,49.75,79.75,68.5,38.5,51.37999999999984,101.37999999999984
1,3,89.125,76.37999999999984,70.57272727272726,22,0,79.75,109.75,98.5,68.5,51.37999999999984,101.37999999999984
1,4,119.125,76.37999999999984,68.32000000000001,16,0,109.75,139.75,128.5,98.5,51.37999999999984,101.37999999999984
1,5,149.125,76.37999999999984,64.98258064516129,31,0,139.75,169.75,158.5,128.5,51.37999999999984,101.37999999999984
1,6,179.125,76.37999999999984,66.16757575757575,33,0,169.75,199.75,188.5,158.5,51.37999999999984,101.37999999999984
1,7,209.125,76.37999999999984,71.652,15,0,199.75,229.75,218.5,188.5,51.37999999999984,101.37999999999984
1,8,239.125,76.37999999999984,72.40444444444444,18,0,229.75,259.75,248.5,218.5,51.37999999999984,101.37999999999984
1,9,269.125,76.37999999999984,74.49235294117646,17,0,259.75,289.75,278.5,248.5,51.37999999999984,101.37999999999984
1,10,299.125,76.37999999999984,67.17631578947369,19,0,289.75,319.75,308.5,278.5,51.37999999999984,101.37999999999984
1,11,329.125,76.37999999999984,72.53428571428569,28,0,319.75,349.75,338.5,308.5,51.37999999999984,101.37999999999984
1,12,359.125,76.37999999999984,71.922,25,0,349.75,379.75,368.5,338.5,51.37999999999984,101.37999999999984
1,13,389.125,76.37999999999984,69.96333333333332,21,0,379.75,409.75,398.5,368.5,51.37999999999984,101.37999999999984
1,14,419.125,76.37999999999984,73.19533333333332,15,0,409.75,439.75,428.5,398.5,51.37999999999984,101.37999999999984
1,15,449.125,76.37999999999984,65.74058823529413,17,0,439.75,469.75,458.5,428.5,51.37999999999984,101.37999999999984
1,16,479.125,76.37999999999984,68.96388888888889,18,0,469.75,499.75,488.5,458.5,51.37999999999984,101.37999999999984
1,17,509.125,76.37999999999984,64.5203947368421,19,0,499.75,529.75,518.5,488.5,51.37999999999984,101.37999999999984
1,18,539.125,76.37999999999984,67.70666666666666,15,0,529.75,559.75,548.5,518.5,51.37999999999984,101.37999999999984
1,19,569.125,76.37999999999984,70.46695652173914,23,0,559.75,589.75,578.5,548.5,51.37999999999984,101.37999999999984
1,20,599.125,76.37999999999984,69.33346153846153,26,0,589.75,619.75,608.5,578.5,51.37999999999984,101.37999999999984
1,21,629.125,76.37999999999984,66.824,25,0,619.75,649.75,638.5,608.5,51.37999999999984,101.37999999999984
1,22,659.125,76.37999999999984,65.40714285714286,28,0,649.75,679.75,668.5,638.5,51.37999999999984,101.37999999999984
1,23,689.125,76.37999999999984,62.78071428571429,28,0,679.75,709.75,698.5,668.5,51.37999999999984,101.37999999999984
1,24,719.125,76.37999999999984,66.34322580645163,31,0,709.75,739.75,728.5,698.5,51.37999999999984,101.37999999999984
1,25,749.125,76.37999999999984,71.59764705882354,17,0,739.75,769.75,758.5,728.5,51.37999999999984,101.37999999999984
1,26,779.125,76.37999999999984,70.10409090909091,22,0,769.75,799.75,788.5,758.5,51.37999999999984,101.37999999999984
1,27,809.125,76.37999999999984,67.794,15,0,799.75,829.75,818.5,788.5,51.37999999999984,101.37999999999984
1,28,839.125,76.37999999999984,60.3448148148148,27,0,829.75,859.75,848.5,818.5,51.37999999999984,101.37999999999984
1,29,869.125,76.37999999999984,62.75714285714287,28,0,859.75,889.75,878.5,848.5,51.37999999999984,101.37999999999984
1,30,899.125,76.37999999999984,68.44681818181817,22,0,889.75,919.75,908.5,878.5,51.37999999999984,101.37999999999984
1,31,929.125,76.37999999999984,73.83642857142857,14,0,919.75,949.75,938.5,908.5,51.37999999999984,101.37999999999984
1,32,959.125,76.37999999999984,69.0491304347826,23,0,949.75,979.75,968.5,938.5,51.37999999999984,101.37999999999984
1,33,989.125,76.37999999999984,64.79333333333335,30,0,979.75,1009.75,998.5,968.5,51.37999999999984,101.37999999999984
1,34,1019.125,76.37999999999984,60.41105263157895,19,0,1009.75,1039.75,1028.5,998.5,51.37999999999984,101.37999999999984
1,35,1049.125,76.37999999999984,66.54857142857142,21,0,1039.75,1069.75,1058.5,1028.5,51.37999999999984,101.37999999999984
1,36,1079.125,76.37999999999984,72.66777777777779,18,0,1069.75,1099.75,1088.5,1058.5,51.37999999999984,101.37999999999984
1,37,1109.125,76.37999999999984,67.792,20,0,1099.75,1129.75,1118.5,1088.5,51.37999999999984,101.37999999999984
1,38,1139.125,76.37999999999984,65.39142857142856,21,0,1129.75,1159.75,1148.5,1118.5,51.37999999999984,101.37999999999984
1,39,1169.125,76.37999999999984,63.73888888888889,27,0,1159.75,1189.75,1178.5,1148.5,51.37999999999984,101.37999999999984
1,40,1199.125,76.37999999999984,65.2664705882353,17,0,1189.75,1219.75,1208.5,1178.5,51.37999999999984,101.37999999999984
1,41,1229.125,76.37999999999984,66.7295652173913,23,0,1219.75,1249.75,1238.5,1208.5,51.37999999999984,101.37999999999984
1,42,1259.125,76.37999999999984,67.07842105263158,19,0,1249.75,1279.75,1268.5,1238.5,51.37999999999984,101.37999999999984
1,43,1289.125,76.37999999999984,63.71937499999999,16,0,1279.75,1309.75,1298.5,1268.5,51.37999999999984,101.37999999999984
1,44,1319.125,76.37999999999984,67.15374999999999,24,0,1309.75,1339.75,1328.5,1298.5,51.37999999999984,101.37999999999984
1,45,1349.125,76.37999999999984,72.36666666666666,15,0,1339.75,1369.75,1358.5,1328.5,51.37999999999984,101.37999999999984
1,46,1379.125,76.37999999999984,60.5622619047619,28,0,1369.75,1399.75,1388.5,1358.5,51.37999999999984,101.37999999999984
1,47,1409.125,76.37999999999984,61.70976190476191,42,0,1399.75,1429.75,1418.5,1388.5,51.37999999999984,101.37999999999984
1,48,1439.125,76.37999999999984,61.989354838709666,31,0,1429.75,1459.75,1448.5,1418.5,51.37999999999984,101.37999999999984
1,49,1469.125,76.37999999999984,60.36916666666664,48,0,1459.75,1489.75,1478.5,1448.5,51.37999999999984,101.37999999999984
1,50,1499.125,76.37999999999984,67.93041666666666,24,0,1489.75,1519.75,1508.5,1478.5,51.37999999999984,101.37999999999984
1,51,1529.125,76.37999999999984,67.84,19,0,1519.75,1549.75,1538.5,1508.5,51.37999999999984,101.37999999999984
1,52,1559.125,76.37999999999984,65.12444444444445,18,0,1549.75,1579.75,1568.5,1538.5,51.37999999999984,101.37999999999984
1,53,1589.125,76.37999999999984,60.02230769230769,39,0,1579.75,1609.75,1598.5,1568.5,51.37999999999984,101.37999999999984
1,54,1619.125,76.37999999999984,66.65363636363637,11,0,1609.75,1639.75,1628.5,1598.5,51.37999999999984,101.37999999999984
1,55,1649.125,76.37999999999984,63.25215053763442,31,0,1639.75,1669.75,1658.5,1628.5,51.37999999999984,101.37999999999984
1,56,1679.125,76.37999999999984,68.8836,25,0,1669.75,1699.75,1688.5,1658.5,51.37999999999984,101.37999999999984
1,57,1709.125,76.37999999999984,64.41142857142854,28,0,1699.75,1729.75,1718.5,1688.5,51.37999999999984,101.37999999999984
1,58,1739.125,76.37999999999984,58.95083333333333,48,0,1729.75,1759.75,1748.5,1718.5,51.37999999999984,101.37999999999984
1,59,1769.125,76.37999999999984,67.61173913043477,23,0,1759.75,1789.75,1778.5,1748.5,51.37999999999984,101.37999999999984
1,60,1799.125,76.37999999999984,67.86,13,0,1789.75,1819.75,1808.5,1778.5,51.37999999999984,101.37999999999984
1,61,1829.125,76.37999999999984,63.668387096774204,31,0,1819.75,1849.75,1838.5,1808.5,51.37999999999984,101.37999999999984
1,62,1859.125,76.37999999999984,59.00384615384613,39,0,1849.75,1879.75,1868.5,1838.5,51.37999999999984,101.37999999999984
1,63,1889.125,76.37999999999984,57.9825641025641,39,0,1879.75,1909.75,1898.5,1868.5,51.37999999999984,101.37999999999984
1,64,1919.125,76.37999999999984,65.66652173913045,23,0,1909.75,1939.75,1928.5,1898.5,51.37999999999984,101.37999999999984
1,65,1949.125,76.37999999999984,63.444897959183685,35,0,1939.75,1969.75,1958.5,1928.5,51.37999999999984,101.37999999999984
1,66,1979.125,76.37999999999984,66.11115384615385,26,0,1969.75,1999.75,1988.5,1958.5,51.37999999999984,101.37999999999984
1,67,2009.125,76.37999999999984,68.53222222222222,27,0,1999.75,2029.75,2018.5,1988.5,51.37999999999984,101.37999999999984
1,68,2039.125,76.37999999999984,66.00147058823529,34,0,2029.75,2059.75,2048.5,2018.5,51.37999999999984,101.37999999999984
1,69,2069.125,76.37999999999984,69.08562500000001,16,0,2059.75,2089.75,2078.5,2048.5,51.37999999999984,101.37999999999984
1,70,2099.125,76.37999999999984,60.186036036036036,37,0,2089.75,2119.75,2108.5,2078.5,51.37999999999984,101.37999999999984
1,71,2129.125,76.37999999999984,58.817499999999995,36,0,2119.75,2149.75,2138.5,2108.5,51.37999999999984,101.37999999999984
1,72,2159.125,76.37999999999984,56.53702702702701,37,0,2149.75,2179.75,2168.5,2138.5,51.37999999999984,101.37999999999984
1,73,2189.125,76.37999999999984,50.75222222222222,46,0,2179.75,2209.75,2198.5,2168.5,51.37999999999984,101.37999999999984
1,74,2219.125,76.37999999999984,51.528857142857134,35,0,2209.75,2239.75,2228.5,2198.5,51.37999999999984,101.37999999999984
1,75,2249.125,76.37999999999984,41.50104166666666,48,0,2239.75,2269.75,2258.5,2228.5,51.37999999999984,101.37999999999984
1,76,2279.125,76.37999999999984,40.39108695652174,46,0,2269.75,2299.75,2288.5,2258.5,51.37999999999984,101.37999999999984
1,77,2309.125,76.37999999999984,39.32083333333333,60,0,2299.75,2329.75,2318.5,2288.5,51.37999999999984,101.37999999999984
1,78,2339.125,76.37999999999984,48.0514705882353,34,0,2329.75,2359.75,2348.5,2318.5,51.37999999999984,101.37999999999984
1,79,2369.125,76.37999999999984,42.28265625000001,64,0,2359.75,2389.75,2378.5,2348.5,51.37999999999984,101.37999999999984
1,80,2399.125,76.37999999999984,33.10949999999999,60,0,2389.75,2419.75,2408.5,2378.5,51.37999999999984,101.37999999999984
1,81,2429.125,76.37999999999984,19.283484848484854,66,0,2419.75,2449.75,2438.5,2408.5,51.37999999999984,101.37999999999984
1,82,2459.125,76.37999999999984,20.776486486486483,74,0,2449.75,2479.75,2468.5,2438.5,51.37999999999984,101.37999999999984
1,83,2489.125,76.37999999999984,29.222622950819677,61,0,2479.75,2509.75,2498.5,2468.5,51.37999999999984,101.37999999999984
1,84,2519.125,76.37999999999984,23.09790697674419,86,0,2509.75,2539.75,2528.5,2498.5,51.37999999999984,101.37999999999984
1,85,2549.125,76.37999999999984,26.41352112676057,71,0,2539.75,2569.75,2558.5,2528.5,51.37999999999984,101.37999999999984
1,86,2579.125,76.37999999999984,21.124025974025972,77,0,2569.75,2599.75,2588.5,2558.5,51.37999999999984,101.37999999999984
1,87,2609.125,76.37999999999984,17.05469135802469,81,0,2599.75,2629.75,2618.5,2588.5,51.37999999999984,101.37999999999984
1,88,2639.125,76.37999999999984,29.14235294117647,51,0,2629.75,2659.75,2648.5,2618.5,51.37999999999984,101.37999999999984
1,89,2669.125,76.37999999999984,38.045416666666675,48,0,2659.75,2689.75,2678.5,2648.5,51.37999999999984,101.37999999999984
1,90,2699.125,76.37999999999984,46.910810810810815,37,0,2689.75,2719.75,2708.5,2678.5,51.37999999999984,101.37999999999984
1,91,2729.125,76.37999999999984,39.53282608695652,46,0,2719.75,2749.75,2738.5,2708.5,51.37999999999984,101.37999999999984
1,92,2759.125,76.37999999999984,36.10444444444444,45,0,2749.75,2779.75,2768.5,2738.5,51.37999999999984,101.37999999999984
1,93,2789.125,76.37999999999984,31.004218749999996,64,0,2779.75,2809.75,2798.5,2768.5,51.37999999999984,101.37999999999984
1,94,2819.125,76.37999999999984,32.39192307692308,52,0,2809.75,2839.75,2828.5,2798.5,51.37999999999984,101.37999999999984
1,95,2849.125,76.37999999999984,35.088616071428575,64,0,2839.75,2869.75,2858.5,2828.5,51.37999999999984,101.37999999999984
1,96,2879.125,76.37999999999984,40.995999999999995,60,0,2869.75,2899.75,2888.5,2858.5,51.37999999999984,101.37999999999984
1,97,2909.125,76.37999999999984,52.27585365853656,41,0,2899.75,2929.75,2918.5,2888.5,51.37999999999984,101.37999999999984
1,98,2939.125,76.37999999999984,53.3648780487805,41,0,2929.75,2959.75,2948.5,2918.5,51.37999999999984,101.37999999999984
1,99,2969.125,76.37999999999984,29.881320754716995,53,0,2959.75,2989.75,2978.5,2948.5,51.37999999999984,101.37999999999984
1,100,2999.125,76.37999999999984,12.12785714285714,98,0,2989.75,3019.75,3008.5,2978.5,51.37999999999984,101.37999999999984
1,101,3029.125,76.37999999999984,26.63929824561403,57,0,3019.75,3049.75,3038.5,3008.5,51.37999999999984,101.37999999999984
1,102,3059.125,76.37999999999984,36.85625,48,0,3049.75,3079.75,3068.5,3038.5,51.37999999999984,101.37999999999984
1,103,3089.125,76.37999999999984,32.76755102040816,49,0,3079.75,3109.75,3098.5,3068.5,51.37999999999984,101.37999999999984
1,104,3119.125,76.37999999999984,32.896825396825406,63,0,3109.75,3139.75,3128.5,3098.5,51.37999999999984,101.37999999999984
1,105,3149.125,76.37999999999984,34.98338983050848,59,0,3139.75,3169.75,3158.5,3128.5,51.37999999999984,101.37999999999984
1,106,3179.125,76.37999999999984,27.583974358974356,78,0,3169.75,3199.75,3188.5,3158.5,51.37999999999984,101.37999999999984
1,107,3209.125,76.37999999999984,21.278529411764705,68,0,3199.75,3229.75,3218.5,3188.5,51.37999999999984,101.37999999999984
1,108,3239.125,76.37999999999984,35.67977272727273,44,0,3229.75,3259.75,3248.5,3218.5,51.37999999999984,101.37999999999984
1,109,3269.125,76.37999999999984,42.38333333333333,48,0,3259.75,3289.75,3278.5,3248.5,51.37999999999984,101.37999999999984
1,110,3299.125,76.37999999999984,45.43888888888889,45,0,3289.75,3319.75,3308.5,3278.5,51.37999999999984,101.37999999999984
1,111,3329.125,76.37999999999984,51.786296296296285,27,0,3319.75,3349.75,3338.5,3308.5,51.37999999999984,101.37999999999984
1,112,3359.125,76.37999999999984,51.085277777777776,36,0,3349.75,3379.75,3368.5,3338.5,51.37999999999984,101.37999999999984
1,113,3389.125,76.37999999999984,53.14363636363637,33,0,3379.75,3409.75,3398.5,3368.5,51.37999999999984,101.37999999999984
1,114,3419.125,76.37999999999984,58.33166666666668,30,0,3409.75,3439.75,3428.5,3398.5,51.37999999999984,101.37999999999984
1,115,3449.125,76.37999999999984,55.651891891891886,37,0,3439.75,3469.75,3458.5,3428.5,51.37999999999984,101.37999999999984
1,116,3479.125,76.37999999999984,44.26763157894737,38,0,3469.75,3499.75,3488.5,3458.5,51.37999999999984,101.37999999999984
1,117,3509.125,76.37999999999984,27.84806451612902,62,0,3499.75,3529.75,3518.5,3488.5,51.37999999999984,101.37999999999984
1,118,3539.125,76.37999999999984,19.523999999999994,80,0,3529.75,3559.75,3548.5,3518.5,51.37999999999984,101.37999999999984
1,119,3569.125,76.37999999999984,29.197166666666657,60,0,3559.75,3589.75,3578.5,3548.5,51.37999999999984,101.37999999999984
1,120,3599.125,76.37999999999984,37.88,42,0,3589.75,3619.75,3608.5,3578.5,51.37999999999984,101.37999999999984
1,121,3629.125,76.37999999999984,,0,0,3619.75,3649.75,3638.5,3608.5,51.37999999999984,101.37999999999984
1,122,3659.125,76.37999999999984,,0,0,3649.75,3679.75,3668.5,3638.5,51.37999999999984,101.37999999999984
1,123,3689.125,76.37999999999984,,0,0,3679.75,3709.75,3698.5,3668.5,51.37999999999984,101.37999999999984
1,124,3719.125,76.37999999999984,,0,0,3709.75,3739.75,3728.5,3698.5,51.37999999999984,101.37999999999984
1,125,3749.125,76.37999999999984,,0,0,3739.75,3769.75,3758.5,3728.5,51.37999999999984,101.37999999999984
1,126,3779.125,76.37999999999984,,0,0,3769.75,3799.75,3788.5,3758.5,51.37999999999984,101.37999999999984
1,127,3809.125,76.37999999999984,,0,0,3799.75,3829.75,3818.5,3788.5,51.37999999999984,101.37999999999984
1,128,3839.125,76.37999999999984,,0,0,3829.75,3859.75,3848.5,3818.5,51.37999999999984,101.37999999999984
2,0,-12.125,126.37999999999985,63.045,2,0,-21.5,8.5,-2.75,-32.75,101.37999999999984,151.37999999999985
2,1,17.875,126.37999999999985,67.97999999999999,16,0,8.5,38.5,27.25,-2.75,101.37999999999984,151.37999999999985
2,2,47.875,126.37999999999985,70.22,24,0,38.5,68.5,57.25,27.25,101.37999999999984,151.37999999999985
2,3,77.875,126.37999999999985,66.33749999999999,32,0,68.5,98.5,87.25,57.25,101.37999999999984,151.37999999999985
2,4,107.875,126.37999999999985,71.23608695652175,23,0,98.5,128.5,117.25,87.25,101.37999999999984,151.37999999999985
2,5,137.875,126.37999999999985,65.28066666666665,30,0,128.5,158.5,147.25,117.25,101.37999999999984,151.37999999999985
2,6,167.875,126.37999999999985,67.25718750000001,32,0,158.5,188.5,177.25,147.25,101.37999999999984,151.37999999999985
2,7,197.875,126.37999999999985,69.56052631578947,19,0,188.5,218.5,207.25,177.25,101.37999999999984,151.37999999999985
2,8,227.875,126.37999999999985,70.85875,16,0,218.5,248.5,237.25,207.25,101.37999999999984,151.37999999999985
2,9,257.875,126.37999999999985,74.674,15,0,248.5,278.5,267.25,237.25,101.37999999999984,151.37999999999985
2,10,287.875,126.37999999999985,69.53166666666668,24,0,278.5,308.5,297.25,267.25,101.37999999999984,151.37999999999985
2,11,317.875,126.37999999999985,72.13708333333334,24,0,308.5,338.5,327.25,297.25,101.37999999999984,151.37999999999985
2,12,347.875,126.37999999999985,70.9764,25,0,338.5,368.5,357.25,327.25,101.37999999999984,151.37999999999985
2,13,377.875,126.37999999999985,70.89619047619047,21,0,368.5,398.5,387.25,357.25,101.37999999999984,151.37999999999985
2,14,407.875,126.37999999999985,72.04350000000001,20,0,398.5,428.5,417.25,387.25,101.37999999999984,151.37999999999985
2,15,437.875,126.37999999999985,66.91823529411762,17,0,428.5,458.5,447.25,417.25,101.37999999999984,151.37999999999985
2,16,467.875,126.37999999999985,70.47210526315791,19,0,458.5,488.5,477.25,447.25,101.37999999999984,151.37999999999985
2,17,497.875,126.37999999999985,67.45647058823529,17,0,488.5,518.5,507.25,477.25,101.37999999999984,151.37999999999985
2,18,527.875,126.37999999999985,65.16263157894737,19,0,518.5,548.5,537.25,507.25,101.37999999999984,151.37999999999985
2,19,557.875,126.37999999999985,66.92999999999999,23,0,548.5,578.5,567.25,537.25,101.37999999999984,151.37999999999985
2,20,587.875,126.37999999999985,70.61173913043478,23,0,578.5,608.5,597.25,567.25,101.37999999999984,151.37999999999985
2,21,617.875,126.37999999999985,67.89761904761906,21,0,608.5,638.5,627.25,597.25,101.37999999999984,151.37999999999985
2,22,647.875,126.37999999999985,67.09033333333333,30,0,638.5,668.5,657.25,627.25,101.37999999999984,151.37999999999985
2,23,677.875,126.37999999999985,62.9596875,32,0,668.5,698.5,687.25,657.25,101.37999999999984,151.37999999999985
2,24,707.875,126.37999999999985,67.01615384615386,26,0,698.5,728.5,717.25,687.25,101.37999999999984,151.37999999999985
2,25,737.875,126.37999999999985,68.11166666666665,30,0,728.5,758.5,747.25,717.25,101.37999999999984,151.37999999999985
2,26,767.875,126.37999999999985,68.89470588235294,17,0,758.5,788.5,777.25,747.25,101.37999999999984,151.37999999999985
2,27,797.875,126.37999999999985,69.48285714285714,21,0,788.5,818.5,807.25,777.25,101.37999999999984,151.37999999999985
2,28,827.875,126.37999999999985,65.43529411764706,17,0,818.5,848.5,837.25,807.25,101.37999999999984,151.37999999999985
2,29,857.875,126.37999999999985,60.89774193548388,31,0,848.5,878.5,867.25,837.25,101.37999999999984,151.37999999999985
2,30,887.875,126.37999999999985,68.94333333333331,24,0,878.5,908.5,897.25,867.25,101.37999999999984,151.37999999999985
2,31,917.875,126.37999999999985,71.857,20,0,908.5,938.5,927.25,897.25,101.37999999999984,151.37999999999985
2,32,947.875,126.37999999999985,71.45764705882353,17,0,938.5,968.5,957.25,927.25,101.37999999999984,151.37999999999985
2,33,977.875,126.37999999999985,68.25238095238095,21,0,968.5,998.5,987.25,957.25,101.37999999999984,151.37999999999985
2,34,1007.875,126.37999999999985,60.92896551724138,29,0,998.5,1028.5,1017.25,987.25,101.37999999999984,151.37999999999985
2,35,1037.875,126.37999999999985,67.64624999999998,16,0,1028.5,1058.5,1047.25,1017.25,101.37999999999984,151.37999999999985
2,36,1067.875,126.37999999999985,69.8481818181818,22,0,1058.5,1088.5,1077.25,1047.25,101.37999999999984,151.37999999999985
2,37,1097.875,126.37999999999985,71.06133333333332,15,0,1088.5,1118.5,1107.25,1077.25,101.37999999999984,151.37999999999985
2,38,1127.875,126.37999999999985,67.28966666666665,30,0,1118.5,1148.5,1137.25,1107.25,101.37999999999984,151.37999999999985
2,39,1157.875,126.37999999999985,64.26730769230768,26,0,1148.5,1178.5,1167.25,1137.25,101.37999999999984,151.37999999999985
2,40,1187.875,126.37999999999985,70.07133333333333,15,0,1178.5,1208.5,1197.25,1167.25,101.37999999999984,151.37999999999985
2,41,1217.875,126.37999999999985,65.03956521739131,23,0,1208.5,1238.5,1227.25,1197.25,101.37999999999984,151.37999999999985
2,42,1247.875,126.37999999999985,71.917,20,0,1238.5,1268.5,1257.25,1227.25,101.37999999999984,151.37999999999985
2,43,1277.875,126.37999999999985,65.27307142857144,20,0,1268.5,1298.5,1287.25,1257.25,101.37999999999984,151.37999999999985
2,44,1307.875,126.37999999999985,64.05499999999998,20,0,1298.5,1328.5,1317.25,1287.25,101.37999999999984,151.37999999999985
2,45,1337.875,126.37999999999985,73.56588235294119,17,0,1328.5,1358.5,1347.25,1317.25,101.37999999999984,151.37999999999985
2,46,1367.875,126.37999999999985,66.455,18,0,1358.5,1388.5,1377.25,1347.25,101.37999999999984,151.37999999999985
2,47,1397.875,126.37999999999985,61.44923076923078,39,0,1388.5,1418.5,1407.25,1377.25,101.37999999999984,151.37999999999985
2,48,1427.875,126.37999999999985,60.507000000000005,40,0,1418.5,1448.5,1437.25,1407.25,101.37999999999984,151.37999999999985
2,49,1457.875,126.37999999999985,61.687948717948714,39,0,1448.5,1478.5,1467.25,1437.25,101.37999999999984,151.37999999999985
2,50,1487.875,126.37999999999985,63.02166666666667,30,0,1478.5,1508.5,1497.25,1467.25,101.37999999999984,151.37999999999985
2,51,1517.875,126.37999999999985,71.5585,20,0,1508.5,1538.5,1527.25,1497.25,101.37999999999984,151.37999999999985
2,52,1547.875,126.37999999999985,68.71416666666669,12,0,1538.5,1568.5,1557.25,1527.25,101.37999999999984,151.37999999999985
2,53,1577.875,126.37999999999985,62.071333333333335,30,0,1568.5,1598.5,1587.25,1557.25,101.37999999999984,151.37999999999985
2,54,1607.875,126.37999999999985,59.713461538461544,26,0,1598.5,1628.5,1617.25,1587.25,101.37999999999984,151.37999999999985
2,55,1637.875,126.37999999999985,66.66952380952382,21,0,1628.5,1658.5,1647.25,1617.25,101.37999999999984,151.37999999999985
2,56,1667.875,126.37999999999985,68.77,32,0,1658.5,1688.5,1677.25,1647.25,101.37999999999984,151.37999999999985
2,57,1697.875,126.37999999999985,66.90899999999998,20,0,1688.5,1718.5,1707.25,1677.25,101.37999999999984,151.37999999999985
2,58,1727.875,126.37999999999985,63.27027777777778,36,0,1718.5,1748.5,1737.25,1707.25,101.37999999999984,151.37999999999985
2,59,1757.875,126.37999999999985,60.26809523809524,42,0,1748.5,1778.5,1767.25,1737.25,101.37999999999984,151.37999999999985
2,60,1787.875,126.37999999999985,71.38066666666667,15,0,1778.5,1808.5,1797.25,1767.25,101.37999999999984,151.37999999999985
2,61,1817.875,126.37999999999985,65.61608695652173,23,0,1808.5,1838.5,1827.25,1797.25,101.37999999999984,151.37999999999985
2,62,1847.875,126.37999999999985,63.123714285714286,35,0,1838.5,1868.5,1857.25,1827.25,101.37999999999984,151.37999999999985
2,63,1877.875,126.37999999999985,59.59264705882352,34,0,1868.5,1898.5,1887.25,1857.25,101.37999999999984,151.37999999999985
2,64,1907.875,126.37999999999985,59.985135135135145,37,0,1898.5,1928.5,1917.25,1887.25,101.37999999999984,151.37999999999985
2,65,1937.875,126.37999999999985,65.7284,25,0,1928.5,1958.5,1947.25,1917.25,101.37999999999984,151.37999999999985
2,66,1967.875,126.37999999999985,66.114375,32,0,1958.5,1988.5,1977.25,1947.25,101.37999999999984,151.37999999999985
2,67,1997.875,126.37999999999985,68.9651724137931,29,0,1988.5,2018.5,2007.25,1977.25,101.37999999999984,151.37999999999985
2,68,2027.875,126.37999999999985,67.39030303030303,33,0,2018.5,2048.5,2037.25,2007.25,101.37999999999984,151.37999999999985
2,69,2057.875,126.37999999999985,67.13846153846154,26,0,2048.5,2078.5,2067.25,2037.25,101.37999999999984,151.37999999999985
2,70,2087.875,126.37999999999985,63.05166666666667,21,0,2078.5,2108.5,2097.25,2067.25,101.37999999999984,151.37999999999985
2,71,2117.875,126.37999999999985,62.72351351351351,37,0,2108.5,2138.5,2127.25,2097.25,101.37999999999984,151.37999999999985
2,72,2147.875,126.37999999999985,57.891764705882345,34,0,2138.5,2168.5,2157.25,2127.25,101.37999999999984,151.37999999999985
2,73,2177.875,126.37999999999985,53.84,47,0,2168.5,2198.5,2187.25,2157.25,101.37999999999984,151.37999999999985
2,74,2207.875,126.37999999999985,52.863846153846154,39,0,2198.5,2228.5,2217.25,2187.25,101.37999999999984,151.37999999999985
2,75,2237.875,126.37999999999985,41.49577777777778,45,0,2228.5,2258.5,2247.25,2217.25,101.37999999999984,151.37999999999985
2,76,2267.875,126.37999999999985,39.85257142857142,35,0,2258.5,2288.5,2277.25,2247.25,101.37999999999984,151.37999999999985
2,77,2297.875,126.37999999999985,41.55983050847456,59,0,2288.5,2318.5,2307.25,2277.25,101.37999999999984,151.37999999999985
2,78,2327.875,126.37999999999985,42.050666666666665,50,0,2318.5,2348.5,2337.25,2307.25,101.37999999999984,151.37999999999985
2,79,2357.875,126.37999999999985,43.413409090909084,44,0,2348.5,2378.5,2367.25,2337.25,101.37999999999984,151.37999999999985
2,80,2387.875,126.37999999999985,33.04159420289856,69,0,2378.5,2408.5,2397.25,2367.25,101.37999999999984,151.37999999999985
2,81,2417.875,126.37999999999985,18.927586206896553,87,0,2408.5,2438.5,2427.25,2397.25,101.37999999999984,151.37999999999985
2,82,2447.875,126.37999999999985,24.485172413793105,58,0,2438.5,2468.5,2457.25,2427.25,101.37999999999984,151.37999999999985
2,83,2477.875,126.37999999999985,30.171060606060607,66,0,2468.5,2498.5,2487.25,2457.25,101.37999999999984,151.37999999999985
2,84,2507.875,126.37999999999985,27.695737704918038,61,0,2498.5,2528.5,2517.25,2487.25,101.37999999999984,151.37999999999985
2,85,2537.875,126.37999999999985,22.803444444444438,90,0,2528.5,2558.5,2547.25,2517.25,101.37999999999984,151.37999999999985
2,86,2567.875,126.37999999999985,21.772823529411763,85,0,2558.5,2588.5,2577.25,2547.25,101.37999999999984,151.37999999999985
2,87,2597.875,126.37999999999985,17.052209737827717,89,0,2588.5,2618.5,2607.25,2577.25,101.37999999999984,151.37999999999985
2,88,2627.875,126.37999999999985,30.22224137931035,58,0,2618.5,2648.5,2637.25,2607.25,101.37999999999984,151.37999999999985
2,89,2657.875,126.37999999999985,37.19868421052632,38,0,2648.5,2678.5,2667.25,2637.25,101.37999999999984,151.37999999999985
2,90,2687.875,126.37999999999985,43.61086956521738,46,0,2678.5,2708.5,2697.25,2667.25,101.37999999999984,151.37999999999985
2,91,2717.875,126.37999999999985,35.01381818181819,55,0,2708.5,2738.5,2727.25,2697.25,101.37999999999984,151.37999999999985
2,92,2747.875,126.37999999999985,36.15490566037736,53,0,2738.5,2768.5,2757.25,2727.25,101.37999999999984,151.37999999999985
2,93,2777.875,126.37999999999985,33.203999999999986,55,0,2768.5,2798.5,2787.25,2757.25,101.37999999999984,151.37999999999985
2,94,2807.875,126.37999999999985,33.939830508474564,59,0,2798.5,2828.5,2817.25,2787.25,101.37999999999984,151.37999999999985
2,95,2837.875,126.37999999999985,35.592981481481495,60,0,2828.5,2858.5,2847.25,2817.25,101.37999999999984,151.37999999999985
2,96,2867.875,126.37999999999985,37.70650793650794,63,0,2858.5,2888.5,2877.25,2847.25,101.37999999999984,151.37999999999985
2,97,2897.875,126.37999999999985,44.17716417910449,67,0,2888.5,2918.5,2907.25,2877.25,101.37999999999984,151.37999999999985
2,98,2927.875,126.37999999999985,52.11439024390245,41,0,2918.5,2948.5,2937.25,2907.25,101.37999999999984,151.37999999999985
2,99,2957.875,126.37999999999985,36.67892857142857,56,0,2948.5,2978.5,2967.25,2937.25,101.37999999999984,151.37999999999985
2,100,2987.875,126.37999999999985,11.20773584905661,106,0,2978.5,3008.5,2997.25,2967.25,101.37999999999984,151.37999999999985
2,101,3017.875,126.37999999999985,22.50071428571429,70,0,3008.5,3038.5,3027.25,2997.25,101.37999999999984,151.37999999999985
2,102,3047.875,126.37999999999985,32.792500000000004,56,0,3038.5,3068.5,3057.25,3027.25,101.37999999999984,151.37999999999985
2,103,3077.875,126.37999999999985,34.00909090909091,44,0,3068.5,3098.5,3087.25,3057.25,101.37999999999984,151.37999999999985
2,104,3107.875,126.37999999999985,28.009130434782605,69,0,3098.5,3128.5,3117.25,3087.25,101.37999999999984,151.37999999999985
2,105,3137.875,126.37999999999985,33.09625,64,0,3128.5,3158.5,3147.25,3117.25,101.37999999999984,151.37999999999985
2,106,3167.875,126.37999999999985,25.452317073170732,82,0,3158.5,3188.5,3177.25,3147.25,101.37999999999984,151.37999999999985
2,107,3197.875,126.37999999999985,23.860277777777767,72,0,3188.5,3218.5,3207.25,3177.25,101.37999999999984,151.37999999999985
2,108,3227.875,126.37999999999985,35.49638297872341,47,0,3218.5,3248.5,3237.25,3207.25,101.37999999999984,151.37999999999985
2,109,3257.875,126.37999999999985,44.71536585365853,41,0,3248.5,3278.5,3267.25,3237.25,101.37999999999984,151.37999999999985
2,110,3287.875,126.37999999999985,44.37177777777779,45,0,3278.5,3308.5,3297.25,3267.25,101.37999999999984,151.37999999999985
2,111,3317.875,126.37999999999985,49.83942857142858,35,0,3308.5,3338.5,3327.25,3297.25,101.37999999999984,151.37999999999985
2,112,3347.875,126.37999999999985,54.79806451612905,31,0,3338.5,3368.5,3357.25,3327.25,101.37999999999984,151.37999999999985
2,113,3377.875,126.37999999999985,50.93916666666666,48,0,3368.5,3398.5,3387.25,3357.25,101.37999999999984,151.37999999999985
2,114,3407.875,126.37999999999985,56.395882352941186,34,0,3398.5,3428.5,3417.25,3387.25,101.37999999999984,151.37999999999985
2,115,3437.875,126.37999999999985,56.302,35,0,3428.5,3458.5,3447.25,3417.25,101.37999999999984,151.37999999999985
2,116,3467.875,126.37999999999985,47.185249999999996,40,0,3458.5,3488.5,3477.25,3447.25,101.37999999999984,151.37999999999985
2,117,3497.875,126.37999999999985,24.756986301369853,73,0,3488.5,3518.5,3507.25,3477.25,101.37999999999984,151.37999999999985
2,118,3527.875,126.37999999999985,22.398714285714284,70,0,3518.5,3548.5,3537.25,3507.25,101.37999999999984,151.37999999999985
2,119,3557.875,126.37999999999985,30.487213114754102,61,0,3548.5,3578.5,3567.25,3537.25,101.37999999999984,151.37999999999985
2,120,3587.875,126.37999999999985,38.86723404255321,47,0,3578.5,3608.5,3597.25,3567.25,101.37999999999984,151.37999999999985
2,121,3617.875,126.37999999999985,41.04799999999999,20,0,3608.5,3638.5,3627.25,3597.25,101.37999999999984,151.37999999999985
2,122,3647.875,126.37999999999985,,0,0,3638.5,3668.5,3657.25,3627.25,101.37999999999984,151.37999999999985
2,123,3677.875,126.37999999999985,,0,0,3668.5,3698.5,3687.25,3657.25,101.37999999999984,151.37999999999985
2,124,3707.875,126.37999999999985,,0,0,3698.5,3728.5,3717.25,3687.25,101.37999999999984,151.37999999999985
2,125,3737.875,126.37999999999985,,0,0,3728.5,3758.5,3747.25,3717.25,101.37999999999984,151.37999999999985
2,126,3767.875,126.37999999999985,,0,0,3758.5,3788.5,3777.25,3747.25,101.37999999999984,151.37999999999985
2,127,3797.875,126.37999999999985,,0,0,3788.5,3818.5,3807.25,3777.25,101.37999999999984,151.37999999999985
2,128,3827.875,126.37999999999985,,0,0,3818.5,3848.5,3837.25,3807.25,101.37999999999984,151.37999999999985
3,1,6.625,176.37999999999985,62.860000000000014,10,0,-2.75,27.25,16.0,-14.0,151.37999999999985,201.37999999999985
3,2,36.625,176.37999999999985,72.54999999999998,22,0,27.25,57.25,46.0,16.0,151.37999999999985,201.37999999999985
3,3,66.625,176.37999999999985,64.70133333333334,30,0,57.25,87.25,76.0,46.0,151.37999999999985,201.37999999999985
3,4,96.625,176.37999999999985,71.79809523809524,21,0,87.25,117.25,106.0,76.0,151.37999999999985,201.37999999999985
3,5,126.625,176.37999999999985,68.60176470588236,17,0,117.25,147.25,136.0,106.0,151.37999999999985,201.37999999999985
3,6,156.625,176.37999999999985,65.96758620689656,29,0,147.25,177.25,166.0,136.0,151.37999999999985,201.37999999999985
3,7,186.625,176.37999999999985,68.05968750000001,32,0,177.25,207.25,196.0,166.0,151.37999999999985,201.37999999999985
3,8,216.625,176.37999999999985,70.7476923076923,13,0,207.25,237.25,226.0,196.0,151.37999999999985,201.37999999999985
3,9,246.625,176.37999999999985,71.5835294117647,17,0,237.25,267.25,256.0,226.0,151.37999999999985,201.37999999999985
3,10,276.625,176.37999999999985,73.37375,16,0,267.25,297.25,286.0,256.0,151.37999999999985,201.37999999999985
3,11,306.625,176.37999999999985,67.45333333333333,21,0,297.25,327.25,316.0,286.0,151.37999999999985,201.37999999999985
3,12,336.625,176.37999999999985,73.23758620689655,29,0,327.25,357.25,346.0,316.0,151.37999999999985,201.37999999999985
3,13,366.625,176.37999999999985,71.60454545454546,22,0,357.25,387.25,376.0,346.0,151.37999999999985,201.37999999999985
3,14,396.625,176.37999999999985,70.88119999999999,25,0,387.25,417.25,406.0,376.0,151.37999999999985,201.37999999999985
3,15,426.625,176.37999999999985,73.41933333333333,15,0,417.25,447.25,436.0,406.0,151.37999999999985,201.37999999999985
3,16,456.625,176.37999999999985,64.34768707482992,21,0,447.25,477.25,466.0,436.0,151.37999999999985,201.37999999999985
3,17,486.625,176.37999999999985,67.8445,20,0,477.25,507.25,496.0,466.0,151.37999999999985,201.37999999999985
3,18,516.625,176.37999999999985,67.82812500000001,16,0,507.25,537.25,526.0,496.0,151.37999999999985,201.37999999999985
3,19,546.625,176.37999999999985,64.40631578947368,19,0,537.25,567.25,556.0,526.0,151.37999999999985,201.37999999999985
3,20,576.625,176.37999999999985,69.84333333333332,21,0,567.25,597.25,586.0,556.0,151.37999999999985,201.37999999999985
3,21,606.625,176.37999999999985,69.28620689655172,29,0,597.25,627.25,616.0,586.0,151.37999999999985,201.37999999999985
3,22,636.625,176.37999999999985,67.05519999999999,25,0,627.25,657.25,646.0,616.0,151.37999999999985,201.37999999999985
3,23,666.625,176.37999999999985,66.12038461538461,26,0,657.25,687.25,676.0,646.0,151.37999999999985,201.37999999999985
3,24,696.625,176.37999999999985,62.93115384615386,26,0,687.25,717.25,706.0,676.0,151.37999999999985,201.37999999999985
3,25,726.625,176.37999999999985,65.4867741935484,31,0,717.25,747.25,736.0,706.0,151.37999999999985,201.37999999999985
3,26,756.625,176.37999999999985,68.998,15,0,747.25,777.25,766.0,736.0,151.37999999999985,201.37999999999985
3,27,786.625,176.37999999999985,70.29739130434783,23,0,777.25,807.25,796.0,766.0,151.37999999999985,201.37999999999985
3,28,816.625,176.37999999999985,70.04473684210525,19,0,807.25,837.25,826.0,796.0,151.37999999999985,201.37999999999985
3,29,846.625,176.37999999999985,62.24606060606062,33,0,837.25,867.25,856.0,826.0,151.37999999999985,201.37999999999985
3,30,876.625,176.37999999999985,64.6775,24,0,867.25,897.25,886.0,856.0,151.37999999999985,201.37999999999985
3,31,906.625,176.37999999999985,69.4624,25,0,897.25,927.25,916.0,886.0,151.37999999999985,201.37999999999985
3,32,936.625,176.37999999999985,73.08785714285715,14,0,927.25,957.25,946.0,916.0,151.37999999999985,201.37999999999985
3,33,966.625,176.37999999999985,68.82708333333335,24,0,957.25,987.25,976.0,946.0,151.37999999999985,201.37999999999985
3,34,996.625,176.37999999999985,64.395,30,0,987.25,1017.25,1006.0,976.0,151.37999999999985,201.37999999999985
3,35,1026.625,176.37999999999985,60.36736842105262,19,0,1017.25,1047.25,1036.0,1006.0,151.37999999999985,201.37999999999985
3,36,1056.625,176.37999999999985,67.00107142857144,28,0,1047.25,1077.25,1066.0,1036.0,151.37999999999985,201.37999999999985
3,37,1086.625,176.37999999999985,71.89294117647059,17,0,1077.25,1107.25,1096.0,1066.0,151.37999999999985,201.37999999999985
3,38,1116.625,176.37999999999985,67.83217391304348,23,0,1107.25,1137.25,1126.0,1096.0,151.37999999999985,201.37999999999985
3,39,1146.625,176.37999999999985,67.19083333333332,24,0,1137.25,1167.25,1156.0,1126.0,151.37999999999985,201.37999999999985
3,40,1176.625,176.37999999999985,64.2704,25,0,1167.25,1197.25,1186.0,1156.0,151.37999999999985,201.37999999999985
3,41,1206.625,176.37999999999985,64.24904761904762,21,0,1197.25,1227.25,1216.0,1186.0,151.37999999999985,201.37999999999985
3,42,1236.625,176.37999999999985,68.50842105263159,19,0,1227.25,1257.25,1246.0,1216.0,151.37999999999985,201.37999999999985
3,43,1266.625,176.37999999999985,69.285625,16,0,1257.25,1287.25,1276.0,1246.0,151.37999999999985,201.37999999999985
3,44,1296.625,176.37999999999985,65.44705882352942,17,0,1287.25,1317.25,1306.0,1276.0,151.37999999999985,201.37999999999985
3,45,1326.625,176.37999999999985,67.7384,25,0,1317.25,1347.25,1336.0,1306.0,151.37999999999985,201.37999999999985
3,46,1356.625,176.37999999999985,72.651875,16,0,1347.25,1377.25,1366.0,1336.0,151.37999999999985,201.37999999999985
3,47,1386.625,176.37999999999985,59.78129310344827,29,0,1377.25,1407.25,1396.0,1366.0,151.37999999999985,201.37999999999985
3,48,1416.625,176.37999999999985,60.832307692307694,39,0,1407.25,1437.25,1426.0,1396.0,151.37999999999985,201.37999999999985
3,49,1446.625,176.37999999999985,61.71333333333333,30,0,1437.25,1467.25,1456.0,1426.0,151.37999999999985,201.37999999999985
3,50,1476.625,176.37999999999985,60.53108108108107,37,0,1467.25,1497.25,1486.0,1456.0,151.37999999999985,201.37999999999985
3,51,1506.625,176.37999999999985,69.78090909090908,22,0,1497.25,1527.25,1516.0,1486.0,151.37999999999985,201.37999999999985
3,52,1536.625,176.37999999999985,70.03736842105263,19,0,1527.25,1557.25,1546.0,1516.0,151.37999999999985,201.37999999999985
3,53,1566.625,176.37999999999985,63.78588235294119,17,0,1557.25,1587.25,1576.0,1546.0,151.37999999999985,201.37999999999985
3,54,1596.625,176.37999999999985,60.769428571428556,35,0,1587.25,1617.25,1606.0,1576.0,151.37999999999985,201.37999999999985
3,55,1626.625,176.37999999999985,69.64166666666668,12,0,1617.25,1647.25,1636.0,1606.0,151.37999999999985,201.37999999999985
3,56,1656.625,176.37999999999985,64.1210344827586,29,0,1647.25,1677.25,1666.0,1636.0,151.37999999999985,201.37999999999985
3,57,1686.625,176.37999999999985,68.47666666666666,24,0,1677.25,1707.25,1696.0,1666.0,151.37999999999985,201.37999999999985
3,58,1716.625,176.37999999999985,65.11416666666666,24,0,1707.25,1737.25,1726.0,1696.0,151.37999999999985,201.37999999999985
3,59,1746.625,176.37999999999985,58.532500000000006,42,0,1737.25,1767.25,1756.0,1726.0,151.37999999999985,201.37999999999985
3,60,1776.625,176.37999999999985,67.43500000000002,24,0,1767.25,1797.25,1786.0,1756.0,151.37999999999985,201.37999999999985
3,61,1806.625,176.37999999999985,66.36909090909091,11,0,1797.25,1827.25,1816.0,1786.0,151.37999999999985,201.37999999999985
3,62,1836.625,176.37999999999985,63.992173913043494,23,0,1827.25,1857.25,1846.0,1816.0,151.37999999999985,201.37999999999985
3,63,1866.625,176.37999999999985,60.964999999999996,36,0,1857.25,1887.25,1876.0,1846.0,151.37999999999985,201.37999999999985
3,64,1896.625,176.37999999999985,57.221052631578935,38,0,1887.25,1917.25,1906.0,1876.0,151.37999999999985,201.37999999999985
3,65,1926.625,176.37999999999985,65.47045454545454,22,0,1917.25,1947.25,1936.0,1906.0,151.37999999999985,201.37999999999985
3,66,1956.625,176.37999999999985,65.08399999999999,35,0,1947.25,1977.25,1966.0,1936.0,151.37999999999985,201.37999999999985
3,67,1986.625,176.37999999999985,67.19181818181818,22,0,1977.25,2007.25,1996.0,1966.0,151.37999999999985,201.37999999999985
3,68,2016.625,176.37999999999985,68.11607142857143,28,0,2007.25,2037.25,2026.0,1996.0,151.37999999999985,201.37999999999985
3,69,2046.625,176.37999999999985,64.84624999999998,32,0,2037.25,2067.25,2056.0,2026.0,151.37999999999985,201.37999999999985
3,70,2076.625,176.37999999999985,67.25500000000001,14,0,2067.25,2097.25,2086.0,2056.0,151.37999999999985,201.37999999999985
3,71,2106.625,176.37999999999985,62.86103448275862,29,0,2097.25,2127.25,2116.0,2086.0,151.37999999999985,201.37999999999985
3,72,2136.625,176.37999999999985,60.261470588235305,34,0,2127.25,2157.25,2146.0,2116.0,151.37999999999985,201.37999999999985
3,73,2166.625,176.37999999999985,57.69806451612904,31,0,2157.25,2187.25,2176.0,2146.0,151.37999999999985,201.37999999999985
3,74,2196.625,176.37999999999985,51.87945945945946,37,0,2187.25,2217.25,2206.0,2176.0,151.37999999999985,201.37999999999985
3,75,2226.625,176.37999999999985,46.940270270270275,37,0,2217.25,2247.25,2236.0,2206.0,151.37999999999985,201.37999999999985
3,76,2256.625,176.37999999999985,37.31108695652174,46,0,2247.25,2277.25,2266.0,2236.0,151.37999999999985,201.37999999999985
3,77,2286.625,176.37999999999985,43.306666666666686,42,0,2277.25,2307.25,2296.0,2266.0,151.37999999999985,201.37999999999985
3,78,2316.625,176.37999999999985,43.22808510638299,47,0,2307.25,2337.25,2326.0,2296.0,151.37999999999985,201.37999999999985
3,79,2346.625,176.37999999999985,45.29235294117647,34,0,2337.25,2367.25,2356.0,2326.0,151.37999999999985,201.37999999999985
3,80,2376.625,176.37999999999985,33.450138888888894,72,0,2367.25,2397.25,2386.0,2356.0,151.37999999999985,201.37999999999985
3,81,2406.625,176.37999999999985,21.148805970149255,67,0,2397.25,2427.25,2416.0,2386.0,151.37999999999985,201.37999999999985
3,82,2436.625,176.37999999999985,25.9028813559322,59,0,2427.25,2457.25,2446.0,2416.0,151.37999999999985,201.37999999999985
3,83,2466.625,176.37999999999985,32.836981132075465,53,0,2457.25,2487.25,2476.0,2446.0,151.37999999999985,201.37999999999985
3,84,2496.625,176.37999999999985,32.53711538461538,52,0,2487.25,2517.25,2506.0,2476.0,151.37999999999985,201.37999999999985
3,85,2526.625,176.37999999999985,25.120142857142856,70,0,2517.25,2547.25,2536.0,2506.0,151.37999999999985,201.37999999999985
3,86,2556.625,176.37999999999985,24.166923076923077,78,0,2547.25,2577.25,2566.0,2536.0,151.37999999999985,201.37999999999985
3,87,2586.625,176.37999999999985,19.684886363636362,88,0,2577.25,2607.25,2596.0,2566.0,151.37999999999985,201.37999999999985
3,88,2616.625,176.37999999999985,28.799655172413797,58,0,2607.25,2637.25,2626.0,2596.0,151.37999999999985,201.37999999999985
3,89,2646.625,176.37999999999985,40.9925,36,0,2637.25,2667.25,2656.0,2626.0,151.37999999999985,201.37999999999985
3,90,2676.625,176.37999999999985,40.09682926829268,41,0,2667.25,2697.25,2686.0,2656.0,151.37999999999985,201.37999999999985
3,91,2706.625,176.37999999999985,33.44962962962964,54,0,2697.25,2727.25,2716.0,2686.0,151.37999999999985,201.37999999999985
3,92,2736.625,176.37999999999985,33.622600000000006,50,0,2727.25,2757.25,2746.0,2716.0,151.37999999999985,201.37999999999985
3,93,2766.625,176.37999999999985,36.40065217391305,46,0,2757.25,2787.25,2776.0,2746.0,151.37999999999985,201.37999999999985
3,94,2796.625,176.37999999999985,36.1956,50,0,2787.25,2817.25,2806.0,2776.0,151.37999999999985,201.37999999999985
3,95,2826.625,176.37999999999985,39.330851063829776,47,0,2817.25,2847.25,2836.0,2806.0,151.37999999999985,201.37999999999985
3,96,2856.625,176.37999999999985,39.3305974025974,55,0,2847.25,2877.25,2866.0,2836.0,151.37999999999985,201.37999999999985
3,97,2886.625,176.37999999999985,41.74943396226415,53,0,2877.25,2907.25,2896.0,2866.0,151.37999999999985,201.37999999999985
3,98,2916.625,176.37999999999985,45.170377358490555,53,0,2907.25,2937.25,2926.0,2896.0,151.37999999999985,201.37999999999985
3,99,2946.625,176.37999999999985,29.796707021791764,59,0,2937.25,2967.25,2956.0,2926.0,151.37999999999985,201.37999999999985
3,100,2976.625,176.37999999999985,19.017234042553206,94,0,2967.25,2997.25,2986.0,2956.0,151.37999999999985,201.37999999999985
3,101,3006.625,176.37999999999985,23.761515151515148,66,0,2997.25,3027.25,3016.0,2986.0,151.37999999999985,201.37999999999985
3,102,3036.625,176.37999999999985,30.114032258064512,62,0,3027.25,3057.25,3046.0,3016.0,151.37999999999985,201.37999999999985
3,103,3066.625,176.37999999999985,33.79240740740741,54,0,3057.25,3087.25,3076.0,3046.0,151.37999999999985,201.37999999999985
3,104,3096.625,176.37999999999985,28.097608695652184,46,0,3087.25,3117.25,3106.0,3076.0,151.37999999999985,201.37999999999985
3,105,3126.625,176.37999999999985,33.27,57,0,3117.25,3147.25,3136.0,3106.0,151.37999999999985,201.37999999999985
3,106,3156.625,176.37999999999985,28.44111111111111,63,0,3147.25,3177.25,3166.0,3136.0,151.37999999999985,201.37999999999985
3,107,3186.625,176.37999999999985,25.68693333333333,75,0,3177.25,3207.25,3196.0,3166.0,151.37999999999985,201.37999999999985
3,108,3216.625,176.37999999999985,36.531632653061216,49,0,3207.25,3237.25,3226.0,3196.0,151.37999999999985,201.37999999999985
3,109,3246.625,176.37999999999985,45.25315789473685,38,0,3237.25,3267.25,3256.0,3226.0,151.37999999999985,201.37999999999985
3,110,3276.625,176.37999999999985,48.70527777777778,36,0,3267.25,3297.25,3286.0,3256.0,151.37999999999985,201.37999999999985
3,111,3306.625,176.37999999999985,47.48159090909091,44,0,3297.25,3327.25,3316.0,3286.0,151.37999999999985,201.37999999999985
3,112,3336.625,176.37999999999985,54.87851851851852,27,0,3327.25,3357.25,3346.0,3316.0,151.37999999999985,201.37999999999985
3,113,3366.625,176.37999999999985,51.83970588235294,34,0,3357.25,3387.25,3376.0,3346.0,151.37999999999985,201.37999999999985
3,114,3396.625,176.37999999999985,51.92297297297298,37,0,3387.25,3417.25,3406.0,3376.0,151.37999999999985,201.37999999999985
3,115,3426.625,176.37999999999985,55.54233333333334,30,0,3417.25,3447.25,3436.0,3406.0,151.37999999999985,201.37999999999985
3,116,3456.625,176.37999999999985,46.281190476190474,42,0,3447.25,3477.25,3466.0,3436.0,151.37999999999985,201.37999999999985
3,117,3486.625,176.37999999999985,29.854655172413793,58,0,3477.25,3507.25,3496.0,3466.0,151.37999999999985,201.37999999999985
3,118,3516.625,176.37999999999985,22.171153846153846,78,0,3507.25,3537.25,3526.0,3496.0,151.37999999999985,201.37999999999985
3,119,3546.625,176.37999999999985,32.172075471698115,53,0,3537.25,3567.25,3556.0,3526.0,151.37999999999985,201.37999999999985
3,120,3576.625,176.37999999999985,40.175,46,0,3567.25,3597.25,3586.0,3556.0,151.37999999999985,201.37999999999985
3,121,3606.625,176.37999999999985,42.50658536585366,41,0,3597.25,3627.25,3616.0,3586.0,151.37999999999985,201.37999999999985
3,122,3636.625,176.37999999999985,,0,0,3627.25,3657.25,3646.0,3616.0,151.37999999999985,201.37999999999985
3,123,3666.625,176.37999999999985,,0,0,3657.25,3687.25,3676.0,3646.0,151.37999999999985,201.37999999999985
3,124,3696.625,176.37999999999985,,0,0,3687.25,3717.25,3706.0,3676.0,151.37999999999985,201.37999999999985
3,125,3726.625,176.37999999999985,,0,0,3717.25,3747.25,3736.0,3706.0,151.37999999999985,201.37999999999985
3,126,3756.625,176.37999999999985,,0,0,3747.25,3777.25,3766.0,3736.0,151.37999999999985,201.37999999999985
3,127,3786.625,176.37999999999985,,0,0,3777.25,3807.25,3796.0,3766.0,151.37999999999985,201.37999999999985
3,128,3816.625,176.37999999999985,,0,0,3807.25,3837.25,3826.0,3796.0,151.37999999999985,201.37999999999985
4,1,-4.625,226.37999999999985,60.43666666666667,3,0,-14.0,16.0,4.75,-25.25,201.37999999999985,251.37999999999985
4,2,25.375,226.37999999999985,66.60777777777778,18,0,16.0,46.0,34.75,4.75,201.37999999999985,251.37999999999985
4,3,55.375,226.37999999999985,69.33307692307693,26,0,46.0,76.0,64.75,34.75,201.37999999999985,251.37999999999985
4,4,85.375,226.37999999999985,66.4567741935484,31,0,76.0,106.0,94.75,64.75,201.37999999999985,251.37999999999985
4,5,115.375,226.37999999999985,70.14399999999999,20,0,106.0,136.0,124.75,94.75,201.37999999999985,251.37999999999985
4,6,145.375,226.37999999999985,65.67,27,0,136.0,166.0,154.75,124.75,201.37999999999985,251.37999999999985
4,7,175.375,226.37999999999985,68.22399999999999,30,0,166.0,196.0,184.75,154.75,201.37999999999985,251.37999999999985
4,8,205.375,226.37999999999985,69.32849999999999,20,0,196.0,226.0,214.75,184.75,201.37999999999985,251.37999999999985
4,9,235.375,226.37999999999985,69.14647058823529,17,0,226.0,256.0,244.75,214.75,201.37999999999985,251.37999999999985
4,10,265.375,226.37999999999985,72.32312499999999,16,0,256.0,286.0,274.75,244.75,201.37999999999985,251.37999999999985
4,11,295.375,226.37999999999985,68.18695652173913,23,0,286.0,316.0,304.75,274.75,201.37999999999985,251.37999999999985
4,12,325.375,226.37999999999985,71.06681818181818,22,0,316.0,346.0,334.75,304.75,201.37999999999985,251.37999999999985
4,13,355.375,226.37999999999985,69.75999999999999,26,0,346.0,376.0,364.75,334.75,201.37999999999985,251.37999999999985
4,14,385.375,226.37999999999985,71.31238095238095,21,0,376.0,406.0,394.75,364.75,201.37999999999985,251.37999999999985
4,15,415.375,226.37999999999985,71.173125,16,0,406.0,436.0,424.75,394.75,201.37999999999985,251.37999999999985
4,16,445.375,226.37999999999985,67.04318181818182,22,0,436.0,466.0,454.75,424.75,201.37999999999985,251.37999999999985
4,17,475.375,226.37999999999985,68.39055555555555,18,0,466.0,496.0,484.75,454.75,201.37999999999985,251.37999999999985
4,18,505.375,226.37999999999985,66.59,17,0,496.0,526.0,514.75,484.75,201.37999999999985,251.37999999999985
4,19,535.375,226.37999999999985,66.77363636363637,22,0,526.0,556.0,544.75,514.75,201.37999999999985,251.37999999999985
4,20,565.375,226.37999999999985,67.29409090909091,22,0,556.0,586.0,574.75,544.75,201.37999999999985,251.37999999999985
4,21,595.375,226.37999999999985,68.31380952380952,21,0,586.0,616.0,604.75,574.75,201.37999999999985,251.37999999999985
4,22,625.375,226.37999999999985,66.69454545454545,22,0,616.0,646.0,634.75,604.75,201.37999999999985,251.37999999999985
4,23,655.375,226.37999999999985,66.67344827586206,29,0,646.0,676.0,664.75,634.75,201.37999999999985,251.37999999999985
4,24,685.375,226.37999999999985,62.118928571428576,28,0,676.0,706.0,694.75,664.75,201.37999999999985,251.37999999999985
4,25,715.375,226.37999999999985,64.44035714285714,28,0,706.0,736.0,724.75,694.75,201.37999999999985,251.37999999999985
4,26,745.375,226.37999999999985,65.45966666666668,30,0,736.0,766.0,754.75,724.75,201.37999999999985,251.37999999999985
4,27,775.375,226.37999999999985,67.02941176470588,17,0,766.0,796.0,784.75,754.75,201.37999999999985,251.37999999999985
4,28,805.375,226.37999999999985,69.96761904761902,21,0,796.0,826.0,814.75,784.75,201.37999999999985,251.37999999999985
4,29,835.375,226.37999999999985,63.83529411764706,17,0,826.0,856.0,844.75,814.75,201.37999999999985,251.37999999999985
4,30,865.375,226.37999999999985,61.678333333333335,36,0,856.0,886.0,874.75,844.75,201.37999999999985,251.37999999999985
4,31,895.375,226.37999999999985,67.30708333333335,24,0,886.0,916.0,904.75,874.75,201.37999999999985,251.37999999999985
4,32,925.375,226.37999999999985,70.78315789473685,19,0,916.0,946.0,934.75,904.75,201.37999999999985,251.37999999999985
4,33,955.375,226.37999999999985,70.40772727272727,22,0,946.0,976.0,964.75,934.75,201.37999999999985,251.37999999999985
4,34,985.375,226.37999999999985,66.03384615384616,26,0,976.0,1006.0,994.75,964.75,201.37999999999985,251.37999999999985
4,35,1015.375,226.37999999999985,60.03428571428571,28,0,1006.0,1036.0,1024.75,994.75,201.37999999999985,251.37999999999985
4,36,1045.375,226.37999999999985,66.63000000000001,19,0,1036.0,1066.0,1054.75,1024.75,201.37999999999985,251.37999999999985
4,37,1075.375,226.37999999999985,69.6424,25,0,1066.0,1096.0,1084.75,1054.75,201.37999999999985,251.37999999999985
4,38,1105.375,226.37999999999985,68.71875,16,0,1096.0,1126.0,1114.75,1084.75,201.37999999999985,251.37999999999985
4,39,1135.375,226.37999999999985,65.99551724137932,29,0,1126.0,1156.0,1144.75,1114.75,201.37999999999985,251.37999999999985
4,40,1165.375,226.37999999999985,64.946,30,0,1156.0,1186.0,1174.75,1144.75,201.37999999999985,251.37999999999985
4,41,1195.375,226.37999999999985,67.52583333333332,12,0,1186.0,1216.0,1204.75,1174.75,201.37999999999985,251.37999999999985
4,42,1225.375,226.37999999999985,63.055517241379306,29,0,1216.0,1246.0,1234.75,1204.75,201.37999999999985,251.37999999999985
4,43,1255.375,226.37999999999985,71.88105263157895,19,0,1246.0,1276.0,1264.75,1234.75,201.37999999999985,251.37999999999985
4,44,1285.375,226.37999999999985,65.56142857142856,14,0,1276.0,1306.0,1294.75,1264.75,201.37999999999985,251.37999999999985
4,45,1315.375,226.37999999999985,63.089999999999996,24,0,1306.0,1336.0,1324.75,1294.75,201.37999999999985,251.37999999999985
4,46,1345.375,226.37999999999985,71.59411764705882,17,0,1336.0,1366.0,1354.75,1324.75,201.37999999999985,251.37999999999985
4,47,1375.375,226.37999999999985,64.11888888888889,18,0,1366.0,1396.0,1384.75,1354.75,201.37999999999985,251.37999999999985
4,48,1405.375,226.37999999999985,59.71688888888888,45,0,1396.0,1426.0,1414.75,1384.75,201.37999999999985,251.37999999999985
4,49,1435.375,226.37999999999985,58.483783783783785,37,0,1426.0,1456.0,1444.75,1414.75,201.37999999999985,251.37999999999985
4,50,1465.375,226.37999999999985,62.29829268292683,41,0,1456.0,1486.0,1474.75,1444.75,201.37999999999985,251.37999999999985
4,51,1495.375,226.37999999999985,64.03249999999998,36,0,1486.0,1516.0,1504.75,1474.75,201.37999999999985,251.37999999999985
4,52,1525.375,226.37999999999985,72.01333333333334,18,0,1516.0,1546.0,1534.75,1504.75,201.37999999999985,251.37999999999985
4,53,1555.375,226.37999999999985,69.46000000000001,15,0,1546.0,1576.0,1564.75,1534.75,201.37999999999985,251.37999999999985
4,54,1585.375,226.37999999999985,60.34785714285715,28,0,1576.0,1606.0,1594.75,1564.75,201.37999999999985,251.37999999999985
4,55,1615.375,226.37999999999985,61.160000000000025,27,0,1606.0,1636.0,1624.75,1594.75,201.37999999999985,251.37999999999985
4,56,1645.375,226.37999999999985,64.92898550724638,23,0,1636.0,1666.0,1654.75,1624.75,201.37999999999985,251.37999999999985
4,57,1675.375,226.37999999999985,67.33515151515151,33,0,1666.0,1696.0,1684.75,1654.75,201.37999999999985,251.37999999999985
4,58,1705.375,226.37999999999985,65.63714285714286,21,0,1696.0,1726.0,1714.75,1684.75,201.37999999999985,251.37999999999985
4,59,1735.375,226.37999999999985,64.40999999999998,37,0,1726.0,1756.0,1744.75,1714.75,201.37999999999985,251.37999999999985
4,60,1765.375,226.37999999999985,59.71432432432432,37,0,1756.0,1786.0,1774.75,1744.75,201.37999999999985,251.37999999999985
4,61,1795.375,226.37999999999985,71.49571428571429,14,0,1786.0,1816.0,1804.75,1774.75,201.37999999999985,251.37999999999985
4,62,1825.375,226.37999999999985,66.03880952380953,28,0,1816.0,1846.0,1834.75,1804.75,201.37999999999985,251.37999999999985
4,63,1855.375,226.37999999999985,64.4217543859649,38,0,1846.0,1876.0,1864.75,1834.75,201.37999999999985,251.37999999999985
4,64,1885.375,226.37999999999985,58.21888888888889,36,0,1876.0,1906.0,1894.75,1864.75,201.37999999999985,251.37999999999985
4,65,1915.375,226.37999999999985,58.653636363636345,44,0,1906.0,1936.0,1924.75,1894.75,201.37999999999985,251.37999999999985
4,66,1945.375,226.37999999999985,64.98760000000001,25,0,1936.0,1966.0,1954.75,1924.75,201.37999999999985,251.37999999999985
4,67,1975.375,226.37999999999985,67.03718749999999,32,0,1966.0,1996.0,1984.75,1954.75,201.37999999999985,251.37999999999985
4,68,2005.375,226.37999999999985,67.2740625,32,0,1996.0,2026.0,2014.75,1984.75,201.37999999999985,251.37999999999985
4,69,2035.375,226.37999999999985,66.23970588235295,34,0,2026.0,2056.0,2044.75,2014.75,201.37999999999985,251.37999999999985
4,70,2065.375,226.37999999999985,64.9625,28,0,2056.0,2086.0,2074.75,2044.75,201.37999999999985,251.37999999999985
4,71,2095.375,226.37999999999985,63.608750000000015,24,0,2086.0,2116.0,2104.75,2074.75,201.37999999999985,251.37999999999985
4,72,2125.375,226.37999999999985,62.17649999999998,35,0,2116.0,2146.0,2134.75,2104.75,201.37999999999985,251.37999999999985
4,73,2155.375,226.37999999999985,57.59875000000001,40,0,2146.0,2176.0,2164.75,2134.75,201.37999999999985,251.37999999999985
4,74,2185.375,226.37999999999985,54.95977777777776,45,0,2176.0,2206.0,2194.75,2164.75,201.37999999999985,251.37999999999985
4,75,2215.375,226.37999999999985,47.02463414634147,41,0,2206.0,2236.0,2224.75,2194.75,201.37999999999985,251.37999999999985
4,76,2245.375,226.37999999999985,35.90909090909091,55,0,2236.0,2266.0,2254.75,2224.75,201.37999999999985,251.37999999999985
4,77,2275.375,226.37999999999985,34.47879629629629,48,0,2266.0,2296.0,2284.75,2254.75,201.37999999999985,251.37999999999985
4,78,2305.375,226.37999999999985,44.0538596491228,57,0,2296.0,2326.0,2314.75,2284.75,201.37999999999985,251.37999999999985
4,79,2335.375,226.37999999999985,41.98708333333334,48,0,2326.0,2356.0,2344.75,2314.75,201.37999999999985,251.37999999999985
4,80,2365.375,226.37999999999985,33.21450980392157,51,0,2356.0,2386.0,2374.75,2344.75,201.37999999999985,251.37999999999985
4,81,2395.375,226.37999999999985,22.748333333333335,84,0,2386.0,2416.0,2404.75,2374.75,201.37999999999985,251.37999999999985
4,82,2425.375,226.37999999999985,25.145499999999995,60,0,2416.0,2446.0,2434.75,2404.75,201.37999999999985,251.37999999999985
4,83,2455.375,226.37999999999985,25.771363636363642,66,0,2446.0,2476.0,2464.75,2434.75,201.37999999999985,251.37999999999985
4,84,2485.375,226.37999999999985,30.744714285714288,70,0,2476.0,2506.0,2494.75,2464.75,201.37999999999985,251.37999999999985
4,85,2515.375,226.37999999999985,19.473499999999998,80,0,2506.0,2536.0,2524.75,2494.75,201.37999999999985,251.37999999999985
4,86,2545.375,226.37999999999985,22.42134146341464,82,0,2536.0,2566.0,2554.75,2524.75,201.37999999999985,251.37999999999985
4,87,2575.375,226.37999999999985,16.439782608695655,92,0,2566.0,2596.0,2584.75,2554.75,201.37999999999985,251.37999999999985
4,88,2605.375,226.37999999999985,28.791967213114756,61,0,2596.0,2626.0,2614.75,2584.75,201.37999999999985,251.37999999999985
4,89,2635.375,226.37999999999985,39.5276530612245,49,0,2626.0,2656.0,2644.75,2614.75,201.37999999999985,251.37999999999985
4,90,2665.375,226.37999999999985,42.1171875,32,0,2656.0,2686.0,2674.75,2644.75,201.37999999999985,251.37999999999985
4,91,2695.375,226.37999999999985,37.92679999999999,50,0,2686.0,2716.0,2704.75,2674.75,201.37999999999985,251.37999999999985
4,92,2725.375,226.37999999999985,34.232830188679245,53,0,2716.0,2746.0,2734.75,2704.75,201.37999999999985,251.37999999999985
4,93,2755.375,226.37999999999985,31.545,62,0,2746.0,2776.0,2764.75,2734.75,201.37999999999985,251.37999999999985
4,94,2785.375,226.37999999999985,35.15920000000002,50,0,2776.0,2806.0,2794.75,2764.75,201.37999999999985,251.37999999999985
4,95,2815.375,226.37999999999985,40.873400000000004,50,0,2806.0,2836.0,2824.75,2794.75,201.37999999999985,251.37999999999985
4,96,2845.375,226.37999999999985,43.02687499999999,48,0,2836.0,2866.0,2854.75,2824.75,201.37999999999985,251.37999999999985
4,97,2875.375,226.37999999999985,45.68446808510638,47,0,2866.0,2896.0,2884.75,2854.75,201.37999999999985,251.37999999999985
4,98,2905.375,226.37999999999985,41.88274193548386,62,0,2896.0,2926.0,2914.75,2884.75,201.37999999999985,251.37999999999985
4,99,2935.375,226.37999999999985,28.73569230769231,65,0,2926.0,2956.0,2944.75,2914.75,201.37999999999985,251.37999999999985
4,100,2965.375,226.37999999999985,10.399839999999996,125,0,2956.0,2986.0,2974.75,2944.75,201.37999999999985,251.37999999999985
4,101,2995.375,226.37999999999985,21.51932203389831,59,0,2986.0,3016.0,3004.75,2974.75,201.37999999999985,251.37999999999985
4,102,3025.375,226.37999999999985,26.430869565217396,69,0,3016.0,3046.0,3034.75,3004.75,201.37999999999985,251.37999999999985
4,103,3055.375,226.37999999999985,29.496290322580656,62,0,3046.0,3076.0,3064.75,3034.75,201.37999999999985,251.37999999999985
4,104,3085.375,226.37999999999985,33.0397619047619,42,0,3076.0,3106.0,3094.75,3064.75,201.37999999999985,251.37999999999985
4,105,3115.375,226.37999999999985,28.99818181818181,66,0,3106.0,3136.0,3124.75,3094.75,201.37999999999985,251.37999999999985
4,106,3145.375,226.37999999999985,26.068536585365848,82,0,3136.0,3166.0,3154.75,3124.75,201.37999999999985,251.37999999999985
4,107,3175.375,226.37999999999985,19.20228915662651,83,0,3166.0,3196.0,3184.75,3154.75,201.37999999999985,251.37999999999985
4,108,3205.375,226.37999999999985,28.023263888888884,72,0,3196.0,3226.0,3214.75,3184.75,201.37999999999985,251.37999999999985
4,109,3235.375,226.37999999999985,42.844666666666676,45,0,3226.0,3256.0,3244.75,3214.75,201.37999999999985,251.37999999999985
4,110,3265.375,226.37999999999985,49.33153846153845,39,0,3256.0,3286.0,3274.75,3244.75,201.37999999999985,251.37999999999985
4,111,3295.375,226.37999999999985,47.384285714285724,42,0,3286.0,3316.0,3304.75,3274.75,201.37999999999985,251.37999999999985
4,112,3325.375,226.37999999999985,50.279189189189196,37,0,3316.0,3346.0,3334.75,3304.75,201.37999999999985,251.37999999999985
4,113,3355.375,226.37999999999985,53.977878787878794,33,0,3346.0,3376.0,3364.75,3334.75,201.37999999999985,251.37999999999985
4,114,3385.375,226.37999999999985,48.37229166666666,48,0,3376.0,3406.0,3394.75,3364.75,201.37999999999985,251.37999999999985
4,115,3415.375,226.37999999999985,51.32900000000001,40,0,3406.0,3436.0,3424.75,3394.75,201.37999999999985,251.37999999999985
4,116,3445.375,226.37999999999985,41.66348837209303,43,0,3436.0,3466.0,3454.75,3424.75,201.37999999999985,251.37999999999985
4,117,3475.375,226.37999999999985,26.221126760563376,71,0,3466.0,3496.0,3484.75,3454.75,201.37999999999985,251.37999999999985
4,118,3505.375,226.37999999999985,16.40915662650603,83,0,3496.0,3526.0,3514.75,3484.75,201.37999999999985,251.37999999999985
4,119,3535.375,226.37999999999985,27.495671641791045,67,0,3526.0,3556.0,3544.75,3514.75,201.37999999999985,251.37999999999985
4,120,3565.375,226.37999999999985,35.51292307692308,65,0,3556.0,3586.0,3574.75,3544.75,201.37999999999985,251.37999999999985
4,121,3595.375,226.37999999999985,40.18255319148935,47,0,3586.0,3616.0,3604.75,3574.75,201.37999999999985,251.37999999999985
4,122,3625.375,226.37999999999985,38.498846153846166,26,0,3616.0,3646.0,3634.75,3604.75,201.37999999999985,251.37999999999985
4,123,3655.375,226.37999999999985,,0,0,3646.0,3676.0,3664.75,3634.75,201.37999999999985,251.37999999999985
4,124,3685.375,226.37999999999985,,0,0,3676.0,3706.0,3694.75,3664.75,201.37999999999985,251.37999999999985
4,125,3715.375,226.37999999999985,,0,0,3706.0,3736.0,3724.75,3694.75,201.37999999999985,251.37999999999985
4,126,3745.375,226.37999999999985,,0,0,3736.0,3766.0,3754.75,3724.75,201.37999999999985,251.37999999999985
4,127,3775.375,226.37999999999985,,0,0,3766.0,3796.0,3784.75,3754.75,201.37999999999985,251.37999999999985
4,128,3805.375,226.37999999999985,,0,0,3796.0,3826.0,3814.75,3784.75,201.37999999999985,251.37999999999985
4,129,3835.375,226.37999999999985,,0,0,3826.0,3856.0,3844.75,3814.75,201.37999999999985,251.37999999999985
5,1,-15.875,276.3799999999998,,0,0,-25.25,4.75,-6.5,-36.5,251.37999999999985,301.3799999999998
5,2,14.125,276.3799999999998,62.66384615384615,13,0,4.75,34.75,23.5,-6.5,251.37999999999985,301.3799999999998
5,3,44.125,276.3799999999998,70.30521739130435,23,0,34.75,64.75,53.5,23.5,251.37999999999985,301.3799999999998
5,4,74.125,276.3799999999998,62.55545454545456,33,0,64.75,94.75,83.5,53.5,251.37999999999985,301.3799999999998
5,5,104.125,276.3799999999998,69.79360000000001,25,0,94.75,124.75,113.5,83.5,251.37999999999985,301.3799999999998
5,6,134.125,276.3799999999998,66.68944444444443,18,0,124.75,154.75,143.5,113.5,251.37999999999985,301.3799999999998
5,7,164.125,276.3799999999998,65.6220588235294,34,0,154.75,184.75,173.5,143.5,251.37999999999985,301.3799999999998
5,8,194.125,276.3799999999998,67.30178571428573,28,0,184.75,214.75,203.5,173.5,251.37999999999985,301.3799999999998
5,9,224.125,276.3799999999998,65.77235294117646,17,0,214.75,244.75,233.5,203.5,251.37999999999985,301.3799999999998
5,10,254.125,276.3799999999998,71.3763157894737,19,0,244.75,274.75,263.5,233.5,251.37999999999985,301.3799999999998
5,11,284.125,276.3799999999998,72.2421052631579,19,0,274.75,304.75,293.5,263.5,251.37999999999985,301.3799999999998
5,12,314.125,276.3799999999998,66.0992,25,0,304.75,334.75,323.5,293.5,251.37999999999985,301.3799999999998
5,13,344.125,276.3799999999998,70.01172413793104,29,0,334.75,364.75,353.5,323.5,251.37999999999985,301.3799999999998
5,14,374.125,276.3799999999998,70.5408,25,0,364.75,394.75,383.5,353.5,251.37999999999985,301.3799999999998
5,15,404.125,276.3799999999998,69.24333333333333,33,0,394.75,424.75,413.5,383.5,251.37999999999985,301.3799999999998
5,16,434.125,276.3799999999998,73.03533333333334,15,0,424.75,454.75,443.5,413.5,251.37999999999985,301.3799999999998
5,17,464.125,276.3799999999998,61.558000000000014,25,0,454.75,484.75,473.5,443.5,251.37999999999985,301.3799999999998
5,18,494.125,276.3799999999998,65.41877192982456,19,0,484.75,514.75,503.5,473.5,251.37999999999985,301.3799999999998
5,19,524.125,276.3799999999998,67.70368421052632,19,0,514.75,544.75,533.5,503.5,251.37999999999985,301.3799999999998
5,20,554.125,276.3799999999998,63.99947368421053,19,0,544.75,574.75,563.5,533.5,251.37999999999985,301.3799999999998
5,21,584.125,276.3799999999998,67.68260869565216,23,0,574.75,604.75,593.5,563.5,251.37999999999985,301.3799999999998
5,22,614.125,276.3799999999998,66.68384615384615,26,0,604.75,634.75,623.5,593.5,251.37999999999985,301.3799999999998
5,23,644.125,276.3799999999998,65.44035714285715,28,0,634.75,664.75,653.5,623.5,251.37999999999985,301.3799999999998
5,24,674.125,276.3799999999998,64.2467741935484,31,0,664.75,694.75,683.5,653.5,251.37999999999985,301.3799999999998
5,25,704.125,276.3799999999998,61.847692307692306,26,0,694.75,724.75,713.5,683.5,251.37999999999985,301.3799999999998
5,26,734.125,276.3799999999998,62.49388888888888,36,0,724.75,754.75,743.5,713.5,251.37999999999985,301.3799999999998
5,27,764.125,276.3799999999998,65.71071428571427,14,0,754.75,784.75,773.5,743.5,251.37999999999985,301.3799999999998
5,28,794.125,276.3799999999998,67.48962962962963,27,0,784.75,814.75,803.5,773.5,251.37999999999985,301.3799999999998
5,29,824.125,276.3799999999998,67.63857142857142,14,0,814.75,844.75,833.5,803.5,251.37999999999985,301.3799999999998
5,30,854.125,276.3799999999998,60.141562500000006,32,0,844.75,874.75,863.5,833.5,251.37999999999985,301.3799999999998
5,31,884.125,276.3799999999998,63.6084,25,0,874.75,904.75,893.5,863.5,251.37999999999985,301.3799999999998
5,32,914.125,276.3799999999998,67.15461538461537,26,0,904.75,934.75,923.5,893.5,251.37999999999985,301.3799999999998
5,33,944.125,276.3799999999998,71.61363636363636,11,0,934.75,964.75,953.5,923.5,251.37999999999985,301.3799999999998
5,34,974.125,276.3799999999998,66.5072,25,0,964.75,994.75,983.5,953.5,251.37999999999985,301.3799999999998
5,35,1004.125,276.3799999999998,62.79678571428572,28,0,994.75,1024.75,1013.5,983.5,251.37999999999985,301.3799999999998
5,36,1034.125,276.3799999999998,62.06849999999999,20,0,1024.75,1054.75,1043.5,1013.5,251.37999999999985,301.3799999999998
5,37,1064.125,276.3799999999998,64.92214285714286,28,0,1054.75,1084.75,1073.5,1043.5,251.37999999999985,301.3799999999998
5,38,1094.125,276.3799999999998,70.0041176470588,17,0,1084.75,1114.75,1103.5,1073.5,251.37999999999985,301.3799999999998
5,39,1124.125,276.3799999999998,64.65407407407409,27,0,1114.75,1144.75,1133.5,1103.5,251.37999999999985,301.3799999999998
5,40,1154.125,276.3799999999998,65.61153846153846,26,0,1144.75,1174.75,1163.5,1133.5,251.37999999999985,301.3799999999998
5,41,1184.125,276.3799999999998,62.38440000000002,25,0,1174.75,1204.75,1193.5,1163.5,251.37999999999985,301.3799999999998
5,42,1214.125,276.3799999999998,61.079130434782606,23,0,1204.75,1234.75,1223.5,1193.5,251.37999999999985,301.3799999999998
5,43,1244.125,276.3799999999998,67.47010869565217,23,0,1234.75,1264.75,1253.5,1223.5,251.37999999999985,301.3799999999998
5,44,1274.125,276.3799999999998,66.07,19,0,1264.75,1294.75,1283.5,1253.5,251.37999999999985,301.3799999999998
5,45,1304.125,276.3799999999998,64.50470588235294,17,0,1294.75,1324.75,1313.5,1283.5,251.37999999999985,301.3799999999998
5,46,1334.125,276.3799999999998,65.26481481481481,27,0,1324.75,1354.75,1343.5,1313.5,251.37999999999985,301.3799999999998
5,47,1364.125,276.3799999999998,68.40571428571428,14,0,1354.75,1384.75,1373.5,1343.5,251.37999999999985,301.3799999999998
5,48,1394.125,276.3799999999998,56.22857142857143,35,0,1384.75,1414.75,1403.5,1373.5,251.37999999999985,301.3799999999998
5,49,1424.125,276.3799999999998,58.61044444444447,45,0,1414.75,1444.75,1433.5,1403.5,251.37999999999985,301.3799999999998
5,50,1454.125,276.3799999999998,59.18875,32,0,1444.75,1474.75,1463.5,1433.5,251.37999999999985,301.3799999999998
5,51,1484.125,276.3799999999998,60.688974358974356,39,0,1474.75,1504.75,1493.5,1463.5,251.37999999999985,301.3799999999998
5,52,1514.125,276.3799999999998,68.87545454545455,22,0,1504.75,1534.75,1523.5,1493.5,251.37999999999985,301.3799999999998
5,53,1544.125,276.3799999999998,68.61833333333334,18,0,1534.75,1564.75,1553.5,1523.5,251.37999999999985,301.3799999999998
5,54,1574.125,276.3799999999998,62.23500000000001,24,0,1564.75,1594.75,1583.5,1553.5,251.37999999999985,301.3799999999998
5,55,1604.125,276.3799999999998,57.918048780487815,41,0,1594.75,1624.75,1613.5,1583.5,251.37999999999985,301.3799999999998
5,56,1634.125,276.3799999999998,71.15799999999999,15,0,1624.75,1654.75,1643.5,1613.5,251.37999999999985,301.3799999999998
5,57,1664.125,276.3799999999998,61.29264705882354,34,0,1654.75,1684.75,1673.5,1643.5,251.37999999999985,301.3799999999998
5,58,1694.125,276.3799999999998,66.43136363636364,22,0,1684.75,1714.75,1703.5,1673.5,251.37999999999985,301.3799999999998
5,59,1724.125,276.3799999999998,64.13633333333334,30,0,1714.75,1744.75,1733.5,1703.5,251.37999999999985,301.3799999999998
5,60,1754.125,276.3799999999998,56.93444444444445,45,0,1744.75,1774.75,1763.5,1733.5,251.37999999999985,301.3799999999998
5,61,1784.125,276.3799999999998,63.86518518518519,27,0,1774.75,1804.75,1793.5,1763.5,251.37999999999985,301.3799999999998
5,62,1814.125,276.3799999999998,66.62100000000001,20,0,1804.75,1834.75,1823.5,1793.5,251.37999999999985,301.3799999999998
5,63,1844.125,276.3799999999998,62.12823529411765,34,0,1834.75,1864.75,1853.5,1823.5,251.37999999999985,301.3799999999998
5,64,1874.125,276.3799999999998,58.85195121951218,41,0,1864.75,1894.75,1883.5,1853.5,251.37999999999985,301.3799999999998
5,65,1904.125,276.3799999999998,52.88441860465117,43,0,1894.75,1924.75,1913.5,1883.5,251.37999999999985,301.3799999999998
5,66,1934.125,276.3799999999998,61.07437499999999,32,0,1924.75,1954.75,1943.5,1913.5,251.37999999999985,301.3799999999998
5,67,1964.125,276.3799999999998,62.3485,40,0,1954.75,1984.75,1973.5,1943.5,251.37999999999985,301.3799999999998
5,68,1994.125,276.3799999999998,64.751,30,0,1984.75,2014.75,2003.5,1973.5,251.37999999999985,301.3799999999998
5,69,2024.125,276.3799999999998,65.40757575757576,33,0,2014.75,2044.75,2033.5,2003.5,251.37999999999985,301.3799999999998
5,70,2054.125,276.3799999999998,61.803142857142845,35,0,2044.75,2074.75,2063.5,2033.5,251.37999999999985,301.3799999999998
5,71,2084.125,276.3799999999998,62.84882352941177,17,0,2074.75,2104.75,2093.5,2063.5,251.37999999999985,301.3799999999998
5,72,2114.125,276.3799999999998,60.264857142857146,35,0,2104.75,2134.75,2123.5,2093.5,251.37999999999985,301.3799999999998
5,73,2144.125,276.3799999999998,57.783243243243255,37,0,2134.75,2164.75,2153.5,2123.5,251.37999999999985,301.3799999999998
5,74,2174.125,276.3799999999998,54.91651162790697,43,0,2164.75,2194.75,2183.5,2153.5,251.37999999999985,301.3799999999998
5,75,2204.125,276.3799999999998,47.062391304347834,46,0,2194.75,2224.75,2213.5,2183.5,251.37999999999985,301.3799999999998
5,76,2234.125,276.3799999999998,34.38769230769231,52,0,2224.75,2254.75,2243.5,2213.5,251.37999999999985,301.3799999999998
5,77,2264.125,276.3799999999998,35.0995081967213,61,0,2254.75,2284.75,2273.5,2243.5,251.37999999999985,301.3799999999998
5,78,2294.125,276.3799999999998,44.44511627906977,43,0,2284.75,2314.75,2303.5,2273.5,251.37999999999985,301.3799999999998
5,79,2324.125,276.3799999999998,44.61843137254901,51,0,2314.75,2344.75,2333.5,2303.5,251.37999999999985,301.3799999999998
5,80,2354.125,276.3799999999998,36.87431818181819,44,0,2344.75,2374.75,2363.5,2333.5,251.37999999999985,301.3799999999998
5,81,2384.125,276.3799999999998,26.875384615384622,65,0,2374.75,2404.75,2393.5,2363.5,251.37999999999985,301.3799999999998
5,82,2414.125,276.3799999999998,27.336842105263152,57,0,2404.75,2434.75,2423.5,2393.5,251.37999999999985,301.3799999999998
5,83,2444.125,276.3799999999998,23.2884375,64,0,2434.75,2464.75,2453.5,2423.5,251.37999999999985,301.3799999999998
5,84,2474.125,276.3799999999998,25.832608695652176,69,0,2464.75,2494.75,2483.5,2453.5,251.37999999999985,301.3799999999998
5,85,2504.125,276.3799999999998,21.669859154929583,71,0,2494.75,2524.75,2513.5,2483.5,251.37999999999985,301.3799999999998
5,86,2534.125,276.3799999999998,22.74681818181817,66,0,2524.75,2554.75,2543.5,2513.5,251.37999999999985,301.3799999999998
5,87,2564.125,276.3799999999998,21.17407894736843,76,0,2554.75,2584.75,2573.5,2543.5,251.37999999999985,301.3799999999998
5,88,2594.125,276.3799999999998,31.57,52,0,2584.75,2614.75,2603.5,2573.5,251.37999999999985,301.3799999999998
5,89,2624.125,276.3799999999998,38.48634615384615,52,0,2614.75,2644.75,2633.5,2603.5,251.37999999999985,301.3799999999998
5,90,2654.125,276.3799999999998,41.90774193548388,31,0,2644.75,2674.75,2663.5,2633.5,251.37999999999985,301.3799999999998
5,91,2684.125,276.3799999999998,36.306666666666686,45,0,2674.75,2704.75,2693.5,2663.5,251.37999999999985,301.3799999999998
5,92,2714.125,276.3799999999998,37.93977272727273,44,0,2704.75,2734.75,2723.5,2693.5,251.37999999999985,301.3799999999998
5,93,2744.125,276.3799999999998,31.827307692307695,52,0,2734.75,2764.75,2753.5,2723.5,251.37999999999985,301.3799999999998
5,94,2774.125,276.3799999999998,34.72891304347826,46,0,2764.75,2794.75,2783.5,2753.5,251.37999999999985,301.3799999999998
5,95,2804.125,276.3799999999998,41.180425531914906,47,0,2794.75,2824.75,2813.5,2783.5,251.37999999999985,301.3799999999998
5,96,2834.125,276.3799999999998,46.29136363636364,44,0,2824.75,2854.75,2843.5,2813.5,251.37999999999985,301.3799999999998
5,97,2864.125,276.3799999999998,49.216744186046505,43,0,2854.75,2884.75,2873.5,2843.5,251.37999999999985,301.3799999999998
5,98,2894.125,276.3799999999998,46.696875,48,0,2884.75,2914.75,2903.5,2873.5,251.37999999999985,301.3799999999998
5,99,2924.125,276.3799999999998,28.02119850187266,89,0,2914.75,2944.75,2933.5,2903.5,251.37999999999985,301.3799999999998
5,100,2954.125,276.3799999999998,9.186249999999998,120,0,2944.75,2974.75,2963.5,2933.5,251.37999999999985,301.3799999999998
5,101,2984.125,276.3799999999998,17.406590909090905,88,0,2974.75,3004.75,2993.5,2963.5,251.37999999999985,301.3799999999998
5,102,3014.125,276.3799999999998,29.19499999999999,52,0,3004.75,3034.75,3023.5,2993.5,251.37999999999985,301.3799999999998
5,103,3044.125,276.3799999999998,33.57866666666666,45,0,3034.75,3064.75,3053.5,3023.5,251.37999999999985,301.3799999999998
5,104,3074.125,276.3799999999998,34.824727272727266,55,0,3064.75,3094.75,3083.5,3053.5,251.37999999999985,301.3799999999998
5,105,3104.125,276.3799999999998,29.989241192411928,41,0,3094.75,3124.75,3113.5,3083.5,251.37999999999985,301.3799999999998
5,106,3134.125,276.3799999999998,21.39168421052631,95,0,3124.75,3154.75,3143.5,3113.5,251.37999999999985,301.3799999999998
5,107,3164.125,276.3799999999998,19.00101123595505,89,0,3154.75,3184.75,3173.5,3143.5,251.37999999999985,301.3799999999998
5,108,3194.125,276.3799999999998,28.596733870967746,62,0,3184.75,3214.75,3203.5,3173.5,251.37999999999985,301.3799999999998
5,109,3224.125,276.3799999999998,38.55846666666667,50,0,3214.75,3244.75,3233.5,3203.5,251.37999999999985,301.3799999999998
5,110,3254.125,276.3799999999998,47.33131578947368,38,0,3244.75,3274.75,3263.5,3233.5,251.37999999999985,301.3799999999998
5,111,3284.125,276.3799999999998,49.64315789473684,38,0,3274.75,3304.75,3293.5,3263.5,251.37999999999985,301.3799999999998
5,112,3314.125,276.3799999999998,45.948599999999985,50,0,3304.75,3334.75,3323.5,3293.5,251.37999999999985,301.3799999999998
5,113,3344.125,276.3799999999998,51.43750000000001,28,0,3334.75,3364.75,3353.5,3323.5,251.37999999999985,301.3799999999998
5,114,3374.125,276.3799999999998,48.628536585365865,41,0,3364.75,3394.75,3383.5,3353.5,251.37999999999985,301.3799999999998
5,115,3404.125,276.3799999999998,43.81083333333334,48,0,3394.75,3424.75,3413.5,3383.5,251.37999999999985,301.3799999999998
5,116,3434.125,276.3799999999998,38.99441860465116,43,0,3424.75,3454.75,3443.5,3413.5,251.37999999999985,301.3799999999998
5,117,3464.125,276.3799999999998,23.8931081081081,74,0,3454.75,3484.75,3473.5,3443.5,251.37999999999985,301.3799999999998
5,118,3494.125,276.3799999999998,15.968641975308644,81,0,3484.75,3514.75,3503.5,3473.5,251.37999999999985,301.3799999999998
5,119,3524.125,276.3799999999998,29.439166666666665,60,0,3514.75,3544.75,3533.5,3503.5,251.37999999999985,301.3799999999998
5,120,3554.125,276.3799999999998,33.506491228070175,57,0,3544.75,3574.75,3563.5,3533.5,251.37999999999985,301.3799999999998
5,121,3584.125,276.3799999999998,37.476296296296304,54,0,3574.75,3604.75,3593.5,3563.5,251.37999999999985,301.3799999999998
5,122,3614.125,276.3799999999998,36.09134615384617,52,0,3604.75,3634.75,3623.5,3593.5,251.37999999999985,301.3799999999998
5,123,3644.125,276.3799999999998,31.96,1,0,3634.75,3664.75,3653.5,3623.5,251.37999999999985,301.3799999999998
5,124,3674.125,276.3799999999998,,0,0,3664.75,3694.75,3683.5,3653.5,251.37999999999985,301.3799999999998
5,125,3704.125,276.3799999999998,,0,0,3694.75,3724.75,3713.5,3683.5,251.37999999999985,301.3799999999998
5,126,3734.125,276.3799999999998,,0,0,3724.75,3754.75,3743.5,3713.5,251.37999999999985,301.3799999999998
5,127,3764.125,276.3799999999998,,0,0,3754.75,3784.75,3773.5,3743.5,251.37999999999985,301.3799999999998
5,128,3794.125,276.3799999999998,,0,0,3784.75,3814.75,3803.5,3773.5,251.37999999999985,301.3799999999998
5,129,3824.125,276.3799999999998,,0,0,3814.75,3844.75,3833.5,3803.5,251.37999999999985,301.3799999999998
6,2,2.875,326.3799999999998,67.71499999999999,6,0,-6.5,23.5,12.25,-17.75,301.3799999999998,351.3799999999998
6,3,32.875,326.3799999999998,67.65333333333335,18,0,23.5,53.5,42.25,12.25,301.3799999999998,351.3799999999998
6,4,62.875,326.3799999999998,69.11384615384614,26,0,53.5,83.5,72.25,42.25,301.3799999999998,351.3799999999998
6,5,92.875,326.3799999999998,66.67466666666665,30,0,83.5,113.5,102.25,72.25,301.3799999999998,351.3799999999998
6,6,122.875,326.3799999999998,71.29299999999999,20,0,113.5,143.5,132.25,102.25,301.3799999999998,351.3799999999998
6,7,152.875,326.3799999999998,67.57321428571427,28,0,143.5,173.5,162.25,132.25,301.3799999999998,351.3799999999998
6,8,182.875,326.3799999999998,69.72,32,0,173.5,203.5,192.25,162.25,301.3799999999998,351.3799999999998
6,9,212.875,326.3799999999998,70.495,18,0,203.5,233.5,222.25,192.25,301.3799999999998,351.3799999999998
6,10,242.875,326.3799999999998,67.84947368421054,19,0,233.5,263.5,252.25,222.25,301.3799999999998,351.3799999999998
6,11,272.875,326.3799999999998,74.38777777777779,18,0,263.5,293.5,282.25,252.25,301.3799999999998,351.3799999999998
6,12,302.875,326.3799999999998,68.42,21,0,293.5,323.5,312.25,282.25,301.3799999999998,351.3799999999998
6,13,332.875,326.3799999999998,70.30115384615384,26,0,323.5,353.5,342.25,312.25,301.3799999999998,351.3799999999998
6,14,362.875,326.3799999999998,69.95962962962962,27,0,353.5,383.5,372.25,342.25,301.3799999999998,351.3799999999998
6,15,392.875,326.3799999999998,73.39857142857143,21,0,383.5,413.5,402.25,372.25,301.3799999999998,351.3799999999998
6,16,422.875,326.3799999999998,71.95173913043479,23,0,413.5,443.5,432.25,402.25,301.3799999999998,351.3799999999998
6,17,452.875,326.3799999999998,67.27777777777777,18,0,443.5,473.5,462.25,432.25,301.3799999999998,351.3799999999998
6,18,482.875,326.3799999999998,67.39800000000001,20,0,473.5,503.5,492.25,462.25,301.3799999999998,351.3799999999998
6,19,512.875,326.3799999999998,69.21765625,16,0,503.5,533.5,522.25,492.25,301.3799999999998,351.3799999999998
6,20,542.875,326.3799999999998,69.24478260869564,23,0,533.5,563.5,552.25,522.25,301.3799999999998,351.3799999999998
6,21,572.875,326.3799999999998,68.24434782608697,23,0,563.5,593.5,582.25,552.25,301.3799999999998,351.3799999999998
6,22,602.875,326.3799999999998,66.96880000000002,25,0,593.5,623.5,612.25,582.25,301.3799999999998,351.3799999999998
6,23,632.875,326.3799999999998,67.24684210526316,19,0,623.5,653.5,642.25,612.25,301.3799999999998,351.3799999999998
6,24,662.875,326.3799999999998,66.60483870967744,31,0,653.5,683.5,672.25,642.25,301.3799999999998,351.3799999999998
6,25,692.875,326.3799999999998,64.01785714285714,28,0,683.5,713.5,702.25,672.25,301.3799999999998,351.3799999999998
6,26,722.875,326.3799999999998,64.7351724137931,29,0,713.5,743.5,732.25,702.25,301.3799999999998,351.3799999999998
6,27,752.875,326.3799999999998,65.15925925925927,27,0,743.5,773.5,762.25,732.25,301.3799999999998,351.3799999999998
6,28,782.875,326.3799999999998,64.97849999999998,20,0,773.5,803.5,792.25,762.25,301.3799999999998,351.3799999999998
6,29,812.875,326.3799999999998,71.25583333333334,24,0,803.5,833.5,822.25,792.25,301.3799999999998,351.3799999999998
6,30,842.875,326.3799999999998,63.81833333333332,18,0,833.5,863.5,852.25,822.25,301.3799999999998,351.3799999999998
6,31,872.875,326.3799999999998,62.68382352941177,34,0,863.5,893.5,882.25,852.25,301.3799999999998,351.3799999999998
6,32,902.875,326.3799999999998,68.01423076923076,26,0,893.5,923.5,912.25,882.25,301.3799999999998,351.3799999999998
6,33,932.875,326.3799999999998,71.9025,16,0,923.5,953.5,942.25,912.25,301.3799999999998,351.3799999999998
6,34,962.875,326.3799999999998,71.80874999999999,24,0,953.5,983.5,972.25,942.25,301.3799999999998,351.3799999999998
6,35,992.875,326.3799999999998,66.33279999999999,25,0,983.5,1013.5,1002.25,972.25,301.3799999999998,351.3799999999998
6,36,1022.875,326.3799999999998,61.254399999999976,25,0,1013.5,1043.5,1032.25,1002.25,301.3799999999998,351.3799999999998
6,37,1052.875,326.3799999999998,67.04047619047618,21,0,1043.5,1073.5,1062.25,1032.25,301.3799999999998,351.3799999999998
6,38,1082.875,326.3799999999998,70.21565217391303,23,0,1073.5,1103.5,1092.25,1062.25,301.3799999999998,351.3799999999998
6,39,1112.875,326.3799999999998,67.62052631578946,19,0,1103.5,1133.5,1122.25,1092.25,301.3799999999998,351.3799999999998
6,40,1142.875,326.3799999999998,66.61857142857141,28,0,1133.5,1163.5,1152.25,1122.25,301.3799999999998,351.3799999999998
6,41,1172.875,326.3799999999998,65.17645161290322,31,0,1163.5,1193.5,1182.25,1152.25,301.3799999999998,351.3799999999998
6,42,1202.875,326.3799999999998,68.74928571428572,14,0,1193.5,1223.5,1212.25,1182.25,301.3799999999998,351.3799999999998
6,43,1232.875,326.3799999999998,64.10464285714286,28,0,1223.5,1253.5,1242.25,1212.25,301.3799999999998,351.3799999999998
6,44,1262.875,326.3799999999998,72.05217391304348,23,0,1253.5,1283.5,1272.25,1242.25,301.3799999999998,351.3799999999998
6,45,1292.875,326.3799999999998,67.65947368421052,19,0,1283.5,1313.5,1302.25,1272.25,301.3799999999998,351.3799999999998
6,46,1322.875,326.3799999999998,65.23173913043478,23,0,1313.5,1343.5,1332.25,1302.25,301.3799999999998,351.3799999999998
6,47,1352.875,326.3799999999998,74.97133333333335,15,0,1343.5,1373.5,1362.25,1332.25,301.3799999999998,351.3799999999998
6,48,1382.875,326.3799999999998,61.61611111111112,18,0,1373.5,1403.5,1392.25,1362.25,301.3799999999998,351.3799999999998
6,49,1412.875,326.3799999999998,60.057111111111105,45,0,1403.5,1433.5,1422.25,1392.25,301.3799999999998,351.3799999999998
6,50,1442.875,326.3799999999998,58.93878048780487,41,0,1433.5,1463.5,1452.25,1422.25,301.3799999999998,351.3799999999998
6,51,1472.875,326.3799999999998,63.094545454545454,33,0,1463.5,1493.5,1482.25,1452.25,301.3799999999998,351.3799999999998
6,52,1502.875,326.3799999999998,67.34870967741934,31,0,1493.5,1523.5,1512.25,1482.25,301.3799999999998,351.3799999999998
6,53,1532.875,326.3799999999998,71.1536231884058,23,0,1523.5,1553.5,1542.25,1512.25,301.3799999999998,351.3799999999998
6,54,1562.875,326.3799999999998,68.29,13,0,1553.5,1583.5,1572.25,1542.25,301.3799999999998,351.3799999999998
6,55,1592.875,326.3799999999998,60.32586206896553,29,0,1583.5,1613.5,1602.25,1572.25,301.3799999999998,351.3799999999998
6,56,1622.875,326.3799999999998,60.47592592592592,27,0,1613.5,1643.5,1632.25,1602.25,301.3799999999998,351.3799999999998
6,57,1652.875,326.3799999999998,64.67555555555555,18,0,1643.5,1673.5,1662.25,1632.25,301.3799999999998,351.3799999999998
6,58,1682.875,326.3799999999998,67.31514285714286,35,0,1673.5,1703.5,1692.25,1662.25,301.3799999999998,351.3799999999998
6,59,1712.875,326.3799999999998,66.57318181818181,22,0,1703.5,1733.5,1722.25,1692.25,301.3799999999998,351.3799999999998
6,60,1742.875,326.3799999999998,65.71638888888891,36,0,1733.5,1763.5,1752.25,1722.25,301.3799999999998,351.3799999999998
6,61,1772.875,326.3799999999998,59.294,40,0,1763.5,1793.5,1782.25,1752.25,301.3799999999998,351.3799999999998
6,62,1802.875,326.3799999999998,71.58200000000001,15,0,1793.5,1823.5,1812.25,1782.25,301.3799999999998,351.3799999999998
6,63,1832.875,326.3799999999998,63.7707142857143,28,0,1823.5,1853.5,1842.25,1812.25,301.3799999999998,351.3799999999998
6,64,1862.875,326.3799999999998,63.18150000000001,40,0,1853.5,1883.5,1872.25,1842.25,301.3799999999998,351.3799999999998
6,65,1892.875,326.3799999999998,58.358571428571445,35,0,1883.5,1913.5,1902.25,1872.25,301.3799999999998,351.3799999999998
6,66,1922.875,326.3799999999998,57.626644736842096,38,0,1913.5,1943.5,1932.25,1902.25,301.3799999999998,351.3799999999998
6,67,1952.875,326.3799999999998,63.30033333333333,30,0,1943.5,1973.5,1962.25,1932.25,301.3799999999998,351.3799999999998
6,68,1982.875,326.3799999999998,66.4075,28,0,1973.5,2003.5,1992.25,1962.25,301.3799999999998,351.3799999999998
6,69,2012.875,326.3799999999998,67.07612903225807,31,0,2003.5,2033.5,2022.25,1992.25,301.3799999999998,351.3799999999998
6,70,2042.875,326.3799999999998,65.13085714285712,35,0,2033.5,2063.5,2052.25,2022.25,301.3799999999998,351.3799999999998
6,71,2072.875,326.3799999999998,62.36827586206897,29,0,2063.5,2093.5,2082.25,2052.25,301.3799999999998,351.3799999999998
6,72,2102.875,326.3799999999998,61.602222222222224,27,0,2093.5,2123.5,2112.25,2082.25,301.3799999999998,351.3799999999998
6,73,2132.875,326.3799999999998,62.182500000000005,32,0,2123.5,2153.5,2142.25,2112.25,301.3799999999998,351.3799999999998
6,74,2162.875,326.3799999999998,56.70081081081081,37,0,2153.5,2183.5,2172.25,2142.25,301.3799999999998,351.3799999999998
6,75,2192.875,326.3799999999998,54.07767441860465,43,0,2183.5,2213.5,2202.25,2172.25,301.3799999999998,351.3799999999998
6,76,2222.875,326.3799999999998,33.10615384615385,52,0,2213.5,2243.5,2232.25,2202.25,301.3799999999998,351.3799999999998
6,77,2252.875,326.3799999999998,35.05824561403509,57,0,2243.5,2273.5,2262.25,2232.25,301.3799999999998,351.3799999999998
6,78,2282.875,326.3799999999998,43.47226480836236,41,0,2273.5,2303.5,2292.25,2262.25,301.3799999999998,351.3799999999998
6,79,2312.875,326.3799999999998,47.14888888888889,54,0,2303.5,2333.5,2322.25,2292.25,301.3799999999998,351.3799999999998
6,80,2342.875,326.3799999999998,41.667209302325574,43,0,2333.5,2363.5,2352.25,2322.25,301.3799999999998,351.3799999999998
6,81,2372.875,326.3799999999998,33.01022222222224,45,0,2363.5,2393.5,2382.25,2352.25,301.3799999999998,351.3799999999998
6,82,2402.875,326.3799999999998,27.25488888888889,90,0,2393.5,2423.5,2412.25,2382.25,301.3799999999998,351.3799999999998
6,83,2432.875,326.3799999999998,22.623913043478254,69,0,2423.5,2453.5,2442.25,2412.25,301.3799999999998,351.3799999999998
6,84,2462.875,326.3799999999998,26.69365079365079,63,0,2453.5,2483.5,2472.25,2442.25,301.3799999999998,351.3799999999998
6,85,2492.875,326.3799999999998,27.91921875,64,0,2483.5,2513.5,2502.25,2472.25,301.3799999999998,351.3799999999998
6,86,2522.875,326.3799999999998,28.953269230769248,52,0,2513.5,2543.5,2532.25,2502.25,301.3799999999998,351.3799999999998
6,87,2552.875,326.3799999999998,25.207361111111105,72,0,2543.5,2573.5,2562.25,2532.25,301.3799999999998,351.3799999999998
6,88,2582.875,326.3799999999998,36.66818181818182,55,0,2573.5,2603.5,2592.25,2562.25,301.3799999999998,351.3799999999998
6,89,2612.875,326.3799999999998,40.79673469387756,49,0,2603.5,2633.5,2622.25,2592.25,301.3799999999998,351.3799999999998
6,90,2642.875,326.3799999999998,42.01659574468085,47,0,2633.5,2663.5,2652.25,2622.25,301.3799999999998,351.3799999999998
6,91,2672.875,326.3799999999998,39.734848484848484,33,0,2663.5,2693.5,2682.25,2652.25,301.3799999999998,351.3799999999998
6,92,2702.875,326.3799999999998,36.80745454545455,55,0,2693.5,2723.5,2712.25,2682.25,301.3799999999998,351.3799999999998
6,93,2732.875,326.3799999999998,34.747454545454545,55,0,2723.5,2753.5,2742.25,2712.25,301.3799999999998,351.3799999999998
6,94,2762.875,326.3799999999998,36.665254237288146,59,0,2753.5,2783.5,2772.25,2742.25,301.3799999999998,351.3799999999998
6,95,2792.875,326.3799999999998,42.21615384615385,39,0,2783.5,2813.5,2802.25,2772.25,301.3799999999998,351.3799999999998
6,96,2822.875,326.3799999999998,48.42076923076925,39,0,2813.5,2843.5,2832.25,2802.25,301.3799999999998,351.3799999999998
6,97,2852.875,326.3799999999998,53.45048780487803,41,0,2843.5,2873.5,2862.25,2832.25,301.3799999999998,351.3799999999998
6,98,2882.875,326.3799999999998,53.967,40,0,2873.5,2903.5,2892.25,2862.25,301.3799999999998,351.3799999999998
6,99,2912.875,326.3799999999998,34.03939024390243,82,0,2903.5,2933.5,2922.25,2892.25,301.3799999999998,351.3799999999998
6,100,2942.875,326.3799999999998,16.804625850340123,147,0,2933.5,2963.5,2952.25,2922.25,301.3799999999998,351.3799999999998
6,101,2972.875,326.3799999999998,20.917500000000004,68,0,2963.5,2993.5,2982.25,2952.25,301.3799999999998,351.3799999999998
6,102,3002.875,326.3799999999998,27.40712121212121,66,0,2993.5,3023.5,3012.25,2982.25,301.3799999999998,351.3799999999998
6,103,3032.875,326.3799999999998,36.47489361702127,47,0,3023.5,3053.5,3042.25,3012.25,301.3799999999998,351.3799999999998
6,104,3062.875,326.3799999999998,41.663111111111114,45,0,3053.5,3083.5,3072.25,3042.25,301.3799999999998,351.3799999999998
6,105,3092.875,326.3799999999998,38.13711111111111,45,0,3083.5,3113.5,3102.25,3072.25,301.3799999999998,351.3799999999998
6,106,3122.875,326.3799999999998,25.332131147540988,61,0,3113.5,3143.5,3132.25,3102.25,301.3799999999998,351.3799999999998
6,107,3152.875,326.3799999999998,23.1284090909091,88,0,3143.5,3173.5,3162.25,3132.25,301.3799999999998,351.3799999999998
6,108,3182.875,326.3799999999998,28.297500000000003,64,0,3173.5,3203.5,3192.25,3162.25,301.3799999999998,351.3799999999998
6,109,3212.875,326.3799999999998,38.07574074074072,54,0,3203.5,3233.5,3222.25,3192.25,301.3799999999998,351.3799999999998
6,110,3242.875,326.3799999999998,44.12187500000002,48,0,3233.5,3263.5,3252.25,3222.25,301.3799999999998,351.3799999999998
6,111,3272.875,326.3799999999998,50.876260162601625,41,0,3263.5,3293.5,3282.25,3252.25,301.3799999999998,351.3799999999998
6,112,3302.875,326.3799999999998,51.19756756756757,37,0,3293.5,3323.5,3312.25,3282.25,301.3799999999998,351.3799999999998
6,113,3332.875,326.3799999999998,50.07916049382715,45,0,3323.5,3353.5,3342.25,3312.25,301.3799999999998,351.3799999999998
6,114,3362.875,326.3799999999998,52.35029411764706,34,0,3353.5,3383.5,3372.25,3342.25,301.3799999999998,351.3799999999998
6,115,3392.875,326.3799999999998,44.557547169811315,53,0,3383.5,3413.5,3402.25,3372.25,301.3799999999998,351.3799999999998
6,116,3422.875,326.3799999999998,35.394035087719296,57,0,3413.5,3443.5,3432.25,3402.25,301.3799999999998,351.3799999999998
6,117,3452.875,326.3799999999998,23.91947565543071,89,0,3443.5,3473.5,3462.25,3432.25,301.3799999999998,351.3799999999998
6,118,3482.875,326.3799999999998,21.40012820512821,78,0,3473.5,3503.5,3492.25,3462.25,301.3799999999998,351.3799999999998
6,119,3512.875,326.3799999999998,35.815111111111115,45,0,3503.5,3533.5,3522.25,3492.25,301.3799999999998,351.3799999999998
6,120,3542.875,326.3799999999998,36.60384615384616,52,0,3533.5,3563.5,3552.25,3522.25,301.3799999999998,351.3799999999998
6,121,3572.875,326.3799999999998,39.98872727272728,55,0,3563.5,3593.5,3582.25,3552.25,301.3799999999998,351.3799999999998
6,122,3602.875,326.3799999999998,40.27673469387754,49,0,3593.5,3623.5,3612.25,3582.25,301.3799999999998,351.3799999999998
6,123,3632.875,326.3799999999998,34.53441176470587,34,0,3623.5,3653.5,3642.25,3612.25,301.3799999999998,351.3799999999998
6,124,3662.875,326.3799999999998,,0,0,3653.5,3683.5,3672.25,3642.25,301.3799999999998,351.3799999999998
6,125,3692.875,326.3799999999998,,0,0,3683.5,3713.5,3702.25,3672.25,301.3799999999998,351.3799999999998
6,126,3722.875,326.3799999999998,,0,0,3713.5,3743.5,3732.25,3702.25,301.3799999999998,351.3799999999998
6,127,3752.875,326.3799999999998,,0,0,3743.5,3773.5,3762.25,3732.25,301.3799999999998,351.3799999999998
6,128,3782.875,326.3799999999998,,0,0,3773.5,3803.5,3792.25,3762.25,301.3799999999998,351.3799999999998
6,129,3812.875,326.3799999999998,,0,0,3803.5,3833.5,3822.25,3792.25,301.3799999999998,351.3799999999998
6,130,3842.875,326.3799999999998,,0,0,3833.5,3863.5,3852.25,3822.25,301.3799999999998,351.3799999999998
7,2,-8.375,376.3799999999998,72.45,3,0,-17.75,12.25,1.0,-29.0,351.3799999999998,401.3799999999998
7,3,21.625,376.3799999999998,65.52984375000001,16,0,12.25,42.25,31.0,1.0,351.3799999999998,401.3799999999998
7,4,51.625,376.3799999999998,72.7495,20,0,42.25,72.25,61.0,31.0,351.3799999999998,401.3799999999998
7,5,81.625,376.3799999999998,65.70029411764706,34,0,72.25,102.25,91.0,61.0,351.3799999999998,401.3799999999998
7,6,111.625,376.3799999999998,71.94227272727272,22,0,102.25,132.25,121.0,91.0,351.3799999999998,401.3799999999998
7,7,141.625,376.3799999999998,68.22650000000002,20,0,132.25,162.25,151.0,121.0,351.3799999999998,401.3799999999998
7,8,171.625,376.3799999999998,69.57566666666666,30,0,162.25,192.25,181.0,151.0,351.3799999999998,401.3799999999998
7,9,201.625,376.3799999999998,70.69678571428568,28,0,192.25,222.25,211.0,181.0,351.3799999999998,401.3799999999998
7,10,231.625,376.3799999999998,68.12937500000001,16,0,222.25,252.25,241.0,211.0,351.3799999999998,401.3799999999998
7,11,261.625,376.3799999999998,73.36874999999999,16,0,252.25,282.25,271.0,241.0,351.3799999999998,401.3799999999998
7,12,291.625,376.3799999999998,72.67750000000001,20,0,282.25,312.25,301.0,271.0,351.3799999999998,401.3799999999998
7,13,321.625,376.3799999999998,67.4525,24,0,312.25,342.25,331.0,301.0,351.3799999999998,401.3799999999998
7,14,351.625,376.3799999999998,70.19451612903228,31,0,342.25,372.25,361.0,331.0,351.3799999999998,401.3799999999998
7,15,381.625,376.3799999999998,73.50583333333334,24,0,372.25,402.25,391.0,361.0,351.3799999999998,401.3799999999998
7,16,411.625,376.3799999999998,70.45464285714286,28,0,402.25,432.25,421.0,391.0,351.3799999999998,401.3799999999998
7,17,441.625,376.3799999999998,75.08,13,0,432.25,462.25,451.0,421.0,351.3799999999998,401.3799999999998
7,18,471.625,376.3799999999998,64.19526315789474,19,0,462.25,492.25,481.0,451.0,351.3799999999998,401.3799999999998
7,19,501.625,376.3799999999998,68.60739130434781,23,0,492.25,522.25,511.0,481.0,351.3799999999998,401.3799999999998
7,20,531.625,376.3799999999998,72.4727777777778,18,0,522.25,552.25,541.0,511.0,351.3799999999998,401.3799999999998
7,21,561.625,376.3799999999998,67.05105263157895,19,0,552.25,582.25,571.0,541.0,351.3799999999998,401.3799999999998
7,22,591.625,376.3799999999998,69.26375,24,0,582.25,612.25,601.0,571.0,351.3799999999998,401.3799999999998
7,23,621.625,376.3799999999998,67.73857142857143,21,0,612.25,642.25,631.0,601.0,351.3799999999998,401.3799999999998
7,24,651.625,376.3799999999998,66.70333333333332,27,0,642.25,672.25,661.0,631.0,351.3799999999998,401.3799999999998
7,25,681.625,376.3799999999998,66.36645161290323,31,0,672.25,702.25,691.0,661.0,351.3799999999998,401.3799999999998
7,26,711.625,376.3799999999998,63.39,26,0,702.25,732.25,721.0,691.0,351.3799999999998,401.3799999999998
7,27,741.625,376.3799999999998,65.47,34,0,732.25,762.25,751.0,721.0,351.3799999999998,401.3799999999998
7,28,771.625,376.3799999999998,66.46437500000002,16,0,762.25,792.25,781.0,751.0,351.3799999999998,401.3799999999998
7,29,801.625,376.3799999999998,67.5895652173913,23,0,792.25,822.25,811.0,781.0,351.3799999999998,401.3799999999998
7,30,831.625,376.3799999999998,69.44714285714285,14,0,822.25,852.25,841.0,811.0,351.3799999999998,401.3799999999998
7,31,861.625,376.3799999999998,62.29171428571427,35,0,852.25,882.25,871.0,841.0,351.3799999999998,401.3799999999998
7,32,891.625,376.3799999999998,66.10333333333331,27,0,882.25,912.25,901.0,871.0,351.3799999999998,401.3799999999998
7,33,921.625,376.3799999999998,70.0812,25,0,912.25,942.25,931.0,901.0,351.3799999999998,401.3799999999998
7,34,951.625,376.3799999999998,76.50466666666668,15,0,942.25,972.25,961.0,931.0,351.3799999999998,401.3799999999998
7,35,981.625,376.3799999999998,67.36565217391303,23,0,972.25,1002.25,991.0,961.0,351.3799999999998,401.3799999999998
7,36,1011.625,376.3799999999998,64.51812500000003,32,0,1002.25,1032.25,1021.0,991.0,351.3799999999998,401.3799999999998
7,37,1041.625,376.3799999999998,65.00588235294119,17,0,1032.25,1062.25,1051.0,1021.0,351.3799999999998,401.3799999999998
7,38,1071.625,376.3799999999998,66.2269696969697,33,0,1062.25,1092.25,1081.0,1051.0,351.3799999999998,401.3799999999998
7,39,1101.625,376.3799999999998,71.77066666666666,15,0,1092.25,1122.25,1111.0,1081.0,351.3799999999998,401.3799999999998
7,40,1131.625,376.3799999999998,67.17807692307693,26,0,1122.25,1152.25,1141.0,1111.0,351.3799999999998,401.3799999999998
7,41,1161.625,376.3799999999998,67.03708333333334,24,0,1152.25,1182.25,1171.0,1141.0,351.3799999999998,401.3799999999998
7,42,1191.625,376.3799999999998,65.52720000000001,25,0,1182.25,1212.25,1201.0,1171.0,351.3799999999998,401.3799999999998
7,43,1221.625,376.3799999999998,63.343636363636364,22,0,1212.25,1242.25,1231.0,1201.0,351.3799999999998,401.3799999999998
7,44,1251.625,376.3799999999998,70.06913043478258,23,0,1242.25,1272.25,1261.0,1231.0,351.3799999999998,401.3799999999998
7,45,1281.625,376.3799999999998,70.1661904761905,21,0,1272.25,1302.25,1291.0,1261.0,351.3799999999998,401.3799999999998
7,46,1311.625,376.3799999999998,66.6411111111111,18,0,1302.25,1332.25,1321.0,1291.0,351.3799999999998,401.3799999999998
7,47,1341.625,376.3799999999998,67.91681818181819,22,0,1332.25,1362.25,1351.0,1321.0,351.3799999999998,401.3799999999998
7,48,1371.625,376.3799999999998,73.48076923076923,13,0,1362.25,1392.25,1381.0,1351.0,351.3799999999998,401.3799999999998
7,49,1401.625,376.3799999999998,58.82052631578946,38,0,1392.25,1422.25,1411.0,1381.0,351.3799999999998,401.3799999999998
7,50,1431.625,376.3799999999998,61.11318181818181,44,0,1422.25,1452.25,1441.0,1411.0,351.3799999999998,401.3799999999998
7,51,1461.625,376.3799999999998,62.367428571428576,35,0,1452.25,1482.25,1471.0,1441.0,351.3799999999998,401.3799999999998
7,52,1491.625,376.3799999999998,64.68027777777777,36,0,1482.25,1512.25,1501.0,1471.0,351.3799999999998,401.3799999999998
7,53,1521.625,376.3799999999998,71.51583333333335,24,0,1512.25,1542.25,1531.0,1501.0,351.3799999999998,401.3799999999998
7,54,1551.625,376.3799999999998,71.155,16,0,1542.25,1572.25,1561.0,1531.0,351.3799999999998,401.3799999999998
7,55,1581.625,376.3799999999998,63.3708695652174,23,0,1572.25,1602.25,1591.0,1561.0,351.3799999999998,401.3799999999998
7,56,1611.625,376.3799999999998,60.84028571428571,35,0,1602.25,1632.25,1621.0,1591.0,351.3799999999998,401.3799999999998
7,57,1641.625,376.3799999999998,68.7476923076923,13,0,1632.25,1662.25,1651.0,1621.0,351.3799999999998,401.3799999999998
7,58,1671.625,376.3799999999998,63.75774193548386,31,0,1662.25,1692.25,1681.0,1651.0,351.3799999999998,401.3799999999998
7,59,1701.625,376.3799999999998,69.1185,20,0,1692.25,1722.25,1711.0,1681.0,351.3799999999998,401.3799999999998
7,60,1731.625,376.3799999999998,67.9471875,32,0,1722.25,1752.25,1741.0,1711.0,351.3799999999998,401.3799999999998
7,61,1761.625,376.3799999999998,61.65232558139537,43,0,1752.25,1782.25,1771.0,1741.0,351.3799999999998,401.3799999999998
7,62,1791.625,376.3799999999998,66.18809523809522,21,0,1782.25,1812.25,1801.0,1771.0,351.3799999999998,401.3799999999998
7,63,1821.625,376.3799999999998,70.24050000000001,20,0,1812.25,1842.25,1831.0,1801.0,351.3799999999998,401.3799999999998
7,64,1851.625,376.3799999999998,63.194705882352935,34,0,1842.25,1872.25,1861.0,1831.0,351.3799999999998,401.3799999999998
7,65,1881.625,376.3799999999998,61.11945945945945,37,0,1872.25,1902.25,1891.0,1861.0,351.3799999999998,401.3799999999998
7,66,1911.625,376.3799999999998,56.70447368421051,38,0,1902.25,1932.25,1921.0,1891.0,351.3799999999998,401.3799999999998
7,67,1941.625,376.3799999999998,64.78206896551724,29,0,1932.25,1962.25,1951.0,1921.0,351.3799999999998,401.3799999999998
7,68,1971.625,376.3799999999998,65.02139534883723,43,0,1962.25,1992.25,1981.0,1951.0,351.3799999999998,401.3799999999998
7,69,2001.625,376.3799999999998,66.52521739130435,23,0,1992.25,2022.25,2011.0,1981.0,351.3799999999998,401.3799999999998
7,70,2031.625,376.3799999999998,67.24181818181819,33,0,2022.25,2052.25,2041.0,2011.0,351.3799999999998,401.3799999999998
7,71,2061.625,376.3799999999998,62.28717857142857,40,0,2052.25,2082.25,2071.0,2041.0,351.3799999999998,401.3799999999998
7,72,2091.625,376.3799999999998,59.82092592592591,27,0,2082.25,2112.25,2101.0,2071.0,351.3799999999998,401.3799999999998
7,73,2121.625,376.3799999999998,60.44829268292682,41,0,2112.25,2142.25,2131.0,2101.0,351.3799999999998,401.3799999999998
7,74,2151.625,376.3799999999998,55.3770731707317,41,0,2142.25,2172.25,2161.0,2131.0,351.3799999999998,401.3799999999998
7,75,2181.625,376.3799999999998,55.06404761904761,42,0,2172.25,2202.25,2191.0,2161.0,351.3799999999998,401.3799999999998
7,76,2211.625,376.3799999999998,37.87711538461539,52,0,2202.25,2232.25,2221.0,2191.0,351.3799999999998,401.3799999999998
7,77,2241.625,376.3799999999998,33.59588235294118,51,0,2232.25,2262.25,2251.0,2221.0,351.3799999999998,401.3799999999998
7,78,2271.625,376.3799999999998,43.514999999999986,52,0,2262.25,2292.25,2281.0,2251.0,351.3799999999998,401.3799999999998
7,79,2301.625,376.3799999999998,49.51447368421052,38,0,2292.25,2322.25,2311.0,2281.0,351.3799999999998,401.3799999999998
7,80,2331.625,376.3799999999998,45.19425714285715,50,0,2322.25,2352.25,2341.0,2311.0,351.3799999999998,401.3799999999998
7,81,2361.625,376.3799999999998,35.759727463312366,53,0,2352.25,2382.25,2371.0,2341.0,351.3799999999998,401.3799999999998
7,82,2391.625,376.3799999999998,25.022058823529417,68,0,2382.25,2412.25,2401.0,2371.0,351.3799999999998,401.3799999999998
7,83,2421.625,376.3799999999998,25.808823529411764,68,0,2412.25,2442.25,2431.0,2401.0,351.3799999999998,401.3799999999998
7,84,2451.625,376.3799999999998,31.34673076923076,52,0,2442.25,2472.25,2461.0,2431.0,351.3799999999998,401.3799999999998
7,85,2481.625,376.3799999999998,32.42925925925925,54,0,2472.25,2502.25,2491.0,2461.0,351.3799999999998,401.3799999999998
7,86,2511.625,376.3799999999998,33.065636363636365,55,0,2502.25,2532.25,2521.0,2491.0,351.3799999999998,401.3799999999998
7,87,2541.625,376.3799999999998,26.91462962962963,54,0,2532.25,2562.25,2551.0,2521.0,351.3799999999998,401.3799999999998
7,88,2571.625,376.3799999999998,31.625624999999996,64,0,2562.25,2592.25,2581.0,2551.0,351.3799999999998,401.3799999999998
7,89,2601.625,376.3799999999998,42.96422222222223,45,0,2592.25,2622.25,2611.0,2581.0,351.3799999999998,401.3799999999998
7,90,2631.625,376.3799999999998,43.148723404255314,47,0,2622.25,2652.25,2641.0,2611.0,351.3799999999998,401.3799999999998
7,91,2661.625,376.3799999999998,38.68891891891892,37,0,2652.25,2682.25,2671.0,2641.0,351.3799999999998,401.3799999999998
7,92,2691.625,376.3799999999998,39.779951923076915,52,0,2682.25,2712.25,2701.0,2671.0,351.3799999999998,401.3799999999998
7,93,2721.625,376.3799999999998,36.406140350877195,57,0,2712.25,2742.25,2731.0,2701.0,351.3799999999998,401.3799999999998
7,94,2751.625,376.3799999999998,36.663214285714275,56,0,2742.25,2772.25,2761.0,2731.0,351.3799999999998,401.3799999999998
7,95,2781.625,376.3799999999998,42.818843537414956,49,0,2772.25,2802.25,2791.0,2761.0,351.3799999999998,401.3799999999998
7,96,2811.625,376.3799999999998,46.282272727272726,44,0,2802.25,2832.25,2821.0,2791.0,351.3799999999998,401.3799999999998
7,97,2841.625,376.3799999999998,54.6497619047619,42,0,2832.25,2862.25,2851.0,2821.0,351.3799999999998,401.3799999999998
7,98,2871.625,376.3799999999998,56.955000000000005,36,0,2862.25,2892.25,2881.0,2851.0,351.3799999999998,401.3799999999998
7,99,2901.625,376.3799999999998,43.21017543859649,57,0,2892.25,2922.25,2911.0,2881.0,351.3799999999998,401.3799999999998
7,100,2931.625,376.3799999999998,12.146950354609942,141,0,2922.25,2952.25,2941.0,2911.0,351.3799999999998,401.3799999999998
7,101,2961.625,376.3799999999998,19.95581395348837,86,0,2952.25,2982.25,2971.0,2941.0,351.3799999999998,401.3799999999998
7,102,2991.625,376.3799999999998,25.418400000000005,75,0,2982.25,3012.25,3001.0,2971.0,351.3799999999998,401.3799999999998
7,103,3021.625,376.3799999999998,36.302083333333336,48,0,3012.25,3042.25,3031.0,3001.0,351.3799999999998,401.3799999999998
7,104,3051.625,376.3799999999998,45.88405405405406,37,0,3042.25,3072.25,3061.0,3031.0,351.3799999999998,401.3799999999998
7,105,3081.625,376.3799999999998,42.549782608695644,46,0,3072.25,3102.25,3091.0,3061.0,351.3799999999998,401.3799999999998
7,106,3111.625,376.3799999999998,28.830888888888897,45,0,3102.25,3132.25,3121.0,3091.0,351.3799999999998,401.3799999999998
7,107,3141.625,376.3799999999998,22.379866666666658,75,0,3132.25,3162.25,3151.0,3121.0,351.3799999999998,401.3799999999998
7,108,3171.625,376.3799999999998,27.59518987341771,79,0,3162.25,3192.25,3181.0,3151.0,351.3799999999998,401.3799999999998
7,109,3201.625,376.3799999999998,36.62547169811321,53,0,3192.25,3222.25,3211.0,3181.0,351.3799999999998,401.3799999999998
7,110,3231.625,376.3799999999998,40.68938775510203,49,0,3222.25,3252.25,3241.0,3211.0,351.3799999999998,401.3799999999998
7,111,3261.625,376.3799999999998,44.21928571428571,42,0,3252.25,3282.25,3271.0,3241.0,351.3799999999998,401.3799999999998
7,112,3291.625,376.3799999999998,54.27030303030302,33,0,3282.25,3312.25,3301.0,3271.0,351.3799999999998,401.3799999999998
7,113,3321.625,376.3799999999998,49.83659090909091,44,0,3312.25,3342.25,3331.0,3301.0,351.3799999999998,401.3799999999998
7,114,3351.625,376.3799999999998,47.66117647058824,34,0,3342.25,3372.25,3361.0,3331.0,351.3799999999998,401.3799999999998
7,115,3381.625,376.3799999999998,47.06157894736842,38,0,3372.25,3402.25,3391.0,3361.0,351.3799999999998,401.3799999999998
7,116,3411.625,376.3799999999998,37.10983050847457,59,0,3402.25,3432.25,3421.0,3391.0,351.3799999999998,401.3799999999998
7,117,3441.625,376.3799999999998,14.786764705882355,102,0,3432.25,3462.25,3451.0,3421.0,351.3799999999998,401.3799999999998
7,118,3471.625,376.3799999999998,21.574933333333345,75,0,3462.25,3492.25,3481.0,3451.0,351.3799999999998,401.3799999999998
7,119,3501.625,376.3799999999998,39.986511627906985,43,0,3492.25,3522.25,3511.0,3481.0,351.3799999999998,401.3799999999998
7,120,3531.625,376.3799999999998,40.74613636363635,44,0,3522.25,3552.25,3541.0,3511.0,351.3799999999998,401.3799999999998
7,121,3561.625,376.3799999999998,43.67551020408164,49,0,3552.25,3582.25,3571.0,3541.0,351.3799999999998,401.3799999999998
7,122,3591.625,376.3799999999998,41.928125,48,0,3582.25,3612.25,3601.0,3571.0,351.3799999999998,401.3799999999998
7,123,3621.625,376.3799999999998,39.29860465116279,43,0,3612.25,3642.25,3631.0,3601.0,351.3799999999998,401.3799999999998
7,124,3651.625,376.3799999999998,34.97,4,0,3642.25,3672.25,3661.0,3631.0,351.3799999999998,401.3799999999998
7,125,3681.625,376.3799999999998,,0,0,3672.25,3702.25,3691.0,3661.0,351.3799999999998,401.3799999999998
7,126,3711.625,376.3799999999998,,0,0,3702.25,3732.25,3721.0,3691.0,351.3799999999998,401.3799999999998
7,127,3741.625,376.3799999999998,,0,0,3732.25,3762.25,3751.0,3721.0,351.3799999999998,401.3799999999998
7,128,3771.625,376.3799999999998,,0,0,3762.25,3792.25,3781.0,3751.0,351.3799999999998,401.3799999999998
7,129,3801.625,376.3799999999998,,0,0,3792.25,3822.25,3811.0,3781.0,351.3799999999998,401.3799999999998
7,130,3831.625,376.3799999999998,,0,0,3822.25,3852.25,3841.0,3811.0,351.3799999999998,401.3799999999998
8,3,10.375,426.3799999999998,67.08111111111111,9,0,1.0,31.0,19.75,-10.25,401.3799999999998,451.3799999999998
8,4,40.375,426.3799999999998,67.55615384615386,26,0,31.0,61.0,49.75,19.75,401.3799999999998,451.3799999999998
8,5,70.375,426.3799999999998,68.22346153846155,26,0,61.0,91.0,79.75,49.75,401.3799999999998,451.3799999999998
8,6,100.375,426.3799999999998,66.30730769230767,26,0,91.0,121.0,109.75,79.75,401.3799999999998,451.3799999999998
8,7,130.375,426.3799999999998,67.86611111111111,18,0,121.0,151.0,139.75,109.75,401.3799999999998,451.3799999999998
8,8,160.375,426.3799999999998,66.44,33,0,151.0,181.0,169.75,139.75,401.3799999999998,451.3799999999998
8,9,190.375,426.3799999999998,69.71363636363637,33,0,181.0,211.0,199.75,169.75,401.3799999999998,451.3799999999998
8,10,220.375,426.3799999999998,69.41499999999999,14,0,211.0,241.0,229.75,199.75,401.3799999999998,451.3799999999998
8,11,250.375,426.3799999999998,69.17947368421054,19,0,241.0,271.0,259.75,229.75,401.3799999999998,451.3799999999998
8,12,280.375,426.3799999999998,72.97941176470589,17,0,271.0,301.0,289.75,259.75,401.3799999999998,451.3799999999998
8,13,310.375,426.3799999999998,68.10947368421053,19,0,301.0,331.0,319.75,289.75,401.3799999999998,451.3799999999998
8,14,340.375,426.3799999999998,66.226,25,0,331.0,361.0,349.75,319.75,401.3799999999998,451.3799999999998
8,15,370.375,426.3799999999998,69.0692,25,0,361.0,391.0,379.75,349.75,401.3799999999998,451.3799999999998
8,16,400.375,426.3799999999998,72.99416666666666,24,0,391.0,421.0,409.75,379.75,401.3799999999998,451.3799999999998
8,17,430.375,426.3799999999998,70.26736842105262,19,0,421.0,451.0,439.75,409.75,401.3799999999998,451.3799999999998
8,18,460.375,426.3799999999998,64.32263157894738,19,0,451.0,481.0,469.75,439.75,401.3799999999998,451.3799999999998
8,19,490.375,426.3799999999998,66.29111111111109,18,0,481.0,511.0,499.75,469.75,401.3799999999998,451.3799999999998
8,20,520.375,426.3799999999998,68.2804761904762,21,0,511.0,541.0,529.75,499.75,401.3799999999998,451.3799999999998
8,21,550.375,426.3799999999998,68.07727272727274,22,0,541.0,571.0,559.75,529.75,401.3799999999998,451.3799999999998
8,22,580.375,426.3799999999998,65.6576923076923,26,0,571.0,601.0,589.75,559.75,401.3799999999998,451.3799999999998
8,23,610.375,426.3799999999998,64.9576923076923,26,0,601.0,631.0,619.75,589.75,401.3799999999998,451.3799999999998
8,24,640.375,426.3799999999998,63.9359090909091,22,0,631.0,661.0,649.75,619.75,401.3799999999998,451.3799999999998
8,25,670.375,426.3799999999998,66.21440000000001,25,0,661.0,691.0,679.75,649.75,401.3799999999998,451.3799999999998
8,26,700.375,426.3799999999998,62.6934375,32,0,691.0,721.0,709.75,679.75,401.3799999999998,451.3799999999998
8,27,730.375,426.3799999999998,62.43645161290324,31,0,721.0,751.0,739.75,709.75,401.3799999999998,451.3799999999998
8,28,760.375,426.3799999999998,64.86115384615384,26,0,751.0,781.0,769.75,739.75,401.3799999999998,451.3799999999998
8,29,790.375,426.3799999999998,61.51208333333333,24,0,781.0,811.0,799.75,769.75,401.3799999999998,451.3799999999998
8,30,820.375,426.3799999999998,68.70318181818185,22,0,811.0,841.0,829.75,799.75,401.3799999999998,451.3799999999998
8,31,850.375,426.3799999999998,61.14526315789474,19,0,841.0,871.0,859.75,829.75,401.3799999999998,451.3799999999998
8,32,880.375,426.3799999999998,60.694193548387105,31,0,871.0,901.0,889.75,859.75,401.3799999999998,451.3799999999998
8,33,910.375,426.3799999999998,67.04592592592593,27,0,901.0,931.0,919.75,889.75,401.3799999999998,451.3799999999998
8,34,940.375,426.3799999999998,72.13857142857144,14,0,931.0,961.0,949.75,919.75,401.3799999999998,451.3799999999998
8,35,970.375,426.3799999999998,68.96,26,0,961.0,991.0,979.75,949.75,401.3799999999998,451.3799999999998
8,36,1000.375,426.3799999999998,64.42846153846153,26,0,991.0,1021.0,1009.75,979.75,401.3799999999998,451.3799999999998
8,37,1030.375,426.3799999999998,60.71333333333334,27,0,1021.0,1051.0,1039.75,1009.75,401.3799999999998,451.3799999999998
8,38,1060.375,426.3799999999998,61.11764705882353,17,0,1051.0,1081.0,1069.75,1039.75,401.3799999999998,451.3799999999998
8,39,1090.375,426.3799999999998,69.0282608695652,23,0,1081.0,1111.0,1099.75,1069.75,401.3799999999998,451.3799999999998
8,40,1120.375,426.3799999999998,65.17984848484849,22,0,1111.0,1141.0,1129.75,1099.75,401.3799999999998,451.3799999999998
8,41,1150.375,426.3799999999998,65.3793103448276,29,0,1141.0,1171.0,1159.75,1129.75,401.3799999999998,451.3799999999998
8,42,1180.375,426.3799999999998,62.80774193548387,31,0,1171.0,1201.0,1189.75,1159.75,401.3799999999998,451.3799999999998
8,43,1210.375,426.3799999999998,67.48692307692308,13,0,1201.0,1231.0,1219.75,1189.75,401.3799999999998,451.3799999999998
8,44,1240.375,426.3799999999998,63.74972222222223,36,0,1231.0,1261.0,1249.75,1219.75,401.3799999999998,451.3799999999998
8,45,1270.375,426.3799999999998,70.93124999999999,24,0,1261.0,1291.0,1279.75,1249.75,401.3799999999998,451.3799999999998
8,46,1300.375,426.3799999999998,64.636,20,0,1291.0,1321.0,1309.75,1279.75,401.3799999999998,451.3799999999998
8,47,1330.375,426.3799999999998,63.82739130434783,23,0,1321.0,1351.0,1339.75,1309.75,401.3799999999998,451.3799999999998
8,48,1360.375,426.3799999999998,70.32199999999997,15,0,1351.0,1381.0,1369.75,1339.75,401.3799999999998,451.3799999999998
8,49,1390.375,426.3799999999998,59.87888888888889,18,0,1381.0,1411.0,1399.75,1369.75,401.3799999999998,451.3799999999998
8,50,1420.375,426.3799999999998,58.324888888888864,45,0,1411.0,1441.0,1429.75,1399.75,401.3799999999998,451.3799999999998
8,51,1450.375,426.3799999999998,56.472820512820526,39,0,1441.0,1471.0,1459.75,1429.75,401.3799999999998,451.3799999999998
8,52,1480.375,426.3799999999998,62.60416666666666,36,0,1471.0,1501.0,1489.75,1459.75,401.3799999999998,451.3799999999998
8,53,1510.375,426.3799999999998,66.85518518518519,27,0,1501.0,1531.0,1519.75,1489.75,401.3799999999998,451.3799999999998
8,54,1540.375,426.3799999999998,71.97576923076923,26,0,1531.0,1561.0,1549.75,1519.75,401.3799999999998,451.3799999999998
8,55,1570.375,426.3799999999998,66.46214285714285,14,0,1561.0,1591.0,1579.75,1549.75,401.3799999999998,451.3799999999998
8,56,1600.375,426.3799999999998,59.5109375,32,0,1591.0,1621.0,1609.75,1579.75,401.3799999999998,451.3799999999998
8,57,1630.375,426.3799999999998,64.07392857142857,28,0,1621.0,1651.0,1639.75,1609.75,401.3799999999998,451.3799999999998
8,58,1660.375,426.3799999999998,63.21958333333334,24,0,1651.0,1681.0,1669.75,1639.75,401.3799999999998,451.3799999999998
8,59,1690.375,426.3799999999998,66.30032258064514,31,0,1681.0,1711.0,1699.75,1669.75,401.3799999999998,451.3799999999998
8,60,1720.375,426.3799999999998,64.67869565217393,23,0,1711.0,1741.0,1729.75,1699.75,401.3799999999998,451.3799999999998
8,61,1750.375,426.3799999999998,64.84594594594593,37,0,1741.0,1771.0,1759.75,1729.75,401.3799999999998,451.3799999999998
8,62,1780.375,426.3799999999998,61.652926829268296,41,0,1771.0,1801.0,1789.75,1759.75,401.3799999999998,451.3799999999998
8,63,1810.375,426.3799999999998,71.16777777777776,9,0,1801.0,1831.0,1819.75,1789.75,401.3799999999998,451.3799999999998
8,64,1840.375,426.3799999999998,62.59428571428571,28,0,1831.0,1861.0,1849.75,1819.75,401.3799999999998,451.3799999999998
8,65,1870.375,426.3799999999998,60.36048780487804,41,0,1861.0,1891.0,1879.75,1849.75,401.3799999999998,451.3799999999998
8,66,1900.375,426.3799999999998,58.859428571428566,35,0,1891.0,1921.0,1909.75,1879.75,401.3799999999998,451.3799999999998
8,67,1930.375,426.3799999999998,58.91846153846154,39,0,1921.0,1951.0,1939.75,1909.75,401.3799999999998,451.3799999999998
8,68,1960.375,426.3799999999998,63.265312500000014,32,0,1951.0,1981.0,1969.75,1939.75,401.3799999999998,451.3799999999998
8,69,1990.375,426.3799999999998,65.6409090909091,33,0,1981.0,2011.0,1999.75,1969.75,401.3799999999998,451.3799999999998
8,70,2020.375,426.3799999999998,65.30161290322582,31,0,2011.0,2041.0,2029.75,1999.75,401.3799999999998,451.3799999999998
8,71,2050.375,426.3799999999998,58.80813953488373,43,0,2041.0,2071.0,2059.75,2029.75,401.3799999999998,451.3799999999998
8,72,2080.375,426.3799999999998,54.01285714285715,42,0,2071.0,2101.0,2089.75,2059.75,401.3799999999998,451.3799999999998
8,73,2110.375,426.3799999999998,54.90176470588235,34,0,2101.0,2131.0,2119.75,2089.75,401.3799999999998,451.3799999999998
8,74,2140.375,426.3799999999998,43.65910714285714,56,0,2131.0,2161.0,2149.75,2119.75,401.3799999999998,451.3799999999998
8,75,2170.375,426.3799999999998,49.768,50,0,2161.0,2191.0,2179.75,2149.75,401.3799999999998,451.3799999999998
8,76,2200.375,426.3799999999998,33.54014285714287,70,0,2191.0,2221.0,2209.75,2179.75,401.3799999999998,451.3799999999998
8,77,2230.375,426.3799999999998,28.84537037037038,54,0,2221.0,2251.0,2239.75,2209.75,401.3799999999998,451.3799999999998
8,78,2260.375,426.3799999999998,38.89653846153847,52,0,2251.0,2281.0,2269.75,2239.75,401.3799999999998,451.3799999999998
8,79,2290.375,426.3799999999998,47.99525,40,0,2281.0,2311.0,2299.75,2269.75,401.3799999999998,451.3799999999998
8,80,2320.375,426.3799999999998,45.141132075471695,53,0,2311.0,2341.0,2329.75,2299.75,401.3799999999998,451.3799999999998
8,81,2350.375,426.3799999999998,36.61114754098361,61,0,2341.0,2371.0,2359.75,2329.75,401.3799999999998,451.3799999999998
8,82,2380.375,426.3799999999998,20.163333333333334,84,0,2371.0,2401.0,2389.75,2359.75,401.3799999999998,451.3799999999998
8,83,2410.375,426.3799999999998,24.01121951219512,82,0,2401.0,2431.0,2419.75,2389.75,401.3799999999998,451.3799999999998
8,84,2440.375,426.3799999999998,31.86499999999999,50,0,2431.0,2461.0,2449.75,2419.75,401.3799999999998,451.3799999999998
8,85,2470.375,426.3799999999998,32.13627450980392,51,0,2461.0,2491.0,2479.75,2449.75,401.3799999999998,451.3799999999998
8,86,2500.375,426.3799999999998,32.879333333333335,60,0,2491.0,2521.0,2509.75,2479.75,401.3799999999998,451.3799999999998
8,87,2530.375,426.3799999999998,22.450833333333332,60,0,2521.0,2551.0,2539.75,2509.75,401.3799999999998,451.3799999999998
8,88,2560.375,426.3799999999998,25.944761904761904,63,0,2551.0,2581.0,2569.75,2539.75,401.3799999999998,451.3799999999998
8,89,2590.375,426.3799999999998,32.40434782608696,69,0,2581.0,2611.0,2599.75,2569.75,401.3799999999998,451.3799999999998
8,90,2620.375,426.3799999999998,44.34422222222223,45,0,2611.0,2641.0,2629.75,2599.75,401.3799999999998,451.3799999999998
8,91,2650.375,426.3799999999998,34.787800000000004,50,0,2641.0,2671.0,2659.75,2629.75,401.3799999999998,451.3799999999998
8,92,2680.375,426.3799999999998,38.360882352941175,34,0,2671.0,2701.0,2689.75,2659.75,401.3799999999998,451.3799999999998
8,93,2710.375,426.3799999999998,37.35031746031748,63,0,2701.0,2731.0,2719.75,2689.75,401.3799999999998,451.3799999999998
8,94,2740.375,426.3799999999998,39.23744505494506,52,0,2731.0,2761.0,2749.75,2719.75,401.3799999999998,451.3799999999998
8,95,2770.375,426.3799999999998,42.10849056603774,53,0,2761.0,2791.0,2779.75,2749.75,401.3799999999998,451.3799999999998
8,96,2800.375,426.3799999999998,42.54432432432433,37,0,2791.0,2821.0,2809.75,2779.75,401.3799999999998,451.3799999999998
8,97,2830.375,426.3799999999998,52.07886363636364,44,0,2821.0,2851.0,2839.75,2809.75,401.3799999999998,451.3799999999998
8,98,2860.375,426.3799999999998,56.406486486486486,37,0,2851.0,2881.0,2869.75,2839.75,401.3799999999998,451.3799999999998
8,99,2890.375,426.3799999999998,46.87759999999999,50,0,2881.0,2911.0,2899.75,2869.75,401.3799999999998,451.3799999999998
8,100,2920.375,426.3799999999998,15.59114754098361,122,0,2911.0,2941.0,2929.75,2899.75,401.3799999999998,451.3799999999998
8,101,2950.375,426.3799999999998,15.871764705882363,119,0,2941.0,2971.0,2959.75,2929.75,401.3799999999998,451.3799999999998
8,102,2980.375,426.3799999999998,18.866785714285705,84,0,2971.0,3001.0,2989.75,2959.75,401.3799999999998,451.3799999999998
8,103,3010.375,426.3799999999998,31.63619047619049,63,0,3001.0,3031.0,3019.75,2989.75,401.3799999999998,451.3799999999998
8,104,3040.375,426.3799999999998,44.06189189189189,37,0,3031.0,3061.0,3049.75,3019.75,401.3799999999998,451.3799999999998
8,105,3070.375,426.3799999999998,46.15599999999999,40,0,3061.0,3091.0,3079.75,3049.75,401.3799999999998,451.3799999999998
8,106,3100.375,426.3799999999998,22.656164383561645,73,0,3091.0,3121.0,3109.75,3079.75,401.3799999999998,451.3799999999998
8,107,3130.375,426.3799999999998,18.442999999999998,70,0,3121.0,3151.0,3139.75,3109.75,401.3799999999998,451.3799999999998
8,108,3160.375,426.3799999999998,22.150555555555556,90,0,3151.0,3181.0,3169.75,3139.75,401.3799999999998,451.3799999999998
8,109,3190.375,426.3799999999998,29.459999999999994,72,0,3181.0,3211.0,3199.75,3169.75,401.3799999999998,451.3799999999998
8,110,3220.375,426.3799999999998,36.584137931034476,58,0,3211.0,3241.0,3229.75,3199.75,401.3799999999998,451.3799999999998
8,111,3250.375,426.3799999999998,29.16287671232877,73,0,3241.0,3271.0,3259.75,3229.75,401.3799999999998,451.3799999999998
8,112,3280.375,426.3799999999998,44.615,40,0,3271.0,3301.0,3289.75,3259.75,401.3799999999998,451.3799999999998
8,113,3310.375,426.3799999999998,51.773846153846144,39,0,3301.0,3331.0,3319.75,3289.75,401.3799999999998,451.3799999999998
8,114,3340.375,426.3799999999998,43.23408163265307,49,0,3331.0,3361.0,3349.75,3319.75,401.3799999999998,451.3799999999998
8,115,3370.375,426.3799999999998,43.1763157894737,38,0,3361.0,3391.0,3379.75,3349.75,401.3799999999998,451.3799999999998
8,116,3400.375,426.3799999999998,40.718979591836735,49,0,3391.0,3421.0,3409.75,3379.75,401.3799999999998,451.3799999999998
8,117,3430.375,426.3799999999998,18.65299145299146,78,0,3421.0,3451.0,3439.75,3409.75,401.3799999999998,451.3799999999998
8,118,3460.375,426.3799999999998,23.365438596491227,57,0,3451.0,3481.0,3469.75,3439.75,401.3799999999998,451.3799999999998
8,119,3490.375,426.3799999999998,39.08478260869563,46,0,3481.0,3511.0,3499.75,3469.75,401.3799999999998,451.3799999999998
8,120,3520.375,426.3799999999998,46.625161290322595,31,0,3511.0,3541.0,3529.75,3499.75,401.3799999999998,451.3799999999998
8,121,3550.375,426.3799999999998,43.70499999999999,42,0,3541.0,3571.0,3559.75,3529.75,401.3799999999998,451.3799999999998
8,122,3580.375,426.3799999999998,46.09534883720931,43,0,3571.0,3601.0,3589.75,3559.75,401.3799999999998,451.3799999999998
8,123,3610.375,426.3799999999998,43.698837209302326,43,0,3601.0,3631.0,3619.75,3589.75,401.3799999999998,451.3799999999998
8,124,3640.375,426.3799999999998,37.59733333333334,30,0,3631.0,3661.0,3649.75,3619.75,401.3799999999998,451.3799999999998
8,125,3670.375,426.3799999999998,,0,0,3661.0,3691.0,3679.75,3649.75,401.3799999999998,451.3799999999998
8,126,3700.375,426.3799999999998,,0,0,3691.0,3721.0,3709.75,3679.75,401.3799999999998,451.3799999999998
8,127,3730.375,426.3799999999998,,0,0,3721.0,3751.0,3739.75,3709.75,401.3799999999998,451.3799999999998
8,128,3760.375,426.3799999999998,,0,0,3751.0,3781.0,3769.75,3739.75,401.3799999999998,451.3799999999998
8,129,3790.375,426.3799999999998,,0,0,3781.0,3811.0,3799.75,3769.75,401.3799999999998,451.3799999999998
8,130,3820.375,426.3799999999998,,0,0,3811.0,3841.0,3829.75,3799.75,401.3799999999998,451.3799999999998
9,3,-0.875,476.3799999999998,76.45833333333334,10,0,-10.25,19.75,8.5,-21.5,451.3799999999998,501.3799999999998
9,4,29.125,476.3799999999998,66.51500000000001,18,0,19.75,49.75,38.5,8.5,451.3799999999998,501.3799999999998
9,5,59.125,476.3799999999998,71.70136363636362,22,0,49.75,79.75,68.5,38.5,451.3799999999998,501.3799999999998
9,6,89.125,476.3799999999998,65.65064516129034,31,0,79.75,109.75,98.5,68.5,451.3799999999998,501.3799999999998
9,7,119.125,476.3799999999998,69.88238095238096,21,0,109.75,139.75,128.5,98.5,451.3799999999998,501.3799999999998
9,8,149.125,476.3799999999998,68.64625,16,0,139.75,169.75,158.5,128.5,451.3799999999998,501.3799999999998
9,9,179.125,476.3799999999998,69.17781249999999,32,0,169.75,199.75,188.5,158.5,451.3799999999998,501.3799999999998
9,10,209.125,476.3799999999998,69.6962962962963,27,0,199.75,229.75,218.5,188.5,451.3799999999998,501.3799999999998
9,11,239.125,476.3799999999998,68.768,15,0,229.75,259.75,248.5,218.5,451.3799999999998,501.3799999999998
9,12,269.125,476.3799999999998,73.26750000000001,16,0,259.75,289.75,278.5,248.5,451.3799999999998,501.3799999999998
9,13,299.125,476.3799999999998,70.84368421052632,19,0,289.75,319.75,308.5,278.5,451.3799999999998,501.3799999999998
9,14,329.125,476.3799999999998,66.86280000000002,25,0,319.75,349.75,338.5,308.5,451.3799999999998,501.3799999999998
9,15,359.125,476.3799999999998,69.90259259259258,27,0,349.75,379.75,368.5,338.5,451.3799999999998,501.3799999999998
9,16,389.125,476.3799999999998,73.99,21,0,379.75,409.75,398.5,368.5,451.3799999999998,501.3799999999998
9,17,419.125,476.3799999999998,70.71296296296293,27,0,409.75,439.75,428.5,398.5,451.3799999999998,501.3799999999998
9,18,449.125,476.3799999999998,73.28800000000001,15,0,439.75,469.75,458.5,428.5,451.3799999999998,501.3799999999998
9,19,479.125,476.3799999999998,64.94952380952381,21,0,469.75,499.75,488.5,458.5,451.3799999999998,501.3799999999998
9,20,509.125,476.3799999999998,67.06142857142859,21,0,499.75,529.75,518.5,488.5,451.3799999999998,501.3799999999998
9,21,539.125,476.3799999999998,70.13944444444445,18,0,529.75,559.75,548.5,518.5,451.3799999999998,501.3799999999998
9,22,569.125,476.3799999999998,66.51350000000001,20,0,559.75,589.75,578.5,548.5,451.3799999999998,501.3799999999998
9,23,599.125,476.3799999999998,67.32285714285715,21,0,589.75,619.75,608.5,578.5,451.3799999999998,501.3799999999998
9,24,629.125,476.3799999999998,64.55000000000001,20,0,619.75,649.75,638.5,608.5,451.3799999999998,501.3799999999998
9,25,659.125,476.3799999999998,65.48151515151514,33,0,649.75,679.75,668.5,638.5,451.3799999999998,501.3799999999998
9,26,689.125,476.3799999999998,64.79919999999998,25,0,679.75,709.75,698.5,668.5,451.3799999999998,501.3799999999998
9,27,719.125,476.3799999999998,60.43923076923076,26,0,709.75,739.75,728.5,698.5,451.3799999999998,501.3799999999998
9,28,749.125,476.3799999999998,66.04970588235292,34,0,739.75,769.75,758.5,728.5,451.3799999999998,501.3799999999998
9,29,779.125,476.3799999999998,64.64,17,0,769.75,799.75,788.5,758.5,451.3799999999998,501.3799999999998
9,30,809.125,476.3799999999998,67.10458333333334,24,0,799.75,829.75,818.5,788.5,451.3799999999998,501.3799999999998
9,31,839.125,476.3799999999998,66.25,16,0,829.75,859.75,848.5,818.5,451.3799999999998,501.3799999999998
9,32,869.125,476.3799999999998,60.71382352941176,34,0,859.75,889.75,878.5,848.5,451.3799999999998,501.3799999999998
9,33,899.125,476.3799999999998,65.85583333333332,24,0,889.75,919.75,908.5,878.5,451.3799999999998,501.3799999999998
9,34,929.125,476.3799999999998,69.84115384615384,26,0,919.75,949.75,938.5,908.5,451.3799999999998,501.3799999999998
9,35,959.125,476.3799999999998,72.46285714285713,14,0,949.75,979.75,968.5,938.5,451.3799999999998,501.3799999999998
9,36,989.125,476.3799999999998,65.03826086956522,23,0,979.75,1009.75,998.5,968.5,451.3799999999998,501.3799999999998
9,37,1019.125,476.3799999999998,63.130689655172425,29,0,1009.75,1039.75,1028.5,998.5,451.3799999999998,501.3799999999998
9,38,1049.125,476.3799999999998,63.222941176470584,17,0,1039.75,1069.75,1058.5,1028.5,451.3799999999998,501.3799999999998
9,39,1079.125,476.3799999999998,64.382,30,0,1069.75,1099.75,1088.5,1058.5,451.3799999999998,501.3799999999998
9,40,1109.125,476.3799999999998,70.88142857142857,14,0,1099.75,1129.75,1118.5,1088.5,451.3799999999998,501.3799999999998
9,41,1139.125,476.3799999999998,65.45433333333334,30,0,1129.75,1159.75,1148.5,1118.5,451.3799999999998,501.3799999999998
9,42,1169.125,476.3799999999998,65.27083333333333,24,0,1159.75,1189.75,1178.5,1148.5,451.3799999999998,501.3799999999998
9,43,1199.125,476.3799999999998,64.63869565217392,23,0,1189.75,1219.75,1208.5,1178.5,451.3799999999998,501.3799999999998
9,44,1229.125,476.3799999999998,62.444782608695654,23,0,1219.75,1249.75,1238.5,1208.5,451.3799999999998,501.3799999999998
9,45,1259.125,476.3799999999998,68.44240000000002,25,0,1249.75,1279.75,1268.5,1238.5,451.3799999999998,501.3799999999998
9,46,1289.125,476.3799999999998,65.64347826086957,23,0,1279.75,1309.75,1298.5,1268.5,451.3799999999998,501.3799999999998
9,47,1319.125,476.3799999999998,63.075789473684225,19,0,1309.75,1339.75,1328.5,1298.5,451.3799999999998,501.3799999999998
9,48,1349.125,476.3799999999998,66.89727272727272,22,0,1339.75,1369.75,1358.5,1328.5,451.3799999999998,501.3799999999998
9,49,1379.125,476.3799999999998,69.18090909090908,11,0,1369.75,1399.75,1388.5,1358.5,451.3799999999998,501.3799999999998
9,50,1409.125,476.3799999999998,57.999,40,0,1399.75,1429.75,1418.5,1388.5,451.3799999999998,501.3799999999998
9,51,1439.125,476.3799999999998,60.590250000000005,40,0,1429.75,1459.75,1448.5,1418.5,451.3799999999998,501.3799999999998
9,52,1469.125,476.3799999999998,60.885142857142874,35,0,1459.75,1489.75,1478.5,1448.5,451.3799999999998,501.3799999999998
9,53,1499.125,476.3799999999998,64.85935483870968,31,0,1489.75,1519.75,1508.5,1478.5,451.3799999999998,501.3799999999998
9,54,1529.125,476.3799999999998,71.35833333333333,24,0,1519.75,1549.75,1538.5,1508.5,451.3799999999998,501.3799999999998
9,55,1559.125,476.3799999999998,69.76058823529411,17,0,1549.75,1579.75,1568.5,1538.5,451.3799999999998,501.3799999999998
9,56,1589.125,476.3799999999998,61.73863636363637,22,0,1579.75,1609.75,1598.5,1568.5,451.3799999999998,501.3799999999998
9,57,1619.125,476.3799999999998,60.189722222222244,36,0,1609.75,1639.75,1628.5,1598.5,451.3799999999998,501.3799999999998
9,58,1649.125,476.3799999999998,69.77437499999999,16,0,1639.75,1669.75,1658.5,1628.5,451.3799999999998,501.3799999999998
9,59,1679.125,476.3799999999998,63.09243243243241,37,0,1669.75,1699.75,1688.5,1658.5,451.3799999999998,501.3799999999998
9,60,1709.125,476.3799999999998,66.11208333333333,24,0,1699.75,1729.75,1718.5,1688.5,451.3799999999998,501.3799999999998
9,61,1739.125,476.3799999999998,65.25696969696969,33,0,1729.75,1759.75,1748.5,1718.5,451.3799999999998,501.3799999999998
9,62,1769.125,476.3799999999998,62.97051282051283,39,0,1759.75,1789.75,1778.5,1748.5,451.3799999999998,501.3799999999998
9,63,1799.125,476.3799999999998,66.95884615384615,26,0,1789.75,1819.75,1808.5,1778.5,451.3799999999998,501.3799999999998
9,64,1829.125,476.3799999999998,65.59736842105262,19,0,1819.75,1849.75,1838.5,1808.5,451.3799999999998,501.3799999999998
9,65,1859.125,476.3799999999998,61.7485294117647,34,0,1849.75,1879.75,1868.5,1838.5,451.3799999999998,501.3799999999998
9,66,1889.125,476.3799999999998,60.88854166666667,36,0,1879.75,1909.75,1898.5,1868.5,451.3799999999998,501.3799999999998
9,67,1919.125,476.3799999999998,59.224722222222226,36,0,1909.75,1939.75,1928.5,1898.5,451.3799999999998,501.3799999999998
9,68,1949.125,476.3799999999998,65.94806451612904,31,0,1939.75,1969.75,1958.5,1928.5,451.3799999999998,501.3799999999998
9,69,1979.125,476.3799999999998,64.83025,40,0,1969.75,1999.75,1988.5,1958.5,451.3799999999998,501.3799999999998
9,70,2009.125,476.3799999999998,66.50333333333334,24,0,1999.75,2029.75,2018.5,1988.5,451.3799999999998,501.3799999999998
9,71,2039.125,476.3799999999998,54.95281249999999,40,0,2029.75,2059.75,2048.5,2018.5,451.3799999999998,501.3799999999998
9,72,2069.125,476.3799999999998,44.24416666666664,60,0,2059.75,2089.75,2078.5,2048.5,451.3799999999998,501.3799999999998
9,73,2099.125,476.3799999999998,56.684848484848466,33,0,2089.75,2119.75,2108.5,2078.5,451.3799999999998,501.3799999999998
9,74,2129.125,476.3799999999998,40.83250000000001,52,0,2119.75,2149.75,2138.5,2108.5,451.3799999999998,501.3799999999998
9,75,2159.125,476.3799999999998,41.84586206896553,58,0,2149.75,2179.75,2168.5,2138.5,451.3799999999998,501.3799999999998
9,76,2189.125,476.3799999999998,32.55760563380283,71,0,2179.75,2209.75,2198.5,2168.5,451.3799999999998,501.3799999999998
9,77,2219.125,476.3799999999998,25.687105263157893,76,0,2209.75,2239.75,2228.5,2198.5,451.3799999999998,501.3799999999998
9,78,2249.125,476.3799999999998,34.59537037037036,54,0,2239.75,2269.75,2258.5,2228.5,451.3799999999998,501.3799999999998
9,79,2279.125,476.3799999999998,45.141222222222225,60,0,2269.75,2299.75,2288.5,2258.5,451.3799999999998,501.3799999999998
9,80,2309.125,476.3799999999998,42.90533333333333,45,0,2299.75,2329.75,2318.5,2288.5,451.3799999999998,501.3799999999998
9,81,2339.125,476.3799999999998,38.446176470588256,68,0,2329.75,2359.75,2348.5,2318.5,451.3799999999998,501.3799999999998
9,82,2369.125,476.3799999999998,15.2752688172043,93,0,2359.75,2389.75,2378.5,2348.5,451.3799999999998,501.3799999999998
9,83,2399.125,476.3799999999998,24.23652173913044,69,0,2389.75,2419.75,2408.5,2378.5,451.3799999999998,501.3799999999998
9,84,2429.125,476.3799999999998,30.023571428571437,70,0,2419.75,2449.75,2438.5,2408.5,451.3799999999998,501.3799999999998
9,85,2459.125,476.3799999999998,27.025,64,0,2449.75,2479.75,2468.5,2438.5,451.3799999999998,501.3799999999998
9,86,2489.125,476.3799999999998,30.568125000000006,64,0,2479.75,2509.75,2498.5,2468.5,451.3799999999998,501.3799999999998
9,87,2519.125,476.3799999999998,18.48227272727273,88,0,2509.75,2539.75,2528.5,2498.5,451.3799999999998,501.3799999999998
9,88,2549.125,476.3799999999998,20.777605633802818,71,0,2539.75,2569.75,2558.5,2528.5,451.3799999999998,501.3799999999998
9,89,2579.125,476.3799999999998,25.28432098765432,81,0,2569.75,2599.75,2588.5,2558.5,451.3799999999998,501.3799999999998
9,90,2609.125,476.3799999999998,35.50163934426229,61,0,2599.75,2629.75,2618.5,2588.5,451.3799999999998,501.3799999999998
9,91,2639.125,476.3799999999998,37.05563636363636,55,0,2629.75,2659.75,2648.5,2618.5,451.3799999999998,501.3799999999998
9,92,2669.125,476.3799999999998,31.24122807017543,57,0,2659.75,2689.75,2678.5,2648.5,451.3799999999998,501.3799999999998
9,93,2699.125,476.3799999999998,38.8928,50,0,2689.75,2719.75,2708.5,2678.5,451.3799999999998,501.3799999999998
9,94,2729.125,476.3799999999998,40.3875,52,0,2719.75,2749.75,2738.5,2708.5,451.3799999999998,501.3799999999998
9,95,2759.125,476.3799999999998,43.47052631578947,57,0,2749.75,2779.75,2768.5,2738.5,451.3799999999998,501.3799999999998
9,96,2789.125,476.3799999999998,44.699111111111115,45,0,2779.75,2809.75,2798.5,2768.5,451.3799999999998,501.3799999999998
9,97,2819.125,476.3799999999998,49.043695652173916,46,0,2809.75,2839.75,2828.5,2798.5,451.3799999999998,501.3799999999998
9,98,2849.125,476.3799999999998,56.96897435897436,39,0,2839.75,2869.75,2858.5,2828.5,451.3799999999998,501.3799999999998
9,99,2879.125,476.3799999999998,49.43452380952381,42,0,2869.75,2899.75,2888.5,2858.5,451.3799999999998,501.3799999999998
9,100,2909.125,476.3799999999998,9.513263888888886,144,0,2899.75,2929.75,2918.5,2888.5,451.3799999999998,501.3799999999998
9,101,2939.125,476.3799999999998,14.698351648351645,91,0,2929.75,2959.75,2948.5,2918.5,451.3799999999998,501.3799999999998
9,102,2969.125,476.3799999999998,25.85575342465753,73,0,2959.75,2989.75,2978.5,2948.5,451.3799999999998,501.3799999999998
9,103,2999.125,476.3799999999998,33.71866666666667,60,0,2989.75,3019.75,3008.5,2978.5,451.3799999999998,501.3799999999998
9,104,3029.125,476.3799999999998,43.00102040816328,49,0,3019.75,3049.75,3038.5,3008.5,451.3799999999998,501.3799999999998
9,105,3059.125,476.3799999999998,44.8002564102564,39,0,3049.75,3079.75,3068.5,3038.5,451.3799999999998,501.3799999999998
9,106,3089.125,476.3799999999998,13.240747663551407,107,0,3079.75,3109.75,3098.5,3068.5,451.3799999999998,501.3799999999998
9,107,3119.125,476.3799999999998,13.529204545454549,88,0,3109.75,3139.75,3128.5,3098.5,451.3799999999998,501.3799999999998
9,108,3149.125,476.3799999999998,18.393950617283945,81,0,3139.75,3169.75,3158.5,3128.5,451.3799999999998,501.3799999999998
9,109,3179.125,476.3799999999998,23.586836734693886,98,0,3169.75,3199.75,3188.5,3158.5,451.3799999999998,501.3799999999998
9,110,3209.125,476.3799999999998,29.21626666666667,75,0,3199.75,3229.75,3218.5,3188.5,451.3799999999998,501.3799999999998
9,111,3239.125,476.3799999999998,17.66481481481481,108,0,3229.75,3259.75,3248.5,3218.5,451.3799999999998,501.3799999999998
9,112,3269.125,476.3799999999998,28.177971014492755,69,0,3259.75,3289.75,3278.5,3248.5,451.3799999999998,501.3799999999998
9,113,3299.125,476.3799999999998,48.00512820512821,39,0,3289.75,3319.75,3308.5,3278.5,451.3799999999998,501.3799999999998
9,114,3329.125,476.3799999999998,43.31745454545455,55,0,3319.75,3349.75,3338.5,3308.5,451.3799999999998,501.3799999999998
9,115,3359.125,476.3799999999998,40.189268292682925,41,0,3349.75,3379.75,3368.5,3338.5,451.3799999999998,501.3799999999998
9,116,3389.125,476.3799999999998,41.18120000000001,50,0,3379.75,3409.75,3398.5,3368.5,451.3799999999998,501.3799999999998
9,117,3419.125,476.3799999999998,13.108240740740744,108,0,3409.75,3439.75,3428.5,3398.5,451.3799999999998,501.3799999999998
9,118,3449.125,476.3799999999998,17.060657894736845,76,0,3439.75,3469.75,3458.5,3428.5,451.3799999999998,501.3799999999998
9,119,3479.125,476.3799999999998,36.818771929824564,57,0,3469.75,3499.75,3488.5,3458.5,451.3799999999998,501.3799999999998
9,120,3509.125,476.3799999999998,49.41815789473685,38,0,3499.75,3529.75,3518.5,3488.5,451.3799999999998,501.3799999999998
9,121,3539.125,476.3799999999998,49.092777777777776,36,0,3529.75,3559.75,3548.5,3518.5,451.3799999999998,501.3799999999998
9,122,3569.125,476.3799999999998,50.64309523809524,42,0,3559.75,3589.75,3578.5,3548.5,451.3799999999998,501.3799999999998
9,123,3599.125,476.3799999999998,46.05355555555556,45,0,3589.75,3619.75,3608.5,3578.5,451.3799999999998,501.3799999999998
9,124,3629.125,476.3799999999998,39.49780487804878,41,0,3619.75,3649.75,3638.5,3608.5,451.3799999999998,501.3799999999998
9,125,3659.125,476.3799999999998,26.383846153846154,13,0,3649.75,3679.75,3668.5,3638.5,451.3799999999998,501.3799999999998
9,126,3689.125,476.3799999999998,,0,0,3679.75,3709.75,3698.5,3668.5,451.3799999999998,501.3799999999998
9,127,3719.125,476.3799999999998,,0,0,3709.75,3739.75,3728.5,3698.5,451.3799999999998,501.3799999999998
9,128,3749.125,476.3799999999998,,0,0,3739.75,3769.75,3758.5,3728.5,451.3799999999998,501.3799999999998
9,129,3779.125,476.3799999999998,,0,0,3769.75,3799.75,3788.5,3758.5,451.3799999999998,501.3799999999998
9,130,3809.125,476.3799999999998,,0,0,3799.75,3829.75,3818.5,3788.5,451.3799999999998,501.3799999999998
9,131,3839.125,476.3799999999998,,0,0,3829.75,3859.75,3848.5,3818.5,451.3799999999998,501.3799999999998
10,3,-12.125,526.3799999999999,85.825,2,0,-21.5,8.5,-2.75,-32.75,501.3799999999998,551.3799999999999
10,4,17.875,526.3799999999999,72.52222222222223,9,0,8.5,38.5,27.25,-2.75,501.3799999999998,551.3799999999999
10,5,47.875,526.3799999999999,68.90818181818182,22,0,38.5,68.5,57.25,27.25,501.3799999999998,551.3799999999999
10,6,77.875,526.3799999999999,69.52521739130434,23,0,68.5,98.5,87.25,57.25,501.3799999999998,551.3799999999999
10,7,107.875,526.3799999999999,69.24068965517242,29,0,98.5,128.5,117.25,87.25,501.3799999999998,551.3799999999999
10,8,137.875,526.3799999999999,69.26950000000001,20,0,128.5,158.5,147.25,117.25,501.3799999999998,551.3799999999999
10,9,167.875,526.3799999999999,69.30989795918366,28,0,158.5,188.5,177.25,147.25,501.3799999999998,551.3799999999999
10,10,197.875,526.3799999999999,71.33677419354838,31,0,188.5,218.5,207.25,177.25,501.3799999999998,551.3799999999999
10,11,227.875,526.3799999999999,71.11214285714286,14,0,218.5,248.5,237.25,207.25,501.3799999999998,551.3799999999999
10,12,257.875,526.3799999999999,72.72066666666667,15,0,248.5,278.5,267.25,237.25,501.3799999999998,551.3799999999999
10,13,287.875,526.3799999999999,75.14764705882352,17,0,278.5,308.5,297.25,267.25,501.3799999999998,551.3799999999999
10,14,317.875,526.3799999999999,69.01277777777777,18,0,308.5,338.5,327.25,297.25,501.3799999999998,551.3799999999999
10,15,347.875,526.3799999999999,68.38266666666667,30,0,338.5,368.5,357.25,327.25,501.3799999999998,551.3799999999999
10,16,377.875,526.3799999999999,72.31037037037036,27,0,368.5,398.5,387.25,357.25,501.3799999999998,551.3799999999999
10,17,407.875,526.3799999999999,74.23476190476191,21,0,398.5,428.5,417.25,387.25,501.3799999999998,551.3799999999999
10,18,437.875,526.3799999999999,73.561875,16,0,428.5,458.5,447.25,417.25,501.3799999999998,551.3799999999999
10,19,467.875,526.3799999999999,65.87209150326797,17,0,458.5,488.5,477.25,447.25,501.3799999999998,551.3799999999999
10,20,497.875,526.3799999999999,69.04894736842105,19,0,488.5,518.5,507.25,477.25,501.3799999999998,551.3799999999999
10,21,527.875,526.3799999999999,69.68882352941175,17,0,518.5,548.5,537.25,507.25,501.3799999999998,551.3799999999999
10,22,557.875,526.3799999999999,70.13904761904762,21,0,548.5,578.5,567.25,537.25,501.3799999999998,551.3799999999999
10,23,587.875,526.3799999999999,66.90041666666666,24,0,578.5,608.5,597.25,567.25,501.3799999999998,551.3799999999999
10,24,617.875,526.3799999999999,65.07875,24,0,608.5,638.5,627.25,597.25,501.3799999999998,551.3799999999999
10,25,647.875,526.3799999999999,64.63875,24,0,638.5,668.5,657.25,627.25,501.3799999999998,551.3799999999999
10,26,677.875,526.3799999999999,67.38535714285715,28,0,668.5,698.5,687.25,657.25,501.3799999999998,551.3799999999999
10,27,707.875,526.3799999999999,64.56178571428573,28,0,698.5,728.5,717.25,687.25,501.3799999999998,551.3799999999999
10,28,737.875,526.3799999999999,64.00657142857143,35,0,728.5,758.5,747.25,717.25,501.3799999999998,551.3799999999999
10,29,767.875,526.3799999999999,68.39857142857143,21,0,758.5,788.5,777.25,747.25,501.3799999999998,551.3799999999999
10,30,797.875,526.3799999999999,65.6772,25,0,788.5,818.5,807.25,777.25,501.3799999999998,551.3799999999999
10,31,827.875,526.3799999999999,70.71729166666667,24,0,818.5,848.5,837.25,807.25,501.3799999999998,551.3799999999999
10,32,857.875,526.3799999999999,63.43526315789474,19,0,848.5,878.5,867.25,837.25,501.3799999999998,551.3799999999999
10,33,887.875,526.3799999999999,62.16555555555556,36,0,878.5,908.5,897.25,867.25,501.3799999999998,551.3799999999999
10,34,917.875,526.3799999999999,68.12346153846154,26,0,908.5,938.5,927.25,897.25,501.3799999999998,551.3799999999999
10,35,947.875,526.3799999999999,74.82285714285716,14,0,938.5,968.5,957.25,927.25,501.3799999999998,551.3799999999999
10,36,977.875,526.3799999999999,70.07333333333334,27,0,968.5,998.5,987.25,957.25,501.3799999999998,551.3799999999999
10,37,1007.875,526.3799999999999,64.9042857142857,28,0,998.5,1028.5,1017.25,987.25,501.3799999999998,551.3799999999999
10,38,1037.875,526.3799999999999,62.21486111111111,24,0,1028.5,1058.5,1047.25,1017.25,501.3799999999998,551.3799999999999
10,39,1067.875,526.3799999999999,63.532999999999994,20,0,1058.5,1088.5,1077.25,1047.25,501.3799999999998,551.3799999999999
10,40,1097.875,526.3799999999999,70.94999999999999,22,0,1088.5,1118.5,1107.25,1077.25,501.3799999999998,551.3799999999999
10,41,1127.875,526.3799999999999,67.34478260869564,23,0,1118.5,1148.5,1137.25,1107.25,501.3799999999998,551.3799999999999
10,42,1157.875,526.3799999999999,66.31107142857142,28,0,1148.5,1178.5,1167.25,1137.25,501.3799999999998,551.3799999999999
10,43,1187.875,526.3799999999999,65.99642857142857,28,0,1178.5,1208.5,1197.25,1167.25,501.3799999999998,551.3799999999999
10,44,1217.875,526.3799999999999,68.66833333333334,12,0,1208.5,1238.5,1227.25,1197.25,501.3799999999998,551.3799999999999
10,45,1247.875,526.3799999999999,66.08733333333333,30,0,1238.5,1268.5,1257.25,1227.25,501.3799999999998,551.3799999999999
10,46,1277.875,526.3799999999999,70.03727272727274,22,0,1268.5,1298.5,1287.25,1257.25,501.3799999999998,551.3799999999999
10,47,1307.875,526.3799999999999,64.05250000000001,20,0,1298.5,1328.5,1317.25,1287.25,501.3799999999998,551.3799999999999
10,48,1337.875,526.3799999999999,65.22380952380952,21,0,1328.5,1358.5,1347.25,1317.25,501.3799999999998,551.3799999999999
10,49,1367.875,526.3799999999999,72.92823529411766,17,0,1358.5,1388.5,1377.25,1347.25,501.3799999999998,551.3799999999999
10,50,1397.875,526.3799999999999,60.10000000000001,18,0,1388.5,1418.5,1407.25,1377.25,501.3799999999998,551.3799999999999
10,51,1427.875,526.3799999999999,59.640833333333326,48,0,1418.5,1448.5,1437.25,1407.25,501.3799999999998,551.3799999999999
10,52,1457.875,526.3799999999999,61.522647058823516,34,0,1448.5,1478.5,1467.25,1437.25,501.3799999999998,551.3799999999999
10,53,1487.875,526.3799999999999,65.73842105263158,38,0,1478.5,1508.5,1497.25,1467.25,501.3799999999998,551.3799999999999
10,54,1517.875,526.3799999999999,69.37241379310345,29,0,1508.5,1538.5,1527.25,1497.25,501.3799999999998,551.3799999999999
10,55,1547.875,526.3799999999999,71.0627272727273,22,0,1538.5,1568.5,1557.25,1527.25,501.3799999999998,551.3799999999999
10,56,1577.875,526.3799999999999,67.97461538461538,13,0,1568.5,1598.5,1587.25,1557.25,501.3799999999998,551.3799999999999
10,57,1607.875,526.3799999999999,61.36029411764706,34,0,1598.5,1628.5,1617.25,1587.25,501.3799999999998,551.3799999999999
10,58,1637.875,526.3799999999999,67.6504761904762,21,0,1628.5,1658.5,1647.25,1617.25,501.3799999999998,551.3799999999999
10,59,1667.875,526.3799999999999,62.64920000000001,25,0,1658.5,1688.5,1677.25,1647.25,501.3799999999998,551.3799999999999
10,60,1697.875,526.3799999999999,68.55533333333334,30,0,1688.5,1718.5,1707.25,1677.25,501.3799999999998,551.3799999999999
10,61,1727.875,526.3799999999999,65.38440000000001,25,0,1718.5,1748.5,1737.25,1707.25,501.3799999999998,551.3799999999999
10,62,1757.875,526.3799999999999,65.84941176470588,34,0,1748.5,1778.5,1767.25,1737.25,501.3799999999998,551.3799999999999
10,63,1787.875,526.3799999999999,64.97441176470588,34,0,1778.5,1808.5,1797.25,1767.25,501.3799999999998,551.3799999999999
10,64,1817.875,526.3799999999999,78.57916666666667,12,0,1808.5,1838.5,1827.25,1797.25,501.3799999999998,551.3799999999999
10,65,1847.875,526.3799999999999,62.18275862068967,29,0,1838.5,1868.5,1857.25,1827.25,501.3799999999998,551.3799999999999
10,66,1877.875,526.3799999999999,62.87805555555557,36,0,1868.5,1898.5,1887.25,1857.25,501.3799999999998,551.3799999999999
10,67,1907.875,526.3799999999999,62.090882352941165,34,0,1898.5,1928.5,1917.25,1887.25,501.3799999999998,551.3799999999999
10,68,1937.875,526.3799999999999,62.79151515151515,33,0,1928.5,1958.5,1947.25,1917.25,501.3799999999998,551.3799999999999
10,69,1967.875,526.3799999999999,63.96393939393939,33,0,1958.5,1988.5,1977.25,1947.25,501.3799999999998,551.3799999999999
10,70,1997.875,526.3799999999999,67.9811111111111,27,0,1988.5,2018.5,2007.25,1977.25,501.3799999999998,551.3799999999999
10,71,2027.875,526.3799999999999,52.40868421052631,38,0,2018.5,2048.5,2037.25,2007.25,501.3799999999998,551.3799999999999
10,72,2057.875,526.3799999999999,45.38645833333334,48,0,2048.5,2078.5,2067.25,2037.25,501.3799999999998,551.3799999999999
10,73,2087.875,526.3799999999999,47.31411764705883,51,0,2078.5,2108.5,2097.25,2067.25,501.3799999999998,551.3799999999999
10,74,2117.875,526.3799999999999,46.89046511627907,43,0,2108.5,2138.5,2127.25,2097.25,501.3799999999998,551.3799999999999
10,75,2147.875,526.3799999999999,44.484705882352934,51,0,2138.5,2168.5,2157.25,2127.25,501.3799999999998,551.3799999999999
10,76,2177.875,526.3799999999999,30.64715277777777,72,0,2168.5,2198.5,2187.25,2157.25,501.3799999999998,551.3799999999999
10,77,2207.875,526.3799999999999,27.953670886075958,79,0,2198.5,2228.5,2217.25,2187.25,501.3799999999998,551.3799999999999
10,78,2237.875,526.3799999999999,32.674705882352946,51,0,2228.5,2258.5,2247.25,2217.25,501.3799999999998,551.3799999999999
10,79,2267.875,526.3799999999999,38.426610169491525,59,0,2258.5,2288.5,2277.25,2247.25,501.3799999999998,551.3799999999999
10,80,2297.875,526.3799999999999,36.56733333333334,60,0,2288.5,2318.5,2307.25,2277.25,501.3799999999998,551.3799999999999
10,81,2327.875,526.3799999999999,34.82068493150685,73,0,2318.5,2348.5,2337.25,2307.25,501.3799999999998,551.3799999999999
10,82,2357.875,526.3799999999999,16.57494736842105,95,0,2348.5,2378.5,2367.25,2337.25,501.3799999999998,551.3799999999999
10,83,2387.875,526.3799999999999,24.3815,60,0,2378.5,2408.5,2397.25,2367.25,501.3799999999998,551.3799999999999
10,84,2417.875,526.3799999999999,28.981333333333342,75,0,2408.5,2438.5,2427.25,2397.25,501.3799999999998,551.3799999999999
10,85,2447.875,526.3799999999999,20.50879518072289,83,0,2438.5,2468.5,2457.25,2427.25,501.3799999999998,551.3799999999999
10,86,2477.875,526.3799999999999,20.80729166666666,96,0,2468.5,2498.5,2487.25,2457.25,501.3799999999998,551.3799999999999
10,87,2507.875,526.3799999999999,16.465000000000007,94,0,2498.5,2528.5,2517.25,2487.25,501.3799999999998,551.3799999999999
10,88,2537.875,526.3799999999999,20.168674698795183,83,0,2528.5,2558.5,2547.25,2517.25,501.3799999999998,551.3799999999999
10,89,2567.875,526.3799999999999,26.17088235294118,68,0,2558.5,2588.5,2577.25,2547.25,501.3799999999998,551.3799999999999
10,90,2597.875,526.3799999999999,32.830136986301376,73,0,2588.5,2618.5,2607.25,2577.25,501.3799999999998,551.3799999999999
10,91,2627.875,526.3799999999999,28.993472222222206,72,0,2618.5,2648.5,2637.25,2607.25,501.3799999999998,551.3799999999999
10,92,2657.875,526.3799999999999,22.265949367088606,79,0,2648.5,2678.5,2667.25,2637.25,501.3799999999998,551.3799999999999
10,93,2687.875,526.3799999999999,25.10739130434782,69,0,2678.5,2708.5,2697.25,2667.25,501.3799999999998,551.3799999999999
10,94,2717.875,526.3799999999999,35.390142857142855,70,0,2708.5,2738.5,2727.25,2697.25,501.3799999999998,551.3799999999999
10,95,2747.875,526.3799999999999,41.203818181818185,55,0,2738.5,2768.5,2757.25,2727.25,501.3799999999998,551.3799999999999
10,96,2777.875,526.3799999999999,40.07333333333335,63,0,2768.5,2798.5,2787.25,2757.25,501.3799999999998,551.3799999999999
10,97,2807.875,526.3799999999999,41.14632653061225,49,0,2798.5,2828.5,2817.25,2787.25,501.3799999999998,551.3799999999999
10,98,2837.875,526.3799999999999,53.894999999999996,52,0,2828.5,2858.5,2847.25,2817.25,501.3799999999998,551.3799999999999
10,99,2867.875,526.3799999999999,39.143508771929824,57,0,2858.5,2888.5,2877.25,2847.25,501.3799999999998,551.3799999999999
10,100,2897.875,526.3799999999999,6.999867549668873,151,0,2888.5,2918.5,2907.25,2877.25,501.3799999999998,551.3799999999999
10,101,2927.875,526.3799999999999,13.787610619469028,113,0,2918.5,2948.5,2937.25,2907.25,501.3799999999998,551.3799999999999
10,102,2957.875,526.3799999999999,29.866935483870968,62,0,2948.5,2978.5,2967.25,2937.25,501.3799999999998,551.3799999999999
10,103,2987.875,526.3799999999999,35.144107142857145,56,0,2978.5,3008.5,2997.25,2967.25,501.3799999999998,551.3799999999999
10,104,3017.875,526.3799999999999,39.67879310344827,58,0,3008.5,3038.5,3027.25,2997.25,501.3799999999998,551.3799999999999
10,105,3047.875,526.3799999999999,40.568333333333335,54,0,3038.5,3068.5,3057.25,3027.25,501.3799999999998,551.3799999999999
10,106,3077.875,526.3799999999999,12.006000000000002,95,0,3068.5,3098.5,3087.25,3057.25,501.3799999999998,551.3799999999999
10,107,3107.875,526.3799999999999,13.597981651376143,109,0,3098.5,3128.5,3117.25,3087.25,501.3799999999998,551.3799999999999
10,108,3137.875,526.3799999999999,20.388750000000005,64,0,3128.5,3158.5,3147.25,3117.25,501.3799999999998,551.3799999999999
10,109,3167.875,526.3799999999999,25.381466666666675,75,0,3158.5,3188.5,3177.25,3147.25,501.3799999999998,551.3799999999999
10,110,3197.875,526.3799999999999,26.2843820224719,89,0,3188.5,3218.5,3207.25,3177.25,501.3799999999998,551.3799999999999
10,111,3227.875,526.3799999999999,19.119354838709683,93,0,3218.5,3248.5,3237.25,3207.25,501.3799999999998,551.3799999999999
10,112,3257.875,526.3799999999999,30.655454545454546,66,0,3248.5,3278.5,3267.25,3237.25,501.3799999999998,551.3799999999999
10,113,3287.875,526.3799999999999,36.973157894736836,57,0,3278.5,3308.5,3297.25,3267.25,501.3799999999998,551.3799999999999
10,114,3317.875,526.3799999999999,35.25656249999999,64,0,3308.5,3338.5,3327.25,3297.25,501.3799999999998,551.3799999999999
10,115,3347.875,526.3799999999999,33.814929577464795,71,0,3338.5,3368.5,3357.25,3327.25,501.3799999999998,551.3799999999999
10,116,3377.875,526.3799999999999,37.74255319148936,47,0,3368.5,3398.5,3387.25,3357.25,501.3799999999998,551.3799999999999
10,117,3407.875,526.3799999999999,14.73757281553398,103,0,3398.5,3428.5,3417.25,3387.25,501.3799999999998,551.3799999999999
10,118,3437.875,526.3799999999999,18.429268292682927,82,0,3428.5,3458.5,3447.25,3417.25,501.3799999999998,551.3799999999999
10,119,3467.875,526.3799999999999,30.796478873239444,71,0,3458.5,3488.5,3477.25,3447.25,501.3799999999998,551.3799999999999
10,120,3497.875,526.3799999999999,42.954716981132066,53,0,3488.5,3518.5,3507.25,3477.25,501.3799999999998,551.3799999999999
10,121,3527.875,526.3799999999999,49.448055555555555,36,0,3518.5,3548.5,3537.25,3507.25,501.3799999999998,551.3799999999999
10,122,3557.875,526.3799999999999,48.957499999999996,40,0,3548.5,3578.5,3567.25,3537.25,501.3799999999998,551.3799999999999
10,123,3587.875,526.3799999999999,48.565319148936155,47,0,3578.5,3608.5,3597.25,3567.25,501.3799999999998,551.3799999999999
10,124,3617.875,526.3799999999999,40.44899999999999,50,0,3608.5,3638.5,3627.25,3597.25,501.3799999999998,551.3799999999999
10,125,3647.875,526.3799999999999,20.221029411764704,68,0,3638.5,3668.5,3657.25,3627.25,501.3799999999998,551.3799999999999
10,126,3677.875,526.3799999999999,,0,0,3668.5,3698.5,3687.25,3657.25,501.3799999999998,551.3799999999999
10,127,3707.875,526.3799999999999,,0,0,3698.5,3728.5,3717.25,3687.25,501.3799999999998,551.3799999999999
10,128,3737.875,526.3799999999999,,0,0,3728.5,3758.5,3747.25,3717.25,501.3799999999998,551.3799999999999
10,129,3767.875,526.3799999999999,,0,0,3758.5,3788.5,3777.25,3747.25,501.3799999999998,551.3799999999999
10,130,3797.875,526.3799999999999,,0,0,3788.5,3818.5,3807.25,3777.25,501.3799999999998,551.3799999999999
10,131,3827.875,526.3799999999999,,0,0,3818.5,3848.5,3837.25,3807.25,501.3799999999998,551.3799999999999
11,4,6.625,576.3799999999999,75.31222222222222,9,0,-2.75,27.25,16.0,-14.0,551.3799999999999,601.3799999999999
11,5,36.625,576.3799999999999,64.94500000000001,20,0,27.25,57.25,46.0,16.0,551.3799999999999,601.3799999999999
11,6,66.625,576.3799999999999,71.48869565217394,23,0,57.25,87.25,76.0,46.0,551.3799999999999,601.3799999999999
11,7,96.625,576.3799999999999,66.05862068965517,29,0,87.25,117.25,106.0,76.0,551.3799999999999,601.3799999999999
11,8,126.625,576.3799999999999,69.5240909090909,22,0,117.25,147.25,136.0,106.0,551.3799999999999,601.3799999999999
11,9,156.625,576.3799999999999,68.16473684210526,19,0,147.25,177.25,166.0,136.0,551.3799999999999,601.3799999999999
11,10,186.625,576.3799999999999,67.85870967741937,31,0,177.25,207.25,196.0,166.0,551.3799999999999,601.3799999999999
11,11,216.625,576.3799999999999,71.4517391304348,23,0,207.25,237.25,226.0,196.0,551.3799999999999,601.3799999999999
11,12,246.625,576.3799999999999,69.99785714285716,14,0,237.25,267.25,256.0,226.0,551.3799999999999,601.3799999999999
11,13,276.625,576.3799999999999,74.68,17,0,267.25,297.25,286.0,256.0,551.3799999999999,601.3799999999999
11,14,306.625,576.3799999999999,70.22333333333333,18,0,297.25,327.25,316.0,286.0,551.3799999999999,601.3799999999999
11,15,336.625,576.3799999999999,67.13869565217392,23,0,327.25,357.25,346.0,316.0,551.3799999999999,601.3799999999999
11,16,366.625,576.3799999999999,71.03947368421053,19,0,357.25,387.25,376.0,346.0,551.3799999999999,601.3799999999999
11,17,396.625,576.3799999999999,72.30583333333335,24,0,387.25,417.25,406.0,376.0,551.3799999999999,601.3799999999999
11,18,426.625,576.3799999999999,71.68523809523809,21,0,417.25,447.25,436.0,406.0,551.3799999999999,601.3799999999999
11,19,456.625,576.3799999999999,72.21333333333334,12,0,447.25,477.25,466.0,436.0,551.3799999999999,601.3799999999999
11,20,486.625,576.3799999999999,66.8553216374269,19,0,477.25,507.25,496.0,466.0,551.3799999999999,601.3799999999999
11,21,516.625,576.3799999999999,68.56,21,0,507.25,537.25,526.0,496.0,551.3799999999999,601.3799999999999
11,22,546.625,576.3799999999999,70.2225,20,0,537.25,567.25,556.0,526.0,551.3799999999999,601.3799999999999
11,23,576.625,576.3799999999999,66.21285714285712,21,0,567.25,597.25,586.0,556.0,551.3799999999999,601.3799999999999
11,24,606.625,576.3799999999999,66.72434782608696,23,0,597.25,627.25,616.0,586.0,551.3799999999999,601.3799999999999
11,25,636.625,576.3799999999999,64.46666666666665,18,0,627.25,657.25,646.0,616.0,551.3799999999999,601.3799999999999
11,26,666.625,576.3799999999999,66.1809375,32,0,657.25,687.25,676.0,646.0,551.3799999999999,601.3799999999999
11,27,696.625,576.3799999999999,65.82708333333333,24,0,687.25,717.25,706.0,676.0,551.3799999999999,601.3799999999999
11,28,726.625,576.3799999999999,61.60238095238095,21,0,717.25,747.25,736.0,706.0,551.3799999999999,601.3799999999999
11,29,756.625,576.3799999999999,68.22305555555556,36,0,747.25,777.25,766.0,736.0,551.3799999999999,601.3799999999999
11,30,786.625,576.3799999999999,65.21117647058824,17,0,777.25,807.25,796.0,766.0,551.3799999999999,601.3799999999999
11,31,816.625,576.3799999999999,70.13666666666667,27,0,807.25,837.25,826.0,796.0,551.3799999999999,601.3799999999999
11,32,846.625,576.3799999999999,66.73833333333334,12,0,837.25,867.25,856.0,826.0,551.3799999999999,601.3799999999999
11,33,876.625,576.3799999999999,61.21030303030303,33,0,867.25,897.25,886.0,856.0,551.3799999999999,601.3799999999999
11,34,906.625,576.3799999999999,67.00041666666668,24,0,897.25,927.25,916.0,886.0,551.3799999999999,601.3799999999999
11,35,936.625,576.3799999999999,69.9852380952381,21,0,927.25,957.25,946.0,916.0,551.3799999999999,601.3799999999999
11,36,966.625,576.3799999999999,76.30142857142857,14,0,957.25,987.25,976.0,946.0,551.3799999999999,601.3799999999999
11,37,996.625,576.3799999999999,66.01074074074074,27,0,987.25,1017.25,1006.0,976.0,551.3799999999999,601.3799999999999
11,38,1026.625,576.3799999999999,63.82259259259259,27,0,1017.25,1047.25,1036.0,1006.0,551.3799999999999,601.3799999999999
11,39,1056.625,576.3799999999999,65.01266666666668,15,0,1047.25,1077.25,1066.0,1036.0,551.3799999999999,601.3799999999999
11,40,1086.625,576.3799999999999,67.2997619047619,24,0,1077.25,1107.25,1096.0,1066.0,551.3799999999999,601.3799999999999
11,41,1116.625,576.3799999999999,69.448,15,0,1107.25,1137.25,1126.0,1096.0,551.3799999999999,601.3799999999999
11,42,1146.625,576.3799999999999,65.59689655172416,29,0,1137.25,1167.25,1156.0,1126.0,551.3799999999999,601.3799999999999
11,43,1176.625,576.3799999999999,67.69833333333334,24,0,1167.25,1197.25,1186.0,1156.0,551.3799999999999,601.3799999999999
11,44,1206.625,576.3799999999999,67.82473684210527,19,0,1197.25,1227.25,1216.0,1186.0,551.3799999999999,601.3799999999999
11,45,1236.625,576.3799999999999,64.42809523809522,21,0,1227.25,1257.25,1246.0,1216.0,551.3799999999999,601.3799999999999
11,46,1266.625,576.3799999999999,69.21739130434781,23,0,1257.25,1287.25,1276.0,1246.0,551.3799999999999,601.3799999999999
11,47,1296.625,576.3799999999999,66.63428571428572,21,0,1287.25,1317.25,1306.0,1276.0,551.3799999999999,601.3799999999999
11,48,1326.625,576.3799999999999,64.83368421052631,19,0,1317.25,1347.25,1336.0,1306.0,551.3799999999999,601.3799999999999
11,49,1356.625,576.3799999999999,69.8045,20,0,1347.25,1377.25,1366.0,1336.0,551.3799999999999,601.3799999999999
11,50,1386.625,576.3799999999999,66.38416666666667,12,0,1377.25,1407.25,1396.0,1366.0,551.3799999999999,601.3799999999999
11,51,1416.625,576.3799999999999,56.23585526315791,38,0,1407.25,1437.25,1426.0,1396.0,551.3799999999999,601.3799999999999
11,52,1446.625,576.3799999999999,62.17999999999999,37,0,1437.25,1467.25,1456.0,1426.0,551.3799999999999,601.3799999999999
11,53,1476.625,576.3799999999999,63.717586206896556,29,0,1467.25,1497.25,1486.0,1456.0,551.3799999999999,601.3799999999999
11,54,1506.625,576.3799999999999,68.02206896551724,29,0,1497.25,1527.25,1516.0,1486.0,551.3799999999999,601.3799999999999
11,55,1536.625,576.3799999999999,71.8748,25,0,1527.25,1557.25,1546.0,1516.0,551.3799999999999,601.3799999999999
11,56,1566.625,576.3799999999999,69.74266666666668,15,0,1557.25,1587.25,1576.0,1546.0,551.3799999999999,601.3799999999999
11,57,1596.625,576.3799999999999,62.76,24,0,1587.25,1617.25,1606.0,1576.0,551.3799999999999,601.3799999999999
11,58,1626.625,576.3799999999999,63.04228571428572,35,0,1617.25,1647.25,1636.0,1606.0,551.3799999999999,601.3799999999999
11,59,1656.625,576.3799999999999,70.72,13,0,1647.25,1677.25,1666.0,1636.0,551.3799999999999,601.3799999999999
11,60,1686.625,576.3799999999999,63.623030303030305,33,0,1677.25,1707.25,1696.0,1666.0,551.3799999999999,601.3799999999999
11,61,1716.625,576.3799999999999,68.3255,20,0,1707.25,1737.25,1726.0,1696.0,551.3799999999999,601.3799999999999
11,62,1746.625,576.3799999999999,67.10393939393938,33,0,1737.25,1767.25,1756.0,1726.0,551.3799999999999,601.3799999999999
11,63,1776.625,576.3799999999999,66.2223076923077,39,0,1767.25,1797.25,1786.0,1756.0,551.3799999999999,601.3799999999999
11,64,1806.625,576.3799999999999,70.46111111111111,18,0,1797.25,1827.25,1816.0,1786.0,551.3799999999999,601.3799999999999
11,65,1836.625,576.3799999999999,67.685,18,0,1827.25,1857.25,1846.0,1816.0,551.3799999999999,601.3799999999999
11,66,1866.625,576.3799999999999,63.481290322580655,31,0,1857.25,1887.25,1876.0,1846.0,551.3799999999999,601.3799999999999
11,67,1896.625,576.3799999999999,63.15062499999999,32,0,1887.25,1917.25,1906.0,1876.0,551.3799999999999,601.3799999999999
11,68,1926.625,576.3799999999999,61.69303030303031,33,0,1917.25,1947.25,1936.0,1906.0,551.3799999999999,601.3799999999999
11,69,1956.625,576.3799999999999,66.61103448275861,29,0,1947.25,1977.25,1966.0,1936.0,551.3799999999999,601.3799999999999
11,70,1986.625,576.3799999999999,64.72225,40,0,1977.25,2007.25,1996.0,1966.0,551.3799999999999,601.3799999999999
11,71,2016.625,576.3799999999999,55.90678571428571,28,0,2007.25,2037.25,2026.0,1996.0,551.3799999999999,601.3799999999999
11,72,2046.625,576.3799999999999,43.856666666666676,51,0,2037.25,2067.25,2056.0,2026.0,551.3799999999999,601.3799999999999
11,73,2076.625,576.3799999999999,43.56092592592592,54,0,2067.25,2097.25,2086.0,2056.0,551.3799999999999,601.3799999999999
11,74,2106.625,576.3799999999999,50.95666666666667,42,0,2097.25,2127.25,2116.0,2086.0,551.3799999999999,601.3799999999999
11,75,2136.625,576.3799999999999,45.10446808510639,47,0,2127.25,2157.25,2146.0,2116.0,551.3799999999999,601.3799999999999
11,76,2166.625,576.3799999999999,41.61528301886793,53,0,2157.25,2187.25,2176.0,2146.0,551.3799999999999,601.3799999999999
11,77,2196.625,576.3799999999999,27.580136986301383,73,0,2187.25,2217.25,2206.0,2176.0,551.3799999999999,601.3799999999999
11,78,2226.625,576.3799999999999,32.27677419354839,62,0,2217.25,2247.25,2236.0,2206.0,551.3799999999999,601.3799999999999
11,79,2256.625,576.3799999999999,35.62320754716982,53,0,2247.25,2277.25,2266.0,2236.0,551.3799999999999,601.3799999999999
11,80,2286.625,576.3799999999999,31.4841975308642,81,0,2277.25,2307.25,2296.0,2266.0,551.3799999999999,601.3799999999999
11,81,2316.625,576.3799999999999,26.52202054794521,73,0,2307.25,2337.25,2326.0,2296.0,551.3799999999999,601.3799999999999
11,82,2346.625,576.3799999999999,17.90422018348625,109,0,2337.25,2367.25,2356.0,2326.0,551.3799999999999,601.3799999999999
11,83,2376.625,576.3799999999999,24.689491525423733,59,0,2367.25,2397.25,2386.0,2356.0,551.3799999999999,601.3799999999999
11,84,2406.625,576.3799999999999,28.338474576271196,59,0,2397.25,2427.25,2416.0,2386.0,551.3799999999999,601.3799999999999
11,85,2436.625,576.3799999999999,19.004949494949503,99,0,2427.25,2457.25,2446.0,2416.0,551.3799999999999,601.3799999999999
11,86,2466.625,576.3799999999999,20.692337662337668,77,0,2457.25,2487.25,2476.0,2446.0,551.3799999999999,601.3799999999999
11,87,2496.625,576.3799999999999,18.67691489361702,94,0,2487.25,2517.25,2506.0,2476.0,551.3799999999999,601.3799999999999
11,88,2526.625,576.3799999999999,18.715308641975305,81,0,2517.25,2547.25,2536.0,2506.0,551.3799999999999,601.3799999999999
11,89,2556.625,576.3799999999999,23.816774193548394,62,0,2547.25,2577.25,2566.0,2536.0,551.3799999999999,601.3799999999999
11,90,2586.625,576.3799999999999,34.013749999999995,64,0,2577.25,2607.25,2596.0,2566.0,551.3799999999999,601.3799999999999
11,91,2616.625,576.3799999999999,28.526447368421056,76,0,2607.25,2637.25,2626.0,2596.0,551.3799999999999,601.3799999999999
11,92,2646.625,576.3799999999999,19.832558139534882,86,0,2637.25,2667.25,2656.0,2626.0,551.3799999999999,601.3799999999999
11,93,2676.625,576.3799999999999,16.526777777777774,90,0,2667.25,2697.25,2686.0,2656.0,551.3799999999999,601.3799999999999
11,94,2706.625,576.3799999999999,25.304404761904763,84,0,2697.25,2727.25,2716.0,2686.0,551.3799999999999,601.3799999999999
11,95,2736.625,576.3799999999999,30.691973684210534,76,0,2727.25,2757.25,2746.0,2716.0,551.3799999999999,601.3799999999999
11,96,2766.625,576.3799999999999,28.720909090909082,77,0,2757.25,2787.25,2776.0,2746.0,551.3799999999999,601.3799999999999
11,97,2796.625,576.3799999999999,30.225652173913044,69,0,2787.25,2817.25,2806.0,2776.0,551.3799999999999,601.3799999999999
11,98,2826.625,576.3799999999999,41.62508771929824,57,0,2817.25,2847.25,2836.0,2806.0,551.3799999999999,601.3799999999999
11,99,2856.625,576.3799999999999,30.02914634146342,82,0,2847.25,2877.25,2866.0,2836.0,551.3799999999999,601.3799999999999
11,100,2886.625,576.3799999999999,7.235563909774434,133,0,2877.25,2907.25,2896.0,2866.0,551.3799999999999,601.3799999999999
11,101,2916.625,576.3799999999999,12.4213,100,0,2907.25,2937.25,2926.0,2896.0,551.3799999999999,601.3799999999999
11,102,2946.625,576.3799999999999,27.946986301369865,73,0,2937.25,2967.25,2956.0,2926.0,551.3799999999999,601.3799999999999
11,103,2976.625,576.3799999999999,37.308627450980396,51,0,2967.25,2997.25,2986.0,2956.0,551.3799999999999,601.3799999999999
11,104,3006.625,576.3799999999999,39.138461538461534,52,0,2997.25,3027.25,3016.0,2986.0,551.3799999999999,601.3799999999999
11,105,3036.625,576.3799999999999,35.917413793103435,58,0,3027.25,3057.25,3046.0,3016.0,551.3799999999999,601.3799999999999
11,106,3066.625,576.3799999999999,8.966859504132232,121,0,3057.25,3087.25,3076.0,3046.0,551.3799999999999,601.3799999999999
11,107,3096.625,576.3799999999999,12.596161616161618,99,0,3087.25,3117.25,3106.0,3076.0,551.3799999999999,601.3799999999999
11,108,3126.625,576.3799999999999,24.271323529411763,68,0,3117.25,3147.25,3136.0,3106.0,551.3799999999999,601.3799999999999
11,109,3156.625,576.3799999999999,24.540961538461538,52,0,3147.25,3177.25,3166.0,3136.0,551.3799999999999,601.3799999999999
11,110,3186.625,576.3799999999999,27.759870129870134,77,0,3177.25,3207.25,3196.0,3166.0,551.3799999999999,601.3799999999999
11,111,3216.625,576.3799999999999,18.376739130434775,92,0,3207.25,3237.25,3226.0,3196.0,551.3799999999999,601.3799999999999
11,112,3246.625,576.3799999999999,29.71957142857142,70,0,3237.25,3267.25,3256.0,3226.0,551.3799999999999,601.3799999999999
11,113,3276.625,576.3799999999999,33.91620689655172,58,0,3267.25,3297.25,3286.0,3256.0,551.3799999999999,601.3799999999999
11,114,3306.625,576.3799999999999,27.255915492957733,71,0,3297.25,3327.25,3316.0,3286.0,551.3799999999999,601.3799999999999
11,115,3336.625,576.3799999999999,25.585625000000007,96,0,3327.25,3357.25,3346.0,3316.0,551.3799999999999,601.3799999999999
11,116,3366.625,576.3799999999999,26.61142857142857,70,0,3357.25,3387.25,3376.0,3346.0,551.3799999999999,601.3799999999999
11,117,3396.625,576.3799999999999,12.006701030927834,97,0,3387.25,3417.25,3406.0,3376.0,551.3799999999999,601.3799999999999
11,118,3426.625,576.3799999999999,16.68284090909091,88,0,3417.25,3447.25,3436.0,3406.0,551.3799999999999,601.3799999999999
11,119,3456.625,576.3799999999999,29.28116666666666,60,0,3447.25,3477.25,3466.0,3436.0,551.3799999999999,601.3799999999999
11,120,3486.625,576.3799999999999,34.7729411764706,68,0,3477.25,3507.25,3496.0,3466.0,551.3799999999999,601.3799999999999
11,121,3516.625,576.3799999999999,43.02260869565219,46,0,3507.25,3537.25,3526.0,3496.0,551.3799999999999,601.3799999999999
11,122,3546.625,576.3799999999999,46.14023255813954,43,0,3537.25,3567.25,3556.0,3526.0,551.3799999999999,601.3799999999999
11,123,3576.625,576.3799999999999,44.51100000000001,50,0,3567.25,3597.25,3586.0,3556.0,551.3799999999999,601.3799999999999
11,124,3606.625,576.3799999999999,37.91535714285714,56,0,3597.25,3627.25,3616.0,3586.0,551.3799999999999,601.3799999999999
11,125,3636.625,576.3799999999999,17.004571428571424,70,0,3627.25,3657.25,3646.0,3616.0,551.3799999999999,601.3799999999999
11,126,3666.625,576.3799999999999,26.07142857142858,28,0,3657.25,3687.25,3676.0,3646.0,551.3799999999999,601.3799999999999
11,127,3696.625,576.3799999999999,,0,0,3687.25,3717.25,3706.0,3676.0,551.3799999999999,601.3799999999999
11,128,3726.625,576.3799999999999,,0,0,3717.25,3747.25,3736.0,3706.0,551.3799999999999,601.3799999999999
11,129,3756.625,576.3799999999999,,0,0,3747.25,3777.25,3766.0,3736.0,551.3799999999999,601.3799999999999
11,130,3786.625,576.3799999999999,,0,0,3777.25,3807.25,3796.0,3766.0,551.3799999999999,601.3799999999999
11,131,3816.625,576.3799999999999,,0,0,3807.25,3837.25,3826.0,3796.0,551.3799999999999,601.3799999999999
12,4,-4.625,626.3799999999999,85.7825,4,0,-14.0,16.0,4.75,-25.25,601.3799999999999,651.3799999999999
12,5,25.375,626.3799999999999,68.86090909090909,11,0,16.0,46.0,34.75,4.75,601.3799999999999,651.3799999999999
12,6,55.375,626.3799999999999,67.27416666666666,24,0,46.0,76.0,64.75,34.75,601.3799999999999,651.3799999999999
12,7,85.375,626.3799999999999,67.48038461538462,26,0,76.0,106.0,94.75,64.75,601.3799999999999,651.3799999999999
12,8,115.375,626.3799999999999,67.63615384615385,26,0,106.0,136.0,124.75,94.75,601.3799999999999,651.3799999999999
12,9,145.375,626.3799999999999,68.88625000000002,16,0,136.0,166.0,154.75,124.75,601.3799999999999,651.3799999999999
12,10,175.375,626.3799999999999,65.72103448275863,29,0,166.0,196.0,184.75,154.75,601.3799999999999,651.3799999999999
12,11,205.375,626.3799999999999,71.31969696969698,33,0,196.0,226.0,214.75,184.75,601.3799999999999,651.3799999999999
12,12,235.375,626.3799999999999,68.8225,12,0,226.0,256.0,244.75,214.75,601.3799999999999,651.3799999999999
12,13,265.375,626.3799999999999,72.33312500000001,16,0,256.0,286.0,274.75,244.75,601.3799999999999,651.3799999999999
12,14,295.375,626.3799999999999,73.44800000000001,20,0,286.0,316.0,304.75,274.75,601.3799999999999,651.3799999999999
12,15,325.375,626.3799999999999,67.76470588235294,17,0,316.0,346.0,334.75,304.75,601.3799999999999,651.3799999999999
12,16,355.375,626.3799999999999,66.761875,32,0,346.0,376.0,364.75,334.75,601.3799999999999,651.3799999999999
12,17,385.375,626.3799999999999,72.01958333333334,24,0,376.0,406.0,394.75,364.75,601.3799999999999,651.3799999999999
12,18,415.375,626.3799999999999,71.16130434782607,23,0,406.0,436.0,424.75,394.75,601.3799999999999,651.3799999999999
12,19,445.375,626.3799999999999,74.01111111111112,18,0,436.0,466.0,454.75,424.75,601.3799999999999,651.3799999999999
12,20,475.375,626.3799999999999,63.8655,20,0,466.0,496.0,484.75,454.75,601.3799999999999,651.3799999999999
12,21,505.375,626.3799999999999,69.37842105263158,19,0,496.0,526.0,514.75,484.75,601.3799999999999,651.3799999999999
12,22,535.375,626.3799999999999,68.24055555555555,18,0,526.0,556.0,544.75,514.75,601.3799999999999,651.3799999999999
12,23,565.375,626.3799999999999,67.68874999999998,16,0,556.0,586.0,574.75,544.75,601.3799999999999,651.3799999999999
12,24,595.375,626.3799999999999,67.1659090909091,22,0,586.0,616.0,604.75,574.75,601.3799999999999,651.3799999999999
12,25,625.375,626.3799999999999,65.04708333333333,24,0,616.0,646.0,634.75,604.75,601.3799999999999,651.3799999999999
12,26,655.375,626.3799999999999,64.46523809523808,21,0,646.0,676.0,664.75,634.75,601.3799999999999,651.3799999999999
12,27,685.375,626.3799999999999,66.68384615384616,26,0,676.0,706.0,694.75,664.75,601.3799999999999,651.3799999999999
12,28,715.375,626.3799999999999,64.99720000000002,25,0,706.0,736.0,724.75,694.75,601.3799999999999,651.3799999999999
12,29,745.375,626.3799999999999,63.47085714285713,35,0,736.0,766.0,754.75,724.75,601.3799999999999,651.3799999999999
12,30,775.375,626.3799999999999,68.76411764705882,17,0,766.0,796.0,784.75,754.75,601.3799999999999,651.3799999999999
12,31,805.375,626.3799999999999,66.32391304347826,23,0,796.0,826.0,814.75,784.75,601.3799999999999,651.3799999999999
12,32,835.375,626.3799999999999,70.551,20,0,826.0,856.0,844.75,814.75,601.3799999999999,651.3799999999999
12,33,865.375,626.3799999999999,63.481999999999985,20,0,856.0,886.0,874.75,844.75,601.3799999999999,651.3799999999999
12,34,895.375,626.3799999999999,62.280625,32,0,886.0,916.0,904.75,874.75,601.3799999999999,651.3799999999999
12,35,925.375,626.3799999999999,68.42318181818183,22,0,916.0,946.0,934.75,904.75,601.3799999999999,651.3799999999999
12,36,955.375,626.3799999999999,75.20923076923079,13,0,946.0,976.0,964.75,934.75,601.3799999999999,651.3799999999999
12,37,985.375,626.3799999999999,68.47909090909091,22,0,976.0,1006.0,994.75,964.75,601.3799999999999,651.3799999999999
12,38,1015.375,626.3799999999999,63.63249999999999,24,0,1006.0,1036.0,1024.75,994.75,601.3799999999999,651.3799999999999
12,39,1045.375,626.3799999999999,63.12789473684211,19,0,1036.0,1066.0,1054.75,1024.75,601.3799999999999,651.3799999999999
12,40,1075.375,626.3799999999999,64.57399999999998,20,0,1066.0,1096.0,1084.75,1054.75,601.3799999999999,651.3799999999999
12,41,1105.375,626.3799999999999,71.01312499999999,16,0,1096.0,1126.0,1114.75,1084.75,601.3799999999999,651.3799999999999
12,42,1135.375,626.3799999999999,66.71380952380953,21,0,1126.0,1156.0,1144.75,1114.75,601.3799999999999,651.3799999999999
12,43,1165.375,626.3799999999999,66.28846153846155,26,0,1156.0,1186.0,1174.75,1144.75,601.3799999999999,651.3799999999999
12,44,1195.375,626.3799999999999,66.40068965517241,29,0,1186.0,1216.0,1204.75,1174.75,601.3799999999999,651.3799999999999
12,45,1225.375,626.3799999999999,68.38000000000001,11,0,1216.0,1246.0,1234.75,1204.75,601.3799999999999,651.3799999999999
12,46,1255.375,626.3799999999999,64.6593103448276,29,0,1246.0,1276.0,1264.75,1234.75,601.3799999999999,651.3799999999999
12,47,1285.375,626.3799999999999,69.77149999999999,20,0,1276.0,1306.0,1294.75,1264.75,601.3799999999999,651.3799999999999
12,48,1315.375,626.3799999999999,64.48349999999999,20,0,1306.0,1336.0,1324.75,1294.75,601.3799999999999,651.3799999999999
12,49,1345.375,626.3799999999999,65.49000000000001,22,0,1336.0,1366.0,1354.75,1324.75,601.3799999999999,651.3799999999999
12,50,1375.375,626.3799999999999,70.79384615384615,13,0,1366.0,1396.0,1384.75,1354.75,601.3799999999999,651.3799999999999
12,51,1405.375,626.3799999999999,57.84833333333333,18,0,1396.0,1426.0,1414.75,1384.75,601.3799999999999,651.3799999999999
12,52,1435.375,626.3799999999999,58.51727272727273,44,0,1426.0,1456.0,1444.75,1414.75,601.3799999999999,651.3799999999999
12,53,1465.375,626.3799999999999,63.34264705882353,34,0,1456.0,1486.0,1474.75,1444.75,601.3799999999999,651.3799999999999
12,54,1495.375,626.3799999999999,67.05172413793102,29,0,1486.0,1516.0,1504.75,1474.75,601.3799999999999,651.3799999999999
12,55,1525.375,626.3799999999999,70.37259259259258,27,0,1516.0,1546.0,1534.75,1504.75,601.3799999999999,651.3799999999999
12,56,1555.375,626.3799999999999,70.49722222222222,18,0,1546.0,1576.0,1564.75,1534.75,601.3799999999999,651.3799999999999
12,57,1585.375,626.3799999999999,66.15133333333333,15,0,1576.0,1606.0,1594.75,1564.75,601.3799999999999,651.3799999999999
12,58,1615.375,626.3799999999999,60.86733333333333,30,0,1606.0,1636.0,1624.75,1594.75,601.3799999999999,651.3799999999999
12,59,1645.375,626.3799999999999,68.95666666666666,21,0,1636.0,1666.0,1654.75,1624.75,601.3799999999999,651.3799999999999
12,60,1675.375,626.3799999999999,60.22640000000001,25,0,1666.0,1696.0,1684.75,1654.75,601.3799999999999,651.3799999999999
12,61,1705.375,626.3799999999999,68.58884615384616,26,0,1696.0,1726.0,1714.75,1684.75,601.3799999999999,651.3799999999999
12,62,1735.375,626.3799999999999,67.0,23,0,1726.0,1756.0,1744.75,1714.75,601.3799999999999,651.3799999999999
12,63,1765.375,626.3799999999999,67.5341935483871,31,0,1756.0,1786.0,1774.75,1744.75,601.3799999999999,651.3799999999999
12,64,1795.375,626.3799999999999,67.22125,32,0,1786.0,1816.0,1804.75,1774.75,601.3799999999999,651.3799999999999
12,65,1825.375,626.3799999999999,77.79555555555557,9,0,1816.0,1846.0,1834.75,1804.75,601.3799999999999,651.3799999999999
12,66,1855.375,626.3799999999999,63.969615384615395,26,0,1846.0,1876.0,1864.75,1834.75,601.3799999999999,651.3799999999999
12,67,1885.375,626.3799999999999,63.87242424242425,33,0,1876.0,1906.0,1894.75,1864.75,601.3799999999999,651.3799999999999
12,68,1915.375,626.3799999999999,63.24413793103447,29,0,1906.0,1936.0,1924.75,1894.75,601.3799999999999,651.3799999999999
12,69,1945.375,626.3799999999999,62.682941176470585,34,0,1936.0,1966.0,1954.75,1924.75,601.3799999999999,651.3799999999999
12,70,1975.375,626.3799999999999,62.38492481203007,38,0,1966.0,1996.0,1984.75,1954.75,601.3799999999999,651.3799999999999
12,71,2005.375,626.3799999999999,57.21588235294117,34,0,1996.0,2026.0,2014.75,1984.75,601.3799999999999,651.3799999999999
12,72,2035.375,626.3799999999999,44.80415,50,0,2026.0,2056.0,2044.75,2014.75,601.3799999999999,651.3799999999999
12,73,2065.375,626.3799999999999,45.016666666666666,54,0,2056.0,2086.0,2074.75,2044.75,601.3799999999999,651.3799999999999
12,74,2095.375,626.3799999999999,43.567407407407416,54,0,2086.0,2116.0,2104.75,2074.75,601.3799999999999,651.3799999999999
12,75,2125.375,626.3799999999999,46.70399999999999,40,0,2116.0,2146.0,2134.75,2104.75,601.3799999999999,651.3799999999999
12,76,2155.375,626.3799999999999,46.6348,50,0,2146.0,2176.0,2164.75,2134.75,601.3799999999999,651.3799999999999
12,77,2185.375,626.3799999999999,35.11769230769231,52,0,2176.0,2206.0,2194.75,2164.75,601.3799999999999,651.3799999999999
12,78,2215.375,626.3799999999999,32.59558823529411,68,0,2206.0,2236.0,2224.75,2194.75,601.3799999999999,651.3799999999999
12,79,2245.375,626.3799999999999,37.13169811320754,53,0,2236.0,2266.0,2254.75,2224.75,601.3799999999999,651.3799999999999
12,80,2275.375,626.3799999999999,29.525714285714287,70,0,2266.0,2296.0,2284.75,2254.75,601.3799999999999,651.3799999999999
12,81,2305.375,626.3799999999999,23.57857142857143,91,0,2296.0,2326.0,2314.75,2284.75,601.3799999999999,651.3799999999999
12,82,2335.375,626.3799999999999,18.117173913043484,92,0,2326.0,2356.0,2344.75,2314.75,601.3799999999999,651.3799999999999
12,83,2365.375,626.3799999999999,26.776338028169018,71,0,2356.0,2386.0,2374.75,2344.75,601.3799999999999,651.3799999999999
12,84,2395.375,626.3799999999999,29.134736842105276,57,0,2386.0,2416.0,2404.75,2374.75,601.3799999999999,651.3799999999999
12,85,2425.375,626.3799999999999,22.147397260273976,73,0,2416.0,2446.0,2434.75,2404.75,601.3799999999999,651.3799999999999
12,86,2455.375,626.3799999999999,20.83243902439024,82,0,2446.0,2476.0,2464.75,2434.75,601.3799999999999,651.3799999999999
12,87,2485.375,626.3799999999999,19.180786516853935,89,0,2476.0,2506.0,2494.75,2464.75,601.3799999999999,651.3799999999999
12,88,2515.375,626.3799999999999,16.20301075268818,93,0,2506.0,2536.0,2524.75,2494.75,601.3799999999999,651.3799999999999
12,89,2545.375,626.3799999999999,22.201643835616448,73,0,2536.0,2566.0,2554.75,2524.75,601.3799999999999,651.3799999999999
12,90,2575.375,626.3799999999999,31.992321428571422,56,0,2566.0,2596.0,2584.75,2554.75,601.3799999999999,651.3799999999999
12,91,2605.375,626.3799999999999,25.77988505747127,87,0,2596.0,2626.0,2614.75,2584.75,601.3799999999999,651.3799999999999
12,92,2635.375,626.3799999999999,20.768441558441566,77,0,2626.0,2656.0,2644.75,2614.75,601.3799999999999,651.3799999999999
12,93,2665.375,626.3799999999999,18.26823529411765,85,0,2656.0,2686.0,2674.75,2644.75,601.3799999999999,651.3799999999999
12,94,2695.375,626.3799999999999,22.219746835443043,79,0,2686.0,2716.0,2704.75,2674.75,601.3799999999999,651.3799999999999
12,95,2725.375,626.3799999999999,26.513846153846153,91,0,2716.0,2746.0,2734.75,2704.75,601.3799999999999,651.3799999999999
12,96,2755.375,626.3799999999999,22.672916666666666,96,0,2746.0,2776.0,2764.75,2734.75,601.3799999999999,651.3799999999999
12,97,2785.375,626.3799999999999,26.508717948717948,78,0,2776.0,2806.0,2794.75,2764.75,601.3799999999999,651.3799999999999
12,98,2815.375,626.3799999999999,34.614067796610165,59,0,2806.0,2836.0,2824.75,2794.75,601.3799999999999,651.3799999999999
12,99,2845.375,626.3799999999999,25.10698924731183,93,0,2836.0,2866.0,2854.75,2824.75,601.3799999999999,651.3799999999999
12,100,2875.375,626.3799999999999,7.85187134502924,171,0,2866.0,2896.0,2884.75,2854.75,601.3799999999999,651.3799999999999
12,101,2905.375,626.3799999999999,12.35628865979381,97,0,2896.0,2926.0,2914.75,2884.75,601.3799999999999,651.3799999999999
12,102,2935.375,626.3799999999999,30.726774193548387,62,0,2926.0,2956.0,2944.75,2914.75,601.3799999999999,651.3799999999999
12,103,2965.375,626.3799999999999,38.488771929824566,57,0,2956.0,2986.0,2974.75,2944.75,601.3799999999999,651.3799999999999
12,104,2995.375,626.3799999999999,39.761020408163255,49,0,2986.0,3016.0,3004.75,2974.75,601.3799999999999,651.3799999999999
12,105,3025.375,626.3799999999999,35.715625,64,0,3016.0,3046.0,3034.75,3004.75,601.3799999999999,651.3799999999999
12,106,3055.375,626.3799999999999,10.625104166666665,96,0,3046.0,3076.0,3064.75,3034.75,601.3799999999999,651.3799999999999
12,107,3085.375,626.3799999999999,12.259387755102036,98,0,3076.0,3106.0,3094.75,3064.75,601.3799999999999,651.3799999999999
12,108,3115.375,626.3799999999999,24.950810810810808,74,0,3106.0,3136.0,3124.75,3094.75,601.3799999999999,651.3799999999999
12,109,3145.375,626.3799999999999,26.019824561403503,57,0,3136.0,3166.0,3154.75,3124.75,601.3799999999999,651.3799999999999
12,110,3175.375,626.3799999999999,23.602567567567565,74,0,3166.0,3196.0,3184.75,3154.75,601.3799999999999,651.3799999999999
12,111,3205.375,626.3799999999999,19.79052083333332,96,0,3196.0,3226.0,3214.75,3184.75,601.3799999999999,651.3799999999999
12,112,3235.375,626.3799999999999,29.007777777777783,72,0,3226.0,3256.0,3244.75,3214.75,601.3799999999999,651.3799999999999
12,113,3265.375,626.3799999999999,32.02084507042253,71,0,3256.0,3286.0,3274.75,3244.75,601.3799999999999,651.3799999999999
12,114,3295.375,626.3799999999999,28.830468749999987,64,0,3286.0,3316.0,3304.75,3274.75,601.3799999999999,651.3799999999999
12,115,3325.375,626.3799999999999,28.498904109589034,73,0,3316.0,3346.0,3334.75,3304.75,601.3799999999999,651.3799999999999
12,116,3355.375,626.3799999999999,24.748,90,0,3346.0,3376.0,3364.75,3334.75,601.3799999999999,651.3799999999999
12,117,3385.375,626.3799999999999,14.729500000000002,80,0,3376.0,3406.0,3394.75,3364.75,601.3799999999999,651.3799999999999
12,118,3415.375,626.3799999999999,15.402000000000001,90,0,3406.0,3436.0,3424.75,3394.75,601.3799999999999,651.3799999999999
12,119,3445.375,626.3799999999999,25.07263157894737,76,0,3436.0,3466.0,3454.75,3424.75,601.3799999999999,651.3799999999999
12,120,3475.375,626.3799999999999,31.827605633802815,71,0,3466.0,3496.0,3484.75,3454.75,601.3799999999999,651.3799999999999
12,121,3505.375,626.3799999999999,32.86521126760564,71,0,3496.0,3526.0,3514.75,3484.75,601.3799999999999,651.3799999999999
12,122,3535.375,626.3799999999999,37.62755102040818,49,0,3526.0,3556.0,3544.75,3514.75,601.3799999999999,651.3799999999999
12,123,3565.375,626.3799999999999,40.01981132075472,53,0,3556.0,3586.0,3574.75,3544.75,601.3799999999999,651.3799999999999
12,124,3595.375,626.3799999999999,30.99434782608695,69,0,3586.0,3616.0,3604.75,3574.75,601.3799999999999,651.3799999999999
12,125,3625.375,626.3799999999999,13.90141592920354,113,0,3616.0,3646.0,3634.75,3604.75,601.3799999999999,651.3799999999999
12,126,3655.375,626.3799999999999,28.10065573770492,61,0,3646.0,3676.0,3664.75,3634.75,601.3799999999999,651.3799999999999
12,127,3685.375,626.3799999999999,33.656666666666666,3,0,3676.0,3706.0,3694.75,3664.75,601.3799999999999,651.3799999999999
12,128,3715.375,626.3799999999999,,0,0,3706.0,3736.0,3724.75,3694.75,601.3799999999999,651.3799999999999
12,129,3745.375,626.3799999999999,,0,0,3736.0,3766.0,3754.75,3724.75,601.3799999999999,651.3799999999999
12,130,3775.375,626.3799999999999,,0,0,3766.0,3796.0,3784.75,3754.75,601.3799999999999,651.3799999999999
12,131,3805.375,626.3799999999999,,0,0,3796.0,3826.0,3814.75,3784.75,601.3799999999999,651.3799999999999
12,132,3835.375,626.3799999999999,,0,0,3826.0,3856.0,3844.75,3814.75,601.3799999999999,651.3799999999999
13,4,-15.875,676.3799999999999,87.36,1,0,-25.25,4.75,-6.5,-36.5,651.3799999999999,701.3799999999999
13,5,14.125,676.3799999999999,82.72818181818182,11,0,4.75,34.75,23.5,-6.5,651.3799999999999,701.3799999999999
13,6,44.125,676.3799999999999,67.89210526315792,19,0,34.75,64.75,53.5,23.5,651.3799999999999,701.3799999999999
13,7,74.125,676.3799999999999,73.42318181818182,22,0,64.75,94.75,83.5,53.5,651.3799999999999,701.3799999999999
13,8,104.125,676.3799999999999,69.08818181818181,33,0,94.75,124.75,113.5,83.5,651.3799999999999,701.3799999999999
13,9,134.125,676.3799999999999,72.64315789473685,19,0,124.75,154.75,143.5,113.5,651.3799999999999,701.3799999999999
13,10,164.125,676.3799999999999,70.22904761904762,21,0,154.75,184.75,173.5,143.5,651.3799999999999,701.3799999999999
13,11,194.125,676.3799999999999,70.6796875,32,0,184.75,214.75,203.5,173.5,651.3799999999999,701.3799999999999
13,12,224.125,676.3799999999999,73.88149999999999,20,0,214.75,244.75,233.5,203.5,651.3799999999999,701.3799999999999
13,13,254.125,676.3799999999999,72.51833333333333,12,0,244.75,274.75,263.5,233.5,651.3799999999999,701.3799999999999
13,14,284.125,676.3799999999999,77.706875,16,0,274.75,304.75,293.5,263.5,651.3799999999999,701.3799999999999
13,15,314.125,676.3799999999999,73.12476190476191,21,0,304.75,334.75,323.5,293.5,651.3799999999999,701.3799999999999
13,16,344.125,676.3799999999999,68.3968,25,0,334.75,364.75,353.5,323.5,651.3799999999999,701.3799999999999
13,17,374.125,676.3799999999999,72.3167857142857,28,0,364.75,394.75,383.5,353.5,651.3799999999999,701.3799999999999
13,18,404.125,676.3799999999999,75.37100000000001,20,0,394.75,424.75,413.5,383.5,651.3799999999999,701.3799999999999
13,19,434.125,676.3799999999999,75.5178947368421,19,0,424.75,454.75,443.5,413.5,651.3799999999999,701.3799999999999
13,20,464.125,676.3799999999999,75.270625,16,0,454.75,484.75,473.5,443.5,651.3799999999999,701.3799999999999
13,21,494.125,676.3799999999999,67.86347826086956,23,0,484.75,514.75,503.5,473.5,651.3799999999999,701.3799999999999
13,22,524.125,676.3799999999999,73.44761904761906,21,0,514.75,544.75,533.5,503.5,651.3799999999999,701.3799999999999
13,23,554.125,676.3799999999999,72.40947368421051,19,0,544.75,574.75,563.5,533.5,651.3799999999999,701.3799999999999
13,24,584.125,676.3799999999999,69.79727272727274,22,0,574.75,604.75,593.5,563.5,651.3799999999999,701.3799999999999
13,25,614.125,676.3799999999999,70.71047619047619,21,0,604.75,634.75,623.5,593.5,651.3799999999999,701.3799999999999
13,26,644.125,676.3799999999999,68.982,15,0,634.75,664.75,653.5,623.5,651.3799999999999,701.3799999999999
13,27,674.125,676.3799999999999,69.52060606060604,33,0,664.75,694.75,683.5,653.5,651.3799999999999,701.3799999999999
13,28,704.125,676.3799999999999,69.07875,24,0,694.75,724.75,713.5,683.5,651.3799999999999,701.3799999999999
13,29,734.125,676.3799999999999,64.2740909090909,22,0,724.75,754.75,743.5,713.5,651.3799999999999,701.3799999999999
13,30,764.125,676.3799999999999,71.71374999999999,32,0,754.75,784.75,773.5,743.5,651.3799999999999,701.3799999999999
13,31,794.125,676.3799999999999,69.015,16,0,784.75,814.75,803.5,773.5,651.3799999999999,701.3799999999999
13,32,824.125,676.3799999999999,74.98958333333333,24,0,814.75,844.75,833.5,803.5,651.3799999999999,701.3799999999999
13,33,854.125,676.3799999999999,68.37857142857142,14,0,844.75,874.75,863.5,833.5,651.3799999999999,701.3799999999999
13,34,884.125,676.3799999999999,64.0217142857143,35,0,874.75,904.75,893.5,863.5,651.3799999999999,701.3799999999999
13,35,914.125,676.3799999999999,69.80608695652174,23,0,904.75,934.75,923.5,893.5,651.3799999999999,701.3799999999999
13,36,944.125,676.3799999999999,74.492,20,0,934.75,964.75,953.5,923.5,651.3799999999999,701.3799999999999
13,37,974.125,676.3799999999999,75.59833333333333,18,0,964.75,994.75,983.5,953.5,651.3799999999999,701.3799999999999
13,38,1004.125,676.3799999999999,68.54038461538461,26,0,994.75,1024.75,1013.5,983.5,651.3799999999999,701.3799999999999
13,39,1034.125,676.3799999999999,66.98814814814816,27,0,1024.75,1054.75,1043.5,1013.5,651.3799999999999,701.3799999999999
13,40,1064.125,676.3799999999999,66.46294117647058,17,0,1054.75,1084.75,1073.5,1043.5,651.3799999999999,701.3799999999999
13,41,1094.125,676.3799999999999,71.02304347826087,23,0,1084.75,1114.75,1103.5,1073.5,651.3799999999999,701.3799999999999
13,42,1124.125,676.3799999999999,71.66785714285714,14,0,1114.75,1144.75,1133.5,1103.5,651.3799999999999,701.3799999999999
13,43,1154.125,676.3799999999999,69.84689655172416,29,0,1144.75,1174.75,1163.5,1133.5,651.3799999999999,701.3799999999999
13,44,1184.125,676.3799999999999,70.36285714285715,21,0,1174.75,1204.75,1193.5,1163.5,651.3799999999999,701.3799999999999
13,45,1214.125,676.3799999999999,71.3005882352941,17,0,1204.75,1234.75,1223.5,1193.5,651.3799999999999,701.3799999999999
13,46,1244.125,676.3799999999999,66.28565217391306,23,0,1234.75,1264.75,1253.5,1223.5,651.3799999999999,701.3799999999999
13,47,1274.125,676.3799999999999,73.18851851851852,27,0,1264.75,1294.75,1283.5,1253.5,651.3799999999999,701.3799999999999
13,48,1304.125,676.3799999999999,69.77842105263159,19,0,1294.75,1324.75,1313.5,1283.5,651.3799999999999,701.3799999999999
13,49,1334.125,676.3799999999999,66.31647058823529,17,0,1324.75,1354.75,1343.5,1313.5,651.3799999999999,701.3799999999999
13,50,1364.125,676.3799999999999,73.35666666666667,18,0,1354.75,1384.75,1373.5,1343.5,651.3799999999999,701.3799999999999
13,51,1394.125,676.3799999999999,63.894615384615385,13,0,1384.75,1414.75,1403.5,1373.5,651.3799999999999,701.3799999999999
13,52,1424.125,676.3799999999999,58.84542857142859,35,0,1414.75,1444.75,1433.5,1403.5,651.3799999999999,701.3799999999999
13,53,1454.125,676.3799999999999,64.32575000000001,40,0,1444.75,1474.75,1463.5,1433.5,651.3799999999999,701.3799999999999
13,54,1484.125,676.3799999999999,67.97774193548388,31,0,1474.75,1504.75,1493.5,1463.5,651.3799999999999,701.3799999999999
13,55,1514.125,676.3799999999999,72.1974712643678,29,0,1504.75,1534.75,1523.5,1493.5,651.3799999999999,701.3799999999999
13,56,1544.125,676.3799999999999,73.5411111111111,27,0,1534.75,1564.75,1553.5,1523.5,651.3799999999999,701.3799999999999
13,57,1574.125,676.3799999999999,72.33538461538461,13,0,1564.75,1594.75,1583.5,1553.5,651.3799999999999,701.3799999999999
13,58,1604.125,676.3799999999999,63.63666666666666,24,0,1594.75,1624.75,1613.5,1583.5,651.3799999999999,701.3799999999999
13,59,1634.125,676.3799999999999,65.07545454545453,33,0,1624.75,1654.75,1643.5,1613.5,651.3799999999999,701.3799999999999
13,60,1664.125,676.3799999999999,68.9276923076923,13,0,1654.75,1684.75,1673.5,1643.5,651.3799999999999,701.3799999999999
13,61,1694.125,676.3799999999999,65.20945945945947,37,0,1684.75,1714.75,1703.5,1673.5,651.3799999999999,701.3799999999999
13,62,1724.125,676.3799999999999,70.14368421052632,19,0,1714.75,1744.75,1733.5,1703.5,651.3799999999999,701.3799999999999
13,63,1754.125,676.3799999999999,70.46303030303031,33,0,1744.75,1774.75,1763.5,1733.5,651.3799999999999,701.3799999999999
13,64,1784.125,676.3799999999999,69.49000000000001,34,0,1774.75,1804.75,1793.5,1763.5,651.3799999999999,701.3799999999999
13,65,1814.125,676.3799999999999,77.66000000000001,18,0,1804.75,1834.75,1823.5,1793.5,651.3799999999999,701.3799999999999
13,66,1844.125,676.3799999999999,70.547,20,0,1834.75,1864.75,1853.5,1823.5,651.3799999999999,701.3799999999999
13,67,1874.125,676.3799999999999,65.885,30,0,1864.75,1894.75,1883.5,1853.5,651.3799999999999,701.3799999999999
13,68,1904.125,676.3799999999999,64.8594117647059,34,0,1894.75,1924.75,1913.5,1883.5,651.3799999999999,701.3799999999999
13,69,1934.125,676.3799999999999,64.41906249999998,32,0,1924.75,1954.75,1943.5,1913.5,651.3799999999999,701.3799999999999
13,70,1964.125,676.3799999999999,66.406,25,0,1954.75,1984.75,1973.5,1943.5,651.3799999999999,701.3799999999999
13,71,1994.125,676.3799999999999,51.90326923076923,52,0,1984.75,2014.75,2003.5,1973.5,651.3799999999999,701.3799999999999
13,72,2024.125,676.3799999999999,40.88977324263039,49,0,2014.75,2044.75,2033.5,2003.5,651.3799999999999,701.3799999999999
13,73,2054.125,676.3799999999999,42.451060606060615,66,0,2044.75,2074.75,2063.5,2033.5,651.3799999999999,701.3799999999999
13,74,2084.125,676.3799999999999,44.86763636363636,55,0,2074.75,2104.75,2093.5,2063.5,651.3799999999999,701.3799999999999
13,75,2114.125,676.3799999999999,38.18490566037736,53,0,2104.75,2134.75,2123.5,2093.5,651.3799999999999,701.3799999999999
13,76,2144.125,676.3799999999999,44.828199999999995,50,0,2134.75,2164.75,2153.5,2123.5,651.3799999999999,701.3799999999999
13,77,2174.125,676.3799999999999,40.01716666666667,60,0,2164.75,2194.75,2183.5,2153.5,651.3799999999999,701.3799999999999
13,78,2204.125,676.3799999999999,37.66773584905659,53,0,2194.75,2224.75,2213.5,2183.5,651.3799999999999,701.3799999999999
13,79,2234.125,676.3799999999999,37.96076023391813,57,0,2224.75,2254.75,2243.5,2213.5,651.3799999999999,701.3799999999999
13,80,2264.125,676.3799999999999,35.236607142857146,56,0,2254.75,2284.75,2273.5,2243.5,651.3799999999999,701.3799999999999
13,81,2294.125,676.3799999999999,26.96061728395061,81,0,2284.75,2314.75,2303.5,2273.5,651.3799999999999,701.3799999999999
13,82,2324.125,676.3799999999999,21.78609195402299,87,0,2314.75,2344.75,2333.5,2303.5,651.3799999999999,701.3799999999999
13,83,2354.125,676.3799999999999,32.38936507936508,63,0,2344.75,2374.75,2363.5,2333.5,651.3799999999999,701.3799999999999
13,84,2384.125,676.3799999999999,36.11765957446807,47,0,2374.75,2404.75,2393.5,2363.5,651.3799999999999,701.3799999999999
13,85,2414.125,676.3799999999999,28.98888888888889,54,0,2404.75,2434.75,2423.5,2393.5,651.3799999999999,701.3799999999999
13,86,2444.125,676.3799999999999,25.755217391304342,69,0,2434.75,2464.75,2453.5,2423.5,651.3799999999999,701.3799999999999
13,87,2474.125,676.3799999999999,24.4601515151515,66,0,2464.75,2494.75,2483.5,2453.5,651.3799999999999,701.3799999999999
13,88,2504.125,676.3799999999999,20.47707317073171,82,0,2494.75,2524.75,2513.5,2483.5,651.3799999999999,701.3799999999999
13,89,2534.125,676.3799999999999,27.485396825396837,63,0,2524.75,2554.75,2543.5,2513.5,651.3799999999999,701.3799999999999
13,90,2564.125,676.3799999999999,36.698541666666664,48,0,2554.75,2584.75,2573.5,2543.5,651.3799999999999,701.3799999999999
13,91,2594.125,676.3799999999999,29.309354838709673,62,0,2584.75,2614.75,2603.5,2573.5,651.3799999999999,701.3799999999999
13,92,2624.125,676.3799999999999,24.281707317073163,82,0,2614.75,2644.75,2633.5,2603.5,651.3799999999999,701.3799999999999
13,93,2654.125,676.3799999999999,20.14051282051283,78,0,2644.75,2674.75,2663.5,2633.5,651.3799999999999,701.3799999999999
13,94,2684.125,676.3799999999999,27.38428571428571,63,0,2674.75,2704.75,2693.5,2663.5,651.3799999999999,701.3799999999999
13,95,2714.125,676.3799999999999,31.15294117647059,68,0,2704.75,2734.75,2723.5,2693.5,651.3799999999999,701.3799999999999
13,96,2744.125,676.3799999999999,27.773999999999994,80,0,2734.75,2764.75,2753.5,2723.5,651.3799999999999,701.3799999999999
13,97,2774.125,676.3799999999999,31.15532258064515,62,0,2764.75,2794.75,2783.5,2753.5,651.3799999999999,701.3799999999999
13,98,2804.125,676.3799999999999,36.27553846153845,65,0,2794.75,2824.75,2813.5,2783.5,651.3799999999999,701.3799999999999
13,99,2834.125,676.3799999999999,31.208849206349203,63,0,2824.75,2854.75,2843.5,2813.5,651.3799999999999,701.3799999999999
13,100,2864.125,676.3799999999999,12.511735537190095,121,0,2854.75,2884.75,2873.5,2843.5,651.3799999999999,701.3799999999999
13,101,2894.125,676.3799999999999,16.224935064935064,77,0,2884.75,2914.75,2903.5,2873.5,651.3799999999999,701.3799999999999
13,102,2924.125,676.3799999999999,35.38400000000001,50,0,2914.75,2944.75,2933.5,2903.5,651.3799999999999,701.3799999999999
13,103,2954.125,676.3799999999999,40.515740740740746,54,0,2944.75,2974.75,2963.5,2933.5,651.3799999999999,701.3799999999999
13,104,2984.125,676.3799999999999,42.36415094339623,53,0,2974.75,3004.75,2993.5,2963.5,651.3799999999999,701.3799999999999
13,105,3014.125,676.3799999999999,40.594615384615366,52,0,3004.75,3034.75,3023.5,2993.5,651.3799999999999,701.3799999999999
13,106,3044.125,676.3799999999999,14.311203703703702,108,0,3034.75,3064.75,3053.5,3023.5,651.3799999999999,701.3799999999999
13,107,3074.125,676.3799999999999,13.877674418604647,86,0,3064.75,3094.75,3083.5,3053.5,651.3799999999999,701.3799999999999
13,108,3104.125,676.3799999999999,26.527424242424242,66,0,3094.75,3124.75,3113.5,3083.5,651.3799999999999,701.3799999999999
13,109,3134.125,676.3799999999999,28.68676923076923,65,0,3124.75,3154.75,3143.5,3113.5,651.3799999999999,701.3799999999999
13,110,3164.125,676.3799999999999,27.8509090909091,44,0,3154.75,3184.75,3173.5,3143.5,651.3799999999999,701.3799999999999
13,111,3194.125,676.3799999999999,28.60266666666667,60,0,3184.75,3214.75,3203.5,3173.5,651.3799999999999,701.3799999999999
13,112,3224.125,676.3799999999999,29.974492753623192,69,0,3214.75,3244.75,3233.5,3203.5,651.3799999999999,701.3799999999999
13,113,3254.125,676.3799999999999,31.667638888888877,72,0,3244.75,3274.75,3263.5,3233.5,651.3799999999999,701.3799999999999
13,114,3284.125,676.3799999999999,31.313650793650798,63,0,3274.75,3304.75,3293.5,3263.5,651.3799999999999,701.3799999999999
13,115,3314.125,676.3799999999999,35.98291666666667,48,0,3304.75,3334.75,3323.5,3293.5,651.3799999999999,701.3799999999999
13,116,3344.125,676.3799999999999,34.15263888888888,72,0,3334.75,3364.75,3353.5,3323.5,651.3799999999999,701.3799999999999
13,117,3374.125,676.3799999999999,19.21433333333333,90,0,3364.75,3394.75,3383.5,3353.5,651.3799999999999,701.3799999999999
13,118,3404.125,676.3799999999999,14.42844155844156,77,0,3394.75,3424.75,3413.5,3383.5,651.3799999999999,701.3799999999999
13,119,3434.125,676.3799999999999,27.002191780821914,73,0,3424.75,3454.75,3443.5,3413.5,651.3799999999999,701.3799999999999
13,120,3464.125,676.3799999999999,31.356557377049178,61,0,3454.75,3484.75,3473.5,3443.5,651.3799999999999,701.3799999999999
13,121,3494.125,676.3799999999999,31.92081081081081,74,0,3484.75,3514.75,3503.5,3473.5,651.3799999999999,701.3799999999999
13,122,3524.125,676.3799999999999,31.394714285714286,70,0,3514.75,3544.75,3533.5,3503.5,651.3799999999999,701.3799999999999
13,123,3554.125,676.3799999999999,30.760555555555555,54,0,3544.75,3574.75,3563.5,3533.5,651.3799999999999,701.3799999999999
13,124,3584.125,676.3799999999999,27.40527027027028,74,0,3574.75,3604.75,3593.5,3563.5,651.3799999999999,701.3799999999999
13,125,3614.125,676.3799999999999,14.779230769230775,91,0,3604.75,3634.75,3623.5,3593.5,651.3799999999999,701.3799999999999
13,126,3644.125,676.3799999999999,27.015076923076926,65,0,3634.75,3664.75,3653.5,3623.5,651.3799999999999,701.3799999999999
13,127,3674.125,676.3799999999999,37.03366666666667,30,0,3664.75,3694.75,3683.5,3653.5,651.3799999999999,701.3799999999999
13,128,3704.125,676.3799999999999,,0,0,3694.75,3724.75,3713.5,3683.5,651.3799999999999,701.3799999999999
13,129,3734.125,676.3799999999999,,0,0,3724.75,3754.75,3743.5,3713.5,651.3799999999999,701.3799999999999
13,130,3764.125,676.3799999999999,,0,0,3754.75,3784.75,3773.5,3743.5,651.3799999999999,701.3799999999999
13,131,3794.125,676.3799999999999,,0,0,3784.75,3814.75,3803.5,3773.5,651.3799999999999,701.3799999999999
13,132,3824.125,676.3799999999999,,0,0,3814.75,3844.75,3833.5,3803.5,651.3799999999999,701.3799999999999
14,5,2.875,726.3799999999999,82.69910714285714,8,0,-6.5,23.5,12.25,-17.75,701.3799999999999,751.3799999999999
14,6,32.875,726.3799999999999,70.84549450549451,13,0,23.5,53.5,42.25,12.25,701.3799999999999,751.3799999999999
14,7,62.875,726.3799999999999,68.8009523809524,21,0,53.5,83.5,72.25,42.25,701.3799999999999,751.3799999999999
14,8,92.875,726.3799999999999,68.18166666666666,24,0,83.5,113.5,102.25,72.25,701.3799999999999,751.3799999999999
14,9,122.875,726.3799999999999,70.48846153846154,26,0,113.5,143.5,132.25,102.25,701.3799999999999,751.3799999999999
14,10,152.875,726.3799999999999,68.82058823529412,17,0,143.5,173.5,162.25,132.25,701.3799999999999,751.3799999999999
14,11,182.875,726.3799999999999,67.57807692307694,26,0,173.5,203.5,192.25,162.25,701.3799999999999,751.3799999999999
14,12,212.875,726.3799999999999,73.17,31,0,203.5,233.5,222.25,192.25,701.3799999999999,751.3799999999999
14,13,242.875,726.3799999999999,70.30500000000002,14,0,233.5,263.5,252.25,222.25,701.3799999999999,751.3799999999999
14,14,272.875,726.3799999999999,74.23187499999999,16,0,263.5,293.5,282.25,252.25,701.3799999999999,751.3799999999999
14,15,302.875,726.3799999999999,76.28125000000003,16,0,293.5,323.5,312.25,282.25,701.3799999999999,751.3799999999999
14,16,332.875,726.3799999999999,69.72117647058822,17,0,323.5,353.5,342.25,312.25,701.3799999999999,751.3799999999999
14,17,362.875,726.3799999999999,67.03156250000002,32,0,353.5,383.5,372.25,342.25,701.3799999999999,751.3799999999999
14,18,392.875,726.3799999999999,73.2755,20,0,383.5,413.5,402.25,372.25,701.3799999999999,751.3799999999999
14,19,422.875,726.3799999999999,73.26541666666667,24,0,413.5,443.5,432.25,402.25,701.3799999999999,751.3799999999999
14,20,452.875,726.3799999999999,75.03692307692307,13,0,443.5,473.5,462.25,432.25,701.3799999999999,751.3799999999999
14,21,482.875,726.3799999999999,63.16184210526315,19,0,473.5,503.5,492.25,462.25,701.3799999999999,751.3799999999999
14,22,512.875,726.3799999999999,72.33894736842105,19,0,503.5,533.5,522.25,492.25,701.3799999999999,751.3799999999999
14,23,542.875,726.3799999999999,70.93933333333332,15,0,533.5,563.5,552.25,522.25,701.3799999999999,751.3799999999999
14,24,572.875,726.3799999999999,68.55588235294118,17,0,563.5,593.5,582.25,552.25,701.3799999999999,751.3799999999999
14,25,602.875,726.3799999999999,69.28,22,0,593.5,623.5,612.25,582.25,701.3799999999999,751.3799999999999
14,26,632.875,726.3799999999999,67.45095238095239,21,0,623.5,653.5,642.25,612.25,701.3799999999999,751.3799999999999
14,27,662.875,726.3799999999999,66.92346153846154,26,0,653.5,683.5,672.25,642.25,701.3799999999999,751.3799999999999
14,28,692.875,726.3799999999999,67.70574879227053,23,0,683.5,713.5,702.25,672.25,701.3799999999999,751.3799999999999
14,29,722.875,726.3799999999999,65.43904761904761,21,0,713.5,743.5,732.25,702.25,701.3799999999999,751.3799999999999
14,30,752.875,726.3799999999999,65.78257142857144,35,0,743.5,773.5,762.25,732.25,701.3799999999999,751.3799999999999
14,31,782.875,726.3799999999999,72.31255639097742,19,0,773.5,803.5,792.25,762.25,701.3799999999999,751.3799999999999
14,32,812.875,726.3799999999999,67.03772727272728,22,0,803.5,833.5,822.25,792.25,701.3799999999999,751.3799999999999
14,33,842.875,726.3799999999999,73.71733333333331,15,0,833.5,863.5,852.25,822.25,701.3799999999999,751.3799999999999
14,34,872.875,726.3799999999999,64.51095238095239,21,0,863.5,893.5,882.25,852.25,701.3799999999999,751.3799999999999
14,35,902.875,726.3799999999999,62.98878787878788,33,0,893.5,923.5,912.25,882.25,701.3799999999999,751.3799999999999
14,36,932.875,726.3799999999999,70.31625000000001,24,0,923.5,953.5,942.25,912.25,701.3799999999999,751.3799999999999
14,37,962.875,726.3799999999999,78.18384615384615,13,0,953.5,983.5,972.25,942.25,701.3799999999999,751.3799999999999
14,38,992.875,726.3799999999999,69.95519999999999,25,0,983.5,1013.5,1002.25,972.25,701.3799999999999,751.3799999999999
14,39,1022.875,726.3799999999999,67.32615384615386,26,0,1013.5,1043.5,1032.25,1002.25,701.3799999999999,751.3799999999999
14,40,1052.875,726.3799999999999,64.74315789473685,19,0,1043.5,1073.5,1062.25,1032.25,701.3799999999999,751.3799999999999
14,41,1082.875,726.3799999999999,65.90423076923078,26,0,1073.5,1103.5,1092.25,1062.25,701.3799999999999,751.3799999999999
14,42,1112.875,726.3799999999999,72.692,15,0,1103.5,1133.5,1122.25,1092.25,701.3799999999999,751.3799999999999
14,43,1142.875,726.3799999999999,67.79130434782608,23,0,1133.5,1163.5,1152.25,1122.25,701.3799999999999,751.3799999999999
14,44,1172.875,726.3799999999999,67.52740740740744,27,0,1163.5,1193.5,1182.25,1152.25,701.3799999999999,751.3799999999999
14,45,1202.875,726.3799999999999,66.60533333333332,30,0,1193.5,1223.5,1212.25,1182.25,701.3799999999999,751.3799999999999
14,46,1232.875,726.3799999999999,73.03785714285715,14,0,1223.5,1253.5,1242.25,1212.25,701.3799999999999,751.3799999999999
14,47,1262.875,726.3799999999999,67.10129032258062,31,0,1253.5,1283.5,1272.25,1242.25,701.3799999999999,751.3799999999999
14,48,1292.875,726.3799999999999,70.91181818181818,22,0,1283.5,1313.5,1302.25,1272.25,701.3799999999999,751.3799999999999
14,49,1322.875,726.3799999999999,63.858333333333334,18,0,1313.5,1343.5,1332.25,1302.25,701.3799999999999,751.3799999999999
14,50,1352.875,726.3799999999999,66.78479166666665,24,0,1343.5,1373.5,1362.25,1332.25,701.3799999999999,751.3799999999999
14,51,1382.875,726.3799999999999,72.67968253968255,14,0,1373.5,1403.5,1392.25,1362.25,701.3799999999999,751.3799999999999
14,52,1412.875,726.3799999999999,58.197916666666664,24,0,1403.5,1433.5,1422.25,1392.25,701.3799999999999,751.3799999999999
14,53,1442.875,726.3799999999999,58.18326086956522,46,0,1433.5,1463.5,1452.25,1422.25,701.3799999999999,751.3799999999999
14,54,1472.875,726.3799999999999,64.90235294117645,34,0,1463.5,1493.5,1482.25,1452.25,701.3799999999999,751.3799999999999
14,55,1502.875,726.3799999999999,67.5491176470588,34,0,1493.5,1523.5,1512.25,1482.25,701.3799999999999,751.3799999999999
14,56,1532.875,726.3799999999999,69.998,30,0,1523.5,1553.5,1542.25,1512.25,701.3799999999999,751.3799999999999
14,57,1562.875,726.3799999999999,69.79666666666665,21,0,1553.5,1583.5,1572.25,1542.25,701.3799999999999,751.3799999999999
14,58,1592.875,726.3799999999999,65.15642857142856,14,0,1583.5,1613.5,1602.25,1572.25,701.3799999999999,751.3799999999999
14,59,1622.875,726.3799999999999,58.47842105263156,38,0,1613.5,1643.5,1632.25,1602.25,701.3799999999999,751.3799999999999
14,60,1652.875,726.3799999999999,70.18333333333334,21,0,1643.5,1673.5,1662.25,1632.25,701.3799999999999,751.3799999999999
14,61,1682.875,726.3799999999999,58.198,30,0,1673.5,1703.5,1692.25,1662.25,701.3799999999999,751.3799999999999
14,62,1712.875,726.3799999999999,64.61733333333332,30,0,1703.5,1733.5,1722.25,1692.25,701.3799999999999,751.3799999999999
14,63,1742.875,726.3799999999999,67.598,30,0,1733.5,1763.5,1752.25,1722.25,701.3799999999999,751.3799999999999
14,64,1772.875,726.3799999999999,67.76722222222224,36,0,1763.5,1793.5,1782.25,1752.25,701.3799999999999,751.3799999999999
14,65,1802.875,726.3799999999999,68.40375,32,0,1793.5,1823.5,1812.25,1782.25,701.3799999999999,751.3799999999999
14,66,1832.875,726.3799999999999,81.26875,8,0,1823.5,1853.5,1842.25,1812.25,701.3799999999999,751.3799999999999
14,67,1862.875,726.3799999999999,62.43406250000001,32,0,1853.5,1883.5,1872.25,1842.25,701.3799999999999,751.3799999999999
14,68,1892.875,726.3799999999999,60.85263157894736,38,0,1883.5,1913.5,1902.25,1872.25,701.3799999999999,751.3799999999999
14,69,1922.875,726.3799999999999,62.38696969696969,33,0,1913.5,1943.5,1932.25,1902.25,701.3799999999999,751.3799999999999
14,70,1952.875,726.3799999999999,63.64303030303029,33,0,1943.5,1973.5,1962.25,1932.25,701.3799999999999,751.3799999999999
14,71,1982.875,726.3799999999999,51.078478260869566,46,0,1973.5,2003.5,1992.25,1962.25,701.3799999999999,751.3799999999999
14,72,2012.875,726.3799999999999,36.069814814814826,54,0,2003.5,2033.5,2022.25,1992.25,701.3799999999999,751.3799999999999
14,73,2042.875,726.3799999999999,39.70844827586205,58,0,2033.5,2063.5,2052.25,2022.25,701.3799999999999,751.3799999999999
14,74,2072.875,726.3799999999999,40.80311475409837,61,0,2063.5,2093.5,2082.25,2052.25,701.3799999999999,751.3799999999999
14,75,2102.875,726.3799999999999,37.40017857142857,56,0,2093.5,2123.5,2112.25,2082.25,701.3799999999999,751.3799999999999
14,76,2132.875,726.3799999999999,28.71265625,64,0,2123.5,2153.5,2142.25,2112.25,701.3799999999999,751.3799999999999
14,77,2162.875,726.3799999999999,33.79414285714285,70,0,2153.5,2183.5,2172.25,2142.25,701.3799999999999,751.3799999999999
14,78,2192.875,726.3799999999999,34.47053571428571,56,0,2183.5,2213.5,2202.25,2172.25,701.3799999999999,751.3799999999999
14,79,2222.875,726.3799999999999,41.63134615384616,52,0,2213.5,2243.5,2232.25,2202.25,701.3799999999999,751.3799999999999
14,80,2252.875,726.3799999999999,33.04153846153846,52,0,2243.5,2273.5,2262.25,2232.25,701.3799999999999,751.3799999999999
14,81,2282.875,726.3799999999999,30.326964285714293,56,0,2273.5,2303.5,2292.25,2262.25,701.3799999999999,751.3799999999999
14,82,2312.875,726.3799999999999,28.47901408450705,71,0,2303.5,2333.5,2322.25,2292.25,701.3799999999999,751.3799999999999
14,83,2342.875,726.3799999999999,35.522500000000015,48,0,2333.5,2363.5,2352.25,2322.25,701.3799999999999,751.3799999999999
14,84,2372.875,726.3799999999999,40.86130434782608,46,0,2363.5,2393.5,2382.25,2352.25,701.3799999999999,751.3799999999999
14,85,2402.875,726.3799999999999,26.525882352941185,51,0,2393.5,2423.5,2412.25,2382.25,701.3799999999999,751.3799999999999
14,86,2432.875,726.3799999999999,27.71698113207546,53,0,2423.5,2453.5,2442.25,2412.25,701.3799999999999,751.3799999999999
14,87,2462.875,726.3799999999999,22.265517241379314,87,0,2453.5,2483.5,2472.25,2442.25,701.3799999999999,751.3799999999999
14,88,2492.875,726.3799999999999,20.29176470588235,68,0,2483.5,2513.5,2502.25,2472.25,701.3799999999999,751.3799999999999
14,89,2522.875,726.3799999999999,29.809818181818173,55,0,2513.5,2543.5,2532.25,2502.25,701.3799999999999,751.3799999999999
14,90,2552.875,726.3799999999999,38.5611170212766,47,0,2543.5,2573.5,2562.25,2532.25,701.3799999999999,751.3799999999999
14,91,2582.875,726.3799999999999,36.551521739130436,46,0,2573.5,2603.5,2592.25,2562.25,701.3799999999999,751.3799999999999
14,92,2612.875,726.3799999999999,26.556233766233767,77,0,2603.5,2633.5,2622.25,2592.25,701.3799999999999,751.3799999999999
14,93,2642.875,726.3799999999999,20.97666666666667,78,0,2633.5,2663.5,2652.25,2622.25,701.3799999999999,751.3799999999999
14,94,2672.875,726.3799999999999,27.75806451612903,62,0,2663.5,2693.5,2682.25,2652.25,701.3799999999999,751.3799999999999
14,95,2702.875,726.3799999999999,32.59092592592593,54,0,2693.5,2723.5,2712.25,2682.25,701.3799999999999,751.3799999999999
14,96,2732.875,726.3799999999999,31.011384615384607,65,0,2723.5,2753.5,2742.25,2712.25,701.3799999999999,751.3799999999999
14,97,2762.875,726.3799999999999,36.04912280701755,57,0,2753.5,2783.5,2772.25,2742.25,701.3799999999999,751.3799999999999
14,98,2792.875,726.3799999999999,38.40557692307693,52,0,2783.5,2813.5,2802.25,2772.25,701.3799999999999,751.3799999999999
14,99,2822.875,726.3799999999999,34.0929090909091,55,0,2813.5,2843.5,2832.25,2802.25,701.3799999999999,751.3799999999999
14,100,2852.875,726.3799999999999,16.30759398496239,133,0,2843.5,2873.5,2862.25,2832.25,701.3799999999999,751.3799999999999
14,101,2882.875,726.3799999999999,16.671395348837205,86,0,2873.5,2903.5,2892.25,2862.25,701.3799999999999,751.3799999999999
14,102,2912.875,726.3799999999999,37.664523809523814,42,0,2903.5,2933.5,2922.25,2892.25,701.3799999999999,751.3799999999999
14,103,2942.875,726.3799999999999,42.58454545454546,44,0,2933.5,2963.5,2952.25,2922.25,701.3799999999999,751.3799999999999
14,104,2972.875,726.3799999999999,42.007254901960785,51,0,2963.5,2993.5,2982.25,2952.25,701.3799999999999,751.3799999999999
14,105,3002.875,726.3799999999999,41.844772727272726,44,0,2993.5,3023.5,3012.25,2982.25,701.3799999999999,751.3799999999999
14,106,3032.875,726.3799999999999,16.02743362831858,113,0,3023.5,3053.5,3042.25,3012.25,701.3799999999999,751.3799999999999
14,107,3062.875,726.3799999999999,12.747157894736842,95,0,3053.5,3083.5,3072.25,3042.25,701.3799999999999,751.3799999999999
14,108,3092.875,726.3799999999999,26.20152542372881,59,0,3083.5,3113.5,3102.25,3072.25,701.3799999999999,751.3799999999999
14,109,3122.875,726.3799999999999,29.446547619047617,56,0,3113.5,3143.5,3132.25,3102.25,701.3799999999999,751.3799999999999
14,110,3152.875,726.3799999999999,31.498095238095246,42,0,3143.5,3173.5,3162.25,3132.25,701.3799999999999,751.3799999999999
14,111,3182.875,726.3799999999999,33.84441860465115,43,0,3173.5,3203.5,3192.25,3162.25,701.3799999999999,751.3799999999999
14,112,3212.875,726.3799999999999,36.24102040816328,49,0,3203.5,3233.5,3222.25,3192.25,701.3799999999999,751.3799999999999
14,113,3242.875,726.3799999999999,33.45083333333334,60,0,3233.5,3263.5,3252.25,3222.25,701.3799999999999,751.3799999999999
14,114,3272.875,726.3799999999999,32.03968253968254,63,0,3263.5,3293.5,3282.25,3252.25,701.3799999999999,751.3799999999999
14,115,3302.875,726.3799999999999,34.11962264150943,53,0,3293.5,3323.5,3312.25,3282.25,701.3799999999999,751.3799999999999
14,116,3332.875,726.3799999999999,37.47249999999999,52,0,3323.5,3353.5,3342.25,3312.25,701.3799999999999,751.3799999999999
14,117,3362.875,726.3799999999999,25.188656716417913,67,0,3353.5,3383.5,3372.25,3342.25,701.3799999999999,751.3799999999999
14,118,3392.875,726.3799999999999,21.577818181818184,55,0,3383.5,3413.5,3402.25,3372.25,701.3799999999999,751.3799999999999
14,119,3422.875,726.3799999999999,25.59357142857142,56,0,3413.5,3443.5,3432.25,3402.25,701.3799999999999,751.3799999999999
14,120,3452.875,726.3799999999999,33.51542372881356,59,0,3443.5,3473.5,3462.25,3432.25,701.3799999999999,751.3799999999999
14,121,3482.875,726.3799999999999,35.85890909090909,55,0,3473.5,3503.5,3492.25,3462.25,701.3799999999999,751.3799999999999
14,122,3512.875,726.3799999999999,29.69575342465754,73,0,3503.5,3533.5,3522.25,3492.25,701.3799999999999,751.3799999999999
14,123,3542.875,726.3799999999999,24.75215384615385,65,0,3533.5,3563.5,3552.25,3522.25,701.3799999999999,751.3799999999999
14,124,3572.875,726.3799999999999,26.43354838709678,62,0,3563.5,3593.5,3582.25,3552.25,701.3799999999999,751.3799999999999
14,125,3602.875,726.3799999999999,16.517836734693887,105,0,3593.5,3623.5,3612.25,3582.25,701.3799999999999,751.3799999999999
14,126,3632.875,726.3799999999999,25.549677419354836,62,0,3623.5,3653.5,3642.25,3612.25,701.3799999999999,751.3799999999999
14,127,3662.875,726.3799999999999,35.17,50,0,3653.5,3683.5,3672.25,3642.25,701.3799999999999,751.3799999999999
14,128,3692.875,726.3799999999999,28.62923076923077,13,0,3683.5,3713.5,3702.25,3672.25,701.3799999999999,751.3799999999999
14,129,3722.875,726.3799999999999,,0,0,3713.5,3743.5,3732.25,3702.25,701.3799999999999,751.3799999999999
14,130,3752.875,726.3799999999999,,0,0,3743.5,3773.5,3762.25,3732.25,701.3799999999999,751.3799999999999
14,131,3782.875,726.3799999999999,,0,0,3773.5,3803.5,3792.25,3762.25,701.3799999999999,751.3799999999999
14,132,3812.875,726.3799999999999,,0,0,3803.5,3833.5,3822.25,3792.25,701.3799999999999,751.3799999999999
14,133,3842.875,726.3799999999999,,0,0,3833.5,3863.5,3852.25,3822.25,701.3799999999999,751.3799999999999
15,5,-8.375,776.3799999999999,73.35000000000001,3,0,-17.75,12.25,1.0,-29.0,751.3799999999999,801.3799999999999
15,6,21.625,776.3799999999999,77.687,10,0,12.25,42.25,31.0,1.0,751.3799999999999,801.3799999999999
15,7,51.625,776.3799999999999,64.55913043478262,23,0,42.25,72.25,61.0,31.0,751.3799999999999,801.3799999999999
15,8,81.625,776.3799999999999,68.97000000000001,25,0,72.25,102.25,91.0,61.0,751.3799999999999,801.3799999999999
15,9,111.625,776.3799999999999,65.67971428571431,35,0,102.25,132.25,121.0,91.0,751.3799999999999,801.3799999999999
15,10,141.625,776.3799999999999,68.13750000000002,20,0,132.25,162.25,151.0,121.0,751.3799999999999,801.3799999999999
15,11,171.625,776.3799999999999,66.54239999999999,25,0,162.25,192.25,181.0,151.0,751.3799999999999,801.3799999999999
15,12,201.625,776.3799999999999,68.00387096774195,31,0,192.25,222.25,211.0,181.0,751.3799999999999,801.3799999999999
15,13,231.625,776.3799999999999,70.54857142857142,21,0,222.25,252.25,241.0,211.0,751.3799999999999,801.3799999999999
15,14,261.625,776.3799999999999,70.6925,16,0,252.25,282.25,271.0,241.0,751.3799999999999,801.3799999999999
15,15,291.625,776.3799999999999,74.32952380952382,21,0,282.25,312.25,301.0,271.0,751.3799999999999,801.3799999999999
15,16,321.625,776.3799999999999,69.03947368421052,19,0,312.25,342.25,331.0,301.0,751.3799999999999,801.3799999999999
15,17,351.625,776.3799999999999,64.4796,25,0,342.25,372.25,361.0,331.0,751.3799999999999,801.3799999999999
15,18,381.625,776.3799999999999,68.44249999999998,24,0,372.25,402.25,391.0,361.0,751.3799999999999,801.3799999999999
15,19,411.625,776.3799999999999,72.57789473684211,19,0,402.25,432.25,421.0,391.0,751.3799999999999,801.3799999999999
15,20,441.625,776.3799999999999,71.47909090909091,22,0,432.25,462.25,451.0,421.0,751.3799999999999,801.3799999999999
15,21,471.625,776.3799999999999,69.68625,16,0,462.25,492.25,481.0,451.0,751.3799999999999,801.3799999999999
15,22,501.625,776.3799999999999,64.45500000000001,20,0,492.25,522.25,511.0,481.0,751.3799999999999,801.3799999999999
15,23,531.625,776.3799999999999,70.73789473684211,19,0,522.25,552.25,541.0,511.0,751.3799999999999,801.3799999999999
15,24,561.625,776.3799999999999,69.04,19,0,552.25,582.25,571.0,541.0,751.3799999999999,801.3799999999999
15,25,591.625,776.3799999999999,66.99162337662337,22,0,582.25,612.25,601.0,571.0,751.3799999999999,801.3799999999999
15,26,621.625,776.3799999999999,67.07173913043478,23,0,612.25,642.25,631.0,601.0,751.3799999999999,801.3799999999999
15,27,651.625,776.3799999999999,65.34277777777778,18,0,642.25,672.25,661.0,631.0,751.3799999999999,801.3799999999999
15,28,681.625,776.3799999999999,65.7021875,32,0,672.25,702.25,691.0,661.0,751.3799999999999,801.3799999999999
15,29,711.625,776.3799999999999,66.00074074074072,27,0,702.25,732.25,721.0,691.0,751.3799999999999,801.3799999999999
15,30,741.625,776.3799999999999,61.674838709677424,31,0,732.25,762.25,751.0,721.0,751.3799999999999,801.3799999999999
15,31,771.625,776.3799999999999,66.4062162162162,37,0,762.25,792.25,781.0,751.0,751.3799999999999,801.3799999999999
15,32,801.625,776.3799999999999,66.7308695652174,23,0,792.25,822.25,811.0,781.0,751.3799999999999,801.3799999999999
15,33,831.625,776.3799999999999,70.93944444444443,24,0,822.25,852.25,841.0,811.0,751.3799999999999,801.3799999999999
15,34,861.625,776.3799999999999,65.85000000000001,14,0,852.25,882.25,871.0,841.0,751.3799999999999,801.3799999999999
15,35,891.625,776.3799999999999,59.873308823529406,34,0,882.25,912.25,901.0,871.0,751.3799999999999,801.3799999999999
15,36,921.625,776.3799999999999,65.68633333333334,30,0,912.25,942.25,931.0,901.0,751.3799999999999,801.3799999999999
15,37,951.625,776.3799999999999,73.68062499999999,16,0,942.25,972.25,961.0,931.0,751.3799999999999,801.3799999999999
15,38,981.625,776.3799999999999,73.0785,20,0,972.25,1002.25,991.0,961.0,751.3799999999999,801.3799999999999
15,39,1011.625,776.3799999999999,69.31115384615383,26,0,1002.25,1032.25,1021.0,991.0,751.3799999999999,801.3799999999999
15,40,1041.625,776.3799999999999,63.42111111111112,27,0,1032.25,1062.25,1051.0,1021.0,751.3799999999999,801.3799999999999
15,41,1071.625,776.3799999999999,65.1275,16,0,1062.25,1092.25,1081.0,1051.0,751.3799999999999,801.3799999999999
15,42,1101.625,776.3799999999999,70.53571428571429,28,0,1092.25,1122.25,1111.0,1081.0,751.3799999999999,801.3799999999999
15,43,1131.625,776.3799999999999,69.33210526315789,19,0,1122.25,1152.25,1141.0,1111.0,751.3799999999999,801.3799999999999
15,44,1161.625,776.3799999999999,65.82709677419355,31,0,1152.25,1182.25,1171.0,1141.0,751.3799999999999,801.3799999999999
15,45,1191.625,776.3799999999999,66.92636363636365,22,0,1182.25,1212.25,1201.0,1171.0,751.3799999999999,801.3799999999999
15,46,1221.625,776.3799999999999,68.89055555555554,18,0,1212.25,1242.25,1231.0,1201.0,751.3799999999999,801.3799999999999
15,47,1251.625,776.3799999999999,65.96328888888888,25,0,1242.25,1272.25,1261.0,1231.0,751.3799999999999,801.3799999999999
15,48,1281.625,776.3799999999999,70.3744,25,0,1272.25,1302.25,1291.0,1261.0,751.3799999999999,801.3799999999999
15,49,1311.625,776.3799999999999,64.21055555555556,18,0,1302.25,1332.25,1321.0,1291.0,751.3799999999999,801.3799999999999
15,50,1341.625,776.3799999999999,63.834583333333335,24,0,1332.25,1362.25,1351.0,1321.0,751.3799999999999,801.3799999999999
15,51,1371.625,776.3799999999999,71.78722222222223,18,0,1362.25,1392.25,1381.0,1351.0,751.3799999999999,801.3799999999999
15,52,1401.625,776.3799999999999,64.21083333333333,12,0,1392.25,1422.25,1411.0,1381.0,751.3799999999999,801.3799999999999
15,53,1431.625,776.3799999999999,55.52227272727273,44,0,1422.25,1452.25,1441.0,1411.0,751.3799999999999,801.3799999999999
15,54,1461.625,776.3799999999999,61.14666666666665,39,0,1452.25,1482.25,1471.0,1441.0,751.3799999999999,801.3799999999999
15,55,1491.625,776.3799999999999,64.20918918918919,37,0,1482.25,1512.25,1501.0,1471.0,751.3799999999999,801.3799999999999
15,56,1521.625,776.3799999999999,67.0071875,32,0,1512.25,1542.25,1531.0,1501.0,751.3799999999999,801.3799999999999
15,57,1551.625,776.3799999999999,68.4584,25,0,1542.25,1572.25,1561.0,1531.0,751.3799999999999,801.3799999999999
15,58,1581.625,776.3799999999999,69.8925,16,0,1572.25,1602.25,1591.0,1561.0,751.3799999999999,801.3799999999999
15,59,1611.625,776.3799999999999,59.442499999999995,24,0,1602.25,1632.25,1621.0,1591.0,751.3799999999999,801.3799999999999
15,60,1641.625,776.3799999999999,59.76025641025641,39,0,1632.25,1662.25,1651.0,1621.0,751.3799999999999,801.3799999999999
15,61,1671.625,776.3799999999999,64.20294117647057,17,0,1662.25,1692.25,1681.0,1651.0,751.3799999999999,801.3799999999999
15,62,1701.625,776.3799999999999,55.286428571428566,42,0,1692.25,1722.25,1711.0,1681.0,751.3799999999999,801.3799999999999
15,63,1731.625,776.3799999999999,64.82454545454546,22,0,1722.25,1752.25,1741.0,1711.0,751.3799999999999,801.3799999999999
15,64,1761.625,776.3799999999999,65.60575757575758,33,0,1752.25,1782.25,1771.0,1741.0,751.3799999999999,801.3799999999999
15,65,1791.625,776.3799999999999,65.64729729729731,37,0,1782.25,1812.25,1801.0,1771.0,751.3799999999999,801.3799999999999
15,66,1821.625,776.3799999999999,68.61529411764707,17,0,1812.25,1842.25,1831.0,1801.0,751.3799999999999,801.3799999999999
15,67,1851.625,776.3799999999999,63.69318181818183,22,0,1842.25,1872.25,1861.0,1831.0,751.3799999999999,801.3799999999999
15,68,1881.625,776.3799999999999,57.78513513513513,37,0,1872.25,1902.25,1891.0,1861.0,751.3799999999999,801.3799999999999
15,69,1911.625,776.3799999999999,58.49216216216215,37,0,1902.25,1932.25,1921.0,1891.0,751.3799999999999,801.3799999999999
15,70,1941.625,776.3799999999999,60.432972972973,37,0,1932.25,1962.25,1951.0,1921.0,751.3799999999999,801.3799999999999
15,71,1971.625,776.3799999999999,58.487741935483875,31,0,1962.25,1992.25,1981.0,1951.0,751.3799999999999,801.3799999999999
15,72,2001.625,776.3799999999999,38.1288524590164,61,0,1992.25,2022.25,2011.0,1981.0,751.3799999999999,801.3799999999999
15,73,2031.625,776.3799999999999,38.524137931034474,58,0,2022.25,2052.25,2041.0,2011.0,751.3799999999999,801.3799999999999
15,74,2061.625,776.3799999999999,38.99764705882353,68,0,2052.25,2082.25,2071.0,2041.0,751.3799999999999,801.3799999999999
15,75,2091.625,776.3799999999999,38.42017241379311,58,0,2082.25,2112.25,2101.0,2071.0,751.3799999999999,801.3799999999999
15,76,2121.625,776.3799999999999,17.817555555555547,90,0,2112.25,2142.25,2131.0,2101.0,751.3799999999999,801.3799999999999
15,77,2151.625,776.3799999999999,28.928285714285717,70,0,2142.25,2172.25,2161.0,2131.0,751.3799999999999,801.3799999999999
15,78,2181.625,776.3799999999999,27.63350649350649,77,0,2172.25,2202.25,2191.0,2161.0,751.3799999999999,801.3799999999999
15,79,2211.625,776.3799999999999,37.95358490566038,53,0,2202.25,2232.25,2221.0,2191.0,751.3799999999999,801.3799999999999
15,80,2241.625,776.3799999999999,39.472692307692306,52,0,2232.25,2262.25,2251.0,2221.0,751.3799999999999,801.3799999999999
15,81,2271.625,776.3799999999999,27.211612903225806,62,0,2262.25,2292.25,2281.0,2251.0,751.3799999999999,801.3799999999999
15,82,2301.625,776.3799999999999,27.601304347826094,69,0,2292.25,2322.25,2311.0,2281.0,751.3799999999999,801.3799999999999
15,83,2331.625,776.3799999999999,35.763333333333335,60,0,2322.25,2352.25,2341.0,2311.0,751.3799999999999,801.3799999999999
15,84,2361.625,776.3799999999999,41.974629629629625,54,0,2352.25,2382.25,2371.0,2341.0,751.3799999999999,801.3799999999999
15,85,2391.625,776.3799999999999,37.79999999999998,42,0,2382.25,2412.25,2401.0,2371.0,751.3799999999999,801.3799999999999
15,86,2421.625,776.3799999999999,25.907096774193548,62,0,2412.25,2442.25,2431.0,2401.0,751.3799999999999,801.3799999999999
15,87,2451.625,776.3799999999999,19.721710526315782,76,0,2442.25,2472.25,2461.0,2431.0,751.3799999999999,801.3799999999999
15,88,2481.625,776.3799999999999,21.69123287671233,73,0,2472.25,2502.25,2491.0,2461.0,751.3799999999999,801.3799999999999
15,89,2511.625,776.3799999999999,35.20455337690631,51,0,2502.25,2532.25,2521.0,2491.0,751.3799999999999,801.3799999999999
15,90,2541.625,776.3799999999999,40.0125,48,0,2532.25,2562.25,2551.0,2521.0,751.3799999999999,801.3799999999999
15,91,2571.625,776.3799999999999,42.74048780487804,41,0,2562.25,2592.25,2581.0,2551.0,751.3799999999999,801.3799999999999
15,92,2601.625,776.3799999999999,27.412812499999998,64,0,2592.25,2622.25,2611.0,2581.0,751.3799999999999,801.3799999999999
15,93,2631.625,776.3799999999999,16.26594339622641,106,0,2622.25,2652.25,2641.0,2611.0,751.3799999999999,801.3799999999999
15,94,2661.625,776.3799999999999,25.151267605633798,71,0,2652.25,2682.25,2671.0,2641.0,751.3799999999999,801.3799999999999
15,95,2691.625,776.3799999999999,29.284603174603173,63,0,2682.25,2712.25,2701.0,2671.0,751.3799999999999,801.3799999999999
15,96,2721.625,776.3799999999999,33.38437499999999,64,0,2712.25,2742.25,2731.0,2701.0,751.3799999999999,801.3799999999999
15,97,2751.625,776.3799999999999,35.84492063492063,63,0,2742.25,2772.25,2761.0,2731.0,751.3799999999999,801.3799999999999
15,98,2781.625,776.3799999999999,39.56404761904761,56,0,2772.25,2802.25,2791.0,2761.0,751.3799999999999,801.3799999999999
15,99,2811.625,776.3799999999999,37.05333333333333,60,0,2802.25,2832.25,2821.0,2791.0,751.3799999999999,801.3799999999999
15,100,2841.625,776.3799999999999,15.389230769230757,91,0,2832.25,2862.25,2851.0,2821.0,751.3799999999999,801.3799999999999
15,101,2871.625,776.3799999999999,15.424642857142855,84,0,2862.25,2892.25,2881.0,2851.0,751.3799999999999,801.3799999999999
15,102,2901.625,776.3799999999999,28.72632352941176,68,0,2892.25,2922.25,2911.0,2881.0,751.3799999999999,801.3799999999999
15,103,2931.625,776.3799999999999,45.47095238095237,42,0,2922.25,2952.25,2941.0,2911.0,751.3799999999999,801.3799999999999
15,104,2961.625,776.3799999999999,44.53354166666666,48,0,2952.25,2982.25,2971.0,2941.0,751.3799999999999,801.3799999999999
15,105,2991.625,776.3799999999999,40.09777777777778,63,0,2982.25,3012.25,3001.0,2971.0,751.3799999999999,801.3799999999999
15,106,3021.625,776.3799999999999,11.333809523809528,126,0,3012.25,3042.25,3031.0,3001.0,751.3799999999999,801.3799999999999
15,107,3051.625,776.3799999999999,18.32067567567568,74,0,3042.25,3072.25,3061.0,3031.0,751.3799999999999,801.3799999999999
15,108,3081.625,776.3799999999999,31.74531914893617,47,0,3072.25,3102.25,3091.0,3061.0,751.3799999999999,801.3799999999999
15,109,3111.625,776.3799999999999,31.559444444444438,54,0,3102.25,3132.25,3121.0,3091.0,751.3799999999999,801.3799999999999
15,110,3141.625,776.3799999999999,34.11962962962963,54,0,3132.25,3162.25,3151.0,3121.0,751.3799999999999,801.3799999999999
15,111,3171.625,776.3799999999999,37.71264705882353,34,0,3162.25,3192.25,3181.0,3151.0,751.3799999999999,801.3799999999999
15,112,3201.625,776.3799999999999,36.08178571428571,56,0,3192.25,3222.25,3211.0,3181.0,751.3799999999999,801.3799999999999
15,113,3231.625,776.3799999999999,38.424107142857146,56,0,3222.25,3252.25,3241.0,3211.0,751.3799999999999,801.3799999999999
15,114,3261.625,776.3799999999999,34.91542372881355,59,0,3252.25,3282.25,3271.0,3241.0,751.3799999999999,801.3799999999999
15,115,3291.625,776.3799999999999,35.18101694915255,59,0,3282.25,3312.25,3301.0,3271.0,751.3799999999999,801.3799999999999
15,116,3321.625,776.3799999999999,37.0924,50,0,3312.25,3342.25,3331.0,3301.0,751.3799999999999,801.3799999999999
15,117,3351.625,776.3799999999999,30.059375000000003,64,0,3342.25,3372.25,3361.0,3331.0,751.3799999999999,801.3799999999999
15,118,3381.625,776.3799999999999,26.513220338983057,59,0,3372.25,3402.25,3391.0,3361.0,751.3799999999999,801.3799999999999
15,119,3411.625,776.3799999999999,25.346956521739127,46,0,3402.25,3432.25,3421.0,3391.0,751.3799999999999,801.3799999999999
15,120,3441.625,776.3799999999999,29.334057971014484,69,0,3432.25,3462.25,3451.0,3421.0,751.3799999999999,801.3799999999999
15,121,3471.625,776.3799999999999,33.51271186440678,59,0,3462.25,3492.25,3481.0,3451.0,751.3799999999999,801.3799999999999
15,122,3501.625,776.3799999999999,34.53637931034482,58,0,3492.25,3522.25,3511.0,3481.0,751.3799999999999,801.3799999999999
15,123,3531.625,776.3799999999999,27.84868421052633,76,0,3522.25,3552.25,3541.0,3511.0,751.3799999999999,801.3799999999999
15,124,3561.625,776.3799999999999,21.073424657534254,73,0,3552.25,3582.25,3571.0,3541.0,751.3799999999999,801.3799999999999
15,125,3591.625,776.3799999999999,16.82610389610389,77,0,3582.25,3612.25,3601.0,3571.0,751.3799999999999,801.3799999999999
15,126,3621.625,776.3799999999999,31.046346153846166,52,0,3612.25,3642.25,3631.0,3601.0,751.3799999999999,801.3799999999999
15,127,3651.625,776.3799999999999,30.429242424242425,66,0,3642.25,3672.25,3661.0,3631.0,751.3799999999999,801.3799999999999
15,128,3681.625,776.3799999999999,21.394153846153845,65,0,3672.25,3702.25,3691.0,3661.0,751.3799999999999,801.3799999999999
15,129,3711.625,776.3799999999999,16.145,2,0,3702.25,3732.25,3721.0,3691.0,751.3799999999999,801.3799999999999
15,130,3741.625,776.3799999999999,,0,0,3732.25,3762.25,3751.0,3721.0,751.3799999999999,801.3799999999999
15,131,3771.625,776.3799999999999,,0,0,3762.25,3792.25,3781.0,3751.0,751.3799999999999,801.3799999999999
15,132,3801.625,776.3799999999999,,0,0,3792.25,3822.25,3811.0,3781.0,751.3799999999999,801.3799999999999
15,133,3831.625,776.3799999999999,,0,0,3822.25,3852.25,3841.0,3811.0,751.3799999999999,801.3799999999999
16,6,10.375,826.3799999999999,74.28931818181819,11,0,1.0,31.0,19.75,-10.25,801.3799999999999,851.3799999999999
16,7,40.375,826.3799999999999,68.1878431372549,17,0,31.0,61.0,49.75,19.75,801.3799999999999,851.3799999999999
16,8,70.375,826.3799999999999,66.26038461538461,26,0,61.0,91.0,79.75,49.75,801.3799999999999,851.3799999999999
16,9,100.375,826.3799999999999,64.08466666666666,30,0,91.0,121.0,109.75,79.75,801.3799999999999,851.3799999999999
16,10,130.375,826.3799999999999,67.9551612903226,31,0,121.0,151.0,139.75,109.75,801.3799999999999,851.3799999999999
16,11,160.375,826.3799999999999,66.68235294117646,17,0,151.0,181.0,169.75,139.75,801.3799999999999,851.3799999999999
16,12,190.375,826.3799999999999,66.03366666666666,30,0,181.0,211.0,199.75,169.75,801.3799999999999,851.3799999999999
16,13,220.375,826.3799999999999,68.34103448275862,29,0,211.0,241.0,229.75,199.75,801.3799999999999,851.3799999999999
16,14,250.375,826.3799999999999,69.785,16,0,241.0,271.0,259.75,229.75,801.3799999999999,851.3799999999999
16,15,280.375,826.3799999999999,71.75687500000001,16,0,271.0,301.0,289.75,259.75,801.3799999999999,851.3799999999999
16,16,310.375,826.3799999999999,71.70187500000002,16,0,301.0,331.0,319.75,289.75,801.3799999999999,851.3799999999999
16,17,340.375,826.3799999999999,66.03761904761905,21,0,331.0,361.0,349.75,319.75,801.3799999999999,851.3799999999999
16,18,370.375,826.3799999999999,64.71314285714287,35,0,361.0,391.0,379.75,349.75,801.3799999999999,851.3799999999999
16,19,400.375,826.3799999999999,71.44090909090909,22,0,391.0,421.0,409.75,379.75,801.3799999999999,851.3799999999999
16,20,430.375,826.3799999999999,69.574,25,0,421.0,451.0,439.75,409.75,801.3799999999999,851.3799999999999
16,21,460.375,826.3799999999999,71.72538461538463,13,0,451.0,481.0,469.75,439.75,801.3799999999999,851.3799999999999
16,22,490.375,826.3799999999999,61.50770833333334,24,0,481.0,511.0,499.75,469.75,801.3799999999999,851.3799999999999
16,23,520.375,826.3799999999999,70.79625,24,0,511.0,541.0,529.75,499.75,801.3799999999999,851.3799999999999
16,24,550.375,826.3799999999999,70.48,15,0,541.0,571.0,559.75,529.75,801.3799999999999,851.3799999999999
16,25,580.375,826.3799999999999,68.9952380952381,21,0,571.0,601.0,589.75,559.75,801.3799999999999,851.3799999999999
16,26,610.375,826.3799999999999,67.36333333333334,24,0,601.0,631.0,619.75,589.75,801.3799999999999,851.3799999999999
16,27,640.375,826.3799999999999,64.84913043478262,23,0,631.0,661.0,649.75,619.75,801.3799999999999,851.3799999999999
16,28,670.375,826.3799999999999,65.82571428571427,28,0,661.0,691.0,679.75,649.75,801.3799999999999,851.3799999999999
16,29,700.375,826.3799999999999,65.80879999999999,25,0,691.0,721.0,709.75,679.75,801.3799999999999,851.3799999999999
16,30,730.375,826.3799999999999,66.45190476190476,21,0,721.0,751.0,739.75,709.75,801.3799999999999,851.3799999999999
16,31,760.375,826.3799999999999,61.853095238095214,42,0,751.0,781.0,769.75,739.75,801.3799999999999,851.3799999999999
16,32,790.375,826.3799999999999,68.3044,25,0,781.0,811.0,799.75,769.75,801.3799999999999,851.3799999999999
16,33,820.375,826.3799999999999,64.4825,24,0,811.0,841.0,829.75,799.75,801.3799999999999,851.3799999999999
16,34,850.375,826.3799999999999,69.0035294117647,17,0,841.0,871.0,859.75,829.75,801.3799999999999,851.3799999999999
16,35,880.375,826.3799999999999,62.892380952380954,21,0,871.0,901.0,889.75,859.75,801.3799999999999,851.3799999999999
16,36,910.375,826.3799999999999,59.782777777777774,36,0,901.0,931.0,919.75,889.75,801.3799999999999,851.3799999999999
16,37,940.375,826.3799999999999,67.89074074074072,27,0,931.0,961.0,949.75,919.75,801.3799999999999,851.3799999999999
16,38,970.375,826.3799999999999,74.10416666666667,12,0,961.0,991.0,979.75,949.75,801.3799999999999,851.3799999999999
16,39,1000.375,826.3799999999999,68.92680000000001,25,0,991.0,1021.0,1009.75,979.75,801.3799999999999,851.3799999999999
16,40,1030.375,826.3799999999999,64.43440000000001,25,0,1021.0,1051.0,1039.75,1009.75,801.3799999999999,851.3799999999999
16,41,1060.375,826.3799999999999,62.34649999999999,20,0,1051.0,1081.0,1069.75,1039.75,801.3799999999999,851.3799999999999
16,42,1090.375,826.3799999999999,65.7390909090909,22,0,1081.0,1111.0,1099.75,1069.75,801.3799999999999,851.3799999999999
16,43,1120.375,826.3799999999999,71.52687499999999,16,0,1111.0,1141.0,1129.75,1099.75,801.3799999999999,851.3799999999999
16,44,1150.375,826.3799999999999,65.74600000000001,25,0,1141.0,1171.0,1159.75,1129.75,801.3799999999999,851.3799999999999
16,45,1180.375,826.3799999999999,64.3806896551724,29,0,1171.0,1201.0,1189.75,1159.75,801.3799999999999,851.3799999999999
16,46,1210.375,826.3799999999999,66.11307692307692,26,0,1201.0,1231.0,1219.75,1189.75,801.3799999999999,851.3799999999999
16,47,1240.375,826.3799999999999,70.17333333333335,15,0,1231.0,1261.0,1249.75,1219.75,801.3799999999999,851.3799999999999
16,48,1270.375,826.3799999999999,66.91727272727272,33,0,1261.0,1291.0,1279.75,1249.75,801.3799999999999,851.3799999999999
16,49,1300.375,826.3799999999999,68.78809523809524,21,0,1291.0,1321.0,1309.75,1279.75,801.3799999999999,851.3799999999999
16,50,1330.375,826.3799999999999,62.7625,16,0,1321.0,1351.0,1339.75,1309.75,801.3799999999999,851.3799999999999
16,51,1360.375,826.3799999999999,63.042857142857144,21,0,1351.0,1381.0,1369.75,1339.75,801.3799999999999,851.3799999999999
16,52,1390.375,826.3799999999999,72.114,15,0,1381.0,1411.0,1399.75,1369.75,801.3799999999999,851.3799999999999
16,53,1420.375,826.3799999999999,57.659545454545466,22,0,1411.0,1441.0,1429.75,1399.75,801.3799999999999,851.3799999999999
16,54,1450.375,826.3799999999999,55.81352941176472,51,0,1441.0,1471.0,1459.75,1429.75,801.3799999999999,851.3799999999999
16,55,1480.375,826.3799999999999,63.031428571428584,35,0,1471.0,1501.0,1489.75,1459.75,801.3799999999999,851.3799999999999
16,56,1510.375,826.3799999999999,64.08428571428573,35,0,1501.0,1531.0,1519.75,1489.75,801.3799999999999,851.3799999999999
16,57,1540.375,826.3799999999999,67.19264705882355,34,0,1531.0,1561.0,1549.75,1519.75,801.3799999999999,851.3799999999999
16,58,1570.375,826.3799999999999,69.04249999999999,24,0,1561.0,1591.0,1579.75,1549.75,801.3799999999999,851.3799999999999
16,59,1600.375,826.3799999999999,63.24400000000001,15,0,1591.0,1621.0,1609.75,1579.75,801.3799999999999,851.3799999999999
16,60,1630.375,826.3799999999999,56.06341463414634,41,0,1621.0,1651.0,1639.75,1609.75,801.3799999999999,851.3799999999999
16,61,1660.375,826.3799999999999,63.12625,16,0,1651.0,1681.0,1669.75,1639.75,801.3799999999999,851.3799999999999
16,62,1690.375,826.3799999999999,54.14722222222221,36,0,1681.0,1711.0,1699.75,1669.75,801.3799999999999,851.3799999999999
16,63,1720.375,826.3799999999999,57.34892857142857,28,0,1711.0,1741.0,1729.75,1699.75,801.3799999999999,851.3799999999999
16,64,1750.375,826.3799999999999,64.37937500000001,32,0,1741.0,1771.0,1759.75,1729.75,801.3799999999999,851.3799999999999
16,65,1780.375,826.3799999999999,63.81472222222222,36,0,1771.0,1801.0,1789.75,1759.75,801.3799999999999,851.3799999999999
16,66,1810.375,826.3799999999999,65.50645161290323,31,0,1801.0,1831.0,1819.75,1789.75,801.3799999999999,851.3799999999999
16,67,1840.375,826.3799999999999,70.56636363636365,11,0,1831.0,1861.0,1849.75,1819.75,801.3799999999999,851.3799999999999
16,68,1870.375,826.3799999999999,56.40192857142856,35,0,1861.0,1891.0,1879.75,1849.75,801.3799999999999,851.3799999999999
16,69,1900.375,826.3799999999999,53.62325581395349,43,0,1891.0,1921.0,1909.75,1879.75,801.3799999999999,851.3799999999999
16,70,1930.375,826.3799999999999,59.213529411764696,34,0,1921.0,1951.0,1939.75,1909.75,801.3799999999999,851.3799999999999
16,71,1960.375,826.3799999999999,57.02235294117648,34,0,1951.0,1981.0,1969.75,1939.75,801.3799999999999,851.3799999999999
16,72,1990.375,826.3799999999999,47.40928571428572,42,0,1981.0,2011.0,1999.75,1969.75,801.3799999999999,851.3799999999999
16,73,2020.375,826.3799999999999,36.263207547169806,53,0,2011.0,2041.0,2029.75,1999.75,801.3799999999999,851.3799999999999
16,74,2050.375,826.3799999999999,41.77101694915254,59,0,2041.0,2071.0,2059.75,2029.75,801.3799999999999,851.3799999999999
16,75,2080.375,826.3799999999999,35.73928571428571,70,0,2071.0,2101.0,2089.75,2059.75,801.3799999999999,851.3799999999999
16,76,2110.375,826.3799999999999,15.875966386554618,119,0,2101.0,2131.0,2119.75,2089.75,801.3799999999999,851.3799999999999
16,77,2140.375,826.3799999999999,29.923076923076923,65,0,2131.0,2161.0,2149.75,2119.75,801.3799999999999,851.3799999999999
16,78,2170.375,826.3799999999999,29.239428571428572,70,0,2161.0,2191.0,2179.75,2149.75,801.3799999999999,851.3799999999999
16,79,2200.375,826.3799999999999,34.808852459016386,61,0,2191.0,2221.0,2209.75,2179.75,801.3799999999999,851.3799999999999
16,80,2230.375,826.3799999999999,38.74983050847459,59,0,2221.0,2251.0,2239.75,2209.75,801.3799999999999,851.3799999999999
16,81,2260.375,826.3799999999999,33.92276595744679,47,0,2251.0,2281.0,2269.75,2239.75,801.3799999999999,851.3799999999999
16,82,2290.375,826.3799999999999,27.143225806451614,62,0,2281.0,2311.0,2299.75,2269.75,801.3799999999999,851.3799999999999
16,83,2320.375,826.3799999999999,33.122898550724635,69,0,2311.0,2341.0,2329.75,2299.75,801.3799999999999,851.3799999999999
16,84,2350.375,826.3799999999999,36.415555555555564,54,0,2341.0,2371.0,2359.75,2329.75,801.3799999999999,851.3799999999999
16,85,2380.375,826.3799999999999,40.07842105263158,57,0,2371.0,2401.0,2389.75,2359.75,801.3799999999999,851.3799999999999
16,86,2410.375,826.3799999999999,30.233157894736838,38,0,2401.0,2431.0,2419.75,2389.75,801.3799999999999,851.3799999999999
16,87,2440.375,826.3799999999999,24.432321428571434,56,0,2431.0,2461.0,2449.75,2419.75,801.3799999999999,851.3799999999999
16,88,2470.375,826.3799999999999,23.438799999999993,75,0,2461.0,2491.0,2479.75,2449.75,801.3799999999999,851.3799999999999
16,89,2500.375,826.3799999999999,35.37,54,0,2491.0,2521.0,2509.75,2479.75,801.3799999999999,851.3799999999999
16,90,2530.375,826.3799999999999,39.84977777777778,45,0,2521.0,2551.0,2539.75,2509.75,801.3799999999999,851.3799999999999
16,91,2560.375,826.3799999999999,40.51846153846154,52,0,2551.0,2581.0,2569.75,2539.75,801.3799999999999,851.3799999999999
16,92,2590.375,826.3799999999999,27.900384615384613,52,0,2581.0,2611.0,2599.75,2569.75,801.3799999999999,851.3799999999999
16,93,2620.375,826.3799999999999,15.861600000000001,100,0,2611.0,2641.0,2629.75,2599.75,801.3799999999999,851.3799999999999
16,94,2650.375,826.3799999999999,29.891406249999996,64,0,2641.0,2671.0,2659.75,2629.75,801.3799999999999,851.3799999999999
16,95,2680.375,826.3799999999999,30.15048387096774,62,0,2671.0,2701.0,2689.75,2659.75,801.3799999999999,851.3799999999999
16,96,2710.375,826.3799999999999,31.453709677419365,62,0,2701.0,2731.0,2719.75,2689.75,801.3799999999999,851.3799999999999
16,97,2740.375,826.3799999999999,37.44147540983607,61,0,2731.0,2761.0,2749.75,2719.75,801.3799999999999,851.3799999999999
16,98,2770.375,826.3799999999999,36.96920634920634,63,0,2761.0,2791.0,2779.75,2749.75,801.3799999999999,851.3799999999999
16,99,2800.375,826.3799999999999,37.47844827586207,58,0,2791.0,2821.0,2809.75,2779.75,801.3799999999999,851.3799999999999
16,100,2830.375,826.3799999999999,13.690000000000007,109,0,2821.0,2851.0,2839.75,2809.75,801.3799999999999,851.3799999999999
16,101,2860.375,826.3799999999999,14.239729729729733,74,0,2851.0,2881.0,2869.75,2839.75,801.3799999999999,851.3799999999999
16,102,2890.375,826.3799999999999,26.725428571428562,70,0,2881.0,2911.0,2899.75,2869.75,801.3799999999999,851.3799999999999
16,103,2920.375,826.3799999999999,37.31118644067796,59,0,2911.0,2941.0,2929.75,2899.75,801.3799999999999,851.3799999999999
16,104,2950.375,826.3799999999999,47.64043478260871,46,0,2941.0,2971.0,2959.75,2929.75,801.3799999999999,851.3799999999999
16,105,2980.375,826.3799999999999,38.89583333333333,60,0,2971.0,3001.0,2989.75,2959.75,801.3799999999999,851.3799999999999
16,106,3010.375,826.3799999999999,10.743669064748195,139,0,3001.0,3031.0,3019.75,2989.75,801.3799999999999,851.3799999999999
16,107,3040.375,826.3799999999999,22.95742424242425,66,0,3031.0,3061.0,3049.75,3019.75,801.3799999999999,851.3799999999999
16,108,3070.375,826.3799999999999,36.756585365853645,41,0,3061.0,3091.0,3079.75,3049.75,801.3799999999999,851.3799999999999
16,109,3100.375,826.3799999999999,37.72904761904763,42,0,3091.0,3121.0,3109.75,3079.75,801.3799999999999,851.3799999999999
16,110,3130.375,826.3799999999999,32.4045,60,0,3121.0,3151.0,3139.75,3109.75,801.3799999999999,851.3799999999999
16,111,3160.375,826.3799999999999,37.99159090909091,44,0,3151.0,3181.0,3169.75,3139.75,801.3799999999999,851.3799999999999
16,112,3190.375,826.3799999999999,38.88388888888889,36,0,3181.0,3211.0,3199.75,3169.75,801.3799999999999,851.3799999999999
16,113,3220.375,826.3799999999999,38.352599999999995,50,0,3211.0,3241.0,3229.75,3199.75,801.3799999999999,851.3799999999999
16,114,3250.375,826.3799999999999,37.63277777777778,54,0,3241.0,3271.0,3259.75,3229.75,801.3799999999999,851.3799999999999
16,115,3280.375,826.3799999999999,37.37233333333332,60,0,3271.0,3301.0,3289.75,3259.75,801.3799999999999,851.3799999999999
16,116,3310.375,826.3799999999999,36.83163636363636,55,0,3301.0,3331.0,3319.75,3289.75,801.3799999999999,851.3799999999999
16,117,3340.375,826.3799999999999,31.587230769230757,65,0,3331.0,3361.0,3349.75,3319.75,801.3799999999999,851.3799999999999
16,118,3370.375,826.3799999999999,22.33079545454546,88,0,3361.0,3391.0,3379.75,3349.75,801.3799999999999,851.3799999999999
16,119,3400.375,826.3799999999999,24.186964285714286,56,0,3391.0,3421.0,3409.75,3379.75,801.3799999999999,851.3799999999999
16,120,3430.375,826.3799999999999,25.96133333333334,60,0,3421.0,3451.0,3439.75,3409.75,801.3799999999999,851.3799999999999
16,121,3460.375,826.3799999999999,29.176712328767124,73,0,3451.0,3481.0,3469.75,3439.75,801.3799999999999,851.3799999999999
16,122,3490.375,826.3799999999999,31.788823529411758,68,0,3481.0,3511.0,3499.75,3469.75,801.3799999999999,851.3799999999999
16,123,3520.375,826.3799999999999,31.31043478260871,69,0,3511.0,3541.0,3529.75,3499.75,801.3799999999999,851.3799999999999
16,124,3550.375,826.3799999999999,18.42494623655914,93,0,3541.0,3571.0,3559.75,3529.75,801.3799999999999,851.3799999999999
16,125,3580.375,826.3799999999999,23.698405797101454,69,0,3571.0,3601.0,3589.75,3559.75,801.3799999999999,851.3799999999999
16,126,3610.375,826.3799999999999,26.976307692307692,65,0,3601.0,3631.0,3619.75,3589.75,801.3799999999999,851.3799999999999
16,127,3640.375,826.3799999999999,19.049255319148934,94,0,3631.0,3661.0,3649.75,3619.75,801.3799999999999,851.3799999999999
16,128,3670.375,826.3799999999999,17.982499999999998,88,0,3661.0,3691.0,3679.75,3649.75,801.3799999999999,851.3799999999999
16,129,3700.375,826.3799999999999,21.859473684210524,38,0,3691.0,3721.0,3709.75,3679.75,801.3799999999999,851.3799999999999
16,130,3730.375,826.3799999999999,,0,0,3721.0,3751.0,3739.75,3709.75,801.3799999999999,851.3799999999999
16,131,3760.375,826.3799999999999,,0,0,3751.0,3781.0,3769.75,3739.75,801.3799999999999,851.3799999999999
16,132,3790.375,826.3799999999999,,0,0,3781.0,3811.0,3799.75,3769.75,801.3799999999999,851.3799999999999
16,133,3820.375,826.3799999999999,,0,0,3811.0,3841.0,3829.75,3799.75,801.3799999999999,851.3799999999999
17,6,-0.875,876.3799999999999,71.458,10,0,-10.25,19.75,8.5,-21.5,851.3799999999999,901.3799999999999
17,7,29.125,876.3799999999999,75.47818181818182,11,0,19.75,49.75,38.5,8.5,851.3799999999999,901.3799999999999
17,8,59.125,876.3799999999999,64.03076923076924,26,0,49.75,79.75,68.5,38.5,851.3799999999999,901.3799999999999
17,9,89.125,876.3799999999999,66.94666666666666,27,0,79.75,109.75,98.5,68.5,851.3799999999999,901.3799999999999
17,10,119.125,876.3799999999999,62.981428571428566,35,0,109.75,139.75,128.5,98.5,851.3799999999999,901.3799999999999
17,11,149.125,876.3799999999999,68.81136363636364,22,0,139.75,169.75,158.5,128.5,851.3799999999999,901.3799999999999
17,12,179.125,876.3799999999999,66.30357142857142,28,0,169.75,199.75,188.5,158.5,851.3799999999999,901.3799999999999
17,13,209.125,876.3799999999999,65.82162162162162,37,0,199.75,229.75,218.5,188.5,851.3799999999999,901.3799999999999
17,14,239.125,876.3799999999999,70.38285714285715,21,0,229.75,259.75,248.5,218.5,851.3799999999999,901.3799999999999
17,15,269.125,876.3799999999999,69.848,20,0,259.75,289.75,278.5,248.5,851.3799999999999,901.3799999999999
17,16,299.125,876.3799999999999,71.67952380952381,21,0,289.75,319.75,308.5,278.5,851.3799999999999,901.3799999999999
17,17,329.125,876.3799999999999,66.92714285714287,21,0,319.75,349.75,338.5,308.5,851.3799999999999,901.3799999999999
17,18,359.125,876.3799999999999,62.47645161290324,31,0,349.75,379.75,368.5,338.5,851.3799999999999,901.3799999999999
17,19,389.125,876.3799999999999,68.29111111111109,27,0,379.75,409.75,398.5,368.5,851.3799999999999,901.3799999999999
17,20,419.125,876.3799999999999,69.90545454545455,22,0,409.75,439.75,428.5,398.5,851.3799999999999,901.3799999999999
17,21,449.125,876.3799999999999,69.81260869565217,23,0,439.75,469.75,458.5,428.5,851.3799999999999,901.3799999999999
17,22,479.125,876.3799999999999,68.04736842105264,19,0,469.75,499.75,488.5,458.5,851.3799999999999,901.3799999999999
17,23,509.125,876.3799999999999,61.32217391304347,23,0,499.75,529.75,518.5,488.5,851.3799999999999,901.3799999999999
17,24,539.125,876.3799999999999,72.19933333333333,15,0,529.75,559.75,548.5,518.5,851.3799999999999,901.3799999999999
17,25,569.125,876.3799999999999,68.14882352941176,17,0,559.75,589.75,578.5,548.5,851.3799999999999,901.3799999999999
17,26,599.125,876.3799999999999,64.0552,25,0,589.75,619.75,608.5,578.5,851.3799999999999,901.3799999999999
17,27,629.125,876.3799999999999,65.4430769230769,26,0,619.75,649.75,638.5,608.5,851.3799999999999,901.3799999999999
17,28,659.125,876.3799999999999,62.07263157894736,19,0,649.75,679.75,668.5,638.5,851.3799999999999,901.3799999999999
17,29,689.125,876.3799999999999,63.76696969696968,33,0,679.75,709.75,698.5,668.5,851.3799999999999,901.3799999999999
17,30,719.125,876.3799999999999,64.45370370370371,27,0,709.75,739.75,728.5,698.5,851.3799999999999,901.3799999999999
17,31,749.125,876.3799999999999,58.584516129032245,31,0,739.75,769.75,758.5,728.5,851.3799999999999,901.3799999999999
17,32,779.125,876.3799999999999,62.458684210526314,38,0,769.75,799.75,788.5,758.5,851.3799999999999,901.3799999999999
17,33,809.125,876.3799999999999,61.702962962962964,27,0,799.75,829.75,818.5,788.5,851.3799999999999,901.3799999999999
17,34,839.125,876.3799999999999,66.90960000000001,25,0,829.75,859.75,848.5,818.5,851.3799999999999,901.3799999999999
17,35,869.125,876.3799999999999,61.36923076923077,13,0,859.75,889.75,878.5,848.5,851.3799999999999,901.3799999999999
17,36,899.125,876.3799999999999,57.03897435897436,39,0,889.75,919.75,908.5,878.5,851.3799999999999,901.3799999999999
17,37,929.125,876.3799999999999,62.085161290322574,31,0,919.75,949.75,938.5,908.5,851.3799999999999,901.3799999999999
17,38,959.125,876.3799999999999,68.99499999999999,18,0,949.75,979.75,968.5,938.5,851.3799999999999,901.3799999999999
17,39,989.125,876.3799999999999,69.05583333333334,24,0,979.75,1009.75,998.5,968.5,851.3799999999999,901.3799999999999
17,40,1019.125,876.3799999999999,67.70178571428572,28,0,1009.75,1039.75,1028.5,998.5,851.3799999999999,901.3799999999999
17,41,1049.125,876.3799999999999,60.52379310344828,29,0,1039.75,1069.75,1058.5,1028.5,851.3799999999999,901.3799999999999
17,42,1079.125,876.3799999999999,64.33181818181816,22,0,1069.75,1099.75,1088.5,1058.5,851.3799999999999,901.3799999999999
17,43,1109.125,876.3799999999999,67.93199999999999,30,0,1099.75,1129.75,1118.5,1088.5,851.3799999999999,901.3799999999999
17,44,1139.125,876.3799999999999,64.85499999999999,16,0,1129.75,1159.75,1148.5,1118.5,851.3799999999999,901.3799999999999
17,45,1169.125,876.3799999999999,63.81575757575758,33,0,1159.75,1189.75,1178.5,1148.5,851.3799999999999,901.3799999999999
17,46,1199.125,876.3799999999999,65.59206896551726,29,0,1189.75,1219.75,1208.5,1178.5,851.3799999999999,901.3799999999999
17,47,1229.125,876.3799999999999,68.5536842105263,19,0,1219.75,1249.75,1238.5,1208.5,851.3799999999999,901.3799999999999
17,48,1259.125,876.3799999999999,64.69615384615383,26,0,1249.75,1279.75,1268.5,1238.5,851.3799999999999,901.3799999999999
17,49,1289.125,876.3799999999999,68.21724137931034,29,0,1279.75,1309.75,1298.5,1268.5,851.3799999999999,901.3799999999999
17,50,1319.125,876.3799999999999,64.51276785714286,16,0,1309.75,1339.75,1328.5,1298.5,851.3799999999999,901.3799999999999
17,51,1349.125,876.3799999999999,62.14880000000001,25,0,1339.75,1369.75,1358.5,1328.5,851.3799999999999,901.3799999999999
17,52,1379.125,876.3799999999999,69.22,17,0,1369.75,1399.75,1388.5,1358.5,851.3799999999999,901.3799999999999
17,53,1409.125,876.3799999999999,65.9925,12,0,1399.75,1429.75,1418.5,1388.5,851.3799999999999,901.3799999999999
17,54,1439.125,876.3799999999999,53.471818181818165,44,0,1429.75,1459.75,1448.5,1418.5,851.3799999999999,901.3799999999999
17,55,1469.125,876.3799999999999,59.69318181818183,44,0,1459.75,1489.75,1478.5,1448.5,851.3799999999999,901.3799999999999
17,56,1499.125,876.3799999999999,62.36325000000001,40,0,1489.75,1519.75,1508.5,1478.5,851.3799999999999,901.3799999999999
17,57,1529.125,876.3799999999999,64.4822857142857,35,0,1519.75,1549.75,1538.5,1508.5,851.3799999999999,901.3799999999999
17,58,1559.125,876.3799999999999,66.70280000000001,25,0,1549.75,1579.75,1568.5,1538.5,851.3799999999999,901.3799999999999
17,59,1589.125,876.3799999999999,69.05857142857143,14,0,1579.75,1609.75,1598.5,1568.5,851.3799999999999,901.3799999999999
17,60,1619.125,876.3799999999999,57.3676,25,0,1609.75,1639.75,1628.5,1598.5,851.3799999999999,901.3799999999999
17,61,1649.125,876.3799999999999,56.54863636363637,44,0,1639.75,1669.75,1658.5,1628.5,851.3799999999999,901.3799999999999
17,62,1679.125,876.3799999999999,66.04783950617282,18,0,1669.75,1699.75,1688.5,1658.5,851.3799999999999,901.3799999999999
17,63,1709.125,876.3799999999999,52.22358490566037,53,0,1699.75,1729.75,1718.5,1688.5,851.3799999999999,901.3799999999999
17,64,1739.125,876.3799999999999,59.73730769230769,26,0,1729.75,1759.75,1748.5,1718.5,851.3799999999999,901.3799999999999
17,65,1769.125,876.3799999999999,63.06425,40,0,1759.75,1789.75,1778.5,1748.5,851.3799999999999,901.3799999999999
17,66,1799.125,876.3799999999999,63.96975,40,0,1789.75,1819.75,1808.5,1778.5,851.3799999999999,901.3799999999999
17,67,1829.125,876.3799999999999,68.63111111111112,18,0,1819.75,1849.75,1838.5,1808.5,851.3799999999999,901.3799999999999
17,68,1859.125,876.3799999999999,56.092424242424244,33,0,1849.75,1879.75,1868.5,1838.5,851.3799999999999,901.3799999999999
17,69,1889.125,876.3799999999999,47.841346153846146,52,0,1879.75,1909.75,1898.5,1868.5,851.3799999999999,901.3799999999999
17,70,1919.125,876.3799999999999,53.438604651162805,43,0,1909.75,1939.75,1928.5,1898.5,851.3799999999999,901.3799999999999
17,71,1949.125,876.3799999999999,55.33304347826088,46,0,1939.75,1969.75,1958.5,1928.5,851.3799999999999,901.3799999999999
17,72,1979.125,876.3799999999999,51.369736842105254,38,0,1969.75,1999.75,1988.5,1958.5,851.3799999999999,901.3799999999999
17,73,2009.125,876.3799999999999,43.11071428571429,56,0,1999.75,2029.75,2018.5,1988.5,851.3799999999999,901.3799999999999
17,74,2039.125,876.3799999999999,40.792758620689646,58,0,2029.75,2059.75,2048.5,2018.5,851.3799999999999,901.3799999999999
17,75,2069.125,876.3799999999999,38.59183098591549,71,0,2059.75,2089.75,2078.5,2048.5,851.3799999999999,901.3799999999999
17,76,2099.125,876.3799999999999,13.40021739130435,138,0,2089.75,2119.75,2108.5,2078.5,851.3799999999999,901.3799999999999
17,77,2129.125,876.3799999999999,26.532441860465127,86,0,2119.75,2149.75,2138.5,2108.5,851.3799999999999,901.3799999999999
17,78,2159.125,876.3799999999999,31.99901639344262,61,0,2149.75,2179.75,2168.5,2138.5,851.3799999999999,901.3799999999999
17,79,2189.125,876.3799999999999,33.4448,75,0,2179.75,2209.75,2198.5,2168.5,851.3799999999999,901.3799999999999
17,80,2219.125,876.3799999999999,35.61828571428571,70,0,2209.75,2239.75,2228.5,2198.5,851.3799999999999,901.3799999999999
17,81,2249.125,876.3799999999999,35.63285714285715,63,0,2239.75,2269.75,2258.5,2228.5,851.3799999999999,901.3799999999999
17,82,2279.125,876.3799999999999,31.202199999999998,50,0,2269.75,2299.75,2288.5,2258.5,851.3799999999999,901.3799999999999
17,83,2309.125,876.3799999999999,32.555151515151515,66,0,2299.75,2329.75,2318.5,2288.5,851.3799999999999,901.3799999999999
17,84,2339.125,876.3799999999999,30.49638554216867,83,0,2329.75,2359.75,2348.5,2318.5,851.3799999999999,901.3799999999999
17,85,2369.125,876.3799999999999,29.868101265822784,79,0,2359.75,2389.75,2378.5,2348.5,851.3799999999999,901.3799999999999
17,86,2399.125,876.3799999999999,23.27909090909091,77,0,2389.75,2419.75,2408.5,2378.5,851.3799999999999,901.3799999999999
17,87,2429.125,876.3799999999999,23.12396825396825,63,0,2419.75,2449.75,2438.5,2408.5,851.3799999999999,901.3799999999999
17,88,2459.125,876.3799999999999,22.379473684210527,57,0,2449.75,2479.75,2468.5,2438.5,851.3799999999999,901.3799999999999
17,89,2489.125,876.3799999999999,27.475529411764708,85,0,2479.75,2509.75,2498.5,2468.5,851.3799999999999,901.3799999999999
17,90,2519.125,876.3799999999999,34.146034482758616,58,0,2509.75,2539.75,2528.5,2498.5,851.3799999999999,901.3799999999999
17,91,2549.125,876.3799999999999,38.66672413793104,58,0,2539.75,2569.75,2558.5,2528.5,851.3799999999999,901.3799999999999
17,92,2579.125,876.3799999999999,25.881604938271597,81,0,2569.75,2599.75,2588.5,2558.5,851.3799999999999,901.3799999999999
17,93,2609.125,876.3799999999999,18.332702702702704,74,0,2599.75,2629.75,2618.5,2588.5,851.3799999999999,901.3799999999999
17,94,2639.125,876.3799999999999,29.56166666666666,78,0,2629.75,2659.75,2648.5,2618.5,851.3799999999999,901.3799999999999
17,95,2669.125,876.3799999999999,33.526065573770495,61,0,2659.75,2689.75,2678.5,2648.5,851.3799999999999,901.3799999999999
17,96,2699.125,876.3799999999999,27.783661971830984,71,0,2689.75,2719.75,2708.5,2678.5,851.3799999999999,901.3799999999999
17,97,2729.125,876.3799999999999,35.46371428571428,70,0,2719.75,2749.75,2738.5,2708.5,851.3799999999999,901.3799999999999
17,98,2759.125,876.3799999999999,38.62459016393441,61,0,2749.75,2779.75,2768.5,2738.5,851.3799999999999,901.3799999999999
17,99,2789.125,876.3799999999999,38.145983606557365,61,0,2779.75,2809.75,2798.5,2768.5,851.3799999999999,901.3799999999999
17,100,2819.125,876.3799999999999,17.217692307692314,117,0,2809.75,2839.75,2828.5,2798.5,851.3799999999999,901.3799999999999
17,101,2849.125,876.3799999999999,15.691976744186046,86,0,2839.75,2869.75,2858.5,2828.5,851.3799999999999,901.3799999999999
17,102,2879.125,876.3799999999999,30.280384615384623,52,0,2869.75,2899.75,2888.5,2858.5,851.3799999999999,901.3799999999999
17,103,2909.125,876.3799999999999,36.11379310344827,58,0,2899.75,2929.75,2918.5,2888.5,851.3799999999999,901.3799999999999
17,104,2939.125,876.3799999999999,42.202,50,0,2929.75,2959.75,2948.5,2918.5,851.3799999999999,901.3799999999999
17,105,2969.125,876.3799999999999,32.503142857142855,70,0,2959.75,2989.75,2978.5,2948.5,851.3799999999999,901.3799999999999
17,106,2999.125,876.3799999999999,10.970157480314962,127,0,2989.75,3019.75,3008.5,2978.5,851.3799999999999,901.3799999999999
17,107,3029.125,876.3799999999999,26.70164179104479,67,0,3019.75,3049.75,3038.5,3008.5,851.3799999999999,901.3799999999999
17,108,3059.125,876.3799999999999,36.8340350877193,57,0,3049.75,3079.75,3068.5,3038.5,851.3799999999999,901.3799999999999
17,109,3089.125,876.3799999999999,42.201351351351356,37,0,3079.75,3109.75,3098.5,3068.5,851.3799999999999,901.3799999999999
17,110,3119.125,876.3799999999999,36.01518518518518,54,0,3109.75,3139.75,3128.5,3098.5,851.3799999999999,901.3799999999999
17,111,3149.125,876.3799999999999,30.7963768115942,69,0,3139.75,3169.75,3158.5,3128.5,851.3799999999999,901.3799999999999
17,112,3179.125,876.3799999999999,42.44090909090909,33,0,3169.75,3199.75,3188.5,3158.5,851.3799999999999,901.3799999999999
17,113,3209.125,876.3799999999999,38.87611111111111,54,0,3199.75,3229.75,3218.5,3188.5,851.3799999999999,901.3799999999999
17,114,3239.125,876.3799999999999,38.61338709677419,62,0,3229.75,3259.75,3248.5,3218.5,851.3799999999999,901.3799999999999
17,115,3269.125,876.3799999999999,37.16048387096774,62,0,3259.75,3289.75,3278.5,3248.5,851.3799999999999,901.3799999999999
17,116,3299.125,876.3799999999999,37.69890909090909,55,0,3289.75,3319.75,3308.5,3278.5,851.3799999999999,901.3799999999999
17,117,3329.125,876.3799999999999,28.870476190476193,63,0,3319.75,3349.75,3338.5,3308.5,851.3799999999999,901.3799999999999
17,118,3359.125,876.3799999999999,16.484455445544558,101,0,3349.75,3379.75,3368.5,3338.5,851.3799999999999,901.3799999999999
17,119,3389.125,876.3799999999999,15.67301724137931,116,0,3379.75,3409.75,3398.5,3368.5,851.3799999999999,901.3799999999999
17,120,3419.125,876.3799999999999,14.743444444444446,90,0,3409.75,3439.75,3428.5,3398.5,851.3799999999999,901.3799999999999
17,121,3449.125,876.3799999999999,28.240273972602733,73,0,3439.75,3469.75,3458.5,3428.5,851.3799999999999,901.3799999999999
17,122,3479.125,876.3799999999999,31.161791044776116,67,0,3469.75,3499.75,3488.5,3458.5,851.3799999999999,901.3799999999999
17,123,3509.125,876.3799999999999,25.09955555555556,90,0,3499.75,3529.75,3518.5,3488.5,851.3799999999999,901.3799999999999
17,124,3539.125,876.3799999999999,13.55395161290323,124,0,3529.75,3559.75,3548.5,3518.5,851.3799999999999,901.3799999999999
17,125,3569.125,876.3799999999999,20.34461538461539,78,0,3559.75,3589.75,3578.5,3548.5,851.3799999999999,901.3799999999999
17,126,3599.125,876.3799999999999,14.571454545454545,110,0,3589.75,3619.75,3608.5,3578.5,851.3799999999999,901.3799999999999
17,127,3629.125,876.3799999999999,18.969879518072283,83,0,3619.75,3649.75,3638.5,3608.5,851.3799999999999,901.3799999999999
17,128,3659.125,876.3799999999999,20.883749999999996,88,0,3649.75,3679.75,3668.5,3638.5,851.3799999999999,901.3799999999999
17,129,3689.125,876.3799999999999,23.614166666666666,72,0,3679.75,3709.75,3698.5,3668.5,851.3799999999999,901.3799999999999
17,130,3719.125,876.3799999999999,28.1575,8,0,3709.75,3739.75,3728.5,3698.5,851.3799999999999,901.3799999999999
17,131,3749.125,876.3799999999999,,0,0,3739.75,3769.75,3758.5,3728.5,851.3799999999999,901.3799999999999
17,132,3779.125,876.3799999999999,,0,0,3769.75,3799.75,3788.5,3758.5,851.3799999999999,901.3799999999999
17,133,3809.125,876.3799999999999,,0,0,3799.75,3829.75,3818.5,3788.5,851.3799999999999,901.3799999999999
17,134,3839.125,876.3799999999999,,0,0,3829.75,3859.75,3848.5,3818.5,851.3799999999999,901.3799999999999
18,6,-12.125,926.3799999999999,70.445,2,0,-21.5,8.5,-2.75,-32.75,901.3799999999999,951.3799999999999
18,7,17.875,926.3799999999999,71.63882352941177,17,0,8.5,38.5,27.25,-2.75,901.3799999999999,951.3799999999999
18,8,47.875,926.3799999999999,63.29312499999999,16,0,38.5,68.5,57.25,27.25,901.3799999999999,951.3799999999999
18,9,77.875,926.3799999999999,64.5208695652174,23,0,68.5,98.5,87.25,57.25,901.3799999999999,951.3799999999999
18,10,107.875,926.3799999999999,61.31379310344829,29,0,98.5,128.5,117.25,87.25,901.3799999999999,951.3799999999999
18,11,137.875,926.3799999999999,66.40173913043478,23,0,128.5,158.5,147.25,117.25,901.3799999999999,951.3799999999999
18,12,167.875,926.3799999999999,65.3629411764706,17,0,158.5,188.5,177.25,147.25,901.3799999999999,951.3799999999999
18,13,197.875,926.3799999999999,62.564193548387074,31,0,188.5,218.5,207.25,177.25,901.3799999999999,951.3799999999999
18,14,227.875,926.3799999999999,65.0809677419355,31,0,218.5,248.5,237.25,207.25,901.3799999999999,951.3799999999999
18,15,257.875,926.3799999999999,68.43529411764705,17,0,248.5,278.5,267.25,237.25,901.3799999999999,951.3799999999999
18,16,287.875,926.3799999999999,69.05941176470589,17,0,278.5,308.5,297.25,267.25,901.3799999999999,951.3799999999999
18,17,317.875,926.3799999999999,69.12666666666668,18,0,308.5,338.5,327.25,297.25,901.3799999999999,951.3799999999999
18,18,347.875,926.3799999999999,63.47428571428571,21,0,338.5,368.5,357.25,327.25,901.3799999999999,951.3799999999999
18,19,377.875,926.3799999999999,62.518000000000015,30,0,368.5,398.5,387.25,357.25,901.3799999999999,951.3799999999999
18,20,407.875,926.3799999999999,69.308,20,0,398.5,428.5,417.25,387.25,901.3799999999999,951.3799999999999
18,21,437.875,926.3799999999999,66.78230769230767,26,0,428.5,458.5,447.25,417.25,901.3799999999999,951.3799999999999
18,22,467.875,926.3799999999999,71.0725,12,0,458.5,488.5,477.25,447.25,901.3799999999999,951.3799999999999
18,23,497.875,926.3799999999999,60.7244,25,0,488.5,518.5,507.25,477.25,901.3799999999999,951.3799999999999
18,24,527.875,926.3799999999999,69.7642857142857,21,0,518.5,548.5,537.25,507.25,901.3799999999999,951.3799999999999
18,25,557.875,926.3799999999999,68.82777777777778,18,0,548.5,578.5,567.25,537.25,901.3799999999999,951.3799999999999
18,26,587.875,926.3799999999999,65.61500000000001,18,0,578.5,608.5,597.25,567.25,901.3799999999999,951.3799999999999
18,27,617.875,926.3799999999999,64.7572,25,0,608.5,638.5,627.25,597.25,901.3799999999999,951.3799999999999
18,28,647.875,926.3799999999999,63.01666666666666,24,0,638.5,668.5,657.25,627.25,901.3799999999999,951.3799999999999
18,29,677.875,926.3799999999999,63.97846153846154,26,0,668.5,698.5,687.25,657.25,901.3799999999999,951.3799999999999
18,30,707.875,926.3799999999999,63.82111111111111,27,0,698.5,728.5,717.25,687.25,901.3799999999999,951.3799999999999
18,31,737.875,926.3799999999999,63.2140909090909,22,0,728.5,758.5,747.25,717.25,901.3799999999999,951.3799999999999
18,32,767.875,926.3799999999999,58.75619047619048,42,0,758.5,788.5,777.25,747.25,901.3799999999999,951.3799999999999
18,33,797.875,926.3799999999999,63.034545454545444,22,0,788.5,818.5,807.25,777.25,901.3799999999999,951.3799999999999
18,34,827.875,926.3799999999999,61.54423076923077,26,0,818.5,848.5,837.25,807.25,901.3799999999999,951.3799999999999
18,35,857.875,926.3799999999999,63.3678947368421,19,0,848.5,878.5,867.25,837.25,901.3799999999999,951.3799999999999
18,36,887.875,926.3799999999999,58.68250000000001,24,0,878.5,908.5,897.25,867.25,901.3799999999999,951.3799999999999
18,37,917.875,926.3799999999999,57.13444444444443,36,0,908.5,938.5,927.25,897.25,901.3799999999999,951.3799999999999
18,38,947.875,926.3799999999999,63.359655172413795,29,0,938.5,968.5,957.25,927.25,901.3799999999999,951.3799999999999
18,39,977.875,926.3799999999999,70.53642857142857,14,0,968.5,998.5,987.25,957.25,901.3799999999999,951.3799999999999
18,40,1007.875,926.3799999999999,67.49814814814812,27,0,998.5,1028.5,1017.25,987.25,901.3799999999999,951.3799999999999
18,41,1037.875,926.3799999999999,64.44357142857145,28,0,1028.5,1058.5,1047.25,1017.25,901.3799999999999,951.3799999999999
18,42,1067.875,926.3799999999999,61.80285714285713,21,0,1058.5,1088.5,1077.25,1047.25,901.3799999999999,951.3799999999999
18,43,1097.875,926.3799999999999,65.61038461538462,26,0,1088.5,1118.5,1107.25,1077.25,901.3799999999999,951.3799999999999
18,44,1127.875,926.3799999999999,71.77624999999999,16,0,1118.5,1148.5,1137.25,1107.25,901.3799999999999,951.3799999999999
18,45,1157.875,926.3799999999999,64.56347826086957,23,0,1148.5,1178.5,1167.25,1137.25,901.3799999999999,951.3799999999999
18,46,1187.875,926.3799999999999,63.581538461538464,26,0,1178.5,1208.5,1197.25,1167.25,901.3799999999999,951.3799999999999
18,47,1217.875,926.3799999999999,65.96708333333332,24,0,1208.5,1238.5,1227.25,1197.25,901.3799999999999,951.3799999999999
18,48,1247.875,926.3799999999999,68.5753846153846,13,0,1238.5,1268.5,1257.25,1227.25,901.3799999999999,951.3799999999999
18,49,1277.875,926.3799999999999,64.62000000000002,31,0,1268.5,1298.5,1287.25,1257.25,901.3799999999999,951.3799999999999
18,50,1307.875,926.3799999999999,64.40666666666667,21,0,1298.5,1328.5,1317.25,1287.25,901.3799999999999,951.3799999999999
18,51,1337.875,926.3799999999999,63.07076923076923,13,0,1328.5,1358.5,1347.25,1317.25,901.3799999999999,951.3799999999999
18,52,1367.875,926.3799999999999,64.15578947368421,19,0,1358.5,1388.5,1377.25,1347.25,901.3799999999999,951.3799999999999
18,53,1397.875,926.3799999999999,68.80818181818182,11,0,1388.5,1418.5,1407.25,1377.25,901.3799999999999,951.3799999999999
18,54,1427.875,926.3799999999999,54.88652173913044,23,0,1418.5,1448.5,1437.25,1407.25,901.3799999999999,951.3799999999999
18,55,1457.875,926.3799999999999,55.10079999999999,50,0,1448.5,1478.5,1467.25,1437.25,901.3799999999999,951.3799999999999
18,56,1487.875,926.3799999999999,62.73212121212119,33,0,1478.5,1508.5,1497.25,1467.25,901.3799999999999,951.3799999999999
18,57,1517.875,926.3799999999999,61.580000000000005,36,0,1508.5,1538.5,1527.25,1497.25,901.3799999999999,951.3799999999999
18,58,1547.875,926.3799999999999,64.98612903225803,31,0,1538.5,1568.5,1557.25,1527.25,901.3799999999999,951.3799999999999
18,59,1577.875,926.3799999999999,66.70599999999999,20,0,1568.5,1598.5,1587.25,1557.25,901.3799999999999,951.3799999999999
18,60,1607.875,926.3799999999999,59.32846153846154,13,0,1598.5,1628.5,1617.25,1587.25,901.3799999999999,951.3799999999999
18,61,1637.875,926.3799999999999,55.418285714285716,35,0,1628.5,1658.5,1647.25,1617.25,901.3799999999999,951.3799999999999
18,62,1667.875,926.3799999999999,64.13227272727273,22,0,1658.5,1688.5,1677.25,1647.25,901.3799999999999,951.3799999999999
18,63,1697.875,926.3799999999999,54.2508108108108,37,0,1688.5,1718.5,1707.25,1677.25,901.3799999999999,951.3799999999999
18,64,1727.875,926.3799999999999,47.646944444444436,36,0,1718.5,1748.5,1737.25,1707.25,901.3799999999999,951.3799999999999
18,65,1757.875,926.3799999999999,62.36250000000001,32,0,1748.5,1778.5,1767.25,1737.25,901.3799999999999,951.3799999999999
18,66,1787.875,926.3799999999999,62.31028571428572,35,0,1778.5,1808.5,1797.25,1767.25,901.3799999999999,951.3799999999999
18,67,1817.875,926.3799999999999,64.86870967741933,31,0,1808.5,1838.5,1827.25,1797.25,901.3799999999999,951.3799999999999
18,68,1847.875,926.3799999999999,61.1552380952381,21,0,1838.5,1868.5,1857.25,1827.25,901.3799999999999,951.3799999999999
18,69,1877.875,926.3799999999999,45.16499999999999,46,0,1868.5,1898.5,1887.25,1857.25,901.3799999999999,951.3799999999999
18,70,1907.875,926.3799999999999,48.31477272727272,44,0,1898.5,1928.5,1917.25,1887.25,901.3799999999999,951.3799999999999
18,71,1937.875,926.3799999999999,53.924166666666665,36,0,1928.5,1958.5,1947.25,1917.25,901.3799999999999,951.3799999999999
18,72,1967.875,926.3799999999999,46.77333333333334,51,0,1958.5,1988.5,1977.25,1947.25,901.3799999999999,951.3799999999999
18,73,1997.875,926.3799999999999,47.88236842105264,38,0,1988.5,2018.5,2007.25,1977.25,901.3799999999999,951.3799999999999
18,74,2027.875,926.3799999999999,43.82604651162791,43,0,2018.5,2048.5,2037.25,2007.25,901.3799999999999,951.3799999999999
18,75,2057.875,926.3799999999999,28.231494252873564,87,0,2048.5,2078.5,2067.25,2037.25,901.3799999999999,951.3799999999999
18,76,2087.875,926.3799999999999,15.879516129032261,124,0,2078.5,2108.5,2097.25,2067.25,901.3799999999999,951.3799999999999
18,77,2117.875,926.3799999999999,27.794729729729728,74,0,2108.5,2138.5,2127.25,2097.25,901.3799999999999,951.3799999999999
18,78,2147.875,926.3799999999999,31.056567164179103,67,0,2138.5,2168.5,2157.25,2127.25,901.3799999999999,951.3799999999999
18,79,2177.875,926.3799999999999,37.2464,50,0,2168.5,2198.5,2187.25,2157.25,901.3799999999999,951.3799999999999
18,80,2207.875,926.3799999999999,33.62048387096774,62,0,2198.5,2228.5,2217.25,2187.25,901.3799999999999,951.3799999999999
18,81,2237.875,926.3799999999999,28.424935064935063,77,0,2228.5,2258.5,2247.25,2217.25,901.3799999999999,951.3799999999999
18,82,2267.875,926.3799999999999,27.877704918032784,61,0,2258.5,2288.5,2277.25,2247.25,901.3799999999999,951.3799999999999
18,83,2297.875,926.3799999999999,36.95577777777777,45,0,2288.5,2318.5,2307.25,2277.25,901.3799999999999,951.3799999999999
18,84,2327.875,926.3799999999999,31.27806451612904,62,0,2318.5,2348.5,2337.25,2307.25,901.3799999999999,951.3799999999999
18,85,2357.875,926.3799999999999,23.293086419753084,81,0,2348.5,2378.5,2367.25,2337.25,901.3799999999999,951.3799999999999
18,86,2387.875,926.3799999999999,18.07318584070797,113,0,2378.5,2408.5,2397.25,2367.25,901.3799999999999,951.3799999999999
18,87,2417.875,926.3799999999999,14.164516129032252,93,0,2408.5,2438.5,2427.25,2397.25,901.3799999999999,951.3799999999999
18,88,2447.875,926.3799999999999,23.304126984126974,63,0,2438.5,2468.5,2457.25,2427.25,901.3799999999999,951.3799999999999
18,89,2477.875,926.3799999999999,28.138653846153854,52,0,2468.5,2498.5,2487.25,2457.25,901.3799999999999,951.3799999999999
18,90,2507.875,926.3799999999999,31.120483870967746,62,0,2498.5,2528.5,2517.25,2487.25,901.3799999999999,951.3799999999999
18,91,2537.875,926.3799999999999,31.78232142857144,56,0,2528.5,2558.5,2547.25,2517.25,901.3799999999999,951.3799999999999
18,92,2567.875,926.3799999999999,17.38106194690265,113,0,2558.5,2588.5,2577.25,2547.25,901.3799999999999,951.3799999999999
18,93,2597.875,926.3799999999999,18.594461538461537,65,0,2588.5,2618.5,2607.25,2577.25,901.3799999999999,951.3799999999999
18,94,2627.875,926.3799999999999,31.032909090909087,55,0,2618.5,2648.5,2637.25,2607.25,901.3799999999999,951.3799999999999
18,95,2657.875,926.3799999999999,26.101707317073167,82,0,2648.5,2678.5,2667.25,2637.25,901.3799999999999,951.3799999999999
18,96,2687.875,926.3799999999999,23.20586666666667,75,0,2678.5,2708.5,2697.25,2667.25,901.3799999999999,951.3799999999999
18,97,2717.875,926.3799999999999,29.651076923076918,65,0,2708.5,2738.5,2727.25,2697.25,901.3799999999999,951.3799999999999
18,98,2747.875,926.3799999999999,34.4210447761194,67,0,2738.5,2768.5,2757.25,2727.25,901.3799999999999,951.3799999999999
18,99,2777.875,926.3799999999999,36.88821428571429,56,0,2768.5,2798.5,2787.25,2757.25,901.3799999999999,951.3799999999999
18,100,2807.875,926.3799999999999,14.55036036036036,111,0,2798.5,2828.5,2817.25,2787.25,901.3799999999999,951.3799999999999
18,101,2837.875,926.3799999999999,12.941834862385322,109,0,2828.5,2858.5,2847.25,2817.25,901.3799999999999,951.3799999999999
18,102,2867.875,926.3799999999999,28.29346153846153,52,0,2858.5,2888.5,2877.25,2847.25,901.3799999999999,951.3799999999999
18,103,2897.875,926.3799999999999,37.196481481481484,54,0,2888.5,2918.5,2907.25,2877.25,901.3799999999999,951.3799999999999
18,104,2927.875,926.3799999999999,38.959583333333335,48,0,2918.5,2948.5,2937.25,2907.25,901.3799999999999,951.3799999999999
18,105,2957.875,926.3799999999999,27.217746478873238,71,0,2948.5,2978.5,2967.25,2937.25,901.3799999999999,951.3799999999999
18,106,2987.875,926.3799999999999,15.870816326530619,98,0,2978.5,3008.5,2997.25,2967.25,901.3799999999999,951.3799999999999
18,107,3017.875,926.3799999999999,26.118307692307692,65,0,3008.5,3038.5,3027.25,2997.25,901.3799999999999,951.3799999999999
18,108,3047.875,926.3799999999999,34.111176470588234,51,0,3038.5,3068.5,3057.25,3027.25,901.3799999999999,951.3799999999999
18,109,3077.875,926.3799999999999,43.59256410256411,39,0,3068.5,3098.5,3087.25,3057.25,901.3799999999999,951.3799999999999
18,110,3107.875,926.3799999999999,41.483243243243244,37,0,3098.5,3128.5,3117.25,3087.25,901.3799999999999,951.3799999999999
18,111,3137.875,926.3799999999999,34.38117647058823,51,0,3128.5,3158.5,3147.25,3117.25,901.3799999999999,951.3799999999999
18,112,3167.875,926.3799999999999,39.92312499999999,48,0,3158.5,3188.5,3177.25,3147.25,901.3799999999999,951.3799999999999
18,113,3197.875,926.3799999999999,39.9151515151515,33,0,3188.5,3218.5,3207.25,3177.25,901.3799999999999,951.3799999999999
18,114,3227.875,926.3799999999999,36.27903846153848,52,0,3218.5,3248.5,3237.25,3207.25,901.3799999999999,951.3799999999999
18,115,3257.875,926.3799999999999,36.746415094339625,53,0,3248.5,3278.5,3267.25,3237.25,901.3799999999999,951.3799999999999
18,116,3287.875,926.3799999999999,37.07533333333333,60,0,3278.5,3308.5,3297.25,3267.25,901.3799999999999,951.3799999999999
18,117,3317.875,926.3799999999999,31.246730769230773,52,0,3308.5,3338.5,3327.25,3297.25,901.3799999999999,951.3799999999999
18,118,3347.875,926.3799999999999,15.8858695652174,92,0,3338.5,3368.5,3357.25,3327.25,901.3799999999999,951.3799999999999
18,119,3377.875,926.3799999999999,16.726310679611654,103,0,3368.5,3398.5,3387.25,3357.25,901.3799999999999,951.3799999999999
18,120,3407.875,926.3799999999999,16.78141304347826,92,0,3398.5,3428.5,3417.25,3387.25,901.3799999999999,951.3799999999999
18,121,3437.875,926.3799999999999,29.738431372549027,51,0,3428.5,3458.5,3447.25,3417.25,901.3799999999999,951.3799999999999
18,122,3467.875,926.3799999999999,31.42492063492064,63,0,3458.5,3488.5,3477.25,3447.25,901.3799999999999,951.3799999999999
18,123,3497.875,926.3799999999999,19.56787234042553,94,0,3488.5,3518.5,3507.25,3477.25,901.3799999999999,951.3799999999999
18,124,3527.875,926.3799999999999,14.78818897637795,127,0,3518.5,3548.5,3537.25,3507.25,901.3799999999999,951.3799999999999
18,125,3557.875,926.3799999999999,16.982272727272733,110,0,3548.5,3578.5,3567.25,3537.25,901.3799999999999,951.3799999999999
18,126,3587.875,926.3799999999999,17.536707317073176,82,0,3578.5,3608.5,3597.25,3567.25,901.3799999999999,951.3799999999999
18,127,3617.875,926.3799999999999,21.98428571428571,70,0,3608.5,3638.5,3627.25,3597.25,901.3799999999999,951.3799999999999
18,128,3647.875,926.3799999999999,23.43972602739725,73,0,3638.5,3668.5,3657.25,3627.25,901.3799999999999,951.3799999999999
18,129,3677.875,926.3799999999999,19.13088888888889,90,0,3668.5,3698.5,3687.25,3657.25,901.3799999999999,951.3799999999999
18,130,3707.875,926.3799999999999,25.435624999999998,48,0,3698.5,3728.5,3717.25,3687.25,901.3799999999999,951.3799999999999
18,131,3737.875,926.3799999999999,,0,0,3728.5,3758.5,3747.25,3717.25,901.3799999999999,951.3799999999999
18,132,3767.875,926.3799999999999,,0,0,3758.5,3788.5,3777.25,3747.25,901.3799999999999,951.3799999999999
18,133,3797.875,926.3799999999999,,0,0,3788.5,3818.5,3807.25,3777.25,901.3799999999999,951.3799999999999
18,134,3827.875,926.3799999999999,,0,0,3818.5,3848.5,3837.25,3807.25,901.3799999999999,951.3799999999999
19,7,6.625,976.3799999999999,67.92249999999999,16,0,-2.75,27.25,16.0,-14.0,951.3799999999999,1001.3799999999999
19,8,36.625,976.3799999999999,67.97444444444444,9,0,27.25,57.25,46.0,16.0,951.3799999999999,1001.3799999999999
19,9,66.625,976.3799999999999,60.63999999999999,30,0,57.25,87.25,76.0,46.0,951.3799999999999,1001.3799999999999
19,10,96.625,976.3799999999999,61.671739130434794,23,0,87.25,117.25,106.0,76.0,951.3799999999999,1001.3799999999999
19,11,126.625,976.3799999999999,60.32394736842105,38,0,117.25,147.25,136.0,106.0,951.3799999999999,1001.3799999999999
19,12,156.625,976.3799999999999,65.0890909090909,22,0,147.25,177.25,166.0,136.0,951.3799999999999,1001.3799999999999
19,13,186.625,976.3799999999999,61.35137931034484,29,0,177.25,207.25,196.0,166.0,951.3799999999999,1001.3799999999999
19,14,216.625,976.3799999999999,60.04705882352942,34,0,207.25,237.25,226.0,196.0,951.3799999999999,1001.3799999999999
19,15,246.625,976.3799999999999,64.5635,20,0,237.25,267.25,256.0,226.0,951.3799999999999,1001.3799999999999
19,16,276.625,976.3799999999999,64.38333333333334,18,0,267.25,297.25,286.0,256.0,951.3799999999999,1001.3799999999999
19,17,306.625,976.3799999999999,65.84142857142858,21,0,297.25,327.25,316.0,286.0,951.3799999999999,1001.3799999999999
19,18,336.625,976.3799999999999,61.307500000000005,20,0,327.25,357.25,346.0,316.0,951.3799999999999,1001.3799999999999
19,19,366.625,976.3799999999999,59.90705882352939,34,0,357.25,387.25,376.0,346.0,951.3799999999999,1001.3799999999999
19,20,396.625,976.3799999999999,65.45777777777778,27,0,387.25,417.25,406.0,376.0,951.3799999999999,1001.3799999999999
19,21,426.625,976.3799999999999,63.64478260869567,23,0,417.25,447.25,436.0,406.0,951.3799999999999,1001.3799999999999
19,22,456.625,976.3799999999999,66.80619047619047,21,0,447.25,477.25,466.0,436.0,951.3799999999999,1001.3799999999999
19,23,486.625,976.3799999999999,63.50388888888887,18,0,477.25,507.25,496.0,466.0,951.3799999999999,1001.3799999999999
19,24,516.625,976.3799999999999,60.2164,25,0,507.25,537.25,526.0,496.0,951.3799999999999,1001.3799999999999
19,25,546.625,976.3799999999999,66.68266666666666,15,0,537.25,567.25,556.0,526.0,951.3799999999999,1001.3799999999999
19,26,576.625,976.3799999999999,65.05,20,0,567.25,597.25,586.0,556.0,951.3799999999999,1001.3799999999999
19,27,606.625,976.3799999999999,61.454814814814824,27,0,597.25,627.25,616.0,586.0,951.3799999999999,1001.3799999999999
19,28,636.625,976.3799999999999,61.921111111111124,27,0,627.25,657.25,646.0,616.0,951.3799999999999,1001.3799999999999
19,29,666.625,976.3799999999999,61.45958333333335,24,0,657.25,687.25,676.0,646.0,951.3799999999999,1001.3799999999999
19,30,696.625,976.3799999999999,62.78962962962964,27,0,687.25,717.25,706.0,676.0,951.3799999999999,1001.3799999999999
19,31,726.625,976.3799999999999,62.747499999999995,28,0,717.25,747.25,736.0,706.0,951.3799999999999,1001.3799999999999
19,32,756.625,976.3799999999999,56.02848484848486,33,0,747.25,777.25,766.0,736.0,951.3799999999999,1001.3799999999999
19,33,786.625,976.3799999999999,58.51583333333334,36,0,777.25,807.25,796.0,766.0,951.3799999999999,1001.3799999999999
19,34,816.625,976.3799999999999,58.713866666666675,25,0,807.25,837.25,826.0,796.0,951.3799999999999,1001.3799999999999
19,35,846.625,976.3799999999999,60.63136363636364,22,0,837.25,867.25,856.0,826.0,951.3799999999999,1001.3799999999999
19,36,876.625,976.3799999999999,56.13125000000001,16,0,867.25,897.25,886.0,856.0,951.3799999999999,1001.3799999999999
19,37,906.625,976.3799999999999,52.42868421052632,38,0,897.25,927.25,916.0,886.0,951.3799999999999,1001.3799999999999
19,38,936.625,976.3799999999999,57.53757575757576,33,0,927.25,957.25,946.0,916.0,951.3799999999999,1001.3799999999999
19,39,966.625,976.3799999999999,59.67450000000001,20,0,957.25,987.25,976.0,946.0,951.3799999999999,1001.3799999999999
19,40,996.625,976.3799999999999,66.00541666666668,24,0,987.25,1017.25,1006.0,976.0,951.3799999999999,1001.3799999999999
19,41,1026.625,976.3799999999999,64.28517241379309,29,0,1017.25,1047.25,1036.0,1006.0,951.3799999999999,1001.3799999999999
19,42,1056.625,976.3799999999999,58.12925925925927,27,0,1047.25,1077.25,1066.0,1036.0,951.3799999999999,1001.3799999999999
19,43,1086.625,976.3799999999999,61.539130434782614,23,0,1077.25,1107.25,1096.0,1066.0,951.3799999999999,1001.3799999999999
19,44,1116.625,976.3799999999999,67.40035714285713,28,0,1107.25,1137.25,1126.0,1096.0,951.3799999999999,1001.3799999999999
19,45,1146.625,976.3799999999999,64.26450000000001,20,0,1137.25,1167.25,1156.0,1126.0,951.3799999999999,1001.3799999999999
19,46,1176.625,976.3799999999999,62.47060606060608,33,0,1167.25,1197.25,1186.0,1156.0,951.3799999999999,1001.3799999999999
19,47,1206.625,976.3799999999999,64.29586206896552,29,0,1197.25,1227.25,1216.0,1186.0,951.3799999999999,1001.3799999999999
19,48,1236.625,976.3799999999999,67.459375,16,0,1227.25,1257.25,1246.0,1216.0,951.3799999999999,1001.3799999999999
19,49,1266.625,976.3799999999999,62.70440000000001,25,0,1257.25,1287.25,1276.0,1246.0,951.3799999999999,1001.3799999999999
19,50,1296.625,976.3799999999999,63.86,29,0,1287.25,1317.25,1306.0,1276.0,951.3799999999999,1001.3799999999999
19,51,1326.625,976.3799999999999,59.110666666666674,15,0,1317.25,1347.25,1336.0,1306.0,951.3799999999999,1001.3799999999999
19,52,1356.625,976.3799999999999,59.403999999999996,25,0,1347.25,1377.25,1366.0,1336.0,951.3799999999999,1001.3799999999999
19,53,1386.625,976.3799999999999,71.78733333333334,15,0,1377.25,1407.25,1396.0,1366.0,951.3799999999999,1001.3799999999999
19,54,1416.625,976.3799999999999,59.72692307692308,13,0,1407.25,1437.25,1426.0,1396.0,951.3799999999999,1001.3799999999999
19,55,1446.625,976.3799999999999,51.15886363636362,44,0,1437.25,1467.25,1456.0,1426.0,951.3799999999999,1001.3799999999999
19,56,1476.625,976.3799999999999,56.62333333333333,48,0,1467.25,1497.25,1486.0,1456.0,951.3799999999999,1001.3799999999999
19,57,1506.625,976.3799999999999,58.54789473684211,38,0,1497.25,1527.25,1516.0,1486.0,951.3799999999999,1001.3799999999999
19,58,1536.625,976.3799999999999,60.597878787878805,33,0,1527.25,1557.25,1546.0,1516.0,951.3799999999999,1001.3799999999999
19,59,1566.625,976.3799999999999,62.35689655172414,29,0,1557.25,1587.25,1576.0,1546.0,951.3799999999999,1001.3799999999999
19,60,1596.625,976.3799999999999,64.94642857142858,14,0,1587.25,1617.25,1606.0,1576.0,951.3799999999999,1001.3799999999999
19,61,1626.625,976.3799999999999,54.5374074074074,27,0,1617.25,1647.25,1636.0,1606.0,951.3799999999999,1001.3799999999999
19,62,1656.625,976.3799999999999,56.438333333333325,36,0,1647.25,1677.25,1666.0,1636.0,951.3799999999999,1001.3799999999999
19,63,1686.625,976.3799999999999,61.272857142857156,21,0,1677.25,1707.25,1696.0,1666.0,951.3799999999999,1001.3799999999999
19,64,1716.625,976.3799999999999,47.05346938775511,49,0,1707.25,1737.25,1726.0,1696.0,951.3799999999999,1001.3799999999999
19,65,1746.625,976.3799999999999,55.771071428571425,28,0,1737.25,1767.25,1756.0,1726.0,951.3799999999999,1001.3799999999999
19,66,1776.625,976.3799999999999,59.43342105263159,38,0,1767.25,1797.25,1786.0,1756.0,951.3799999999999,1001.3799999999999
19,67,1806.625,976.3799999999999,60.75333333333333,42,0,1797.25,1827.25,1816.0,1786.0,951.3799999999999,1001.3799999999999
19,68,1836.625,976.3799999999999,60.04826086956521,23,0,1827.25,1857.25,1846.0,1816.0,951.3799999999999,1001.3799999999999
19,69,1866.625,976.3799999999999,46.62710526315789,38,0,1857.25,1887.25,1876.0,1846.0,951.3799999999999,1001.3799999999999
19,70,1896.625,976.3799999999999,42.665000000000006,64,0,1887.25,1917.25,1906.0,1876.0,951.3799999999999,1001.3799999999999
19,71,1926.625,976.3799999999999,49.26044444444444,45,0,1917.25,1947.25,1936.0,1906.0,951.3799999999999,1001.3799999999999
19,72,1956.625,976.3799999999999,41.90563636363635,55,0,1947.25,1977.25,1966.0,1936.0,951.3799999999999,1001.3799999999999
19,73,1986.625,976.3799999999999,34.91654545454545,55,0,1977.25,2007.25,1996.0,1966.0,951.3799999999999,1001.3799999999999
19,74,2016.625,976.3799999999999,43.03290909090909,55,0,2007.25,2037.25,2026.0,1996.0,951.3799999999999,1001.3799999999999
19,75,2046.625,976.3799999999999,22.617792207792206,77,0,2037.25,2067.25,2056.0,2026.0,951.3799999999999,1001.3799999999999
19,76,2076.625,976.3799999999999,16.020291262135927,103,0,2067.25,2097.25,2086.0,2056.0,951.3799999999999,1001.3799999999999
19,77,2106.625,976.3799999999999,27.2551282051282,78,0,2097.25,2127.25,2116.0,2086.0,951.3799999999999,1001.3799999999999
19,78,2136.625,976.3799999999999,28.31947368421052,76,0,2127.25,2157.25,2146.0,2116.0,951.3799999999999,1001.3799999999999
19,79,2166.625,976.3799999999999,33.033492063492055,63,0,2157.25,2187.25,2176.0,2146.0,951.3799999999999,1001.3799999999999
19,80,2196.625,976.3799999999999,34.18287878787877,66,0,2187.25,2217.25,2206.0,2176.0,951.3799999999999,1001.3799999999999
19,81,2226.625,976.3799999999999,21.83337078651685,89,0,2217.25,2247.25,2236.0,2206.0,951.3799999999999,1001.3799999999999
19,82,2256.625,976.3799999999999,17.616785714285708,112,0,2247.25,2277.25,2266.0,2236.0,951.3799999999999,1001.3799999999999
19,83,2286.625,976.3799999999999,29.94946428571428,56,0,2277.25,2307.25,2296.0,2266.0,951.3799999999999,1001.3799999999999
19,84,2316.625,976.3799999999999,32.745483870967746,62,0,2307.25,2337.25,2326.0,2296.0,951.3799999999999,1001.3799999999999
19,85,2346.625,976.3799999999999,19.60578431372549,102,0,2337.25,2367.25,2356.0,2326.0,951.3799999999999,1001.3799999999999
19,86,2376.625,976.3799999999999,16.829393939393935,99,0,2367.25,2397.25,2386.0,2356.0,951.3799999999999,1001.3799999999999
19,87,2406.625,976.3799999999999,12.703225806451613,124,0,2397.25,2427.25,2416.0,2386.0,951.3799999999999,1001.3799999999999
19,88,2436.625,976.3799999999999,23.685909090909092,66,0,2427.25,2457.25,2446.0,2416.0,951.3799999999999,1001.3799999999999
19,89,2466.625,976.3799999999999,30.374347826086954,46,0,2457.25,2487.25,2476.0,2446.0,951.3799999999999,1001.3799999999999
19,90,2496.625,976.3799999999999,31.870289855072468,69,0,2487.25,2517.25,2506.0,2476.0,951.3799999999999,1001.3799999999999
19,91,2526.625,976.3799999999999,24.72053333333334,75,0,2517.25,2547.25,2536.0,2506.0,951.3799999999999,1001.3799999999999
19,92,2556.625,976.3799999999999,14.632254901960788,102,0,2547.25,2577.25,2566.0,2536.0,951.3799999999999,1001.3799999999999
19,93,2586.625,976.3799999999999,24.006470588235295,68,0,2577.25,2607.25,2596.0,2566.0,951.3799999999999,1001.3799999999999
19,94,2616.625,976.3799999999999,34.290638297872356,47,0,2607.25,2637.25,2626.0,2596.0,951.3799999999999,1001.3799999999999
19,95,2646.625,976.3799999999999,26.72873239436619,71,0,2637.25,2667.25,2656.0,2626.0,951.3799999999999,1001.3799999999999
19,96,2676.625,976.3799999999999,25.541343283582084,67,0,2667.25,2697.25,2686.0,2656.0,951.3799999999999,1001.3799999999999
19,97,2706.625,976.3799999999999,28.982769230769225,65,0,2697.25,2727.25,2716.0,2686.0,951.3799999999999,1001.3799999999999
19,98,2736.625,976.3799999999999,27.953625,80,0,2727.25,2757.25,2746.0,2716.0,951.3799999999999,1001.3799999999999
19,99,2766.625,976.3799999999999,28.5889010989011,91,0,2757.25,2787.25,2776.0,2746.0,951.3799999999999,1001.3799999999999
19,100,2796.625,976.3799999999999,11.092480620155031,129,0,2787.25,2817.25,2806.0,2776.0,951.3799999999999,1001.3799999999999
19,101,2826.625,976.3799999999999,12.601458333333339,96,0,2817.25,2847.25,2836.0,2806.0,951.3799999999999,1001.3799999999999
19,102,2856.625,976.3799999999999,26.51985294117647,68,0,2847.25,2877.25,2866.0,2836.0,951.3799999999999,1001.3799999999999
19,103,2886.625,976.3799999999999,29.817454545454556,55,0,2877.25,2907.25,2896.0,2866.0,951.3799999999999,1001.3799999999999
19,104,2916.625,976.3799999999999,23.064736842105255,95,0,2907.25,2937.25,2926.0,2896.0,951.3799999999999,1001.3799999999999
19,105,2946.625,976.3799999999999,16.64883495145632,103,0,2937.25,2967.25,2956.0,2926.0,951.3799999999999,1001.3799999999999
19,106,2976.625,976.3799999999999,15.406559139784948,93,0,2967.25,2997.25,2986.0,2956.0,951.3799999999999,1001.3799999999999
19,107,3006.625,976.3799999999999,26.189558823529406,68,0,2997.25,3027.25,3016.0,2986.0,951.3799999999999,1001.3799999999999
19,108,3036.625,976.3799999999999,31.148333333333326,66,0,3027.25,3057.25,3046.0,3016.0,951.3799999999999,1001.3799999999999
19,109,3066.625,976.3799999999999,38.661399999999986,50,0,3057.25,3087.25,3076.0,3046.0,951.3799999999999,1001.3799999999999
19,110,3096.625,976.3799999999999,39.18000000000001,39,0,3087.25,3117.25,3106.0,3076.0,951.3799999999999,1001.3799999999999
19,111,3126.625,976.3799999999999,34.94403846153846,52,0,3117.25,3147.25,3136.0,3106.0,951.3799999999999,1001.3799999999999
19,112,3156.625,976.3799999999999,33.848064516129035,62,0,3147.25,3177.25,3166.0,3136.0,951.3799999999999,1001.3799999999999
19,113,3186.625,976.3799999999999,38.21368421052631,38,0,3177.25,3207.25,3196.0,3166.0,951.3799999999999,1001.3799999999999
19,114,3216.625,976.3799999999999,31.5931746031746,63,0,3207.25,3237.25,3226.0,3196.0,951.3799999999999,1001.3799999999999
19,115,3246.625,976.3799999999999,34.84360655737704,61,0,3237.25,3267.25,3256.0,3226.0,951.3799999999999,1001.3799999999999
19,116,3276.625,976.3799999999999,33.16015624999999,64,0,3267.25,3297.25,3286.0,3256.0,951.3799999999999,1001.3799999999999
19,117,3306.625,976.3799999999999,27.447746478873228,71,0,3297.25,3327.25,3316.0,3286.0,951.3799999999999,1001.3799999999999
19,118,3336.625,976.3799999999999,13.98588235294118,85,0,3327.25,3357.25,3346.0,3316.0,951.3799999999999,1001.3799999999999
19,119,3366.625,976.3799999999999,16.628749999999993,88,0,3357.25,3387.25,3376.0,3346.0,951.3799999999999,1001.3799999999999
19,120,3396.625,976.3799999999999,13.931739130434782,115,0,3387.25,3417.25,3406.0,3376.0,951.3799999999999,1001.3799999999999
19,121,3426.625,976.3799999999999,28.6965671641791,67,0,3417.25,3447.25,3436.0,3406.0,951.3799999999999,1001.3799999999999
19,122,3456.625,976.3799999999999,26.40797297297297,74,0,3447.25,3477.25,3466.0,3436.0,951.3799999999999,1001.3799999999999
19,123,3486.625,976.3799999999999,16.500891089108922,101,0,3477.25,3507.25,3496.0,3466.0,951.3799999999999,1001.3799999999999
19,124,3516.625,976.3799999999999,18.463975903614465,83,0,3507.25,3537.25,3526.0,3496.0,951.3799999999999,1001.3799999999999
19,125,3546.625,976.3799999999999,19.115698924731177,93,0,3537.25,3567.25,3556.0,3526.0,951.3799999999999,1001.3799999999999
19,126,3576.625,976.3799999999999,17.076222222222217,90,0,3567.25,3597.25,3586.0,3556.0,951.3799999999999,1001.3799999999999
19,127,3606.625,976.3799999999999,19.068271604938264,81,0,3597.25,3627.25,3616.0,3586.0,951.3799999999999,1001.3799999999999
19,128,3636.625,976.3799999999999,18.998977272727274,88,0,3627.25,3657.25,3646.0,3616.0,951.3799999999999,1001.3799999999999
19,129,3666.625,976.3799999999999,17.099120879120882,91,0,3657.25,3687.25,3676.0,3646.0,951.3799999999999,1001.3799999999999
19,130,3696.625,976.3799999999999,25.129999999999995,69,0,3687.25,3717.25,3706.0,3676.0,951.3799999999999,1001.3799999999999
19,131,3726.625,976.3799999999999,29.487500000000004,16,0,3717.25,3747.25,3736.0,3706.0,951.3799999999999,1001.3799999999999
19,132,3756.625,976.3799999999999,,0,0,3747.25,3777.25,3766.0,3736.0,951.3799999999999,1001.3799999999999
19,133,3786.625,976.3799999999999,,0,0,3777.25,3807.25,3796.0,3766.0,951.3799999999999,1001.3799999999999
19,134,3816.625,976.3799999999999,,0,0,3807.25,3837.25,3826.0,3796.0,951.3799999999999,1001.3799999999999
20,7,-4.625,1026.3799999999999,66.42857142857142,7,0,-14.0,16.0,4.75,-25.25,1001.3799999999999,1051.3799999999999
20,8,25.375,1026.3799999999999,66.62222222222222,18,0,16.0,46.0,34.75,4.75,1001.3799999999999,1051.3799999999999
20,9,55.375,1026.3799999999999,60.540000000000006,17,0,46.0,76.0,64.75,34.75,1001.3799999999999,1051.3799999999999
20,10,85.375,1026.3799999999999,61.412068965517236,29,0,76.0,106.0,94.75,64.75,1001.3799999999999,1051.3799999999999
20,11,115.375,1026.3799999999999,59.43257142857143,35,0,106.0,136.0,124.75,94.75,1001.3799999999999,1051.3799999999999
20,12,145.375,1026.3799999999999,63.3172,25,0,136.0,166.0,154.75,124.75,1001.3799999999999,1051.3799999999999
20,13,175.375,1026.3799999999999,62.876842105263165,19,0,166.0,196.0,184.75,154.75,1001.3799999999999,1051.3799999999999
20,14,205.375,1026.3799999999999,60.07290322580646,31,0,196.0,226.0,214.75,184.75,1001.3799999999999,1051.3799999999999
20,15,235.375,1026.3799999999999,63.21343750000001,32,0,226.0,256.0,244.75,214.75,1001.3799999999999,1051.3799999999999
20,16,265.375,1026.3799999999999,65.22650000000002,20,0,256.0,286.0,274.75,244.75,1001.3799999999999,1051.3799999999999
20,17,295.375,1026.3799999999999,66.72263157894736,19,0,286.0,316.0,304.75,274.75,1001.3799999999999,1051.3799999999999
20,18,325.375,1026.3799999999999,64.79578947368422,19,0,316.0,346.0,334.75,304.75,1001.3799999999999,1051.3799999999999
20,19,355.375,1026.3799999999999,61.05136363636364,22,0,346.0,376.0,364.75,334.75,1001.3799999999999,1051.3799999999999
20,20,385.375,1026.3799999999999,62.19242424242424,33,0,376.0,406.0,394.75,364.75,1001.3799999999999,1051.3799999999999
20,21,415.375,1026.3799999999999,66.86869565217393,23,0,406.0,436.0,424.75,394.75,1001.3799999999999,1051.3799999999999
20,22,445.375,1026.3799999999999,64.31488095238095,28,0,436.0,466.0,454.75,424.75,1001.3799999999999,1051.3799999999999
20,23,475.375,1026.3799999999999,68.77400000000002,15,0,466.0,496.0,484.75,454.75,1001.3799999999999,1051.3799999999999
20,24,505.375,1026.3799999999999,60.02703703703705,27,0,496.0,526.0,514.75,484.75,1001.3799999999999,1051.3799999999999
20,25,535.375,1026.3799999999999,66.84380952380953,21,0,526.0,556.0,544.75,514.75,1001.3799999999999,1051.3799999999999
20,26,565.375,1026.3799999999999,65.39157894736843,19,0,556.0,586.0,574.75,544.75,1001.3799999999999,1051.3799999999999
20,27,595.375,1026.3799999999999,63.09066666666667,15,0,586.0,616.0,604.75,574.75,1001.3799999999999,1051.3799999999999
20,28,625.375,1026.3799999999999,62.36296296296296,27,0,616.0,646.0,634.75,604.75,1001.3799999999999,1051.3799999999999
20,29,655.375,1026.3799999999999,62.06608695652174,23,0,646.0,676.0,664.75,634.75,1001.3799999999999,1051.3799999999999
20,30,685.375,1026.3799999999999,62.91750000000002,32,0,676.0,706.0,694.75,664.75,1001.3799999999999,1051.3799999999999
20,31,715.375,1026.3799999999999,62.19444444444445,27,0,706.0,736.0,724.75,694.75,1001.3799999999999,1051.3799999999999
20,32,745.375,1026.3799999999999,62.76037037037036,27,0,736.0,766.0,754.75,724.75,1001.3799999999999,1051.3799999999999
20,33,775.375,1026.3799999999999,57.664666666666655,45,0,766.0,796.0,784.75,754.75,1001.3799999999999,1051.3799999999999
20,34,805.375,1026.3799999999999,59.23,21,0,796.0,826.0,814.75,784.75,1001.3799999999999,1051.3799999999999
20,35,835.375,1026.3799999999999,61.604285714285716,28,0,826.0,856.0,844.75,814.75,1001.3799999999999,1051.3799999999999
20,36,865.375,1026.3799999999999,60.41846153846154,13,0,856.0,886.0,874.75,844.75,1001.3799999999999,1051.3799999999999
20,37,895.375,1026.3799999999999,55.86076923076923,26,0,886.0,916.0,904.75,874.75,1001.3799999999999,1051.3799999999999
20,38,925.375,1026.3799999999999,54.657,40,0,916.0,946.0,934.75,904.75,1001.3799999999999,1051.3799999999999
20,39,955.375,1026.3799999999999,55.19333333333333,33,0,946.0,976.0,964.75,934.75,1001.3799999999999,1051.3799999999999
20,40,985.375,1026.3799999999999,64.64764705882352,17,0,976.0,1006.0,994.75,964.75,1001.3799999999999,1051.3799999999999
20,41,1015.375,1026.3799999999999,66.8475,24,0,1006.0,1036.0,1024.75,994.75,1001.3799999999999,1051.3799999999999
20,42,1045.375,1026.3799999999999,60.68607142857144,28,0,1036.0,1066.0,1054.75,1024.75,1001.3799999999999,1051.3799999999999
20,43,1075.375,1026.3799999999999,59.71652173913043,23,0,1066.0,1096.0,1084.75,1054.75,1001.3799999999999,1051.3799999999999
20,44,1105.375,1026.3799999999999,61.252727272727284,33,0,1096.0,1126.0,1114.75,1084.75,1001.3799999999999,1051.3799999999999
20,45,1135.375,1026.3799999999999,70.63749999999999,16,0,1126.0,1156.0,1144.75,1114.75,1001.3799999999999,1051.3799999999999
20,46,1165.375,1026.3799999999999,63.08208333333334,24,0,1156.0,1186.0,1174.75,1144.75,1001.3799999999999,1051.3799999999999
20,47,1195.375,1026.3799999999999,63.36620689655171,29,0,1186.0,1216.0,1204.75,1174.75,1001.3799999999999,1051.3799999999999
20,48,1225.375,1026.3799999999999,64.59407407407409,27,0,1216.0,1246.0,1234.75,1204.75,1001.3799999999999,1051.3799999999999
20,49,1255.375,1026.3799999999999,66.14888888888888,18,0,1246.0,1276.0,1264.75,1234.75,1001.3799999999999,1051.3799999999999
20,50,1285.375,1026.3799999999999,62.62029411764706,34,0,1276.0,1306.0,1294.75,1264.75,1001.3799999999999,1051.3799999999999
20,51,1315.375,1026.3799999999999,60.497894736842106,19,0,1306.0,1336.0,1324.75,1294.75,1001.3799999999999,1051.3799999999999
20,52,1345.375,1026.3799999999999,62.348124999999996,16,0,1336.0,1366.0,1354.75,1324.75,1001.3799999999999,1051.3799999999999
20,53,1375.375,1026.3799999999999,62.37454545454546,22,0,1366.0,1396.0,1384.75,1354.75,1001.3799999999999,1051.3799999999999
20,54,1405.375,1026.3799999999999,69.2,13,0,1396.0,1426.0,1414.75,1384.75,1001.3799999999999,1051.3799999999999
20,55,1435.375,1026.3799999999999,53.50814814814814,27,0,1426.0,1456.0,1444.75,1414.75,1001.3799999999999,1051.3799999999999
20,56,1465.375,1026.3799999999999,53.12981132075471,53,0,1456.0,1486.0,1474.75,1444.75,1001.3799999999999,1051.3799999999999
20,57,1495.375,1026.3799999999999,59.16249084249084,39,0,1486.0,1516.0,1504.75,1474.75,1001.3799999999999,1051.3799999999999
20,58,1525.375,1026.3799999999999,59.63499999999999,40,0,1516.0,1546.0,1534.75,1504.75,1001.3799999999999,1051.3799999999999
20,59,1555.375,1026.3799999999999,61.92645161290323,31,0,1546.0,1576.0,1564.75,1534.75,1001.3799999999999,1051.3799999999999
20,60,1585.375,1026.3799999999999,62.54318181818182,22,0,1576.0,1606.0,1594.75,1564.75,1001.3799999999999,1051.3799999999999
20,61,1615.375,1026.3799999999999,58.477647058823536,17,0,1606.0,1636.0,1624.75,1594.75,1001.3799999999999,1051.3799999999999
20,62,1645.375,1026.3799999999999,55.85846153846154,39,0,1636.0,1666.0,1654.75,1624.75,1001.3799999999999,1051.3799999999999
20,63,1675.375,1026.3799999999999,62.75304347826088,23,0,1666.0,1696.0,1684.75,1654.75,1001.3799999999999,1051.3799999999999
20,64,1705.375,1026.3799999999999,54.25135135135135,37,0,1696.0,1726.0,1714.75,1684.75,1001.3799999999999,1051.3799999999999
20,65,1735.375,1026.3799999999999,51.29055555555557,36,0,1726.0,1756.0,1744.75,1714.75,1001.3799999999999,1051.3799999999999
20,66,1765.375,1026.3799999999999,59.838857142857144,35,0,1756.0,1786.0,1774.75,1744.75,1001.3799999999999,1051.3799999999999
20,67,1795.375,1026.3799999999999,59.36358974358974,39,0,1786.0,1816.0,1804.75,1774.75,1001.3799999999999,1051.3799999999999
20,68,1825.375,1026.3799999999999,56.31457142857143,35,0,1816.0,1846.0,1834.75,1804.75,1001.3799999999999,1051.3799999999999
20,69,1855.375,1026.3799999999999,54.243703703703694,27,0,1846.0,1876.0,1864.75,1834.75,1001.3799999999999,1051.3799999999999
20,70,1885.375,1026.3799999999999,41.323404255319154,47,0,1876.0,1906.0,1894.75,1864.75,1001.3799999999999,1051.3799999999999
20,71,1915.375,1026.3799999999999,43.4355172413793,58,0,1906.0,1936.0,1924.75,1894.75,1001.3799999999999,1051.3799999999999
20,72,1945.375,1026.3799999999999,41.39150943396226,53,0,1936.0,1966.0,1954.75,1924.75,1001.3799999999999,1051.3799999999999
20,73,1975.375,1026.3799999999999,23.314673913043475,92,0,1966.0,1996.0,1984.75,1954.75,1001.3799999999999,1051.3799999999999
20,74,2005.375,1026.3799999999999,28.929599999999997,75,0,1996.0,2026.0,2014.75,1984.75,1001.3799999999999,1051.3799999999999
20,75,2035.375,1026.3799999999999,17.430194174757283,103,0,2026.0,2056.0,2044.75,2014.75,1001.3799999999999,1051.3799999999999
20,76,2065.375,1026.3799999999999,17.866091954022984,87,0,2056.0,2086.0,2074.75,2044.75,1001.3799999999999,1051.3799999999999
20,77,2095.375,1026.3799999999999,28.9072,75,0,2086.0,2116.0,2104.75,2074.75,1001.3799999999999,1051.3799999999999
20,78,2125.375,1026.3799999999999,27.26499999999999,86,0,2116.0,2146.0,2134.75,2104.75,1001.3799999999999,1051.3799999999999
20,79,2155.375,1026.3799999999999,29.99,78,0,2146.0,2176.0,2164.75,2134.75,1001.3799999999999,1051.3799999999999
20,80,2185.375,1026.3799999999999,27.8165,80,0,2176.0,2206.0,2194.75,2164.75,1001.3799999999999,1051.3799999999999
20,81,2215.375,1026.3799999999999,17.660360360360354,111,0,2206.0,2236.0,2224.75,2194.75,1001.3799999999999,1051.3799999999999
20,82,2245.375,1026.3799999999999,17.2309,100,0,2236.0,2266.0,2254.75,2224.75,1001.3799999999999,1051.3799999999999
20,83,2275.375,1026.3799999999999,26.62721518987342,79,0,2266.0,2296.0,2284.75,2254.75,1001.3799999999999,1051.3799999999999
20,84,2305.375,1026.3799999999999,28.151718750000008,64,0,2296.0,2326.0,2314.75,2284.75,1001.3799999999999,1051.3799999999999
20,85,2335.375,1026.3799999999999,17.3359405940594,101,0,2326.0,2356.0,2344.75,2314.75,1001.3799999999999,1051.3799999999999
20,86,2365.375,1026.3799999999999,15.454249999999996,120,0,2356.0,2386.0,2374.75,2344.75,1001.3799999999999,1051.3799999999999
20,87,2395.375,1026.3799999999999,15.134158415841584,101,0,2386.0,2416.0,2404.75,2374.75,1001.3799999999999,1051.3799999999999
20,88,2425.375,1026.3799999999999,26.29900000000001,70,0,2416.0,2446.0,2434.75,2404.75,1001.3799999999999,1051.3799999999999
20,89,2455.375,1026.3799999999999,30.02847457627118,59,0,2446.0,2476.0,2464.75,2434.75,1001.3799999999999,1051.3799999999999
20,90,2485.375,1026.3799999999999,27.38232142857143,56,0,2476.0,2506.0,2494.75,2464.75,1001.3799999999999,1051.3799999999999
20,91,2515.375,1026.3799999999999,22.872441860465113,86,0,2506.0,2536.0,2524.75,2494.75,1001.3799999999999,1051.3799999999999
20,92,2545.375,1026.3799999999999,15.086831683168318,101,0,2536.0,2566.0,2554.75,2524.75,1001.3799999999999,1051.3799999999999
20,93,2575.375,1026.3799999999999,20.1759493670886,79,0,2566.0,2596.0,2584.75,2554.75,1001.3799999999999,1051.3799999999999
20,94,2605.375,1026.3799999999999,32.78875000000001,56,0,2596.0,2626.0,2614.75,2584.75,1001.3799999999999,1051.3799999999999
20,95,2635.375,1026.3799999999999,29.764629629629624,54,0,2626.0,2656.0,2644.75,2614.75,1001.3799999999999,1051.3799999999999
20,96,2665.375,1026.3799999999999,28.824189189189187,74,0,2656.0,2686.0,2674.75,2644.75,1001.3799999999999,1051.3799999999999
20,97,2695.375,1026.3799999999999,33.89389830508474,59,0,2686.0,2716.0,2704.75,2674.75,1001.3799999999999,1051.3799999999999
20,98,2725.375,1026.3799999999999,30.742500000000003,60,0,2716.0,2746.0,2734.75,2704.75,1001.3799999999999,1051.3799999999999
20,99,2755.375,1026.3799999999999,24.463829787234033,94,0,2746.0,2776.0,2764.75,2734.75,1001.3799999999999,1051.3799999999999
20,100,2785.375,1026.3799999999999,11.57904,125,0,2776.0,2806.0,2794.75,2764.75,1001.3799999999999,1051.3799999999999
20,101,2815.375,1026.3799999999999,11.470183486238536,109,0,2806.0,2836.0,2824.75,2794.75,1001.3799999999999,1051.3799999999999
20,102,2845.375,1026.3799999999999,27.69308823529411,68,0,2836.0,2866.0,2854.75,2824.75,1001.3799999999999,1051.3799999999999
20,103,2875.375,1026.3799999999999,22.090124999999997,80,0,2866.0,2896.0,2884.75,2854.75,1001.3799999999999,1051.3799999999999
20,104,2905.375,1026.3799999999999,17.516421052631582,95,0,2896.0,2926.0,2914.75,2884.75,1001.3799999999999,1051.3799999999999
20,105,2935.375,1026.3799999999999,14.049098360655739,122,0,2926.0,2956.0,2944.75,2914.75,1001.3799999999999,1051.3799999999999
20,106,2965.375,1026.3799999999999,18.45482352941177,85,0,2956.0,2986.0,2974.75,2944.75,1001.3799999999999,1051.3799999999999
20,107,2995.375,1026.3799999999999,21.82481927710843,83,0,2986.0,3016.0,3004.75,2974.75,1001.3799999999999,1051.3799999999999
20,108,3025.375,1026.3799999999999,23.127674418604656,86,0,3016.0,3046.0,3034.75,3004.75,1001.3799999999999,1051.3799999999999
20,109,3055.375,1026.3799999999999,31.81014285714285,70,0,3046.0,3076.0,3064.75,3034.75,1001.3799999999999,1051.3799999999999
20,110,3085.375,1026.3799999999999,28.332608695652176,69,0,3076.0,3106.0,3094.75,3064.75,1001.3799999999999,1051.3799999999999
20,111,3115.375,1026.3799999999999,28.329166666666666,60,0,3106.0,3136.0,3124.75,3094.75,1001.3799999999999,1051.3799999999999
20,112,3145.375,1026.3799999999999,30.846461538461536,65,0,3136.0,3166.0,3154.75,3124.75,1001.3799999999999,1051.3799999999999
20,113,3175.375,1026.3799999999999,28.444871794871798,78,0,3166.0,3196.0,3184.75,3154.75,1001.3799999999999,1051.3799999999999
20,114,3205.375,1026.3799999999999,28.27170212765957,47,0,3196.0,3226.0,3214.75,3184.75,1001.3799999999999,1051.3799999999999
20,115,3235.375,1026.3799999999999,34.12651515151516,66,0,3226.0,3256.0,3244.75,3214.75,1001.3799999999999,1051.3799999999999
20,116,3265.375,1026.3799999999999,34.101000000000006,60,0,3256.0,3286.0,3274.75,3244.75,1001.3799999999999,1051.3799999999999
20,117,3295.375,1026.3799999999999,21.686400000000003,100,0,3286.0,3316.0,3304.75,3274.75,1001.3799999999999,1051.3799999999999
20,118,3325.375,1026.3799999999999,11.180689655172419,116,0,3316.0,3346.0,3334.75,3304.75,1001.3799999999999,1051.3799999999999
20,119,3355.375,1026.3799999999999,16.221046511627907,86,0,3346.0,3376.0,3364.75,3334.75,1001.3799999999999,1051.3799999999999
20,120,3385.375,1026.3799999999999,13.21617021276596,94,0,3376.0,3406.0,3394.75,3364.75,1001.3799999999999,1051.3799999999999
20,121,3415.375,1026.3799999999999,24.16255319148936,94,0,3406.0,3436.0,3424.75,3394.75,1001.3799999999999,1051.3799999999999
20,122,3445.375,1026.3799999999999,18.811666666666664,78,0,3436.0,3466.0,3454.75,3424.75,1001.3799999999999,1051.3799999999999
20,123,3475.375,1026.3799999999999,17.055495495495496,111,0,3466.0,3496.0,3484.75,3454.75,1001.3799999999999,1051.3799999999999
20,124,3505.375,1026.3799999999999,19.136750000000003,80,0,3496.0,3526.0,3514.75,3484.75,1001.3799999999999,1051.3799999999999
20,125,3535.375,1026.3799999999999,22.054999999999996,82,0,3526.0,3556.0,3544.75,3514.75,1001.3799999999999,1051.3799999999999
20,126,3565.375,1026.3799999999999,18.66843137254902,102,0,3556.0,3586.0,3574.75,3544.75,1001.3799999999999,1051.3799999999999
20,127,3595.375,1026.3799999999999,20.079382716049388,81,0,3586.0,3616.0,3604.75,3574.75,1001.3799999999999,1051.3799999999999
20,128,3625.375,1026.3799999999999,18.49906976744186,86,0,3616.0,3646.0,3634.75,3604.75,1001.3799999999999,1051.3799999999999
20,129,3655.375,1026.3799999999999,22.04397260273972,73,0,3646.0,3676.0,3664.75,3634.75,1001.3799999999999,1051.3799999999999
20,130,3685.375,1026.3799999999999,26.47042253521127,71,0,3676.0,3706.0,3694.75,3664.75,1001.3799999999999,1051.3799999999999
20,131,3715.375,1026.3799999999999,28.319814814814823,54,0,3706.0,3736.0,3724.75,3694.75,1001.3799999999999,1051.3799999999999
20,132,3745.375,1026.3799999999999,21.425,2,0,3736.0,3766.0,3754.75,3724.75,1001.3799999999999,1051.3799999999999
20,133,3775.375,1026.3799999999999,,0,0,3766.0,3796.0,3784.75,3754.75,1001.3799999999999,1051.3799999999999
20,134,3805.375,1026.3799999999999,,0,0,3796.0,3826.0,3814.75,3784.75,1001.3799999999999,1051.3799999999999
20,135,3835.375,1026.3799999999999,,0,0,3826.0,3856.0,3844.75,3814.75,1001.3799999999999,1051.3799999999999
21,7,-15.875,1076.3799999999999,,0,0,-25.25,4.75,-6.5,-36.5,1051.3799999999999,1101.3799999999999
21,8,14.125,1076.3799999999999,68.63700000000001,20,0,4.75,34.75,23.5,-6.5,1051.3799999999999,1101.3799999999999
21,9,44.125,1076.3799999999999,67.48299999999999,10,0,34.75,64.75,53.5,23.5,1051.3799999999999,1101.3799999999999
21,10,74.125,1076.3799999999999,61.6003448275862,29,0,64.75,94.75,83.5,53.5,1051.3799999999999,1101.3799999999999
21,11,104.125,1076.3799999999999,64.022,25,0,94.75,124.75,113.5,83.5,1051.3799999999999,1101.3799999999999
21,12,134.125,1076.3799999999999,62.33405405405406,37,0,124.75,154.75,143.5,113.5,1051.3799999999999,1101.3799999999999
21,13,164.125,1076.3799999999999,67.04166666666667,18,0,154.75,184.75,173.5,143.5,1051.3799999999999,1101.3799999999999
21,14,194.125,1076.3799999999999,62.94366666666667,30,0,184.75,214.75,203.5,173.5,1051.3799999999999,1101.3799999999999
21,15,224.125,1076.3799999999999,64.56555555555555,36,0,214.75,244.75,233.5,203.5,1051.3799999999999,1101.3799999999999
21,16,254.125,1076.3799999999999,65.22200000000001,20,0,244.75,274.75,263.5,233.5,1051.3799999999999,1101.3799999999999
21,17,284.125,1076.3799999999999,66.80388888888889,18,0,274.75,304.75,293.5,263.5,1051.3799999999999,1101.3799999999999
21,18,314.125,1076.3799999999999,66.69857142857143,21,0,304.75,334.75,323.5,293.5,1051.3799999999999,1101.3799999999999
21,19,344.125,1076.3799999999999,61.20260869565219,23,0,334.75,364.75,353.5,323.5,1051.3799999999999,1101.3799999999999
21,20,374.125,1076.3799999999999,63.83933333333334,30,0,364.75,394.75,383.5,353.5,1051.3799999999999,1101.3799999999999
21,21,404.125,1076.3799999999999,67.62625,24,0,394.75,424.75,413.5,383.5,1051.3799999999999,1101.3799999999999
21,22,434.125,1076.3799999999999,65.90285714285714,21,0,424.75,454.75,443.5,413.5,1051.3799999999999,1101.3799999999999
21,23,464.125,1076.3799999999999,68.67523809523811,21,0,454.75,484.75,473.5,443.5,1051.3799999999999,1101.3799999999999
21,24,494.125,1076.3799999999999,66.37000000000002,15,0,484.75,514.75,503.5,473.5,1051.3799999999999,1101.3799999999999
21,25,524.125,1076.3799999999999,61.72333333333334,27,0,514.75,544.75,533.5,503.5,1051.3799999999999,1101.3799999999999
21,26,554.125,1076.3799999999999,69.28333333333333,15,0,544.75,574.75,563.5,533.5,1051.3799999999999,1101.3799999999999
21,27,584.125,1076.3799999999999,66.09349999999999,20,0,574.75,604.75,593.5,563.5,1051.3799999999999,1101.3799999999999
21,28,614.125,1076.3799999999999,63.18280000000001,25,0,604.75,634.75,623.5,593.5,1051.3799999999999,1101.3799999999999
21,29,644.125,1076.3799999999999,63.76478260869566,23,0,634.75,664.75,653.5,623.5,1051.3799999999999,1101.3799999999999
21,30,674.125,1076.3799999999999,63.431599999999996,25,0,664.75,694.75,683.5,653.5,1051.3799999999999,1101.3799999999999
21,31,704.125,1076.3799999999999,64.20142857142856,28,0,694.75,724.75,713.5,683.5,1051.3799999999999,1101.3799999999999
21,32,734.125,1076.3799999999999,63.816,25,0,724.75,754.75,743.5,713.5,1051.3799999999999,1101.3799999999999
21,33,764.125,1076.3799999999999,58.22228571428572,35,0,754.75,784.75,773.5,743.5,1051.3799999999999,1101.3799999999999
21,34,794.125,1076.3799999999999,57.908055555555556,36,0,784.75,814.75,803.5,773.5,1051.3799999999999,1101.3799999999999
21,35,824.125,1076.3799999999999,60.633199999999995,25,0,814.75,844.75,833.5,803.5,1051.3799999999999,1101.3799999999999
21,36,854.125,1076.3799999999999,65.68428571428569,21,0,844.75,874.75,863.5,833.5,1051.3799999999999,1101.3799999999999
21,37,884.125,1076.3799999999999,59.29529411764706,17,0,874.75,904.75,893.5,863.5,1051.3799999999999,1101.3799999999999
21,38,914.125,1076.3799999999999,54.85105263157895,38,0,904.75,934.75,923.5,893.5,1051.3799999999999,1101.3799999999999
21,39,944.125,1076.3799999999999,59.7865625,32,0,934.75,964.75,953.5,923.5,1051.3799999999999,1101.3799999999999
21,40,974.125,1076.3799999999999,60.137826086956515,23,0,964.75,994.75,983.5,953.5,1051.3799999999999,1101.3799999999999
21,41,1004.125,1076.3799999999999,67.98,28,0,994.75,1024.75,1013.5,983.5,1051.3799999999999,1101.3799999999999
21,42,1034.125,1076.3799999999999,64.88222222222221,27,0,1024.75,1054.75,1043.5,1013.5,1051.3799999999999,1101.3799999999999
21,43,1064.125,1076.3799999999999,60.09615384615384,26,0,1054.75,1084.75,1073.5,1043.5,1051.3799999999999,1101.3799999999999
21,44,1094.125,1076.3799999999999,61.0995652173913,23,0,1084.75,1114.75,1103.5,1073.5,1051.3799999999999,1101.3799999999999
21,45,1124.125,1076.3799999999999,67.33566666666665,30,0,1114.75,1144.75,1133.5,1103.5,1051.3799999999999,1101.3799999999999
21,46,1154.125,1076.3799999999999,65.15857142857142,21,0,1144.75,1174.75,1163.5,1133.5,1051.3799999999999,1101.3799999999999
21,47,1184.125,1076.3799999999999,64.79903225806451,31,0,1174.75,1204.75,1193.5,1163.5,1051.3799999999999,1101.3799999999999
21,48,1214.125,1076.3799999999999,65.2651724137931,29,0,1204.75,1234.75,1223.5,1193.5,1051.3799999999999,1101.3799999999999
21,49,1244.125,1076.3799999999999,69.275625,16,0,1234.75,1264.75,1253.5,1223.5,1051.3799999999999,1101.3799999999999
21,50,1274.125,1076.3799999999999,63.32037037037036,27,0,1264.75,1294.75,1283.5,1253.5,1051.3799999999999,1101.3799999999999
21,51,1304.125,1076.3799999999999,65.38653846153846,26,0,1294.75,1324.75,1313.5,1283.5,1051.3799999999999,1101.3799999999999
21,52,1334.125,1076.3799999999999,60.90375,16,0,1324.75,1354.75,1343.5,1313.5,1051.3799999999999,1101.3799999999999
21,53,1364.125,1076.3799999999999,60.32,26,0,1354.75,1384.75,1373.5,1343.5,1051.3799999999999,1101.3799999999999
21,54,1394.125,1076.3799999999999,72.89,14,0,1384.75,1414.75,1403.5,1373.5,1051.3799999999999,1101.3799999999999
21,55,1424.125,1076.3799999999999,63.05363636363636,11,0,1414.75,1444.75,1433.5,1403.5,1051.3799999999999,1101.3799999999999
21,56,1454.125,1076.3799999999999,53.533255813953495,43,0,1444.75,1474.75,1463.5,1433.5,1051.3799999999999,1101.3799999999999
21,57,1484.125,1076.3799999999999,55.63723404255319,47,0,1474.75,1504.75,1493.5,1463.5,1051.3799999999999,1101.3799999999999
21,58,1514.125,1076.3799999999999,59.74285714285714,42,0,1504.75,1534.75,1523.5,1493.5,1051.3799999999999,1101.3799999999999
21,59,1544.125,1076.3799999999999,62.92909090909092,33,0,1534.75,1564.75,1553.5,1523.5,1051.3799999999999,1101.3799999999999
21,60,1574.125,1076.3799999999999,59.9983870967742,31,0,1564.75,1594.75,1583.5,1553.5,1051.3799999999999,1101.3799999999999
21,61,1604.125,1076.3799999999999,62.75333333333334,12,0,1594.75,1624.75,1613.5,1583.5,1051.3799999999999,1101.3799999999999
21,62,1634.125,1076.3799999999999,57.706206896551734,29,0,1624.75,1654.75,1643.5,1613.5,1051.3799999999999,1101.3799999999999
21,63,1664.125,1076.3799999999999,58.59631578947367,38,0,1654.75,1684.75,1673.5,1643.5,1051.3799999999999,1101.3799999999999
21,64,1694.125,1076.3799999999999,63.77049999999999,20,0,1684.75,1714.75,1703.5,1673.5,1051.3799999999999,1101.3799999999999
21,65,1724.125,1076.3799999999999,54.09444444444444,45,0,1714.75,1744.75,1733.5,1703.5,1051.3799999999999,1101.3799999999999
21,66,1754.125,1076.3799999999999,58.851851851851855,27,0,1744.75,1774.75,1763.5,1733.5,1051.3799999999999,1101.3799999999999
21,67,1784.125,1076.3799999999999,59.13073170731709,41,0,1774.75,1804.75,1793.5,1763.5,1051.3799999999999,1101.3799999999999
21,68,1814.125,1076.3799999999999,48.8175,56,0,1804.75,1834.75,1823.5,1793.5,1051.3799999999999,1101.3799999999999
21,69,1844.125,1076.3799999999999,37.727999999999994,40,0,1834.75,1864.75,1853.5,1823.5,1051.3799999999999,1101.3799999999999
21,70,1874.125,1076.3799999999999,39.78888888888888,45,0,1864.75,1894.75,1883.5,1853.5,1051.3799999999999,1101.3799999999999
21,71,1904.125,1076.3799999999999,38.649857142857144,70,0,1894.75,1924.75,1913.5,1883.5,1051.3799999999999,1101.3799999999999
21,72,1934.125,1076.3799999999999,36.52539682539683,63,0,1924.75,1954.75,1943.5,1913.5,1051.3799999999999,1101.3799999999999
21,73,1964.125,1076.3799999999999,25.474999999999994,76,0,1954.75,1984.75,1973.5,1943.5,1051.3799999999999,1101.3799999999999
21,74,1994.125,1076.3799999999999,25.524102564102567,78,0,1984.75,2014.75,2003.5,1973.5,1051.3799999999999,1101.3799999999999
21,75,2024.125,1076.3799999999999,15.02422764227643,123,0,2014.75,2044.75,2033.5,2003.5,1051.3799999999999,1101.3799999999999
21,76,2054.125,1076.3799999999999,21.910138888888888,72,0,2044.75,2074.75,2063.5,2033.5,1051.3799999999999,1101.3799999999999
21,77,2084.125,1076.3799999999999,31.81411764705882,68,0,2074.75,2104.75,2093.5,2063.5,1051.3799999999999,1101.3799999999999
21,78,2114.125,1076.3799999999999,25.79358974358974,78,0,2104.75,2134.75,2123.5,2093.5,1051.3799999999999,1101.3799999999999
21,79,2144.125,1076.3799999999999,25.509239130434786,92,0,2134.75,2164.75,2153.5,2123.5,1051.3799999999999,1101.3799999999999
21,80,2174.125,1076.3799999999999,22.435531914893613,94,0,2164.75,2194.75,2183.5,2153.5,1051.3799999999999,1101.3799999999999
21,81,2204.125,1076.3799999999999,20.143033707865175,89,0,2194.75,2224.75,2213.5,2183.5,1051.3799999999999,1101.3799999999999
21,82,2234.125,1076.3799999999999,20.713033707865165,89,0,2224.75,2254.75,2243.5,2213.5,1051.3799999999999,1101.3799999999999
21,83,2264.125,1076.3799999999999,28.852816901408453,71,0,2254.75,2284.75,2273.5,2243.5,1051.3799999999999,1101.3799999999999
21,84,2294.125,1076.3799999999999,24.78184210526316,76,0,2284.75,2314.75,2303.5,2273.5,1051.3799999999999,1101.3799999999999
21,85,2324.125,1076.3799999999999,17.428068181818176,88,0,2314.75,2344.75,2333.5,2303.5,1051.3799999999999,1101.3799999999999
21,86,2354.125,1076.3799999999999,17.575858585858594,99,0,2344.75,2374.75,2363.5,2333.5,1051.3799999999999,1101.3799999999999
21,87,2384.125,1076.3799999999999,19.48438202247191,89,0,2374.75,2404.75,2393.5,2363.5,1051.3799999999999,1101.3799999999999
21,88,2414.125,1076.3799999999999,24.179876543209872,81,0,2404.75,2434.75,2423.5,2393.5,1051.3799999999999,1101.3799999999999
21,89,2444.125,1076.3799999999999,25.65561643835616,73,0,2434.75,2464.75,2453.5,2423.5,1051.3799999999999,1101.3799999999999
21,90,2474.125,1076.3799999999999,21.912205882352946,68,0,2464.75,2494.75,2483.5,2453.5,1051.3799999999999,1101.3799999999999
21,91,2504.125,1076.3799999999999,23.130843373493985,83,0,2494.75,2524.75,2513.5,2483.5,1051.3799999999999,1101.3799999999999
21,92,2534.125,1076.3799999999999,21.65970149253731,67,0,2524.75,2554.75,2543.5,2513.5,1051.3799999999999,1101.3799999999999
21,93,2564.125,1076.3799999999999,23.13704225352112,71,0,2554.75,2584.75,2573.5,2543.5,1051.3799999999999,1101.3799999999999
21,94,2594.125,1076.3799999999999,28.933466666666664,75,0,2584.75,2614.75,2603.5,2573.5,1051.3799999999999,1101.3799999999999
21,95,2624.125,1076.3799999999999,30.279215686274497,51,0,2614.75,2644.75,2633.5,2603.5,1051.3799999999999,1101.3799999999999
21,96,2654.125,1076.3799999999999,27.608428571428576,70,0,2644.75,2674.75,2663.5,2633.5,1051.3799999999999,1101.3799999999999
21,97,2684.125,1076.3799999999999,31.364769230769234,65,0,2674.75,2704.75,2693.5,2663.5,1051.3799999999999,1101.3799999999999
21,98,2714.125,1076.3799999999999,32.89515625000001,64,0,2704.75,2734.75,2723.5,2693.5,1051.3799999999999,1101.3799999999999
21,99,2744.125,1076.3799999999999,27.659999999999993,69,0,2734.75,2764.75,2753.5,2723.5,1051.3799999999999,1101.3799999999999
21,100,2774.125,1076.3799999999999,16.346052631578942,114,0,2764.75,2794.75,2783.5,2753.5,1051.3799999999999,1101.3799999999999
21,101,2804.125,1076.3799999999999,15.593086419753085,81,0,2794.75,2824.75,2813.5,2783.5,1051.3799999999999,1101.3799999999999
21,102,2834.125,1076.3799999999999,24.255714285714287,77,0,2824.75,2854.75,2843.5,2813.5,1051.3799999999999,1101.3799999999999
21,103,2864.125,1076.3799999999999,20.512173913043476,92,0,2854.75,2884.75,2873.5,2843.5,1051.3799999999999,1101.3799999999999
21,104,2894.125,1076.3799999999999,19.657972972972967,74,0,2884.75,2914.75,2903.5,2873.5,1051.3799999999999,1101.3799999999999
21,105,2924.125,1076.3799999999999,24.071250000000003,72,0,2914.75,2944.75,2933.5,2903.5,1051.3799999999999,1101.3799999999999
21,106,2954.125,1076.3799999999999,24.929999999999996,71,0,2944.75,2974.75,2963.5,2933.5,1051.3799999999999,1101.3799999999999
21,107,2984.125,1076.3799999999999,21.851625,80,0,2974.75,3004.75,2993.5,2963.5,1051.3799999999999,1101.3799999999999
21,108,3014.125,1076.3799999999999,20.562441860465114,86,0,3004.75,3034.75,3023.5,2993.5,1051.3799999999999,1101.3799999999999
21,109,3044.125,1076.3799999999999,22.694374999999997,96,0,3034.75,3064.75,3053.5,3023.5,1051.3799999999999,1101.3799999999999
21,110,3074.125,1076.3799999999999,22.5139534883721,86,0,3064.75,3094.75,3083.5,3053.5,1051.3799999999999,1101.3799999999999
21,111,3104.125,1076.3799999999999,23.160735294117643,68,0,3094.75,3124.75,3113.5,3083.5,1051.3799999999999,1101.3799999999999
21,112,3134.125,1076.3799999999999,26.18271428571429,70,0,3124.75,3154.75,3143.5,3113.5,1051.3799999999999,1101.3799999999999
21,113,3164.125,1076.3799999999999,26.92626666666667,75,0,3154.75,3184.75,3173.5,3143.5,1051.3799999999999,1101.3799999999999
21,114,3194.125,1076.3799999999999,20.54000000000001,74,0,3184.75,3214.75,3203.5,3173.5,1051.3799999999999,1101.3799999999999
21,115,3224.125,1076.3799999999999,31.516229508196705,61,0,3214.75,3244.75,3233.5,3203.5,1051.3799999999999,1101.3799999999999
21,116,3254.125,1076.3799999999999,32.92132352941177,68,0,3244.75,3274.75,3263.5,3233.5,1051.3799999999999,1101.3799999999999
21,117,3284.125,1076.3799999999999,22.656375000000008,80,0,3274.75,3304.75,3293.5,3263.5,1051.3799999999999,1101.3799999999999
21,118,3314.125,1076.3799999999999,16.497222222222224,90,0,3304.75,3334.75,3323.5,3293.5,1051.3799999999999,1101.3799999999999
21,119,3344.125,1076.3799999999999,18.97884615384616,78,0,3334.75,3364.75,3353.5,3323.5,1051.3799999999999,1101.3799999999999
21,120,3374.125,1076.3799999999999,13.803010752688174,93,0,3364.75,3394.75,3383.5,3353.5,1051.3799999999999,1101.3799999999999
21,121,3404.125,1076.3799999999999,27.95885714285714,70,0,3394.75,3424.75,3413.5,3383.5,1051.3799999999999,1101.3799999999999
21,122,3434.125,1076.3799999999999,21.870121951219517,82,0,3424.75,3454.75,3443.5,3413.5,1051.3799999999999,1101.3799999999999
21,123,3464.125,1076.3799999999999,19.819324324324324,74,0,3454.75,3484.75,3473.5,3443.5,1051.3799999999999,1101.3799999999999
21,124,3494.125,1076.3799999999999,19.16472527472528,91,0,3484.75,3514.75,3503.5,3473.5,1051.3799999999999,1101.3799999999999
21,125,3524.125,1076.3799999999999,22.06915492957746,71,0,3514.75,3544.75,3533.5,3503.5,1051.3799999999999,1101.3799999999999
21,126,3554.125,1076.3799999999999,19.46318181818181,88,0,3544.75,3574.75,3563.5,3533.5,1051.3799999999999,1101.3799999999999
21,127,3584.125,1076.3799999999999,21.311046511627904,86,0,3574.75,3604.75,3593.5,3563.5,1051.3799999999999,1101.3799999999999
21,128,3614.125,1076.3799999999999,20.538800000000002,75,0,3604.75,3634.75,3623.5,3593.5,1051.3799999999999,1101.3799999999999
21,129,3644.125,1076.3799999999999,21.87260273972603,73,0,3634.75,3664.75,3653.5,3623.5,1051.3799999999999,1101.3799999999999
21,130,3674.125,1076.3799999999999,25.643611111111117,72,0,3664.75,3694.75,3683.5,3653.5,1051.3799999999999,1101.3799999999999
21,131,3704.125,1076.3799999999999,29.617910447761194,67,0,3694.75,3724.75,3713.5,3683.5,1051.3799999999999,1101.3799999999999
21,132,3734.125,1076.3799999999999,27.15103448275862,29,0,3724.75,3754.75,3743.5,3713.5,1051.3799999999999,1101.3799999999999
21,133,3764.125,1076.3799999999999,,0,0,3754.75,3784.75,3773.5,3743.5,1051.3799999999999,1101.3799999999999
21,134,3794.125,1076.3799999999999,,0,0,3784.75,3814.75,3803.5,3773.5,1051.3799999999999,1101.3799999999999
21,135,3824.125,1076.3799999999999,,0,0,3814.75,3844.75,3833.5,3803.5,1051.3799999999999,1101.3799999999999
22,8,2.875,1126.3799999999999,68.24076923076922,13,0,-6.5,23.5,12.25,-17.75,1101.3799999999999,1151.3799999999999
22,9,32.875,1126.3799999999999,67.22928571428572,14,0,23.5,53.5,42.25,12.25,1101.3799999999999,1151.3799999999999
22,10,62.875,1126.3799999999999,61.07800000000001,20,0,53.5,83.5,72.25,42.25,1101.3799999999999,1151.3799999999999
22,11,92.875,1126.3799999999999,62.794642857142854,28,0,83.5,113.5,102.25,72.25,1101.3799999999999,1151.3799999999999
22,12,122.875,1126.3799999999999,61.466562499999974,32,0,113.5,143.5,132.25,102.25,1101.3799999999999,1151.3799999999999
22,13,152.875,1126.3799999999999,65.77730769230769,26,0,143.5,173.5,162.25,132.25,1101.3799999999999,1151.3799999999999
22,14,182.875,1126.3799999999999,64.49950000000001,20,0,173.5,203.5,192.25,162.25,1101.3799999999999,1151.3799999999999
22,15,212.875,1126.3799999999999,62.680322580645175,31,0,203.5,233.5,222.25,192.25,1101.3799999999999,1151.3799999999999
22,16,242.875,1126.3799999999999,64.17172413793104,29,0,233.5,263.5,252.25,222.25,1101.3799999999999,1151.3799999999999
22,17,272.875,1126.3799999999999,67.39277777777778,18,0,263.5,293.5,282.25,252.25,1101.3799999999999,1151.3799999999999
22,18,302.875,1126.3799999999999,67.56000000000002,19,0,293.5,323.5,312.25,282.25,1101.3799999999999,1151.3799999999999
22,19,332.875,1126.3799999999999,62.90526315789474,19,0,323.5,353.5,342.25,312.25,1101.3799999999999,1151.3799999999999
22,20,362.875,1126.3799999999999,59.1367857142857,28,0,353.5,383.5,372.25,342.25,1101.3799999999999,1151.3799999999999
22,21,392.875,1126.3799999999999,64.6484375,32,0,383.5,413.5,402.25,372.25,1101.3799999999999,1151.3799999999999
22,22,422.875,1126.3799999999999,67.9140909090909,22,0,413.5,443.5,432.25,402.25,1101.3799999999999,1151.3799999999999
22,23,452.875,1126.3799999999999,65.51916666666669,24,0,443.5,473.5,462.25,432.25,1101.3799999999999,1151.3799999999999
22,24,482.875,1126.3799999999999,71.59937500000001,16,0,473.5,503.5,492.25,462.25,1101.3799999999999,1151.3799999999999
22,25,512.875,1126.3799999999999,59.05931034482759,29,0,503.5,533.5,522.25,492.25,1101.3799999999999,1151.3799999999999
22,26,542.875,1126.3799999999999,67.04950000000001,20,0,533.5,563.5,552.25,522.25,1101.3799999999999,1151.3799999999999
22,27,572.875,1126.3799999999999,66.99449999999999,20,0,563.5,593.5,582.25,552.25,1101.3799999999999,1151.3799999999999
22,28,602.875,1126.3799999999999,64.13550000000001,20,0,593.5,623.5,612.25,582.25,1101.3799999999999,1151.3799999999999
22,29,632.875,1126.3799999999999,62.88925925925927,27,0,623.5,653.5,642.25,612.25,1101.3799999999999,1151.3799999999999
22,30,662.875,1126.3799999999999,63.38333333333332,21,0,653.5,683.5,672.25,642.25,1101.3799999999999,1151.3799999999999
22,31,692.875,1126.3799999999999,63.577272727272735,33,0,683.5,713.5,702.25,672.25,1101.3799999999999,1151.3799999999999
22,32,722.875,1126.3799999999999,62.68461538461539,26,0,713.5,743.5,732.25,702.25,1101.3799999999999,1151.3799999999999
22,33,752.875,1126.3799999999999,61.41480000000001,25,0,743.5,773.5,762.25,732.25,1101.3799999999999,1151.3799999999999
22,34,782.875,1126.3799999999999,55.0454347826087,46,0,773.5,803.5,792.25,762.25,1101.3799999999999,1151.3799999999999
22,35,812.875,1126.3799999999999,55.4459090909091,22,0,803.5,833.5,822.25,792.25,1101.3799999999999,1151.3799999999999
22,36,842.875,1126.3799999999999,61.31103448275861,29,0,833.5,863.5,852.25,822.25,1101.3799999999999,1151.3799999999999
22,37,872.875,1126.3799999999999,62.84571428571428,14,0,863.5,893.5,882.25,852.25,1101.3799999999999,1151.3799999999999
22,38,902.875,1126.3799999999999,58.69461538461538,26,0,893.5,923.5,912.25,882.25,1101.3799999999999,1151.3799999999999
22,39,932.875,1126.3799999999999,55.49487179487179,39,0,923.5,953.5,942.25,912.25,1101.3799999999999,1151.3799999999999
22,40,962.875,1126.3799999999999,60.56999999999999,29,0,953.5,983.5,972.25,942.25,1101.3799999999999,1151.3799999999999
22,41,992.875,1126.3799999999999,67.76647058823531,17,0,983.5,1013.5,1002.25,972.25,1101.3799999999999,1151.3799999999999
22,42,1022.875,1126.3799999999999,66.2717857142857,28,0,1013.5,1043.5,1032.25,1002.25,1101.3799999999999,1151.3799999999999
22,43,1052.875,1126.3799999999999,60.199259259259264,27,0,1043.5,1073.5,1062.25,1032.25,1101.3799999999999,1151.3799999999999
22,44,1082.875,1126.3799999999999,59.36041666666667,24,0,1073.5,1103.5,1092.25,1062.25,1101.3799999999999,1151.3799999999999
22,45,1112.875,1126.3799999999999,60.97529411764705,34,0,1103.5,1133.5,1122.25,1092.25,1101.3799999999999,1151.3799999999999
22,46,1142.875,1126.3799999999999,67.48937500000001,16,0,1133.5,1163.5,1152.25,1122.25,1101.3799999999999,1151.3799999999999
22,47,1172.875,1126.3799999999999,63.828461538461525,26,0,1163.5,1193.5,1182.25,1152.25,1101.3799999999999,1151.3799999999999
22,48,1202.875,1126.3799999999999,63.19870967741935,31,0,1193.5,1223.5,1212.25,1182.25,1101.3799999999999,1151.3799999999999
22,49,1232.875,1126.3799999999999,65.75461538461538,26,0,1223.5,1253.5,1242.25,1212.25,1101.3799999999999,1151.3799999999999
22,50,1262.875,1126.3799999999999,65.7870588235294,17,0,1253.5,1283.5,1272.25,1242.25,1101.3799999999999,1151.3799999999999
22,51,1292.875,1126.3799999999999,62.504166666666656,36,0,1283.5,1313.5,1302.25,1272.25,1101.3799999999999,1151.3799999999999
22,52,1322.875,1126.3799999999999,62.837499999999984,16,0,1313.5,1343.5,1332.25,1302.25,1101.3799999999999,1151.3799999999999
22,53,1352.875,1126.3799999999999,60.218333333333334,18,0,1343.5,1373.5,1362.25,1332.25,1101.3799999999999,1151.3799999999999
22,54,1382.875,1126.3799999999999,65.86347826086956,23,0,1373.5,1403.5,1392.25,1362.25,1101.3799999999999,1151.3799999999999
22,55,1412.875,1126.3799999999999,69.10538461538461,13,0,1403.5,1433.5,1422.25,1392.25,1101.3799999999999,1151.3799999999999
22,56,1442.875,1126.3799999999999,55.01041666666666,24,0,1433.5,1463.5,1452.25,1422.25,1101.3799999999999,1151.3799999999999
22,57,1472.875,1126.3799999999999,53.91326086956522,46,0,1463.5,1493.5,1482.25,1452.25,1101.3799999999999,1151.3799999999999
22,58,1502.875,1126.3799999999999,56.535,38,0,1493.5,1523.5,1512.25,1482.25,1101.3799999999999,1151.3799999999999
22,59,1532.875,1126.3799999999999,60.51583333333334,36,0,1523.5,1553.5,1542.25,1512.25,1101.3799999999999,1151.3799999999999
22,60,1562.875,1126.3799999999999,60.90093750000001,32,0,1553.5,1583.5,1572.25,1542.25,1101.3799999999999,1151.3799999999999
22,61,1592.875,1126.3799999999999,56.912608695652175,23,0,1583.5,1613.5,1602.25,1572.25,1101.3799999999999,1151.3799999999999
22,62,1622.875,1126.3799999999999,59.614285714285714,14,0,1613.5,1643.5,1632.25,1602.25,1101.3799999999999,1151.3799999999999
22,63,1652.875,1126.3799999999999,56.74525,40,0,1643.5,1673.5,1662.25,1632.25,1101.3799999999999,1151.3799999999999
22,64,1682.875,1126.3799999999999,62.35761904761906,21,0,1673.5,1703.5,1692.25,1662.25,1101.3799999999999,1151.3799999999999
22,65,1712.875,1126.3799999999999,57.356060606060595,33,0,1703.5,1733.5,1722.25,1692.25,1101.3799999999999,1151.3799999999999
22,66,1742.875,1126.3799999999999,54.041351351351366,37,0,1733.5,1763.5,1752.25,1722.25,1101.3799999999999,1151.3799999999999
22,67,1772.875,1126.3799999999999,58.47805555555554,36,0,1763.5,1793.5,1782.25,1752.25,1101.3799999999999,1151.3799999999999
22,68,1802.875,1126.3799999999999,47.012916666666655,48,0,1793.5,1823.5,1812.25,1782.25,1101.3799999999999,1151.3799999999999
22,69,1832.875,1126.3799999999999,29.83600000000001,60,0,1823.5,1853.5,1842.25,1812.25,1101.3799999999999,1151.3799999999999
22,70,1862.875,1126.3799999999999,29.763137254901963,51,0,1853.5,1883.5,1872.25,1842.25,1101.3799999999999,1151.3799999999999
22,71,1892.875,1126.3799999999999,39.3033163265306,49,0,1883.5,1913.5,1902.25,1872.25,1101.3799999999999,1151.3799999999999
22,72,1922.875,1126.3799999999999,37.964745762711864,59,0,1913.5,1943.5,1932.25,1902.25,1101.3799999999999,1151.3799999999999
22,73,1952.875,1126.3799999999999,32.1374074074074,54,0,1943.5,1973.5,1962.25,1932.25,1101.3799999999999,1151.3799999999999
22,74,1982.875,1126.3799999999999,29.11630769230769,65,0,1973.5,2003.5,1992.25,1962.25,1101.3799999999999,1151.3799999999999
22,75,2012.875,1126.3799999999999,24.995909090909095,66,0,2003.5,2033.5,2022.25,1992.25,1101.3799999999999,1151.3799999999999
22,76,2042.875,1126.3799999999999,25.001230769230773,65,0,2033.5,2063.5,2052.25,2022.25,1101.3799999999999,1151.3799999999999
22,77,2072.875,1126.3799999999999,31.39779661016949,59,0,2063.5,2093.5,2082.25,2052.25,1101.3799999999999,1151.3799999999999
22,78,2102.875,1126.3799999999999,29.79703124999999,64,0,2093.5,2123.5,2112.25,2082.25,1101.3799999999999,1151.3799999999999
22,79,2132.875,1126.3799999999999,28.55894736842106,76,0,2123.5,2153.5,2142.25,2112.25,1101.3799999999999,1151.3799999999999
22,80,2162.875,1126.3799999999999,23.652558139534882,86,0,2153.5,2183.5,2172.25,2142.25,1101.3799999999999,1151.3799999999999
22,81,2192.875,1126.3799999999999,22.64367088607596,79,0,2183.5,2213.5,2202.25,2172.25,1101.3799999999999,1151.3799999999999
22,82,2222.875,1126.3799999999999,29.01344262295081,61,0,2213.5,2243.5,2232.25,2202.25,1101.3799999999999,1151.3799999999999
22,83,2252.875,1126.3799999999999,31.083134328358206,67,0,2243.5,2273.5,2262.25,2232.25,1101.3799999999999,1151.3799999999999
22,84,2282.875,1126.3799999999999,30.924393939393944,66,0,2273.5,2303.5,2292.25,2262.25,1101.3799999999999,1151.3799999999999
22,85,2312.875,1126.3799999999999,23.121166666666664,60,0,2303.5,2333.5,2322.25,2292.25,1101.3799999999999,1151.3799999999999
22,86,2342.875,1126.3799999999999,22.766615384615392,65,0,2333.5,2363.5,2352.25,2322.25,1101.3799999999999,1151.3799999999999
22,87,2372.875,1126.3799999999999,22.873690476190472,84,0,2363.5,2393.5,2382.25,2352.25,1101.3799999999999,1151.3799999999999
22,88,2402.875,1126.3799999999999,26.925000000000008,66,0,2393.5,2423.5,2412.25,2382.25,1101.3799999999999,1151.3799999999999
22,89,2432.875,1126.3799999999999,27.568428571428566,70,0,2423.5,2453.5,2442.25,2412.25,1101.3799999999999,1151.3799999999999
22,90,2462.875,1126.3799999999999,21.779295774647892,71,0,2453.5,2483.5,2472.25,2442.25,1101.3799999999999,1151.3799999999999
22,91,2492.875,1126.3799999999999,24.038928571428567,56,0,2483.5,2513.5,2502.25,2472.25,1101.3799999999999,1151.3799999999999
22,92,2522.875,1126.3799999999999,26.984722222222217,72,0,2513.5,2543.5,2532.25,2502.25,1101.3799999999999,1151.3799999999999
22,93,2552.875,1126.3799999999999,24.187580645161294,62,0,2543.5,2573.5,2562.25,2532.25,1101.3799999999999,1151.3799999999999
22,94,2582.875,1126.3799999999999,27.97916666666667,60,0,2573.5,2603.5,2592.25,2562.25,1101.3799999999999,1151.3799999999999
22,95,2612.875,1126.3799999999999,30.833500000000004,60,0,2603.5,2633.5,2622.25,2592.25,1101.3799999999999,1151.3799999999999
22,96,2642.875,1126.3799999999999,29.103260869565222,46,0,2633.5,2663.5,2652.25,2622.25,1101.3799999999999,1151.3799999999999
22,97,2672.875,1126.3799999999999,30.143043478260868,69,0,2663.5,2693.5,2682.25,2652.25,1101.3799999999999,1151.3799999999999
22,98,2702.875,1126.3799999999999,32.371746031746035,63,0,2693.5,2723.5,2712.25,2682.25,1101.3799999999999,1151.3799999999999
22,99,2732.875,1126.3799999999999,31.01169491525423,59,0,2723.5,2753.5,2742.25,2712.25,1101.3799999999999,1151.3799999999999
22,100,2762.875,1126.3799999999999,20.409999999999997,89,0,2753.5,2783.5,2772.25,2742.25,1101.3799999999999,1151.3799999999999
22,101,2792.875,1126.3799999999999,17.931392405063303,79,0,2783.5,2813.5,2802.25,2772.25,1101.3799999999999,1151.3799999999999
22,102,2822.875,1126.3799999999999,21.569589041095895,73,0,2813.5,2843.5,2832.25,2802.25,1101.3799999999999,1151.3799999999999
22,103,2852.875,1126.3799999999999,17.969775280898876,89,0,2843.5,2873.5,2862.25,2832.25,1101.3799999999999,1151.3799999999999
22,104,2882.875,1126.3799999999999,18.934250000000002,80,0,2873.5,2903.5,2892.25,2862.25,1101.3799999999999,1151.3799999999999
22,105,2912.875,1126.3799999999999,26.40209677419354,62,0,2903.5,2933.5,2922.25,2892.25,1101.3799999999999,1151.3799999999999
22,106,2942.875,1126.3799999999999,29.06338461538461,65,0,2933.5,2963.5,2952.25,2922.25,1101.3799999999999,1151.3799999999999
22,107,2972.875,1126.3799999999999,24.128032786885235,61,0,2963.5,2993.5,2982.25,2952.25,1101.3799999999999,1151.3799999999999
22,108,3002.875,1126.3799999999999,20.16024691358025,81,0,2993.5,3023.5,3012.25,2982.25,1101.3799999999999,1151.3799999999999
22,109,3032.875,1126.3799999999999,29.574761904761907,63,0,3023.5,3053.5,3042.25,3012.25,1101.3799999999999,1151.3799999999999
22,110,3062.875,1126.3799999999999,28.07986486486487,74,0,3053.5,3083.5,3072.25,3042.25,1101.3799999999999,1151.3799999999999
22,111,3092.875,1126.3799999999999,26.74848484848484,66,0,3083.5,3113.5,3102.25,3072.25,1101.3799999999999,1151.3799999999999
22,112,3122.875,1126.3799999999999,23.519482758620683,58,0,3113.5,3143.5,3132.25,3102.25,1101.3799999999999,1151.3799999999999
22,113,3152.875,1126.3799999999999,26.27638888888889,72,0,3143.5,3173.5,3162.25,3132.25,1101.3799999999999,1151.3799999999999
22,114,3182.875,1126.3799999999999,27.940447761194026,67,0,3173.5,3203.5,3192.25,3162.25,1101.3799999999999,1151.3799999999999
22,115,3212.875,1126.3799999999999,30.490222222222226,45,0,3203.5,3233.5,3222.25,3192.25,1101.3799999999999,1151.3799999999999
22,116,3242.875,1126.3799999999999,32.930625,64,0,3233.5,3263.5,3252.25,3222.25,1101.3799999999999,1151.3799999999999
22,117,3272.875,1126.3799999999999,28.451904761904753,63,0,3263.5,3293.5,3282.25,3252.25,1101.3799999999999,1151.3799999999999
22,118,3302.875,1126.3799999999999,17.245913978494627,93,0,3293.5,3323.5,3312.25,3282.25,1101.3799999999999,1151.3799999999999
22,119,3332.875,1126.3799999999999,15.507142857142853,91,0,3323.5,3353.5,3342.25,3312.25,1101.3799999999999,1151.3799999999999
22,120,3362.875,1126.3799999999999,15.085714285714284,84,0,3353.5,3383.5,3372.25,3342.25,1101.3799999999999,1151.3799999999999
22,121,3392.875,1126.3799999999999,32.002037037037034,54,0,3383.5,3413.5,3402.25,3372.25,1101.3799999999999,1151.3799999999999
22,122,3422.875,1126.3799999999999,31.54806451612903,62,0,3413.5,3443.5,3432.25,3402.25,1101.3799999999999,1151.3799999999999
22,123,3452.875,1126.3799999999999,27.90290909090908,55,0,3443.5,3473.5,3462.25,3432.25,1101.3799999999999,1151.3799999999999
22,124,3482.875,1126.3799999999999,22.715942028985506,69,0,3473.5,3503.5,3492.25,3462.25,1101.3799999999999,1151.3799999999999
22,125,3512.875,1126.3799999999999,25.33242424242424,66,0,3503.5,3533.5,3522.25,3492.25,1101.3799999999999,1151.3799999999999
22,126,3542.875,1126.3799999999999,24.347419354838713,62,0,3533.5,3563.5,3552.25,3522.25,1101.3799999999999,1151.3799999999999
22,127,3572.875,1126.3799999999999,23.33240506329113,79,0,3563.5,3593.5,3582.25,3552.25,1101.3799999999999,1151.3799999999999
22,128,3602.875,1126.3799999999999,25.17015625,64,0,3593.5,3623.5,3612.25,3582.25,1101.3799999999999,1151.3799999999999
22,129,3632.875,1126.3799999999999,29.26944444444445,54,0,3623.5,3653.5,3642.25,3612.25,1101.3799999999999,1151.3799999999999
22,130,3662.875,1126.3799999999999,30.66647058823529,51,0,3653.5,3683.5,3672.25,3642.25,1101.3799999999999,1151.3799999999999
22,131,3692.875,1126.3799999999999,30.68790322580644,62,0,3683.5,3713.5,3702.25,3672.25,1101.3799999999999,1151.3799999999999
22,132,3722.875,1126.3799999999999,31.37784313725491,51,0,3713.5,3743.5,3732.25,3702.25,1101.3799999999999,1151.3799999999999
22,133,3752.875,1126.3799999999999,32.3425,4,0,3743.5,3773.5,3762.25,3732.25,1101.3799999999999,1151.3799999999999
22,134,3782.875,1126.3799999999999,,0,0,3773.5,3803.5,3792.25,3762.25,1101.3799999999999,1151.3799999999999
22,135,3812.875,1126.3799999999999,,0,0,3803.5,3833.5,3822.25,3792.25,1101.3799999999999,1151.3799999999999
22,136,3842.875,1126.3799999999999,,0,0,3833.5,3863.5,3852.25,3822.25,1101.3799999999999,1151.3799999999999
23,8,-8.375,1176.3799999999999,73.0775,4,0,-17.75,12.25,1.0,-29.0,1151.3799999999999,1201.3799999999999
23,9,21.625,1176.3799999999999,70.72900000000001,20,0,12.25,42.25,31.0,1.0,1151.3799999999999,1201.3799999999999
23,10,51.625,1176.3799999999999,66.67888888888889,9,0,42.25,72.25,61.0,31.0,1151.3799999999999,1201.3799999999999
23,11,81.625,1176.3799999999999,60.05103448275863,29,0,72.25,102.25,91.0,61.0,1151.3799999999999,1201.3799999999999
23,12,111.625,1176.3799999999999,64.9292,25,0,102.25,132.25,121.0,91.0,1151.3799999999999,1201.3799999999999
23,13,141.625,1176.3799999999999,65.95121212121214,33,0,132.25,162.25,151.0,121.0,1151.3799999999999,1201.3799999999999
23,14,171.625,1176.3799999999999,66.955,18,0,162.25,192.25,181.0,151.0,1151.3799999999999,1201.3799999999999
23,15,201.625,1176.3799999999999,65.15172413793103,29,0,192.25,222.25,211.0,181.0,1151.3799999999999,1201.3799999999999
23,16,231.625,1176.3799999999999,66.15878787878789,33,0,222.25,252.25,241.0,211.0,1151.3799999999999,1201.3799999999999
23,17,261.625,1176.3799999999999,66.6094117647059,17,0,252.25,282.25,271.0,241.0,1151.3799999999999,1201.3799999999999
23,18,291.625,1176.3799999999999,69.30176470588236,17,0,282.25,312.25,301.0,271.0,1151.3799999999999,1201.3799999999999
23,19,321.625,1176.3799999999999,63.071739130434786,23,0,312.25,342.25,331.0,301.0,1151.3799999999999,1201.3799999999999
23,20,351.625,1176.3799999999999,51.303076923076915,26,0,342.25,372.25,361.0,331.0,1151.3799999999999,1201.3799999999999
23,21,381.625,1176.3799999999999,65.88799999999999,30,0,372.25,402.25,391.0,361.0,1151.3799999999999,1201.3799999999999
23,22,411.625,1176.3799999999999,68.56400000000002,25,0,402.25,432.25,421.0,391.0,1151.3799999999999,1201.3799999999999
23,23,441.625,1176.3799999999999,66.86619047619047,21,0,432.25,462.25,451.0,421.0,1151.3799999999999,1201.3799999999999
23,24,471.625,1176.3799999999999,71.90882352941175,17,0,462.25,492.25,481.0,451.0,1151.3799999999999,1201.3799999999999
23,25,501.625,1176.3799999999999,67.85277777777777,18,0,492.25,522.25,511.0,481.0,1151.3799999999999,1201.3799999999999
23,26,531.625,1176.3799999999999,58.80397849462365,31,0,522.25,552.25,541.0,511.0,1151.3799999999999,1201.3799999999999
23,27,561.625,1176.3799999999999,71.738,10,0,552.25,582.25,571.0,541.0,1151.3799999999999,1201.3799999999999
23,28,591.625,1176.3799999999999,68.87941176470589,17,0,582.25,612.25,601.0,571.0,1151.3799999999999,1201.3799999999999
23,29,621.625,1176.3799999999999,62.632000000000005,25,0,612.25,642.25,631.0,601.0,1151.3799999999999,1201.3799999999999
23,30,651.625,1176.3799999999999,63.699230769230766,26,0,642.25,672.25,661.0,631.0,1151.3799999999999,1201.3799999999999
23,31,681.625,1176.3799999999999,65.31608695652176,23,0,672.25,702.25,691.0,661.0,1151.3799999999999,1201.3799999999999
23,32,711.625,1176.3799999999999,62.75965517241378,29,0,702.25,732.25,721.0,691.0,1151.3799999999999,1201.3799999999999
23,33,741.625,1176.3799999999999,64.44124999999998,24,0,732.25,762.25,751.0,721.0,1151.3799999999999,1201.3799999999999
23,34,771.625,1176.3799999999999,54.65333333333332,39,0,762.25,792.25,781.0,751.0,1151.3799999999999,1201.3799999999999
23,35,801.625,1176.3799999999999,47.939183673469394,49,0,792.25,822.25,811.0,781.0,1151.3799999999999,1201.3799999999999
23,36,831.625,1176.3799999999999,59.347916666666656,24,0,822.25,852.25,841.0,811.0,1151.3799999999999,1201.3799999999999
23,37,861.625,1176.3799999999999,65.92294117647059,17,0,852.25,882.25,871.0,841.0,1151.3799999999999,1201.3799999999999
23,38,891.625,1176.3799999999999,61.95466666666667,15,0,882.25,912.25,901.0,871.0,1151.3799999999999,1201.3799999999999
23,39,921.625,1176.3799999999999,57.79081081081082,37,0,912.25,942.25,931.0,901.0,1151.3799999999999,1201.3799999999999
23,40,951.625,1176.3799999999999,60.917272727272724,33,0,942.25,972.25,961.0,931.0,1151.3799999999999,1201.3799999999999
23,41,981.625,1176.3799999999999,64.93857142857142,21,0,972.25,1002.25,991.0,961.0,1151.3799999999999,1201.3799999999999
23,42,1011.625,1176.3799999999999,69.24904761904762,21,0,1002.25,1032.25,1021.0,991.0,1151.3799999999999,1201.3799999999999
23,43,1041.625,1176.3799999999999,61.50307692307691,26,0,1032.25,1062.25,1051.0,1021.0,1151.3799999999999,1201.3799999999999
23,44,1071.625,1176.3799999999999,58.97,26,0,1062.25,1092.25,1081.0,1051.0,1151.3799999999999,1201.3799999999999
23,45,1101.625,1176.3799999999999,60.653333333333336,21,0,1092.25,1122.25,1111.0,1081.0,1151.3799999999999,1201.3799999999999
23,46,1131.625,1176.3799999999999,62.78967741935483,31,0,1122.25,1152.25,1141.0,1111.0,1151.3799999999999,1201.3799999999999
23,47,1161.625,1176.3799999999999,64.10400000000001,20,0,1152.25,1182.25,1171.0,1141.0,1151.3799999999999,1201.3799999999999
23,48,1191.625,1176.3799999999999,64.79896551724138,29,0,1182.25,1212.25,1201.0,1171.0,1151.3799999999999,1201.3799999999999
23,49,1221.625,1176.3799999999999,65.26620689655172,29,0,1212.25,1242.25,1231.0,1201.0,1151.3799999999999,1201.3799999999999
23,50,1251.625,1176.3799999999999,68.54400000000001,15,0,1242.25,1272.25,1261.0,1231.0,1151.3799999999999,1201.3799999999999
23,51,1281.625,1176.3799999999999,61.73153846153848,26,0,1272.25,1302.25,1291.0,1261.0,1151.3799999999999,1201.3799999999999
23,52,1311.625,1176.3799999999999,64.5872,25,0,1302.25,1332.25,1321.0,1291.0,1151.3799999999999,1201.3799999999999
23,53,1341.625,1176.3799999999999,60.0675,12,0,1332.25,1362.25,1351.0,1321.0,1151.3799999999999,1201.3799999999999
23,54,1371.625,1176.3799999999999,61.6448,25,0,1362.25,1392.25,1381.0,1351.0,1151.3799999999999,1201.3799999999999
23,55,1401.625,1176.3799999999999,72.64181818181818,11,0,1392.25,1422.25,1411.0,1381.0,1151.3799999999999,1201.3799999999999
23,56,1431.625,1176.3799999999999,66.63000000000001,9,0,1422.25,1452.25,1441.0,1411.0,1151.3799999999999,1201.3799999999999
23,57,1461.625,1176.3799999999999,55.25591836734695,49,0,1452.25,1482.25,1471.0,1441.0,1151.3799999999999,1201.3799999999999
23,58,1491.625,1176.3799999999999,53.96466666666667,45,0,1482.25,1512.25,1501.0,1471.0,1151.3799999999999,1201.3799999999999
23,59,1521.625,1176.3799999999999,59.26414634146342,41,0,1512.25,1542.25,1531.0,1501.0,1151.3799999999999,1201.3799999999999
23,60,1551.625,1176.3799999999999,63.564516129032256,31,0,1542.25,1572.25,1561.0,1531.0,1151.3799999999999,1201.3799999999999
23,61,1581.625,1176.3799999999999,56.710303030303024,33,0,1572.25,1602.25,1591.0,1561.0,1151.3799999999999,1201.3799999999999
23,62,1611.625,1176.3799999999999,53.721428571428575,14,0,1602.25,1632.25,1621.0,1591.0,1151.3799999999999,1201.3799999999999
23,63,1641.625,1176.3799999999999,58.05068965517242,29,0,1632.25,1662.25,1651.0,1621.0,1151.3799999999999,1201.3799999999999
23,64,1671.625,1176.3799999999999,58.06552631578947,38,0,1662.25,1692.25,1681.0,1651.0,1151.3799999999999,1201.3799999999999
23,65,1701.625,1176.3799999999999,63.34571428571427,21,0,1692.25,1722.25,1711.0,1681.0,1151.3799999999999,1201.3799999999999
23,66,1731.625,1176.3799999999999,55.061521739130434,46,0,1722.25,1752.25,1741.0,1711.0,1151.3799999999999,1201.3799999999999
23,67,1761.625,1176.3799999999999,55.133437500000014,32,0,1752.25,1782.25,1771.0,1741.0,1151.3799999999999,1201.3799999999999
23,68,1791.625,1176.3799999999999,52.838604651162775,43,0,1782.25,1812.25,1801.0,1771.0,1151.3799999999999,1201.3799999999999
23,69,1821.625,1176.3799999999999,29.38440476190477,84,0,1812.25,1842.25,1831.0,1801.0,1151.3799999999999,1201.3799999999999
23,70,1851.625,1176.3799999999999,19.913670886075955,79,0,1842.25,1872.25,1861.0,1831.0,1151.3799999999999,1201.3799999999999
23,71,1881.625,1176.3799999999999,37.49133333333334,45,0,1872.25,1902.25,1891.0,1861.0,1151.3799999999999,1201.3799999999999
23,72,1911.625,1176.3799999999999,42.60442307692308,52,0,1902.25,1932.25,1921.0,1891.0,1151.3799999999999,1201.3799999999999
23,73,1941.625,1176.3799999999999,36.31767857142858,56,0,1932.25,1962.25,1951.0,1921.0,1151.3799999999999,1201.3799999999999
23,74,1971.625,1176.3799999999999,30.003728813559324,59,0,1962.25,1992.25,1981.0,1951.0,1151.3799999999999,1201.3799999999999
23,75,2001.625,1176.3799999999999,26.366746987951807,83,0,1992.25,2022.25,2011.0,1981.0,1151.3799999999999,1201.3799999999999
23,76,2031.625,1176.3799999999999,25.10819444444445,72,0,2022.25,2052.25,2041.0,2011.0,1151.3799999999999,1201.3799999999999
23,77,2061.625,1176.3799999999999,26.05894736842106,76,0,2052.25,2082.25,2071.0,2041.0,1151.3799999999999,1201.3799999999999
23,78,2091.625,1176.3799999999999,35.2374193548387,62,0,2082.25,2112.25,2101.0,2071.0,1151.3799999999999,1201.3799999999999
23,79,2121.625,1176.3799999999999,35.079122807017555,57,0,2112.25,2142.25,2131.0,2101.0,1151.3799999999999,1201.3799999999999
23,80,2151.625,1176.3799999999999,32.12869565217392,69,0,2142.25,2172.25,2161.0,2131.0,1151.3799999999999,1201.3799999999999
23,81,2181.625,1176.3799999999999,28.40059701492538,67,0,2172.25,2202.25,2191.0,2161.0,1151.3799999999999,1201.3799999999999
23,82,2211.625,1176.3799999999999,31.87878787878788,66,0,2202.25,2232.25,2221.0,2191.0,1151.3799999999999,1201.3799999999999
23,83,2241.625,1176.3799999999999,31.8363492063492,63,0,2232.25,2262.25,2251.0,2221.0,1151.3799999999999,1201.3799999999999
23,84,2271.625,1176.3799999999999,32.163235294117655,68,0,2262.25,2292.25,2281.0,2251.0,1151.3799999999999,1201.3799999999999
23,85,2301.625,1176.3799999999999,29.031803278688518,61,0,2292.25,2322.25,2311.0,2281.0,1151.3799999999999,1201.3799999999999
23,86,2331.625,1176.3799999999999,23.70911764705881,68,0,2322.25,2352.25,2341.0,2311.0,1151.3799999999999,1201.3799999999999
23,87,2361.625,1176.3799999999999,20.72409638554217,83,0,2352.25,2382.25,2371.0,2341.0,1151.3799999999999,1201.3799999999999
23,88,2391.625,1176.3799999999999,28.396712328767123,73,0,2382.25,2412.25,2401.0,2371.0,1151.3799999999999,1201.3799999999999
23,89,2421.625,1176.3799999999999,35.96596153846155,52,0,2412.25,2442.25,2431.0,2401.0,1151.3799999999999,1201.3799999999999
23,90,2451.625,1176.3799999999999,28.481206896551722,58,0,2442.25,2472.25,2461.0,2431.0,1151.3799999999999,1201.3799999999999
23,91,2481.625,1176.3799999999999,25.67725806451613,62,0,2472.25,2502.25,2491.0,2461.0,1151.3799999999999,1201.3799999999999
23,92,2511.625,1176.3799999999999,26.359117647058813,68,0,2502.25,2532.25,2521.0,2491.0,1151.3799999999999,1201.3799999999999
23,93,2541.625,1176.3799999999999,25.781060606060613,66,0,2532.25,2562.25,2551.0,2521.0,1151.3799999999999,1201.3799999999999
23,94,2571.625,1176.3799999999999,25.61869565217391,69,0,2562.25,2592.25,2581.0,2551.0,1151.3799999999999,1201.3799999999999
23,95,2601.625,1176.3799999999999,27.04407407407407,81,0,2592.25,2622.25,2611.0,2581.0,1151.3799999999999,1201.3799999999999
23,96,2631.625,1176.3799999999999,27.776874999999997,64,0,2622.25,2652.25,2641.0,2611.0,1151.3799999999999,1201.3799999999999
23,97,2661.625,1176.3799999999999,30.320163934426223,61,0,2652.25,2682.25,2671.0,2641.0,1151.3799999999999,1201.3799999999999
23,98,2691.625,1176.3799999999999,29.20810810810811,74,0,2682.25,2712.25,2701.0,2671.0,1151.3799999999999,1201.3799999999999
23,99,2721.625,1176.3799999999999,30.943076923076912,65,0,2712.25,2742.25,2731.0,2701.0,1151.3799999999999,1201.3799999999999
23,100,2751.625,1176.3799999999999,27.124264705882357,68,0,2742.25,2772.25,2761.0,2731.0,1151.3799999999999,1201.3799999999999
23,101,2781.625,1176.3799999999999,18.24553398058252,103,0,2772.25,2802.25,2791.0,2761.0,1151.3799999999999,1201.3799999999999
23,102,2811.625,1176.3799999999999,21.275131578947374,76,0,2802.25,2832.25,2821.0,2791.0,1151.3799999999999,1201.3799999999999
23,103,2841.625,1176.3799999999999,20.801927710843376,83,0,2832.25,2862.25,2851.0,2821.0,1151.3799999999999,1201.3799999999999
23,104,2871.625,1176.3799999999999,23.49777777777778,81,0,2862.25,2892.25,2881.0,2851.0,1151.3799999999999,1201.3799999999999
23,105,2901.625,1176.3799999999999,30.310172413793104,58,0,2892.25,2922.25,2911.0,2881.0,1151.3799999999999,1201.3799999999999
23,106,2931.625,1176.3799999999999,27.515072463768114,69,0,2922.25,2952.25,2941.0,2911.0,1151.3799999999999,1201.3799999999999
23,107,2961.625,1176.3799999999999,20.828484848484845,99,0,2952.25,2982.25,2971.0,2941.0,1151.3799999999999,1201.3799999999999
23,108,2991.625,1176.3799999999999,21.7880303030303,66,0,2982.25,3012.25,3001.0,2971.0,1151.3799999999999,1201.3799999999999
23,109,3021.625,1176.3799999999999,32.522166666666664,60,0,3012.25,3042.25,3031.0,3001.0,1151.3799999999999,1201.3799999999999
23,110,3051.625,1176.3799999999999,33.03466666666666,60,0,3042.25,3072.25,3061.0,3031.0,1151.3799999999999,1201.3799999999999
23,111,3081.625,1176.3799999999999,29.214117647058814,68,0,3072.25,3102.25,3091.0,3061.0,1151.3799999999999,1201.3799999999999
23,112,3111.625,1176.3799999999999,27.315423728813567,59,0,3102.25,3132.25,3121.0,3091.0,1151.3799999999999,1201.3799999999999
23,113,3141.625,1176.3799999999999,29.36473684210527,57,0,3132.25,3162.25,3151.0,3121.0,1151.3799999999999,1201.3799999999999
23,114,3171.625,1176.3799999999999,29.682121212121206,66,0,3162.25,3192.25,3181.0,3151.0,1151.3799999999999,1201.3799999999999
23,115,3201.625,1176.3799999999999,31.36254545454545,55,0,3192.25,3222.25,3211.0,3181.0,1151.3799999999999,1201.3799999999999
23,116,3231.625,1176.3799999999999,34.60703703703704,54,0,3222.25,3252.25,3241.0,3211.0,1151.3799999999999,1201.3799999999999
23,117,3261.625,1176.3799999999999,30.078000000000014,70,0,3252.25,3282.25,3271.0,3241.0,1151.3799999999999,1201.3799999999999
23,118,3291.625,1176.3799999999999,18.173125000000002,80,0,3282.25,3312.25,3301.0,3271.0,1151.3799999999999,1201.3799999999999
23,119,3321.625,1176.3799999999999,19.880303030303033,99,0,3312.25,3342.25,3331.0,3301.0,1151.3799999999999,1201.3799999999999
23,120,3351.625,1176.3799999999999,19.633888888888883,72,0,3342.25,3372.25,3361.0,3331.0,1151.3799999999999,1201.3799999999999
23,121,3381.625,1176.3799999999999,29.530634920634927,63,0,3372.25,3402.25,3391.0,3361.0,1151.3799999999999,1201.3799999999999
23,122,3411.625,1176.3799999999999,33.7309375,64,0,3402.25,3432.25,3421.0,3391.0,1151.3799999999999,1201.3799999999999
23,123,3441.625,1176.3799999999999,26.59028169014085,71,0,3432.25,3462.25,3451.0,3421.0,1151.3799999999999,1201.3799999999999
23,124,3471.625,1176.3799999999999,24.68120689655172,58,0,3462.25,3492.25,3481.0,3451.0,1151.3799999999999,1201.3799999999999
23,125,3501.625,1176.3799999999999,25.433243243243247,74,0,3492.25,3522.25,3511.0,3481.0,1151.3799999999999,1201.3799999999999
23,126,3531.625,1176.3799999999999,27.274406779661017,59,0,3522.25,3552.25,3541.0,3511.0,1151.3799999999999,1201.3799999999999
23,127,3561.625,1176.3799999999999,25.167536231884064,69,0,3552.25,3582.25,3571.0,3541.0,1151.3799999999999,1201.3799999999999
23,128,3591.625,1176.3799999999999,26.840136986301367,73,0,3582.25,3612.25,3601.0,3571.0,1151.3799999999999,1201.3799999999999
23,129,3621.625,1176.3799999999999,31.51392156862744,51,0,3612.25,3642.25,3631.0,3601.0,1151.3799999999999,1201.3799999999999
23,130,3651.625,1176.3799999999999,37.17139999999999,50,0,3642.25,3672.25,3661.0,3631.0,1151.3799999999999,1201.3799999999999
23,131,3681.625,1176.3799999999999,36.094200000000015,50,0,3672.25,3702.25,3691.0,3661.0,1151.3799999999999,1201.3799999999999
23,132,3711.625,1176.3799999999999,34.68372881355933,59,0,3702.25,3732.25,3721.0,3691.0,1151.3799999999999,1201.3799999999999
23,133,3741.625,1176.3799999999999,30.125405405405402,37,0,3732.25,3762.25,3751.0,3721.0,1151.3799999999999,1201.3799999999999
23,134,3771.625,1176.3799999999999,,0,0,3762.25,3792.25,3781.0,3751.0,1151.3799999999999,1201.3799999999999
23,135,3801.625,1176.3799999999999,,0,0,3792.25,3822.25,3811.0,3781.0,1151.3799999999999,1201.3799999999999
23,136,3831.625,1176.3799999999999,,0,0,3822.25,3852.25,3841.0,3811.0,1151.3799999999999,1201.3799999999999
24,9,10.375,1226.3799999999999,74.1854861111111,16,0,1.0,31.0,19.75,-10.25,1201.3799999999999,1251.3799999999999
24,10,40.375,1226.3799999999999,69.22692307692309,13,0,31.0,61.0,49.75,19.75,1201.3799999999999,1251.3799999999999
24,11,70.375,1226.3799999999999,57.18117647058824,17,0,61.0,91.0,79.75,49.75,1201.3799999999999,1251.3799999999999
24,12,100.375,1226.3799999999999,63.93708333333333,24,0,91.0,121.0,109.75,79.75,1201.3799999999999,1251.3799999999999
24,13,130.375,1226.3799999999999,62.519999999999996,34,0,121.0,151.0,139.75,109.75,1201.3799999999999,1251.3799999999999
24,14,160.375,1226.3799999999999,63.58880952380954,28,0,151.0,181.0,169.75,139.75,1201.3799999999999,1251.3799999999999
24,15,190.375,1226.3799999999999,66.96157894736842,19,0,181.0,211.0,199.75,169.75,1201.3799999999999,1251.3799999999999
24,16,220.375,1226.3799999999999,64.13914285714286,35,0,211.0,241.0,229.75,199.75,1201.3799999999999,1251.3799999999999
24,17,250.375,1226.3799999999999,65.7706896551724,29,0,241.0,271.0,259.75,229.75,1201.3799999999999,1251.3799999999999
24,18,280.375,1226.3799999999999,68.05842105263157,19,0,271.0,301.0,289.75,259.75,1201.3799999999999,1251.3799999999999
24,19,310.375,1226.3799999999999,57.12052631578947,19,0,301.0,331.0,319.75,289.75,1201.3799999999999,1251.3799999999999
24,20,340.375,1226.3799999999999,47.9044,25,0,331.0,361.0,349.75,319.75,1201.3799999999999,1251.3799999999999
24,21,370.375,1226.3799999999999,53.510833333333345,36,0,361.0,391.0,379.75,349.75,1201.3799999999999,1251.3799999999999
24,22,400.375,1226.3799999999999,65.90733333333333,30,0,391.0,421.0,409.75,379.75,1201.3799999999999,1251.3799999999999
24,23,430.375,1226.3799999999999,68.13739130434782,23,0,421.0,451.0,439.75,409.75,1201.3799999999999,1251.3799999999999
24,24,460.375,1226.3799999999999,68.02782608695652,23,0,451.0,481.0,469.75,439.75,1201.3799999999999,1251.3799999999999
24,25,490.375,1226.3799999999999,73.13333333333334,15,0,481.0,511.0,499.75,469.75,1201.3799999999999,1251.3799999999999
24,26,520.375,1226.3799999999999,55.561481481481465,27,0,511.0,541.0,529.75,499.75,1201.3799999999999,1251.3799999999999
24,27,550.375,1226.3799999999999,64.5582608695652,23,0,541.0,571.0,559.75,529.75,1201.3799999999999,1251.3799999999999
24,28,580.375,1226.3799999999999,68.17944444444444,18,0,571.0,601.0,589.75,559.75,1201.3799999999999,1251.3799999999999
24,29,610.375,1226.3799999999999,61.922380952380955,21,0,601.0,631.0,619.75,589.75,1201.3799999999999,1251.3799999999999
24,30,640.375,1226.3799999999999,61.08892857142858,28,0,631.0,661.0,649.75,619.75,1201.3799999999999,1251.3799999999999
24,31,670.375,1226.3799999999999,64.79611111111112,18,0,661.0,691.0,679.75,649.75,1201.3799999999999,1251.3799999999999
24,32,700.375,1226.3799999999999,61.27972222222221,36,0,691.0,721.0,709.75,679.75,1201.3799999999999,1251.3799999999999
24,33,730.375,1226.3799999999999,62.12233333333332,30,0,721.0,751.0,739.75,709.75,1201.3799999999999,1251.3799999999999
24,34,760.375,1226.3799999999999,58.301818181818184,22,0,751.0,781.0,769.75,739.75,1201.3799999999999,1251.3799999999999
24,35,790.375,1226.3799999999999,38.08242857142858,70,0,781.0,811.0,799.75,769.75,1201.3799999999999,1251.3799999999999
24,36,820.375,1226.3799999999999,45.26472222222222,36,0,811.0,841.0,829.75,799.75,1201.3799999999999,1251.3799999999999
24,37,850.375,1226.3799999999999,60.51137931034482,29,0,841.0,871.0,859.75,829.75,1201.3799999999999,1251.3799999999999
24,38,880.375,1226.3799999999999,64.05333333333333,12,0,871.0,901.0,889.75,859.75,1201.3799999999999,1251.3799999999999
24,39,910.375,1226.3799999999999,60.343333333333334,24,0,901.0,931.0,919.75,889.75,1201.3799999999999,1251.3799999999999
24,40,940.375,1226.3799999999999,57.57025641025642,39,0,931.0,961.0,949.75,919.75,1201.3799999999999,1251.3799999999999
24,41,970.375,1226.3799999999999,62.54466666666667,30,0,961.0,991.0,979.75,949.75,1201.3799999999999,1251.3799999999999
24,42,1000.375,1226.3799999999999,68.84823529411766,17,0,991.0,1021.0,1009.75,979.75,1201.3799999999999,1251.3799999999999
24,43,1030.375,1226.3799999999999,64.0984,25,0,1021.0,1051.0,1039.75,1009.75,1201.3799999999999,1251.3799999999999
24,44,1060.375,1226.3799999999999,60.720769230769214,26,0,1051.0,1081.0,1069.75,1039.75,1201.3799999999999,1251.3799999999999
24,45,1090.375,1226.3799999999999,60.99173913043478,23,0,1081.0,1111.0,1099.75,1069.75,1201.3799999999999,1251.3799999999999
24,46,1120.375,1226.3799999999999,55.77428571428571,42,0,1111.0,1141.0,1129.75,1099.75,1201.3799999999999,1251.3799999999999
24,47,1150.375,1226.3799999999999,64.77411764705882,17,0,1141.0,1171.0,1159.75,1129.75,1201.3799999999999,1251.3799999999999
24,48,1180.375,1226.3799999999999,62.98733333333334,30,0,1171.0,1201.0,1189.75,1159.75,1201.3799999999999,1251.3799999999999
24,49,1210.375,1226.3799999999999,62.771875,32,0,1201.0,1231.0,1219.75,1189.75,1201.3799999999999,1251.3799999999999
24,50,1240.375,1226.3799999999999,63.87333333333333,27,0,1231.0,1261.0,1249.75,1219.75,1201.3799999999999,1251.3799999999999
24,51,1270.375,1226.3799999999999,63.45727272727272,22,0,1261.0,1291.0,1279.75,1249.75,1201.3799999999999,1251.3799999999999
24,52,1300.375,1226.3799999999999,60.239024390243905,41,0,1291.0,1321.0,1309.75,1279.75,1201.3799999999999,1251.3799999999999
24,53,1330.375,1226.3799999999999,63.230000000000004,13,0,1321.0,1351.0,1339.75,1309.75,1201.3799999999999,1251.3799999999999
24,54,1360.375,1226.3799999999999,57.45055555555556,18,0,1351.0,1381.0,1369.75,1339.75,1201.3799999999999,1251.3799999999999
24,55,1390.375,1226.3799999999999,65.32826086956523,23,0,1381.0,1411.0,1399.75,1369.75,1201.3799999999999,1251.3799999999999
24,56,1420.375,1226.3799999999999,67.46454545454546,11,0,1411.0,1441.0,1429.75,1399.75,1201.3799999999999,1251.3799999999999
24,57,1450.375,1226.3799999999999,54.61464285714287,28,0,1441.0,1471.0,1459.75,1429.75,1201.3799999999999,1251.3799999999999
24,58,1480.375,1226.3799999999999,51.92363636363637,55,0,1471.0,1501.0,1489.75,1459.75,1201.3799999999999,1251.3799999999999
24,59,1510.375,1226.3799999999999,56.03609756097562,41,0,1501.0,1531.0,1519.75,1489.75,1201.3799999999999,1251.3799999999999
24,60,1540.375,1226.3799999999999,59.87833333333333,42,0,1531.0,1561.0,1549.75,1519.75,1201.3799999999999,1251.3799999999999
24,61,1570.375,1226.3799999999999,58.042352941176475,34,0,1561.0,1591.0,1579.75,1549.75,1201.3799999999999,1251.3799999999999
24,62,1600.375,1226.3799999999999,48.04870967741934,31,0,1591.0,1621.0,1609.75,1579.75,1201.3799999999999,1251.3799999999999
24,63,1630.375,1226.3799999999999,57.80749999999999,16,0,1621.0,1651.0,1639.75,1609.75,1201.3799999999999,1251.3799999999999
24,64,1660.375,1226.3799999999999,52.41020408163267,49,0,1651.0,1681.0,1669.75,1639.75,1201.3799999999999,1251.3799999999999
24,65,1690.375,1226.3799999999999,63.44791666666668,24,0,1681.0,1711.0,1699.75,1669.75,1201.3799999999999,1251.3799999999999
24,66,1720.375,1226.3799999999999,49.10809523809524,42,0,1711.0,1741.0,1729.75,1699.75,1201.3799999999999,1251.3799999999999
24,67,1750.375,1226.3799999999999,51.40775000000001,40,0,1741.0,1771.0,1759.75,1729.75,1201.3799999999999,1251.3799999999999
24,68,1780.375,1226.3799999999999,47.832037037037026,54,0,1771.0,1801.0,1789.75,1759.75,1201.3799999999999,1251.3799999999999
24,69,1810.375,1226.3799999999999,27.198974358974365,78,0,1801.0,1831.0,1819.75,1789.75,1201.3799999999999,1251.3799999999999
24,70,1840.375,1226.3799999999999,17.482105263157887,114,0,1831.0,1861.0,1849.75,1819.75,1201.3799999999999,1251.3799999999999
24,71,1870.375,1226.3799999999999,26.335857142857154,70,0,1861.0,1891.0,1879.75,1849.75,1201.3799999999999,1251.3799999999999
24,72,1900.375,1226.3799999999999,40.86867924528302,53,0,1891.0,1921.0,1909.75,1879.75,1201.3799999999999,1251.3799999999999
24,73,1930.375,1226.3799999999999,35.97985074626865,67,0,1921.0,1951.0,1939.75,1909.75,1201.3799999999999,1251.3799999999999
24,74,1960.375,1226.3799999999999,27.967101449275354,69,0,1951.0,1981.0,1969.75,1939.75,1201.3799999999999,1251.3799999999999
24,75,1990.375,1226.3799999999999,24.014050632911395,79,0,1981.0,2011.0,1999.75,1969.75,1201.3799999999999,1251.3799999999999
24,76,2020.375,1226.3799999999999,21.109484536082476,97,0,2011.0,2041.0,2029.75,1999.75,1201.3799999999999,1251.3799999999999
24,77,2050.375,1226.3799999999999,24.053703703703704,81,0,2041.0,2071.0,2059.75,2029.75,1201.3799999999999,1251.3799999999999
24,78,2080.375,1226.3799999999999,33.33892307692307,65,0,2071.0,2101.0,2089.75,2059.75,1201.3799999999999,1251.3799999999999
24,79,2110.375,1226.3799999999999,37.54413793103449,58,0,2101.0,2131.0,2119.75,2089.75,1201.3799999999999,1251.3799999999999
24,80,2140.375,1226.3799999999999,35.87692307692307,65,0,2131.0,2161.0,2149.75,2119.75,1201.3799999999999,1251.3799999999999
24,81,2170.375,1226.3799999999999,36.41854838709678,62,0,2161.0,2191.0,2179.75,2149.75,1201.3799999999999,1251.3799999999999
24,82,2200.375,1226.3799999999999,32.692121212121215,66,0,2191.0,2221.0,2209.75,2179.75,1201.3799999999999,1251.3799999999999
24,83,2230.375,1226.3799999999999,29.5604,75,0,2221.0,2251.0,2239.75,2209.75,1201.3799999999999,1251.3799999999999
24,84,2260.375,1226.3799999999999,26.323478260869564,92,0,2251.0,2281.0,2269.75,2239.75,1201.3799999999999,1251.3799999999999
24,85,2290.375,1226.3799999999999,28.959875,80,0,2281.0,2311.0,2299.75,2269.75,1201.3799999999999,1251.3799999999999
24,86,2320.375,1226.3799999999999,22.878059701492525,67,0,2311.0,2341.0,2329.75,2299.75,1201.3799999999999,1251.3799999999999
24,87,2350.375,1226.3799999999999,22.43484848484848,66,0,2341.0,2371.0,2359.75,2329.75,1201.3799999999999,1251.3799999999999
24,88,2380.375,1226.3799999999999,29.984935064935055,77,0,2371.0,2401.0,2389.75,2359.75,1201.3799999999999,1251.3799999999999
24,89,2410.375,1226.3799999999999,34.459516129032245,62,0,2401.0,2431.0,2419.75,2389.75,1201.3799999999999,1251.3799999999999
24,90,2440.375,1226.3799999999999,36.464363636363636,55,0,2431.0,2461.0,2449.75,2419.75,1201.3799999999999,1251.3799999999999
24,91,2470.375,1226.3799999999999,29.268545454545453,55,0,2461.0,2491.0,2479.75,2449.75,1201.3799999999999,1251.3799999999999
24,92,2500.375,1226.3799999999999,26.489180327868855,61,0,2491.0,2521.0,2509.75,2479.75,1201.3799999999999,1251.3799999999999
24,93,2530.375,1226.3799999999999,24.391818181818177,88,0,2521.0,2551.0,2539.75,2509.75,1201.3799999999999,1251.3799999999999
24,94,2560.375,1226.3799999999999,24.917815126050417,68,0,2551.0,2581.0,2569.75,2539.75,1201.3799999999999,1251.3799999999999
24,95,2590.375,1226.3799999999999,25.78181818181818,77,0,2581.0,2611.0,2599.75,2569.75,1201.3799999999999,1251.3799999999999
24,96,2620.375,1226.3799999999999,25.267386363636362,88,0,2611.0,2641.0,2629.75,2599.75,1201.3799999999999,1251.3799999999999
24,97,2650.375,1226.3799999999999,30.770000000000003,50,0,2641.0,2671.0,2659.75,2629.75,1201.3799999999999,1251.3799999999999
24,98,2680.375,1226.3799999999999,31.243521126760577,71,0,2671.0,2701.0,2689.75,2659.75,1201.3799999999999,1251.3799999999999
24,99,2710.375,1226.3799999999999,31.660434782608704,69,0,2701.0,2731.0,2719.75,2689.75,1201.3799999999999,1251.3799999999999
24,100,2740.375,1226.3799999999999,29.459130434782615,69,0,2731.0,2761.0,2749.75,2719.75,1201.3799999999999,1251.3799999999999
24,101,2770.375,1226.3799999999999,22.348974358974353,78,0,2761.0,2791.0,2779.75,2749.75,1201.3799999999999,1251.3799999999999
24,102,2800.375,1226.3799999999999,21.495384615384623,91,0,2791.0,2821.0,2809.75,2779.75,1201.3799999999999,1251.3799999999999
24,103,2830.375,1226.3799999999999,21.562750000000005,80,0,2821.0,2851.0,2839.75,2809.75,1201.3799999999999,1251.3799999999999
24,104,2860.375,1226.3799999999999,26.265142857142862,70,0,2851.0,2881.0,2869.75,2839.75,1201.3799999999999,1251.3799999999999
24,105,2890.375,1226.3799999999999,28.60311688311689,77,0,2881.0,2911.0,2899.75,2869.75,1201.3799999999999,1251.3799999999999
24,106,2920.375,1226.3799999999999,27.14161764705882,68,0,2911.0,2941.0,2929.75,2899.75,1201.3799999999999,1251.3799999999999
24,107,2950.375,1226.3799999999999,18.041010101010095,99,0,2941.0,2971.0,2959.75,2929.75,1201.3799999999999,1251.3799999999999
24,108,2980.375,1226.3799999999999,25.39815789473684,76,0,2971.0,3001.0,2989.75,2959.75,1201.3799999999999,1251.3799999999999
24,109,3010.375,1226.3799999999999,34.953333333333326,57,0,3001.0,3031.0,3019.75,2989.75,1201.3799999999999,1251.3799999999999
24,110,3040.375,1226.3799999999999,35.39913793103448,58,0,3031.0,3061.0,3049.75,3019.75,1201.3799999999999,1251.3799999999999
24,111,3070.375,1226.3799999999999,33.900655737704916,61,0,3061.0,3091.0,3079.75,3049.75,1201.3799999999999,1251.3799999999999
24,112,3100.375,1226.3799999999999,31.758571428571436,63,0,3091.0,3121.0,3109.75,3079.75,1201.3799999999999,1251.3799999999999
24,113,3130.375,1226.3799999999999,35.37162790697675,43,0,3121.0,3151.0,3139.75,3109.75,1201.3799999999999,1251.3799999999999
24,114,3160.375,1226.3799999999999,34.12278688524591,61,0,3151.0,3181.0,3169.75,3139.75,1201.3799999999999,1251.3799999999999
24,115,3190.375,1226.3799999999999,31.81187499999999,64,0,3181.0,3211.0,3199.75,3169.75,1201.3799999999999,1251.3799999999999
24,116,3220.375,1226.3799999999999,34.076792452830176,53,0,3211.0,3241.0,3229.75,3199.75,1201.3799999999999,1251.3799999999999
24,117,3250.375,1226.3799999999999,27.495813008130078,82,0,3241.0,3271.0,3259.75,3229.75,1201.3799999999999,1251.3799999999999
24,118,3280.375,1226.3799999999999,18.547777777777778,99,0,3271.0,3301.0,3289.75,3259.75,1201.3799999999999,1251.3799999999999
24,119,3310.375,1226.3799999999999,18.587640449438187,89,0,3301.0,3331.0,3319.75,3289.75,1201.3799999999999,1251.3799999999999
24,120,3340.375,1226.3799999999999,22.393874999999994,80,0,3331.0,3361.0,3349.75,3319.75,1201.3799999999999,1251.3799999999999
24,121,3370.375,1226.3799999999999,27.85179104477612,67,0,3361.0,3391.0,3379.75,3349.75,1201.3799999999999,1251.3799999999999
24,122,3400.375,1226.3799999999999,27.383246753246762,77,0,3391.0,3421.0,3409.75,3379.75,1201.3799999999999,1251.3799999999999
24,123,3430.375,1226.3799999999999,28.376753246753243,77,0,3421.0,3451.0,3439.75,3409.75,1201.3799999999999,1251.3799999999999
24,124,3460.375,1226.3799999999999,25.272876712328767,73,0,3451.0,3481.0,3469.75,3439.75,1201.3799999999999,1251.3799999999999
24,125,3490.375,1226.3799999999999,24.969117647058823,68,0,3481.0,3511.0,3499.75,3469.75,1201.3799999999999,1251.3799999999999
24,126,3520.375,1226.3799999999999,25.75690756302521,85,0,3511.0,3541.0,3529.75,3499.75,1201.3799999999999,1251.3799999999999
24,127,3550.375,1226.3799999999999,23.626111111111104,72,0,3541.0,3571.0,3559.75,3529.75,1201.3799999999999,1251.3799999999999
24,128,3580.375,1226.3799999999999,26.319487179487187,78,0,3571.0,3601.0,3589.75,3559.75,1201.3799999999999,1251.3799999999999
24,129,3610.375,1226.3799999999999,31.937656249999996,64,0,3601.0,3631.0,3619.75,3589.75,1201.3799999999999,1251.3799999999999
24,130,3640.375,1226.3799999999999,34.25218181818182,55,0,3631.0,3661.0,3649.75,3619.75,1201.3799999999999,1251.3799999999999
24,131,3670.375,1226.3799999999999,37.20320754716982,53,0,3661.0,3691.0,3679.75,3649.75,1201.3799999999999,1251.3799999999999
24,132,3700.375,1226.3799999999999,32.671612903225814,62,0,3691.0,3721.0,3709.75,3679.75,1201.3799999999999,1251.3799999999999
24,133,3730.375,1226.3799999999999,30.9211475409836,61,0,3721.0,3751.0,3739.75,3709.75,1201.3799999999999,1251.3799999999999
24,134,3760.375,1226.3799999999999,21.305294117647062,17,0,3751.0,3781.0,3769.75,3739.75,1201.3799999999999,1251.3799999999999
24,135,3790.375,1226.3799999999999,,0,0,3781.0,3811.0,3799.75,3769.75,1201.3799999999999,1251.3799999999999
24,136,3820.375,1226.3799999999999,,0,0,3811.0,3841.0,3829.75,3799.75,1201.3799999999999,1251.3799999999999
25,9,-0.875,1276.3799999999999,76.72714285714287,7,0,-10.25,19.75,8.5,-21.5,1251.3799999999999,1301.3799999999999
25,10,29.125,1276.3799999999999,74.18909090909092,22,0,19.75,49.75,38.5,8.5,1251.3799999999999,1301.3799999999999
25,11,59.125,1276.3799999999999,63.77118827160494,18,0,49.75,79.75,68.5,38.5,1251.3799999999999,1301.3799999999999
25,12,89.125,1276.3799999999999,59.22588235294117,34,0,79.75,109.75,98.5,68.5,1251.3799999999999,1301.3799999999999
25,13,119.125,1276.3799999999999,64.997890625,32,0,109.75,139.75,128.5,98.5,1251.3799999999999,1301.3799999999999
25,14,149.125,1276.3799999999999,64.70213235294116,34,0,139.75,169.75,158.5,128.5,1251.3799999999999,1301.3799999999999
25,15,179.125,1276.3799999999999,58.642799999999994,25,0,169.75,199.75,188.5,158.5,1251.3799999999999,1301.3799999999999
25,16,209.125,1276.3799999999999,64.79852941176472,34,0,199.75,229.75,218.5,188.5,1251.3799999999999,1301.3799999999999
25,17,239.125,1276.3799999999999,65.55673992673991,39,0,229.75,259.75,248.5,218.5,1251.3799999999999,1301.3799999999999
25,18,269.125,1276.3799999999999,63.63583333333333,24,0,259.75,289.75,278.5,248.5,1251.3799999999999,1301.3799999999999
25,19,299.125,1276.3799999999999,66.66888888888887,18,0,289.75,319.75,308.5,278.5,1251.3799999999999,1301.3799999999999
25,20,329.125,1276.3799999999999,40.580625000000005,40,0,319.75,349.75,338.5,308.5,1251.3799999999999,1301.3799999999999
25,21,359.125,1276.3799999999999,45.45709523809522,30,0,349.75,379.75,368.5,338.5,1251.3799999999999,1301.3799999999999
25,22,389.125,1276.3799999999999,63.35964912280705,38,0,379.75,409.75,398.5,368.5,1251.3799999999999,1301.3799999999999
25,23,419.125,1276.3799999999999,68.8475,20,0,409.75,439.75,428.5,398.5,1251.3799999999999,1301.3799999999999
25,24,449.125,1276.3799999999999,68.92413333333333,25,0,439.75,469.75,458.5,428.5,1251.3799999999999,1301.3799999999999
25,25,479.125,1276.3799999999999,70.20084033613445,17,0,469.75,499.75,488.5,458.5,1251.3799999999999,1301.3799999999999
25,26,509.125,1276.3799999999999,63.76489130434781,23,0,499.75,529.75,518.5,488.5,1251.3799999999999,1301.3799999999999
25,27,539.125,1276.3799999999999,53.43215873015873,40,0,529.75,559.75,548.5,518.5,1251.3799999999999,1301.3799999999999
25,28,569.125,1276.3799999999999,67.03776315789474,19,0,559.75,589.75,578.5,548.5,1251.3799999999999,1301.3799999999999
25,29,599.125,1276.3799999999999,67.67808823529411,17,0,589.75,619.75,608.5,578.5,1251.3799999999999,1301.3799999999999
25,30,629.125,1276.3799999999999,60.83,28,0,619.75,649.75,638.5,608.5,1251.3799999999999,1301.3799999999999
25,31,659.125,1276.3799999999999,62.29709677419356,31,0,649.75,679.75,668.5,638.5,1251.3799999999999,1301.3799999999999
25,32,689.125,1276.3799999999999,60.28084291187741,29,0,679.75,709.75,698.5,668.5,1251.3799999999999,1301.3799999999999
25,33,719.125,1276.3799999999999,58.372187499999995,32,0,709.75,739.75,728.5,698.5,1251.3799999999999,1301.3799999999999
25,34,749.125,1276.3799999999999,64.90699507389162,29,0,739.75,769.75,758.5,728.5,1251.3799999999999,1301.3799999999999
25,35,779.125,1276.3799999999999,40.94626543209876,54,0,769.75,799.75,788.5,758.5,1251.3799999999999,1301.3799999999999
25,36,809.125,1276.3799999999999,36.73637715179967,71,0,799.75,829.75,818.5,788.5,1251.3799999999999,1301.3799999999999
25,37,839.125,1276.3799999999999,52.58087301587301,42,0,829.75,859.75,848.5,818.5,1251.3799999999999,1301.3799999999999
25,38,869.125,1276.3799999999999,59.1180888888889,25,0,859.75,889.75,878.5,848.5,1251.3799999999999,1301.3799999999999
25,39,899.125,1276.3799999999999,61.35176470588235,17,0,889.75,919.75,908.5,878.5,1251.3799999999999,1301.3799999999999
25,40,929.125,1276.3799999999999,57.198149350649345,44,0,919.75,949.75,938.5,908.5,1251.3799999999999,1301.3799999999999
25,41,959.125,1276.3799999999999,62.559555555555555,30,0,949.75,979.75,968.5,938.5,1251.3799999999999,1301.3799999999999
25,42,989.125,1276.3799999999999,60.64496336996337,26,0,979.75,1009.75,998.5,968.5,1251.3799999999999,1301.3799999999999
25,43,1019.125,1276.3799999999999,63.64206896551725,29,0,1009.75,1039.75,1028.5,998.5,1251.3799999999999,1301.3799999999999
25,44,1049.125,1276.3799999999999,62.9121875,32,0,1039.75,1069.75,1058.5,1028.5,1251.3799999999999,1301.3799999999999
25,45,1079.125,1276.3799999999999,57.52161616161615,33,0,1069.75,1099.75,1088.5,1058.5,1251.3799999999999,1301.3799999999999
25,46,1109.125,1276.3799999999999,58.044228571428555,25,0,1099.75,1129.75,1118.5,1088.5,1251.3799999999999,1301.3799999999999
25,47,1139.125,1276.3799999999999,54.89232558139533,43,0,1129.75,1159.75,1148.5,1118.5,1251.3799999999999,1301.3799999999999
25,48,1169.125,1276.3799999999999,62.9472222222222,26,0,1159.75,1189.75,1178.5,1148.5,1251.3799999999999,1301.3799999999999
25,49,1199.125,1276.3799999999999,62.66818181818181,33,0,1189.75,1219.75,1208.5,1178.5,1251.3799999999999,1301.3799999999999
25,50,1229.125,1276.3799999999999,64.98733333333334,30,0,1219.75,1249.75,1238.5,1208.5,1251.3799999999999,1301.3799999999999
25,51,1259.125,1276.3799999999999,59.23761904761905,21,0,1249.75,1279.75,1268.5,1238.5,1251.3799999999999,1301.3799999999999
25,52,1289.125,1276.3799999999999,56.84616666666668,40,0,1279.75,1309.75,1298.5,1268.5,1251.3799999999999,1301.3799999999999
25,53,1319.125,1276.3799999999999,60.36810035842293,31,0,1309.75,1339.75,1328.5,1298.5,1251.3799999999999,1301.3799999999999
25,54,1349.125,1276.3799999999999,59.444545454545455,11,0,1339.75,1369.75,1358.5,1328.5,1251.3799999999999,1301.3799999999999
25,55,1379.125,1276.3799999999999,59.773703703703696,27,0,1369.75,1399.75,1388.5,1358.5,1251.3799999999999,1301.3799999999999
25,56,1409.125,1276.3799999999999,67.97970588235295,17,0,1399.75,1429.75,1418.5,1388.5,1251.3799999999999,1301.3799999999999
25,57,1439.125,1276.3799999999999,67.4688888888889,9,0,1429.75,1459.75,1448.5,1418.5,1251.3799999999999,1301.3799999999999
25,58,1469.125,1276.3799999999999,52.96352941176468,51,0,1459.75,1489.75,1478.5,1448.5,1251.3799999999999,1301.3799999999999
25,59,1499.125,1276.3799999999999,51.28827586206898,58,0,1489.75,1519.75,1508.5,1478.5,1251.3799999999999,1301.3799999999999
25,60,1529.125,1276.3799999999999,56.09977272727272,44,0,1519.75,1549.75,1538.5,1508.5,1251.3799999999999,1301.3799999999999
25,61,1559.125,1276.3799999999999,55.11427777777779,45,0,1549.75,1579.75,1568.5,1538.5,1251.3799999999999,1301.3799999999999
25,62,1589.125,1276.3799999999999,48.347110389610386,44,0,1579.75,1609.75,1598.5,1568.5,1251.3799999999999,1301.3799999999999
25,63,1619.125,1276.3799999999999,44.44175,30,0,1609.75,1639.75,1628.5,1598.5,1251.3799999999999,1301.3799999999999
25,64,1649.125,1276.3799999999999,36.62245283018867,53,0,1639.75,1669.75,1658.5,1628.5,1251.3799999999999,1301.3799999999999
25,65,1679.125,1276.3799999999999,53.83390243902441,41,0,1669.75,1699.75,1688.5,1658.5,1251.3799999999999,1301.3799999999999
25,66,1709.125,1276.3799999999999,57.53035714285715,25,0,1699.75,1729.75,1718.5,1688.5,1251.3799999999999,1301.3799999999999
25,67,1739.125,1276.3799999999999,47.75960784313724,51,0,1729.75,1759.75,1748.5,1718.5,1251.3799999999999,1301.3799999999999
25,68,1769.125,1276.3799999999999,43.25139534883721,43,0,1759.75,1789.75,1778.5,1748.5,1251.3799999999999,1301.3799999999999
25,69,1799.125,1276.3799999999999,21.479553571428585,112,0,1789.75,1819.75,1808.5,1778.5,1251.3799999999999,1301.3799999999999
25,70,1829.125,1276.3799999999999,15.856249999999996,106,0,1819.75,1849.75,1838.5,1808.5,1251.3799999999999,1301.3799999999999
25,71,1859.125,1276.3799999999999,18.90778846153846,104,0,1849.75,1879.75,1868.5,1838.5,1251.3799999999999,1301.3799999999999
25,72,1889.125,1276.3799999999999,35.51224137931034,58,0,1879.75,1909.75,1898.5,1868.5,1251.3799999999999,1301.3799999999999
25,73,1919.125,1276.3799999999999,37.1098275862069,58,0,1909.75,1939.75,1928.5,1898.5,1251.3799999999999,1301.3799999999999
25,74,1949.125,1276.3799999999999,30.0627868852459,61,0,1939.75,1969.75,1958.5,1928.5,1251.3799999999999,1301.3799999999999
25,75,1979.125,1276.3799999999999,31.025000000000006,56,0,1969.75,1999.75,1988.5,1958.5,1251.3799999999999,1301.3799999999999
25,76,2009.125,1276.3799999999999,26.278630952380954,84,0,1999.75,2029.75,2018.5,1988.5,1251.3799999999999,1301.3799999999999
25,77,2039.125,1276.3799999999999,26.25069444444444,72,0,2029.75,2059.75,2048.5,2018.5,1251.3799999999999,1301.3799999999999
25,78,2069.125,1276.3799999999999,35.115967741935485,62,0,2059.75,2089.75,2078.5,2048.5,1251.3799999999999,1301.3799999999999
25,79,2099.125,1276.3799999999999,37.074769230769235,65,0,2089.75,2119.75,2108.5,2078.5,1251.3799999999999,1301.3799999999999
25,80,2129.125,1276.3799999999999,40.98,45,0,2119.75,2149.75,2138.5,2108.5,1251.3799999999999,1301.3799999999999
25,81,2159.125,1276.3799999999999,36.7848653198653,66,0,2149.75,2179.75,2168.5,2138.5,1251.3799999999999,1301.3799999999999
25,82,2189.125,1276.3799999999999,37.74502645502646,63,0,2179.75,2209.75,2198.5,2168.5,1251.3799999999999,1301.3799999999999
25,83,2219.125,1276.3799999999999,31.114337899543386,73,0,2209.75,2239.75,2228.5,2198.5,1251.3799999999999,1301.3799999999999
25,84,2249.125,1276.3799999999999,26.486,85,0,2239.75,2269.75,2258.5,2228.5,1251.3799999999999,1301.3799999999999
25,85,2279.125,1276.3799999999999,23.77391304347826,92,0,2269.75,2299.75,2288.5,2258.5,1251.3799999999999,1301.3799999999999
25,86,2309.125,1276.3799999999999,17.28264150943396,106,0,2299.75,2329.75,2318.5,2288.5,1251.3799999999999,1301.3799999999999
25,87,2339.125,1276.3799999999999,25.60339622641509,53,0,2329.75,2359.75,2348.5,2318.5,1251.3799999999999,1301.3799999999999
25,88,2369.125,1276.3799999999999,28.5431506849315,73,0,2359.75,2389.75,2378.5,2348.5,1251.3799999999999,1301.3799999999999
25,89,2399.125,1276.3799999999999,27.386179775280887,89,0,2389.75,2419.75,2408.5,2378.5,1251.3799999999999,1301.3799999999999
25,90,2429.125,1276.3799999999999,34.834696969696964,66,0,2419.75,2449.75,2438.5,2408.5,1251.3799999999999,1301.3799999999999
25,91,2459.125,1276.3799999999999,35.06345454545454,55,0,2449.75,2479.75,2468.5,2438.5,1251.3799999999999,1301.3799999999999
25,92,2489.125,1276.3799999999999,29.700612244897947,49,0,2479.75,2509.75,2498.5,2468.5,1251.3799999999999,1301.3799999999999
25,93,2519.125,1276.3799999999999,25.57522388059701,67,0,2509.75,2539.75,2528.5,2498.5,1251.3799999999999,1301.3799999999999
25,94,2549.125,1276.3799999999999,22.518000000000004,80,0,2539.75,2569.75,2558.5,2528.5,1251.3799999999999,1301.3799999999999
25,95,2579.125,1276.3799999999999,25.274776119402983,67,0,2569.75,2599.75,2588.5,2558.5,1251.3799999999999,1301.3799999999999
25,96,2609.125,1276.3799999999999,28.388507462686565,67,0,2599.75,2629.75,2618.5,2588.5,1251.3799999999999,1301.3799999999999
25,97,2639.125,1276.3799999999999,32.386112412177994,61,0,2629.75,2659.75,2648.5,2618.5,1251.3799999999999,1301.3799999999999
25,98,2669.125,1276.3799999999999,36.2439191919192,55,0,2659.75,2689.75,2678.5,2648.5,1251.3799999999999,1301.3799999999999
25,99,2699.125,1276.3799999999999,31.452112676056345,71,0,2689.75,2719.75,2708.5,2678.5,1251.3799999999999,1301.3799999999999
25,100,2729.125,1276.3799999999999,27.166795865633084,86,0,2719.75,2749.75,2738.5,2708.5,1251.3799999999999,1301.3799999999999
25,101,2759.125,1276.3799999999999,23.837042253521126,71,0,2749.75,2779.75,2768.5,2738.5,1251.3799999999999,1301.3799999999999
25,102,2789.125,1276.3799999999999,24.247936507936508,84,0,2779.75,2809.75,2798.5,2768.5,1251.3799999999999,1301.3799999999999
25,103,2819.125,1276.3799999999999,22.743486590038312,87,0,2809.75,2839.75,2828.5,2798.5,1251.3799999999999,1301.3799999999999
25,104,2849.125,1276.3799999999999,29.446428571428566,66,0,2839.75,2869.75,2858.5,2828.5,1251.3799999999999,1301.3799999999999
25,105,2879.125,1276.3799999999999,28.31110902255639,76,0,2869.75,2899.75,2888.5,2858.5,1251.3799999999999,1301.3799999999999
25,106,2909.125,1276.3799999999999,24.21244186046511,86,0,2899.75,2929.75,2918.5,2888.5,1251.3799999999999,1301.3799999999999
25,107,2939.125,1276.3799999999999,18.230617283950615,81,0,2929.75,2959.75,2948.5,2918.5,1251.3799999999999,1301.3799999999999
25,108,2969.125,1276.3799999999999,29.80295454545454,66,0,2959.75,2989.75,2978.5,2948.5,1251.3799999999999,1301.3799999999999
25,109,2999.125,1276.3799999999999,37.92058823529412,51,0,2989.75,3019.75,3008.5,2978.5,1251.3799999999999,1301.3799999999999
25,110,3029.125,1276.3799999999999,41.54642857142857,56,0,3019.75,3049.75,3038.5,3008.5,1251.3799999999999,1301.3799999999999
25,111,3059.125,1276.3799999999999,36.8857962962963,60,0,3049.75,3079.75,3068.5,3038.5,1251.3799999999999,1301.3799999999999
25,112,3089.125,1276.3799999999999,33.349076923076915,65,0,3079.75,3109.75,3098.5,3068.5,1251.3799999999999,1301.3799999999999
25,113,3119.125,1276.3799999999999,35.68519230769231,52,0,3109.75,3139.75,3128.5,3098.5,1251.3799999999999,1301.3799999999999
25,114,3149.125,1276.3799999999999,37.070028571428566,50,0,3139.75,3169.75,3158.5,3128.5,1251.3799999999999,1301.3799999999999
25,115,3179.125,1276.3799999999999,34.89696428571429,56,0,3169.75,3199.75,3188.5,3158.5,1251.3799999999999,1301.3799999999999
25,116,3209.125,1276.3799999999999,32.12344671201816,63,0,3199.75,3229.75,3218.5,3188.5,1251.3799999999999,1301.3799999999999
25,117,3239.125,1276.3799999999999,25.327023809523812,84,0,3229.75,3259.75,3248.5,3218.5,1251.3799999999999,1301.3799999999999
25,118,3269.125,1276.3799999999999,17.75663636363636,110,0,3259.75,3289.75,3278.5,3248.5,1251.3799999999999,1301.3799999999999
25,119,3299.125,1276.3799999999999,15.300909090909093,99,0,3289.75,3319.75,3308.5,3278.5,1251.3799999999999,1301.3799999999999
25,120,3329.125,1276.3799999999999,22.13652173913043,69,0,3319.75,3349.75,3338.5,3308.5,1251.3799999999999,1301.3799999999999
25,121,3359.125,1276.3799999999999,29.91245614035087,57,0,3349.75,3379.75,3368.5,3338.5,1251.3799999999999,1301.3799999999999
25,122,3389.125,1276.3799999999999,27.099545454545453,66,0,3379.75,3409.75,3398.5,3368.5,1251.3799999999999,1301.3799999999999
25,123,3419.125,1276.3799999999999,27.691743827160504,72,0,3409.75,3439.75,3428.5,3398.5,1251.3799999999999,1301.3799999999999
25,124,3449.125,1276.3799999999999,25.58944015444016,74,0,3439.75,3469.75,3458.5,3428.5,1251.3799999999999,1301.3799999999999
25,125,3479.125,1276.3799999999999,25.169117647058812,68,0,3469.75,3499.75,3488.5,3458.5,1251.3799999999999,1301.3799999999999
25,126,3509.125,1276.3799999999999,25.906374999999997,80,0,3499.75,3529.75,3518.5,3488.5,1251.3799999999999,1301.3799999999999
25,127,3539.125,1276.3799999999999,25.968151128996197,71,0,3529.75,3559.75,3548.5,3518.5,1251.3799999999999,1301.3799999999999
25,128,3569.125,1276.3799999999999,27.70982758620689,58,0,3559.75,3589.75,3578.5,3548.5,1251.3799999999999,1301.3799999999999
25,129,3599.125,1276.3799999999999,30.700000000000006,66,0,3589.75,3619.75,3608.5,3578.5,1251.3799999999999,1301.3799999999999
25,130,3629.125,1276.3799999999999,36.62311111111111,45,0,3619.75,3649.75,3638.5,3608.5,1251.3799999999999,1301.3799999999999
25,131,3659.125,1276.3799999999999,34.80845238095238,48,0,3649.75,3679.75,3668.5,3638.5,1251.3799999999999,1301.3799999999999
25,132,3689.125,1276.3799999999999,35.507000000000005,50,0,3679.75,3709.75,3698.5,3668.5,1251.3799999999999,1301.3799999999999
25,133,3719.125,1276.3799999999999,31.02152542372882,59,0,3709.75,3739.75,3728.5,3698.5,1251.3799999999999,1301.3799999999999
25,134,3749.125,1276.3799999999999,28.468139534883733,43,0,3739.75,3769.75,3758.5,3728.5,1251.3799999999999,1301.3799999999999
25,135,3779.125,1276.3799999999999,30.58,1,0,3769.75,3799.75,3788.5,3758.5,1251.3799999999999,1301.3799999999999
25,136,3809.125,1276.3799999999999,,0,0,3799.75,3829.75,3818.5,3788.5,1251.3799999999999,1301.3799999999999
25,137,3839.125,1276.3799999999999,,0,0,3829.75,3859.75,3848.5,3818.5,1251.3799999999999,1301.3799999999999
26,9,-12.125,1326.3799999999999,70.91,1,0,-21.5,8.5,-2.75,-32.75,1301.3799999999999,1351.3799999999999
26,10,17.875,1326.3799999999999,75.89333333333332,18,0,8.5,38.5,27.25,-2.75,1301.3799999999999,1351.3799999999999
26,11,47.875,1326.3799999999999,71.04,18,0,38.5,68.5,57.25,27.25,1301.3799999999999,1351.3799999999999
26,12,77.875,1326.3799999999999,59.293793103448266,29,0,68.5,98.5,87.25,57.25,1301.3799999999999,1351.3799999999999
26,13,107.875,1326.3799999999999,65.63914285714289,35,0,98.5,128.5,117.25,87.25,1301.3799999999999,1351.3799999999999
26,14,137.875,1326.3799999999999,64.12268292682926,41,0,128.5,158.5,147.25,117.25,1301.3799999999999,1351.3799999999999
26,15,167.875,1326.3799999999999,59.624117647058824,34,0,158.5,188.5,177.25,147.25,1301.3799999999999,1351.3799999999999
26,16,197.875,1326.3799999999999,66.75458333333333,24,0,188.5,218.5,207.25,177.25,1301.3799999999999,1351.3799999999999
26,17,227.875,1326.3799999999999,65.96324324324324,37,0,218.5,248.5,237.25,207.25,1301.3799999999999,1351.3799999999999
26,18,257.875,1326.3799999999999,62.49483870967744,31,0,248.5,278.5,267.25,237.25,1301.3799999999999,1351.3799999999999
26,19,287.875,1326.3799999999999,66.48333333333333,21,0,278.5,308.5,297.25,267.25,1301.3799999999999,1351.3799999999999
26,20,317.875,1326.3799999999999,56.02629629629631,27,0,308.5,338.5,327.25,297.25,1301.3799999999999,1351.3799999999999
26,21,347.875,1326.3799999999999,45.869677419354815,31,0,338.5,368.5,357.25,327.25,1301.3799999999999,1351.3799999999999
26,22,377.875,1326.3799999999999,52.543243243243225,37,0,368.5,398.5,387.25,357.25,1301.3799999999999,1351.3799999999999
26,23,407.875,1326.3799999999999,63.9057894736842,38,0,398.5,428.5,417.25,387.25,1301.3799999999999,1351.3799999999999
26,24,437.875,1326.3799999999999,68.08333333333333,24,0,428.5,458.5,447.25,417.25,1301.3799999999999,1351.3799999999999
26,25,467.875,1326.3799999999999,70.58478260869566,23,0,458.5,488.5,477.25,447.25,1301.3799999999999,1351.3799999999999
26,26,497.875,1326.3799999999999,69.00952380952381,21,0,488.5,518.5,507.25,477.25,1301.3799999999999,1351.3799999999999
26,27,527.875,1326.3799999999999,53.45622222222222,45,0,518.5,548.5,537.25,507.25,1301.3799999999999,1351.3799999999999
26,28,557.875,1326.3799999999999,63.182999999999986,30,0,548.5,578.5,567.25,537.25,1301.3799999999999,1351.3799999999999
26,29,587.875,1326.3799999999999,66.73550000000002,20,0,578.5,608.5,597.25,567.25,1301.3799999999999,1351.3799999999999
26,30,617.875,1326.3799999999999,62.342727272727274,22,0,608.5,638.5,627.25,597.25,1301.3799999999999,1351.3799999999999
26,31,647.875,1326.3799999999999,60.15694444444445,36,0,638.5,668.5,657.25,627.25,1301.3799999999999,1351.3799999999999
26,32,677.875,1326.3799999999999,60.59680000000001,25,0,668.5,698.5,687.25,657.25,1301.3799999999999,1351.3799999999999
26,33,707.875,1326.3799999999999,60.57710526315791,38,0,698.5,728.5,717.25,687.25,1301.3799999999999,1351.3799999999999
26,34,737.875,1326.3799999999999,62.41645161290324,31,0,728.5,758.5,747.25,717.25,1301.3799999999999,1351.3799999999999
26,35,767.875,1326.3799999999999,55.059705882352944,34,0,758.5,788.5,777.25,747.25,1301.3799999999999,1351.3799999999999
26,36,797.875,1326.3799999999999,38.81984126984126,63,0,788.5,818.5,807.25,777.25,1301.3799999999999,1351.3799999999999
26,37,827.875,1326.3799999999999,44.03,48,0,818.5,848.5,837.25,807.25,1301.3799999999999,1351.3799999999999
26,38,857.875,1326.3799999999999,55.0763636363636,33,0,848.5,878.5,867.25,837.25,1301.3799999999999,1351.3799999999999
26,39,887.875,1326.3799999999999,60.45666666666667,15,0,878.5,908.5,897.25,867.25,1301.3799999999999,1351.3799999999999
26,40,917.875,1326.3799999999999,61.074374999999996,32,0,908.5,938.5,927.25,897.25,1301.3799999999999,1351.3799999999999
26,41,947.875,1326.3799999999999,59.16097560975611,41,0,938.5,968.5,957.25,927.25,1301.3799999999999,1351.3799999999999
26,42,977.875,1326.3799999999999,63.45838709677421,31,0,968.5,998.5,987.25,957.25,1301.3799999999999,1351.3799999999999
26,43,1007.875,1326.3799999999999,63.019999999999996,26,0,998.5,1028.5,1017.25,987.25,1301.3799999999999,1351.3799999999999
26,44,1037.875,1326.3799999999999,63.86290322580645,31,0,1028.5,1058.5,1047.25,1017.25,1301.3799999999999,1351.3799999999999
26,45,1067.875,1326.3799999999999,61.96851851851852,27,0,1058.5,1088.5,1077.25,1047.25,1301.3799999999999,1351.3799999999999
26,46,1097.875,1326.3799999999999,59.351111111111095,27,0,1088.5,1118.5,1107.25,1077.25,1301.3799999999999,1351.3799999999999
26,47,1127.875,1326.3799999999999,53.46310344827586,58,0,1118.5,1148.5,1137.25,1107.25,1301.3799999999999,1351.3799999999999
26,48,1157.875,1326.3799999999999,61.39266666666668,30,0,1148.5,1178.5,1167.25,1137.25,1301.3799999999999,1351.3799999999999
26,49,1187.875,1326.3799999999999,62.47787878787879,33,0,1178.5,1208.5,1197.25,1167.25,1301.3799999999999,1351.3799999999999
26,50,1217.875,1326.3799999999999,62.978181818181824,33,0,1208.5,1238.5,1227.25,1197.25,1301.3799999999999,1351.3799999999999
26,51,1247.875,1326.3799999999999,61.21862068965518,29,0,1238.5,1268.5,1257.25,1227.25,1301.3799999999999,1351.3799999999999
26,52,1277.875,1326.3799999999999,61.722380952380945,21,0,1268.5,1298.5,1287.25,1257.25,1301.3799999999999,1351.3799999999999
26,53,1307.875,1326.3799999999999,54.621249999999996,48,0,1298.5,1328.5,1317.25,1287.25,1301.3799999999999,1351.3799999999999
26,54,1337.875,1326.3799999999999,62.34368421052633,19,0,1328.5,1358.5,1347.25,1317.25,1301.3799999999999,1351.3799999999999
26,55,1367.875,1326.3799999999999,57.01777777777777,18,0,1358.5,1388.5,1377.25,1347.25,1301.3799999999999,1351.3799999999999
26,56,1397.875,1326.3799999999999,63.47517241379312,29,0,1388.5,1418.5,1407.25,1377.25,1301.3799999999999,1351.3799999999999
26,57,1427.875,1326.3799999999999,69.679,10,0,1418.5,1448.5,1437.25,1407.25,1301.3799999999999,1351.3799999999999
26,58,1457.875,1326.3799999999999,52.290769230769236,26,0,1448.5,1478.5,1467.25,1437.25,1301.3799999999999,1351.3799999999999
26,59,1487.875,1326.3799999999999,52.56564516129034,62,0,1478.5,1508.5,1497.25,1467.25,1301.3799999999999,1351.3799999999999
26,60,1517.875,1326.3799999999999,52.4596153846154,52,0,1508.5,1538.5,1527.25,1497.25,1301.3799999999999,1351.3799999999999
26,61,1547.875,1326.3799999999999,51.14819999999999,50,0,1538.5,1568.5,1557.25,1527.25,1301.3799999999999,1351.3799999999999
26,62,1577.875,1326.3799999999999,48.01244444444444,45,0,1568.5,1598.5,1587.25,1557.25,1301.3799999999999,1351.3799999999999
26,63,1607.875,1326.3799999999999,46.497560975609765,41,0,1598.5,1628.5,1617.25,1587.25,1301.3799999999999,1351.3799999999999
26,64,1637.875,1326.3799999999999,48.55039999999999,25,0,1628.5,1658.5,1647.25,1617.25,1301.3799999999999,1351.3799999999999
26,65,1667.875,1326.3799999999999,46.28946428571428,56,0,1658.5,1688.5,1677.25,1647.25,1301.3799999999999,1351.3799999999999
26,66,1697.875,1326.3799999999999,62.01,22,0,1688.5,1718.5,1707.25,1677.25,1301.3799999999999,1351.3799999999999
26,67,1727.875,1326.3799999999999,47.94688888888889,45,0,1718.5,1748.5,1737.25,1707.25,1301.3799999999999,1351.3799999999999
26,68,1757.875,1326.3799999999999,45.635319148936176,47,0,1748.5,1778.5,1767.25,1737.25,1301.3799999999999,1351.3799999999999
26,69,1787.875,1326.3799999999999,26.661052631578947,76,0,1778.5,1808.5,1797.25,1767.25,1301.3799999999999,1351.3799999999999
26,70,1817.875,1326.3799999999999,23.003150684931494,73,0,1808.5,1838.5,1827.25,1797.25,1301.3799999999999,1351.3799999999999
26,71,1847.875,1326.3799999999999,26.690454545454553,88,0,1838.5,1868.5,1857.25,1827.25,1301.3799999999999,1351.3799999999999
26,72,1877.875,1326.3799999999999,30.512597402597418,77,0,1868.5,1898.5,1887.25,1857.25,1301.3799999999999,1351.3799999999999
26,73,1907.875,1326.3799999999999,36.63896551724139,58,0,1898.5,1928.5,1917.25,1887.25,1301.3799999999999,1351.3799999999999
26,74,1937.875,1326.3799999999999,36.83155172413792,58,0,1928.5,1958.5,1947.25,1917.25,1301.3799999999999,1351.3799999999999
26,75,1967.875,1326.3799999999999,32.87133333333334,60,0,1958.5,1988.5,1977.25,1947.25,1301.3799999999999,1351.3799999999999
26,76,1997.875,1326.3799999999999,36.03314814814815,54,0,1988.5,2018.5,2007.25,1977.25,1301.3799999999999,1351.3799999999999
26,77,2027.875,1326.3799999999999,37.8298275862069,58,0,2018.5,2048.5,2037.25,2007.25,1301.3799999999999,1351.3799999999999
26,78,2057.875,1326.3799999999999,36.63600000000001,60,0,2048.5,2078.5,2067.25,2037.25,1301.3799999999999,1351.3799999999999
26,79,2087.875,1326.3799999999999,39.36298245614035,57,0,2078.5,2108.5,2097.25,2067.25,1301.3799999999999,1351.3799999999999
26,80,2117.875,1326.3799999999999,40.384385964912276,57,0,2108.5,2138.5,2127.25,2097.25,1301.3799999999999,1351.3799999999999
26,81,2147.875,1326.3799999999999,41.82581818181819,55,0,2138.5,2168.5,2157.25,2127.25,1301.3799999999999,1351.3799999999999
26,82,2177.875,1326.3799999999999,41.96645161290323,62,0,2168.5,2198.5,2187.25,2157.25,1301.3799999999999,1351.3799999999999
26,83,2207.875,1326.3799999999999,37.64888888888889,63,0,2198.5,2228.5,2217.25,2187.25,1301.3799999999999,1351.3799999999999
26,84,2237.875,1326.3799999999999,36.95799999999999,60,0,2228.5,2258.5,2247.25,2217.25,1301.3799999999999,1351.3799999999999
26,85,2267.875,1326.3799999999999,27.40442105263158,95,0,2258.5,2288.5,2277.25,2247.25,1301.3799999999999,1351.3799999999999
26,86,2297.875,1326.3799999999999,22.343846153846158,91,0,2288.5,2318.5,2307.25,2277.25,1301.3799999999999,1351.3799999999999
26,87,2327.875,1326.3799999999999,30.15254545454546,55,0,2318.5,2348.5,2337.25,2307.25,1301.3799999999999,1351.3799999999999
26,88,2357.875,1326.3799999999999,35.93099999999999,50,0,2348.5,2378.5,2367.25,2337.25,1301.3799999999999,1351.3799999999999
26,89,2387.875,1326.3799999999999,29.283766233766222,77,0,2378.5,2408.5,2397.25,2367.25,1301.3799999999999,1351.3799999999999
26,90,2417.875,1326.3799999999999,30.874146341463412,82,0,2408.5,2438.5,2427.25,2397.25,1301.3799999999999,1351.3799999999999
26,91,2447.875,1326.3799999999999,33.68657142857144,70,0,2438.5,2468.5,2457.25,2427.25,1301.3799999999999,1351.3799999999999
26,92,2477.875,1326.3799999999999,37.742195121951205,41,0,2468.5,2498.5,2487.25,2457.25,1301.3799999999999,1351.3799999999999
26,93,2507.875,1326.3799999999999,36.015,42,0,2498.5,2528.5,2517.25,2487.25,1301.3799999999999,1351.3799999999999
26,94,2537.875,1326.3799999999999,30.79677419354838,62,0,2528.5,2558.5,2547.25,2517.25,1301.3799999999999,1351.3799999999999
26,95,2567.875,1326.3799999999999,32.6694,50,0,2558.5,2588.5,2577.25,2547.25,1301.3799999999999,1351.3799999999999
26,96,2597.875,1326.3799999999999,31.979464285714293,56,0,2588.5,2618.5,2607.25,2577.25,1301.3799999999999,1351.3799999999999
26,97,2627.875,1326.3799999999999,34.086,70,0,2618.5,2648.5,2637.25,2607.25,1301.3799999999999,1351.3799999999999
26,98,2657.875,1326.3799999999999,37.20603773584905,53,0,2648.5,2678.5,2667.25,2637.25,1301.3799999999999,1351.3799999999999
26,99,2687.875,1326.3799999999999,37.0315873015873,63,0,2678.5,2708.5,2697.25,2667.25,1301.3799999999999,1351.3799999999999
26,100,2717.875,1326.3799999999999,33.104262295081966,61,0,2708.5,2738.5,2727.25,2697.25,1301.3799999999999,1351.3799999999999
26,101,2747.875,1326.3799999999999,28.449410714285715,80,0,2738.5,2768.5,2757.25,2727.25,1301.3799999999999,1351.3799999999999
26,102,2777.875,1326.3799999999999,30.810535714285713,56,0,2768.5,2798.5,2787.25,2757.25,1301.3799999999999,1351.3799999999999
26,103,2807.875,1326.3799999999999,27.507654320987655,81,0,2798.5,2828.5,2817.25,2787.25,1301.3799999999999,1351.3799999999999
26,104,2837.875,1326.3799999999999,28.87621621621621,74,0,2828.5,2858.5,2847.25,2817.25,1301.3799999999999,1351.3799999999999
26,105,2867.875,1326.3799999999999,33.036417910447774,67,0,2858.5,2888.5,2877.25,2847.25,1301.3799999999999,1351.3799999999999
26,106,2897.875,1326.3799999999999,26.911477272727282,88,0,2888.5,2918.5,2907.25,2877.25,1301.3799999999999,1351.3799999999999
26,107,2927.875,1326.3799999999999,23.341969696969688,66,0,2918.5,2948.5,2937.25,2907.25,1301.3799999999999,1351.3799999999999
26,108,2957.875,1326.3799999999999,31.964444444444442,63,0,2948.5,2978.5,2967.25,2937.25,1301.3799999999999,1351.3799999999999
26,109,2987.875,1326.3799999999999,40.72811320754718,53,0,2978.5,3008.5,2997.25,2967.25,1301.3799999999999,1351.3799999999999
26,110,3017.875,1326.3799999999999,43.43591836734694,49,0,3008.5,3038.5,3027.25,2997.25,1301.3799999999999,1351.3799999999999
26,111,3047.875,1326.3799999999999,39.462982456140345,57,0,3038.5,3068.5,3057.25,3027.25,1301.3799999999999,1351.3799999999999
26,112,3077.875,1326.3799999999999,36.76310344827586,58,0,3068.5,3098.5,3087.25,3057.25,1301.3799999999999,1351.3799999999999
26,113,3107.875,1326.3799999999999,33.39569444444444,72,0,3098.5,3128.5,3117.25,3087.25,1301.3799999999999,1351.3799999999999
26,114,3137.875,1326.3799999999999,39.910227272727276,44,0,3128.5,3158.5,3147.25,3117.25,1301.3799999999999,1351.3799999999999
26,115,3167.875,1326.3799999999999,38.832352941176474,51,0,3158.5,3188.5,3177.25,3147.25,1301.3799999999999,1351.3799999999999
26,116,3197.875,1326.3799999999999,34.63283018867924,53,0,3188.5,3218.5,3207.25,3177.25,1301.3799999999999,1351.3799999999999
26,117,3227.875,1326.3799999999999,30.1747619047619,63,0,3218.5,3248.5,3237.25,3207.25,1301.3799999999999,1351.3799999999999
26,118,3257.875,1326.3799999999999,23.964062499999986,96,0,3248.5,3278.5,3267.25,3237.25,1301.3799999999999,1351.3799999999999
26,119,3287.875,1326.3799999999999,18.949528301886783,106,0,3278.5,3308.5,3297.25,3267.25,1301.3799999999999,1351.3799999999999
26,120,3317.875,1326.3799999999999,28.716181818181816,55,0,3308.5,3338.5,3327.25,3297.25,1301.3799999999999,1351.3799999999999
26,121,3347.875,1326.3799999999999,35.20215686274511,51,0,3338.5,3368.5,3357.25,3327.25,1301.3799999999999,1351.3799999999999
26,122,3377.875,1326.3799999999999,33.62080645161291,62,0,3368.5,3398.5,3387.25,3357.25,1301.3799999999999,1351.3799999999999
26,123,3407.875,1326.3799999999999,32.51220338983051,59,0,3398.5,3428.5,3417.25,3387.25,1301.3799999999999,1351.3799999999999
26,124,3437.875,1326.3799999999999,32.48050847457628,59,0,3428.5,3458.5,3447.25,3417.25,1301.3799999999999,1351.3799999999999
26,125,3467.875,1326.3799999999999,32.956610169491526,59,0,3458.5,3488.5,3477.25,3447.25,1301.3799999999999,1351.3799999999999
26,126,3497.875,1326.3799999999999,31.150000000000006,57,0,3488.5,3518.5,3507.25,3477.25,1301.3799999999999,1351.3799999999999
26,127,3527.875,1326.3799999999999,34.69878787878787,66,0,3518.5,3548.5,3537.25,3507.25,1301.3799999999999,1351.3799999999999
26,128,3557.875,1326.3799999999999,34.36425925925925,54,0,3548.5,3578.5,3567.25,3537.25,1301.3799999999999,1351.3799999999999
26,129,3587.875,1326.3799999999999,34.28599999999999,50,0,3578.5,3608.5,3597.25,3567.25,1301.3799999999999,1351.3799999999999
26,130,3617.875,1326.3799999999999,35.6388524590164,61,0,3608.5,3638.5,3627.25,3597.25,1301.3799999999999,1351.3799999999999
26,131,3647.875,1326.3799999999999,39.57431818181819,44,0,3638.5,3668.5,3657.25,3627.25,1301.3799999999999,1351.3799999999999
26,132,3677.875,1326.3799999999999,37.35446808510638,47,0,3668.5,3698.5,3687.25,3657.25,1301.3799999999999,1351.3799999999999
26,133,3707.875,1326.3799999999999,37.077400000000004,50,0,3698.5,3728.5,3717.25,3687.25,1301.3799999999999,1351.3799999999999
26,134,3737.875,1326.3799999999999,35.69108695652175,46,0,3728.5,3758.5,3747.25,3717.25,1301.3799999999999,1351.3799999999999
26,135,3767.875,1326.3799999999999,34.339999999999996,17,0,3758.5,3788.5,3777.25,3747.25,1301.3799999999999,1351.3799999999999
26,136,3797.875,1326.3799999999999,,0,0,3788.5,3818.5,3807.25,3777.25,1301.3799999999999,1351.3799999999999
26,137,3827.875,1326.3799999999999,,0,0,3818.5,3848.5,3837.25,3807.25,1301.3799999999999,1351.3799999999999
27,10,6.625,1376.3799999999999,64.55244444444445,15,0,-2.75,27.25,16.0,-14.0,1351.3799999999999,1401.3799999999999
27,11,36.625,1376.3799999999999,74.9073913043478,23,0,27.25,57.25,46.0,16.0,1351.3799999999999,1401.3799999999999
27,12,66.625,1376.3799999999999,65.46315789473684,19,0,57.25,87.25,76.0,46.0,1351.3799999999999,1401.3799999999999
27,13,96.625,1376.3799999999999,60.84852941176469,34,0,87.25,117.25,106.0,76.0,1351.3799999999999,1401.3799999999999
27,14,126.625,1376.3799999999999,64.41972222222223,36,0,117.25,147.25,136.0,106.0,1351.3799999999999,1401.3799999999999
27,15,156.625,1376.3799999999999,62.77076923076923,39,0,147.25,177.25,166.0,136.0,1351.3799999999999,1401.3799999999999
27,16,186.625,1376.3799999999999,60.394615384615385,26,0,177.25,207.25,196.0,166.0,1351.3799999999999,1401.3799999999999
27,17,216.625,1376.3799999999999,65.69447368421051,38,0,207.25,237.25,226.0,196.0,1351.3799999999999,1401.3799999999999
27,18,246.625,1376.3799999999999,63.86875,40,0,237.25,267.25,256.0,226.0,1351.3799999999999,1401.3799999999999
27,19,276.625,1376.3799999999999,65.83727272727272,22,0,267.25,297.25,286.0,256.0,1351.3799999999999,1401.3799999999999
27,20,306.625,1376.3799999999999,66.5595,20,0,297.25,327.25,316.0,286.0,1351.3799999999999,1401.3799999999999
27,21,336.625,1376.3799999999999,48.71416666666666,36,0,327.25,357.25,346.0,316.0,1351.3799999999999,1401.3799999999999
27,22,366.625,1376.3799999999999,52.19607142857142,28,0,357.25,387.25,376.0,346.0,1351.3799999999999,1401.3799999999999
27,23,396.625,1376.3799999999999,58.53279069767441,43,0,387.25,417.25,406.0,376.0,1351.3799999999999,1401.3799999999999
27,24,426.625,1376.3799999999999,67.7745,20,0,417.25,447.25,436.0,406.0,1351.3799999999999,1401.3799999999999
27,25,456.625,1376.3799999999999,67.4056,25,0,447.25,477.25,466.0,436.0,1351.3799999999999,1401.3799999999999
27,26,486.625,1376.3799999999999,69.47647058823529,17,0,477.25,507.25,496.0,466.0,1351.3799999999999,1401.3799999999999
27,27,516.625,1376.3799999999999,63.133043478260866,23,0,507.25,537.25,526.0,496.0,1351.3799999999999,1401.3799999999999
27,28,546.625,1376.3799999999999,53.77020833333336,48,0,537.25,567.25,556.0,526.0,1351.3799999999999,1401.3799999999999
27,29,576.625,1376.3799999999999,67.55571428571429,21,0,567.25,597.25,586.0,556.0,1351.3799999999999,1401.3799999999999
27,30,606.625,1376.3799999999999,65.8547619047619,21,0,597.25,627.25,616.0,586.0,1351.3799999999999,1401.3799999999999
27,31,636.625,1376.3799999999999,59.429354838709685,31,0,627.25,657.25,646.0,616.0,1351.3799999999999,1401.3799999999999
27,32,666.625,1376.3799999999999,60.28187499999999,32,0,657.25,687.25,676.0,646.0,1351.3799999999999,1401.3799999999999
27,33,696.625,1376.3799999999999,60.932432432432435,37,0,687.25,717.25,706.0,676.0,1351.3799999999999,1401.3799999999999
27,34,726.625,1376.3799999999999,59.171034482758614,29,0,717.25,747.25,736.0,706.0,1351.3799999999999,1401.3799999999999
27,35,756.625,1376.3799999999999,61.887741935483874,31,0,747.25,777.25,766.0,736.0,1351.3799999999999,1401.3799999999999
27,36,786.625,1376.3799999999999,47.531363636363636,44,0,777.25,807.25,796.0,766.0,1351.3799999999999,1401.3799999999999
27,37,816.625,1376.3799999999999,42.484482758620686,58,0,807.25,837.25,826.0,796.0,1351.3799999999999,1401.3799999999999
27,38,846.625,1376.3799999999999,49.43190476190477,42,0,837.25,867.25,856.0,826.0,1351.3799999999999,1401.3799999999999
27,39,876.625,1376.3799999999999,60.079130434782606,23,0,867.25,897.25,886.0,856.0,1351.3799999999999,1401.3799999999999
27,40,906.625,1376.3799999999999,60.93055555555556,18,0,897.25,927.25,916.0,886.0,1351.3799999999999,1401.3799999999999
27,41,936.625,1376.3799999999999,57.62545454545455,44,0,927.25,957.25,946.0,916.0,1351.3799999999999,1401.3799999999999
27,42,966.625,1376.3799999999999,63.977,30,0,957.25,987.25,976.0,946.0,1351.3799999999999,1401.3799999999999
27,43,996.625,1376.3799999999999,61.99079999999999,25,0,987.25,1017.25,1006.0,976.0,1351.3799999999999,1401.3799999999999
27,44,1026.625,1376.3799999999999,62.398928571428584,28,0,1017.25,1047.25,1036.0,1006.0,1351.3799999999999,1401.3799999999999
27,45,1056.625,1376.3799999999999,63.30935483870967,31,0,1047.25,1077.25,1066.0,1036.0,1351.3799999999999,1401.3799999999999
27,46,1086.625,1376.3799999999999,57.80969696969698,33,0,1077.25,1107.25,1096.0,1066.0,1351.3799999999999,1401.3799999999999
27,47,1116.625,1376.3799999999999,58.328399999999995,25,0,1107.25,1137.25,1126.0,1096.0,1351.3799999999999,1401.3799999999999
27,48,1146.625,1376.3799999999999,53.01117647058821,51,0,1137.25,1167.25,1156.0,1126.0,1351.3799999999999,1401.3799999999999
27,49,1176.625,1376.3799999999999,62.96766666666667,30,0,1167.25,1197.25,1186.0,1156.0,1351.3799999999999,1401.3799999999999
27,50,1206.625,1376.3799999999999,60.93941176470588,34,0,1197.25,1227.25,1216.0,1186.0,1351.3799999999999,1401.3799999999999
27,51,1236.625,1376.3799999999999,64.25176470588235,34,0,1227.25,1257.25,1246.0,1216.0,1351.3799999999999,1401.3799999999999
27,52,1266.625,1376.3799999999999,60.95428571428571,21,0,1257.25,1287.25,1276.0,1246.0,1351.3799999999999,1401.3799999999999
27,53,1296.625,1376.3799999999999,55.80111111111112,36,0,1287.25,1317.25,1306.0,1276.0,1351.3799999999999,1401.3799999999999
27,54,1326.625,1376.3799999999999,55.160000000000004,30,0,1317.25,1347.25,1336.0,1306.0,1351.3799999999999,1401.3799999999999
27,55,1356.625,1376.3799999999999,60.53153846153847,13,0,1347.25,1377.25,1366.0,1336.0,1351.3799999999999,1401.3799999999999
27,56,1386.625,1376.3799999999999,59.87133333333334,30,0,1377.25,1407.25,1396.0,1366.0,1351.3799999999999,1401.3799999999999
27,57,1416.625,1376.3799999999999,65.11733333333333,15,0,1407.25,1437.25,1426.0,1396.0,1351.3799999999999,1401.3799999999999
27,58,1446.625,1376.3799999999999,67.24111111111111,9,0,1437.25,1467.25,1456.0,1426.0,1351.3799999999999,1401.3799999999999
27,59,1476.625,1376.3799999999999,51.83377358490567,53,0,1467.25,1497.25,1486.0,1456.0,1351.3799999999999,1401.3799999999999
27,60,1506.625,1376.3799999999999,51.37854545454545,55,0,1497.25,1527.25,1516.0,1486.0,1351.3799999999999,1401.3799999999999
27,61,1536.625,1376.3799999999999,51.42673913043478,46,0,1527.25,1557.25,1546.0,1516.0,1351.3799999999999,1401.3799999999999
27,62,1566.625,1376.3799999999999,45.6394,50,0,1557.25,1587.25,1576.0,1546.0,1351.3799999999999,1401.3799999999999
27,63,1596.625,1376.3799999999999,48.55547619047619,42,0,1587.25,1617.25,1606.0,1576.0,1351.3799999999999,1401.3799999999999
27,64,1626.625,1376.3799999999999,53.90037037037037,27,0,1617.25,1647.25,1636.0,1606.0,1351.3799999999999,1401.3799999999999
27,65,1656.625,1376.3799999999999,47.55235294117648,34,0,1647.25,1677.25,1666.0,1636.0,1351.3799999999999,1401.3799999999999
27,66,1686.625,1376.3799999999999,49.92413043478261,46,0,1677.25,1707.25,1696.0,1666.0,1351.3799999999999,1401.3799999999999
27,67,1716.625,1376.3799999999999,57.26481481481482,27,0,1707.25,1737.25,1726.0,1696.0,1351.3799999999999,1401.3799999999999
27,68,1746.625,1376.3799999999999,43.84140350877195,57,0,1737.25,1767.25,1756.0,1726.0,1351.3799999999999,1401.3799999999999
27,69,1776.625,1376.3799999999999,34.79318181818182,44,0,1767.25,1797.25,1786.0,1756.0,1351.3799999999999,1401.3799999999999
27,70,1806.625,1376.3799999999999,26.767922077922073,77,0,1797.25,1827.25,1816.0,1786.0,1351.3799999999999,1401.3799999999999
27,71,1836.625,1376.3799999999999,32.037413793103454,58,0,1827.25,1857.25,1846.0,1816.0,1351.3799999999999,1401.3799999999999
27,72,1866.625,1376.3799999999999,27.81455696202532,79,0,1857.25,1887.25,1876.0,1846.0,1351.3799999999999,1401.3799999999999
27,73,1896.625,1376.3799999999999,34.81303571428572,56,0,1887.25,1917.25,1906.0,1876.0,1351.3799999999999,1401.3799999999999
27,74,1926.625,1376.3799999999999,39.0576,50,0,1917.25,1947.25,1936.0,1906.0,1351.3799999999999,1401.3799999999999
27,75,1956.625,1376.3799999999999,37.79369565217392,46,0,1947.25,1977.25,1966.0,1936.0,1351.3799999999999,1401.3799999999999
27,76,1986.625,1376.3799999999999,36.1987037037037,54,0,1977.25,2007.25,1996.0,1966.0,1351.3799999999999,1401.3799999999999
27,77,2016.625,1376.3799999999999,43.00568965517241,58,0,2007.25,2037.25,2026.0,1996.0,1351.3799999999999,1401.3799999999999
27,78,2046.625,1376.3799999999999,40.27913043478261,46,0,2037.25,2067.25,2056.0,2026.0,1351.3799999999999,1401.3799999999999
27,79,2076.625,1376.3799999999999,41.067068965517244,58,0,2067.25,2097.25,2086.0,2056.0,1351.3799999999999,1401.3799999999999
27,80,2106.625,1376.3799999999999,38.5321052631579,57,0,2097.25,2127.25,2116.0,2086.0,1351.3799999999999,1401.3799999999999
27,81,2136.625,1376.3799999999999,43.55227272727272,44,0,2127.25,2157.25,2146.0,2116.0,1351.3799999999999,1401.3799999999999
27,82,2166.625,1376.3799999999999,41.687741935483864,62,0,2157.25,2187.25,2176.0,2146.0,1351.3799999999999,1401.3799999999999
27,83,2196.625,1376.3799999999999,35.026197183098596,71,0,2187.25,2217.25,2206.0,2176.0,1351.3799999999999,1401.3799999999999
27,84,2226.625,1376.3799999999999,34.68432432432431,74,0,2217.25,2247.25,2236.0,2206.0,1351.3799999999999,1401.3799999999999
27,85,2256.625,1376.3799999999999,23.245393258426972,89,0,2247.25,2277.25,2266.0,2236.0,1351.3799999999999,1401.3799999999999
27,86,2286.625,1376.3799999999999,26.961780821917802,73,0,2277.25,2307.25,2296.0,2266.0,1351.3799999999999,1401.3799999999999
27,87,2316.625,1376.3799999999999,32.49611940298509,67,0,2307.25,2337.25,2326.0,2296.0,1351.3799999999999,1401.3799999999999
27,88,2346.625,1376.3799999999999,38.23486486486487,37,0,2337.25,2367.25,2356.0,2326.0,1351.3799999999999,1401.3799999999999
27,89,2376.625,1376.3799999999999,39.029814814814806,54,0,2367.25,2397.25,2386.0,2356.0,1351.3799999999999,1401.3799999999999
27,90,2406.625,1376.3799999999999,34.44955223880598,67,0,2397.25,2427.25,2416.0,2386.0,1351.3799999999999,1401.3799999999999
27,91,2436.625,1376.3799999999999,31.23819444444444,72,0,2427.25,2457.25,2446.0,2416.0,1351.3799999999999,1401.3799999999999
27,92,2466.625,1376.3799999999999,34.40921875000001,64,0,2457.25,2487.25,2476.0,2446.0,1351.3799999999999,1401.3799999999999
27,93,2496.625,1376.3799999999999,40.291,40,0,2487.25,2517.25,2506.0,2476.0,1351.3799999999999,1401.3799999999999
27,94,2526.625,1376.3799999999999,34.15025,40,0,2517.25,2547.25,2536.0,2506.0,1351.3799999999999,1401.3799999999999
27,95,2556.625,1376.3799999999999,38.02018518518519,54,0,2547.25,2577.25,2566.0,2536.0,1351.3799999999999,1401.3799999999999
27,96,2586.625,1376.3799999999999,35.9855,40,0,2577.25,2607.25,2596.0,2566.0,1351.3799999999999,1401.3799999999999
27,97,2616.625,1376.3799999999999,32.32627118644068,59,0,2607.25,2637.25,2626.0,2596.0,1351.3799999999999,1401.3799999999999
27,98,2646.625,1376.3799999999999,30.79710526315789,76,0,2637.25,2667.25,2656.0,2626.0,1351.3799999999999,1401.3799999999999
27,99,2676.625,1376.3799999999999,33.35881355932203,59,0,2667.25,2697.25,2686.0,2656.0,1351.3799999999999,1401.3799999999999
27,100,2706.625,1376.3799999999999,36.53774193548386,62,0,2697.25,2727.25,2716.0,2686.0,1351.3799999999999,1401.3799999999999
27,101,2736.625,1376.3799999999999,36.665892857142865,56,0,2727.25,2757.25,2746.0,2716.0,1351.3799999999999,1401.3799999999999
27,102,2766.625,1376.3799999999999,33.20173076923076,52,0,2757.25,2787.25,2776.0,2746.0,1351.3799999999999,1401.3799999999999
27,103,2796.625,1376.3799999999999,34.88381818181817,55,0,2787.25,2817.25,2806.0,2776.0,1351.3799999999999,1401.3799999999999
27,104,2826.625,1376.3799999999999,30.31577464788733,71,0,2817.25,2847.25,2836.0,2806.0,1351.3799999999999,1401.3799999999999
27,105,2856.625,1376.3799999999999,27.56421052631578,76,0,2847.25,2877.25,2866.0,2836.0,1351.3799999999999,1401.3799999999999
27,106,2886.625,1376.3799999999999,26.744843750000005,64,0,2877.25,2907.25,2896.0,2866.0,1351.3799999999999,1401.3799999999999
27,107,2916.625,1376.3799999999999,29.342537313432832,67,0,2907.25,2937.25,2926.0,2896.0,1351.3799999999999,1401.3799999999999
27,108,2946.625,1376.3799999999999,31.55056603773586,53,0,2937.25,2967.25,2956.0,2926.0,1351.3799999999999,1401.3799999999999
27,109,2976.625,1376.3799999999999,39.65305084745761,59,0,2967.25,2997.25,2986.0,2956.0,1351.3799999999999,1401.3799999999999
27,110,3006.625,1376.3799999999999,44.47733333333334,45,0,2997.25,3027.25,3016.0,2986.0,1351.3799999999999,1401.3799999999999
27,111,3036.625,1376.3799999999999,44.72454545454546,55,0,3027.25,3057.25,3046.0,3016.0,1351.3799999999999,1401.3799999999999
27,112,3066.625,1376.3799999999999,34.96633333333334,60,0,3057.25,3087.25,3076.0,3046.0,1351.3799999999999,1401.3799999999999
27,113,3096.625,1376.3799999999999,36.32781818181818,55,0,3087.25,3117.25,3106.0,3076.0,1351.3799999999999,1401.3799999999999
27,114,3126.625,1376.3799999999999,35.832131147540984,61,0,3117.25,3147.25,3136.0,3106.0,1351.3799999999999,1401.3799999999999
27,115,3156.625,1376.3799999999999,40.0725,44,0,3147.25,3177.25,3166.0,3136.0,1351.3799999999999,1401.3799999999999
27,116,3186.625,1376.3799999999999,39.72354166666667,48,0,3177.25,3207.25,3196.0,3166.0,1351.3799999999999,1401.3799999999999
27,117,3216.625,1376.3799999999999,34.19892857142856,56,0,3207.25,3237.25,3226.0,3196.0,1351.3799999999999,1401.3799999999999
27,118,3246.625,1376.3799999999999,26.833114754098354,61,0,3237.25,3267.25,3256.0,3226.0,1351.3799999999999,1401.3799999999999
27,119,3276.625,1376.3799999999999,22.970405405405405,74,0,3267.25,3297.25,3286.0,3256.0,1351.3799999999999,1401.3799999999999
27,120,3306.625,1376.3799999999999,32.6805,60,0,3297.25,3327.25,3316.0,3286.0,1351.3799999999999,1401.3799999999999
27,121,3336.625,1376.3799999999999,36.88520833333334,48,0,3327.25,3357.25,3346.0,3316.0,1351.3799999999999,1401.3799999999999
27,122,3366.625,1376.3799999999999,39.6525,40,0,3357.25,3387.25,3376.0,3346.0,1351.3799999999999,1401.3799999999999
27,123,3396.625,1376.3799999999999,35.66580000000001,50,0,3387.25,3417.25,3406.0,3376.0,1351.3799999999999,1401.3799999999999
27,124,3426.625,1376.3799999999999,38.55,51,0,3417.25,3447.25,3436.0,3406.0,1351.3799999999999,1401.3799999999999
27,125,3456.625,1376.3799999999999,35.58140350877194,57,0,3447.25,3477.25,3466.0,3436.0,1351.3799999999999,1401.3799999999999
27,126,3486.625,1376.3799999999999,36.080799999999996,50,0,3477.25,3507.25,3496.0,3466.0,1351.3799999999999,1401.3799999999999
27,127,3516.625,1376.3799999999999,35.47734375,64,0,3507.25,3537.25,3526.0,3496.0,1351.3799999999999,1401.3799999999999
27,128,3546.625,1376.3799999999999,37.244561403508776,57,0,3537.25,3567.25,3556.0,3526.0,1351.3799999999999,1401.3799999999999
27,129,3576.625,1376.3799999999999,38.16361702127661,47,0,3567.25,3597.25,3586.0,3556.0,1351.3799999999999,1401.3799999999999
27,130,3606.625,1376.3799999999999,38.804716981132096,53,0,3597.25,3627.25,3616.0,3586.0,1351.3799999999999,1401.3799999999999
27,131,3636.625,1376.3799999999999,38.9068085106383,47,0,3627.25,3657.25,3646.0,3616.0,1351.3799999999999,1401.3799999999999
27,132,3666.625,1376.3799999999999,40.110092592592586,36,0,3657.25,3687.25,3676.0,3646.0,1351.3799999999999,1401.3799999999999
27,133,3696.625,1376.3799999999999,40.25454545454545,44,0,3687.25,3717.25,3706.0,3676.0,1351.3799999999999,1401.3799999999999
27,134,3726.625,1376.3799999999999,40.464999999999996,48,0,3717.25,3747.25,3736.0,3706.0,1351.3799999999999,1401.3799999999999
27,135,3756.625,1376.3799999999999,37.12121212121212,33,0,3747.25,3777.25,3766.0,3736.0,1351.3799999999999,1401.3799999999999
27,136,3786.625,1376.3799999999999,36.075,2,0,3777.25,3807.25,3796.0,3766.0,1351.3799999999999,1401.3799999999999
27,137,3816.625,1376.3799999999999,,0,0,3807.25,3837.25,3826.0,3796.0,1351.3799999999999,1401.3799999999999
28,10,-4.625,1426.3799999999999,62.575952380952394,12,0,-14.0,16.0,4.75,-25.25,1401.3799999999999,1451.3799999999999
28,11,25.375,1426.3799999999999,72.2852380952381,21,0,16.0,46.0,34.75,4.75,1401.3799999999999,1451.3799999999999
28,12,55.375,1426.3799999999999,70.94647058823529,17,0,46.0,76.0,64.75,34.75,1401.3799999999999,1451.3799999999999
28,13,85.375,1426.3799999999999,59.5580459770115,29,0,76.0,106.0,94.75,64.75,1401.3799999999999,1451.3799999999999
28,14,115.375,1426.3799999999999,64.77473684210526,38,0,106.0,136.0,124.75,94.75,1401.3799999999999,1451.3799999999999
28,15,145.375,1426.3799999999999,59.46486772486773,42,0,136.0,166.0,154.75,124.75,1401.3799999999999,1451.3799999999999
28,16,175.375,1426.3799999999999,58.55382352941177,34,0,166.0,196.0,184.75,154.75,1401.3799999999999,1451.3799999999999
28,17,205.375,1426.3799999999999,65.83807692307693,26,0,196.0,226.0,214.75,184.75,1401.3799999999999,1451.3799999999999
28,18,235.375,1426.3799999999999,64.99560975609758,41,0,226.0,256.0,244.75,214.75,1401.3799999999999,1451.3799999999999
28,19,265.375,1426.3799999999999,62.77916666666668,36,0,256.0,286.0,274.75,244.75,1401.3799999999999,1451.3799999999999
28,20,295.375,1426.3799999999999,66.05761904761904,21,0,286.0,316.0,304.75,274.75,1401.3799999999999,1451.3799999999999
28,21,325.375,1426.3799999999999,60.444583333333334,24,0,316.0,346.0,334.75,304.75,1401.3799999999999,1451.3799999999999
28,22,355.375,1426.3799999999999,51.897666666666666,30,0,346.0,376.0,364.75,334.75,1401.3799999999999,1451.3799999999999
28,23,385.375,1426.3799999999999,53.41162790697676,43,0,376.0,406.0,394.75,364.75,1401.3799999999999,1451.3799999999999
28,24,415.375,1426.3799999999999,59.394000000000005,40,0,406.0,436.0,424.75,394.75,1401.3799999999999,1451.3799999999999
28,25,445.375,1426.3799999999999,63.99578947368421,19,0,436.0,466.0,454.75,424.75,1401.3799999999999,1451.3799999999999
28,26,475.375,1426.3799999999999,68.8652,25,0,466.0,496.0,484.75,454.75,1401.3799999999999,1451.3799999999999
28,27,505.375,1426.3799999999999,67.56863636363636,22,0,496.0,526.0,514.75,484.75,1401.3799999999999,1451.3799999999999
28,28,535.375,1426.3799999999999,51.80595744680851,47,0,526.0,556.0,544.75,514.75,1401.3799999999999,1451.3799999999999
28,29,565.375,1426.3799999999999,59.42812499999998,32,0,556.0,586.0,574.75,544.75,1401.3799999999999,1451.3799999999999
28,30,595.375,1426.3799999999999,63.66549999999999,20,0,586.0,616.0,604.75,574.75,1401.3799999999999,1451.3799999999999
28,31,625.375,1426.3799999999999,60.81919999999998,25,0,616.0,646.0,634.75,604.75,1401.3799999999999,1451.3799999999999
28,32,655.375,1426.3799999999999,57.26885714285716,35,0,646.0,676.0,664.75,634.75,1401.3799999999999,1451.3799999999999
28,33,685.375,1426.3799999999999,57.87464285714287,28,0,676.0,706.0,694.75,664.75,1401.3799999999999,1451.3799999999999
28,34,715.375,1426.3799999999999,59.55613636363634,44,0,706.0,736.0,724.75,694.75,1401.3799999999999,1451.3799999999999
28,35,745.375,1426.3799999999999,57.15666666666667,36,0,736.0,766.0,754.75,724.75,1401.3799999999999,1451.3799999999999
28,36,775.375,1426.3799999999999,56.18483870967742,31,0,766.0,796.0,784.75,754.75,1401.3799999999999,1451.3799999999999
28,37,805.375,1426.3799999999999,45.5990909090909,55,0,796.0,826.0,814.75,784.75,1401.3799999999999,1451.3799999999999
28,38,835.375,1426.3799999999999,44.57407407407407,54,0,826.0,856.0,844.75,814.75,1401.3799999999999,1451.3799999999999
28,39,865.375,1426.3799999999999,53.04769230769232,39,0,856.0,886.0,874.75,844.75,1401.3799999999999,1451.3799999999999
28,40,895.375,1426.3799999999999,59.93875,16,0,886.0,916.0,904.75,874.75,1401.3799999999999,1451.3799999999999
28,41,925.375,1426.3799999999999,58.878333333333345,36,0,916.0,946.0,934.75,904.75,1401.3799999999999,1451.3799999999999
28,42,955.375,1426.3799999999999,56.21847826086956,46,0,946.0,976.0,964.75,934.75,1401.3799999999999,1451.3799999999999
28,43,985.375,1426.3799999999999,62.32138888888889,36,0,976.0,1006.0,994.75,964.75,1401.3799999999999,1451.3799999999999
28,44,1015.375,1426.3799999999999,60.9975,28,0,1006.0,1036.0,1024.75,994.75,1401.3799999999999,1451.3799999999999
28,45,1045.375,1426.3799999999999,64.18032258064515,31,0,1036.0,1066.0,1054.75,1024.75,1401.3799999999999,1451.3799999999999
28,46,1075.375,1426.3799999999999,60.45548387096775,31,0,1066.0,1096.0,1084.75,1054.75,1401.3799999999999,1451.3799999999999
28,47,1105.375,1426.3799999999999,57.36392857142857,28,0,1096.0,1126.0,1114.75,1084.75,1401.3799999999999,1451.3799999999999
28,48,1135.375,1426.3799999999999,51.661034482758616,58,0,1126.0,1156.0,1144.75,1114.75,1401.3799999999999,1451.3799999999999
28,49,1165.375,1426.3799999999999,51.92472222222222,36,0,1156.0,1186.0,1174.75,1144.75,1401.3799999999999,1451.3799999999999
28,50,1195.375,1426.3799999999999,59.238249999999994,40,0,1186.0,1216.0,1204.75,1174.75,1401.3799999999999,1451.3799999999999
28,51,1225.375,1426.3799999999999,60.8688888888889,36,0,1216.0,1246.0,1234.75,1204.75,1401.3799999999999,1451.3799999999999
28,52,1255.375,1426.3799999999999,61.248846153846166,26,0,1246.0,1276.0,1264.75,1234.75,1401.3799999999999,1451.3799999999999
28,53,1285.375,1426.3799999999999,59.22806451612904,31,0,1276.0,1306.0,1294.75,1264.75,1401.3799999999999,1451.3799999999999
28,54,1315.375,1426.3799999999999,53.9832608695652,46,0,1306.0,1336.0,1324.75,1294.75,1401.3799999999999,1451.3799999999999
28,55,1345.375,1426.3799999999999,60.963529411764696,17,0,1336.0,1366.0,1354.75,1324.75,1401.3799999999999,1451.3799999999999
28,56,1375.375,1426.3799999999999,54.906800000000004,25,0,1366.0,1396.0,1384.75,1354.75,1401.3799999999999,1451.3799999999999
28,57,1405.375,1426.3799999999999,61.73642857142858,28,0,1396.0,1426.0,1414.75,1384.75,1401.3799999999999,1451.3799999999999
28,58,1435.375,1426.3799999999999,67.92545454545456,11,0,1426.0,1456.0,1444.75,1414.75,1401.3799999999999,1451.3799999999999
28,59,1465.375,1426.3799999999999,51.19785714285714,28,0,1456.0,1486.0,1474.75,1444.75,1401.3799999999999,1451.3799999999999
28,60,1495.375,1426.3799999999999,48.584927536231895,69,0,1486.0,1516.0,1504.75,1474.75,1401.3799999999999,1451.3799999999999
28,61,1525.375,1426.3799999999999,47.96254237288137,59,0,1516.0,1546.0,1534.75,1504.75,1401.3799999999999,1451.3799999999999
28,62,1555.375,1426.3799999999999,45.33294117647059,51,0,1546.0,1576.0,1564.75,1534.75,1401.3799999999999,1451.3799999999999
28,63,1585.375,1426.3799999999999,45.696122448979594,49,0,1576.0,1606.0,1594.75,1564.75,1401.3799999999999,1451.3799999999999
28,64,1615.375,1426.3799999999999,48.78066666666665,45,0,1606.0,1636.0,1624.75,1594.75,1401.3799999999999,1451.3799999999999
28,65,1645.375,1426.3799999999999,57.62500000000001,24,0,1636.0,1666.0,1654.75,1624.75,1401.3799999999999,1451.3799999999999
28,66,1675.375,1426.3799999999999,46.617543859649125,57,0,1666.0,1696.0,1684.75,1654.75,1401.3799999999999,1451.3799999999999
28,67,1705.375,1426.3799999999999,54.85285714285713,28,0,1696.0,1726.0,1714.75,1684.75,1401.3799999999999,1451.3799999999999
28,68,1735.375,1426.3799999999999,49.97246376811595,46,0,1726.0,1756.0,1744.75,1714.75,1401.3799999999999,1451.3799999999999
28,69,1765.375,1426.3799999999999,40.302244897959184,49,0,1756.0,1786.0,1774.75,1744.75,1401.3799999999999,1451.3799999999999
28,70,1795.375,1426.3799999999999,30.550588235294118,51,0,1786.0,1816.0,1804.75,1774.75,1401.3799999999999,1451.3799999999999
28,71,1825.375,1426.3799999999999,27.147037037037034,81,0,1816.0,1846.0,1834.75,1804.75,1401.3799999999999,1451.3799999999999
28,72,1855.375,1426.3799999999999,34.69328358208954,67,0,1846.0,1876.0,1864.75,1834.75,1401.3799999999999,1451.3799999999999
28,73,1885.375,1426.3799999999999,36.253,60,0,1876.0,1906.0,1894.75,1864.75,1401.3799999999999,1451.3799999999999
28,74,1915.375,1426.3799999999999,39.85830188679245,53,0,1906.0,1936.0,1924.75,1894.75,1401.3799999999999,1451.3799999999999
28,75,1945.375,1426.3799999999999,39.600526315789466,57,0,1936.0,1966.0,1954.75,1924.75,1401.3799999999999,1451.3799999999999
28,76,1975.375,1426.3799999999999,37.59,47,0,1966.0,1996.0,1984.75,1954.75,1401.3799999999999,1451.3799999999999
28,77,2005.375,1426.3799999999999,39.31196721311476,61,0,1996.0,2026.0,2014.75,1984.75,1401.3799999999999,1451.3799999999999
28,78,2035.375,1426.3799999999999,40.96017241379311,58,0,2026.0,2056.0,2044.75,2014.75,1401.3799999999999,1451.3799999999999
28,79,2065.375,1426.3799999999999,38.02172413793103,58,0,2056.0,2086.0,2074.75,2044.75,1401.3799999999999,1451.3799999999999
28,80,2095.375,1426.3799999999999,38.728524590163936,61,0,2086.0,2116.0,2104.75,2074.75,1401.3799999999999,1451.3799999999999
28,81,2125.375,1426.3799999999999,40.55016666666669,60,0,2116.0,2146.0,2134.75,2104.75,1401.3799999999999,1451.3799999999999
28,82,2155.375,1426.3799999999999,44.18588235294118,51,0,2146.0,2176.0,2164.75,2134.75,1401.3799999999999,1451.3799999999999
28,83,2185.375,1426.3799999999999,32.663375000000016,80,0,2176.0,2206.0,2194.75,2164.75,1401.3799999999999,1451.3799999999999
28,84,2215.375,1426.3799999999999,26.267300000000006,100,0,2206.0,2236.0,2224.75,2194.75,1401.3799999999999,1451.3799999999999
28,85,2245.375,1426.3799999999999,22.511397849462366,93,0,2236.0,2266.0,2254.75,2224.75,1401.3799999999999,1451.3799999999999
28,86,2275.375,1426.3799999999999,25.655543478260885,92,0,2266.0,2296.0,2284.75,2254.75,1401.3799999999999,1451.3799999999999
28,87,2305.375,1426.3799999999999,29.363421052631566,76,0,2296.0,2326.0,2314.75,2284.75,1401.3799999999999,1451.3799999999999
28,88,2335.375,1426.3799999999999,35.82666666666666,57,0,2326.0,2356.0,2344.75,2314.75,1401.3799999999999,1451.3799999999999
28,89,2365.375,1426.3799999999999,40.65222222222221,45,0,2356.0,2386.0,2374.75,2344.75,1401.3799999999999,1451.3799999999999
28,90,2395.375,1426.3799999999999,39.55866666666668,60,0,2386.0,2416.0,2404.75,2374.75,1401.3799999999999,1451.3799999999999
28,91,2425.375,1426.3799999999999,36.861029411764704,68,0,2416.0,2446.0,2434.75,2404.75,1401.3799999999999,1451.3799999999999
28,92,2455.375,1426.3799999999999,33.81202898550724,69,0,2446.0,2476.0,2464.75,2434.75,1401.3799999999999,1451.3799999999999
28,93,2485.375,1426.3799999999999,34.669230769230765,52,0,2476.0,2506.0,2494.75,2464.75,1401.3799999999999,1451.3799999999999
28,94,2515.375,1426.3799999999999,42.788888888888906,36,0,2506.0,2536.0,2524.75,2494.75,1401.3799999999999,1451.3799999999999
28,95,2545.375,1426.3799999999999,34.165090909090914,55,0,2536.0,2566.0,2554.75,2524.75,1401.3799999999999,1451.3799999999999
28,96,2575.375,1426.3799999999999,39.71145833333333,48,0,2566.0,2596.0,2584.75,2554.75,1401.3799999999999,1451.3799999999999
28,97,2605.375,1426.3799999999999,35.242156862745084,51,0,2596.0,2626.0,2614.75,2584.75,1401.3799999999999,1451.3799999999999
28,98,2635.375,1426.3799999999999,30.827042253521135,71,0,2626.0,2656.0,2644.75,2614.75,1401.3799999999999,1451.3799999999999
28,99,2665.375,1426.3799999999999,27.919863013698627,73,0,2656.0,2686.0,2674.75,2644.75,1401.3799999999999,1451.3799999999999
28,100,2695.375,1426.3799999999999,33.958955223880594,67,0,2686.0,2716.0,2704.75,2674.75,1401.3799999999999,1451.3799999999999
28,101,2725.375,1426.3799999999999,37.32904761904763,63,0,2716.0,2746.0,2734.75,2704.75,1401.3799999999999,1451.3799999999999
28,102,2755.375,1426.3799999999999,35.292923076923074,65,0,2746.0,2776.0,2764.75,2734.75,1401.3799999999999,1451.3799999999999
28,103,2785.375,1426.3799999999999,38.15877551020407,49,0,2776.0,2806.0,2794.75,2764.75,1401.3799999999999,1451.3799999999999
28,104,2815.375,1426.3799999999999,34.897704918032794,61,0,2806.0,2836.0,2824.75,2794.75,1401.3799999999999,1451.3799999999999
28,105,2845.375,1426.3799999999999,31.587656249999995,64,0,2836.0,2866.0,2854.75,2824.75,1401.3799999999999,1451.3799999999999
28,106,2875.375,1426.3799999999999,28.055657894736854,76,0,2866.0,2896.0,2884.75,2854.75,1401.3799999999999,1451.3799999999999
28,107,2905.375,1426.3799999999999,31.84089552238807,67,0,2896.0,2926.0,2914.75,2884.75,1401.3799999999999,1451.3799999999999
28,108,2935.375,1426.3799999999999,32.82240740740741,54,0,2926.0,2956.0,2944.75,2914.75,1401.3799999999999,1451.3799999999999
28,109,2965.375,1426.3799999999999,34.54343283582091,67,0,2956.0,2986.0,2974.75,2944.75,1401.3799999999999,1451.3799999999999
28,110,2995.375,1426.3799999999999,39.48059701492539,67,0,2986.0,3016.0,3004.75,2974.75,1401.3799999999999,1451.3799999999999
28,111,3025.375,1426.3799999999999,41.944629629629624,54,0,3016.0,3046.0,3034.75,3004.75,1401.3799999999999,1451.3799999999999
28,112,3055.375,1426.3799999999999,38.631018518518516,60,0,3046.0,3076.0,3064.75,3034.75,1401.3799999999999,1451.3799999999999
28,113,3085.375,1426.3799999999999,34.87769230769231,65,0,3076.0,3106.0,3094.75,3064.75,1401.3799999999999,1451.3799999999999
28,114,3115.375,1426.3799999999999,35.043906250000006,64,0,3106.0,3136.0,3124.75,3094.75,1401.3799999999999,1451.3799999999999
28,115,3145.375,1426.3799999999999,39.00333333333332,51,0,3136.0,3166.0,3154.75,3124.75,1401.3799999999999,1451.3799999999999
28,116,3175.375,1426.3799999999999,38.23035087719298,57,0,3166.0,3196.0,3184.75,3154.75,1401.3799999999999,1451.3799999999999
28,117,3205.375,1426.3799999999999,39.64,49,0,3196.0,3226.0,3214.75,3184.75,1401.3799999999999,1451.3799999999999
28,118,3235.375,1426.3799999999999,35.448679245283024,53,0,3226.0,3256.0,3244.75,3214.75,1401.3799999999999,1451.3799999999999
28,119,3265.375,1426.3799999999999,27.189571428571423,70,0,3256.0,3286.0,3274.75,3244.75,1401.3799999999999,1451.3799999999999
28,120,3295.375,1426.3799999999999,33.90583333333333,60,0,3286.0,3316.0,3304.75,3274.75,1401.3799999999999,1451.3799999999999
28,121,3325.375,1426.3799999999999,38.6931914893617,47,0,3316.0,3346.0,3334.75,3304.75,1401.3799999999999,1451.3799999999999
28,122,3355.375,1426.3799999999999,41.868599999999994,50,0,3346.0,3376.0,3364.75,3334.75,1401.3799999999999,1451.3799999999999
28,123,3385.375,1426.3799999999999,39.43351851851852,54,0,3376.0,3406.0,3394.75,3364.75,1401.3799999999999,1451.3799999999999
28,124,3415.375,1426.3799999999999,39.89615384615385,52,0,3406.0,3436.0,3424.75,3394.75,1401.3799999999999,1451.3799999999999
28,125,3445.375,1426.3799999999999,38.601296296296304,54,0,3436.0,3466.0,3454.75,3424.75,1401.3799999999999,1451.3799999999999
28,126,3475.375,1426.3799999999999,37.359655172413795,58,0,3466.0,3496.0,3484.75,3454.75,1401.3799999999999,1451.3799999999999
28,127,3505.375,1426.3799999999999,34.17500000000001,54,0,3496.0,3526.0,3514.75,3484.75,1401.3799999999999,1451.3799999999999
28,128,3535.375,1426.3799999999999,36.01852941176471,68,0,3526.0,3556.0,3544.75,3514.75,1401.3799999999999,1451.3799999999999
28,129,3565.375,1426.3799999999999,35.36948275862069,58,0,3556.0,3586.0,3574.75,3544.75,1401.3799999999999,1451.3799999999999
28,130,3595.375,1426.3799999999999,41.925652173913036,46,0,3586.0,3616.0,3604.75,3574.75,1401.3799999999999,1451.3799999999999
28,131,3625.375,1426.3799999999999,38.78218181818181,55,0,3616.0,3646.0,3634.75,3604.75,1401.3799999999999,1451.3799999999999
28,132,3655.375,1426.3799999999999,39.80551020408163,49,0,3646.0,3676.0,3664.75,3634.75,1401.3799999999999,1451.3799999999999
28,133,3685.375,1426.3799999999999,41.07244444444444,45,0,3676.0,3706.0,3694.75,3664.75,1401.3799999999999,1451.3799999999999
28,134,3715.375,1426.3799999999999,42.10452380952379,42,0,3706.0,3736.0,3724.75,3694.75,1401.3799999999999,1451.3799999999999
28,135,3745.375,1426.3799999999999,42.47048780487805,41,0,3736.0,3766.0,3754.75,3724.75,1401.3799999999999,1451.3799999999999
28,136,3775.375,1426.3799999999999,35.8575,20,0,3766.0,3796.0,3784.75,3754.75,1401.3799999999999,1451.3799999999999
28,137,3805.375,1426.3799999999999,,0,0,3796.0,3826.0,3814.75,3784.75,1401.3799999999999,1451.3799999999999
28,138,3835.375,1426.3799999999999,,0,0,3826.0,3856.0,3844.75,3814.75,1401.3799999999999,1451.3799999999999
29,10,-15.875,1476.3799999999999,68.91,1,0,-25.25,4.75,-6.5,-36.5,1451.3799999999999,1501.3799999999999
29,11,14.125,1476.3799999999999,67.61346153846155,26,0,4.75,34.75,23.5,-6.5,1451.3799999999999,1501.3799999999999
29,12,44.125,1476.3799999999999,73.26636363636364,22,0,34.75,64.75,53.5,23.5,1451.3799999999999,1501.3799999999999
29,13,74.125,1476.3799999999999,67.97611111111111,18,0,64.75,94.75,83.5,53.5,1451.3799999999999,1501.3799999999999
29,14,104.125,1476.3799999999999,59.46432432432432,37,0,94.75,124.75,113.5,83.5,1451.3799999999999,1501.3799999999999
29,15,134.125,1476.3799999999999,61.520857142857146,35,0,124.75,154.75,143.5,113.5,1451.3799999999999,1501.3799999999999
29,16,164.125,1476.3799999999999,58.231904761904765,42,0,154.75,184.75,173.5,143.5,1451.3799999999999,1501.3799999999999
29,17,194.125,1476.3799999999999,60.94583333333333,24,0,184.75,214.75,203.5,173.5,1451.3799999999999,1501.3799999999999
29,18,224.125,1476.3799999999999,65.03410256410255,39,0,214.75,244.75,233.5,203.5,1451.3799999999999,1501.3799999999999
29,19,254.125,1476.3799999999999,63.27170731707318,41,0,244.75,274.75,263.5,233.5,1451.3799999999999,1501.3799999999999
29,20,284.125,1476.3799999999999,65.27521739130434,23,0,274.75,304.75,293.5,263.5,1451.3799999999999,1501.3799999999999
29,21,314.125,1476.3799999999999,67.11636363636363,22,0,304.75,334.75,323.5,293.5,1451.3799999999999,1501.3799999999999
29,22,344.125,1476.3799999999999,52.63807692307692,26,0,334.75,364.75,353.5,323.5,1451.3799999999999,1501.3799999999999
29,23,374.125,1476.3799999999999,55.48535714285715,28,0,364.75,394.75,383.5,353.5,1451.3799999999999,1501.3799999999999
29,24,404.125,1476.3799999999999,54.27836734693879,49,0,394.75,424.75,413.5,383.5,1451.3799999999999,1501.3799999999999
29,25,434.125,1476.3799999999999,64.26291666666667,24,0,424.75,454.75,443.5,413.5,1451.3799999999999,1501.3799999999999
29,26,464.125,1476.3799999999999,65.74214285714285,28,0,454.75,484.75,473.5,443.5,1451.3799999999999,1501.3799999999999
29,27,494.125,1476.3799999999999,70.30142857142856,21,0,484.75,514.75,503.5,473.5,1451.3799999999999,1501.3799999999999
29,28,524.125,1476.3799999999999,59.512916666666655,24,0,514.75,544.75,533.5,503.5,1451.3799999999999,1501.3799999999999
29,29,554.125,1476.3799999999999,51.3120754716981,53,0,544.75,574.75,563.5,533.5,1451.3799999999999,1501.3799999999999
29,30,584.125,1476.3799999999999,64.82873015873017,21,0,574.75,604.75,593.5,563.5,1451.3799999999999,1501.3799999999999
29,31,614.125,1476.3799999999999,63.56789473684211,19,0,604.75,634.75,623.5,593.5,1451.3799999999999,1501.3799999999999
29,32,644.125,1476.3799999999999,57.74142857142858,35,0,634.75,664.75,653.5,623.5,1451.3799999999999,1501.3799999999999
29,33,674.125,1476.3799999999999,55.78457142857144,35,0,664.75,694.75,683.5,653.5,1451.3799999999999,1501.3799999999999
29,34,704.125,1476.3799999999999,58.864250000000006,40,0,694.75,724.75,713.5,683.5,1451.3799999999999,1501.3799999999999
29,35,734.125,1476.3799999999999,58.175454545454535,33,0,724.75,754.75,743.5,713.5,1451.3799999999999,1501.3799999999999
29,36,764.125,1476.3799999999999,56.355,36,0,754.75,784.75,773.5,743.5,1451.3799999999999,1501.3799999999999
29,37,794.125,1476.3799999999999,51.27414634146342,41,0,784.75,814.75,803.5,773.5,1451.3799999999999,1501.3799999999999
29,38,824.125,1476.3799999999999,45.272500000000015,60,0,814.75,844.75,833.5,803.5,1451.3799999999999,1501.3799999999999
29,39,854.125,1476.3799999999999,48.04369565217391,46,0,844.75,874.75,863.5,833.5,1451.3799999999999,1501.3799999999999
29,40,884.125,1476.3799999999999,56.275999999999996,25,0,874.75,904.75,893.5,863.5,1451.3799999999999,1501.3799999999999
29,41,914.125,1476.3799999999999,59.91608695652174,23,0,904.75,934.75,923.5,893.5,1451.3799999999999,1501.3799999999999
29,42,944.125,1476.3799999999999,54.85723404255318,47,0,934.75,964.75,953.5,923.5,1451.3799999999999,1501.3799999999999
29,43,974.125,1476.3799999999999,62.63387096774192,31,0,964.75,994.75,983.5,953.5,1451.3799999999999,1501.3799999999999
29,44,1004.125,1476.3799999999999,59.27103448275861,29,0,994.75,1024.75,1013.5,983.5,1451.3799999999999,1501.3799999999999
29,45,1034.125,1476.3799999999999,61.45161290322581,31,0,1024.75,1054.75,1043.5,1013.5,1451.3799999999999,1501.3799999999999
29,46,1064.125,1476.3799999999999,62.68999999999999,32,0,1054.75,1084.75,1073.5,1043.5,1451.3799999999999,1501.3799999999999
29,47,1094.125,1476.3799999999999,56.17062499999999,32,0,1084.75,1114.75,1103.5,1073.5,1451.3799999999999,1501.3799999999999
29,48,1124.125,1476.3799999999999,57.10399999999999,30,0,1114.75,1144.75,1133.5,1103.5,1451.3799999999999,1501.3799999999999
29,49,1154.125,1476.3799999999999,48.536530612244896,49,0,1144.75,1174.75,1163.5,1133.5,1451.3799999999999,1501.3799999999999
29,50,1184.125,1476.3799999999999,60.20147058823529,34,0,1174.75,1204.75,1193.5,1163.5,1451.3799999999999,1501.3799999999999
29,51,1214.125,1476.3799999999999,59.341142857142856,35,0,1204.75,1234.75,1223.5,1193.5,1451.3799999999999,1501.3799999999999
29,52,1244.125,1476.3799999999999,62.515882352941176,34,0,1234.75,1264.75,1253.5,1223.5,1451.3799999999999,1501.3799999999999
29,53,1274.125,1476.3799999999999,60.33142857142856,21,0,1264.75,1294.75,1283.5,1253.5,1451.3799999999999,1501.3799999999999
29,54,1304.125,1476.3799999999999,55.54599999999999,40,0,1294.75,1324.75,1313.5,1283.5,1451.3799999999999,1501.3799999999999
29,55,1334.125,1476.3799999999999,57.85468750000001,32,0,1324.75,1354.75,1343.5,1313.5,1451.3799999999999,1501.3799999999999
29,56,1364.125,1476.3799999999999,58.72166666666667,12,0,1354.75,1384.75,1373.5,1343.5,1451.3799999999999,1501.3799999999999
29,57,1394.125,1476.3799999999999,57.84156249999998,32,0,1384.75,1414.75,1403.5,1373.5,1451.3799999999999,1501.3799999999999
29,58,1424.125,1476.3799999999999,61.55333333333333,15,0,1414.75,1444.75,1433.5,1403.5,1451.3799999999999,1501.3799999999999
29,59,1454.125,1476.3799999999999,66.36,9,0,1444.75,1474.75,1463.5,1433.5,1451.3799999999999,1501.3799999999999
29,60,1484.125,1476.3799999999999,47.02733333333334,60,0,1474.75,1504.75,1493.5,1463.5,1451.3799999999999,1501.3799999999999
29,61,1514.125,1476.3799999999999,44.59166666666667,66,0,1504.75,1534.75,1523.5,1493.5,1451.3799999999999,1501.3799999999999
29,62,1544.125,1476.3799999999999,46.74750000000001,52,0,1534.75,1564.75,1553.5,1523.5,1451.3799999999999,1501.3799999999999
29,63,1574.125,1476.3799999999999,43.98117647058823,51,0,1564.75,1594.75,1583.5,1553.5,1451.3799999999999,1501.3799999999999
29,64,1604.125,1476.3799999999999,48.23139534883722,43,0,1594.75,1624.75,1613.5,1583.5,1451.3799999999999,1501.3799999999999
29,65,1634.125,1476.3799999999999,54.9346153846154,26,0,1624.75,1654.75,1643.5,1613.5,1451.3799999999999,1501.3799999999999
29,66,1664.125,1476.3799999999999,53.255312499999995,32,0,1654.75,1684.75,1673.5,1643.5,1451.3799999999999,1501.3799999999999
29,67,1694.125,1476.3799999999999,47.40265306122449,49,0,1684.75,1714.75,1703.5,1673.5,1451.3799999999999,1501.3799999999999
29,68,1724.125,1476.3799999999999,59.355999999999995,25,0,1714.75,1744.75,1733.5,1703.5,1451.3799999999999,1501.3799999999999
29,69,1754.125,1476.3799999999999,44.845192307692315,52,0,1744.75,1774.75,1763.5,1733.5,1451.3799999999999,1501.3799999999999
29,70,1784.125,1476.3799999999999,41.25171428571428,35,0,1774.75,1804.75,1793.5,1763.5,1451.3799999999999,1501.3799999999999
29,71,1814.125,1476.3799999999999,34.33627450980391,51,0,1804.75,1834.75,1823.5,1793.5,1451.3799999999999,1501.3799999999999
29,72,1844.125,1476.3799999999999,30.611875000000005,64,0,1834.75,1864.75,1853.5,1823.5,1451.3799999999999,1501.3799999999999
29,73,1874.125,1476.3799999999999,39.34468750000001,64,0,1864.75,1894.75,1883.5,1853.5,1451.3799999999999,1501.3799999999999
29,74,1904.125,1476.3799999999999,39.47263157894737,57,0,1894.75,1924.75,1913.5,1883.5,1451.3799999999999,1501.3799999999999
29,75,1934.125,1476.3799999999999,37.020338983050856,59,0,1924.75,1954.75,1943.5,1913.5,1451.3799999999999,1501.3799999999999
29,76,1964.125,1476.3799999999999,42.257021276595744,47,0,1954.75,1984.75,1973.5,1943.5,1451.3799999999999,1501.3799999999999
29,77,1994.125,1476.3799999999999,38.65705882352942,51,0,1984.75,2014.75,2003.5,1973.5,1451.3799999999999,1501.3799999999999
29,78,2024.125,1476.3799999999999,33.92250000000003,80,0,2014.75,2044.75,2033.5,2003.5,1451.3799999999999,1501.3799999999999
29,79,2054.125,1476.3799999999999,38.04127272727271,55,0,2044.75,2074.75,2063.5,2033.5,1451.3799999999999,1501.3799999999999
29,80,2084.125,1476.3799999999999,37.403174603174634,63,0,2074.75,2104.75,2093.5,2063.5,1451.3799999999999,1501.3799999999999
29,81,2114.125,1476.3799999999999,42.40339622641509,53,0,2104.75,2134.75,2123.5,2093.5,1451.3799999999999,1501.3799999999999
29,82,2144.125,1476.3799999999999,44.93148936170214,47,0,2134.75,2164.75,2153.5,2123.5,1451.3799999999999,1501.3799999999999
29,83,2174.125,1476.3799999999999,39.80551724137932,58,0,2164.75,2194.75,2183.5,2153.5,1451.3799999999999,1501.3799999999999
29,84,2204.125,1476.3799999999999,30.4225974025974,77,0,2194.75,2224.75,2213.5,2183.5,1451.3799999999999,1501.3799999999999
29,85,2234.125,1476.3799999999999,26.91569620253164,79,0,2224.75,2254.75,2243.5,2213.5,1451.3799999999999,1501.3799999999999
29,86,2264.125,1476.3799999999999,27.40857142857143,84,0,2254.75,2284.75,2273.5,2243.5,1451.3799999999999,1501.3799999999999
29,87,2294.125,1476.3799999999999,26.737283950617275,81,0,2284.75,2314.75,2303.5,2273.5,1451.3799999999999,1501.3799999999999
29,88,2324.125,1476.3799999999999,29.876172839506182,81,0,2314.75,2344.75,2333.5,2303.5,1451.3799999999999,1501.3799999999999
29,89,2354.125,1476.3799999999999,36.955333333333336,45,0,2344.75,2374.75,2363.5,2333.5,1451.3799999999999,1501.3799999999999
29,90,2384.125,1476.3799999999999,38.454181818181816,55,0,2374.75,2404.75,2393.5,2363.5,1451.3799999999999,1501.3799999999999
29,91,2414.125,1476.3799999999999,40.58670634920636,63,0,2404.75,2434.75,2423.5,2393.5,1451.3799999999999,1501.3799999999999
29,92,2444.125,1476.3799999999999,37.18796610169492,59,0,2434.75,2464.75,2453.5,2423.5,1451.3799999999999,1501.3799999999999
29,93,2474.125,1476.3799999999999,37.08114754098363,61,0,2464.75,2494.75,2483.5,2453.5,1451.3799999999999,1501.3799999999999
29,94,2504.125,1476.3799999999999,39.72659574468085,47,0,2494.75,2524.75,2513.5,2483.5,1451.3799999999999,1501.3799999999999
29,95,2534.125,1476.3799999999999,38.226451612903226,31,0,2524.75,2554.75,2543.5,2513.5,1451.3799999999999,1501.3799999999999
29,96,2564.125,1476.3799999999999,35.53041666666665,72,0,2554.75,2584.75,2573.5,2543.5,1451.3799999999999,1501.3799999999999
29,97,2594.125,1476.3799999999999,38.27904761904762,42,0,2584.75,2614.75,2603.5,2573.5,1451.3799999999999,1501.3799999999999
29,98,2624.125,1476.3799999999999,36.64686274509804,51,0,2614.75,2644.75,2633.5,2603.5,1451.3799999999999,1501.3799999999999
29,99,2654.125,1476.3799999999999,34.56762711864406,59,0,2644.75,2674.75,2663.5,2633.5,1451.3799999999999,1501.3799999999999
29,100,2684.125,1476.3799999999999,33.37045454545455,66,0,2674.75,2704.75,2693.5,2663.5,1451.3799999999999,1501.3799999999999
29,101,2714.125,1476.3799999999999,33.93898550724636,69,0,2704.75,2734.75,2723.5,2693.5,1451.3799999999999,1501.3799999999999
29,102,2744.125,1476.3799999999999,34.439402985074636,67,0,2734.75,2764.75,2753.5,2723.5,1451.3799999999999,1501.3799999999999
29,103,2774.125,1476.3799999999999,37.5656862745098,51,0,2764.75,2794.75,2783.5,2753.5,1451.3799999999999,1501.3799999999999
29,104,2804.125,1476.3799999999999,40.45581395348836,43,0,2794.75,2824.75,2813.5,2783.5,1451.3799999999999,1501.3799999999999
29,105,2834.125,1476.3799999999999,35.70936507936508,63,0,2824.75,2854.75,2843.5,2813.5,1451.3799999999999,1501.3799999999999
29,106,2864.125,1476.3799999999999,33.35703703703704,54,0,2854.75,2884.75,2873.5,2843.5,1451.3799999999999,1501.3799999999999
29,107,2894.125,1476.3799999999999,33.25689655172414,58,0,2884.75,2914.75,2903.5,2873.5,1451.3799999999999,1501.3799999999999
29,108,2924.125,1476.3799999999999,35.61383333333334,60,0,2914.75,2944.75,2933.5,2903.5,1451.3799999999999,1501.3799999999999
29,109,2954.125,1476.3799999999999,36.148125,48,0,2944.75,2974.75,2963.5,2933.5,1451.3799999999999,1501.3799999999999
29,110,2984.125,1476.3799999999999,34.50591549295773,71,0,2974.75,3004.75,2993.5,2963.5,1451.3799999999999,1501.3799999999999
29,111,3014.125,1476.3799999999999,32.649710144927525,69,0,3004.75,3034.75,3023.5,2993.5,1451.3799999999999,1501.3799999999999
29,112,3044.125,1476.3799999999999,35.19092307692309,65,0,3034.75,3064.75,3053.5,3023.5,1451.3799999999999,1501.3799999999999
29,113,3074.125,1476.3799999999999,36.709482758620695,58,0,3064.75,3094.75,3083.5,3053.5,1451.3799999999999,1501.3799999999999
29,114,3104.125,1476.3799999999999,37.40076923076923,52,0,3094.75,3124.75,3113.5,3083.5,1451.3799999999999,1501.3799999999999
29,115,3134.125,1476.3799999999999,39.07763636363637,55,0,3124.75,3154.75,3143.5,3113.5,1451.3799999999999,1501.3799999999999
29,116,3164.125,1476.3799999999999,40.81302325581396,43,0,3154.75,3184.75,3173.5,3143.5,1451.3799999999999,1501.3799999999999
29,117,3194.125,1476.3799999999999,37.82148148148148,54,0,3184.75,3214.75,3203.5,3173.5,1451.3799999999999,1501.3799999999999
29,118,3224.125,1476.3799999999999,41.64066666666668,45,0,3214.75,3244.75,3233.5,3203.5,1451.3799999999999,1501.3799999999999
29,119,3254.125,1476.3799999999999,34.35738095238095,42,0,3244.75,3274.75,3263.5,3233.5,1451.3799999999999,1501.3799999999999
29,120,3284.125,1476.3799999999999,31.840625000000003,64,0,3274.75,3304.75,3293.5,3263.5,1451.3799999999999,1501.3799999999999
29,121,3314.125,1476.3799999999999,38.272181818181814,55,0,3304.75,3334.75,3323.5,3293.5,1451.3799999999999,1501.3799999999999
29,122,3344.125,1476.3799999999999,42.35522727272726,44,0,3334.75,3364.75,3353.5,3323.5,1451.3799999999999,1501.3799999999999
29,123,3374.125,1476.3799999999999,44.49400000000001,40,0,3364.75,3394.75,3383.5,3353.5,1451.3799999999999,1501.3799999999999
29,124,3404.125,1476.3799999999999,41.2858,50,0,3394.75,3424.75,3413.5,3383.5,1451.3799999999999,1501.3799999999999
29,125,3434.125,1476.3799999999999,41.38784313725491,51,0,3424.75,3454.75,3443.5,3413.5,1451.3799999999999,1501.3799999999999
29,126,3464.125,1476.3799999999999,40.08020000000001,50,0,3454.75,3484.75,3473.5,3443.5,1451.3799999999999,1501.3799999999999
29,127,3494.125,1476.3799999999999,37.96104166666666,48,0,3484.75,3514.75,3503.5,3473.5,1451.3799999999999,1501.3799999999999
29,128,3524.125,1476.3799999999999,35.689230769230775,65,0,3514.75,3544.75,3533.5,3503.5,1451.3799999999999,1501.3799999999999
29,129,3554.125,1476.3799999999999,35.68842105263158,57,0,3544.75,3574.75,3563.5,3533.5,1451.3799999999999,1501.3799999999999
29,130,3584.125,1476.3799999999999,35.888431372549014,51,0,3574.75,3604.75,3593.5,3563.5,1451.3799999999999,1501.3799999999999
29,131,3614.125,1476.3799999999999,40.63698113207547,53,0,3604.75,3634.75,3623.5,3593.5,1451.3799999999999,1501.3799999999999
29,132,3644.125,1476.3799999999999,39.69062499999999,48,0,3634.75,3664.75,3653.5,3623.5,1451.3799999999999,1501.3799999999999
29,133,3674.125,1476.3799999999999,42.07666666666667,42,0,3664.75,3694.75,3683.5,3653.5,1451.3799999999999,1501.3799999999999
29,134,3704.125,1476.3799999999999,42.27511627906978,43,0,3694.75,3724.75,3713.5,3683.5,1451.3799999999999,1501.3799999999999
29,135,3734.125,1476.3799999999999,46.81369565217392,46,0,3724.75,3754.75,3743.5,3713.5,1451.3799999999999,1501.3799999999999
29,136,3764.125,1476.3799999999999,40.67799999999999,30,0,3754.75,3784.75,3773.5,3743.5,1451.3799999999999,1501.3799999999999
29,137,3794.125,1476.3799999999999,34.296,5,0,3784.75,3814.75,3803.5,3773.5,1451.3799999999999,1501.3799999999999
29,138,3824.125,1476.3799999999999,,0,0,3814.75,3844.75,3833.5,3803.5,1451.3799999999999,1501.3799999999999
30,11,2.875,1526.3799999999999,65.94887500000002,20,0,-6.5,23.5,12.25,-17.75,1501.3799999999999,1551.3799999999999
30,12,32.875,1526.3799999999999,71.32636363636365,22,0,23.5,53.5,42.25,12.25,1501.3799999999999,1551.3799999999999
30,13,62.875,1526.3799999999999,70.7035294117647,17,0,53.5,83.5,72.25,42.25,1501.3799999999999,1551.3799999999999
30,14,92.875,1526.3799999999999,58.25583333333333,24,0,83.5,113.5,102.25,72.25,1501.3799999999999,1551.3799999999999
30,15,122.875,1526.3799999999999,63.46742857142856,35,0,113.5,143.5,132.25,102.25,1501.3799999999999,1551.3799999999999
30,16,152.875,1526.3799999999999,54.64111111111111,45,0,143.5,173.5,162.25,132.25,1501.3799999999999,1551.3799999999999
30,17,182.875,1526.3799999999999,59.072500000000005,32,0,173.5,203.5,192.25,162.25,1501.3799999999999,1551.3799999999999
30,18,212.875,1526.3799999999999,65.07181818181817,22,0,203.5,233.5,222.25,192.25,1501.3799999999999,1551.3799999999999
30,19,242.875,1526.3799999999999,62.49314285714285,35,0,233.5,263.5,252.25,222.25,1501.3799999999999,1551.3799999999999
30,20,272.875,1526.3799999999999,62.58758620689655,29,0,263.5,293.5,282.25,252.25,1501.3799999999999,1551.3799999999999
30,21,302.875,1526.3799999999999,65.06304347826088,23,0,293.5,323.5,312.25,282.25,1501.3799999999999,1551.3799999999999
30,22,332.875,1526.3799999999999,62.0,20,0,323.5,353.5,342.25,312.25,1501.3799999999999,1551.3799999999999
30,23,362.875,1526.3799999999999,53.44916666666666,24,0,353.5,383.5,372.25,342.25,1501.3799999999999,1551.3799999999999
30,24,392.875,1526.3799999999999,53.758717948717944,39,0,383.5,413.5,402.25,372.25,1501.3799999999999,1551.3799999999999
30,25,422.875,1526.3799999999999,56.441282051282066,39,0,413.5,443.5,432.25,402.25,1501.3799999999999,1551.3799999999999
30,26,452.875,1526.3799999999999,62.28652173913043,23,0,443.5,473.5,462.25,432.25,1501.3799999999999,1551.3799999999999
30,27,482.875,1526.3799999999999,66.75772727272728,22,0,473.5,503.5,492.25,462.25,1501.3799999999999,1551.3799999999999
30,28,512.875,1526.3799999999999,63.85549999999999,20,0,503.5,533.5,522.25,492.25,1501.3799999999999,1551.3799999999999
30,29,542.875,1526.3799999999999,50.11195121951221,41,0,533.5,563.5,552.25,522.25,1501.3799999999999,1551.3799999999999
30,30,572.875,1526.3799999999999,56.07666666666667,33,0,563.5,593.5,582.25,552.25,1501.3799999999999,1551.3799999999999
30,31,602.875,1526.3799999999999,62.87363636363636,22,0,593.5,623.5,612.25,582.25,1501.3799999999999,1551.3799999999999
30,32,632.875,1526.3799999999999,60.38399999999999,25,0,623.5,653.5,642.25,612.25,1501.3799999999999,1551.3799999999999
30,33,662.875,1526.3799999999999,52.14200000000001,40,0,653.5,683.5,672.25,642.25,1501.3799999999999,1551.3799999999999
30,34,692.875,1526.3799999999999,54.63259259259258,27,0,683.5,713.5,702.25,672.25,1501.3799999999999,1551.3799999999999
30,35,722.875,1526.3799999999999,58.665384615384625,39,0,713.5,743.5,732.25,702.25,1501.3799999999999,1551.3799999999999
30,36,752.875,1526.3799999999999,52.0025,40,0,743.5,773.5,762.25,732.25,1501.3799999999999,1551.3799999999999
30,37,782.875,1526.3799999999999,54.918800000000005,25,0,773.5,803.5,792.25,762.25,1501.3799999999999,1551.3799999999999
30,38,812.875,1526.3799999999999,45.96880000000001,50,0,803.5,833.5,822.25,792.25,1501.3799999999999,1551.3799999999999
30,39,842.875,1526.3799999999999,44.66229166666668,48,0,833.5,863.5,852.25,822.25,1501.3799999999999,1551.3799999999999
30,40,872.875,1526.3799999999999,49.59236842105265,38,0,863.5,893.5,882.25,852.25,1501.3799999999999,1551.3799999999999
30,41,902.875,1526.3799999999999,57.970666666666666,15,0,893.5,923.5,912.25,882.25,1501.3799999999999,1551.3799999999999
30,42,932.875,1526.3799999999999,54.471714285714285,35,0,923.5,953.5,942.25,912.25,1501.3799999999999,1551.3799999999999
30,43,962.875,1526.3799999999999,55.910487804878045,41,0,953.5,983.5,972.25,942.25,1501.3799999999999,1551.3799999999999
30,44,992.875,1526.3799999999999,60.27586206896552,29,0,983.5,1013.5,1002.25,972.25,1501.3799999999999,1551.3799999999999
30,45,1022.875,1526.3799999999999,58.249285714285726,28,0,1013.5,1043.5,1032.25,1002.25,1501.3799999999999,1551.3799999999999
30,46,1052.875,1526.3799999999999,60.592424242424265,33,0,1043.5,1073.5,1062.25,1032.25,1501.3799999999999,1551.3799999999999
30,47,1082.875,1526.3799999999999,58.182142857142864,28,0,1073.5,1103.5,1092.25,1062.25,1501.3799999999999,1551.3799999999999
30,48,1112.875,1526.3799999999999,55.25769230769231,26,0,1103.5,1133.5,1122.25,1092.25,1501.3799999999999,1551.3799999999999
30,49,1142.875,1526.3799999999999,52.31557692307693,52,0,1133.5,1163.5,1152.25,1122.25,1501.3799999999999,1551.3799999999999
30,50,1172.875,1526.3799999999999,56.01352941176471,34,0,1163.5,1193.5,1182.25,1152.25,1501.3799999999999,1551.3799999999999
30,51,1202.875,1526.3799999999999,57.76242424242424,33,0,1193.5,1223.5,1212.25,1182.25,1501.3799999999999,1551.3799999999999
30,52,1232.875,1526.3799999999999,60.13636363636364,33,0,1223.5,1253.5,1242.25,1212.25,1501.3799999999999,1551.3799999999999
30,53,1262.875,1526.3799999999999,60.18653846153845,26,0,1253.5,1283.5,1272.25,1242.25,1501.3799999999999,1551.3799999999999
30,54,1292.875,1526.3799999999999,57.23370370370371,27,0,1283.5,1313.5,1302.25,1272.25,1501.3799999999999,1551.3799999999999
30,55,1322.875,1526.3799999999999,55.74634146341462,41,0,1313.5,1343.5,1332.25,1302.25,1501.3799999999999,1551.3799999999999
30,56,1352.875,1526.3799999999999,57.94666666666667,15,0,1343.5,1373.5,1362.25,1332.25,1501.3799999999999,1551.3799999999999
30,57,1382.875,1526.3799999999999,56.85952380952381,21,0,1373.5,1403.5,1392.25,1362.25,1501.3799999999999,1551.3799999999999
30,58,1412.875,1526.3799999999999,59.97888888888891,27,0,1403.5,1433.5,1422.25,1392.25,1501.3799999999999,1551.3799999999999
30,59,1442.875,1526.3799999999999,65.32888888888888,9,0,1433.5,1463.5,1452.25,1422.25,1501.3799999999999,1551.3799999999999
30,60,1472.875,1526.3799999999999,50.223076923076924,26,0,1463.5,1493.5,1482.25,1452.25,1501.3799999999999,1551.3799999999999
30,61,1502.875,1526.3799999999999,40.968059701492535,67,0,1493.5,1523.5,1512.25,1482.25,1501.3799999999999,1551.3799999999999
30,62,1532.875,1526.3799999999999,43.03719298245615,57,0,1523.5,1553.5,1542.25,1512.25,1501.3799999999999,1551.3799999999999
30,63,1562.875,1526.3799999999999,44.79851063829788,47,0,1553.5,1583.5,1572.25,1542.25,1501.3799999999999,1551.3799999999999
30,64,1592.875,1526.3799999999999,47.01749999999999,44,0,1583.5,1613.5,1602.25,1572.25,1501.3799999999999,1551.3799999999999
30,65,1622.875,1526.3799999999999,49.71595238095239,42,0,1613.5,1643.5,1632.25,1602.25,1501.3799999999999,1551.3799999999999
30,66,1652.875,1526.3799999999999,58.0265,20,0,1643.5,1673.5,1662.25,1632.25,1501.3799999999999,1551.3799999999999
30,67,1682.875,1526.3799999999999,47.78408163265306,49,0,1673.5,1703.5,1692.25,1662.25,1501.3799999999999,1551.3799999999999
30,68,1712.875,1526.3799999999999,54.140666666666675,30,0,1703.5,1733.5,1722.25,1692.25,1501.3799999999999,1551.3799999999999
30,69,1742.875,1526.3799999999999,51.273783783783784,37,0,1733.5,1763.5,1752.25,1722.25,1501.3799999999999,1551.3799999999999
30,70,1772.875,1526.3799999999999,43.10720930232558,43,0,1763.5,1793.5,1782.25,1752.25,1501.3799999999999,1551.3799999999999
30,71,1802.875,1526.3799999999999,40.526875,32,0,1793.5,1823.5,1812.25,1782.25,1501.3799999999999,1551.3799999999999
30,72,1832.875,1526.3799999999999,34.86961538461538,52,0,1823.5,1853.5,1842.25,1812.25,1501.3799999999999,1551.3799999999999
30,73,1862.875,1526.3799999999999,33.62412698412698,63,0,1853.5,1883.5,1872.25,1842.25,1501.3799999999999,1551.3799999999999
30,74,1892.875,1526.3799999999999,37.32206896551724,58,0,1883.5,1913.5,1902.25,1872.25,1501.3799999999999,1551.3799999999999
30,75,1922.875,1526.3799999999999,33.53,47,0,1913.5,1943.5,1932.25,1902.25,1501.3799999999999,1551.3799999999999
30,76,1952.875,1526.3799999999999,39.852,50,0,1943.5,1973.5,1962.25,1932.25,1501.3799999999999,1551.3799999999999
30,77,1982.875,1526.3799999999999,40.270250000000004,40,0,1973.5,2003.5,1992.25,1962.25,1501.3799999999999,1551.3799999999999
30,78,2012.875,1526.3799999999999,33.88117647058824,51,0,2003.5,2033.5,2022.25,1992.25,1501.3799999999999,1551.3799999999999
30,79,2042.875,1526.3799999999999,30.493181818181824,66,0,2033.5,2063.5,2052.25,2022.25,1501.3799999999999,1551.3799999999999
30,80,2072.875,1526.3799999999999,39.90304347826087,46,0,2063.5,2093.5,2082.25,2052.25,1501.3799999999999,1551.3799999999999
30,81,2102.875,1526.3799999999999,37.93894736842106,57,0,2093.5,2123.5,2112.25,2082.25,1501.3799999999999,1551.3799999999999
30,82,2132.875,1526.3799999999999,44.14212765957448,47,0,2123.5,2153.5,2142.25,2112.25,1501.3799999999999,1551.3799999999999
30,83,2162.875,1526.3799999999999,42.395833333333336,48,0,2153.5,2183.5,2172.25,2142.25,1501.3799999999999,1551.3799999999999
30,84,2192.875,1526.3799999999999,30.526774193548384,62,0,2183.5,2213.5,2202.25,2172.25,1501.3799999999999,1551.3799999999999
30,85,2222.875,1526.3799999999999,29.594615384615384,65,0,2213.5,2243.5,2232.25,2202.25,1501.3799999999999,1551.3799999999999
30,86,2252.875,1526.3799999999999,28.117903225806458,62,0,2243.5,2273.5,2262.25,2232.25,1501.3799999999999,1551.3799999999999
30,87,2282.875,1526.3799999999999,31.809672131147536,61,0,2273.5,2303.5,2292.25,2262.25,1501.3799999999999,1551.3799999999999
30,88,2312.875,1526.3799999999999,28.72107692307693,65,0,2303.5,2333.5,2322.25,2292.25,1501.3799999999999,1551.3799999999999
30,89,2342.875,1526.3799999999999,26.037733333333332,75,0,2333.5,2363.5,2352.25,2322.25,1501.3799999999999,1551.3799999999999
30,90,2372.875,1526.3799999999999,31.41057692307692,52,0,2363.5,2393.5,2382.25,2352.25,1501.3799999999999,1551.3799999999999
30,91,2402.875,1526.3799999999999,33.62903225806452,62,0,2393.5,2423.5,2412.25,2382.25,1501.3799999999999,1551.3799999999999
30,92,2432.875,1526.3799999999999,35.7,55,0,2423.5,2453.5,2442.25,2412.25,1501.3799999999999,1551.3799999999999
30,93,2462.875,1526.3799999999999,37.85854545454545,55,0,2453.5,2483.5,2472.25,2442.25,1501.3799999999999,1551.3799999999999
30,94,2492.875,1526.3799999999999,35.10214285714286,42,0,2483.5,2513.5,2502.25,2472.25,1501.3799999999999,1551.3799999999999
30,95,2522.875,1526.3799999999999,43.68424242424243,33,0,2513.5,2543.5,2532.25,2502.25,1501.3799999999999,1551.3799999999999
30,96,2552.875,1526.3799999999999,32.048333333333325,48,0,2543.5,2573.5,2562.25,2532.25,1501.3799999999999,1551.3799999999999
30,97,2582.875,1526.3799999999999,34.57813953488371,43,0,2573.5,2603.5,2592.25,2562.25,1501.3799999999999,1551.3799999999999
30,98,2612.875,1526.3799999999999,37.633513513513506,37,0,2603.5,2633.5,2622.25,2592.25,1501.3799999999999,1551.3799999999999
30,99,2642.875,1526.3799999999999,36.99153846153846,52,0,2633.5,2663.5,2652.25,2622.25,1501.3799999999999,1551.3799999999999
30,100,2672.875,1526.3799999999999,35.568333333333335,48,0,2663.5,2693.5,2682.25,2652.25,1501.3799999999999,1551.3799999999999
30,101,2702.875,1526.3799999999999,32.85393442622951,61,0,2693.5,2723.5,2712.25,2682.25,1501.3799999999999,1551.3799999999999
30,102,2732.875,1526.3799999999999,30.74309090909092,55,0,2723.5,2753.5,2742.25,2712.25,1501.3799999999999,1551.3799999999999
30,103,2762.875,1526.3799999999999,31.773384615384614,65,0,2753.5,2783.5,2772.25,2742.25,1501.3799999999999,1551.3799999999999
30,104,2792.875,1526.3799999999999,37.541063829787234,47,0,2783.5,2813.5,2802.25,2772.25,1501.3799999999999,1551.3799999999999
30,105,2822.875,1526.3799999999999,37.71195652173913,46,0,2813.5,2843.5,2832.25,2802.25,1501.3799999999999,1551.3799999999999
30,106,2852.875,1526.3799999999999,35.83869565217391,46,0,2843.5,2873.5,2862.25,2832.25,1501.3799999999999,1551.3799999999999
30,107,2882.875,1526.3799999999999,33.854528301886795,53,0,2873.5,2903.5,2892.25,2862.25,1501.3799999999999,1551.3799999999999
30,108,2912.875,1526.3799999999999,35.93716981132075,53,0,2903.5,2933.5,2922.25,2892.25,1501.3799999999999,1551.3799999999999
30,109,2942.875,1526.3799999999999,35.78341463414634,41,0,2933.5,2963.5,2952.25,2922.25,1501.3799999999999,1551.3799999999999
30,110,2972.875,1526.3799999999999,34.401698113207544,53,0,2963.5,2993.5,2982.25,2952.25,1501.3799999999999,1551.3799999999999
30,111,3002.875,1526.3799999999999,28.8155223880597,67,0,2993.5,3023.5,3012.25,2982.25,1501.3799999999999,1551.3799999999999
30,112,3032.875,1526.3799999999999,29.36105263157894,57,0,3023.5,3053.5,3042.25,3012.25,1501.3799999999999,1551.3799999999999
30,113,3062.875,1526.3799999999999,36.713829787234054,47,0,3053.5,3083.5,3072.25,3042.25,1501.3799999999999,1551.3799999999999
30,114,3092.875,1526.3799999999999,37.023846153846144,52,0,3083.5,3113.5,3102.25,3072.25,1501.3799999999999,1551.3799999999999
30,115,3122.875,1526.3799999999999,38.156545454545466,55,0,3113.5,3143.5,3132.25,3102.25,1501.3799999999999,1551.3799999999999
30,116,3152.875,1526.3799999999999,39.38954545454545,44,0,3143.5,3173.5,3162.25,3132.25,1501.3799999999999,1551.3799999999999
30,117,3182.875,1526.3799999999999,38.15571428571428,42,0,3173.5,3203.5,3192.25,3162.25,1501.3799999999999,1551.3799999999999
30,118,3212.875,1526.3799999999999,42.2,38,0,3203.5,3233.5,3222.25,3192.25,1501.3799999999999,1551.3799999999999
30,119,3242.875,1526.3799999999999,40.20725,40,0,3233.5,3263.5,3252.25,3222.25,1501.3799999999999,1551.3799999999999
30,120,3272.875,1526.3799999999999,32.47795454545455,44,0,3263.5,3293.5,3282.25,3252.25,1501.3799999999999,1551.3799999999999
30,121,3302.875,1526.3799999999999,34.83847457627118,59,0,3293.5,3323.5,3312.25,3282.25,1501.3799999999999,1551.3799999999999
30,122,3332.875,1526.3799999999999,40.55842105263157,38,0,3323.5,3353.5,3342.25,3312.25,1501.3799999999999,1551.3799999999999
30,123,3362.875,1526.3799999999999,43.75868421052631,38,0,3353.5,3383.5,3372.25,3342.25,1501.3799999999999,1551.3799999999999
30,124,3392.875,1526.3799999999999,42.40049999999999,40,0,3383.5,3413.5,3402.25,3372.25,1501.3799999999999,1551.3799999999999
30,125,3422.875,1526.3799999999999,40.33025,40,0,3413.5,3443.5,3432.25,3402.25,1501.3799999999999,1551.3799999999999
30,126,3452.875,1526.3799999999999,40.399268292682926,41,0,3443.5,3473.5,3462.25,3432.25,1501.3799999999999,1551.3799999999999
30,127,3482.875,1526.3799999999999,39.34372093023255,43,0,3473.5,3503.5,3492.25,3462.25,1501.3799999999999,1551.3799999999999
30,128,3512.875,1526.3799999999999,37.093947368421055,38,0,3503.5,3533.5,3522.25,3492.25,1501.3799999999999,1551.3799999999999
30,129,3542.875,1526.3799999999999,34.176949152542385,59,0,3533.5,3563.5,3552.25,3522.25,1501.3799999999999,1551.3799999999999
30,130,3572.875,1526.3799999999999,33.251400000000004,50,0,3563.5,3593.5,3582.25,3552.25,1501.3799999999999,1551.3799999999999
30,131,3602.875,1526.3799999999999,36.32583333333333,48,0,3593.5,3623.5,3612.25,3582.25,1501.3799999999999,1551.3799999999999
30,132,3632.875,1526.3799999999999,39.64208333333334,48,0,3623.5,3653.5,3642.25,3612.25,1501.3799999999999,1551.3799999999999
30,133,3662.875,1526.3799999999999,38.605384615384615,39,0,3653.5,3683.5,3672.25,3642.25,1501.3799999999999,1551.3799999999999
30,134,3692.875,1526.3799999999999,42.07657894736843,38,0,3683.5,3713.5,3702.25,3672.25,1501.3799999999999,1551.3799999999999
30,135,3722.875,1526.3799999999999,46.213870967741926,31,0,3713.5,3743.5,3732.25,3702.25,1501.3799999999999,1551.3799999999999
30,136,3752.875,1526.3799999999999,47.285333333333334,30,0,3743.5,3773.5,3762.25,3732.25,1501.3799999999999,1551.3799999999999
30,137,3782.875,1526.3799999999999,40.946470588235286,17,0,3773.5,3803.5,3792.25,3762.25,1501.3799999999999,1551.3799999999999
30,138,3812.875,1526.3799999999999,,0,0,3803.5,3833.5,3822.25,3792.25,1501.3799999999999,1551.3799999999999
30,139,3842.875,1526.3799999999999,,0,0,3833.5,3863.5,3852.25,3822.25,1501.3799999999999,1551.3799999999999
31,11,-8.375,1576.3799999999999,72.6585,5,0,-17.75,12.25,1.0,-29.0,1551.3799999999999,1601.3799999999999
31,12,21.625,1576.3799999999999,71.18962962962964,27,0,12.25,42.25,31.0,1.0,1551.3799999999999,1601.3799999999999
31,13,51.625,1576.3799999999999,73.10318181818181,22,0,42.25,72.25,61.0,31.0,1551.3799999999999,1601.3799999999999
31,14,81.625,1576.3799999999999,68.78277777777778,18,0,72.25,102.25,91.0,61.0,1551.3799999999999,1601.3799999999999
31,15,111.625,1576.3799999999999,61.04648648648651,37,0,102.25,132.25,121.0,91.0,1551.3799999999999,1601.3799999999999
31,16,141.625,1576.3799999999999,61.917187500000004,32,0,132.25,162.25,151.0,121.0,1551.3799999999999,1601.3799999999999
31,17,171.625,1576.3799999999999,58.14813953488371,43,0,162.25,192.25,181.0,151.0,1551.3799999999999,1601.3799999999999
31,18,201.625,1576.3799999999999,64.54840000000002,25,0,192.25,222.25,211.0,181.0,1551.3799999999999,1601.3799999999999
31,19,231.625,1576.3799999999999,65.92769230769231,39,0,222.25,252.25,241.0,211.0,1551.3799999999999,1601.3799999999999
31,20,261.625,1576.3799999999999,64.15499999999999,40,0,252.25,282.25,271.0,241.0,1551.3799999999999,1601.3799999999999
31,21,291.625,1576.3799999999999,66.12428571428572,21,0,282.25,312.25,301.0,271.0,1551.3799999999999,1601.3799999999999
31,22,321.625,1576.3799999999999,69.12285714285716,21,0,312.25,342.25,331.0,301.0,1551.3799999999999,1601.3799999999999
31,23,351.625,1576.3799999999999,58.372692307692304,26,0,342.25,372.25,361.0,331.0,1551.3799999999999,1601.3799999999999
31,24,381.625,1576.3799999999999,58.51222222222221,27,0,372.25,402.25,391.0,361.0,1551.3799999999999,1601.3799999999999
31,25,411.625,1576.3799999999999,55.80255319148936,47,0,402.25,432.25,421.0,391.0,1551.3799999999999,1601.3799999999999
31,26,441.625,1576.3799999999999,63.83653846153846,26,0,432.25,462.25,451.0,421.0,1551.3799999999999,1601.3799999999999
31,27,471.625,1576.3799999999999,65.21275862068964,29,0,462.25,492.25,481.0,451.0,1551.3799999999999,1601.3799999999999
31,28,501.625,1576.3799999999999,70.82999999999998,19,0,492.25,522.25,511.0,481.0,1551.3799999999999,1601.3799999999999
31,29,531.625,1576.3799999999999,59.84708333333333,24,0,522.25,552.25,541.0,511.0,1551.3799999999999,1601.3799999999999
31,30,561.625,1576.3799999999999,53.441041666666656,48,0,552.25,582.25,571.0,541.0,1551.3799999999999,1601.3799999999999
31,31,591.625,1576.3799999999999,64.6488,25,0,582.25,612.25,601.0,571.0,1551.3799999999999,1601.3799999999999
31,32,621.625,1576.3799999999999,65.22631578947369,19,0,612.25,642.25,631.0,601.0,1551.3799999999999,1601.3799999999999
31,33,651.625,1576.3799999999999,58.18379310344828,29,0,642.25,672.25,661.0,631.0,1551.3799999999999,1601.3799999999999
31,34,681.625,1576.3799999999999,52.36769230769231,39,0,672.25,702.25,691.0,661.0,1551.3799999999999,1601.3799999999999
31,35,711.625,1576.3799999999999,61.263888888888886,36,0,702.25,732.25,721.0,691.0,1551.3799999999999,1601.3799999999999
31,36,741.625,1576.3799999999999,58.08172413793105,29,0,732.25,762.25,751.0,721.0,1551.3799999999999,1601.3799999999999
31,37,771.625,1576.3799999999999,53.844473684210556,38,0,762.25,792.25,781.0,751.0,1551.3799999999999,1601.3799999999999
31,38,801.625,1576.3799999999999,52.39609756097562,41,0,792.25,822.25,811.0,781.0,1551.3799999999999,1601.3799999999999
31,39,831.625,1576.3799999999999,46.96603773584907,53,0,822.25,852.25,841.0,811.0,1551.3799999999999,1601.3799999999999
31,40,861.625,1576.3799999999999,47.45645833333332,48,0,852.25,882.25,871.0,841.0,1551.3799999999999,1601.3799999999999
31,41,891.625,1576.3799999999999,55.330833333333345,24,0,882.25,912.25,901.0,871.0,1551.3799999999999,1601.3799999999999
31,42,921.625,1576.3799999999999,58.70045454545454,22,0,912.25,942.25,931.0,901.0,1551.3799999999999,1601.3799999999999
31,43,951.625,1576.3799999999999,55.07160000000002,50,0,942.25,972.25,961.0,931.0,1551.3799999999999,1601.3799999999999
31,44,981.625,1576.3799999999999,62.776944444444425,36,0,972.25,1002.25,991.0,961.0,1551.3799999999999,1601.3799999999999
31,45,1011.625,1576.3799999999999,60.32115384615386,26,0,1002.25,1032.25,1021.0,991.0,1551.3799999999999,1601.3799999999999
31,46,1041.625,1576.3799999999999,60.17312500000002,32,0,1032.25,1062.25,1051.0,1021.0,1551.3799999999999,1601.3799999999999
31,47,1071.625,1576.3799999999999,62.40529411764705,34,0,1062.25,1092.25,1081.0,1051.0,1551.3799999999999,1601.3799999999999
31,48,1101.625,1576.3799999999999,58.573125,32,0,1092.25,1122.25,1111.0,1081.0,1551.3799999999999,1601.3799999999999
31,49,1131.625,1576.3799999999999,59.84758620689655,29,0,1122.25,1152.25,1141.0,1111.0,1551.3799999999999,1601.3799999999999
31,50,1161.625,1576.3799999999999,54.76477272727273,44,0,1152.25,1182.25,1171.0,1141.0,1551.3799999999999,1601.3799999999999
31,51,1191.625,1576.3799999999999,60.92571428571428,35,0,1182.25,1212.25,1201.0,1171.0,1551.3799999999999,1601.3799999999999
31,52,1221.625,1576.3799999999999,61.79051282051281,39,0,1212.25,1242.25,1231.0,1201.0,1551.3799999999999,1601.3799999999999
31,53,1251.625,1576.3799999999999,62.17545454545453,33,0,1242.25,1272.25,1261.0,1231.0,1551.3799999999999,1601.3799999999999
31,54,1281.625,1576.3799999999999,63.098421052631586,19,0,1272.25,1302.25,1291.0,1261.0,1551.3799999999999,1601.3799999999999
31,55,1311.625,1576.3799999999999,58.2239024390244,41,0,1302.25,1332.25,1321.0,1291.0,1551.3799999999999,1601.3799999999999
31,56,1341.625,1576.3799999999999,60.424666666666674,30,0,1332.25,1362.25,1351.0,1321.0,1551.3799999999999,1601.3799999999999
31,57,1371.625,1576.3799999999999,60.184999999999995,14,0,1362.25,1392.25,1381.0,1351.0,1551.3799999999999,1601.3799999999999
31,58,1401.625,1576.3799999999999,60.70967741935484,31,0,1392.25,1422.25,1411.0,1381.0,1551.3799999999999,1601.3799999999999
31,59,1431.625,1576.3799999999999,62.61533333333333,15,0,1422.25,1452.25,1441.0,1411.0,1551.3799999999999,1601.3799999999999
31,60,1461.625,1576.3799999999999,66.04333333333332,9,0,1452.25,1482.25,1471.0,1441.0,1551.3799999999999,1601.3799999999999
31,61,1491.625,1576.3799999999999,47.9035593220339,59,0,1482.25,1512.25,1501.0,1471.0,1551.3799999999999,1601.3799999999999
31,62,1521.625,1576.3799999999999,42.22402777777777,72,0,1512.25,1542.25,1531.0,1501.0,1551.3799999999999,1601.3799999999999
31,63,1551.625,1576.3799999999999,47.32999999999999,48,0,1542.25,1572.25,1561.0,1531.0,1551.3799999999999,1601.3799999999999
31,64,1581.625,1576.3799999999999,48.77460000000001,50,0,1572.25,1602.25,1591.0,1561.0,1551.3799999999999,1601.3799999999999
31,65,1611.625,1576.3799999999999,52.31219512195121,41,0,1602.25,1632.25,1621.0,1591.0,1551.3799999999999,1601.3799999999999
31,66,1641.625,1576.3799999999999,55.94566666666665,30,0,1632.25,1662.25,1651.0,1621.0,1551.3799999999999,1601.3799999999999
31,67,1671.625,1576.3799999999999,57.434827586206886,29,0,1662.25,1692.25,1681.0,1651.0,1551.3799999999999,1601.3799999999999
31,68,1701.625,1576.3799999999999,50.52191489361702,47,0,1692.25,1722.25,1711.0,1681.0,1551.3799999999999,1601.3799999999999
31,69,1731.625,1576.3799999999999,61.78125000000001,24,0,1722.25,1752.25,1741.0,1711.0,1551.3799999999999,1601.3799999999999
31,70,1761.625,1576.3799999999999,49.084285714285706,42,0,1752.25,1782.25,1771.0,1741.0,1551.3799999999999,1601.3799999999999
31,71,1791.625,1576.3799999999999,47.11645161290322,31,0,1782.25,1812.25,1801.0,1771.0,1551.3799999999999,1601.3799999999999
31,72,1821.625,1576.3799999999999,44.29953488372094,43,0,1812.25,1842.25,1831.0,1801.0,1551.3799999999999,1601.3799999999999
31,73,1851.625,1576.3799999999999,38.10244897959183,49,0,1842.25,1872.25,1861.0,1831.0,1551.3799999999999,1601.3799999999999
31,74,1881.625,1576.3799999999999,34.14453333333334,75,0,1872.25,1902.25,1891.0,1861.0,1551.3799999999999,1601.3799999999999
31,75,1911.625,1576.3799999999999,38.21085953878408,53,0,1902.25,1932.25,1921.0,1891.0,1551.3799999999999,1601.3799999999999
31,76,1941.625,1576.3799999999999,40.16157894736841,57,0,1932.25,1962.25,1951.0,1921.0,1551.3799999999999,1601.3799999999999
31,77,1971.625,1576.3799999999999,45.36116279069768,43,0,1962.25,1992.25,1981.0,1951.0,1551.3799999999999,1601.3799999999999
31,78,2001.625,1576.3799999999999,44.584999999999994,42,0,1992.25,2022.25,2011.0,1981.0,1551.3799999999999,1601.3799999999999
31,79,2031.625,1576.3799999999999,38.81274193548387,62,0,2022.25,2052.25,2041.0,2011.0,1551.3799999999999,1601.3799999999999
31,80,2061.625,1576.3799999999999,38.82050847457628,59,0,2052.25,2082.25,2071.0,2041.0,1551.3799999999999,1601.3799999999999
31,81,2091.625,1576.3799999999999,40.10334975369458,58,0,2082.25,2112.25,2101.0,2071.0,1551.3799999999999,1601.3799999999999
31,82,2121.625,1576.3799999999999,45.21879310344827,58,0,2112.25,2142.25,2131.0,2101.0,1551.3799999999999,1601.3799999999999
31,83,2151.625,1576.3799999999999,46.42711111111111,45,0,2142.25,2172.25,2161.0,2131.0,1551.3799999999999,1601.3799999999999
31,84,2181.625,1576.3799999999999,40.70574074074074,54,0,2172.25,2202.25,2191.0,2161.0,1551.3799999999999,1601.3799999999999
31,85,2211.625,1576.3799999999999,35.8731175595238,64,0,2202.25,2232.25,2221.0,2191.0,1551.3799999999999,1601.3799999999999
31,86,2241.625,1576.3799999999999,36.200793650793635,63,0,2232.25,2262.25,2251.0,2221.0,1551.3799999999999,1601.3799999999999
31,87,2271.625,1576.3799999999999,36.85467741935484,62,0,2262.25,2292.25,2281.0,2251.0,1551.3799999999999,1601.3799999999999
31,88,2301.625,1576.3799999999999,39.08849056603772,53,0,2292.25,2322.25,2311.0,2281.0,1551.3799999999999,1601.3799999999999
31,89,2331.625,1576.3799999999999,31.217808219178096,73,0,2322.25,2352.25,2341.0,2311.0,1551.3799999999999,1601.3799999999999
31,90,2361.625,1576.3799999999999,28.02453125000001,64,0,2352.25,2382.25,2371.0,2341.0,1551.3799999999999,1601.3799999999999
31,91,2391.625,1576.3799999999999,34.47736842105263,57,0,2382.25,2412.25,2401.0,2371.0,1551.3799999999999,1601.3799999999999
31,92,2421.625,1576.3799999999999,33.839189189189185,74,0,2412.25,2442.25,2431.0,2401.0,1551.3799999999999,1601.3799999999999
31,93,2451.625,1576.3799999999999,40.48690909090909,55,0,2442.25,2472.25,2461.0,2431.0,1551.3799999999999,1601.3799999999999
31,94,2481.625,1576.3799999999999,40.30499999999999,58,0,2472.25,2502.25,2491.0,2461.0,1551.3799999999999,1601.3799999999999
31,95,2511.625,1576.3799999999999,42.721162790697676,43,0,2502.25,2532.25,2521.0,2491.0,1551.3799999999999,1601.3799999999999
31,96,2541.625,1576.3799999999999,41.142857142857146,28,0,2532.25,2562.25,2551.0,2521.0,1551.3799999999999,1601.3799999999999
31,97,2571.625,1576.3799999999999,35.23986111111111,72,0,2562.25,2592.25,2581.0,2551.0,1551.3799999999999,1601.3799999999999
31,98,2601.625,1576.3799999999999,40.58024999999999,40,0,2592.25,2622.25,2611.0,2581.0,1551.3799999999999,1601.3799999999999
31,99,2631.625,1576.3799999999999,40.20276595744683,47,0,2622.25,2652.25,2641.0,2611.0,1551.3799999999999,1601.3799999999999
31,100,2661.625,1576.3799999999999,39.910185185185185,54,0,2652.25,2682.25,2671.0,2641.0,1551.3799999999999,1601.3799999999999
31,101,2691.625,1576.3799999999999,39.1304081632653,49,0,2682.25,2712.25,2701.0,2671.0,1551.3799999999999,1601.3799999999999
31,102,2721.625,1576.3799999999999,38.58096774193549,62,0,2712.25,2742.25,2731.0,2701.0,1551.3799999999999,1601.3799999999999
31,103,2751.625,1576.3799999999999,34.04096774193549,62,0,2742.25,2772.25,2761.0,2731.0,1551.3799999999999,1601.3799999999999
31,104,2781.625,1576.3799999999999,31.862535211267616,71,0,2772.25,2802.25,2791.0,2761.0,1551.3799999999999,1601.3799999999999
31,105,2811.625,1576.3799999999999,41.556122448979586,49,0,2802.25,2832.25,2821.0,2791.0,1551.3799999999999,1601.3799999999999
31,106,2841.625,1576.3799999999999,40.93222222222224,54,0,2832.25,2862.25,2851.0,2821.0,1551.3799999999999,1601.3799999999999
31,107,2871.625,1576.3799999999999,39.07479166666667,48,0,2862.25,2892.25,2881.0,2851.0,1551.3799999999999,1601.3799999999999
31,108,2901.625,1576.3799999999999,41.220980392156854,51,0,2892.25,2922.25,2911.0,2881.0,1551.3799999999999,1601.3799999999999
31,109,2931.625,1576.3799999999999,38.70237288135593,59,0,2922.25,2952.25,2941.0,2911.0,1551.3799999999999,1601.3799999999999
31,110,2961.625,1576.3799999999999,39.67146341463413,41,0,2952.25,2982.25,2971.0,2941.0,1551.3799999999999,1601.3799999999999
31,111,2991.625,1576.3799999999999,37.15245901639342,61,0,2982.25,3012.25,3001.0,2971.0,1551.3799999999999,1601.3799999999999
31,112,3021.625,1576.3799999999999,35.200483870967744,62,0,3012.25,3042.25,3031.0,3001.0,1551.3799999999999,1601.3799999999999
31,113,3051.625,1576.3799999999999,39.216065573770486,61,0,3042.25,3072.25,3061.0,3031.0,1551.3799999999999,1601.3799999999999
31,114,3081.625,1576.3799999999999,42.515,52,0,3072.25,3102.25,3091.0,3061.0,1551.3799999999999,1601.3799999999999
31,115,3111.625,1576.3799999999999,41.05173076923076,52,0,3102.25,3132.25,3121.0,3091.0,1551.3799999999999,1601.3799999999999
31,116,3141.625,1576.3799999999999,42.504230769230766,52,0,3132.25,3162.25,3151.0,3121.0,1551.3799999999999,1601.3799999999999
31,117,3171.625,1576.3799999999999,42.57999999999999,44,0,3162.25,3192.25,3181.0,3151.0,1551.3799999999999,1601.3799999999999
31,118,3201.625,1576.3799999999999,42.66807692307692,52,0,3192.25,3222.25,3211.0,3181.0,1551.3799999999999,1601.3799999999999
31,119,3231.625,1576.3799999999999,46.167441860465125,43,0,3222.25,3252.25,3241.0,3211.0,1551.3799999999999,1601.3799999999999
31,120,3261.625,1576.3799999999999,40.01428571428572,35,0,3252.25,3282.25,3271.0,3241.0,1551.3799999999999,1601.3799999999999
31,121,3291.625,1576.3799999999999,38.15981481481482,54,0,3282.25,3312.25,3301.0,3271.0,1551.3799999999999,1601.3799999999999
31,122,3321.625,1576.3799999999999,41.429672131147534,61,0,3312.25,3342.25,3331.0,3301.0,1551.3799999999999,1601.3799999999999
31,123,3351.625,1576.3799999999999,45.83999999999999,41,0,3342.25,3372.25,3361.0,3331.0,1551.3799999999999,1601.3799999999999
31,124,3381.625,1576.3799999999999,48.301052631578955,38,0,3372.25,3402.25,3391.0,3361.0,1551.3799999999999,1601.3799999999999
31,125,3411.625,1576.3799999999999,43.883846153846164,52,0,3402.25,3432.25,3421.0,3391.0,1551.3799999999999,1601.3799999999999
31,126,3441.625,1576.3799999999999,44.25387755102041,49,0,3432.25,3462.25,3451.0,3421.0,1551.3799999999999,1601.3799999999999
31,127,3471.625,1576.3799999999999,45.871590909090905,44,0,3462.25,3492.25,3481.0,3451.0,1551.3799999999999,1601.3799999999999
31,128,3501.625,1576.3799999999999,41.92731707317074,41,0,3492.25,3522.25,3511.0,3481.0,1551.3799999999999,1601.3799999999999
31,129,3531.625,1576.3799999999999,39.43590534979425,54,0,3522.25,3552.25,3541.0,3511.0,1551.3799999999999,1601.3799999999999
31,130,3561.625,1576.3799999999999,41.50942307692307,52,0,3552.25,3582.25,3571.0,3541.0,1551.3799999999999,1601.3799999999999
31,131,3591.625,1576.3799999999999,35.72076923076924,52,0,3582.25,3612.25,3601.0,3571.0,1551.3799999999999,1601.3799999999999
31,132,3621.625,1576.3799999999999,37.96678571428571,56,0,3612.25,3642.25,3631.0,3601.0,1551.3799999999999,1601.3799999999999
31,133,3651.625,1576.3799999999999,44.008478260869566,46,0,3642.25,3672.25,3661.0,3631.0,1551.3799999999999,1601.3799999999999
31,134,3681.625,1576.3799999999999,42.15073170731708,41,0,3672.25,3702.25,3691.0,3661.0,1551.3799999999999,1601.3799999999999
31,135,3711.625,1576.3799999999999,47.15925,40,0,3702.25,3732.25,3721.0,3691.0,1551.3799999999999,1601.3799999999999
31,136,3741.625,1576.3799999999999,51.737750000000005,40,0,3732.25,3762.25,3751.0,3721.0,1551.3799999999999,1601.3799999999999
31,137,3771.625,1576.3799999999999,49.58833333333333,24,0,3762.25,3792.25,3781.0,3751.0,1551.3799999999999,1601.3799999999999
31,138,3801.625,1576.3799999999999,44.94,4,0,3792.25,3822.25,3811.0,3781.0,1551.3799999999999,1601.3799999999999
31,139,3831.625,1576.3799999999999,,0,0,3822.25,3852.25,3841.0,3811.0,1551.3799999999999,1601.3799999999999
32,12,10.375,1626.3799999999999,71.38428571428572,19,0,1.0,31.0,19.75,-10.25,1601.3799999999999,1651.3799999999999
32,13,40.375,1626.3799999999999,75.0384962406015,19,0,31.0,61.0,49.75,19.75,1601.3799999999999,1651.3799999999999
32,14,70.375,1626.3799999999999,73.67923076923077,13,0,61.0,91.0,79.75,49.75,1601.3799999999999,1651.3799999999999
32,15,100.375,1626.3799999999999,61.54920000000001,25,0,91.0,121.0,109.75,79.75,1601.3799999999999,1651.3799999999999
32,16,130.375,1626.3799999999999,67.31206896551723,29,0,121.0,151.0,139.75,109.75,1601.3799999999999,1651.3799999999999
32,17,160.375,1626.3799999999999,56.91789473684211,38,0,151.0,181.0,169.75,139.75,1601.3799999999999,1651.3799999999999
32,18,190.375,1626.3799999999999,62.05838709677419,31,0,181.0,211.0,199.75,169.75,1601.3799999999999,1651.3799999999999
32,19,220.375,1626.3799999999999,67.72206896551724,29,0,211.0,241.0,229.75,199.75,1601.3799999999999,1651.3799999999999
32,20,250.375,1626.3799999999999,65.63885714285715,35,0,241.0,271.0,259.75,229.75,1601.3799999999999,1651.3799999999999
32,21,280.375,1626.3799999999999,64.6525,24,0,271.0,301.0,289.75,259.75,1601.3799999999999,1651.3799999999999
32,22,310.375,1626.3799999999999,67.651875,16,0,301.0,331.0,319.75,289.75,1601.3799999999999,1651.3799999999999
32,23,340.375,1626.3799999999999,66.96882352941176,17,0,331.0,361.0,349.75,319.75,1601.3799999999999,1651.3799999999999
32,24,370.375,1626.3799999999999,58.72105769230771,26,0,361.0,391.0,379.75,349.75,1601.3799999999999,1651.3799999999999
32,25,400.375,1626.3799999999999,59.27093750000001,32,0,391.0,421.0,409.75,379.75,1601.3799999999999,1651.3799999999999
32,26,430.375,1626.3799999999999,58.007027027027036,37,0,421.0,451.0,439.75,409.75,1601.3799999999999,1651.3799999999999
32,27,460.375,1626.3799999999999,63.13521739130435,23,0,451.0,481.0,469.75,439.75,1601.3799999999999,1651.3799999999999
32,28,490.375,1626.3799999999999,68.7357894736842,19,0,481.0,511.0,499.75,469.75,1601.3799999999999,1651.3799999999999
32,29,520.375,1626.3799999999999,67.768,20,0,511.0,541.0,529.75,499.75,1601.3799999999999,1651.3799999999999
32,30,550.375,1626.3799999999999,56.22135135135135,37,0,541.0,571.0,559.75,529.75,1601.3799999999999,1651.3799999999999
32,31,580.375,1626.3799999999999,55.78060606060606,33,0,571.0,601.0,589.75,559.75,1601.3799999999999,1651.3799999999999
32,32,610.375,1626.3799999999999,66.60130434782609,23,0,601.0,631.0,619.75,589.75,1601.3799999999999,1651.3799999999999
32,33,640.375,1626.3799999999999,62.283599999999986,25,0,631.0,661.0,649.75,619.75,1601.3799999999999,1651.3799999999999
32,34,670.375,1626.3799999999999,52.03472222222223,36,0,661.0,691.0,679.75,649.75,1601.3799999999999,1651.3799999999999
32,35,700.375,1626.3799999999999,56.3996551724138,29,0,691.0,721.0,709.75,679.75,1601.3799999999999,1651.3799999999999
32,36,730.375,1626.3799999999999,60.57470588235293,34,0,721.0,751.0,739.75,709.75,1601.3799999999999,1651.3799999999999
32,37,760.375,1626.3799999999999,52.68333333333334,39,0,751.0,781.0,769.75,739.75,1601.3799999999999,1651.3799999999999
32,38,790.375,1626.3799999999999,57.54784482758621,29,0,781.0,811.0,799.75,769.75,1601.3799999999999,1651.3799999999999
32,39,820.375,1626.3799999999999,47.31,48,0,811.0,841.0,829.75,799.75,1601.3799999999999,1651.3799999999999
32,40,850.375,1626.3799999999999,45.452199999999976,50,0,841.0,871.0,859.75,829.75,1601.3799999999999,1651.3799999999999
32,41,880.375,1626.3799999999999,50.87538461538461,39,0,871.0,901.0,889.75,859.75,1601.3799999999999,1651.3799999999999
32,42,910.375,1626.3799999999999,60.02846153846154,13,0,901.0,931.0,919.75,889.75,1601.3799999999999,1651.3799999999999
32,43,940.375,1626.3799999999999,55.209666666666664,30,0,931.0,961.0,949.75,919.75,1601.3799999999999,1651.3799999999999
32,44,970.375,1626.3799999999999,56.28948717948718,39,0,961.0,991.0,979.75,949.75,1601.3799999999999,1651.3799999999999
32,45,1000.375,1626.3799999999999,63.12111111111109,27,0,991.0,1021.0,1009.75,979.75,1601.3799999999999,1651.3799999999999
32,46,1030.375,1626.3799999999999,61.8852,25,0,1021.0,1051.0,1039.75,1009.75,1601.3799999999999,1651.3799999999999
32,47,1060.375,1626.3799999999999,62.53071428571429,28,0,1051.0,1081.0,1069.75,1039.75,1601.3799999999999,1651.3799999999999
32,48,1090.375,1626.3799999999999,61.46136363636364,22,0,1081.0,1111.0,1099.75,1069.75,1601.3799999999999,1651.3799999999999
32,49,1120.375,1626.3799999999999,59.64217391304348,23,0,1111.0,1141.0,1129.75,1099.75,1601.3799999999999,1651.3799999999999
32,50,1150.375,1626.3799999999999,56.70151162790699,43,0,1141.0,1171.0,1159.75,1129.75,1601.3799999999999,1651.3799999999999
32,51,1180.375,1626.3799999999999,59.04097222222222,24,0,1171.0,1201.0,1189.75,1159.75,1601.3799999999999,1651.3799999999999
32,52,1210.375,1626.3799999999999,61.54076923076923,26,0,1201.0,1231.0,1219.75,1189.75,1601.3799999999999,1651.3799999999999
32,53,1240.375,1626.3799999999999,62.51645161290322,31,0,1231.0,1261.0,1249.75,1219.75,1601.3799999999999,1651.3799999999999
32,54,1270.375,1626.3799999999999,63.77749999999999,20,0,1261.0,1291.0,1279.75,1249.75,1601.3799999999999,1651.3799999999999
32,55,1300.375,1626.3799999999999,59.93000000000001,23,0,1291.0,1321.0,1309.75,1279.75,1601.3799999999999,1651.3799999999999
32,56,1330.375,1626.3799999999999,58.68236842105264,38,0,1321.0,1351.0,1339.75,1309.75,1601.3799999999999,1651.3799999999999
32,57,1360.375,1626.3799999999999,64.31083333333332,12,0,1351.0,1381.0,1369.75,1339.75,1601.3799999999999,1651.3799999999999
32,58,1390.375,1626.3799999999999,61.55999999999999,20,0,1381.0,1411.0,1399.75,1369.75,1601.3799999999999,1651.3799999999999
32,59,1420.375,1626.3799999999999,63.535454545454556,22,0,1411.0,1441.0,1429.75,1399.75,1601.3799999999999,1651.3799999999999
32,60,1450.375,1626.3799999999999,68.54272727272728,11,0,1441.0,1471.0,1459.75,1429.75,1601.3799999999999,1651.3799999999999
32,61,1480.375,1626.3799999999999,51.66291666666668,24,0,1471.0,1501.0,1489.75,1459.75,1601.3799999999999,1651.3799999999999
32,62,1510.375,1626.3799999999999,42.679473684210535,57,0,1501.0,1531.0,1519.75,1489.75,1601.3799999999999,1651.3799999999999
32,63,1540.375,1626.3799999999999,46.296875,48,0,1531.0,1561.0,1549.75,1519.75,1601.3799999999999,1651.3799999999999
32,64,1570.375,1626.3799999999999,48.21825000000001,40,0,1561.0,1591.0,1579.75,1549.75,1601.3799999999999,1651.3799999999999
32,65,1600.375,1626.3799999999999,51.785,38,0,1591.0,1621.0,1609.75,1579.75,1601.3799999999999,1651.3799999999999
32,66,1630.375,1626.3799999999999,53.47030303030304,33,0,1621.0,1651.0,1639.75,1609.75,1601.3799999999999,1651.3799999999999
32,67,1660.375,1626.3799999999999,60.3625,20,0,1651.0,1681.0,1669.75,1639.75,1601.3799999999999,1651.3799999999999
32,68,1690.375,1626.3799999999999,52.70791666666667,42,0,1681.0,1711.0,1699.75,1669.75,1601.3799999999999,1651.3799999999999
32,69,1720.375,1626.3799999999999,55.1965625,24,0,1711.0,1741.0,1729.75,1699.75,1601.3799999999999,1651.3799999999999
32,70,1750.375,1626.3799999999999,52.82914285714286,35,0,1741.0,1771.0,1759.75,1729.75,1601.3799999999999,1651.3799999999999
32,71,1780.375,1626.3799999999999,48.55027027027026,37,0,1771.0,1801.0,1789.75,1759.75,1601.3799999999999,1651.3799999999999
32,72,1810.375,1626.3799999999999,47.91615384615385,26,0,1801.0,1831.0,1819.75,1789.75,1601.3799999999999,1651.3799999999999
32,73,1840.375,1626.3799999999999,45.59162162162163,37,0,1831.0,1861.0,1849.75,1819.75,1601.3799999999999,1651.3799999999999
32,74,1870.375,1626.3799999999999,34.60192307692307,52,0,1861.0,1891.0,1879.75,1849.75,1601.3799999999999,1651.3799999999999
32,75,1900.375,1626.3799999999999,37.604545454545445,55,0,1891.0,1921.0,1909.75,1879.75,1601.3799999999999,1651.3799999999999
32,76,1930.375,1626.3799999999999,40.055128205128206,39,0,1921.0,1951.0,1939.75,1909.75,1601.3799999999999,1651.3799999999999
32,77,1960.375,1626.3799999999999,42.19777777777778,54,0,1951.0,1981.0,1969.75,1939.75,1601.3799999999999,1651.3799999999999
32,78,1990.375,1626.3799999999999,45.73969696969697,33,0,1981.0,2011.0,1999.75,1969.75,1601.3799999999999,1651.3799999999999
32,79,2020.375,1626.3799999999999,44.47432653061224,35,0,2011.0,2041.0,2029.75,1999.75,1601.3799999999999,1651.3799999999999
32,80,2050.375,1626.3799999999999,42.48434782608697,46,0,2041.0,2071.0,2059.75,2029.75,1601.3799999999999,1651.3799999999999
32,81,2080.375,1626.3799999999999,37.471296296296295,54,0,2071.0,2101.0,2089.75,2059.75,1601.3799999999999,1651.3799999999999
32,82,2110.375,1626.3799999999999,42.934565217391295,46,0,2101.0,2131.0,2119.75,2089.75,1601.3799999999999,1651.3799999999999
32,83,2140.375,1626.3799999999999,49.49619047619047,42,0,2131.0,2161.0,2149.75,2119.75,1601.3799999999999,1651.3799999999999
32,84,2170.375,1626.3799999999999,42.656444444444425,45,0,2161.0,2191.0,2179.75,2149.75,1601.3799999999999,1651.3799999999999
32,85,2200.375,1626.3799999999999,41.754651162790694,43,0,2191.0,2221.0,2209.75,2179.75,1601.3799999999999,1651.3799999999999
32,86,2230.375,1626.3799999999999,40.11936170212766,47,0,2221.0,2251.0,2239.75,2209.75,1601.3799999999999,1651.3799999999999
32,87,2260.375,1626.3799999999999,39.17701388888889,48,0,2251.0,2281.0,2269.75,2239.75,1601.3799999999999,1651.3799999999999
32,88,2290.375,1626.3799999999999,43.086304347826086,46,0,2281.0,2311.0,2299.75,2269.75,1601.3799999999999,1651.3799999999999
32,89,2320.375,1626.3799999999999,37.114599999999996,50,0,2311.0,2341.0,2329.75,2299.75,1601.3799999999999,1651.3799999999999
32,90,2350.375,1626.3799999999999,30.535967741935472,62,0,2341.0,2371.0,2359.75,2329.75,1601.3799999999999,1651.3799999999999
32,91,2380.375,1626.3799999999999,34.795,42,0,2371.0,2401.0,2389.75,2359.75,1601.3799999999999,1651.3799999999999
32,92,2410.375,1626.3799999999999,34.57043478260869,46,0,2401.0,2431.0,2419.75,2389.75,1601.3799999999999,1651.3799999999999
32,93,2440.375,1626.3799999999999,38.72171052631579,57,0,2431.0,2461.0,2449.75,2419.75,1601.3799999999999,1651.3799999999999
32,94,2470.375,1626.3799999999999,40.59818181818182,55,0,2461.0,2491.0,2479.75,2449.75,1601.3799999999999,1651.3799999999999
32,95,2500.375,1626.3799999999999,41.89055555555556,36,0,2491.0,2521.0,2509.75,2479.75,1601.3799999999999,1651.3799999999999
32,96,2530.375,1626.3799999999999,47.631935483870954,31,0,2521.0,2551.0,2539.75,2509.75,1601.3799999999999,1651.3799999999999
32,97,2560.375,1626.3799999999999,34.02977777777777,40,0,2551.0,2581.0,2569.75,2539.75,1601.3799999999999,1651.3799999999999
32,98,2590.375,1626.3799999999999,38.11428571428571,49,0,2581.0,2611.0,2599.75,2569.75,1601.3799999999999,1651.3799999999999
32,99,2620.375,1626.3799999999999,40.29404761904762,42,0,2611.0,2641.0,2629.75,2599.75,1601.3799999999999,1651.3799999999999
32,100,2650.375,1626.3799999999999,39.7136,50,0,2641.0,2671.0,2659.75,2629.75,1601.3799999999999,1651.3799999999999
32,101,2680.375,1626.3799999999999,42.57666666666667,45,0,2671.0,2701.0,2689.75,2659.75,1601.3799999999999,1651.3799999999999
32,102,2710.375,1626.3799999999999,40.776037735849044,53,0,2701.0,2731.0,2719.75,2689.75,1601.3799999999999,1651.3799999999999
32,103,2740.375,1626.3799999999999,40.428085106382966,47,0,2731.0,2761.0,2749.75,2719.75,1601.3799999999999,1651.3799999999999
32,104,2770.375,1626.3799999999999,35.267254901960776,51,0,2761.0,2791.0,2779.75,2749.75,1601.3799999999999,1651.3799999999999
32,105,2800.375,1626.3799999999999,37.99519230769231,52,0,2791.0,2821.0,2809.75,2779.75,1601.3799999999999,1651.3799999999999
32,106,2830.375,1626.3799999999999,41.577333333333335,45,0,2821.0,2851.0,2839.75,2809.75,1601.3799999999999,1651.3799999999999
32,107,2860.375,1626.3799999999999,41.27755555555556,45,0,2851.0,2881.0,2869.75,2839.75,1601.3799999999999,1651.3799999999999
32,108,2890.375,1626.3799999999999,40.65733333333334,45,0,2881.0,2911.0,2899.75,2869.75,1601.3799999999999,1651.3799999999999
32,109,2920.375,1626.3799999999999,41.96133333333333,45,0,2911.0,2941.0,2929.75,2899.75,1601.3799999999999,1651.3799999999999
32,110,2950.375,1626.3799999999999,36.176444444444435,45,0,2941.0,2971.0,2959.75,2929.75,1601.3799999999999,1651.3799999999999
32,111,2980.375,1626.3799999999999,41.60851063829787,47,0,2971.0,3001.0,2989.75,2959.75,1601.3799999999999,1651.3799999999999
32,112,3010.375,1626.3799999999999,38.839972527472526,52,0,3001.0,3031.0,3019.75,2989.75,1601.3799999999999,1651.3799999999999
32,113,3040.375,1626.3799999999999,41.12756097560977,41,0,3031.0,3061.0,3049.75,3019.75,1601.3799999999999,1651.3799999999999
32,114,3070.375,1626.3799999999999,43.731590909090905,44,0,3061.0,3091.0,3079.75,3049.75,1601.3799999999999,1651.3799999999999
32,115,3100.375,1626.3799999999999,42.75553191489361,47,0,3091.0,3121.0,3109.75,3079.75,1601.3799999999999,1651.3799999999999
32,116,3130.375,1626.3799999999999,41.239019607843126,51,0,3121.0,3151.0,3139.75,3109.75,1601.3799999999999,1651.3799999999999
32,117,3160.375,1626.3799999999999,43.18255319148936,47,0,3151.0,3181.0,3169.75,3139.75,1601.3799999999999,1651.3799999999999
32,118,3190.375,1626.3799999999999,41.87697674418605,43,0,3181.0,3211.0,3199.75,3169.75,1601.3799999999999,1651.3799999999999
32,119,3220.375,1626.3799999999999,46.82641025641026,39,0,3211.0,3241.0,3229.75,3199.75,1601.3799999999999,1651.3799999999999
32,120,3250.375,1626.3799999999999,45.06564102564103,39,0,3241.0,3271.0,3259.75,3229.75,1601.3799999999999,1651.3799999999999
32,121,3280.375,1626.3799999999999,40.710074074074065,45,0,3271.0,3301.0,3289.75,3259.75,1601.3799999999999,1651.3799999999999
32,122,3310.375,1626.3799999999999,39.88905660377358,53,0,3301.0,3331.0,3319.75,3289.75,1601.3799999999999,1651.3799999999999
32,123,3340.375,1626.3799999999999,44.681052631578936,38,0,3331.0,3361.0,3349.75,3319.75,1601.3799999999999,1651.3799999999999
32,124,3370.375,1626.3799999999999,49.01666666666666,36,0,3361.0,3391.0,3379.75,3349.75,1601.3799999999999,1651.3799999999999
32,125,3400.375,1626.3799999999999,47.446111111111115,36,0,3391.0,3421.0,3409.75,3379.75,1601.3799999999999,1651.3799999999999
32,126,3430.375,1626.3799999999999,42.92133333333334,45,0,3421.0,3451.0,3439.75,3409.75,1601.3799999999999,1651.3799999999999
32,127,3460.375,1626.3799999999999,46.56795454545454,44,0,3451.0,3481.0,3469.75,3439.75,1601.3799999999999,1651.3799999999999
32,128,3490.375,1626.3799999999999,45.83809523809524,42,0,3481.0,3511.0,3499.75,3469.75,1601.3799999999999,1651.3799999999999
32,129,3520.375,1626.3799999999999,40.28484848484848,33,0,3511.0,3541.0,3529.75,3499.75,1601.3799999999999,1651.3799999999999
32,130,3550.375,1626.3799999999999,41.40999999999999,48,0,3541.0,3571.0,3559.75,3529.75,1601.3799999999999,1651.3799999999999
32,131,3580.375,1626.3799999999999,42.004999999999995,44,0,3571.0,3601.0,3589.75,3559.75,1601.3799999999999,1651.3799999999999
32,132,3610.375,1626.3799999999999,36.37571428571428,46,0,3601.0,3631.0,3619.75,3589.75,1601.3799999999999,1651.3799999999999
32,133,3640.375,1626.3799999999999,41.898148148148145,54,0,3631.0,3661.0,3649.75,3619.75,1601.3799999999999,1651.3799999999999
32,134,3670.375,1626.3799999999999,43.12128205128204,39,0,3661.0,3691.0,3679.75,3649.75,1601.3799999999999,1651.3799999999999
32,135,3700.375,1626.3799999999999,45.42658536585366,41,0,3691.0,3721.0,3709.75,3679.75,1601.3799999999999,1651.3799999999999
32,136,3730.375,1626.3799999999999,49.80024999999999,40,0,3721.0,3751.0,3739.75,3709.75,1601.3799999999999,1651.3799999999999
32,137,3760.375,1626.3799999999999,51.779090909090904,33,0,3751.0,3781.0,3769.75,3739.75,1601.3799999999999,1651.3799999999999
32,138,3790.375,1626.3799999999999,50.56384615384615,13,0,3781.0,3811.0,3799.75,3769.75,1601.3799999999999,1651.3799999999999
32,139,3820.375,1626.3799999999999,,0,0,3811.0,3841.0,3829.75,3799.75,1601.3799999999999,1651.3799999999999
33,12,-0.875,1676.3799999999999,69.18666666666667,6,0,-10.25,19.75,8.5,-21.5,1651.3799999999999,1701.3799999999999
33,13,29.125,1676.3799999999999,71.3788,25,0,19.75,49.75,38.5,8.5,1651.3799999999999,1701.3799999999999
33,14,59.125,1676.3799999999999,70.8935294117647,17,0,49.75,79.75,68.5,38.5,1651.3799999999999,1701.3799999999999
33,15,89.125,1676.3799999999999,69.15772727272727,22,0,79.75,109.75,98.5,68.5,1651.3799999999999,1701.3799999999999
33,16,119.125,1676.3799999999999,62.47965517241381,29,0,109.75,139.75,128.5,98.5,1651.3799999999999,1701.3799999999999
33,17,149.125,1676.3799999999999,61.452727272727294,33,0,139.75,169.75,158.5,128.5,1651.3799999999999,1701.3799999999999
33,18,179.125,1676.3799999999999,58.66076923076923,39,0,169.75,199.75,188.5,158.5,1651.3799999999999,1701.3799999999999
33,19,209.125,1676.3799999999999,69.56076923076922,26,0,199.75,229.75,218.5,188.5,1651.3799999999999,1701.3799999999999
33,20,239.125,1676.3799999999999,65.60694444444445,36,0,229.75,259.75,248.5,218.5,1651.3799999999999,1701.3799999999999
33,21,269.125,1676.3799999999999,64.19171428571428,35,0,259.75,289.75,278.5,248.5,1651.3799999999999,1701.3799999999999
33,22,299.125,1676.3799999999999,65.20666666666668,18,0,289.75,319.75,308.5,278.5,1651.3799999999999,1701.3799999999999
33,23,329.125,1676.3799999999999,67.67750000000001,16,0,319.75,349.75,338.5,308.5,1651.3799999999999,1701.3799999999999
33,24,359.125,1676.3799999999999,62.14542735042736,26,0,349.75,379.75,368.5,338.5,1651.3799999999999,1701.3799999999999
33,25,389.125,1676.3799999999999,60.63964285714285,28,0,379.75,409.75,398.5,368.5,1651.3799999999999,1701.3799999999999
33,26,419.125,1676.3799999999999,56.261999999999986,45,0,409.75,439.75,428.5,398.5,1651.3799999999999,1701.3799999999999
33,27,449.125,1676.3799999999999,58.32606837606839,26,0,439.75,469.75,458.5,428.5,1651.3799999999999,1701.3799999999999
33,28,479.125,1676.3799999999999,63.715,30,0,469.75,499.75,488.5,458.5,1651.3799999999999,1701.3799999999999
33,29,509.125,1676.3799999999999,71.99894736842106,19,0,499.75,529.75,518.5,488.5,1651.3799999999999,1701.3799999999999
33,30,539.125,1676.3799999999999,61.37759999999999,25,0,529.75,559.75,548.5,518.5,1651.3799999999999,1701.3799999999999
33,31,569.125,1676.3799999999999,53.65478260869565,46,0,559.75,589.75,578.5,548.5,1651.3799999999999,1701.3799999999999
33,32,599.125,1676.3799999999999,63.340833333333336,24,0,589.75,619.75,608.5,578.5,1651.3799999999999,1701.3799999999999
33,33,629.125,1676.3799999999999,65.15761904761904,21,0,619.75,649.75,638.5,608.5,1651.3799999999999,1701.3799999999999
33,34,659.125,1676.3799999999999,58.25192810457516,34,0,649.75,679.75,668.5,638.5,1651.3799999999999,1701.3799999999999
33,35,689.125,1676.3799999999999,52.138292682926846,41,0,679.75,709.75,698.5,668.5,1651.3799999999999,1701.3799999999999
33,36,719.125,1676.3799999999999,60.774166666666666,36,0,709.75,739.75,728.5,698.5,1651.3799999999999,1701.3799999999999
33,37,749.125,1676.3799999999999,58.025806451612915,31,0,739.75,769.75,758.5,728.5,1651.3799999999999,1701.3799999999999
33,38,779.125,1676.3799999999999,51.840232558139526,43,0,769.75,799.75,788.5,758.5,1651.3799999999999,1701.3799999999999
33,39,809.125,1676.3799999999999,50.685675675675675,37,0,799.75,829.75,818.5,788.5,1651.3799999999999,1701.3799999999999
33,40,839.125,1676.3799999999999,46.41309090909091,55,0,829.75,859.75,848.5,818.5,1651.3799999999999,1701.3799999999999
33,41,869.125,1676.3799999999999,44.43893617021277,47,0,859.75,889.75,878.5,848.5,1651.3799999999999,1701.3799999999999
33,42,899.125,1676.3799999999999,52.165,24,0,889.75,919.75,908.5,878.5,1651.3799999999999,1701.3799999999999
33,43,929.125,1676.3799999999999,58.467727272727274,22,0,919.75,949.75,938.5,908.5,1651.3799999999999,1701.3799999999999
33,44,959.125,1676.3799999999999,53.17673469387754,49,0,949.75,979.75,968.5,938.5,1651.3799999999999,1701.3799999999999
33,45,989.125,1676.3799999999999,61.10096774193548,31,0,979.75,1009.75,998.5,968.5,1651.3799999999999,1701.3799999999999
33,46,1019.125,1676.3799999999999,61.93721153846153,26,0,1009.75,1039.75,1028.5,998.5,1651.3799999999999,1701.3799999999999
33,47,1049.125,1676.3799999999999,61.92518518518519,27,0,1039.75,1069.75,1058.5,1028.5,1651.3799999999999,1701.3799999999999
33,48,1079.125,1676.3799999999999,61.76193548387097,31,0,1069.75,1099.75,1088.5,1058.5,1651.3799999999999,1701.3799999999999
33,49,1109.125,1676.3799999999999,60.64384615384617,26,0,1099.75,1129.75,1118.5,1088.5,1651.3799999999999,1701.3799999999999
33,50,1139.125,1676.3799999999999,59.16257142857145,35,0,1129.75,1159.75,1148.5,1118.5,1651.3799999999999,1701.3799999999999
33,51,1169.125,1676.3799999999999,54.68299999999999,40,0,1159.75,1189.75,1178.5,1148.5,1651.3799999999999,1701.3799999999999
33,52,1199.125,1676.3799999999999,61.696923076923085,26,0,1189.75,1219.75,1208.5,1178.5,1651.3799999999999,1701.3799999999999
33,53,1229.125,1676.3799999999999,62.45515151515151,33,0,1219.75,1249.75,1238.5,1208.5,1651.3799999999999,1701.3799999999999
33,54,1259.125,1676.3799999999999,62.354545454545466,33,0,1249.75,1279.75,1268.5,1238.5,1651.3799999999999,1701.3799999999999
33,55,1289.125,1676.3799999999999,65.2225,16,0,1279.75,1309.75,1298.5,1268.5,1651.3799999999999,1701.3799999999999
33,56,1319.125,1676.3799999999999,58.60102564102564,39,0,1309.75,1339.75,1328.5,1298.5,1651.3799999999999,1701.3799999999999
33,57,1349.125,1676.3799999999999,60.7612962962963,30,0,1339.75,1369.75,1358.5,1328.5,1651.3799999999999,1701.3799999999999
33,58,1379.125,1676.3799999999999,63.592307692307685,13,0,1369.75,1399.75,1388.5,1358.5,1651.3799999999999,1701.3799999999999
33,59,1409.125,1676.3799999999999,61.89812499999999,32,0,1399.75,1429.75,1418.5,1388.5,1651.3799999999999,1701.3799999999999
33,60,1439.125,1676.3799999999999,65.97200000000001,15,0,1429.75,1459.75,1448.5,1418.5,1651.3799999999999,1701.3799999999999
33,61,1469.125,1676.3799999999999,66.5,8,0,1459.75,1489.75,1478.5,1448.5,1651.3799999999999,1701.3799999999999
33,62,1499.125,1676.3799999999999,49.61796296296297,54,0,1489.75,1519.75,1508.5,1478.5,1651.3799999999999,1701.3799999999999
33,63,1529.125,1676.3799999999999,43.39666666666667,54,0,1519.75,1549.75,1538.5,1508.5,1651.3799999999999,1701.3799999999999
33,64,1559.125,1676.3799999999999,47.61180000000001,50,0,1549.75,1579.75,1568.5,1538.5,1651.3799999999999,1701.3799999999999
33,65,1589.125,1676.3799999999999,50.175000000000004,46,0,1579.75,1609.75,1598.5,1568.5,1651.3799999999999,1701.3799999999999
33,66,1619.125,1676.3799999999999,53.89813953488373,43,0,1609.75,1639.75,1628.5,1598.5,1651.3799999999999,1701.3799999999999
33,67,1649.125,1676.3799999999999,55.54838709677419,31,0,1639.75,1669.75,1658.5,1628.5,1651.3799999999999,1701.3799999999999
33,68,1679.125,1676.3799999999999,56.303793103448264,29,0,1669.75,1699.75,1688.5,1658.5,1651.3799999999999,1701.3799999999999
33,69,1709.125,1676.3799999999999,52.33400000000002,40,0,1699.75,1729.75,1718.5,1688.5,1651.3799999999999,1701.3799999999999
33,70,1739.125,1676.3799999999999,61.43358974358975,26,0,1729.75,1759.75,1748.5,1718.5,1651.3799999999999,1701.3799999999999
33,71,1769.125,1676.3799999999999,52.73139534883722,43,0,1759.75,1789.75,1778.5,1748.5,1651.3799999999999,1701.3799999999999
33,72,1799.125,1676.3799999999999,51.67103448275861,29,0,1789.75,1819.75,1808.5,1778.5,1651.3799999999999,1701.3799999999999
33,73,1829.125,1676.3799999999999,49.48361111111112,36,0,1819.75,1849.75,1838.5,1808.5,1651.3799999999999,1701.3799999999999
33,74,1859.125,1676.3799999999999,43.909000000000006,40,0,1849.75,1879.75,1868.5,1838.5,1651.3799999999999,1701.3799999999999
33,75,1889.125,1676.3799999999999,38.483934426229496,61,0,1879.75,1909.75,1898.5,1868.5,1651.3799999999999,1701.3799999999999
33,76,1919.125,1676.3799999999999,42.89659574468085,47,0,1909.75,1939.75,1928.5,1898.5,1651.3799999999999,1701.3799999999999
33,77,1949.125,1676.3799999999999,42.222941176470606,51,0,1939.75,1969.75,1958.5,1928.5,1651.3799999999999,1701.3799999999999
33,78,1979.125,1676.3799999999999,42.92648148148149,54,0,1969.75,1999.75,1988.5,1958.5,1651.3799999999999,1701.3799999999999
33,79,2009.125,1676.3799999999999,48.104499999999994,40,0,1999.75,2029.75,2018.5,1988.5,1651.3799999999999,1701.3799999999999
33,80,2039.125,1676.3799999999999,47.92159090909092,44,0,2029.75,2059.75,2048.5,2018.5,1651.3799999999999,1701.3799999999999
33,81,2069.125,1676.3799999999999,42.148367346938784,49,0,2059.75,2089.75,2078.5,2048.5,1651.3799999999999,1701.3799999999999
33,82,2099.125,1676.3799999999999,39.02377358490566,53,0,2089.75,2119.75,2108.5,2078.5,1651.3799999999999,1701.3799999999999
33,83,2129.125,1676.3799999999999,46.684313725490206,51,0,2119.75,2149.75,2138.5,2108.5,1651.3799999999999,1701.3799999999999
33,84,2159.125,1676.3799999999999,47.48727272727274,44,0,2149.75,2179.75,2168.5,2138.5,1651.3799999999999,1701.3799999999999
33,85,2189.125,1676.3799999999999,44.397708333333334,48,0,2179.75,2209.75,2198.5,2168.5,1651.3799999999999,1701.3799999999999
33,86,2219.125,1676.3799999999999,46.19093023255814,43,0,2209.75,2239.75,2228.5,2198.5,1651.3799999999999,1701.3799999999999
33,87,2249.125,1676.3799999999999,41.22490566037735,53,0,2239.75,2269.75,2258.5,2228.5,1651.3799999999999,1701.3799999999999
33,88,2279.125,1676.3799999999999,44.95829787234042,47,0,2269.75,2299.75,2288.5,2258.5,1651.3799999999999,1701.3799999999999
33,89,2309.125,1676.3799999999999,46.214444444444446,45,0,2299.75,2329.75,2318.5,2288.5,1651.3799999999999,1701.3799999999999
33,90,2339.125,1676.3799999999999,36.064393939393945,66,0,2329.75,2359.75,2348.5,2318.5,1651.3799999999999,1701.3799999999999
33,91,2369.125,1676.3799999999999,35.58849056603773,53,0,2359.75,2389.75,2378.5,2348.5,1651.3799999999999,1701.3799999999999
33,92,2399.125,1676.3799999999999,39.104888888888894,45,0,2389.75,2419.75,2408.5,2378.5,1651.3799999999999,1701.3799999999999
33,93,2429.125,1676.3799999999999,37.226461538461535,65,0,2419.75,2449.75,2438.5,2408.5,1651.3799999999999,1701.3799999999999
33,94,2459.125,1676.3799999999999,43.4631914893617,47,0,2449.75,2479.75,2468.5,2438.5,1651.3799999999999,1701.3799999999999
33,95,2489.125,1676.3799999999999,42.12722222222223,54,0,2479.75,2509.75,2498.5,2468.5,1651.3799999999999,1701.3799999999999
33,96,2519.125,1676.3799999999999,45.68631578947369,38,0,2509.75,2539.75,2528.5,2498.5,1651.3799999999999,1701.3799999999999
33,97,2549.125,1676.3799999999999,44.97052631578946,19,0,2539.75,2569.75,2558.5,2528.5,1651.3799999999999,1701.3799999999999
33,98,2579.125,1676.3799999999999,39.21525423728814,59,0,2569.75,2599.75,2588.5,2558.5,1651.3799999999999,1701.3799999999999
33,99,2609.125,1676.3799999999999,41.63893617021276,47,0,2599.75,2629.75,2618.5,2588.5,1651.3799999999999,1701.3799999999999
33,100,2639.125,1676.3799999999999,40.05565217391304,46,0,2629.75,2659.75,2648.5,2618.5,1651.3799999999999,1701.3799999999999
33,101,2669.125,1676.3799999999999,42.365098039215695,51,0,2659.75,2689.75,2678.5,2648.5,1651.3799999999999,1701.3799999999999
33,102,2699.125,1676.3799999999999,43.82219512195122,41,0,2689.75,2719.75,2708.5,2678.5,1651.3799999999999,1701.3799999999999
33,103,2729.125,1676.3799999999999,42.25836065573772,61,0,2719.75,2749.75,2738.5,2708.5,1651.3799999999999,1701.3799999999999
33,104,2759.125,1676.3799999999999,43.59291666666669,48,0,2749.75,2779.75,2768.5,2738.5,1651.3799999999999,1701.3799999999999
33,105,2789.125,1676.3799999999999,38.873999999999995,55,0,2779.75,2809.75,2798.5,2768.5,1651.3799999999999,1701.3799999999999
33,106,2819.125,1676.3799999999999,43.86488372093022,43,0,2809.75,2839.75,2828.5,2798.5,1651.3799999999999,1701.3799999999999
33,107,2849.125,1676.3799999999999,44.80596153846154,52,0,2839.75,2869.75,2858.5,2828.5,1651.3799999999999,1701.3799999999999
33,108,2879.125,1676.3799999999999,42.597834757834775,39,0,2869.75,2899.75,2888.5,2858.5,1651.3799999999999,1701.3799999999999
33,109,2909.125,1676.3799999999999,43.895,46,0,2899.75,2929.75,2918.5,2888.5,1651.3799999999999,1701.3799999999999
33,110,2939.125,1676.3799999999999,41.26056603773584,53,0,2929.75,2959.75,2948.5,2918.5,1651.3799999999999,1701.3799999999999
33,111,2969.125,1676.3799999999999,38.938367346938776,49,0,2959.75,2989.75,2978.5,2948.5,1651.3799999999999,1701.3799999999999
33,112,2999.125,1676.3799999999999,43.443703703703704,54,0,2989.75,3019.75,3008.5,2978.5,1651.3799999999999,1701.3799999999999
33,113,3029.125,1676.3799999999999,45.655348837209296,43,0,3019.75,3049.75,3038.5,3008.5,1651.3799999999999,1701.3799999999999
33,114,3059.125,1676.3799999999999,45.613404255319146,47,0,3049.75,3079.75,3068.5,3038.5,1651.3799999999999,1701.3799999999999
33,115,3089.125,1676.3799999999999,43.88204081632653,49,0,3079.75,3109.75,3098.5,3068.5,1651.3799999999999,1701.3799999999999
33,116,3119.125,1676.3799999999999,42.735957446808506,47,0,3109.75,3139.75,3128.5,3098.5,1651.3799999999999,1701.3799999999999
33,117,3149.125,1676.3799999999999,44.655200000000015,50,0,3139.75,3169.75,3158.5,3128.5,1651.3799999999999,1701.3799999999999
33,118,3179.125,1676.3799999999999,42.33209302325581,43,0,3169.75,3199.75,3188.5,3158.5,1651.3799999999999,1701.3799999999999
33,119,3209.125,1676.3799999999999,45.94291666666667,48,0,3199.75,3229.75,3218.5,3188.5,1651.3799999999999,1701.3799999999999
33,120,3239.125,1676.3799999999999,47.81644444444444,45,0,3229.75,3259.75,3248.5,3218.5,1651.3799999999999,1701.3799999999999
33,121,3269.125,1676.3799999999999,43.31264705882354,34,0,3259.75,3289.75,3278.5,3248.5,1651.3799999999999,1701.3799999999999
33,122,3299.125,1676.3799999999999,40.48388888888889,54,0,3289.75,3319.75,3308.5,3278.5,1651.3799999999999,1701.3799999999999
33,123,3329.125,1676.3799999999999,44.470689655172414,58,0,3319.75,3349.75,3338.5,3308.5,1651.3799999999999,1701.3799999999999
33,124,3359.125,1676.3799999999999,49.43302325581395,43,0,3349.75,3379.75,3368.5,3338.5,1651.3799999999999,1701.3799999999999
33,125,3389.125,1676.3799999999999,52.6360606060606,33,0,3379.75,3409.75,3398.5,3368.5,1651.3799999999999,1701.3799999999999
33,126,3419.125,1676.3799999999999,44.33162790697674,43,0,3409.75,3439.75,3428.5,3398.5,1651.3799999999999,1701.3799999999999
33,127,3449.125,1676.3799999999999,41.852448979591834,49,0,3439.75,3469.75,3458.5,3428.5,1651.3799999999999,1701.3799999999999
33,128,3479.125,1676.3799999999999,47.69522727272729,44,0,3469.75,3499.75,3488.5,3458.5,1651.3799999999999,1701.3799999999999
33,129,3509.125,1676.3799999999999,45.82891891891893,37,0,3499.75,3529.75,3518.5,3488.5,1651.3799999999999,1701.3799999999999
33,130,3539.125,1676.3799999999999,40.67160000000001,50,0,3529.75,3559.75,3548.5,3518.5,1651.3799999999999,1701.3799999999999
33,131,3569.125,1676.3799999999999,43.56674418604652,43,0,3559.75,3589.75,3578.5,3548.5,1651.3799999999999,1701.3799999999999
33,132,3599.125,1676.3799999999999,42.048125000000006,48,0,3589.75,3619.75,3608.5,3578.5,1651.3799999999999,1701.3799999999999
33,133,3629.125,1676.3799999999999,41.3775471698113,53,0,3619.75,3649.75,3638.5,3608.5,1651.3799999999999,1701.3799999999999
33,134,3659.125,1676.3799999999999,44.95790697674418,43,0,3649.75,3679.75,3668.5,3638.5,1651.3799999999999,1701.3799999999999
33,135,3689.125,1676.3799999999999,43.65244444444444,45,0,3679.75,3709.75,3698.5,3668.5,1651.3799999999999,1701.3799999999999
33,136,3719.125,1676.3799999999999,47.153414634146344,41,0,3709.75,3739.75,3728.5,3698.5,1651.3799999999999,1701.3799999999999
33,137,3749.125,1676.3799999999999,51.26022727272728,44,0,3739.75,3769.75,3758.5,3728.5,1651.3799999999999,1701.3799999999999
33,138,3779.125,1676.3799999999999,53.246086956521744,23,0,3769.75,3799.75,3788.5,3758.5,1651.3799999999999,1701.3799999999999
33,139,3809.125,1676.3799999999999,48.25749999999999,4,0,3799.75,3829.75,3818.5,3788.5,1651.3799999999999,1701.3799999999999
33,140,3839.125,1676.3799999999999,,0,0,3829.75,3859.75,3848.5,3818.5,1651.3799999999999,1701.3799999999999
34,12,-12.125,1726.3799999999999,,0,0,-21.5,8.5,-2.75,-32.75,1701.3799999999999,1751.3799999999999
34,13,17.875,1726.3799999999999,68.99105263157895,19,0,8.5,38.5,27.25,-2.75,1701.3799999999999,1751.3799999999999
34,14,47.875,1726.3799999999999,73.92812500000002,16,0,38.5,68.5,57.25,27.25,1701.3799999999999,1751.3799999999999
34,15,77.875,1726.3799999999999,71.82153846153845,13,0,68.5,98.5,87.25,57.25,1701.3799999999999,1751.3799999999999
34,16,107.875,1726.3799999999999,62.85227272727272,22,0,98.5,128.5,117.25,87.25,1701.3799999999999,1751.3799999999999
34,17,137.875,1726.3799999999999,66.16919999999999,25,0,128.5,158.5,147.25,117.25,1701.3799999999999,1751.3799999999999
34,18,167.875,1726.3799999999999,58.3828125,32,0,158.5,188.5,177.25,147.25,1701.3799999999999,1751.3799999999999
34,19,197.875,1726.3799999999999,62.40925925925927,27,0,188.5,218.5,207.25,177.25,1701.3799999999999,1751.3799999999999
34,20,227.875,1726.3799999999999,68.95617283950617,27,0,218.5,248.5,237.25,207.25,1701.3799999999999,1751.3799999999999
34,21,257.875,1726.3799999999999,64.33833333333334,30,0,248.5,278.5,267.25,237.25,1701.3799999999999,1751.3799999999999
34,22,287.875,1726.3799999999999,63.9804,25,0,278.5,308.5,297.25,267.25,1701.3799999999999,1751.3799999999999
34,23,317.875,1726.3799999999999,64.30066666666667,15,0,308.5,338.5,327.25,297.25,1701.3799999999999,1751.3799999999999
34,24,347.875,1726.3799999999999,68.22466666666666,15,0,338.5,368.5,357.25,327.25,1701.3799999999999,1751.3799999999999
34,25,377.875,1726.3799999999999,63.71055555555555,18,0,368.5,398.5,387.25,357.25,1701.3799999999999,1751.3799999999999
34,26,407.875,1726.3799999999999,60.08687499999999,32,0,398.5,428.5,417.25,387.25,1701.3799999999999,1751.3799999999999
34,27,437.875,1726.3799999999999,54.77924999999999,40,0,428.5,458.5,447.25,417.25,1701.3799999999999,1751.3799999999999
34,28,467.875,1726.3799999999999,58.55434782608695,23,0,458.5,488.5,477.25,447.25,1701.3799999999999,1751.3799999999999
34,29,497.875,1726.3799999999999,68.02455782312924,21,0,488.5,518.5,507.25,477.25,1701.3799999999999,1751.3799999999999
34,30,527.875,1726.3799999999999,68.42466666666665,15,0,518.5,548.5,537.25,507.25,1701.3799999999999,1751.3799999999999
34,31,557.875,1726.3799999999999,56.61313364055299,31,0,548.5,578.5,567.25,537.25,1701.3799999999999,1751.3799999999999
34,32,587.875,1726.3799999999999,55.47003968253969,36,0,578.5,608.5,597.25,567.25,1701.3799999999999,1751.3799999999999
34,33,617.875,1726.3799999999999,67.88999999999999,20,0,608.5,638.5,627.25,597.25,1701.3799999999999,1751.3799999999999
34,34,647.875,1726.3799999999999,62.00607142857143,28,0,638.5,668.5,657.25,627.25,1701.3799999999999,1751.3799999999999
34,35,677.875,1726.3799999999999,55.485937500000006,32,0,668.5,698.5,687.25,657.25,1701.3799999999999,1751.3799999999999
34,36,707.875,1726.3799999999999,57.03833333333333,30,0,698.5,728.5,717.25,687.25,1701.3799999999999,1751.3799999999999
34,37,737.875,1726.3799999999999,60.962857142857125,28,0,728.5,758.5,747.25,717.25,1701.3799999999999,1751.3799999999999
34,38,767.875,1726.3799999999999,52.65727272727275,33,0,758.5,788.5,777.25,747.25,1701.3799999999999,1751.3799999999999
34,39,797.875,1726.3799999999999,54.080000000000005,35,0,788.5,818.5,807.25,777.25,1701.3799999999999,1751.3799999999999
34,40,827.875,1726.3799999999999,49.06555555555554,45,0,818.5,848.5,837.25,807.25,1701.3799999999999,1751.3799999999999
34,41,857.875,1726.3799999999999,47.95883720930234,43,0,848.5,878.5,867.25,837.25,1701.3799999999999,1751.3799999999999
34,42,887.875,1726.3799999999999,47.264102564102565,39,0,878.5,908.5,897.25,867.25,1701.3799999999999,1751.3799999999999
34,43,917.875,1726.3799999999999,58.47083333333333,12,0,908.5,938.5,927.25,897.25,1701.3799999999999,1751.3799999999999
34,44,947.875,1726.3799999999999,55.26727272727273,33,0,938.5,968.5,957.25,927.25,1701.3799999999999,1751.3799999999999
34,45,977.875,1726.3799999999999,56.27608695652175,46,0,968.5,998.5,987.25,957.25,1701.3799999999999,1751.3799999999999
34,46,1007.875,1726.3799999999999,63.08190476190475,21,0,998.5,1028.5,1017.25,987.25,1701.3799999999999,1751.3799999999999
34,47,1037.875,1726.3799999999999,63.15100000000001,20,0,1028.5,1058.5,1047.25,1017.25,1701.3799999999999,1751.3799999999999
34,48,1067.875,1726.3799999999999,62.8892,25,0,1058.5,1088.5,1077.25,1047.25,1701.3799999999999,1751.3799999999999
34,49,1097.875,1726.3799999999999,62.25545454545455,22,0,1088.5,1118.5,1107.25,1077.25,1701.3799999999999,1751.3799999999999
34,50,1127.875,1726.3799999999999,61.33260869565219,23,0,1118.5,1148.5,1137.25,1107.25,1701.3799999999999,1751.3799999999999
34,51,1157.875,1726.3799999999999,56.50800000000002,35,0,1148.5,1178.5,1167.25,1137.25,1701.3799999999999,1751.3799999999999
34,52,1187.875,1726.3799999999999,60.56079999999999,25,0,1178.5,1208.5,1197.25,1167.25,1701.3799999999999,1751.3799999999999
34,53,1217.875,1726.3799999999999,62.55666666666669,30,0,1208.5,1238.5,1227.25,1197.25,1701.3799999999999,1751.3799999999999
34,54,1247.875,1726.3799999999999,63.54407407407408,27,0,1238.5,1268.5,1257.25,1227.25,1701.3799999999999,1751.3799999999999
34,55,1277.875,1726.3799999999999,66.35904761904763,21,0,1268.5,1298.5,1287.25,1257.25,1701.3799999999999,1751.3799999999999
34,56,1307.875,1726.3799999999999,60.95159999999999,25,0,1298.5,1328.5,1317.25,1287.25,1701.3799999999999,1751.3799999999999
34,57,1337.875,1726.3799999999999,58.83653968253969,35,0,1328.5,1358.5,1347.25,1317.25,1701.3799999999999,1751.3799999999999
34,58,1367.875,1726.3799999999999,66.844,15,0,1358.5,1388.5,1377.25,1347.25,1701.3799999999999,1751.3799999999999
34,59,1397.875,1726.3799999999999,63.12590909090909,22,0,1388.5,1418.5,1407.25,1377.25,1701.3799999999999,1751.3799999999999
34,60,1427.875,1726.3799999999999,64.633,20,0,1418.5,1448.5,1437.25,1407.25,1701.3799999999999,1751.3799999999999
34,61,1457.875,1726.3799999999999,72.55555555555556,9,0,1448.5,1478.5,1467.25,1437.25,1701.3799999999999,1751.3799999999999
34,62,1487.875,1726.3799999999999,54.62017857142856,28,0,1478.5,1508.5,1497.25,1467.25,1701.3799999999999,1751.3799999999999
34,63,1517.875,1726.3799999999999,48.53620000000001,50,0,1508.5,1538.5,1527.25,1497.25,1701.3799999999999,1751.3799999999999
34,64,1547.875,1726.3799999999999,48.95441860465116,43,0,1538.5,1568.5,1557.25,1527.25,1701.3799999999999,1751.3799999999999
34,65,1577.875,1726.3799999999999,49.88787234042553,47,0,1568.5,1598.5,1587.25,1557.25,1701.3799999999999,1751.3799999999999
34,66,1607.875,1726.3799999999999,54.0002380952381,42,0,1598.5,1628.5,1617.25,1587.25,1701.3799999999999,1751.3799999999999
34,67,1637.875,1726.3799999999999,53.73857142857145,35,0,1628.5,1658.5,1647.25,1617.25,1701.3799999999999,1751.3799999999999
34,68,1667.875,1726.3799999999999,59.503913043478256,23,0,1658.5,1688.5,1677.25,1647.25,1701.3799999999999,1751.3799999999999
34,69,1697.875,1726.3799999999999,55.54243243243243,37,0,1688.5,1718.5,1707.25,1677.25,1701.3799999999999,1751.3799999999999
34,70,1727.875,1726.3799999999999,59.826249999999995,24,0,1718.5,1748.5,1737.25,1707.25,1701.3799999999999,1751.3799999999999
34,71,1757.875,1726.3799999999999,56.47645161290323,31,0,1748.5,1778.5,1767.25,1737.25,1701.3799999999999,1751.3799999999999
34,72,1787.875,1726.3799999999999,55.58906249999998,32,0,1778.5,1808.5,1797.25,1767.25,1701.3799999999999,1751.3799999999999
34,73,1817.875,1726.3799999999999,51.49999999999998,23,0,1808.5,1838.5,1827.25,1797.25,1701.3799999999999,1751.3799999999999
34,74,1847.875,1726.3799999999999,50.4603125,32,0,1838.5,1868.5,1857.25,1827.25,1701.3799999999999,1751.3799999999999
34,75,1877.875,1726.3799999999999,45.19512820512819,39,0,1868.5,1898.5,1887.25,1857.25,1701.3799999999999,1751.3799999999999
34,76,1907.875,1726.3799999999999,42.44679245283019,53,0,1898.5,1928.5,1917.25,1887.25,1701.3799999999999,1751.3799999999999
34,77,1937.875,1726.3799999999999,44.98882352941176,34,0,1928.5,1958.5,1947.25,1917.25,1701.3799999999999,1751.3799999999999
34,78,1967.875,1726.3799999999999,42.73541666666666,48,0,1958.5,1988.5,1977.25,1947.25,1701.3799999999999,1751.3799999999999
34,79,1997.875,1726.3799999999999,46.342307692307685,39,0,1988.5,2018.5,2007.25,1977.25,1701.3799999999999,1751.3799999999999
34,80,2027.875,1726.3799999999999,49.38361111111112,36,0,2018.5,2048.5,2037.25,2007.25,1701.3799999999999,1751.3799999999999
34,81,2057.875,1726.3799999999999,51.32230769230769,39,0,2048.5,2078.5,2067.25,2037.25,1701.3799999999999,1751.3799999999999
34,82,2087.875,1726.3799999999999,44.487435897435915,39,0,2078.5,2108.5,2097.25,2067.25,1701.3799999999999,1751.3799999999999
34,83,2117.875,1726.3799999999999,47.32868421052631,38,0,2108.5,2138.5,2127.25,2097.25,1701.3799999999999,1751.3799999999999
34,84,2147.875,1726.3799999999999,51.14525,40,0,2138.5,2168.5,2157.25,2127.25,1701.3799999999999,1751.3799999999999
34,85,2177.875,1726.3799999999999,47.04250000000001,36,0,2168.5,2198.5,2187.25,2157.25,1701.3799999999999,1751.3799999999999
34,86,2207.875,1726.3799999999999,48.4,38,0,2198.5,2228.5,2217.25,2187.25,1701.3799999999999,1751.3799999999999
34,87,2237.875,1726.3799999999999,46.43227272727273,44,0,2228.5,2258.5,2247.25,2217.25,1701.3799999999999,1751.3799999999999
34,88,2267.875,1726.3799999999999,45.525,42,0,2258.5,2288.5,2277.25,2247.25,1701.3799999999999,1751.3799999999999
34,89,2297.875,1726.3799999999999,48.217555555555556,45,0,2288.5,2318.5,2307.25,2277.25,1701.3799999999999,1751.3799999999999
34,90,2327.875,1726.3799999999999,47.42761904761905,42,0,2318.5,2348.5,2337.25,2307.25,1701.3799999999999,1751.3799999999999
34,91,2357.875,1726.3799999999999,36.781090909090906,55,0,2348.5,2378.5,2367.25,2337.25,1701.3799999999999,1751.3799999999999
34,92,2387.875,1726.3799999999999,39.766999999999996,40,0,2378.5,2408.5,2397.25,2367.25,1701.3799999999999,1751.3799999999999
34,93,2417.875,1726.3799999999999,38.096086956521745,46,0,2408.5,2438.5,2427.25,2397.25,1701.3799999999999,1751.3799999999999
34,94,2447.875,1726.3799999999999,41.99101694915254,59,0,2438.5,2468.5,2457.25,2427.25,1701.3799999999999,1751.3799999999999
34,95,2477.875,1726.3799999999999,42.84018867924528,53,0,2468.5,2498.5,2487.25,2457.25,1701.3799999999999,1751.3799999999999
34,96,2507.875,1726.3799999999999,45.46684210526316,38,0,2498.5,2528.5,2517.25,2487.25,1701.3799999999999,1751.3799999999999
34,97,2537.875,1726.3799999999999,47.0170588235294,34,0,2528.5,2558.5,2547.25,2517.25,1701.3799999999999,1751.3799999999999
34,98,2567.875,1726.3799999999999,42.39456790123456,27,0,2558.5,2588.5,2577.25,2547.25,1701.3799999999999,1751.3799999999999
34,99,2597.875,1726.3799999999999,43.08800000000001,45,0,2588.5,2618.5,2607.25,2577.25,1701.3799999999999,1751.3799999999999
34,100,2627.875,1726.3799999999999,44.47923076923075,39,0,2618.5,2648.5,2637.25,2607.25,1701.3799999999999,1751.3799999999999
34,101,2657.875,1726.3799999999999,41.01723404255319,47,0,2648.5,2678.5,2667.25,2637.25,1701.3799999999999,1751.3799999999999
34,102,2687.875,1726.3799999999999,46.09857142857144,42,0,2678.5,2708.5,2697.25,2667.25,1701.3799999999999,1751.3799999999999
34,103,2717.875,1726.3799999999999,45.772,45,0,2708.5,2738.5,2727.25,2697.25,1701.3799999999999,1751.3799999999999
34,104,2747.875,1726.3799999999999,44.85900000000002,50,0,2738.5,2768.5,2757.25,2727.25,1701.3799999999999,1751.3799999999999
34,105,2777.875,1726.3799999999999,45.11102564102564,39,0,2768.5,2798.5,2787.25,2757.25,1701.3799999999999,1751.3799999999999
34,106,2807.875,1726.3799999999999,44.212499999999984,48,0,2798.5,2828.5,2817.25,2787.25,1701.3799999999999,1751.3799999999999
34,107,2837.875,1726.3799999999999,46.49726984126984,35,0,2828.5,2858.5,2847.25,2817.25,1701.3799999999999,1751.3799999999999
34,108,2867.875,1726.3799999999999,47.291315789473686,38,0,2858.5,2888.5,2877.25,2847.25,1701.3799999999999,1751.3799999999999
34,109,2897.875,1726.3799999999999,45.399166666666666,36,0,2888.5,2918.5,2907.25,2877.25,1701.3799999999999,1751.3799999999999
34,110,2927.875,1726.3799999999999,46.87849999999999,40,0,2918.5,2948.5,2937.25,2907.25,1701.3799999999999,1751.3799999999999
34,111,2957.875,1726.3799999999999,41.60599999999999,45,0,2948.5,2978.5,2967.25,2937.25,1701.3799999999999,1751.3799999999999
34,112,2987.875,1726.3799999999999,41.63588235294118,51,0,2978.5,3008.5,2997.25,2967.25,1701.3799999999999,1751.3799999999999
34,113,3017.875,1726.3799999999999,47.581041666666664,48,0,3008.5,3038.5,3027.25,2997.25,1701.3799999999999,1751.3799999999999
34,114,3047.875,1726.3799999999999,51.70848484848485,33,0,3038.5,3068.5,3057.25,3027.25,1701.3799999999999,1751.3799999999999
34,115,3077.875,1726.3799999999999,48.108108108108105,37,0,3068.5,3098.5,3087.25,3057.25,1701.3799999999999,1751.3799999999999
34,116,3107.875,1726.3799999999999,44.1962,50,0,3098.5,3128.5,3117.25,3087.25,1701.3799999999999,1751.3799999999999
34,117,3137.875,1726.3799999999999,47.49744186046511,43,0,3128.5,3158.5,3147.25,3117.25,1701.3799999999999,1751.3799999999999
34,118,3167.875,1726.3799999999999,45.888,40,0,3158.5,3188.5,3177.25,3147.25,1701.3799999999999,1751.3799999999999
34,119,3197.875,1726.3799999999999,44.585641025641024,39,0,3188.5,3218.5,3207.25,3177.25,1701.3799999999999,1751.3799999999999
34,120,3227.875,1726.3799999999999,49.90333333333333,39,0,3218.5,3248.5,3237.25,3207.25,1701.3799999999999,1751.3799999999999
34,121,3257.875,1726.3799999999999,46.42315789473683,38,0,3248.5,3278.5,3267.25,3237.25,1701.3799999999999,1751.3799999999999
34,122,3287.875,1726.3799999999999,44.103235294117646,34,0,3278.5,3308.5,3297.25,3267.25,1701.3799999999999,1751.3799999999999
34,123,3317.875,1726.3799999999999,43.75122448979591,49,0,3308.5,3338.5,3327.25,3297.25,1701.3799999999999,1751.3799999999999
34,124,3347.875,1726.3799999999999,48.29750000000001,40,0,3338.5,3368.5,3357.25,3327.25,1701.3799999999999,1751.3799999999999
34,125,3377.875,1726.3799999999999,54.05333333333333,33,0,3368.5,3398.5,3387.25,3357.25,1701.3799999999999,1751.3799999999999
34,126,3407.875,1726.3799999999999,51.2421212121212,33,0,3398.5,3428.5,3417.25,3387.25,1701.3799999999999,1751.3799999999999
34,127,3437.875,1726.3799999999999,43.511219512195126,41,0,3428.5,3458.5,3447.25,3417.25,1701.3799999999999,1751.3799999999999
34,128,3467.875,1726.3799999999999,45.994444444444454,45,0,3458.5,3488.5,3477.25,3447.25,1701.3799999999999,1751.3799999999999
34,129,3497.875,1726.3799999999999,49.11750000000002,36,0,3488.5,3518.5,3507.25,3477.25,1701.3799999999999,1751.3799999999999
34,130,3527.875,1726.3799999999999,43.50444444444444,27,0,3518.5,3548.5,3537.25,3507.25,1701.3799999999999,1751.3799999999999
34,131,3557.875,1726.3799999999999,35.42,58,0,3548.5,3578.5,3567.25,3537.25,1701.3799999999999,1751.3799999999999
34,132,3587.875,1726.3799999999999,44.90275000000001,40,0,3578.5,3608.5,3597.25,3567.25,1701.3799999999999,1751.3799999999999
34,133,3617.875,1726.3799999999999,43.55435897435897,39,0,3608.5,3638.5,3627.25,3597.25,1701.3799999999999,1751.3799999999999
34,134,3647.875,1726.3799999999999,44.38899999999999,50,0,3638.5,3668.5,3657.25,3627.25,1701.3799999999999,1751.3799999999999
34,135,3677.875,1726.3799999999999,47.247647058823524,34,0,3668.5,3698.5,3687.25,3657.25,1701.3799999999999,1751.3799999999999
34,136,3707.875,1726.3799999999999,47.68605263157894,38,0,3698.5,3728.5,3717.25,3687.25,1701.3799999999999,1751.3799999999999
34,137,3737.875,1726.3799999999999,48.969090909090916,44,0,3728.5,3758.5,3747.25,3717.25,1701.3799999999999,1751.3799999999999
34,138,3767.875,1726.3799999999999,54.15333333333334,30,0,3758.5,3788.5,3777.25,3747.25,1701.3799999999999,1751.3799999999999
34,139,3797.875,1726.3799999999999,54.839999999999996,12,0,3788.5,3818.5,3807.25,3777.25,1701.3799999999999,1751.3799999999999
34,140,3827.875,1726.3799999999999,,0,0,3818.5,3848.5,3837.25,3807.25,1701.3799999999999,1751.3799999999999
35,13,6.625,1776.3799999999999,68.906,10,0,-2.75,27.25,16.0,-14.0,1751.3799999999999,1801.3799999999999
35,14,36.625,1776.3799999999999,72.1116,25,0,27.25,57.25,46.0,16.0,1751.3799999999999,1801.3799999999999
35,15,66.625,1776.3799999999999,73.25625,16,0,57.25,87.25,76.0,46.0,1751.3799999999999,1801.3799999999999
35,16,96.625,1776.3799999999999,69.25882352941179,17,0,87.25,117.25,106.0,76.0,1751.3799999999999,1801.3799999999999
35,17,126.625,1776.3799999999999,64.70642857142857,28,0,117.25,147.25,136.0,106.0,1751.3799999999999,1801.3799999999999
35,18,156.625,1776.3799999999999,62.96290322580646,31,0,147.25,177.25,166.0,136.0,1751.3799999999999,1801.3799999999999
35,19,186.625,1776.3799999999999,60.17558823529409,34,0,177.25,207.25,196.0,166.0,1751.3799999999999,1801.3799999999999
35,20,216.625,1776.3799999999999,71.37206896551724,29,0,207.25,237.25,226.0,196.0,1751.3799999999999,1801.3799999999999
35,21,246.625,1776.3799999999999,65.02702702702702,37,0,237.25,267.25,256.0,226.0,1751.3799999999999,1801.3799999999999
35,22,276.625,1776.3799999999999,65.8357142857143,28,0,267.25,297.25,286.0,256.0,1751.3799999999999,1801.3799999999999
35,23,306.625,1776.3799999999999,66.06588235294119,17,0,297.25,327.25,316.0,286.0,1751.3799999999999,1801.3799999999999
35,24,336.625,1776.3799999999999,69.76066666666665,15,0,327.25,357.25,346.0,316.0,1751.3799999999999,1801.3799999999999
35,25,366.625,1776.3799999999999,65.955,22,0,357.25,387.25,376.0,346.0,1751.3799999999999,1801.3799999999999
35,26,396.625,1776.3799999999999,63.36192307692307,26,0,387.25,417.25,406.0,376.0,1751.3799999999999,1801.3799999999999
35,27,426.625,1776.3799999999999,57.92886363636362,44,0,417.25,447.25,436.0,406.0,1751.3799999999999,1801.3799999999999
35,28,456.625,1776.3799999999999,53.90852941176472,34,0,447.25,477.25,466.0,436.0,1751.3799999999999,1801.3799999999999
35,29,486.625,1776.3799999999999,65.2296875,32,0,477.25,507.25,496.0,466.0,1751.3799999999999,1801.3799999999999
35,30,516.625,1776.3799999999999,72.84142857142857,14,0,507.25,537.25,526.0,496.0,1751.3799999999999,1801.3799999999999
35,31,546.625,1776.3799999999999,63.9,22,0,537.25,567.25,556.0,526.0,1751.3799999999999,1801.3799999999999
35,32,576.625,1776.3799999999999,55.53578947368421,38,0,567.25,597.25,586.0,556.0,1751.3799999999999,1801.3799999999999
35,33,606.625,1776.3799999999999,66.28800000000001,25,0,597.25,627.25,616.0,586.0,1751.3799999999999,1801.3799999999999
35,34,636.625,1776.3799999999999,66.68526315789475,19,0,627.25,657.25,646.0,616.0,1751.3799999999999,1801.3799999999999
35,35,666.625,1776.3799999999999,61.022258064516144,31,0,657.25,687.25,676.0,646.0,1751.3799999999999,1801.3799999999999
35,36,696.625,1776.3799999999999,54.73100000000001,40,0,687.25,717.25,706.0,676.0,1751.3799999999999,1801.3799999999999
35,37,726.625,1776.3799999999999,63.5521875,32,0,717.25,747.25,736.0,706.0,1751.3799999999999,1801.3799999999999
35,38,756.625,1776.3799999999999,60.13192307692308,26,0,747.25,777.25,766.0,736.0,1751.3799999999999,1801.3799999999999
35,39,786.625,1776.3799999999999,53.76439024390243,41,0,777.25,807.25,796.0,766.0,1751.3799999999999,1801.3799999999999
35,40,816.625,1776.3799999999999,50.706666666666656,39,0,807.25,837.25,826.0,796.0,1751.3799999999999,1801.3799999999999
35,41,846.625,1776.3799999999999,50.76520833333331,48,0,837.25,867.25,856.0,826.0,1751.3799999999999,1801.3799999999999
35,42,876.625,1776.3799999999999,46.84073170731706,41,0,867.25,897.25,886.0,856.0,1751.3799999999999,1801.3799999999999
35,43,906.625,1776.3799999999999,50.80461538461539,26,0,897.25,927.25,916.0,886.0,1751.3799999999999,1801.3799999999999
35,44,936.625,1776.3799999999999,59.732499999999995,24,0,927.25,957.25,946.0,916.0,1751.3799999999999,1801.3799999999999
35,45,966.625,1776.3799999999999,54.9534090909091,44,0,957.25,987.25,976.0,946.0,1751.3799999999999,1801.3799999999999
35,46,996.625,1776.3799999999999,61.254666666666665,30,0,987.25,1017.25,1006.0,976.0,1751.3799999999999,1801.3799999999999
35,47,1026.625,1776.3799999999999,65.99565217391304,23,0,1017.25,1047.25,1036.0,1006.0,1751.3799999999999,1801.3799999999999
35,48,1056.625,1776.3799999999999,64.5576923076923,26,0,1047.25,1077.25,1066.0,1036.0,1751.3799999999999,1801.3799999999999
35,49,1086.625,1776.3799999999999,63.819310344827585,29,0,1077.25,1107.25,1096.0,1066.0,1751.3799999999999,1801.3799999999999
35,50,1116.625,1776.3799999999999,61.88880000000001,25,0,1107.25,1137.25,1126.0,1096.0,1751.3799999999999,1801.3799999999999
35,51,1146.625,1776.3799999999999,62.36620689655173,29,0,1137.25,1167.25,1156.0,1126.0,1751.3799999999999,1801.3799999999999
35,52,1176.625,1776.3799999999999,57.99323529411766,34,0,1167.25,1197.25,1186.0,1156.0,1751.3799999999999,1801.3799999999999
35,53,1206.625,1776.3799999999999,64.19461538461539,26,0,1197.25,1227.25,1216.0,1186.0,1751.3799999999999,1801.3799999999999
35,54,1236.625,1776.3799999999999,64.95885714285716,35,0,1227.25,1257.25,1246.0,1216.0,1751.3799999999999,1801.3799999999999
35,55,1266.625,1776.3799999999999,65.70478260869565,23,0,1257.25,1287.25,1276.0,1246.0,1751.3799999999999,1801.3799999999999
35,56,1296.625,1776.3799999999999,65.51928571428572,14,0,1287.25,1317.25,1306.0,1276.0,1751.3799999999999,1801.3799999999999
35,57,1326.625,1776.3799999999999,60.40222222222221,36,0,1317.25,1347.25,1336.0,1306.0,1751.3799999999999,1801.3799999999999
35,58,1356.625,1776.3799999999999,64.89785714285715,28,0,1347.25,1377.25,1366.0,1336.0,1751.3799999999999,1801.3799999999999
35,59,1386.625,1776.3799999999999,65.51916666666666,12,0,1377.25,1407.25,1396.0,1366.0,1751.3799999999999,1801.3799999999999
35,60,1416.625,1776.3799999999999,64.63172413793103,29,0,1407.25,1437.25,1426.0,1396.0,1751.3799999999999,1801.3799999999999
35,61,1446.625,1776.3799999999999,69.37875,16,0,1437.25,1467.25,1456.0,1426.0,1751.3799999999999,1801.3799999999999
35,62,1476.625,1776.3799999999999,62.845,4,0,1467.25,1497.25,1486.0,1456.0,1751.3799999999999,1801.3799999999999
35,63,1506.625,1776.3799999999999,53.49859999999999,50,0,1497.25,1527.25,1516.0,1486.0,1751.3799999999999,1801.3799999999999
35,64,1536.625,1776.3799999999999,50.88106382978725,47,0,1527.25,1557.25,1546.0,1516.0,1751.3799999999999,1801.3799999999999
35,65,1566.625,1776.3799999999999,51.91733333333334,45,0,1557.25,1587.25,1576.0,1546.0,1751.3799999999999,1801.3799999999999
35,66,1596.625,1776.3799999999999,52.20709219858158,47,0,1587.25,1617.25,1606.0,1576.0,1751.3799999999999,1801.3799999999999
35,67,1626.625,1776.3799999999999,55.637894736842114,38,0,1617.25,1647.25,1636.0,1606.0,1751.3799999999999,1801.3799999999999
35,68,1656.625,1776.3799999999999,55.35866666666667,30,0,1647.25,1677.25,1666.0,1636.0,1751.3799999999999,1801.3799999999999
35,69,1686.625,1776.3799999999999,57.324285714285715,28,0,1677.25,1707.25,1696.0,1666.0,1751.3799999999999,1801.3799999999999
35,70,1716.625,1776.3799999999999,55.61062500000001,32,0,1707.25,1737.25,1726.0,1696.0,1751.3799999999999,1801.3799999999999
35,71,1746.625,1776.3799999999999,62.63565217391305,23,0,1737.25,1767.25,1756.0,1726.0,1751.3799999999999,1801.3799999999999
35,72,1776.625,1776.3799999999999,58.739166666666655,36,0,1767.25,1797.25,1786.0,1756.0,1751.3799999999999,1801.3799999999999
35,73,1806.625,1776.3799999999999,56.167142857142856,21,0,1797.25,1827.25,1816.0,1786.0,1751.3799999999999,1801.3799999999999
35,74,1836.625,1776.3799999999999,53.62124999999999,32,0,1827.25,1857.25,1846.0,1816.0,1751.3799999999999,1801.3799999999999
35,75,1866.625,1776.3799999999999,49.846562500000005,32,0,1857.25,1887.25,1876.0,1846.0,1751.3799999999999,1801.3799999999999
35,76,1896.625,1776.3799999999999,46.45355555555554,45,0,1887.25,1917.25,1906.0,1876.0,1751.3799999999999,1801.3799999999999
35,77,1926.625,1776.3799999999999,43.07148936170211,47,0,1917.25,1947.25,1936.0,1906.0,1751.3799999999999,1801.3799999999999
35,78,1956.625,1776.3799999999999,42.99738095238095,42,0,1947.25,1977.25,1966.0,1936.0,1751.3799999999999,1801.3799999999999
35,79,1986.625,1776.3799999999999,39.95037037037038,54,0,1977.25,2007.25,1996.0,1966.0,1751.3799999999999,1801.3799999999999
35,80,2016.625,1776.3799999999999,52.38513513513512,37,0,2007.25,2037.25,2026.0,1996.0,1751.3799999999999,1801.3799999999999
35,81,2046.625,1776.3799999999999,50.70928571428571,42,0,2037.25,2067.25,2056.0,2026.0,1751.3799999999999,1801.3799999999999
35,82,2076.625,1776.3799999999999,51.87135135135134,37,0,2067.25,2097.25,2086.0,2056.0,1751.3799999999999,1801.3799999999999
35,83,2106.625,1776.3799999999999,49.38289473684212,38,0,2097.25,2127.25,2116.0,2086.0,1751.3799999999999,1801.3799999999999
35,84,2136.625,1776.3799999999999,50.486122448979586,49,0,2127.25,2157.25,2146.0,2116.0,1751.3799999999999,1801.3799999999999
35,85,2166.625,1776.3799999999999,53.38594594594595,37,0,2157.25,2187.25,2176.0,2146.0,1751.3799999999999,1801.3799999999999
35,86,2196.625,1776.3799999999999,49.988749999999996,40,0,2187.25,2217.25,2206.0,2176.0,1751.3799999999999,1801.3799999999999
35,87,2226.625,1776.3799999999999,53.42771428571429,35,0,2217.25,2247.25,2236.0,2206.0,1751.3799999999999,1801.3799999999999
35,88,2256.625,1776.3799999999999,45.263333333333335,45,0,2247.25,2277.25,2266.0,2236.0,1751.3799999999999,1801.3799999999999
35,89,2286.625,1776.3799999999999,48.69,42,0,2277.25,2307.25,2296.0,2266.0,1751.3799999999999,1801.3799999999999
35,90,2316.625,1776.3799999999999,52.58078947368422,38,0,2307.25,2337.25,2326.0,2296.0,1751.3799999999999,1801.3799999999999
35,91,2346.625,1776.3799999999999,46.164651162790705,43,0,2337.25,2367.25,2356.0,2326.0,1751.3799999999999,1801.3799999999999
35,92,2376.625,1776.3799999999999,38.30092592592593,54,0,2367.25,2397.25,2386.0,2356.0,1751.3799999999999,1801.3799999999999
35,93,2406.625,1776.3799999999999,40.75972972972974,37,0,2397.25,2427.25,2416.0,2386.0,1751.3799999999999,1801.3799999999999
35,94,2436.625,1776.3799999999999,41.722142857142856,56,0,2427.25,2457.25,2446.0,2416.0,1751.3799999999999,1801.3799999999999
35,95,2466.625,1776.3799999999999,45.09577777777778,45,0,2457.25,2487.25,2476.0,2446.0,1751.3799999999999,1801.3799999999999
35,96,2496.625,1776.3799999999999,44.77727272727273,44,0,2487.25,2517.25,2506.0,2476.0,1751.3799999999999,1801.3799999999999
35,97,2526.625,1776.3799999999999,47.18842105263159,38,0,2517.25,2547.25,2536.0,2506.0,1751.3799999999999,1801.3799999999999
35,98,2556.625,1776.3799999999999,48.840454545454534,22,0,2547.25,2577.25,2566.0,2536.0,1751.3799999999999,1801.3799999999999
35,99,2586.625,1776.3799999999999,45.321063829787235,47,0,2577.25,2607.25,2596.0,2566.0,1751.3799999999999,1801.3799999999999
35,100,2616.625,1776.3799999999999,45.9670731707317,41,0,2607.25,2637.25,2626.0,2596.0,1751.3799999999999,1801.3799999999999
35,101,2646.625,1776.3799999999999,43.69820512820513,39,0,2637.25,2667.25,2656.0,2626.0,1751.3799999999999,1801.3799999999999
35,102,2676.625,1776.3799999999999,45.634375,48,0,2667.25,2697.25,2686.0,2656.0,1751.3799999999999,1801.3799999999999
35,103,2706.625,1776.3799999999999,48.16146341463415,41,0,2697.25,2727.25,2716.0,2686.0,1751.3799999999999,1801.3799999999999
35,104,2736.625,1776.3799999999999,45.92307692307691,52,0,2727.25,2757.25,2746.0,2716.0,1751.3799999999999,1801.3799999999999
35,105,2766.625,1776.3799999999999,49.21829268292682,41,0,2757.25,2787.25,2776.0,2746.0,1751.3799999999999,1801.3799999999999
35,106,2796.625,1776.3799999999999,47.105476190476196,42,0,2787.25,2817.25,2806.0,2776.0,1751.3799999999999,1801.3799999999999
35,107,2826.625,1776.3799999999999,47.89418604651164,43,0,2817.25,2847.25,2836.0,2806.0,1751.3799999999999,1801.3799999999999
35,108,2856.625,1776.3799999999999,49.25842105263158,38,0,2847.25,2877.25,2866.0,2836.0,1751.3799999999999,1801.3799999999999
35,109,2886.625,1776.3799999999999,48.7253125,32,0,2877.25,2907.25,2896.0,2866.0,1751.3799999999999,1801.3799999999999
35,110,2916.625,1776.3799999999999,47.920476190476194,42,0,2907.25,2937.25,2926.0,2896.0,1751.3799999999999,1801.3799999999999
35,111,2946.625,1776.3799999999999,49.46780487804878,41,0,2937.25,2967.25,2956.0,2926.0,1751.3799999999999,1801.3799999999999
35,112,2976.625,1776.3799999999999,38.01318181818181,44,0,2967.25,2997.25,2986.0,2956.0,1751.3799999999999,1801.3799999999999
35,113,3006.625,1776.3799999999999,44.761509433962246,53,0,2997.25,3027.25,3016.0,2986.0,1751.3799999999999,1801.3799999999999
35,114,3036.625,1776.3799999999999,52.28463414634145,41,0,3027.25,3057.25,3046.0,3016.0,1751.3799999999999,1801.3799999999999
35,115,3066.625,1776.3799999999999,51.825609756097556,41,0,3057.25,3087.25,3076.0,3046.0,1751.3799999999999,1801.3799999999999
35,116,3096.625,1776.3799999999999,46.601395348837215,43,0,3087.25,3117.25,3106.0,3076.0,1751.3799999999999,1801.3799999999999
35,117,3126.625,1776.3799999999999,45.18187500000001,48,0,3117.25,3147.25,3136.0,3106.0,1751.3799999999999,1801.3799999999999
35,118,3156.625,1776.3799999999999,47.89660000000001,50,0,3147.25,3177.25,3166.0,3136.0,1751.3799999999999,1801.3799999999999
35,119,3186.625,1776.3799999999999,43.85878048780487,41,0,3177.25,3207.25,3196.0,3166.0,1751.3799999999999,1801.3799999999999
35,120,3216.625,1776.3799999999999,46.49458333333332,48,0,3207.25,3237.25,3226.0,3196.0,1751.3799999999999,1801.3799999999999
35,121,3246.625,1776.3799999999999,49.2971794871795,39,0,3237.25,3267.25,3256.0,3226.0,1751.3799999999999,1801.3799999999999
35,122,3276.625,1776.3799999999999,45.96282258064517,31,0,3267.25,3297.25,3286.0,3256.0,1751.3799999999999,1801.3799999999999
35,123,3306.625,1776.3799999999999,44.28478260869565,46,0,3297.25,3327.25,3316.0,3286.0,1751.3799999999999,1801.3799999999999
35,124,3336.625,1776.3799999999999,44.90866255144034,54,0,3327.25,3357.25,3346.0,3316.0,1751.3799999999999,1801.3799999999999
35,125,3366.625,1776.3799999999999,52.620000000000005,43,0,3357.25,3387.25,3376.0,3346.0,1751.3799999999999,1801.3799999999999
35,126,3396.625,1776.3799999999999,56.68538461538461,26,0,3387.25,3417.25,3406.0,3376.0,1751.3799999999999,1801.3799999999999
35,127,3426.625,1776.3799999999999,48.34542857142858,35,0,3417.25,3447.25,3436.0,3406.0,1751.3799999999999,1801.3799999999999
35,128,3456.625,1776.3799999999999,44.78836734693877,49,0,3447.25,3477.25,3466.0,3436.0,1751.3799999999999,1801.3799999999999
35,129,3486.625,1776.3799999999999,48.48488372093023,43,0,3477.25,3507.25,3496.0,3466.0,1751.3799999999999,1801.3799999999999
35,130,3516.625,1776.3799999999999,45.95885714285715,35,0,3507.25,3537.25,3526.0,3496.0,1751.3799999999999,1801.3799999999999
35,131,3546.625,1776.3799999999999,36.98413043478261,46,0,3537.25,3567.25,3556.0,3526.0,1751.3799999999999,1801.3799999999999
35,132,3576.625,1776.3799999999999,40.476875,48,0,3567.25,3597.25,3586.0,3556.0,1751.3799999999999,1801.3799999999999
35,133,3606.625,1776.3799999999999,44.5904347826087,46,0,3597.25,3627.25,3616.0,3586.0,1751.3799999999999,1801.3799999999999
35,134,3636.625,1776.3799999999999,46.59139534883719,43,0,3627.25,3657.25,3646.0,3616.0,1751.3799999999999,1801.3799999999999
35,135,3666.625,1776.3799999999999,48.29297297297297,37,0,3657.25,3687.25,3676.0,3646.0,1751.3799999999999,1801.3799999999999
35,136,3696.625,1776.3799999999999,48.34363636363638,33,0,3687.25,3717.25,3706.0,3676.0,1751.3799999999999,1801.3799999999999
35,137,3726.625,1776.3799999999999,50.25709401709402,39,0,3717.25,3747.25,3736.0,3706.0,1751.3799999999999,1801.3799999999999
35,138,3756.625,1776.3799999999999,51.30930232558141,43,0,3747.25,3777.25,3766.0,3736.0,1751.3799999999999,1801.3799999999999
35,139,3786.625,1776.3799999999999,56.775,22,0,3777.25,3807.25,3796.0,3766.0,1751.3799999999999,1801.3799999999999
35,140,3816.625,1776.3799999999999,51.41,2,0,3807.25,3837.25,3826.0,3796.0,1751.3799999999999,1801.3799999999999
36,13,-4.625,1826.3799999999999,,0,0,-14.0,16.0,4.75,-25.25,1801.3799999999999,1851.3799999999999
36,14,25.375,1826.3799999999999,69.22217391304348,23,0,16.0,46.0,34.75,4.75,1801.3799999999999,1851.3799999999999
36,15,55.375,1826.3799999999999,75.347,20,0,46.0,76.0,64.75,34.75,1801.3799999999999,1851.3799999999999
36,16,85.375,1826.3799999999999,74.2405263157895,19,0,76.0,106.0,94.75,64.75,1801.3799999999999,1851.3799999999999
36,17,115.375,1826.3799999999999,63.07043478260869,23,0,106.0,136.0,124.75,94.75,1801.3799999999999,1851.3799999999999
36,18,145.375,1826.3799999999999,67.20875,24,0,136.0,166.0,154.75,124.75,1801.3799999999999,1851.3799999999999
36,19,175.375,1826.3799999999999,59.576097560975604,41,0,166.0,196.0,184.75,154.75,1801.3799999999999,1851.3799999999999
36,20,205.375,1826.3799999999999,64.88518518518518,27,0,196.0,226.0,214.75,184.75,1801.3799999999999,1851.3799999999999
36,21,235.375,1826.3799999999999,69.77787878787879,33,0,226.0,256.0,244.75,214.75,1801.3799999999999,1851.3799999999999
36,22,265.375,1826.3799999999999,64.73,34,0,256.0,286.0,274.75,244.75,1801.3799999999999,1851.3799999999999
36,23,295.375,1826.3799999999999,66.27541666666666,24,0,286.0,316.0,304.75,274.75,1801.3799999999999,1851.3799999999999
36,24,325.375,1826.3799999999999,66.97399999999999,15,0,316.0,346.0,334.75,304.75,1801.3799999999999,1851.3799999999999
36,25,355.375,1826.3799999999999,69.41550000000001,20,0,346.0,376.0,364.75,334.75,1801.3799999999999,1851.3799999999999
36,26,385.375,1826.3799999999999,66.28999999999999,22,0,376.0,406.0,394.75,364.75,1801.3799999999999,1851.3799999999999
36,27,415.375,1826.3799999999999,62.07529411764707,34,0,406.0,436.0,424.75,394.75,1801.3799999999999,1851.3799999999999
36,28,445.375,1826.3799999999999,54.10999999999999,41,0,436.0,466.0,454.75,424.75,1801.3799999999999,1851.3799999999999
36,29,475.375,1826.3799999999999,59.278124999999996,32,0,466.0,496.0,484.75,454.75,1801.3799999999999,1851.3799999999999
36,30,505.375,1826.3799999999999,69.56703703703704,27,0,496.0,526.0,514.75,484.75,1801.3799999999999,1851.3799999999999
36,31,535.375,1826.3799999999999,70.04199999999999,15,0,526.0,556.0,544.75,514.75,1801.3799999999999,1851.3799999999999
36,32,565.375,1826.3799999999999,60.67290322580645,31,0,556.0,586.0,574.75,544.75,1801.3799999999999,1851.3799999999999
36,33,595.375,1826.3799999999999,63.14814814814814,27,0,586.0,616.0,604.75,574.75,1801.3799999999999,1851.3799999999999
36,34,625.375,1826.3799999999999,67.17727272727271,22,0,616.0,646.0,634.75,604.75,1801.3799999999999,1851.3799999999999
36,35,655.375,1826.3799999999999,63.91310344827585,29,0,646.0,676.0,664.75,634.75,1801.3799999999999,1851.3799999999999
36,36,685.375,1826.3799999999999,58.47676470588237,34,0,676.0,706.0,694.75,664.75,1801.3799999999999,1851.3799999999999
36,37,715.375,1826.3799999999999,57.36375,32,0,706.0,736.0,724.75,694.75,1801.3799999999999,1851.3799999999999
36,38,745.375,1826.3799999999999,62.78176470588234,34,0,736.0,766.0,754.75,724.75,1801.3799999999999,1851.3799999999999
36,39,775.375,1826.3799999999999,57.094848484848505,33,0,766.0,796.0,784.75,754.75,1801.3799999999999,1851.3799999999999
36,40,805.375,1826.3799999999999,52.05888888888887,36,0,796.0,826.0,814.75,784.75,1801.3799999999999,1851.3799999999999
36,41,835.375,1826.3799999999999,50.16340425531914,47,0,826.0,856.0,844.75,814.75,1801.3799999999999,1851.3799999999999
36,42,865.375,1826.3799999999999,49.46897435897435,39,0,856.0,886.0,874.75,844.75,1801.3799999999999,1851.3799999999999
36,43,895.375,1826.3799999999999,48.40642857142857,42,0,886.0,916.0,904.75,874.75,1801.3799999999999,1851.3799999999999
36,44,925.375,1826.3799999999999,58.252472527472534,26,0,916.0,946.0,934.75,904.75,1801.3799999999999,1851.3799999999999
36,45,955.375,1826.3799999999999,56.42914285714285,35,0,946.0,976.0,964.75,934.75,1801.3799999999999,1851.3799999999999
36,46,985.375,1826.3799999999999,57.2356,50,0,976.0,1006.0,994.75,964.75,1801.3799999999999,1851.3799999999999
36,47,1015.375,1826.3799999999999,63.07695652173914,23,0,1006.0,1036.0,1024.75,994.75,1801.3799999999999,1851.3799999999999
36,48,1045.375,1826.3799999999999,63.46333333333334,24,0,1036.0,1066.0,1054.75,1024.75,1801.3799999999999,1851.3799999999999
36,49,1075.375,1826.3799999999999,64.06833333333334,30,0,1066.0,1096.0,1084.75,1054.75,1801.3799999999999,1851.3799999999999
36,50,1105.375,1826.3799999999999,62.60880000000001,25,0,1096.0,1126.0,1114.75,1084.75,1801.3799999999999,1851.3799999999999
36,51,1135.375,1826.3799999999999,60.61548387096773,31,0,1126.0,1156.0,1144.75,1114.75,1801.3799999999999,1851.3799999999999
36,52,1165.375,1826.3799999999999,59.32461538461539,39,0,1156.0,1186.0,1174.75,1144.75,1801.3799999999999,1851.3799999999999
36,53,1195.375,1826.3799999999999,61.16333333333335,24,0,1186.0,1216.0,1204.75,1174.75,1801.3799999999999,1851.3799999999999
36,54,1225.375,1826.3799999999999,63.62454545454545,33,0,1216.0,1246.0,1234.75,1204.75,1801.3799999999999,1851.3799999999999
36,55,1255.375,1826.3799999999999,64.456,30,0,1246.0,1276.0,1264.75,1234.75,1801.3799999999999,1851.3799999999999
36,56,1285.375,1826.3799999999999,70.0329411764706,17,0,1276.0,1306.0,1294.75,1264.75,1801.3799999999999,1851.3799999999999
36,57,1315.375,1826.3799999999999,62.211042857142864,25,0,1306.0,1336.0,1324.75,1294.75,1801.3799999999999,1851.3799999999999
36,58,1345.375,1826.3799999999999,60.769999999999996,27,0,1336.0,1366.0,1354.75,1324.75,1801.3799999999999,1851.3799999999999
36,59,1375.375,1826.3799999999999,66.8529411764706,17,0,1366.0,1396.0,1384.75,1354.75,1801.3799999999999,1851.3799999999999
36,60,1405.375,1826.3799999999999,64.68136363636363,22,0,1396.0,1426.0,1414.75,1384.75,1801.3799999999999,1851.3799999999999
36,61,1435.375,1826.3799999999999,64.76761904761905,21,0,1426.0,1456.0,1444.75,1414.75,1801.3799999999999,1851.3799999999999
36,62,1465.375,1826.3799999999999,71.84666666666666,9,0,1456.0,1486.0,1474.75,1444.75,1801.3799999999999,1851.3799999999999
36,63,1495.375,1826.3799999999999,55.72066666666668,30,0,1486.0,1516.0,1504.75,1474.75,1801.3799999999999,1851.3799999999999
36,64,1525.375,1826.3799999999999,53.09422222222223,45,0,1516.0,1546.0,1534.75,1504.75,1801.3799999999999,1851.3799999999999
36,65,1555.375,1826.3799999999999,51.183409090909095,44,0,1546.0,1576.0,1564.75,1534.75,1801.3799999999999,1851.3799999999999
36,66,1585.375,1826.3799999999999,50.40765957446807,47,0,1576.0,1606.0,1594.75,1564.75,1801.3799999999999,1851.3799999999999
36,67,1615.375,1826.3799999999999,53.118444444444435,45,0,1606.0,1636.0,1624.75,1594.75,1801.3799999999999,1851.3799999999999
36,68,1645.375,1826.3799999999999,54.59025641025642,39,0,1636.0,1666.0,1654.75,1624.75,1801.3799999999999,1851.3799999999999
36,69,1675.375,1826.3799999999999,58.366956521739134,23,0,1666.0,1696.0,1684.75,1654.75,1801.3799999999999,1851.3799999999999
36,70,1705.375,1826.3799999999999,54.68641025641027,39,0,1696.0,1726.0,1714.75,1684.75,1801.3799999999999,1851.3799999999999
36,71,1735.375,1826.3799999999999,63.71454545454546,22,0,1726.0,1756.0,1744.75,1714.75,1801.3799999999999,1851.3799999999999
36,72,1765.375,1826.3799999999999,58.51266666666667,30,0,1756.0,1786.0,1774.75,1744.75,1801.3799999999999,1851.3799999999999
36,73,1795.375,1826.3799999999999,59.653823529411774,34,0,1786.0,1816.0,1804.75,1774.75,1801.3799999999999,1851.3799999999999
36,74,1825.375,1826.3799999999999,53.36217391304346,23,0,1816.0,1846.0,1834.75,1804.75,1801.3799999999999,1851.3799999999999
36,75,1855.375,1826.3799999999999,55.0225,32,0,1846.0,1876.0,1864.75,1834.75,1801.3799999999999,1851.3799999999999
36,76,1885.375,1826.3799999999999,49.30641025641025,39,0,1876.0,1906.0,1894.75,1864.75,1801.3799999999999,1851.3799999999999
36,77,1915.375,1826.3799999999999,45.525416666666665,48,0,1906.0,1936.0,1924.75,1894.75,1801.3799999999999,1851.3799999999999
36,78,1945.375,1826.3799999999999,42.45742857142857,35,0,1936.0,1966.0,1954.75,1924.75,1801.3799999999999,1851.3799999999999
36,79,1975.375,1826.3799999999999,36.086065573770476,61,0,1966.0,1996.0,1984.75,1954.75,1801.3799999999999,1851.3799999999999
36,80,2005.375,1826.3799999999999,45.557555555555545,45,0,1996.0,2026.0,2014.75,1984.75,1801.3799999999999,1851.3799999999999
36,81,2035.375,1826.3799999999999,52.287272727272736,33,0,2026.0,2056.0,2044.75,2014.75,1801.3799999999999,1851.3799999999999
36,82,2065.375,1826.3799999999999,51.63565217391304,46,0,2056.0,2086.0,2074.75,2044.75,1801.3799999999999,1851.3799999999999
36,83,2095.375,1826.3799999999999,51.35162162162162,37,0,2086.0,2116.0,2104.75,2074.75,1801.3799999999999,1851.3799999999999
36,84,2125.375,1826.3799999999999,51.78810810810811,37,0,2116.0,2146.0,2134.75,2104.75,1801.3799999999999,1851.3799999999999
36,85,2155.375,1826.3799999999999,52.8528888888889,45,0,2146.0,2176.0,2164.75,2134.75,1801.3799999999999,1851.3799999999999
36,86,2185.375,1826.3799999999999,52.4818918918919,37,0,2176.0,2206.0,2194.75,2164.75,1801.3799999999999,1851.3799999999999
36,87,2215.375,1826.3799999999999,52.424749999999996,40,0,2206.0,2236.0,2224.75,2194.75,1801.3799999999999,1851.3799999999999
36,88,2245.375,1826.3799999999999,50.193902439024384,41,0,2236.0,2266.0,2254.75,2224.75,1801.3799999999999,1851.3799999999999
36,89,2275.375,1826.3799999999999,46.26239130434784,46,0,2266.0,2296.0,2284.75,2254.75,1801.3799999999999,1851.3799999999999
36,90,2305.375,1826.3799999999999,49.58545454545453,44,0,2296.0,2326.0,2314.75,2284.75,1801.3799999999999,1851.3799999999999
36,91,2335.375,1826.3799999999999,52.57157894736843,38,0,2326.0,2356.0,2344.75,2314.75,1801.3799999999999,1851.3799999999999
36,92,2365.375,1826.3799999999999,41.54244444444444,45,0,2356.0,2386.0,2374.75,2344.75,1801.3799999999999,1851.3799999999999
36,93,2395.375,1826.3799999999999,39.88021276595744,47,0,2386.0,2416.0,2404.75,2374.75,1801.3799999999999,1851.3799999999999
36,94,2425.375,1826.3799999999999,41.694250000000004,40,0,2416.0,2446.0,2434.75,2404.75,1801.3799999999999,1851.3799999999999
36,95,2455.375,1826.3799999999999,44.48888888888888,54,0,2446.0,2476.0,2464.75,2434.75,1801.3799999999999,1851.3799999999999
36,96,2485.375,1826.3799999999999,42.66822222222222,45,0,2476.0,2506.0,2494.75,2464.75,1801.3799999999999,1851.3799999999999
36,97,2515.375,1826.3799999999999,47.166756756756754,37,0,2506.0,2536.0,2524.75,2494.75,1801.3799999999999,1851.3799999999999
36,98,2545.375,1826.3799999999999,45.84583333333334,36,0,2536.0,2566.0,2554.75,2524.75,1801.3799999999999,1851.3799999999999
36,99,2575.375,1826.3799999999999,47.4465625,32,0,2566.0,2596.0,2584.75,2554.75,1801.3799999999999,1851.3799999999999
36,100,2605.375,1826.3799999999999,47.22652173913043,46,0,2596.0,2626.0,2614.75,2584.75,1801.3799999999999,1851.3799999999999
36,101,2635.375,1826.3799999999999,44.66210526315788,38,0,2626.0,2656.0,2644.75,2614.75,1801.3799999999999,1851.3799999999999
36,102,2665.375,1826.3799999999999,42.5112,50,0,2656.0,2686.0,2674.75,2644.75,1801.3799999999999,1851.3799999999999
36,103,2695.375,1826.3799999999999,47.40175,40,0,2686.0,2716.0,2704.75,2674.75,1801.3799999999999,1851.3799999999999
36,104,2725.375,1826.3799999999999,46.259583333333346,48,0,2716.0,2746.0,2734.75,2704.75,1801.3799999999999,1851.3799999999999
36,105,2755.375,1826.3799999999999,46.94,48,0,2746.0,2776.0,2764.75,2734.75,1801.3799999999999,1851.3799999999999
36,106,2785.375,1826.3799999999999,51.24974999999999,40,0,2776.0,2806.0,2794.75,2764.75,1801.3799999999999,1851.3799999999999
36,107,2815.375,1826.3799999999999,48.01604166666666,48,0,2806.0,2836.0,2824.75,2794.75,1801.3799999999999,1851.3799999999999
36,108,2845.375,1826.3799999999999,44.93777777777778,39,0,2836.0,2866.0,2854.75,2824.75,1801.3799999999999,1851.3799999999999
36,109,2875.375,1826.3799999999999,50.45638888888889,36,0,2866.0,2896.0,2884.75,2854.75,1801.3799999999999,1851.3799999999999
36,110,2905.375,1826.3799999999999,47.37621621621622,37,0,2896.0,2926.0,2914.75,2884.75,1801.3799999999999,1851.3799999999999
36,111,2935.375,1826.3799999999999,49.92767441860466,43,0,2926.0,2956.0,2944.75,2914.75,1801.3799999999999,1851.3799999999999
36,112,2965.375,1826.3799999999999,47.65625,40,0,2956.0,2986.0,2974.75,2944.75,1801.3799999999999,1851.3799999999999
36,113,2995.375,1826.3799999999999,38.55122807017544,57,0,2986.0,3016.0,3004.75,2974.75,1801.3799999999999,1851.3799999999999
36,114,3025.375,1826.3799999999999,46.73222222222223,54,0,3016.0,3046.0,3034.75,3004.75,1801.3799999999999,1851.3799999999999
36,115,3055.375,1826.3799999999999,55.846666666666664,36,0,3046.0,3076.0,3064.75,3034.75,1801.3799999999999,1851.3799999999999
36,116,3085.375,1826.3799999999999,49.34589743589745,39,0,3076.0,3106.0,3094.75,3064.75,1801.3799999999999,1851.3799999999999
36,117,3115.375,1826.3799999999999,44.21981818181818,55,0,3106.0,3136.0,3124.75,3094.75,1801.3799999999999,1851.3799999999999
36,118,3145.375,1826.3799999999999,45.48857142857142,49,0,3136.0,3166.0,3154.75,3124.75,1801.3799999999999,1851.3799999999999
36,119,3175.375,1826.3799999999999,44.273170731707324,41,0,3166.0,3196.0,3184.75,3154.75,1801.3799999999999,1851.3799999999999
36,120,3205.375,1826.3799999999999,43.3072340425532,47,0,3196.0,3226.0,3214.75,3184.75,1801.3799999999999,1851.3799999999999
36,121,3235.375,1826.3799999999999,47.75022222222222,45,0,3226.0,3256.0,3244.75,3214.75,1801.3799999999999,1851.3799999999999
36,122,3265.375,1826.3799999999999,47.92263157894736,38,0,3256.0,3286.0,3274.75,3244.75,1801.3799999999999,1851.3799999999999
36,123,3295.375,1826.3799999999999,46.566129032258054,31,0,3286.0,3316.0,3304.75,3274.75,1801.3799999999999,1851.3799999999999
36,124,3325.375,1826.3799999999999,42.55530612244898,49,0,3316.0,3346.0,3334.75,3304.75,1801.3799999999999,1851.3799999999999
36,125,3355.375,1826.3799999999999,46.0836170212766,47,0,3346.0,3376.0,3364.75,3334.75,1801.3799999999999,1851.3799999999999
36,126,3385.375,1826.3799999999999,54.94400000000002,35,0,3376.0,3406.0,3394.75,3364.75,1801.3799999999999,1851.3799999999999
36,127,3415.375,1826.3799999999999,52.76750000000001,32,0,3406.0,3436.0,3424.75,3394.75,1801.3799999999999,1851.3799999999999
36,128,3445.375,1826.3799999999999,47.400000000000006,39,0,3436.0,3466.0,3454.75,3424.75,1801.3799999999999,1851.3799999999999
36,129,3475.375,1826.3799999999999,45.53652173913043,46,0,3466.0,3496.0,3484.75,3454.75,1801.3799999999999,1851.3799999999999
36,130,3505.375,1826.3799999999999,46.89340909090909,44,0,3496.0,3526.0,3514.75,3484.75,1801.3799999999999,1851.3799999999999
36,131,3535.375,1826.3799999999999,38.911470588235304,34,0,3526.0,3556.0,3544.75,3514.75,1801.3799999999999,1851.3799999999999
36,132,3565.375,1826.3799999999999,34.80120689655173,58,0,3556.0,3586.0,3574.75,3544.75,1801.3799999999999,1851.3799999999999
36,133,3595.375,1826.3799999999999,38.29076923076924,52,0,3586.0,3616.0,3604.75,3574.75,1801.3799999999999,1851.3799999999999
36,134,3625.375,1826.3799999999999,47.899,40,0,3616.0,3646.0,3634.75,3604.75,1801.3799999999999,1851.3799999999999
36,135,3655.375,1826.3799999999999,46.182291666666664,48,0,3646.0,3676.0,3664.75,3634.75,1801.3799999999999,1851.3799999999999
36,136,3685.375,1826.3799999999999,49.60470588235294,34,0,3676.0,3706.0,3694.75,3664.75,1801.3799999999999,1851.3799999999999
36,137,3715.375,1826.3799999999999,51.40939393939395,33,0,3706.0,3736.0,3724.75,3694.75,1801.3799999999999,1851.3799999999999
36,138,3745.375,1826.3799999999999,49.21282608695652,46,0,3736.0,3766.0,3754.75,3724.75,1801.3799999999999,1851.3799999999999
36,139,3775.375,1826.3799999999999,54.349333333333334,30,0,3766.0,3796.0,3784.75,3754.75,1801.3799999999999,1851.3799999999999
36,140,3805.375,1826.3799999999999,55.00769230769231,13,0,3796.0,3826.0,3814.75,3784.75,1801.3799999999999,1851.3799999999999
36,141,3835.375,1826.3799999999999,,0,0,3826.0,3856.0,3844.75,3814.75,1801.3799999999999,1851.3799999999999
37,13,-15.875,1876.3799999999999,,0,0,-25.25,4.75,-6.5,-36.5,1851.3799999999999,1901.3799999999999
37,14,14.125,1876.3799999999999,70.89533333333333,10,0,4.75,34.75,23.5,-6.5,1851.3799999999999,1901.3799999999999
37,15,44.125,1876.3799999999999,74.7163157894737,19,0,34.75,64.75,53.5,23.5,1851.3799999999999,1901.3799999999999
37,16,74.125,1876.3799999999999,75.64733333333332,15,0,64.75,94.75,83.5,53.5,1851.3799999999999,1901.3799999999999
37,17,104.125,1876.3799999999999,72.30411764705883,17,0,94.75,124.75,113.5,83.5,1851.3799999999999,1901.3799999999999
37,18,134.125,1876.3799999999999,66.92433333333332,30,0,124.75,154.75,143.5,113.5,1851.3799999999999,1901.3799999999999
37,19,164.125,1876.3799999999999,64.61243589743592,26,0,154.75,184.75,173.5,143.5,1851.3799999999999,1901.3799999999999
37,20,194.125,1876.3799999999999,60.78093750000001,32,0,184.75,214.75,203.5,173.5,1851.3799999999999,1901.3799999999999
37,21,224.125,1876.3799999999999,71.5569230769231,26,0,214.75,244.75,233.5,203.5,1851.3799999999999,1901.3799999999999
37,22,254.125,1876.3799999999999,66.41387096774194,31,0,244.75,274.75,263.5,233.5,1851.3799999999999,1901.3799999999999
37,23,284.125,1876.3799999999999,67.56307692307692,26,0,274.75,304.75,293.5,263.5,1851.3799999999999,1901.3799999999999
37,24,314.125,1876.3799999999999,67.74842105263158,19,0,304.75,334.75,323.5,293.5,1851.3799999999999,1901.3799999999999
37,25,344.125,1876.3799999999999,71.73916666666666,12,0,334.75,364.75,353.5,323.5,1851.3799999999999,1901.3799999999999
37,26,374.125,1876.3799999999999,69.1935,20,0,364.75,394.75,383.5,353.5,1851.3799999999999,1901.3799999999999
37,27,404.125,1876.3799999999999,66.82217391304347,23,0,394.75,424.75,413.5,383.5,1851.3799999999999,1901.3799999999999
37,28,434.125,1876.3799999999999,59.72487804878048,41,0,424.75,454.75,443.5,413.5,1851.3799999999999,1901.3799999999999
37,29,464.125,1876.3799999999999,58.154814814814806,27,0,454.75,484.75,473.5,443.5,1851.3799999999999,1901.3799999999999
37,30,494.125,1876.3799999999999,64.79482758620689,29,0,484.75,514.75,503.5,473.5,1851.3799999999999,1901.3799999999999
37,31,524.125,1876.3799999999999,75.59214285714287,14,0,514.75,544.75,533.5,503.5,1851.3799999999999,1901.3799999999999
37,32,554.125,1876.3799999999999,68.9845,20,0,544.75,574.75,563.5,533.5,1851.3799999999999,1901.3799999999999
37,33,584.125,1876.3799999999999,61.350555555555566,34,0,574.75,604.75,593.5,563.5,1851.3799999999999,1901.3799999999999
37,34,614.125,1876.3799999999999,72.38652173913043,23,0,604.75,634.75,623.5,593.5,1851.3799999999999,1901.3799999999999
37,35,644.125,1876.3799999999999,69.07777777777778,18,0,634.75,664.75,653.5,623.5,1851.3799999999999,1901.3799999999999
37,36,674.125,1876.3799999999999,64.67040000000001,25,0,664.75,694.75,683.5,653.5,1851.3799999999999,1901.3799999999999
37,37,704.125,1876.3799999999999,56.29515151515151,33,0,694.75,724.75,713.5,683.5,1851.3799999999999,1901.3799999999999
37,38,734.125,1876.3799999999999,64.728125,32,0,724.75,754.75,743.5,713.5,1851.3799999999999,1901.3799999999999
37,39,764.125,1876.3799999999999,62.9147619047619,21,0,754.75,784.75,773.5,743.5,1851.3799999999999,1901.3799999999999
37,40,794.125,1876.3799999999999,57.750000000000014,40,0,784.75,814.75,803.5,773.5,1851.3799999999999,1901.3799999999999
37,41,824.125,1876.3799999999999,52.44542857142858,35,0,814.75,844.75,833.5,803.5,1851.3799999999999,1901.3799999999999
37,42,854.125,1876.3799999999999,51.65234693877552,42,0,844.75,874.75,863.5,833.5,1851.3799999999999,1901.3799999999999
37,43,884.125,1876.3799999999999,50.96138888888888,36,0,874.75,904.75,893.5,863.5,1851.3799999999999,1901.3799999999999
37,44,914.125,1876.3799999999999,54.36724137931035,29,0,904.75,934.75,923.5,893.5,1851.3799999999999,1901.3799999999999
37,45,944.125,1876.3799999999999,60.90076923076924,26,0,934.75,964.75,953.5,923.5,1851.3799999999999,1901.3799999999999
37,46,974.125,1876.3799999999999,57.11581395348837,43,0,964.75,994.75,983.5,953.5,1851.3799999999999,1901.3799999999999
37,47,1004.125,1876.3799999999999,61.73555555555555,27,0,994.75,1024.75,1013.5,983.5,1851.3799999999999,1901.3799999999999
37,48,1034.125,1876.3799999999999,68.70880000000001,25,0,1024.75,1054.75,1043.5,1013.5,1851.3799999999999,1901.3799999999999
37,49,1064.125,1876.3799999999999,64.3624,25,0,1054.75,1084.75,1073.5,1043.5,1851.3799999999999,1901.3799999999999
37,50,1094.125,1876.3799999999999,66.89111111111113,27,0,1084.75,1114.75,1103.5,1073.5,1851.3799999999999,1901.3799999999999
37,51,1124.125,1876.3799999999999,61.480416666666656,24,0,1114.75,1144.75,1133.5,1103.5,1851.3799999999999,1901.3799999999999
37,52,1154.125,1876.3799999999999,65.08615384615383,26,0,1144.75,1174.75,1163.5,1133.5,1851.3799999999999,1901.3799999999999
37,53,1184.125,1876.3799999999999,61.716,30,0,1174.75,1204.75,1193.5,1163.5,1851.3799999999999,1901.3799999999999
37,54,1214.125,1876.3799999999999,67.465,20,0,1204.75,1234.75,1223.5,1193.5,1851.3799999999999,1901.3799999999999
37,55,1244.125,1876.3799999999999,64.9657142857143,28,0,1234.75,1264.75,1253.5,1223.5,1851.3799999999999,1901.3799999999999
37,56,1274.125,1876.3799999999999,71.13761904761907,21,0,1264.75,1294.75,1283.5,1253.5,1851.3799999999999,1901.3799999999999
37,57,1304.125,1876.3799999999999,69.75500000000001,12,0,1294.75,1324.75,1313.5,1283.5,1851.3799999999999,1901.3799999999999
37,58,1334.125,1876.3799999999999,61.522000000000006,30,0,1324.75,1354.75,1343.5,1313.5,1851.3799999999999,1901.3799999999999
37,59,1364.125,1876.3799999999999,64.559,20,0,1354.75,1384.75,1373.5,1343.5,1851.3799999999999,1901.3799999999999
37,60,1394.125,1876.3799999999999,68.62916666666666,12,0,1384.75,1414.75,1403.5,1373.5,1851.3799999999999,1901.3799999999999
37,61,1424.125,1876.3799999999999,67.6812,25,0,1414.75,1444.75,1433.5,1403.5,1851.3799999999999,1901.3799999999999
37,62,1454.125,1876.3799999999999,70.69571428571429,14,0,1444.75,1474.75,1463.5,1433.5,1851.3799999999999,1901.3799999999999
37,63,1484.125,1876.3799999999999,61.33399999999999,5,0,1474.75,1504.75,1493.5,1463.5,1851.3799999999999,1901.3799999999999
37,64,1514.125,1876.3799999999999,54.92869565217392,46,0,1504.75,1534.75,1523.5,1493.5,1851.3799999999999,1901.3799999999999
37,65,1544.125,1876.3799999999999,55.240769230769224,39,0,1534.75,1564.75,1553.5,1523.5,1851.3799999999999,1901.3799999999999
37,66,1574.125,1876.3799999999999,54.715789473684204,38,0,1564.75,1594.75,1583.5,1553.5,1851.3799999999999,1901.3799999999999
37,67,1604.125,1876.3799999999999,52.11893617021275,47,0,1594.75,1624.75,1613.5,1583.5,1851.3799999999999,1901.3799999999999
37,68,1634.125,1876.3799999999999,57.38054054054055,37,0,1624.75,1654.75,1643.5,1613.5,1851.3799999999999,1901.3799999999999
37,69,1664.125,1876.3799999999999,57.46041666666665,24,0,1654.75,1684.75,1673.5,1643.5,1851.3799999999999,1901.3799999999999
37,70,1694.125,1876.3799999999999,57.29892857142857,28,0,1684.75,1714.75,1703.5,1673.5,1851.3799999999999,1901.3799999999999
37,71,1724.125,1876.3799999999999,58.39354838709675,31,0,1714.75,1744.75,1733.5,1703.5,1851.3799999999999,1901.3799999999999
37,72,1754.125,1876.3799999999999,65.7321052631579,19,0,1744.75,1774.75,1763.5,1733.5,1851.3799999999999,1901.3799999999999
37,73,1784.125,1876.3799999999999,61.695806451612896,31,0,1774.75,1804.75,1793.5,1763.5,1851.3799999999999,1901.3799999999999
37,74,1814.125,1876.3799999999999,60.60300000000001,20,0,1804.75,1834.75,1823.5,1793.5,1851.3799999999999,1901.3799999999999
37,75,1844.125,1876.3799999999999,59.002903225806456,31,0,1834.75,1864.75,1853.5,1823.5,1851.3799999999999,1901.3799999999999
37,76,1874.125,1876.3799999999999,54.263703703703705,27,0,1864.75,1894.75,1883.5,1853.5,1851.3799999999999,1901.3799999999999
37,77,1904.125,1876.3799999999999,52.79692307692307,39,0,1894.75,1924.75,1913.5,1883.5,1851.3799999999999,1901.3799999999999
37,78,1934.125,1876.3799999999999,48.03000000000001,30,0,1924.75,1954.75,1943.5,1913.5,1851.3799999999999,1901.3799999999999
37,79,1964.125,1876.3799999999999,42.746216216216204,37,0,1954.75,1984.75,1973.5,1943.5,1851.3799999999999,1901.3799999999999
37,80,1994.125,1876.3799999999999,41.460434782608694,46,0,1984.75,2014.75,2003.5,1973.5,1851.3799999999999,1901.3799999999999
37,81,2024.125,1876.3799999999999,52.670526315789466,38,0,2014.75,2044.75,2033.5,2003.5,1851.3799999999999,1901.3799999999999
37,82,2054.125,1876.3799999999999,52.93428571428571,35,0,2044.75,2074.75,2063.5,2033.5,1851.3799999999999,1901.3799999999999
37,83,2084.125,1876.3799999999999,54.09588235294116,34,0,2074.75,2104.75,2093.5,2063.5,1851.3799999999999,1901.3799999999999
37,84,2114.125,1876.3799999999999,55.01722222222223,36,0,2104.75,2134.75,2123.5,2093.5,1851.3799999999999,1901.3799999999999
37,85,2144.125,1876.3799999999999,52.47564102564103,39,0,2134.75,2164.75,2153.5,2123.5,1851.3799999999999,1901.3799999999999
37,86,2174.125,1876.3799999999999,57.767647058823535,34,0,2164.75,2194.75,2183.5,2153.5,1851.3799999999999,1901.3799999999999
37,87,2204.125,1876.3799999999999,52.36257142857142,35,0,2194.75,2224.75,2213.5,2183.5,1851.3799999999999,1901.3799999999999
37,88,2234.125,1876.3799999999999,58.389999999999986,30,0,2224.75,2254.75,2243.5,2213.5,1851.3799999999999,1901.3799999999999
37,89,2264.125,1876.3799999999999,49.33861111111112,36,0,2254.75,2284.75,2273.5,2243.5,1851.3799999999999,1901.3799999999999
37,90,2294.125,1876.3799999999999,47.54023255813954,43,0,2284.75,2314.75,2303.5,2273.5,1851.3799999999999,1901.3799999999999
37,91,2324.125,1876.3799999999999,54.88342105263157,38,0,2314.75,2344.75,2333.5,2303.5,1851.3799999999999,1901.3799999999999
37,92,2354.125,1876.3799999999999,51.29333333333333,36,0,2344.75,2374.75,2363.5,2333.5,1851.3799999999999,1901.3799999999999
37,93,2384.125,1876.3799999999999,39.992439024390244,41,0,2374.75,2404.75,2393.5,2363.5,1851.3799999999999,1901.3799999999999
37,94,2414.125,1876.3799999999999,43.83052631578948,38,0,2404.75,2434.75,2423.5,2393.5,1851.3799999999999,1901.3799999999999
37,95,2444.125,1876.3799999999999,45.91425925925927,54,0,2434.75,2464.75,2453.5,2423.5,1851.3799999999999,1901.3799999999999
37,96,2474.125,1876.3799999999999,45.19924999999999,40,0,2464.75,2494.75,2483.5,2453.5,1851.3799999999999,1901.3799999999999
37,97,2504.125,1876.3799999999999,47.522558139534866,43,0,2494.75,2524.75,2513.5,2483.5,1851.3799999999999,1901.3799999999999
37,98,2534.125,1876.3799999999999,48.36241379310345,29,0,2524.75,2554.75,2543.5,2513.5,1851.3799999999999,1901.3799999999999
37,99,2564.125,1876.3799999999999,51.21473684210526,19,0,2554.75,2584.75,2573.5,2543.5,1851.3799999999999,1901.3799999999999
37,100,2594.125,1876.3799999999999,49.25422222222221,45,0,2584.75,2614.75,2603.5,2573.5,1851.3799999999999,1901.3799999999999
37,101,2624.125,1876.3799999999999,47.38230769230769,39,0,2614.75,2644.75,2633.5,2603.5,1851.3799999999999,1901.3799999999999
37,102,2654.125,1876.3799999999999,47.289393939393946,33,0,2644.75,2674.75,2663.5,2633.5,1851.3799999999999,1901.3799999999999
37,103,2684.125,1876.3799999999999,45.14716981132076,53,0,2674.75,2704.75,2693.5,2663.5,1851.3799999999999,1901.3799999999999
37,104,2714.125,1876.3799999999999,50.02769230769232,39,0,2704.75,2734.75,2723.5,2693.5,1851.3799999999999,1901.3799999999999
37,105,2744.125,1876.3799999999999,46.68955555555556,45,0,2734.75,2764.75,2753.5,2723.5,1851.3799999999999,1901.3799999999999
37,106,2774.125,1876.3799999999999,51.67051282051282,39,0,2764.75,2794.75,2783.5,2753.5,1851.3799999999999,1901.3799999999999
37,107,2804.125,1876.3799999999999,51.8192105263158,38,0,2794.75,2824.75,2813.5,2783.5,1851.3799999999999,1901.3799999999999
37,108,2834.125,1876.3799999999999,47.76594594594596,37,0,2824.75,2854.75,2843.5,2813.5,1851.3799999999999,1901.3799999999999
37,109,2864.125,1876.3799999999999,46.614444444444445,36,0,2854.75,2884.75,2873.5,2843.5,1851.3799999999999,1901.3799999999999
37,110,2894.125,1876.3799999999999,53.44064039408866,29,0,2884.75,2914.75,2903.5,2873.5,1851.3799999999999,1901.3799999999999
37,111,2924.125,1876.3799999999999,50.22805555555555,36,0,2914.75,2944.75,2933.5,2903.5,1851.3799999999999,1901.3799999999999
37,112,2954.125,1876.3799999999999,51.119250000000015,40,0,2944.75,2974.75,2963.5,2933.5,1851.3799999999999,1901.3799999999999
37,113,2984.125,1876.3799999999999,43.65235294117647,34,0,2974.75,3004.75,2993.5,2963.5,1851.3799999999999,1901.3799999999999
37,114,3014.125,1876.3799999999999,40.92018867924529,53,0,3004.75,3034.75,3023.5,2993.5,1851.3799999999999,1901.3799999999999
37,115,3044.125,1876.3799999999999,53.88536585365854,41,0,3034.75,3064.75,3053.5,3023.5,1851.3799999999999,1901.3799999999999
37,116,3074.125,1876.3799999999999,55.60823529411765,34,0,3064.75,3094.75,3083.5,3053.5,1851.3799999999999,1901.3799999999999
37,117,3104.125,1876.3799999999999,48.17756756756757,37,0,3094.75,3124.75,3113.5,3083.5,1851.3799999999999,1901.3799999999999
37,118,3134.125,1876.3799999999999,45.377199999999995,50,0,3124.75,3154.75,3143.5,3113.5,1851.3799999999999,1901.3799999999999
37,119,3164.125,1876.3799999999999,45.16795918367346,49,0,3154.75,3184.75,3173.5,3143.5,1851.3799999999999,1901.3799999999999
37,120,3194.125,1876.3799999999999,44.79,37,0,3184.75,3214.75,3203.5,3173.5,1851.3799999999999,1901.3799999999999
37,121,3224.125,1876.3799999999999,44.943617021276594,47,0,3214.75,3244.75,3233.5,3203.5,1851.3799999999999,1901.3799999999999
37,122,3254.125,1876.3799999999999,46.847906976744184,43,0,3244.75,3274.75,3263.5,3233.5,1851.3799999999999,1901.3799999999999
37,123,3284.125,1876.3799999999999,48.957857142857144,28,0,3274.75,3304.75,3293.5,3263.5,1851.3799999999999,1901.3799999999999
37,124,3314.125,1876.3799999999999,47.55333333333333,39,0,3304.75,3334.75,3323.5,3293.5,1851.3799999999999,1901.3799999999999
37,125,3344.125,1876.3799999999999,45.16192307692307,52,0,3334.75,3364.75,3353.5,3323.5,1851.3799999999999,1901.3799999999999
37,126,3374.125,1876.3799999999999,52.45439024390245,41,0,3364.75,3394.75,3383.5,3353.5,1851.3799999999999,1901.3799999999999
37,127,3404.125,1876.3799999999999,60.14206896551725,29,0,3394.75,3424.75,3413.5,3383.5,1851.3799999999999,1901.3799999999999
37,128,3434.125,1876.3799999999999,51.674482758620705,29,0,3424.75,3454.75,3443.5,3413.5,1851.3799999999999,1901.3799999999999
37,129,3464.125,1876.3799999999999,49.582750000000004,40,0,3454.75,3484.75,3473.5,3443.5,1851.3799999999999,1901.3799999999999
37,130,3494.125,1876.3799999999999,48.09219512195122,41,0,3484.75,3514.75,3503.5,3473.5,1851.3799999999999,1901.3799999999999
37,131,3524.125,1876.3799999999999,44.389696969696956,33,0,3514.75,3544.75,3533.5,3503.5,1851.3799999999999,1901.3799999999999
37,132,3554.125,1876.3799999999999,37.11918918918919,37,0,3544.75,3574.75,3563.5,3533.5,1851.3799999999999,1901.3799999999999
37,133,3584.125,1876.3799999999999,35.55491525423729,59,0,3574.75,3604.75,3593.5,3563.5,1851.3799999999999,1901.3799999999999
37,134,3614.125,1876.3799999999999,40.92854166666667,48,0,3604.75,3634.75,3623.5,3593.5,1851.3799999999999,1901.3799999999999
37,135,3644.125,1876.3799999999999,51.226666666666645,39,0,3634.75,3664.75,3653.5,3623.5,1851.3799999999999,1901.3799999999999
37,136,3674.125,1876.3799999999999,48.571282051282054,39,0,3664.75,3694.75,3683.5,3653.5,1851.3799999999999,1901.3799999999999
37,137,3704.125,1876.3799999999999,51.68277777777777,36,0,3694.75,3724.75,3713.5,3683.5,1851.3799999999999,1901.3799999999999
37,138,3734.125,1876.3799999999999,52.492941176470595,34,0,3724.75,3754.75,3743.5,3713.5,1851.3799999999999,1901.3799999999999
37,139,3764.125,1876.3799999999999,51.455000000000005,42,0,3754.75,3784.75,3773.5,3743.5,1851.3799999999999,1901.3799999999999
37,140,3794.125,1876.3799999999999,60.24176470588236,17,0,3784.75,3814.75,3803.5,3773.5,1851.3799999999999,1901.3799999999999
37,141,3824.125,1876.3799999999999,53.45333333333334,3,0,3814.75,3844.75,3833.5,3803.5,1851.3799999999999,1901.3799999999999
38,14,2.875,1926.3799999999999,73.31300000000002,5,0,-6.5,23.5,12.25,-17.75,1901.3799999999999,1951.3799999999999
38,15,32.875,1926.3799999999999,71.99833333333335,24,0,23.5,53.5,42.25,12.25,1901.3799999999999,1951.3799999999999
38,16,62.875,1926.3799999999999,79.54294117647058,17,0,53.5,83.5,72.25,42.25,1901.3799999999999,1951.3799999999999
38,17,92.875,1926.3799999999999,77.88923076923078,13,0,83.5,113.5,102.25,72.25,1901.3799999999999,1951.3799999999999
38,18,122.875,1926.3799999999999,66.26619047619047,21,0,113.5,143.5,132.25,102.25,1901.3799999999999,1951.3799999999999
38,19,152.875,1926.3799999999999,69.02428571428571,21,0,143.5,173.5,162.25,132.25,1901.3799999999999,1951.3799999999999
38,20,182.875,1926.3799999999999,62.265757575757576,33,0,173.5,203.5,192.25,162.25,1901.3799999999999,1951.3799999999999
38,21,212.875,1926.3799999999999,69.16951690821256,23,0,203.5,233.5,222.25,192.25,1901.3799999999999,1951.3799999999999
38,22,242.875,1926.3799999999999,71.44875000000002,32,0,233.5,263.5,252.25,222.25,1901.3799999999999,1951.3799999999999
38,23,272.875,1926.3799999999999,66.96464285714285,28,0,263.5,293.5,282.25,252.25,1901.3799999999999,1951.3799999999999
38,24,302.875,1926.3799999999999,68.30772727272728,22,0,293.5,323.5,312.25,282.25,1901.3799999999999,1951.3799999999999
38,25,332.875,1926.3799999999999,69.735,14,0,323.5,353.5,342.25,312.25,1901.3799999999999,1951.3799999999999
38,26,362.875,1926.3799999999999,72.70315789473685,19,0,353.5,383.5,372.25,342.25,1901.3799999999999,1951.3799999999999
38,27,392.875,1926.3799999999999,68.38894736842106,19,0,383.5,413.5,402.25,372.25,1901.3799999999999,1951.3799999999999
38,28,422.875,1926.3799999999999,65.19999999999999,30,0,413.5,443.5,432.25,402.25,1901.3799999999999,1951.3799999999999
38,29,452.875,1926.3799999999999,58.070540540540556,37,0,443.5,473.5,462.25,432.25,1901.3799999999999,1951.3799999999999
38,30,482.875,1926.3799999999999,59.95545454545455,33,0,473.5,503.5,492.25,462.25,1901.3799999999999,1951.3799999999999
38,31,512.875,1926.3799999999999,70.26499999999999,26,0,503.5,533.5,522.25,492.25,1901.3799999999999,1951.3799999999999
38,32,542.875,1926.3799999999999,70.70928571428571,14,0,533.5,563.5,552.25,522.25,1901.3799999999999,1951.3799999999999
38,33,572.875,1926.3799999999999,63.31076923076922,26,0,563.5,593.5,582.25,552.25,1901.3799999999999,1951.3799999999999
38,34,602.875,1926.3799999999999,68.11250000000001,24,0,593.5,623.5,612.25,582.25,1901.3799999999999,1951.3799999999999
38,35,632.875,1926.3799999999999,69.97761904761903,21,0,623.5,653.5,642.25,612.25,1901.3799999999999,1951.3799999999999
38,36,662.875,1926.3799999999999,67.21655172413793,29,0,653.5,683.5,672.25,642.25,1901.3799999999999,1951.3799999999999
38,37,692.875,1926.3799999999999,60.242500000000014,36,0,683.5,713.5,702.25,672.25,1901.3799999999999,1951.3799999999999
38,38,722.875,1926.3799999999999,59.979142857142854,35,0,713.5,743.5,732.25,702.25,1901.3799999999999,1951.3799999999999
38,39,752.875,1926.3799999999999,63.18866666666666,30,0,743.5,773.5,762.25,732.25,1901.3799999999999,1951.3799999999999
38,40,782.875,1926.3799999999999,61.55666666666666,27,0,773.5,803.5,792.25,762.25,1901.3799999999999,1951.3799999999999
38,41,812.875,1926.3799999999999,56.131176470588244,34,0,803.5,833.5,822.25,792.25,1901.3799999999999,1951.3799999999999
38,42,842.875,1926.3799999999999,52.63627906976745,43,0,833.5,863.5,852.25,822.25,1901.3799999999999,1951.3799999999999
38,43,872.875,1926.3799999999999,51.61771428571429,35,0,863.5,893.5,882.25,852.25,1901.3799999999999,1951.3799999999999
38,44,902.875,1926.3799999999999,50.50568181818182,44,0,893.5,923.5,912.25,882.25,1901.3799999999999,1951.3799999999999
38,45,932.875,1926.3799999999999,56.828125,32,0,923.5,953.5,942.25,912.25,1901.3799999999999,1951.3799999999999
38,46,962.875,1926.3799999999999,59.216244897959186,35,0,953.5,983.5,972.25,942.25,1901.3799999999999,1951.3799999999999
38,47,992.875,1926.3799999999999,58.33581395348836,43,0,983.5,1013.5,1002.25,972.25,1901.3799999999999,1951.3799999999999
38,48,1022.875,1926.3799999999999,65.0025,20,0,1013.5,1043.5,1032.25,1002.25,1901.3799999999999,1951.3799999999999
38,49,1052.875,1926.3799999999999,65.82782608695653,23,0,1043.5,1073.5,1062.25,1032.25,1901.3799999999999,1951.3799999999999
38,50,1082.875,1926.3799999999999,66.0882142857143,28,0,1073.5,1103.5,1092.25,1062.25,1901.3799999999999,1951.3799999999999
38,51,1112.875,1926.3799999999999,64.42772727272728,22,0,1103.5,1133.5,1122.25,1092.25,1901.3799999999999,1951.3799999999999
38,52,1142.875,1926.3799999999999,63.58807692307691,26,0,1133.5,1163.5,1152.25,1122.25,1901.3799999999999,1951.3799999999999
38,53,1172.875,1926.3799999999999,63.02384615384614,39,0,1163.5,1193.5,1182.25,1152.25,1901.3799999999999,1951.3799999999999
38,54,1202.875,1926.3799999999999,65.97913043478262,23,0,1193.5,1223.5,1212.25,1182.25,1901.3799999999999,1951.3799999999999
38,55,1232.875,1926.3799999999999,66.15030303030302,33,0,1223.5,1253.5,1242.25,1212.25,1901.3799999999999,1951.3799999999999
38,56,1262.875,1926.3799999999999,69.03580645161291,31,0,1253.5,1283.5,1272.25,1242.25,1901.3799999999999,1951.3799999999999
38,57,1292.875,1926.3799999999999,75.3358823529412,17,0,1283.5,1313.5,1302.25,1272.25,1901.3799999999999,1951.3799999999999
38,58,1322.875,1926.3799999999999,65.06586206896552,29,0,1313.5,1343.5,1332.25,1302.25,1901.3799999999999,1951.3799999999999
38,59,1352.875,1926.3799999999999,60.68687500000001,32,0,1343.5,1373.5,1362.25,1332.25,1901.3799999999999,1951.3799999999999
38,60,1382.875,1926.3799999999999,70.73,12,0,1373.5,1403.5,1392.25,1362.25,1901.3799999999999,1951.3799999999999
38,61,1412.875,1926.3799999999999,69.54695652173913,23,0,1403.5,1433.5,1422.25,1392.25,1901.3799999999999,1951.3799999999999
38,62,1442.875,1926.3799999999999,69.15764705882351,17,0,1433.5,1463.5,1452.25,1422.25,1901.3799999999999,1951.3799999999999
38,63,1472.875,1926.3799999999999,72.36999999999999,9,0,1463.5,1493.5,1482.25,1452.25,1901.3799999999999,1951.3799999999999
38,64,1502.875,1926.3799999999999,57.63206896551725,29,0,1493.5,1523.5,1512.25,1482.25,1901.3799999999999,1951.3799999999999
38,65,1532.875,1926.3799999999999,56.08652173913043,46,0,1523.5,1553.5,1542.25,1512.25,1901.3799999999999,1951.3799999999999
38,66,1562.875,1926.3799999999999,55.33586956521741,46,0,1553.5,1583.5,1572.25,1542.25,1901.3799999999999,1951.3799999999999
38,67,1592.875,1926.3799999999999,51.47533333333335,45,0,1583.5,1613.5,1602.25,1572.25,1901.3799999999999,1951.3799999999999
38,68,1622.875,1926.3799999999999,53.58024390243902,41,0,1613.5,1643.5,1632.25,1602.25,1901.3799999999999,1951.3799999999999
38,69,1652.875,1926.3799999999999,57.37666666666666,39,0,1643.5,1673.5,1662.25,1632.25,1901.3799999999999,1951.3799999999999
38,70,1682.875,1926.3799999999999,59.597727272727276,22,0,1673.5,1703.5,1692.25,1662.25,1901.3799999999999,1951.3799999999999
38,71,1712.875,1926.3799999999999,56.828250000000004,40,0,1703.5,1733.5,1722.25,1692.25,1901.3799999999999,1951.3799999999999
38,72,1742.875,1926.3799999999999,67.82523809523809,21,0,1733.5,1763.5,1752.25,1722.25,1901.3799999999999,1951.3799999999999
38,73,1772.875,1926.3799999999999,61.21399999999999,30,0,1763.5,1793.5,1782.25,1752.25,1901.3799999999999,1951.3799999999999
38,74,1802.875,1926.3799999999999,62.55666666666668,24,0,1793.5,1823.5,1812.25,1782.25,1901.3799999999999,1951.3799999999999
38,75,1832.875,1926.3799999999999,58.22166666666667,24,0,1823.5,1853.5,1842.25,1812.25,1901.3799999999999,1951.3799999999999
38,76,1862.875,1926.3799999999999,62.188750000000006,32,0,1853.5,1883.5,1872.25,1842.25,1901.3799999999999,1951.3799999999999
38,77,1892.875,1926.3799999999999,52.289666666666676,30,0,1883.5,1913.5,1902.25,1872.25,1901.3799999999999,1951.3799999999999
38,78,1922.875,1926.3799999999999,53.30538461538461,39,0,1913.5,1943.5,1932.25,1902.25,1901.3799999999999,1951.3799999999999
38,79,1952.875,1926.3799999999999,48.297037037037036,27,0,1943.5,1973.5,1962.25,1932.25,1901.3799999999999,1951.3799999999999
38,80,1982.875,1926.3799999999999,42.657843137254915,51,0,1973.5,2003.5,1992.25,1962.25,1901.3799999999999,1951.3799999999999
38,81,2012.875,1926.3799999999999,46.57116279069767,43,0,2003.5,2033.5,2022.25,1992.25,1901.3799999999999,1951.3799999999999
38,82,2042.875,1926.3799999999999,54.50096774193547,31,0,2033.5,2063.5,2052.25,2022.25,1901.3799999999999,1951.3799999999999
38,83,2072.875,1926.3799999999999,53.6374358974359,39,0,2063.5,2093.5,2082.25,2052.25,1901.3799999999999,1951.3799999999999
38,84,2102.875,1926.3799999999999,54.64111111111112,36,0,2093.5,2123.5,2112.25,2082.25,1901.3799999999999,1951.3799999999999
38,85,2132.875,1926.3799999999999,55.36052631578947,38,0,2123.5,2153.5,2142.25,2112.25,1901.3799999999999,1951.3799999999999
38,86,2162.875,1926.3799999999999,54.24682926829267,41,0,2153.5,2183.5,2172.25,2142.25,1901.3799999999999,1951.3799999999999
38,87,2192.875,1926.3799999999999,56.08285714285714,35,0,2183.5,2213.5,2202.25,2172.25,1901.3799999999999,1951.3799999999999
38,88,2222.875,1926.3799999999999,55.93648648648649,37,0,2213.5,2243.5,2232.25,2202.25,1901.3799999999999,1951.3799999999999
38,89,2252.875,1926.3799999999999,54.481562499999995,32,0,2243.5,2273.5,2262.25,2232.25,1901.3799999999999,1951.3799999999999
38,90,2282.875,1926.3799999999999,47.58659090909091,44,0,2273.5,2303.5,2292.25,2262.25,1901.3799999999999,1951.3799999999999
38,91,2312.875,1926.3799999999999,49.80833333333333,42,0,2303.5,2333.5,2322.25,2292.25,1901.3799999999999,1951.3799999999999
38,92,2342.875,1926.3799999999999,55.403749999999995,32,0,2333.5,2363.5,2352.25,2322.25,1901.3799999999999,1951.3799999999999
38,93,2372.875,1926.3799999999999,47.66194444444446,36,0,2363.5,2393.5,2382.25,2352.25,1901.3799999999999,1951.3799999999999
38,94,2402.875,1926.3799999999999,40.81999999999999,38,0,2393.5,2423.5,2412.25,2382.25,1901.3799999999999,1951.3799999999999
38,95,2432.875,1926.3799999999999,47.37970588235294,34,0,2423.5,2453.5,2442.25,2412.25,1901.3799999999999,1951.3799999999999
38,96,2462.875,1926.3799999999999,47.17639999999999,50,0,2453.5,2483.5,2472.25,2442.25,1901.3799999999999,1951.3799999999999
38,97,2492.875,1926.3799999999999,49.72108108108108,37,0,2483.5,2513.5,2502.25,2472.25,1901.3799999999999,1951.3799999999999
38,98,2522.875,1926.3799999999999,47.49235294117646,34,0,2513.5,2543.5,2532.25,2502.25,1901.3799999999999,1951.3799999999999
38,99,2552.875,1926.3799999999999,48.93896551724138,29,0,2543.5,2573.5,2562.25,2532.25,1901.3799999999999,1951.3799999999999
38,100,2582.875,1926.3799999999999,49.830999999999996,30,0,2573.5,2603.5,2592.25,2562.25,1901.3799999999999,1951.3799999999999
38,101,2612.875,1926.3799999999999,53.21878787878787,33,0,2603.5,2633.5,2622.25,2592.25,1901.3799999999999,1951.3799999999999
38,102,2642.875,1926.3799999999999,46.66621621621623,37,0,2633.5,2663.5,2652.25,2622.25,1901.3799999999999,1951.3799999999999
38,103,2672.875,1926.3799999999999,46.69189189189189,37,0,2663.5,2693.5,2682.25,2652.25,1901.3799999999999,1951.3799999999999
38,104,2702.875,1926.3799999999999,50.135405405405415,37,0,2693.5,2723.5,2712.25,2682.25,1901.3799999999999,1951.3799999999999
38,105,2732.875,1926.3799999999999,48.806097560975594,41,0,2723.5,2753.5,2742.25,2712.25,1901.3799999999999,1951.3799999999999
38,106,2762.875,1926.3799999999999,49.42571428571428,42,0,2753.5,2783.5,2772.25,2742.25,1901.3799999999999,1951.3799999999999
38,107,2792.875,1926.3799999999999,54.78999999999999,32,0,2783.5,2813.5,2802.25,2772.25,1901.3799999999999,1951.3799999999999
38,108,2822.875,1926.3799999999999,49.05073170731707,41,0,2813.5,2843.5,2832.25,2802.25,1901.3799999999999,1951.3799999999999
38,109,2852.875,1926.3799999999999,47.264285714285705,35,0,2843.5,2873.5,2862.25,2832.25,1901.3799999999999,1951.3799999999999
38,110,2882.875,1926.3799999999999,54.1208,25,0,2873.5,2903.5,2892.25,2862.25,1901.3799999999999,1951.3799999999999
38,111,2912.875,1926.3799999999999,53.45031249999999,32,0,2903.5,2933.5,2922.25,2892.25,1901.3799999999999,1951.3799999999999
38,112,2942.875,1926.3799999999999,51.76564102564102,39,0,2933.5,2963.5,2952.25,2922.25,1901.3799999999999,1951.3799999999999
38,113,2972.875,1926.3799999999999,51.64903225806451,31,0,2963.5,2993.5,2982.25,2952.25,1901.3799999999999,1951.3799999999999
38,114,3002.875,1926.3799999999999,43.574893617021274,47,0,2993.5,3023.5,3012.25,2982.25,1901.3799999999999,1951.3799999999999
38,115,3032.875,1926.3799999999999,43.78379454926624,53,0,3023.5,3053.5,3042.25,3012.25,1901.3799999999999,1951.3799999999999
38,116,3062.875,1926.3799999999999,59.64499999999998,36,0,3053.5,3083.5,3072.25,3042.25,1901.3799999999999,1951.3799999999999
38,117,3092.875,1926.3799999999999,53.58033333333333,30,0,3083.5,3113.5,3102.25,3072.25,1901.3799999999999,1951.3799999999999
38,118,3122.875,1926.3799999999999,49.395238095238106,42,0,3113.5,3143.5,3132.25,3102.25,1901.3799999999999,1951.3799999999999
38,119,3152.875,1926.3799999999999,45.254000000000005,50,0,3143.5,3173.5,3162.25,3132.25,1901.3799999999999,1951.3799999999999
38,120,3182.875,1926.3799999999999,42.516976744186046,43,0,3173.5,3203.5,3192.25,3162.25,1901.3799999999999,1951.3799999999999
38,121,3212.875,1926.3799999999999,44.19452380952381,42,0,3203.5,3233.5,3222.25,3192.25,1901.3799999999999,1951.3799999999999
38,122,3242.875,1926.3799999999999,42.78954545454545,44,0,3233.5,3263.5,3252.25,3222.25,1901.3799999999999,1951.3799999999999
38,123,3272.875,1926.3799999999999,46.51921052631579,38,0,3263.5,3293.5,3282.25,3252.25,1901.3799999999999,1951.3799999999999
38,124,3302.875,1926.3799999999999,51.20615384615384,26,0,3293.5,3323.5,3312.25,3282.25,1901.3799999999999,1951.3799999999999
38,125,3332.875,1926.3799999999999,47.119499999999995,40,0,3323.5,3353.5,3342.25,3312.25,1901.3799999999999,1951.3799999999999
38,126,3362.875,1926.3799999999999,47.46938775510204,49,0,3353.5,3383.5,3372.25,3342.25,1901.3799999999999,1951.3799999999999
38,127,3392.875,1926.3799999999999,55.095000000000006,32,0,3383.5,3413.5,3402.25,3372.25,1901.3799999999999,1951.3799999999999
38,128,3422.875,1926.3799999999999,55.54066666666666,30,0,3413.5,3443.5,3432.25,3402.25,1901.3799999999999,1951.3799999999999
38,129,3452.875,1926.3799999999999,54.36310344827586,29,0,3443.5,3473.5,3462.25,3432.25,1901.3799999999999,1951.3799999999999
38,130,3482.875,1926.3799999999999,49.38871794871794,39,0,3473.5,3503.5,3492.25,3462.25,1901.3799999999999,1951.3799999999999
38,131,3512.875,1926.3799999999999,48.025,38,0,3503.5,3533.5,3522.25,3492.25,1901.3799999999999,1951.3799999999999
38,132,3542.875,1926.3799999999999,41.8751724137931,29,0,3533.5,3563.5,3552.25,3522.25,1901.3799999999999,1951.3799999999999
38,133,3572.875,1926.3799999999999,37.10891304347825,46,0,3563.5,3593.5,3582.25,3552.25,1901.3799999999999,1951.3799999999999
38,134,3602.875,1926.3799999999999,38.55531914893617,47,0,3593.5,3623.5,3612.25,3582.25,1901.3799999999999,1951.3799999999999
38,135,3632.875,1926.3799999999999,44.26595744680852,47,0,3623.5,3653.5,3642.25,3612.25,1901.3799999999999,1951.3799999999999
38,136,3662.875,1926.3799999999999,47.36054054054054,37,0,3653.5,3683.5,3672.25,3642.25,1901.3799999999999,1951.3799999999999
38,137,3692.875,1926.3799999999999,50.780000000000015,29,0,3683.5,3713.5,3702.25,3672.25,1901.3799999999999,1951.3799999999999
38,138,3722.875,1926.3799999999999,54.361612903225826,31,0,3713.5,3743.5,3732.25,3702.25,1901.3799999999999,1951.3799999999999
38,139,3752.875,1926.3799999999999,51.64205128205129,39,0,3743.5,3773.5,3762.25,3732.25,1901.3799999999999,1951.3799999999999
38,140,3782.875,1926.3799999999999,54.76333333333335,30,0,3773.5,3803.5,3792.25,3762.25,1901.3799999999999,1951.3799999999999
38,141,3812.875,1926.3799999999999,58.57714285714286,7,0,3803.5,3833.5,3822.25,3792.25,1901.3799999999999,1951.3799999999999
38,142,3842.875,1926.3799999999999,,0,0,3833.5,3863.5,3852.25,3822.25,1901.3799999999999,1951.3799999999999
39,14,-8.375,1976.3799999999999,69.19,3,0,-17.75,12.25,1.0,-29.0,1951.3799999999999,2001.3799999999999
39,15,21.625,1976.3799999999999,69.93769230769232,13,0,12.25,42.25,31.0,1.0,1951.3799999999999,2001.3799999999999
39,16,51.625,1976.3799999999999,73.32521739130435,23,0,42.25,72.25,61.0,31.0,1951.3799999999999,2001.3799999999999
39,17,81.625,1976.3799999999999,77.57533333333332,15,0,72.25,102.25,91.0,61.0,1951.3799999999999,2001.3799999999999
39,18,111.625,1976.3799999999999,71.35673202614377,17,0,102.25,132.25,121.0,91.0,1951.3799999999999,2001.3799999999999
39,19,141.625,1976.3799999999999,65.95064516129031,31,0,132.25,162.25,151.0,121.0,1951.3799999999999,2001.3799999999999
39,20,171.625,1976.3799999999999,64.1224,25,0,162.25,192.25,181.0,151.0,1951.3799999999999,2001.3799999999999
39,21,201.625,1976.3799999999999,62.643333333333324,30,0,192.25,222.25,211.0,181.0,1951.3799999999999,2001.3799999999999
39,22,231.625,1976.3799999999999,73.08892857142857,28,0,222.25,252.25,241.0,211.0,1951.3799999999999,2001.3799999999999
39,23,261.625,1976.3799999999999,66.14864864864863,37,0,252.25,282.25,271.0,241.0,1951.3799999999999,2001.3799999999999
39,24,291.625,1976.3799999999999,66.04333333333334,27,0,282.25,312.25,301.0,271.0,1951.3799999999999,2001.3799999999999
39,25,321.625,1976.3799999999999,67.00111111111111,18,0,312.25,342.25,331.0,301.0,1951.3799999999999,2001.3799999999999
39,26,351.625,1976.3799999999999,70.60384615384615,13,0,342.25,372.25,361.0,331.0,1951.3799999999999,2001.3799999999999
39,27,381.625,1976.3799999999999,70.78045454545453,22,0,372.25,402.25,391.0,361.0,1951.3799999999999,2001.3799999999999
39,28,411.625,1976.3799999999999,66.34444444444445,27,0,402.25,432.25,421.0,391.0,1951.3799999999999,2001.3799999999999
39,29,441.625,1976.3799999999999,57.94649999999999,40,0,432.25,462.25,451.0,421.0,1951.3799999999999,2001.3799999999999
39,30,471.625,1976.3799999999999,58.322333333333326,30,0,462.25,492.25,481.0,451.0,1951.3799999999999,2001.3799999999999
39,31,501.625,1976.3799999999999,54.591282051282036,39,0,492.25,522.25,511.0,481.0,1951.3799999999999,2001.3799999999999
39,32,531.625,1976.3799999999999,75.05000000000001,18,0,522.25,552.25,541.0,511.0,1951.3799999999999,2001.3799999999999
39,33,561.625,1976.3799999999999,68.07333333333334,21,0,552.25,582.25,571.0,541.0,1951.3799999999999,2001.3799999999999
39,34,591.625,1976.3799999999999,61.84344827586208,29,0,582.25,612.25,601.0,571.0,1951.3799999999999,2001.3799999999999
39,35,621.625,1976.3799999999999,73.11782608695653,23,0,612.25,642.25,631.0,601.0,1951.3799999999999,2001.3799999999999
39,36,651.625,1976.3799999999999,68.37521739130435,23,0,642.25,672.25,661.0,631.0,1951.3799999999999,2001.3799999999999
39,37,681.625,1976.3799999999999,63.4872,25,0,672.25,702.25,691.0,661.0,1951.3799999999999,2001.3799999999999
39,38,711.625,1976.3799999999999,54.22805555555554,36,0,702.25,732.25,721.0,691.0,1951.3799999999999,2001.3799999999999
39,39,741.625,1976.3799999999999,62.42108108108108,37,0,732.25,762.25,751.0,721.0,1951.3799999999999,2001.3799999999999
39,40,771.625,1976.3799999999999,61.360000000000014,26,0,762.25,792.25,781.0,751.0,1951.3799999999999,2001.3799999999999
39,41,801.625,1976.3799999999999,58.60846153846152,39,0,792.25,822.25,811.0,781.0,1951.3799999999999,2001.3799999999999
39,42,831.625,1976.3799999999999,51.46707317073171,41,0,822.25,852.25,841.0,811.0,1951.3799999999999,2001.3799999999999
39,43,861.625,1976.3799999999999,50.16181818181818,44,0,852.25,882.25,871.0,841.0,1951.3799999999999,2001.3799999999999
39,44,891.625,1976.3799999999999,48.2557142857143,42,0,882.25,912.25,901.0,871.0,1951.3799999999999,2001.3799999999999
39,45,921.625,1976.3799999999999,48.74125,40,0,912.25,942.25,931.0,901.0,1951.3799999999999,2001.3799999999999
39,46,951.625,1976.3799999999999,58.53666666666668,27,0,942.25,972.25,961.0,931.0,1951.3799999999999,2001.3799999999999
39,47,981.625,1976.3799999999999,53.17170212765957,47,0,972.25,1002.25,991.0,961.0,1951.3799999999999,2001.3799999999999
39,48,1011.625,1976.3799999999999,58.18419354838711,31,0,1002.25,1032.25,1021.0,991.0,1951.3799999999999,2001.3799999999999
39,49,1041.625,1976.3799999999999,67.4608695652174,23,0,1032.25,1062.25,1051.0,1021.0,1951.3799999999999,2001.3799999999999
39,50,1071.625,1976.3799999999999,60.72959999999999,25,0,1062.25,1092.25,1081.0,1051.0,1951.3799999999999,2001.3799999999999
39,51,1101.625,1976.3799999999999,64.365,28,0,1092.25,1122.25,1111.0,1081.0,1951.3799999999999,2001.3799999999999
39,52,1131.625,1976.3799999999999,60.24961538461538,26,0,1122.25,1152.25,1141.0,1111.0,1951.3799999999999,2001.3799999999999
39,53,1161.625,1976.3799999999999,62.83387096774192,31,0,1152.25,1182.25,1171.0,1141.0,1951.3799999999999,2001.3799999999999
39,54,1191.625,1976.3799999999999,61.187297297297306,37,0,1182.25,1212.25,1201.0,1171.0,1951.3799999999999,2001.3799999999999
39,55,1221.625,1976.3799999999999,66.17925925925925,27,0,1212.25,1242.25,1231.0,1201.0,1951.3799999999999,2001.3799999999999
39,56,1251.625,1976.3799999999999,64.36516129032258,31,0,1242.25,1272.25,1261.0,1231.0,1951.3799999999999,2001.3799999999999
39,57,1281.625,1976.3799999999999,68.4536,25,0,1272.25,1302.25,1291.0,1261.0,1951.3799999999999,2001.3799999999999
39,58,1311.625,1976.3799999999999,69.88142857142857,14,0,1302.25,1332.25,1321.0,1291.0,1951.3799999999999,2001.3799999999999
39,59,1341.625,1976.3799999999999,60.762647058823525,34,0,1332.25,1362.25,1351.0,1321.0,1951.3799999999999,2001.3799999999999
39,60,1371.625,1976.3799999999999,64.00652173913045,23,0,1362.25,1392.25,1381.0,1351.0,1951.3799999999999,2001.3799999999999
39,61,1401.625,1976.3799999999999,70.7623076923077,13,0,1392.25,1422.25,1411.0,1381.0,1951.3799999999999,2001.3799999999999
39,62,1431.625,1976.3799999999999,66.26321428571427,32,0,1422.25,1452.25,1441.0,1411.0,1951.3799999999999,2001.3799999999999
39,63,1461.625,1976.3799999999999,70.842,10,0,1452.25,1482.25,1471.0,1441.0,1951.3799999999999,2001.3799999999999
39,64,1491.625,1976.3799999999999,64.80857142857143,7,0,1482.25,1512.25,1501.0,1471.0,1951.3799999999999,2001.3799999999999
39,65,1521.625,1976.3799999999999,53.51195652173914,46,0,1512.25,1542.25,1531.0,1501.0,1951.3799999999999,2001.3799999999999
39,66,1551.625,1976.3799999999999,54.457346938775515,49,0,1542.25,1572.25,1561.0,1531.0,1951.3799999999999,2001.3799999999999
39,67,1581.625,1976.3799999999999,52.99595744680851,47,0,1572.25,1602.25,1591.0,1561.0,1951.3799999999999,2001.3799999999999
39,68,1611.625,1976.3799999999999,46.23531250000001,64,0,1602.25,1632.25,1621.0,1591.0,1951.3799999999999,2001.3799999999999
39,69,1641.625,1976.3799999999999,51.572601010100996,44,0,1632.25,1662.25,1651.0,1621.0,1951.3799999999999,2001.3799999999999
39,70,1671.625,1976.3799999999999,57.721075268817195,31,0,1662.25,1692.25,1681.0,1651.0,1951.3799999999999,2001.3799999999999
39,71,1701.625,1976.3799999999999,55.00272727272726,33,0,1692.25,1722.25,1711.0,1681.0,1951.3799999999999,2001.3799999999999
39,72,1731.625,1976.3799999999999,58.27911764705881,34,0,1722.25,1752.25,1741.0,1711.0,1951.3799999999999,2001.3799999999999
39,73,1761.625,1976.3799999999999,63.92045454545453,22,0,1752.25,1782.25,1771.0,1741.0,1951.3799999999999,2001.3799999999999
39,74,1791.625,1976.3799999999999,59.09862068965518,29,0,1782.25,1812.25,1801.0,1771.0,1951.3799999999999,2001.3799999999999
39,75,1821.625,1976.3799999999999,60.064545454545446,22,0,1812.25,1842.25,1831.0,1801.0,1951.3799999999999,2001.3799999999999
39,76,1851.625,1976.3799999999999,60.6378125,32,0,1842.25,1872.25,1861.0,1831.0,1951.3799999999999,2001.3799999999999
39,77,1881.625,1976.3799999999999,55.021072796934874,29,0,1872.25,1902.25,1891.0,1861.0,1951.3799999999999,2001.3799999999999
39,78,1911.625,1976.3799999999999,53.231737891737886,39,0,1902.25,1932.25,1921.0,1891.0,1951.3799999999999,2001.3799999999999
39,79,1941.625,1976.3799999999999,51.19600000000002,35,0,1932.25,1962.25,1951.0,1921.0,1951.3799999999999,2001.3799999999999
39,80,1971.625,1976.3799999999999,46.27756756756757,37,0,1962.25,1992.25,1981.0,1951.0,1951.3799999999999,2001.3799999999999
39,81,2001.625,1976.3799999999999,40.44559322033899,59,0,1992.25,2022.25,2011.0,1981.0,1951.3799999999999,2001.3799999999999
39,82,2031.625,1976.3799999999999,47.08934782608695,46,0,2022.25,2052.25,2041.0,2011.0,1951.3799999999999,2001.3799999999999
39,83,2061.625,1976.3799999999999,54.227631578947374,38,0,2052.25,2082.25,2071.0,2041.0,1951.3799999999999,2001.3799999999999
39,84,2091.625,1976.3799999999999,50.53307692307692,39,0,2082.25,2112.25,2101.0,2071.0,1951.3799999999999,2001.3799999999999
39,85,2121.625,1976.3799999999999,51.25139534883718,43,0,2112.25,2142.25,2131.0,2101.0,1951.3799999999999,2001.3799999999999
39,86,2151.625,1976.3799999999999,50.782954545454544,44,0,2142.25,2172.25,2161.0,2131.0,1951.3799999999999,2001.3799999999999
39,87,2181.625,1976.3799999999999,57.99333333333334,33,0,2172.25,2202.25,2191.0,2161.0,1951.3799999999999,2001.3799999999999
39,88,2211.625,1976.3799999999999,51.427317073170734,41,0,2202.25,2232.25,2221.0,2191.0,1951.3799999999999,2001.3799999999999
39,89,2241.625,1976.3799999999999,60.291515151515156,33,0,2232.25,2262.25,2251.0,2221.0,1951.3799999999999,2001.3799999999999
39,90,2271.625,1976.3799999999999,50.347747747747746,37,0,2262.25,2292.25,2281.0,2251.0,1951.3799999999999,2001.3799999999999
39,91,2301.625,1976.3799999999999,45.91107142857143,44,0,2292.25,2322.25,2311.0,2281.0,1951.3799999999999,2001.3799999999999
39,92,2331.625,1976.3799999999999,52.92524999999999,40,0,2322.25,2352.25,2341.0,2311.0,1951.3799999999999,2001.3799999999999
39,93,2361.625,1976.3799999999999,51.66828571428573,35,0,2352.25,2382.25,2371.0,2341.0,1951.3799999999999,2001.3799999999999
39,94,2391.625,1976.3799999999999,44.56307692307693,39,0,2382.25,2412.25,2401.0,2371.0,1951.3799999999999,2001.3799999999999
39,95,2421.625,1976.3799999999999,42.21095238095238,42,0,2412.25,2442.25,2431.0,2401.0,1951.3799999999999,2001.3799999999999
39,96,2451.625,1976.3799999999999,47.553962264150954,53,0,2442.25,2472.25,2461.0,2431.0,1951.3799999999999,2001.3799999999999
39,97,2481.625,1976.3799999999999,46.01152173913043,46,0,2472.25,2502.25,2491.0,2461.0,1951.3799999999999,2001.3799999999999
39,98,2511.625,1976.3799999999999,47.316666666666684,42,0,2502.25,2532.25,2521.0,2491.0,1951.3799999999999,2001.3799999999999
39,99,2541.625,1976.3799999999999,47.086388888888884,36,0,2532.25,2562.25,2551.0,2521.0,1951.3799999999999,2001.3799999999999
39,100,2571.625,1976.3799999999999,51.53882352941176,17,0,2562.25,2592.25,2581.0,2551.0,1951.3799999999999,2001.3799999999999
39,101,2601.625,1976.3799999999999,47.00800000000002,55,0,2592.25,2622.25,2611.0,2581.0,1951.3799999999999,2001.3799999999999
39,102,2631.625,1976.3799999999999,48.07694444444445,36,0,2622.25,2652.25,2641.0,2611.0,1951.3799999999999,2001.3799999999999
39,103,2661.625,1976.3799999999999,46.649729729729735,37,0,2652.25,2682.25,2671.0,2641.0,1951.3799999999999,2001.3799999999999
39,104,2691.625,1976.3799999999999,45.111020408163256,49,0,2682.25,2712.25,2701.0,2671.0,1951.3799999999999,2001.3799999999999
39,105,2721.625,1976.3799999999999,49.273333333333326,39,0,2712.25,2742.25,2731.0,2701.0,1951.3799999999999,2001.3799999999999
39,106,2751.625,1976.3799999999999,46.15058823529411,51,0,2742.25,2772.25,2761.0,2731.0,1951.3799999999999,2001.3799999999999
39,107,2781.625,1976.3799999999999,49.91209302325581,43,0,2772.25,2802.25,2791.0,2761.0,1951.3799999999999,2001.3799999999999
39,108,2811.625,1976.3799999999999,51.96975000000002,40,0,2802.25,2832.25,2821.0,2791.0,1951.3799999999999,2001.3799999999999
39,109,2841.625,1976.3799999999999,47.34024999999999,40,0,2832.25,2862.25,2851.0,2821.0,1951.3799999999999,2001.3799999999999
39,110,2871.625,1976.3799999999999,48.21725,40,0,2862.25,2892.25,2881.0,2851.0,1951.3799999999999,2001.3799999999999
39,111,2901.625,1976.3799999999999,55.87,24,0,2892.25,2922.25,2911.0,2881.0,1951.3799999999999,2001.3799999999999
39,112,2931.625,1976.3799999999999,51.17450000000001,40,0,2922.25,2952.25,2941.0,2911.0,1951.3799999999999,2001.3799999999999
39,113,2961.625,1976.3799999999999,49.75733333333332,45,0,2952.25,2982.25,2971.0,2941.0,1951.3799999999999,2001.3799999999999
39,114,2991.625,1976.3799999999999,47.06212121212121,33,0,2982.25,3012.25,3001.0,2971.0,1951.3799999999999,2001.3799999999999
39,115,3021.625,1976.3799999999999,43.35156862745099,51,0,3012.25,3042.25,3031.0,3001.0,1951.3799999999999,2001.3799999999999
39,116,3051.625,1976.3799999999999,48.42875,48,0,3042.25,3072.25,3061.0,3031.0,1951.3799999999999,2001.3799999999999
39,117,3081.625,1976.3799999999999,55.35249999999999,36,0,3072.25,3102.25,3091.0,3061.0,1951.3799999999999,2001.3799999999999
39,118,3111.625,1976.3799999999999,51.91575757575758,33,0,3102.25,3132.25,3121.0,3091.0,1951.3799999999999,2001.3799999999999
39,119,3141.625,1976.3799999999999,46.604583333333345,48,0,3132.25,3162.25,3151.0,3121.0,1951.3799999999999,2001.3799999999999
39,120,3171.625,1976.3799999999999,35.510491803278704,61,0,3162.25,3192.25,3181.0,3151.0,1951.3799999999999,2001.3799999999999
39,121,3201.625,1976.3799999999999,41.73820512820514,39,0,3192.25,3222.25,3211.0,3181.0,1951.3799999999999,2001.3799999999999
39,122,3231.625,1976.3799999999999,40.28964285714286,56,0,3222.25,3252.25,3241.0,3211.0,1951.3799999999999,2001.3799999999999
39,123,3261.625,1976.3799999999999,38.03037037037038,54,0,3252.25,3282.25,3271.0,3241.0,1951.3799999999999,2001.3799999999999
39,124,3291.625,1976.3799999999999,34.79405405405405,37,0,3282.25,3312.25,3301.0,3271.0,1951.3799999999999,2001.3799999999999
39,125,3321.625,1976.3799999999999,47.83875,40,0,3312.25,3342.25,3331.0,3301.0,1951.3799999999999,2001.3799999999999
39,126,3351.625,1976.3799999999999,45.73510638297873,47,0,3342.25,3372.25,3361.0,3331.0,1951.3799999999999,2001.3799999999999
39,127,3381.625,1976.3799999999999,48.577291666666675,48,0,3372.25,3402.25,3391.0,3361.0,1951.3799999999999,2001.3799999999999
39,128,3411.625,1976.3799999999999,54.87233333333333,30,0,3402.25,3432.25,3421.0,3391.0,1951.3799999999999,2001.3799999999999
39,129,3441.625,1976.3799999999999,51.89821428571429,28,0,3432.25,3462.25,3451.0,3421.0,1951.3799999999999,2001.3799999999999
39,130,3471.625,1976.3799999999999,52.30230769230769,39,0,3462.25,3492.25,3481.0,3451.0,1951.3799999999999,2001.3799999999999
39,131,3501.625,1976.3799999999999,46.89325581395348,43,0,3492.25,3522.25,3511.0,3481.0,1951.3799999999999,2001.3799999999999
39,132,3531.625,1976.3799999999999,47.5560606060606,33,0,3522.25,3552.25,3541.0,3511.0,1951.3799999999999,2001.3799999999999
39,133,3561.625,1976.3799999999999,41.86775000000001,40,0,3552.25,3582.25,3571.0,3541.0,1951.3799999999999,2001.3799999999999
39,134,3591.625,1976.3799999999999,39.06098039215687,51,0,3582.25,3612.25,3601.0,3571.0,1951.3799999999999,2001.3799999999999
39,135,3621.625,1976.3799999999999,37.31377358490567,53,0,3612.25,3642.25,3631.0,3601.0,1951.3799999999999,2001.3799999999999
39,136,3651.625,1976.3799999999999,47.635714285714286,49,0,3642.25,3672.25,3661.0,3631.0,1951.3799999999999,2001.3799999999999
39,137,3681.625,1976.3799999999999,46.014318181818176,44,0,3672.25,3702.25,3691.0,3661.0,1951.3799999999999,2001.3799999999999
39,138,3711.625,1976.3799999999999,50.387027027027024,37,0,3702.25,3732.25,3721.0,3691.0,1951.3799999999999,2001.3799999999999
39,139,3741.625,1976.3799999999999,54.50774193548387,31,0,3732.25,3762.25,3751.0,3721.0,1951.3799999999999,2001.3799999999999
39,140,3771.625,1976.3799999999999,46.86208333333334,48,0,3762.25,3792.25,3781.0,3751.0,1951.3799999999999,2001.3799999999999
39,141,3801.625,1976.3799999999999,57.73157894736841,19,0,3792.25,3822.25,3811.0,3781.0,1951.3799999999999,2001.3799999999999
39,142,3831.625,1976.3799999999999,54.120000000000005,2,0,3822.25,3852.25,3841.0,3811.0,1951.3799999999999,2001.3799999999999
40,15,10.375,2026.3799999999997,66.34625000000001,8,0,1.0,31.0,19.75,-10.25,2001.3799999999999,2051.3799999999997
40,16,40.375,2026.3799999999997,67.7251724137931,29,0,31.0,61.0,49.75,19.75,2001.3799999999999,2051.3799999999997
40,17,70.375,2026.3799999999997,75.54368421052632,19,0,61.0,91.0,79.75,49.75,2001.3799999999999,2051.3799999999997
40,18,100.375,2026.3799999999997,72.82466666666666,15,0,91.0,121.0,109.75,79.75,2001.3799999999999,2051.3799999999997
40,19,130.375,2026.3799999999997,62.89884615384615,26,0,121.0,151.0,139.75,109.75,2001.3799999999999,2051.3799999999997
40,20,160.375,2026.3799999999997,63.37318181818181,22,0,151.0,181.0,169.75,139.75,2001.3799999999999,2051.3799999999997
40,21,190.375,2026.3799999999997,59.951714285714296,35,0,181.0,211.0,199.75,169.75,2001.3799999999999,2051.3799999999997
40,22,220.375,2026.3799999999997,66.38357142857144,28,0,211.0,241.0,229.75,199.75,2001.3799999999999,2051.3799999999997
40,23,250.375,2026.3799999999997,63.963750000000005,40,0,241.0,271.0,259.75,229.75,2001.3799999999999,2051.3799999999997
40,24,280.375,2026.3799999999997,62.45176470588234,34,0,271.0,301.0,289.75,259.75,2001.3799999999999,2051.3799999999997
40,25,310.375,2026.3799999999997,62.7808,25,0,301.0,331.0,319.75,289.75,2001.3799999999999,2051.3799999999997
40,26,340.375,2026.3799999999997,66.12875000000001,16,0,331.0,361.0,349.75,319.75,2001.3799999999999,2051.3799999999997
40,27,370.375,2026.3799999999997,69.20352941176472,17,0,361.0,391.0,379.75,349.75,2001.3799999999999,2051.3799999999997
40,28,400.375,2026.3799999999997,62.96863636363637,22,0,391.0,421.0,409.75,379.75,2001.3799999999999,2051.3799999999997
40,29,430.375,2026.3799999999997,61.220243902439016,41,0,421.0,451.0,439.75,409.75,2001.3799999999999,2051.3799999999997
40,30,460.375,2026.3799999999997,53.997,40,0,451.0,481.0,469.75,439.75,2001.3799999999999,2051.3799999999997
40,31,490.375,2026.3799999999997,53.6130303030303,33,0,481.0,511.0,499.75,469.75,2001.3799999999999,2051.3799999999997
40,32,520.375,2026.3799999999997,61.802500000000016,28,0,511.0,541.0,529.75,499.75,2001.3799999999999,2051.3799999999997
40,33,550.375,2026.3799999999997,66.40578947368421,19,0,541.0,571.0,559.75,529.75,2001.3799999999999,2051.3799999999997
40,34,580.375,2026.3799999999997,58.05607142857142,28,0,571.0,601.0,589.75,559.75,2001.3799999999999,2051.3799999999997
40,35,610.375,2026.3799999999997,67.64367187500001,32,0,601.0,631.0,619.75,589.75,2001.3799999999999,2051.3799999999997
40,36,640.375,2026.3799999999997,65.37600000000002,25,0,631.0,661.0,649.75,619.75,2001.3799999999999,2051.3799999999997
40,37,670.375,2026.3799999999997,62.004,35,0,661.0,691.0,679.75,649.75,2001.3799999999999,2051.3799999999997
40,38,700.375,2026.3799999999997,55.34031249999999,32,0,691.0,721.0,709.75,679.75,2001.3799999999999,2051.3799999999997
40,39,730.375,2026.3799999999997,54.3805,40,0,721.0,751.0,739.75,709.75,2001.3799999999999,2051.3799999999997
40,40,760.375,2026.3799999999997,57.46675675675676,37,0,751.0,781.0,769.75,739.75,2001.3799999999999,2051.3799999999997
40,41,790.375,2026.3799999999997,58.998684210526314,38,0,781.0,811.0,799.75,769.75,2001.3799999999999,2051.3799999999997
40,42,820.375,2026.3799999999997,54.613529411764695,34,0,811.0,841.0,829.75,799.75,2001.3799999999999,2051.3799999999997
40,43,850.375,2026.3799999999997,46.67509433962264,53,0,841.0,871.0,859.75,829.75,2001.3799999999999,2051.3799999999997
40,44,880.375,2026.3799999999997,44.75281249999999,32,0,871.0,901.0,889.75,859.75,2001.3799999999999,2051.3799999999997
40,45,910.375,2026.3799999999997,45.410625,48,0,901.0,931.0,919.75,889.75,2001.3799999999999,2051.3799999999997
40,46,940.375,2026.3799999999997,49.622045454545464,44,0,931.0,961.0,949.75,919.75,2001.3799999999999,2051.3799999999997
40,47,970.375,2026.3799999999997,52.827777777777776,36,0,961.0,991.0,979.75,949.75,2001.3799999999999,2051.3799999999997
40,48,1000.375,2026.3799999999997,51.20480000000001,50,0,991.0,1021.0,1009.75,979.75,2001.3799999999999,2051.3799999999997
40,49,1030.375,2026.3799999999997,59.25935483870966,31,0,1021.0,1051.0,1039.75,1009.75,2001.3799999999999,2051.3799999999997
40,50,1060.375,2026.3799999999997,59.14392857142856,28,0,1051.0,1081.0,1069.75,1039.75,2001.3799999999999,2051.3799999999997
40,51,1090.375,2026.3799999999997,59.734571428571414,35,0,1081.0,1111.0,1099.75,1069.75,2001.3799999999999,2051.3799999999997
40,52,1120.375,2026.3799999999997,61.50333333333333,24,0,1111.0,1141.0,1129.75,1099.75,2001.3799999999999,2051.3799999999997
40,53,1150.375,2026.3799999999997,58.94709677419355,31,0,1141.0,1171.0,1159.75,1129.75,2001.3799999999999,2051.3799999999997
40,54,1180.375,2026.3799999999997,58.39261904761904,42,0,1171.0,1201.0,1189.75,1159.75,2001.3799999999999,2051.3799999999997
40,55,1210.375,2026.3799999999997,61.495925925925924,27,0,1201.0,1231.0,1219.75,1189.75,2001.3799999999999,2051.3799999999997
40,56,1240.375,2026.3799999999997,62.25971428571429,35,0,1231.0,1261.0,1249.75,1219.75,2001.3799999999999,2051.3799999999997
40,57,1270.375,2026.3799999999997,62.754193548387086,31,0,1261.0,1291.0,1279.75,1249.75,2001.3799999999999,2051.3799999999997
40,58,1300.375,2026.3799999999997,68.39277777777778,18,0,1291.0,1321.0,1309.75,1279.75,2001.3799999999999,2051.3799999999997
40,59,1330.375,2026.3799999999997,62.591379310344834,29,0,1321.0,1351.0,1339.75,1309.75,2001.3799999999999,2051.3799999999997
40,60,1360.375,2026.3799999999997,57.92999999999999,37,0,1351.0,1381.0,1369.75,1339.75,2001.3799999999999,2051.3799999999997
40,61,1390.375,2026.3799999999997,68.17785714285715,14,0,1381.0,1411.0,1399.75,1369.75,2001.3799999999999,2051.3799999999997
40,62,1420.375,2026.3799999999997,64.00677419354838,31,0,1411.0,1441.0,1429.75,1399.75,2001.3799999999999,2051.3799999999997
40,63,1450.375,2026.3799999999997,63.57434782608696,23,0,1441.0,1471.0,1459.75,1429.75,2001.3799999999999,2051.3799999999997
40,64,1480.375,2026.3799999999997,65.64666666666666,9,0,1471.0,1501.0,1489.75,1459.75,2001.3799999999999,2051.3799999999997
40,65,1510.375,2026.3799999999997,54.42171428571429,35,0,1501.0,1531.0,1519.75,1489.75,2001.3799999999999,2051.3799999999997
40,66,1540.375,2026.3799999999997,51.38423076923076,52,0,1531.0,1561.0,1549.75,1519.75,2001.3799999999999,2051.3799999999997
40,67,1570.375,2026.3799999999997,51.905490196078425,51,0,1561.0,1591.0,1579.75,1549.75,2001.3799999999999,2051.3799999999997
40,68,1600.375,2026.3799999999997,44.836999999999996,50,0,1591.0,1621.0,1609.75,1579.75,2001.3799999999999,2051.3799999999997
40,69,1630.375,2026.3799999999997,40.6978947368421,57,0,1621.0,1651.0,1639.75,1609.75,2001.3799999999999,2051.3799999999997
40,70,1660.375,2026.3799999999997,50.5372340425532,47,0,1651.0,1681.0,1669.75,1639.75,2001.3799999999999,2051.3799999999997
40,71,1690.375,2026.3799999999997,55.78518518518518,27,0,1681.0,1711.0,1699.75,1669.75,2001.3799999999999,2051.3799999999997
40,72,1720.375,2026.3799999999997,53.38384615384616,39,0,1711.0,1741.0,1729.75,1699.75,2001.3799999999999,2051.3799999999997
40,73,1750.375,2026.3799999999997,63.257307692307684,26,0,1741.0,1771.0,1759.75,1729.75,2001.3799999999999,2051.3799999999997
40,74,1780.375,2026.3799999999997,56.80611111111112,36,0,1771.0,1801.0,1789.75,1759.75,2001.3799999999999,2051.3799999999997
40,75,1810.375,2026.3799999999997,57.361666666666665,32,0,1801.0,1831.0,1819.75,1789.75,2001.3799999999999,2051.3799999999997
40,76,1840.375,2026.3799999999997,55.50961538461539,26,0,1831.0,1861.0,1849.75,1819.75,2001.3799999999999,2051.3799999999997
40,77,1870.375,2026.3799999999997,58.58833333333333,36,0,1861.0,1891.0,1879.75,1849.75,2001.3799999999999,2051.3799999999997
40,78,1900.375,2026.3799999999997,49.760697674418594,43,0,1891.0,1921.0,1909.75,1879.75,2001.3799999999999,2051.3799999999997
40,79,1930.375,2026.3799999999997,51.865263157894745,38,0,1921.0,1951.0,1939.75,1909.75,2001.3799999999999,2051.3799999999997
40,80,1960.375,2026.3799999999997,48.23967741935484,31,0,1951.0,1981.0,1969.75,1939.75,2001.3799999999999,2051.3799999999997
40,81,1990.375,2026.3799999999997,41.285740740740735,54,0,1981.0,2011.0,1999.75,1969.75,2001.3799999999999,2051.3799999999997
40,82,2020.375,2026.3799999999997,39.2640350877193,57,0,2011.0,2041.0,2029.75,1999.75,2001.3799999999999,2051.3799999999997
40,83,2050.375,2026.3799999999997,47.60022727272728,44,0,2041.0,2071.0,2059.75,2029.75,2001.3799999999999,2051.3799999999997
40,84,2080.375,2026.3799999999997,48.89413043478262,46,0,2071.0,2101.0,2089.75,2059.75,2001.3799999999999,2051.3799999999997
40,85,2110.375,2026.3799999999997,44.46040000000001,50,0,2101.0,2131.0,2119.75,2089.75,2001.3799999999999,2051.3799999999997
40,86,2140.375,2026.3799999999997,46.351960784313725,51,0,2131.0,2161.0,2149.75,2119.75,2001.3799999999999,2051.3799999999997
40,87,2170.375,2026.3799999999997,49.76065217391304,46,0,2161.0,2191.0,2179.75,2149.75,2001.3799999999999,2051.3799999999997
40,88,2200.375,2026.3799999999997,53.19179487179486,39,0,2191.0,2221.0,2209.75,2179.75,2001.3799999999999,2051.3799999999997
40,89,2230.375,2026.3799999999997,51.60733333333333,45,0,2221.0,2251.0,2239.75,2209.75,2001.3799999999999,2051.3799999999997
40,90,2260.375,2026.3799999999997,52.87128205128205,39,0,2251.0,2281.0,2269.75,2239.75,2001.3799999999999,2051.3799999999997
40,91,2290.375,2026.3799999999997,47.31609756097562,41,0,2281.0,2311.0,2299.75,2269.75,2001.3799999999999,2051.3799999999997
40,92,2320.375,2026.3799999999997,48.04645833333333,48,0,2311.0,2341.0,2329.75,2299.75,2001.3799999999999,2051.3799999999997
40,93,2350.375,2026.3799999999997,51.00477272727273,44,0,2341.0,2371.0,2359.75,2329.75,2001.3799999999999,2051.3799999999997
40,94,2380.375,2026.3799999999997,48.450263157894746,38,0,2371.0,2401.0,2389.75,2359.75,2001.3799999999999,2051.3799999999997
40,95,2410.375,2026.3799999999997,41.23869565217392,46,0,2401.0,2431.0,2419.75,2389.75,2001.3799999999999,2051.3799999999997
40,96,2440.375,2026.3799999999997,46.25571428571429,40,0,2431.0,2461.0,2449.75,2419.75,2001.3799999999999,2051.3799999999997
40,97,2470.375,2026.3799999999997,42.69440677966102,59,0,2461.0,2491.0,2479.75,2449.75,2001.3799999999999,2051.3799999999997
40,98,2500.375,2026.3799999999997,46.75367346938775,49,0,2491.0,2521.0,2509.75,2479.75,2001.3799999999999,2051.3799999999997
40,99,2530.375,2026.3799999999997,43.86692307692308,39,0,2521.0,2551.0,2539.75,2509.75,2001.3799999999999,2051.3799999999997
40,100,2560.375,2026.3799999999997,48.456944444444446,36,0,2551.0,2581.0,2569.75,2539.75,2001.3799999999999,2051.3799999999997
40,101,2590.375,2026.3799999999997,45.13866666666667,30,0,2581.0,2611.0,2599.75,2569.75,2001.3799999999999,2051.3799999999997
40,102,2620.375,2026.3799999999997,48.27224489795918,49,0,2611.0,2641.0,2629.75,2599.75,2001.3799999999999,2051.3799999999997
40,103,2650.375,2026.3799999999997,44.9146511627907,43,0,2641.0,2671.0,2659.75,2629.75,2001.3799999999999,2051.3799999999997
40,104,2680.375,2026.3799999999997,43.99893617021277,47,0,2671.0,2701.0,2689.75,2659.75,2001.3799999999999,2051.3799999999997
40,105,2710.375,2026.3799999999997,45.471489361702126,47,0,2701.0,2731.0,2719.75,2689.75,2001.3799999999999,2051.3799999999997
40,106,2740.375,2026.3799999999997,44.64891304347825,46,0,2731.0,2761.0,2749.75,2719.75,2001.3799999999999,2051.3799999999997
40,107,2770.375,2026.3799999999997,46.861509433962276,53,0,2761.0,2791.0,2779.75,2749.75,2001.3799999999999,2051.3799999999997
40,108,2800.375,2026.3799999999997,49.03155555555557,45,0,2791.0,2821.0,2809.75,2779.75,2001.3799999999999,2051.3799999999997
40,109,2830.375,2026.3799999999997,45.393,50,0,2821.0,2851.0,2839.75,2809.75,2001.3799999999999,2051.3799999999997
40,110,2860.375,2026.3799999999997,45.1036842105263,38,0,2851.0,2881.0,2869.75,2839.75,2001.3799999999999,2051.3799999999997
40,111,2890.375,2026.3799999999997,49.775882352941174,34,0,2881.0,2911.0,2899.75,2869.75,2001.3799999999999,2051.3799999999997
40,112,2920.375,2026.3799999999997,50.704054054054055,37,0,2911.0,2941.0,2929.75,2899.75,2001.3799999999999,2051.3799999999997
40,113,2950.375,2026.3799999999997,46.736444444444444,45,0,2941.0,2971.0,2959.75,2929.75,2001.3799999999999,2051.3799999999997
40,114,2980.375,2026.3799999999997,47.30925,40,0,2971.0,3001.0,2989.75,2959.75,2001.3799999999999,2051.3799999999997
40,115,3010.375,2026.3799999999997,45.875306122448976,49,0,3001.0,3031.0,3019.75,2989.75,2001.3799999999999,2051.3799999999997
40,116,3040.375,2026.3799999999997,42.69879310344828,58,0,3031.0,3061.0,3049.75,3019.75,2001.3799999999999,2051.3799999999997
40,117,3070.375,2026.3799999999997,49.5369387755102,49,0,3061.0,3091.0,3079.75,3049.75,2001.3799999999999,2051.3799999999997
40,118,3100.375,2026.3799999999997,50.90564327485379,38,0,3091.0,3121.0,3109.75,3079.75,2001.3799999999999,2051.3799999999997
40,119,3130.375,2026.3799999999997,49.18212765957447,47,0,3121.0,3151.0,3139.75,3109.75,2001.3799999999999,2051.3799999999997
40,120,3160.375,2026.3799999999997,41.132600000000004,50,0,3151.0,3181.0,3169.75,3139.75,2001.3799999999999,2051.3799999999997
40,121,3190.375,2026.3799999999997,35.956842105263156,57,0,3181.0,3211.0,3199.75,3169.75,2001.3799999999999,2051.3799999999997
40,122,3220.375,2026.3799999999997,39.01847826086955,46,0,3211.0,3241.0,3229.75,3199.75,2001.3799999999999,2051.3799999999997
40,123,3250.375,2026.3799999999997,37.83695810564662,61,0,3241.0,3271.0,3259.75,3229.75,2001.3799999999999,2051.3799999999997
40,124,3280.375,2026.3799999999997,31.48244897959185,49,0,3271.0,3301.0,3289.75,3259.75,2001.3799999999999,2051.3799999999997
40,125,3310.375,2026.3799999999997,44.20051282051282,39,0,3301.0,3331.0,3319.75,3289.75,2001.3799999999999,2051.3799999999997
40,126,3340.375,2026.3799999999997,43.33771111111112,50,0,3331.0,3361.0,3349.75,3319.75,2001.3799999999999,2051.3799999999997
40,127,3370.375,2026.3799999999997,43.36470588235293,51,0,3361.0,3391.0,3379.75,3349.75,2001.3799999999999,2051.3799999999997
40,128,3400.375,2026.3799999999997,45.55838274932616,53,0,3391.0,3421.0,3409.75,3379.75,2001.3799999999999,2051.3799999999997
40,129,3430.375,2026.3799999999997,48.71756097560976,41,0,3421.0,3451.0,3439.75,3409.75,2001.3799999999999,2051.3799999999997
40,130,3460.375,2026.3799999999997,52.959117647058825,34,0,3451.0,3481.0,3469.75,3439.75,2001.3799999999999,2051.3799999999997
40,131,3490.375,2026.3799999999997,47.15599999999999,45,0,3481.0,3511.0,3499.75,3469.75,2001.3799999999999,2051.3799999999997
40,132,3520.375,2026.3799999999997,46.58886363636364,44,0,3511.0,3541.0,3529.75,3499.75,2001.3799999999999,2051.3799999999997
40,133,3550.375,2026.3799999999997,43.390882352941176,34,0,3541.0,3571.0,3559.75,3529.75,2001.3799999999999,2051.3799999999997
40,134,3580.375,2026.3799999999997,40.56978723404255,47,0,3571.0,3601.0,3589.75,3559.75,2001.3799999999999,2051.3799999999997
40,135,3610.375,2026.3799999999997,39.526956521739145,46,0,3601.0,3631.0,3619.75,3589.75,2001.3799999999999,2051.3799999999997
40,136,3640.375,2026.3799999999997,40.724500000000006,60,0,3631.0,3661.0,3649.75,3619.75,2001.3799999999999,2051.3799999999997
40,137,3670.375,2026.3799999999997,44.28119999999999,50,0,3661.0,3691.0,3679.75,3649.75,2001.3799999999999,2051.3799999999997
40,138,3700.375,2026.3799999999997,43.19799999999999,40,0,3691.0,3721.0,3709.75,3679.75,2001.3799999999999,2051.3799999999997
40,139,3730.375,2026.3799999999997,50.48900000000002,40,0,3721.0,3751.0,3739.75,3709.75,2001.3799999999999,2051.3799999999997
40,140,3760.375,2026.3799999999997,47.23239795918366,49,0,3751.0,3781.0,3769.75,3739.75,2001.3799999999999,2051.3799999999997
40,141,3790.375,2026.3799999999997,46.3334090909091,44,0,3781.0,3811.0,3799.75,3769.75,2001.3799999999999,2051.3799999999997
40,142,3820.375,2026.3799999999997,54.487222222222236,12,0,3811.0,3841.0,3829.75,3799.75,2001.3799999999999,2051.3799999999997
41,15,2.424624999999935,2061.715,68.39285714285715,2,0,-10.25,19.75,15.09924999999987,-14.90075000000013,2051.3799999999997,2072.05
41,16,32.424624999999935,2061.715,67.69583333333334,6,0,19.75,49.75,45.09924999999987,15.09924999999987,2051.3799999999997,2072.05
41,17,62.424624999999935,2061.715,73.69994708994707,9,0,49.75,79.75,75.09924999999987,45.09924999999987,2051.3799999999997,2072.05
41,18,92.42462499999993,2061.715,76.11107936507938,5,0,79.75,109.75,105.09924999999987,75.09924999999987,2051.3799999999997,2072.05
41,19,122.42462499999993,2061.715,67.08549382716049,9,0,109.75,139.75,135.09924999999987,105.09924999999987,2051.3799999999997,2072.05
41,20,152.42462499999993,2061.715,63.4874126984127,10,0,139.75,169.75,165.09924999999987,135.09924999999987,2051.3799999999997,2072.05
41,21,182.42462499999993,2061.715,60.820386904761904,12,0,169.75,199.75,195.09924999999987,165.09924999999987,2051.3799999999997,2072.05
41,22,212.42462499999993,2061.715,61.85025252525252,11,0,199.75,229.75,225.09924999999987,195.09924999999987,2051.3799999999997,2072.05
41,23,242.42462499999993,2061.715,68.47907142857143,10,0,229.75,259.75,255.09924999999987,225.09924999999987,2051.3799999999997,2072.05
41,24,272.42462499999993,2061.715,63.90878571428571,15,0,259.75,289.75,285.09924999999987,255.09924999999987,2051.3799999999997,2072.05
41,25,302.42462499999993,2061.715,64.73596153846154,13,0,289.75,319.75,315.09924999999987,285.09924999999987,2051.3799999999997,2072.05
41,26,332.42462499999993,2061.715,65.27055555555555,6,0,319.75,349.75,345.09924999999987,315.09924999999987,2051.3799999999997,2072.05
41,27,362.4246249999999,2061.715,68.90571428571428,7,0,349.75,379.75,375.09924999999987,345.09924999999987,2051.3799999999997,2072.05
41,28,392.4246249999999,2061.715,68.04309523809522,10,0,379.75,409.75,405.09924999999987,375.09924999999987,2051.3799999999997,2072.05
41,29,422.4246249999999,2061.715,63.92272222222222,10,0,409.75,439.75,435.09924999999987,405.09924999999987,2051.3799999999997,2072.05
41,30,452.4246249999999,2061.715,57.80468671679199,19,0,439.75,469.75,465.09924999999987,435.09924999999987,2051.3799999999997,2072.05
41,31,482.4246249999999,2061.715,58.668616780045355,14,0,469.75,499.75,495.09924999999987,465.09924999999987,2051.3799999999997,2072.05
41,32,512.4246249999999,2061.715,55.644677579365066,16,0,499.75,529.75,525.0992499999999,495.09924999999987,2051.3799999999997,2072.05
41,33,542.4246249999999,2061.715,69.83999999999999,6,0,529.75,559.75,555.0992499999999,525.0992499999999,2051.3799999999997,2072.05
41,34,572.4246249999999,2061.715,61.034107142857145,12,0,559.75,589.75,585.0992499999999,555.0992499999999,2051.3799999999997,2072.05
41,35,602.4246249999999,2061.715,66.27634920634924,12,0,589.75,619.75,615.0992499999999,585.0992499999999,2051.3799999999997,2072.05
41,36,632.4246249999999,2061.715,67.37708994708993,9,0,619.75,649.75,645.0992499999999,615.0992499999999,2051.3799999999997,2072.05
41,37,662.4246249999999,2061.715,64.53863636363636,11,0,649.75,679.75,675.0992499999999,645.0992499999999,2051.3799999999997,2072.05
41,38,692.4246249999999,2061.715,61.60833333333333,12,0,679.75,709.75,705.0992499999999,675.0992499999999,2051.3799999999997,2072.05
41,39,722.4246249999999,2061.715,53.065555555555555,12,0,709.75,739.75,735.0992499999999,705.0992499999999,2051.3799999999997,2072.05
41,40,752.4246249999999,2061.715,58.613529411764695,17,0,739.75,769.75,765.0992499999999,735.0992499999999,2051.3799999999997,2072.05
41,41,782.4246249999999,2061.715,59.61209595959595,11,0,769.75,799.75,795.0992499999999,765.0992499999999,2051.3799999999997,2072.05
41,42,812.4246249999999,2061.715,58.46491319444444,16,0,799.75,829.75,825.0992499999999,795.0992499999999,2051.3799999999997,2072.05
41,43,842.4246249999999,2061.715,47.13838844797178,18,0,829.75,859.75,855.0992499999999,825.0992499999999,2051.3799999999997,2072.05
41,44,872.4246249999999,2061.715,47.44692810457516,17,0,859.75,889.75,885.0992499999999,855.0992499999999,2051.3799999999997,2072.05
41,45,902.4246249999999,2061.715,48.27984848484848,22,0,889.75,919.75,915.0992499999999,885.0992499999999,2051.3799999999997,2072.05
41,46,932.4246249999999,2061.715,47.0040873015873,14,0,919.75,949.75,945.0992499999999,915.0992499999999,2051.3799999999997,2072.05
41,47,962.4246249999999,2061.715,55.455502645502655,12,0,949.75,979.75,975.0992499999999,945.0992499999999,2051.3799999999997,2072.05
41,48,992.4246249999999,2061.715,50.90061327561327,22,0,979.75,1009.75,1005.0992499999999,975.0992499999999,2051.3799999999997,2072.05
41,49,1022.4246249999999,2061.715,54.7413431013431,13,0,1009.75,1039.75,1035.0992499999998,1005.0992499999999,2051.3799999999997,2072.05
41,50,1052.4246249999999,2061.715,65.23333333333335,10,0,1039.75,1069.75,1065.0992499999998,1035.0992499999998,2051.3799999999997,2072.05
41,51,1082.4246249999999,2061.715,58.784222222222205,10,0,1069.75,1099.75,1095.0992499999998,1065.0992499999998,2051.3799999999997,2072.05
41,52,1112.4246249999999,2061.715,63.225042735042734,13,0,1099.75,1129.75,1125.0992499999998,1095.0992499999998,2051.3799999999997,2072.05
41,53,1142.4246249999999,2061.715,60.70487373737373,11,0,1129.75,1159.75,1155.0992499999998,1125.0992499999998,2051.3799999999997,2072.05
41,54,1172.4246249999999,2061.715,59.055238095238096,14,0,1159.75,1189.75,1185.0992499999998,1155.0992499999998,2051.3799999999997,2072.05
41,55,1202.4246249999999,2061.715,61.24444444444444,13,0,1189.75,1219.75,1215.0992499999998,1185.0992499999998,2051.3799999999997,2072.05
41,56,1232.4246249999999,2061.715,63.98137973137974,13,0,1219.75,1249.75,1245.0992499999998,1215.0992499999998,2051.3799999999997,2072.05
41,57,1262.4246249999999,2061.715,62.476230158730154,16,0,1249.75,1279.75,1275.0992499999998,1245.0992499999998,2051.3799999999997,2072.05
41,58,1292.4246249999999,2061.715,66.07407407407408,9,0,1279.75,1309.75,1305.0992499999998,1275.0992499999998,2051.3799999999997,2072.05
41,59,1322.4246249999999,2061.715,66.45757575757575,11,0,1309.75,1339.75,1335.0992499999998,1305.0992499999998,2051.3799999999997,2072.05
41,60,1352.4246249999999,2061.715,59.5964898989899,11,0,1339.75,1369.75,1365.0992499999998,1335.0992499999998,2051.3799999999997,2072.05
41,61,1382.4246249999997,2061.715,65.62982142857142,8,0,1369.75,1399.75,1395.0992499999998,1365.0992499999998,2051.3799999999997,2072.05
41,62,1412.4246249999997,2061.715,67.37494444444445,10,0,1399.75,1429.75,1425.0992499999998,1395.0992499999998,2051.3799999999997,2072.05
41,63,1442.4246249999997,2061.715,61.64185941043083,14,0,1429.75,1459.75,1455.0992499999998,1425.0992499999998,2051.3799999999997,2072.05
41,64,1472.4246249999997,2061.715,69.084375,4,0,1459.75,1489.75,1485.0992499999998,1455.0992499999998,2051.3799999999997,2072.05
41,65,1502.4246249999997,2061.715,59.46726190476189,7,0,1489.75,1519.75,1515.0992499999998,1485.0992499999998,2051.3799999999997,2072.05
41,66,1532.4246249999997,2061.715,52.47090702947846,21,0,1519.75,1549.75,1545.0992499999998,1515.0992499999998,2051.3799999999997,2072.05
41,67,1562.4246249999997,2061.715,54.36036596119928,18,0,1549.75,1579.75,1575.0992499999998,1545.0992499999998,2051.3799999999997,2072.05
41,68,1592.4246249999997,2061.715,50.039705215419495,21,0,1579.75,1609.75,1605.0992499999998,1575.0992499999998,2051.3799999999997,2072.05
41,69,1622.4246249999997,2061.715,41.76316912972085,29,0,1609.75,1639.75,1635.0992499999998,1605.0992499999998,2051.3799999999997,2072.05
41,70,1652.4246249999997,2061.715,48.81857142857143,16,0,1639.75,1669.75,1665.0992499999998,1635.0992499999998,2051.3799999999997,2072.05
41,71,1682.4246249999997,2061.715,55.77681623931624,13,0,1669.75,1699.75,1695.0992499999998,1665.0992499999998,2051.3799999999997,2072.05
41,72,1712.4246249999997,2061.715,55.094136904761896,20,0,1699.75,1729.75,1725.0992499999998,1695.0992499999998,2051.3799999999997,2072.05
41,73,1742.4246249999997,2061.715,59.17260683760684,13,0,1729.75,1759.75,1755.0992499999998,1725.0992499999998,2051.3799999999997,2072.05
41,74,1772.4246249999997,2061.715,60.8879012345679,9,0,1759.75,1789.75,1785.0992499999998,1755.0992499999998,2051.3799999999997,2072.05
41,75,1802.4246249999997,2061.715,59.89091553287982,14,0,1789.75,1819.75,1815.0992499999998,1785.0992499999998,2051.3799999999997,2072.05
41,76,1832.4246249999997,2061.715,58.15044444444445,5,0,1819.75,1849.75,1845.0992499999998,1815.0992499999998,2051.3799999999997,2072.05
41,77,1862.4246249999997,2061.715,60.54552645502646,15,0,1849.75,1879.75,1875.0992499999998,1845.0992499999998,2051.3799999999997,2072.05
41,78,1892.4246249999997,2061.715,52.51160256410257,13,0,1879.75,1909.75,1905.0992499999998,1875.0992499999998,2051.3799999999997,2072.05
41,79,1922.4246249999997,2061.715,52.65739417989418,18,0,1909.75,1939.75,1935.0992499999998,1905.0992499999998,2051.3799999999997,2072.05
41,80,1952.4246249999997,2061.715,51.68848484848484,11,0,1939.75,1969.75,1965.0992499999998,1935.0992499999998,2051.3799999999997,2072.05
41,81,1982.4246249999997,2061.715,47.256175213675206,13,0,1969.75,1999.75,1995.0992499999998,1965.0992499999998,2051.3799999999997,2072.05
41,82,2012.4246249999997,2061.715,41.10680952380952,25,0,1999.75,2029.75,2025.0992499999998,1995.0992499999998,2051.3799999999997,2072.05
41,83,2042.4246249999997,2061.715,42.5280687830688,21,0,2029.75,2059.75,2055.0992499999998,2025.0992499999998,2051.3799999999997,2072.05
41,84,2072.4246249999997,2061.715,49.309380952380955,20,0,2059.75,2089.75,2085.0992499999998,2055.0992499999998,2051.3799999999997,2072.05
41,85,2102.4246249999997,2061.715,45.74029629629631,15,0,2089.75,2119.75,2115.0992499999998,2085.0992499999998,2051.3799999999997,2072.05
41,86,2132.4246249999997,2061.715,41.318596491228064,19,0,2119.75,2149.75,2145.0992499999998,2115.0992499999998,2051.3799999999997,2072.05
41,87,2162.4246249999997,2061.715,48.7367006802721,21,0,2149.75,2179.75,2175.0992499999998,2145.0992499999998,2051.3799999999997,2072.05
41,88,2192.4246249999997,2061.715,56.41397883597884,15,0,2179.75,2209.75,2205.0992499999998,2175.0992499999998,2051.3799999999997,2072.05
41,89,2222.4246249999997,2061.715,51.26080532212885,17,0,2209.75,2239.75,2235.0992499999998,2205.0992499999998,2051.3799999999997,2072.05
41,90,2252.4246249999997,2061.715,57.75277494331065,14,0,2239.75,2269.75,2265.0992499999998,2235.0992499999998,2051.3799999999997,2072.05
41,91,2282.4246249999997,2061.715,51.08885449735449,15,0,2269.75,2299.75,2295.0992499999998,2265.0992499999998,2051.3799999999997,2072.05
41,92,2312.4246249999997,2061.715,49.91235294117648,17,0,2299.75,2329.75,2325.0992499999998,2295.0992499999998,2051.3799999999997,2072.05
41,93,2342.4246249999997,2061.715,51.08119047619048,14,0,2329.75,2359.75,2355.0992499999998,2325.0992499999998,2051.3799999999997,2072.05
41,94,2372.4246249999997,2061.715,51.35380952380953,12,0,2359.75,2389.75,2385.0992499999998,2355.0992499999998,2051.3799999999997,2072.05
41,95,2402.4246249999997,2061.715,45.65423363095238,16,0,2389.75,2419.75,2415.0992499999998,2385.0992499999998,2051.3799999999997,2072.05
41,96,2432.4246249999997,2061.715,47.354545454545445,11,0,2419.75,2449.75,2445.0992499999998,2415.0992499999998,2051.3799999999997,2072.05
41,97,2462.4246249999997,2061.715,46.11337662337663,22,0,2449.75,2479.75,2475.0992499999998,2445.0992499999998,2051.3799999999997,2072.05
41,98,2492.4246249999997,2061.715,43.812901234567896,18,0,2479.75,2509.75,2505.0992499999998,2475.0992499999998,2051.3799999999997,2072.05
41,99,2522.4246249999997,2061.715,48.62470679012347,18,0,2509.75,2539.75,2535.0992499999998,2505.0992499999998,2051.3799999999997,2072.05
41,100,2552.4246249999997,2061.715,48.16773015873016,15,0,2539.75,2569.75,2565.0992499999998,2535.0992499999998,2051.3799999999997,2072.05
41,101,2582.4246249999997,2061.715,55.13761904761905,6,0,2569.75,2599.75,2595.0992499999998,2565.0992499999998,2051.3799999999997,2072.05
41,102,2612.4246249999997,2061.715,46.17380952380953,25,0,2599.75,2629.75,2625.0992499999998,2595.0992499999998,2051.3799999999997,2072.05
41,103,2642.4246249999997,2061.715,48.07311111111112,15,0,2629.75,2659.75,2655.0992499999998,2625.0992499999998,2051.3799999999997,2072.05
41,104,2672.4246249999997,2061.715,47.508608058608054,13,0,2659.75,2689.75,2685.0992499999998,2655.0992499999998,2051.3799999999997,2072.05
41,105,2702.4246249999997,2061.715,46.30210912698412,20,0,2689.75,2719.75,2715.0992499999998,2685.0992499999998,2051.3799999999997,2072.05
41,106,2732.4246249999997,2061.715,47.23028011204482,17,0,2719.75,2749.75,2745.0992499999998,2715.0992499999998,2051.3799999999997,2072.05
41,107,2762.4246249999997,2061.715,46.44324534161491,23,0,2749.75,2779.75,2775.0992499999998,2745.0992499999998,2051.3799999999997,2072.05
41,108,2792.4246249999997,2061.715,48.23089169000934,17,0,2779.75,2809.75,2805.0992499999998,2775.0992499999998,2051.3799999999997,2072.05
41,109,2822.4246249999997,2061.715,52.224590964590966,13,0,2809.75,2839.75,2835.0992499999998,2805.0992499999998,2051.3799999999997,2072.05
41,110,2852.4246249999997,2061.715,41.78394957983193,17,0,2839.75,2869.75,2865.0992499999998,2835.0992499999998,2051.3799999999997,2072.05
41,111,2882.4246249999997,2061.715,48.05874338624338,18,0,2869.75,2899.75,2895.0992499999998,2865.0992499999998,2051.3799999999997,2072.05
41,112,2912.4246249999997,2061.715,54.530014430014425,11,0,2899.75,2929.75,2925.0992499999998,2895.0992499999998,2051.3799999999997,2072.05
41,113,2942.4246249999997,2061.715,49.105063025210086,17,0,2929.75,2959.75,2955.0992499999998,2925.0992499999998,2051.3799999999997,2072.05
41,114,2972.4246249999997,2061.715,48.6866081871345,19,0,2959.75,2989.75,2985.0992499999998,2955.0992499999998,2051.3799999999997,2072.05
41,115,3002.4246249999997,2061.715,48.75866071428572,16,0,2989.75,3019.75,3015.0992499999998,2985.0992499999998,2051.3799999999997,2072.05
41,116,3032.4246249999997,2061.715,48.25687500000001,20,0,3019.75,3049.75,3045.0992499999998,3015.0992499999998,2051.3799999999997,2072.05
41,117,3062.4246249999997,2061.715,46.45782608695652,23,0,3049.75,3079.75,3075.0992499999998,3045.0992499999998,2051.3799999999997,2072.05
41,118,3092.4246249999997,2061.715,53.936333333333344,15,0,3079.75,3109.75,3105.0992499999998,3075.0992499999998,2051.3799999999997,2072.05
41,119,3122.4246249999997,2061.715,53.67709150326796,17,0,3109.75,3139.75,3135.0992499999998,3105.0992499999998,2051.3799999999997,2072.05
41,120,3152.4246249999997,2061.715,46.323083333333344,20,0,3139.75,3169.75,3165.0992499999998,3135.0992499999998,2051.3799999999997,2072.05
41,121,3182.4246249999997,2061.715,40.047,20,0,3169.75,3199.75,3195.0992499999998,3165.0992499999998,2051.3799999999997,2072.05
41,122,3212.4246249999997,2061.715,40.37583333333333,16,0,3199.75,3229.75,3225.0992499999998,3195.0992499999998,2051.3799999999997,2072.05
41,123,3242.4246249999997,2061.715,40.1890888888889,25,0,3229.75,3259.75,3255.0992499999998,3225.0992499999998,2051.3799999999997,2072.05
41,124,3272.4246249999997,2061.715,41.625828924162256,18,0,3259.75,3289.75,3285.0992499999998,3255.0992499999998,2051.3799999999997,2072.05
41,125,3302.4246249999997,2061.715,41.02138888888889,16,0,3289.75,3319.75,3315.0992499999998,3285.0992499999998,2051.3799999999997,2072.05
41,126,3332.4246249999997,2061.715,43.793253968253964,18,0,3319.75,3349.75,3345.0992499999998,3315.0992499999998,2051.3799999999997,2072.05
41,127,3362.4246249999997,2061.715,47.21404383975812,21,0,3349.75,3379.75,3375.0992499999998,3345.0992499999998,2051.3799999999997,2072.05
41,128,3392.4246249999997,2061.715,41.469935897435896,26,0,3379.75,3409.75,3405.0992499999998,3375.0992499999998,2051.3799999999997,2072.05
41,129,3422.4246249999997,2061.715,48.850111111111104,10,0,3409.75,3439.75,3435.0992499999998,3405.0992499999998,2051.3799999999997,2072.05
41,130,3452.4246249999997,2061.715,52.56334920634921,15,0,3439.75,3469.75,3465.0992499999998,3435.0992499999998,2051.3799999999997,2072.05
41,131,3482.4246249999997,2061.715,52.981241830065365,17,0,3469.75,3499.75,3495.0992499999998,3465.0992499999998,2051.3799999999997,2072.05
41,132,3512.4246249999997,2061.715,48.23538011695907,19,0,3499.75,3529.75,3525.0992499999998,3495.0992499999998,2051.3799999999997,2072.05
41,133,3542.4246249999997,2061.715,49.90814935064936,11,0,3529.75,3559.75,3555.0992499999998,3525.0992499999998,2051.3799999999997,2072.05
41,134,3572.4246249999997,2061.715,42.52710317460317,17,0,3559.75,3589.75,3585.0992499999998,3555.0992499999998,2051.3799999999997,2072.05
41,135,3602.4246249999997,2061.715,43.09894736842105,19,0,3589.75,3619.75,3615.0992499999998,3585.0992499999998,2051.3799999999997,2072.05
41,136,3632.4246249999997,2061.715,41.3887074829932,21,0,3619.75,3649.75,3645.0992499999998,3615.0992499999998,2051.3799999999997,2072.05
41,137,3662.4246249999997,2061.715,44.90534391534393,21,0,3649.75,3679.75,3675.0992499999998,3645.0992499999998,2051.3799999999997,2072.05
41,138,3692.4246249999997,2061.715,43.3837134502924,19,0,3679.75,3709.75,3705.0992499999998,3675.0992499999998,2051.3799999999997,2072.05
41,139,3722.4246249999997,2061.715,48.58897817460317,16,0,3709.75,3739.75,3735.0992499999998,3705.0992499999998,2051.3799999999997,2072.05
41,140,3752.4246249999997,2061.715,53.14184523809524,14,0,3739.75,3769.75,3765.0992499999998,3735.0992499999998,2051.3799999999997,2072.05
41,141,3782.4246249999997,2061.715,46.92296296296295,18,0,3769.75,3799.75,3795.0992499999998,3765.0992499999998,2051.3799999999997,2072.05
41,142,3812.4246249999997,2061.715,54.552,5,0,3799.75,3829.75,3825.0992499999998,3795.0992499999998,2051.3799999999997,2072.05
