space_index,time_index,time_center_s,location_center_m,speed_kmh,sample_count,filled,t_bottom_left_s,t_bottom_right_s,t_top_right_s,t_top_left_s,x_bottom_m,x_top_m
0,0,16.0,28.30000000000009,74.00017094017093,13,0,1.0,31.0,31.0,1.0,3.30000000000009,53.30000000000009
0,1,46.0,28.30000000000009,74.955,8,0,31.0,61.0,61.0,31.0,3.30000000000009,53.30000000000009
0,2,76.0,28.30000000000009,60.94066017316017,33,0,61.0,91.0,91.0,61.0,3.30000000000009,53.30000000000009
0,3,106.0,28.30000000000009,64.1659977324263,28,0,91.0,121.0,121.0,91.0,3.30000000000009,53.30000000000009
0,4,136.0,28.30000000000009,73.8568888888889,20,0,121.0,151.0,151.0,121.0,3.30000000000009,53.30000000000009
0,5,166.0,28.30000000000009,78.749375,12,0,151.0,181.0,181.0,151.0,3.30000000000009,53.30000000000009
0,6,196.0,28.30000000000009,71.46824074074074,27,0,181.0,211.0,211.0,181.0,3.30000000000009,53.30000000000009
0,7,226.0,28.30000000000009,67.47228070175436,19,0,211.0,241.0,241.0,211.0,3.30000000000009,53.30000000000009
0,8,256.0,28.30000000000009,70.64958333333334,16,0,241.0,271.0,271.0,241.0,3.30000000000009,53.30000000000009
0,9,286.0,28.30000000000009,69.17547619047619,14,0,271.0,301.0,301.0,271.0,3.30000000000009,53.30000000000009
0,10,316.0,28.30000000000009,77.83035714285715,8,0,301.0,331.0,331.0,301.0,3.30000000000009,53.30000000000009
0,11,346.0,28.30000000000009,72.01125,8,0,331.0,361.0,361.0,331.0,3.30000000000009,53.30000000000009
0,12,376.0,28.30000000000009,58.437337662337676,22,0,361.0,391.0,391.0,361.0,3.30000000000009,53.30000000000009
0,13,406.0,28.30000000000009,59.95114348370928,38,0,391.0,421.0,421.0,391.0,3.30000000000009,53.30000000000009
0,14,436.0,28.30000000000009,67.87651785714286,24,0,421.0,451.0,451.0,421.0,3.30000000000009,53.30000000000009
0,15,466.0,28.30000000000009,63.96171296296297,24,0,451.0,481.0,481.0,451.0,3.30000000000009,53.30000000000009
0,16,496.0,28.30000000000009,61.77353968253968,35,0,481.0,511.0,511.0,481.0,3.30000000000009,53.30000000000009
0,17,526.0,28.30000000000009,63.88128427128427,22,0,511.0,541.0,541.0,511.0,3.30000000000009,53.30000000000009
0,18,556.0,28.30000000000009,57.10943452380952,36,0,541.0,571.0,571.0,541.0,3.30000000000009,53.30000000000009
0,19,586.0,28.30000000000009,60.68663003663005,26,0,571.0,601.0,601.0,571.0,3.30000000000009,53.30000000000009
0,20,616.0,28.30000000000009,61.985168350168365,33,0,601.0,631.0,631.0,601.0,3.30000000000009,53.30000000000009
0,21,646.0,28.30000000000009,66.55458333333334,18,0,631.0,661.0,661.0,631.0,3.30000000000009,53.30000000000009
0,22,676.0,28.30000000000009,60.03718253968255,28,0,661.0,691.0,691.0,661.0,3.30000000000009,53.30000000000009
0,23,706.0,28.30000000000009,59.49142857142857,38,0,691.0,721.0,721.0,691.0,3.30000000000009,53.30000000000009
0,24,736.0,28.30000000000009,62.63545442908347,31,0,721.0,751.0,751.0,721.0,3.30000000000009,53.30000000000009
0,25,766.0,28.30000000000009,66.1909523809524,18,0,751.0,781.0,781.0,751.0,3.30000000000009,53.30000000000009
0,26,796.0,28.30000000000009,68.92491475602588,27,0,781.0,811.0,811.0,781.0,3.30000000000009,53.30000000000009
0,27,826.0,28.30000000000009,62.759006769374416,34,0,811.0,841.0,841.0,811.0,3.30000000000009,53.30000000000009
0,28,856.0,28.30000000000009,64.51316409897291,34,0,841.0,871.0,871.0,841.0,3.30000000000009,53.30000000000009
0,29,886.0,28.30000000000009,64.56623873873875,37,0,871.0,901.0,901.0,871.0,3.30000000000009,53.30000000000009
0,30,916.0,28.30000000000009,68.61661782661784,26,0,901.0,931.0,931.0,901.0,3.30000000000009,53.30000000000009
0,31,946.0,28.30000000000009,72.40166666666666,8,0,931.0,961.0,961.0,931.0,3.30000000000009,53.30000000000009
0,32,976.0,28.30000000000009,58.1326530612245,35,0,961.0,991.0,991.0,961.0,3.30000000000009,53.30000000000009
0,33,1006.0,28.30000000000009,54.596645299145294,39,0,991.0,1021.0,1021.0,991.0,3.30000000000009,53.30000000000009
0,34,1036.0,28.30000000000009,59.06158834586465,38,0,1021.0,1051.0,1051.0,1021.0,3.30000000000009,53.30000000000009
0,35,1066.0,28.30000000000009,51.72360465116279,43,0,1051.0,1081.0,1081.0,1051.0,3.30000000000009,53.30000000000009
0,36,1096.0,28.30000000000009,50.07050179211471,31,0,1081.0,1111.0,1111.0,1081.0,3.30000000000009,53.30000000000009
0,37,1126.0,28.30000000000009,54.73914021164022,21,0,1111.0,1141.0,1141.0,1111.0,3.30000000000009,53.30000000000009
0,38,1156.0,28.30000000000009,48.090964052287596,51,0,1141.0,1171.0,1171.0,1141.0,3.30000000000009,53.30000000000009
0,39,1186.0,28.30000000000009,44.26883597883598,42,0,1171.0,1201.0,1201.0,1171.0,3.30000000000009,53.30000000000009
0,40,1216.0,28.30000000000009,56.505871126228264,21,0,1201.0,1231.0,1231.0,1201.0,3.30000000000009,53.30000000000009
0,41,1246.0,28.30000000000009,57.35103896103896,33,0,1231.0,1261.0,1261.0,1231.0,3.30000000000009,53.30000000000009
0,42,1276.0,28.30000000000009,56.67003734827263,34,0,1261.0,1291.0,1291.0,1261.0,3.30000000000009,53.30000000000009
0,43,1306.0,28.30000000000009,54.36324074074074,45,0,1291.0,1321.0,1321.0,1291.0,3.30000000000009,53.30000000000009
0,44,1336.0,28.30000000000009,54.423154761904755,34,0,1321.0,1351.0,1351.0,1321.0,3.30000000000009,53.30000000000009
0,45,1366.0,28.30000000000009,57.48831216931218,30,0,1351.0,1381.0,1381.0,1351.0,3.30000000000009,53.30000000000009
0,46,1396.0,28.30000000000009,51.1926655719759,29,0,1381.0,1411.0,1411.0,1381.0,3.30000000000009,53.30000000000009
0,47,1426.0,28.30000000000009,40.82170833333332,60,0,1411.0,1441.0,1441.0,1411.0,3.30000000000009,53.30000000000009
0,48,1456.0,28.30000000000009,36.36004712301588,64,0,1441.0,1471.0,1471.0,1441.0,3.30000000000009,53.30000000000009
0,49,1486.0,28.30000000000009,41.265465747702585,57,0,1471.0,1501.0,1501.0,1471.0,3.30000000000009,53.30000000000009
0,50,1516.0,28.30000000000009,46.644337522045845,36,0,1501.0,1531.0,1531.0,1501.0,3.30000000000009,53.30000000000009
0,51,1546.0,28.30000000000009,52.6775493025493,33,0,1531.0,1561.0,1561.0,1531.0,3.30000000000009,53.30000000000009
0,52,1576.0,28.30000000000009,50.93429347826089,46,0,1561.0,1591.0,1591.0,1561.0,3.30000000000009,53.30000000000009
0,53,1606.0,28.30000000000009,45.17917965367966,55,0,1591.0,1621.0,1621.0,1591.0,3.30000000000009,53.30000000000009
0,54,1636.0,28.30000000000009,52.1672593167702,46,0,1621.0,1651.0,1651.0,1621.0,3.30000000000009,53.30000000000009
0,55,1666.0,28.30000000000009,51.33853311439518,29,0,1651.0,1681.0,1681.0,1651.0,3.30000000000009,53.30000000000009
0,56,1696.0,28.30000000000009,43.94115384615385,52,0,1681.0,1711.0,1711.0,1681.0,3.30000000000009,53.30000000000009
0,57,1726.0,28.30000000000009,41.43204441391942,52,0,1711.0,1741.0,1741.0,1711.0,3.30000000000009,53.30000000000009
0,58,1756.0,28.30000000000009,34.319305555555566,56,0,1741.0,1771.0,1771.0,1741.0,3.30000000000009,53.30000000000009
0,59,1786.0,28.30000000000009,26.291343058350098,71,0,1771.0,1801.0,1801.0,1771.0,3.30000000000009,53.30000000000009
0,60,1816.0,28.30000000000009,28.316682136131295,59,0,1801.0,1831.0,1831.0,1801.0,3.30000000000009,53.30000000000009
0,61,1846.0,28.30000000000009,22.790412502449538,81,0,1831.0,1861.0,1861.0,1831.0,3.30000000000009,53.30000000000009
0,62,1876.0,28.30000000000009,26.955510204081644,49,0,1861.0,1891.0,1891.0,1861.0,3.30000000000009,53.30000000000009
0,63,1906.0,28.30000000000009,32.07254310344827,58,0,1891.0,1921.0,1921.0,1891.0,3.30000000000009,53.30000000000009
0,64,1936.0,28.30000000000009,35.87228070175439,38,0,1921.0,1951.0,1951.0,1921.0,3.30000000000009,53.30000000000009
0,65,1966.0,28.30000000000009,43.43642276422765,41,0,1951.0,1981.0,1981.0,1951.0,3.30000000000009,53.30000000000009
0,66,1996.0,28.30000000000009,41.467649393090554,51,0,1981.0,2011.0,2011.0,1981.0,3.30000000000009,53.30000000000009
0,67,2026.0,28.30000000000009,32.59167582417582,52,0,2011.0,2041.0,2041.0,2011.0,3.30000000000009,53.30000000000009
0,68,2056.0,28.30000000000009,26.007577734290066,73,0,2041.0,2071.0,2071.0,2041.0,3.30000000000009,53.30000000000009
0,69,2086.0,28.30000000000009,31.346009344598055,62,0,2071.0,2101.0,2101.0,2071.0,3.30000000000009,53.30000000000009
0,70,2116.0,28.30000000000009,36.12486215538846,57,0,2101.0,2131.0,2131.0,2101.0,3.30000000000009,53.30000000000009
0,71,2146.0,28.30000000000009,40.43378588314758,47,0,2131.0,2161.0,2161.0,2131.0,3.30000000000009,53.30000000000009
0,72,2176.0,28.30000000000009,39.241590296495964,53,0,2161.0,2191.0,2191.0,2161.0,3.30000000000009,53.30000000000009
0,73,2206.0,28.30000000000009,38.540503423591666,51,0,2191.0,2221.0,2221.0,2191.0,3.30000000000009,53.30000000000009
0,74,2236.0,28.30000000000009,26.633790520903194,71,0,2221.0,2251.0,2251.0,2221.0,3.30000000000009,53.30000000000009
0,75,2266.0,28.30000000000009,25.244555792466244,67,0,2251.0,2281.0,2281.0,2251.0,3.30000000000009,53.30000000000009
0,76,2296.0,28.30000000000009,26.286435006435,74,0,2281.0,2311.0,2311.0,2281.0,3.30000000000009,53.30000000000009
0,77,2326.0,28.30000000000009,20.116698332531662,99,0,2311.0,2341.0,2341.0,2311.0,3.30000000000009,53.30000000000009
0,78,2356.0,28.30000000000009,22.013488095238106,80,0,2341.0,2371.0,2371.0,2341.0,3.30000000000009,53.30000000000009
0,79,2386.0,28.30000000000009,35.7071158392435,47,0,2371.0,2401.0,2401.0,2371.0,3.30000000000009,53.30000000000009
0,80,2416.0,28.30000000000009,38.11249841269843,50,0,2401.0,2431.0,2431.0,2401.0,3.30000000000009,53.30000000000009
0,81,2446.0,28.30000000000009,38.402788888888885,50,0,2431.0,2461.0,2461.0,2431.0,3.30000000000009,53.30000000000009
0,82,2476.0,28.30000000000009,25.17638932496074,91,0,2461.0,2491.0,2491.0,2461.0,3.30000000000009,53.30000000000009
0,83,2506.0,28.30000000000009,24.956563926940646,73,0,2491.0,2521.0,2521.0,2491.0,3.30000000000009,53.30000000000009
0,84,2536.0,28.30000000000009,29.47959595959596,55,0,2521.0,2551.0,2551.0,2521.0,3.30000000000009,53.30000000000009
0,85,2566.0,28.30000000000009,32.05869552669553,55,0,2551.0,2581.0,2581.0,2551.0,3.30000000000009,53.30000000000009
0,86,2596.0,28.30000000000009,33.800510582010595,60,0,2581.0,2611.0,2611.0,2581.0,3.30000000000009,53.30000000000009
0,87,2626.0,28.30000000000009,29.632860983102912,62,0,2611.0,2641.0,2641.0,2611.0,3.30000000000009,53.30000000000009
0,88,2656.0,28.30000000000009,20.478265013909333,97,0,2641.0,2671.0,2671.0,2641.0,3.30000000000009,53.30000000000009
0,89,2686.0,28.30000000000009,23.14083040935673,95,0,2671.0,2701.0,2701.0,2671.0,3.30000000000009,53.30000000000009
0,90,2716.0,28.30000000000009,27.032165963431776,79,0,2701.0,2731.0,2731.0,2701.0,3.30000000000009,53.30000000000009
0,91,2746.0,28.30000000000009,27.35141880341881,65,0,2731.0,2761.0,2761.0,2731.0,3.30000000000009,53.30000000000009
0,92,2776.0,28.30000000000009,18.288793952180026,79,0,2761.0,2791.0,2791.0,2761.0,3.30000000000009,53.30000000000009
0,93,2806.0,28.30000000000009,22.06756781193489,79,0,2791.0,2821.0,2821.0,2791.0,3.30000000000009,53.30000000000009
0,94,2836.0,28.30000000000009,29.4066148857917,82,0,2821.0,2851.0,2851.0,2821.0,3.30000000000009,53.30000000000009
0,95,2866.0,28.30000000000009,35.251388888888904,61,0,2851.0,2881.0,2881.0,2851.0,3.30000000000009,53.30000000000009
0,96,2896.0,28.30000000000009,36.94616468253968,60,0,2881.0,2911.0,2911.0,2881.0,3.30000000000009,53.30000000000009
0,97,2926.0,28.30000000000009,24.10976923076924,65,0,2911.0,2941.0,2941.0,2911.0,3.30000000000009,53.30000000000009
0,98,2956.0,28.30000000000009,28.043716329966333,66,0,2941.0,2971.0,2971.0,2941.0,3.30000000000009,53.30000000000009
0,99,2986.0,28.30000000000009,30.751715949820788,62,0,2971.0,3001.0,3001.0,2971.0,3.30000000000009,53.30000000000009
0,100,3016.0,28.30000000000009,33.56729591836734,49,0,3001.0,3031.0,3031.0,3001.0,3.30000000000009,53.30000000000009
0,101,3046.0,28.30000000000009,37.81104308390023,49,0,3031.0,3061.0,3061.0,3031.0,3.30000000000009,53.30000000000009
0,102,3076.0,28.30000000000009,34.29842207792209,55,0,3061.0,3091.0,3091.0,3061.0,3.30000000000009,53.30000000000009
0,103,3106.0,28.30000000000009,38.73927777777777,50,0,3091.0,3121.0,3121.0,3091.0,3.30000000000009,53.30000000000009
0,104,3136.0,28.30000000000009,39.23263852813853,55,0,3121.0,3151.0,3151.0,3121.0,3.30000000000009,53.30000000000009
0,105,3166.0,28.30000000000009,33.593424603174604,70,0,3151.0,3181.0,3181.0,3151.0,3.30000000000009,53.30000000000009
0,106,3196.0,28.30000000000009,19.193745318352065,89,0,3181.0,3211.0,3211.0,3181.0,3.30000000000009,53.30000000000009
0,107,3226.0,28.30000000000009,28.301606349206345,75,0,3211.0,3241.0,3241.0,3211.0,3.30000000000009,53.30000000000009
0,108,3256.0,28.30000000000009,33.24192557897476,61,0,3241.0,3271.0,3271.0,3241.0,3.30000000000009,53.30000000000009
0,109,3286.0,28.30000000000009,38.295755437977654,54,0,3271.0,3301.0,3301.0,3271.0,3.30000000000009,53.30000000000009
0,110,3316.0,28.30000000000009,36.910560414642056,49,0,3301.0,3331.0,3331.0,3301.0,3.30000000000009,53.30000000000009
0,111,3346.0,28.30000000000009,31.837360750360748,55,0,3331.0,3361.0,3361.0,3331.0,3.30000000000009,53.30000000000009
0,112,3376.0,28.30000000000009,15.464188664596278,92,0,3361.0,3391.0,3391.0,3361.0,3.30000000000009,53.30000000000009
0,113,3406.0,28.30000000000009,20.882235772357724,82,0,3391.0,3421.0,3421.0,3391.0,3.30000000000009,53.30000000000009
0,114,3436.0,28.30000000000009,20.460682098765435,90,0,3421.0,3451.0,3451.0,3421.0,3.30000000000009,53.30000000000009
0,115,3466.0,28.30000000000009,22.870714285714275,84,0,3451.0,3481.0,3481.0,3451.0,3.30000000000009,53.30000000000009
0,116,3496.0,28.30000000000009,26.692429261559703,69,0,3481.0,3511.0,3511.0,3481.0,3.30000000000009,53.30000000000009
0,117,3526.0,28.30000000000009,26.40727799227799,74,0,3511.0,3541.0,3541.0,3511.0,3.30000000000009,53.30000000000009
0,118,3556.0,28.30000000000009,28.95781420765027,61,0,3541.0,3571.0,3571.0,3541.0,3.30000000000009,53.30000000000009
0,119,3586.0,28.30000000000009,23.73333333333333,71,0,3571.0,3601.0,3601.0,3571.0,3.30000000000009,53.30000000000009
0,120,3616.0,28.30000000000009,17.278000000000002,15,0,3601.0,3631.0,3631.0,3601.0,3.30000000000009,53.30000000000009
0,121,3646.0,28.30000000000009,,0,0,3631.0,3661.0,3661.0,3631.0,3.30000000000009,53.30000000000009
0,122,3676.0,28.30000000000009,,0,0,3661.0,3691.0,3691.0,3661.0,3.30000000000009,53.30000000000009
0,123,3706.0,28.30000000000009,,0,0,3691.0,3721.0,3721.0,3691.0,3.30000000000009,53.30000000000009
0,124,3736.0,28.30000000000009,,0,0,3721.0,3751.0,3751.0,3721.0,3.30000000000009,53.30000000000009
0,125,3766.0,28.30000000000009,,0,0,3751.0,3781.0,3781.0,3751.0,3.30000000000009,53.30000000000009
0,126,3796.0,28.30000000000009,,0,0,3781.0,3811.0,3811.0,3781.0,3.30000000000009,53.30000000000009
0,127,3826.0,28.30000000000009,,0,0,3811.0,3841.0,3841.0,3811.0,3.30000000000009,53.30000000000009
1,0,16.0,78.3000000000001,73.22294117647056,17,0,1.0,31.0,31.0,1.0,53.30000000000009,103.3000000000001
1,1,46.0,78.3000000000001,74.2988888888889,9,0,31.0,61.0,61.0,31.0,53.30000000000009,103.3000000000001
1,2,76.0,78.3000000000001,60.180303030303044,33,0,61.0,91.0,91.0,61.0,53.30000000000009,103.3000000000001
1,3,106.0,78.3000000000001,63.379921874999994,32,0,91.0,121.0,121.0,91.0,53.30000000000009,103.3000000000001
1,4,136.0,78.3000000000001,73.76136363636364,22,0,121.0,151.0,151.0,121.0,53.30000000000009,103.3000000000001
1,5,166.0,78.3000000000001,79.13941176470588,17,0,151.0,181.0,181.0,151.0,53.30000000000009,103.3000000000001
1,6,196.0,78.3000000000001,71.23821428571429,28,0,181.0,211.0,211.0,181.0,53.30000000000009,103.3000000000001
1,7,226.0,78.3000000000001,67.95500000000001,20,0,211.0,241.0,241.0,211.0,53.30000000000009,103.3000000000001
1,8,256.0,78.3000000000001,68.67470588235294,17,0,241.0,271.0,271.0,241.0,53.30000000000009,103.3000000000001
1,9,286.0,78.3000000000001,68.03647058823529,17,0,271.0,301.0,301.0,271.0,53.30000000000009,103.3000000000001
1,10,316.0,78.3000000000001,76.60555555555555,9,0,301.0,331.0,331.0,301.0,53.30000000000009,103.3000000000001
1,11,346.0,78.3000000000001,72.75375,8,0,331.0,361.0,361.0,331.0,53.30000000000009,103.3000000000001
1,12,376.0,78.3000000000001,61.13782608695652,23,0,361.0,391.0,391.0,361.0,53.30000000000009,103.3000000000001
1,13,406.0,78.3000000000001,60.37095238095237,42,0,391.0,421.0,421.0,391.0,53.30000000000009,103.3000000000001
1,14,436.0,78.3000000000001,65.82903225806452,31,0,421.0,451.0,451.0,421.0,53.30000000000009,103.3000000000001
1,15,466.0,78.3000000000001,62.44444444444444,27,0,451.0,481.0,481.0,451.0,53.30000000000009,103.3000000000001
1,16,496.0,78.3000000000001,63.174117647058814,34,0,481.0,511.0,511.0,481.0,53.30000000000009,103.3000000000001
1,17,526.0,78.3000000000001,62.122142857142876,28,0,511.0,541.0,541.0,511.0,53.30000000000009,103.3000000000001
1,18,556.0,78.3000000000001,59.60837837837838,37,0,541.0,571.0,571.0,541.0,53.30000000000009,103.3000000000001
1,19,586.0,78.3000000000001,59.8790625,32,0,571.0,601.0,601.0,571.0,53.30000000000009,103.3000000000001
1,20,616.0,78.3000000000001,62.02142857142856,35,0,601.0,631.0,631.0,601.0,53.30000000000009,103.3000000000001
1,21,646.0,78.3000000000001,66.64647058823529,17,0,631.0,661.0,661.0,631.0,53.30000000000009,103.3000000000001
1,22,676.0,78.3000000000001,60.3225,28,0,661.0,691.0,691.0,661.0,53.30000000000009,103.3000000000001
1,23,706.0,78.3000000000001,58.49355555555557,45,0,691.0,721.0,721.0,691.0,53.30000000000009,103.3000000000001
1,24,736.0,78.3000000000001,61.800000000000004,29,0,721.0,751.0,751.0,721.0,53.30000000000009,103.3000000000001
1,25,766.0,78.3000000000001,65.5992,25,0,751.0,781.0,781.0,751.0,53.30000000000009,103.3000000000001
1,26,796.0,78.3000000000001,68.39741935483872,31,0,781.0,811.0,811.0,781.0,53.30000000000009,103.3000000000001
1,27,826.0,78.3000000000001,64.39589743589744,39,0,811.0,841.0,841.0,811.0,53.30000000000009,103.3000000000001
1,28,856.0,78.3000000000001,65.22425000000001,40,0,841.0,871.0,871.0,841.0,53.30000000000009,103.3000000000001
1,29,886.0,78.3000000000001,63.76642857142856,42,0,871.0,901.0,901.0,871.0,53.30000000000009,103.3000000000001
1,30,916.0,78.3000000000001,67.73324324324324,37,0,901.0,931.0,931.0,901.0,53.30000000000009,103.3000000000001
1,31,946.0,78.3000000000001,71.497,10,0,931.0,961.0,961.0,931.0,53.30000000000009,103.3000000000001
1,32,976.0,78.3000000000001,59.40212121212123,33,0,961.0,991.0,991.0,961.0,53.30000000000009,103.3000000000001
1,33,1006.0,78.3000000000001,54.599795918367356,49,0,991.0,1021.0,1021.0,991.0,53.30000000000009,103.3000000000001
1,34,1036.0,78.3000000000001,57.631086956521735,46,0,1021.0,1051.0,1051.0,1021.0,53.30000000000009,103.3000000000001
1,35,1066.0,78.3000000000001,47.86285714285714,56,0,1051.0,1081.0,1081.0,1051.0,53.30000000000009,103.3000000000001
1,36,1096.0,78.3000000000001,48.400555555555556,36,0,1081.0,1111.0,1111.0,1081.0,53.30000000000009,103.3000000000001
1,37,1126.0,78.3000000000001,54.70473684210527,19,0,1111.0,1141.0,1141.0,1111.0,53.30000000000009,103.3000000000001
1,38,1156.0,78.3000000000001,50.36274509803923,51,0,1141.0,1171.0,1171.0,1141.0,53.30000000000009,103.3000000000001
1,39,1186.0,78.3000000000001,44.20106382978724,47,0,1171.0,1201.0,1201.0,1171.0,53.30000000000009,103.3000000000001
1,40,1216.0,78.3000000000001,55.131904761904764,21,0,1201.0,1231.0,1231.0,1201.0,53.30000000000009,103.3000000000001
1,41,1246.0,78.3000000000001,57.238749999999996,40,0,1231.0,1261.0,1261.0,1231.0,53.30000000000009,103.3000000000001
1,42,1276.0,78.3000000000001,59.24378378378378,37,0,1261.0,1291.0,1291.0,1261.0,53.30000000000009,103.3000000000001
1,43,1306.0,78.3000000000001,55.20236363636362,55,0,1291.0,1321.0,1321.0,1291.0,53.30000000000009,103.3000000000001
1,44,1336.0,78.3000000000001,55.3248717948718,39,0,1321.0,1351.0,1351.0,1321.0,53.30000000000009,103.3000000000001
1,45,1366.0,78.3000000000001,58.28657894736842,38,0,1351.0,1381.0,1381.0,1351.0,53.30000000000009,103.3000000000001
1,46,1396.0,78.3000000000001,48.1102857142857,35,0,1381.0,1411.0,1411.0,1381.0,53.30000000000009,103.3000000000001
1,47,1426.0,78.3000000000001,40.34333333333334,48,0,1411.0,1441.0,1441.0,1411.0,53.30000000000009,103.3000000000001
1,48,1456.0,78.3000000000001,34.687333333333335,75,0,1441.0,1471.0,1471.0,1441.0,53.30000000000009,103.3000000000001
1,49,1486.0,78.3000000000001,37.78569444444445,72,0,1471.0,1501.0,1501.0,1471.0,53.30000000000009,103.3000000000001
1,50,1516.0,78.3000000000001,45.32948717948719,39,0,1501.0,1531.0,1531.0,1501.0,53.30000000000009,103.3000000000001
1,51,1546.0,78.3000000000001,52.235869565217406,46,0,1531.0,1561.0,1561.0,1531.0,53.30000000000009,103.3000000000001
1,52,1576.0,78.3000000000001,50.528749999999995,48,0,1561.0,1591.0,1591.0,1561.0,53.30000000000009,103.3000000000001
1,53,1606.0,78.3000000000001,45.5349152542373,59,0,1591.0,1621.0,1621.0,1591.0,53.30000000000009,103.3000000000001
1,54,1636.0,78.3000000000001,51.17867924528304,53,0,1621.0,1651.0,1651.0,1621.0,53.30000000000009,103.3000000000001
1,55,1666.0,78.3000000000001,49.27060606060607,33,0,1651.0,1681.0,1681.0,1651.0,53.30000000000009,103.3000000000001
1,56,1696.0,78.3000000000001,42.33428571428571,63,0,1681.0,1711.0,1711.0,1681.0,53.30000000000009,103.3000000000001
1,57,1726.0,78.3000000000001,39.39887096774194,62,0,1711.0,1741.0,1741.0,1711.0,53.30000000000009,103.3000000000001
1,58,1756.0,78.3000000000001,32.57823529411765,68,0,1741.0,1771.0,1771.0,1741.0,53.30000000000009,103.3000000000001
1,59,1786.0,78.3000000000001,28.780454545454543,66,0,1771.0,1801.0,1801.0,1771.0,53.30000000000009,103.3000000000001
1,60,1816.0,78.3000000000001,26.4440625,64,0,1801.0,1831.0,1831.0,1801.0,53.30000000000009,103.3000000000001
1,61,1846.0,78.3000000000001,22.637654320987654,81,0,1831.0,1861.0,1861.0,1831.0,53.30000000000009,103.3000000000001
1,62,1876.0,78.3000000000001,25.837321428571435,56,0,1861.0,1891.0,1891.0,1861.0,53.30000000000009,103.3000000000001
1,63,1906.0,78.3000000000001,32.30413793103448,58,0,1891.0,1921.0,1921.0,1891.0,53.30000000000009,103.3000000000001
1,64,1936.0,78.3000000000001,36.646153846153844,39,0,1921.0,1951.0,1951.0,1921.0,53.30000000000009,103.3000000000001
1,65,1966.0,78.3000000000001,44.42802721088435,49,0,1951.0,1981.0,1981.0,1951.0,53.30000000000009,103.3000000000001
1,66,1996.0,78.3000000000001,40.16058823529412,51,0,1981.0,2011.0,2011.0,1981.0,53.30000000000009,103.3000000000001
1,67,2026.0,78.3000000000001,24.249767441860467,86,0,2011.0,2041.0,2041.0,2011.0,53.30000000000009,103.3000000000001
1,68,2056.0,78.3000000000001,28.856290322580644,62,0,2041.0,2071.0,2071.0,2041.0,53.30000000000009,103.3000000000001
1,69,2086.0,78.3000000000001,31.08000000000001,59,0,2071.0,2101.0,2101.0,2071.0,53.30000000000009,103.3000000000001
1,70,2116.0,78.3000000000001,35.92186440677966,59,0,2101.0,2131.0,2131.0,2101.0,53.30000000000009,103.3000000000001
1,71,2146.0,78.3000000000001,40.65978260869565,46,0,2131.0,2161.0,2161.0,2131.0,53.30000000000009,103.3000000000001
1,72,2176.0,78.3000000000001,38.36960784313726,51,0,2161.0,2191.0,2191.0,2161.0,53.30000000000009,103.3000000000001
1,73,2206.0,78.3000000000001,35.889245283018866,53,0,2191.0,2221.0,2221.0,2191.0,53.30000000000009,103.3000000000001
1,74,2236.0,78.3000000000001,20.859871794871797,78,0,2221.0,2251.0,2251.0,2221.0,53.30000000000009,103.3000000000001
1,75,2266.0,78.3000000000001,25.33279411764705,68,0,2251.0,2281.0,2281.0,2251.0,53.30000000000009,103.3000000000001
1,76,2296.0,78.3000000000001,23.88857142857143,91,0,2281.0,2311.0,2311.0,2281.0,53.30000000000009,103.3000000000001
1,77,2326.0,78.3000000000001,19.583012048192767,83,0,2311.0,2341.0,2341.0,2311.0,53.30000000000009,103.3000000000001
1,78,2356.0,78.3000000000001,25.963033707865165,89,0,2341.0,2371.0,2371.0,2341.0,53.30000000000009,103.3000000000001
1,79,2386.0,78.3000000000001,38.26666666666667,42,0,2371.0,2401.0,2401.0,2371.0,53.30000000000009,103.3000000000001
1,80,2416.0,78.3000000000001,40.24608695652173,46,0,2401.0,2431.0,2431.0,2401.0,53.30000000000009,103.3000000000001
1,81,2446.0,78.3000000000001,38.62440000000001,50,0,2431.0,2461.0,2461.0,2431.0,53.30000000000009,103.3000000000001
1,82,2476.0,78.3000000000001,25.434155844155843,77,0,2461.0,2491.0,2491.0,2461.0,53.30000000000009,103.3000000000001
1,83,2506.0,78.3000000000001,28.790379746835438,79,0,2491.0,2521.0,2521.0,2491.0,53.30000000000009,103.3000000000001
1,84,2536.0,78.3000000000001,30.238510638297875,47,0,2521.0,2551.0,2551.0,2521.0,53.30000000000009,103.3000000000001
1,85,2566.0,78.3000000000001,34.232962962962965,54,0,2551.0,2581.0,2581.0,2551.0,53.30000000000009,103.3000000000001
1,86,2596.0,78.3000000000001,29.628550724637684,69,0,2581.0,2611.0,2611.0,2581.0,53.30000000000009,103.3000000000001
1,87,2626.0,78.3000000000001,24.744473684210526,76,0,2611.0,2641.0,2641.0,2611.0,53.30000000000009,103.3000000000001
1,88,2656.0,78.3000000000001,23.652142857142852,70,0,2641.0,2671.0,2671.0,2641.0,53.30000000000009,103.3000000000001
1,89,2686.0,78.3000000000001,28.615199999999987,75,0,2671.0,2701.0,2701.0,2671.0,53.30000000000009,103.3000000000001
1,90,2716.0,78.3000000000001,28.521756756756766,74,0,2701.0,2731.0,2731.0,2701.0,53.30000000000009,103.3000000000001
1,91,2746.0,78.3000000000001,26.461830985915494,71,0,2731.0,2761.0,2761.0,2731.0,53.30000000000009,103.3000000000001
1,92,2776.0,78.3000000000001,19.316891891891892,74,0,2761.0,2791.0,2791.0,2761.0,53.30000000000009,103.3000000000001
1,93,2806.0,78.3000000000001,24.311408450704224,71,0,2791.0,2821.0,2821.0,2791.0,53.30000000000009,103.3000000000001
1,94,2836.0,78.3000000000001,27.993373493975902,83,0,2821.0,2851.0,2851.0,2821.0,53.30000000000009,103.3000000000001
1,95,2866.0,78.3000000000001,28.423499999999997,80,0,2851.0,2881.0,2881.0,2851.0,53.30000000000009,103.3000000000001
1,96,2896.0,78.3000000000001,31.206233766233755,77,0,2881.0,2911.0,2911.0,2881.0,53.30000000000009,103.3000000000001
1,97,2926.0,78.3000000000001,22.0774025974026,77,0,2911.0,2941.0,2941.0,2911.0,53.30000000000009,103.3000000000001
1,98,2956.0,78.3000000000001,30.616229508196714,61,0,2941.0,2971.0,2971.0,2941.0,53.30000000000009,103.3000000000001
1,99,2986.0,78.3000000000001,32.933709677419365,62,0,2971.0,3001.0,3001.0,2971.0,53.30000000000009,103.3000000000001
1,100,3016.0,78.3000000000001,34.46446428571428,56,0,3001.0,3031.0,3031.0,3001.0,53.30000000000009,103.3000000000001
1,101,3046.0,78.3000000000001,38.98347826086957,46,0,3031.0,3061.0,3061.0,3031.0,53.30000000000009,103.3000000000001
1,102,3076.0,78.3000000000001,34.210000000000015,52,0,3061.0,3091.0,3091.0,3061.0,53.30000000000009,103.3000000000001
1,103,3106.0,78.3000000000001,33.50985294117647,68,0,3091.0,3121.0,3121.0,3091.0,53.30000000000009,103.3000000000001
1,104,3136.0,78.3000000000001,36.340169491525415,59,0,3121.0,3151.0,3151.0,3121.0,53.30000000000009,103.3000000000001
1,105,3166.0,78.3000000000001,30.660370370370362,81,0,3151.0,3181.0,3181.0,3151.0,53.30000000000009,103.3000000000001
1,106,3196.0,78.3000000000001,24.76607142857144,84,0,3181.0,3211.0,3211.0,3181.0,53.30000000000009,103.3000000000001
1,107,3226.0,78.3000000000001,30.75901639344262,61,0,3211.0,3241.0,3241.0,3211.0,53.30000000000009,103.3000000000001
1,108,3256.0,78.3000000000001,34.45810344827586,58,0,3241.0,3271.0,3271.0,3241.0,53.30000000000009,103.3000000000001
1,109,3286.0,78.3000000000001,36.83080645161291,62,0,3271.0,3301.0,3301.0,3271.0,53.30000000000009,103.3000000000001
1,110,3316.0,78.3000000000001,32.2359090909091,66,0,3301.0,3331.0,3331.0,3301.0,53.30000000000009,103.3000000000001
1,111,3346.0,78.3000000000001,26.21796296296296,54,0,3331.0,3361.0,3361.0,3331.0,53.30000000000009,103.3000000000001
1,112,3376.0,78.3000000000001,17.76675,80,0,3361.0,3391.0,3391.0,3361.0,53.30000000000009,103.3000000000001
1,113,3406.0,78.3000000000001,24.824500000000008,80,0,3391.0,3421.0,3421.0,3391.0,53.30000000000009,103.3000000000001
1,114,3436.0,78.3000000000001,21.063762626262633,88,0,3421.0,3451.0,3451.0,3421.0,53.30000000000009,103.3000000000001
1,115,3466.0,78.3000000000001,26.65424657534247,73,0,3451.0,3481.0,3481.0,3451.0,53.30000000000009,103.3000000000001
1,116,3496.0,78.3000000000001,26.090240963855415,83,0,3481.0,3511.0,3511.0,3481.0,53.30000000000009,103.3000000000001
1,117,3526.0,78.3000000000001,26.419620253164553,79,0,3511.0,3541.0,3541.0,3511.0,53.30000000000009,103.3000000000001
1,118,3556.0,78.3000000000001,26.638985507246378,69,0,3541.0,3571.0,3571.0,3541.0,53.30000000000009,103.3000000000001
1,119,3586.0,78.3000000000001,20.941585365853655,82,0,3571.0,3601.0,3601.0,3571.0,53.30000000000009,103.3000000000001
1,120,3616.0,78.3000000000001,21.414054054054056,37,0,3601.0,3631.0,3631.0,3601.0,53.30000000000009,103.3000000000001
1,121,3646.0,78.3000000000001,,0,0,3631.0,3661.0,3661.0,3631.0,53.30000000000009,103.3000000000001
1,122,3676.0,78.3000000000001,,0,0,3661.0,3691.0,3691.0,3661.0,53.30000000000009,103.3000000000001
1,123,3706.0,78.3000000000001,,0,0,3691.0,3721.0,3721.0,3691.0,53.30000000000009,103.3000000000001
1,124,3736.0,78.3000000000001,,0,0,3721.0,3751.0,3751.0,3721.0,53.30000000000009,103.3000000000001
1,125,3766.0,78.3000000000001,,0,0,3751.0,3781.0,3781.0,3751.0,53.30000000000009,103.3000000000001
1,126,3796.0,78.3000000000001,,0,0,3781.0,3811.0,3811.0,3781.0,53.30000000000009,103.3000000000001
1,127,3826.0,78.3000000000001,,0,0,3811.0,3841.0,3841.0,3811.0,53.30000000000009,103.3000000000001
2,0,16.0,128.3000000000001,73.4911111111111,18,0,1.0,31.0,31.0,1.0,103.3000000000001,153.3000000000001
2,1,46.0,128.3000000000001,74.27666666666667,9,0,31.0,61.0,61.0,31.0,103.3000000000001,153.3000000000001
2,2,76.0,128.3000000000001,59.446999999999996,30,0,61.0,91.0,91.0,61.0,103.3000000000001,153.3000000000001
2,3,106.0,128.3000000000001,62.89749999999999,28,0,91.0,121.0,121.0,91.0,103.3000000000001,153.3000000000001
2,4,136.0,128.3000000000001,71.61080000000001,25,0,121.0,151.0,151.0,121.0,103.3000000000001,153.3000000000001
2,5,166.0,128.3000000000001,77.0878947368421,19,0,151.0,181.0,181.0,151.0,103.3000000000001,153.3000000000001
2,6,196.0,128.3000000000001,72.12540229885057,29,0,181.0,211.0,211.0,181.0,103.3000000000001,153.3000000000001
2,7,226.0,128.3000000000001,67.9245,20,0,211.0,241.0,241.0,211.0,103.3000000000001,153.3000000000001
2,8,256.0,128.3000000000001,68.80086956521738,23,0,241.0,271.0,271.0,241.0,103.3000000000001,153.3000000000001
2,9,286.0,128.3000000000001,69.15058823529411,17,0,271.0,301.0,301.0,271.0,103.3000000000001,153.3000000000001
2,10,316.0,128.3000000000001,76.23333333333332,6,0,301.0,331.0,331.0,301.0,103.3000000000001,153.3000000000001
2,11,346.0,128.3000000000001,75.29333333333335,9,0,331.0,361.0,361.0,331.0,103.3000000000001,153.3000000000001
2,12,376.0,128.3000000000001,64.581875,16,0,361.0,391.0,391.0,361.0,103.3000000000001,153.3000000000001
2,13,406.0,128.3000000000001,59.93384615384615,39,0,391.0,421.0,421.0,391.0,103.3000000000001,153.3000000000001
2,14,436.0,128.3000000000001,64.14588235294119,34,0,421.0,451.0,451.0,421.0,103.3000000000001,153.3000000000001
2,15,466.0,128.3000000000001,62.923846153846156,26,0,451.0,481.0,481.0,451.0,103.3000000000001,153.3000000000001
2,16,496.0,128.3000000000001,63.19000000000001,33,0,481.0,511.0,511.0,481.0,103.3000000000001,153.3000000000001
2,17,526.0,128.3000000000001,61.31645161290322,31,0,511.0,541.0,541.0,511.0,103.3000000000001,153.3000000000001
2,18,556.0,128.3000000000001,59.627567567567574,37,0,541.0,571.0,571.0,541.0,103.3000000000001,153.3000000000001
2,19,586.0,128.3000000000001,60.91636363636364,33,0,571.0,601.0,601.0,571.0,103.3000000000001,153.3000000000001
2,20,616.0,128.3000000000001,60.82358974358975,39,0,601.0,631.0,631.0,601.0,103.3000000000001,153.3000000000001
2,21,646.0,128.3000000000001,66.4242105263158,19,0,631.0,661.0,661.0,631.0,103.3000000000001,153.3000000000001
2,22,676.0,128.3000000000001,61.1624,25,0,661.0,691.0,691.0,661.0,103.3000000000001,153.3000000000001
2,23,706.0,128.3000000000001,56.79195652173914,46,0,691.0,721.0,721.0,691.0,103.3000000000001,153.3000000000001
2,24,736.0,128.3000000000001,60.255483870967744,31,0,721.0,751.0,751.0,721.0,103.3000000000001,153.3000000000001
2,25,766.0,128.3000000000001,64.9812,25,0,751.0,781.0,781.0,751.0,103.3000000000001,153.3000000000001
2,26,796.0,128.3000000000001,67.69333333333334,30,0,781.0,811.0,811.0,781.0,103.3000000000001,153.3000000000001
2,27,826.0,128.3000000000001,64.23591591591591,37,0,811.0,841.0,841.0,811.0,103.3000000000001,153.3000000000001
2,28,856.0,128.3000000000001,63.44153846153847,39,0,841.0,871.0,871.0,841.0,103.3000000000001,153.3000000000001
2,29,886.0,128.3000000000001,63.62452380952381,42,0,871.0,901.0,901.0,871.0,103.3000000000001,153.3000000000001
2,30,916.0,128.3000000000001,66.50470588235295,34,0,901.0,931.0,931.0,901.0,103.3000000000001,153.3000000000001
2,31,946.0,128.3000000000001,70.17941176470589,17,0,931.0,961.0,961.0,931.0,103.3000000000001,153.3000000000001
2,32,976.0,128.3000000000001,59.73766666666666,30,0,961.0,991.0,991.0,961.0,103.3000000000001,153.3000000000001
2,33,1006.0,128.3000000000001,52.98500000000001,50,0,991.0,1021.0,1021.0,991.0,103.3000000000001,153.3000000000001
2,34,1036.0,128.3000000000001,55.37232142857144,48,0,1021.0,1051.0,1051.0,1021.0,103.3000000000001,153.3000000000001
2,35,1066.0,128.3000000000001,42.87790322580644,62,0,1051.0,1081.0,1081.0,1051.0,103.3000000000001,153.3000000000001
2,36,1096.0,128.3000000000001,44.868809523809524,42,0,1081.0,1111.0,1111.0,1081.0,103.3000000000001,153.3000000000001
2,37,1126.0,128.3000000000001,53.4005,20,0,1111.0,1141.0,1141.0,1111.0,103.3000000000001,153.3000000000001
2,38,1156.0,128.3000000000001,50.59137254901962,51,0,1141.0,1171.0,1171.0,1141.0,103.3000000000001,153.3000000000001
2,39,1186.0,128.3000000000001,43.43277777777777,54,0,1171.0,1201.0,1201.0,1171.0,103.3000000000001,153.3000000000001
2,40,1216.0,128.3000000000001,51.22190476190477,21,0,1201.0,1231.0,1231.0,1201.0,103.3000000000001,153.3000000000001
2,41,1246.0,128.3000000000001,55.05708333333334,48,0,1231.0,1261.0,1261.0,1231.0,103.3000000000001,153.3000000000001
2,42,1276.0,128.3000000000001,59.781471861471864,33,0,1261.0,1291.0,1291.0,1261.0,103.3000000000001,153.3000000000001
2,43,1306.0,128.3000000000001,52.98033333333333,60,0,1291.0,1321.0,1321.0,1291.0,103.3000000000001,153.3000000000001
2,44,1336.0,128.3000000000001,53.675416666666656,48,0,1321.0,1351.0,1351.0,1321.0,103.3000000000001,153.3000000000001
2,45,1366.0,128.3000000000001,55.739743589743576,39,0,1351.0,1381.0,1381.0,1351.0,103.3000000000001,153.3000000000001
2,46,1396.0,128.3000000000001,43.62,40,0,1381.0,1411.0,1411.0,1381.0,103.3000000000001,153.3000000000001
2,47,1426.0,128.3000000000001,39.539318181818174,44,0,1411.0,1441.0,1441.0,1411.0,103.3000000000001,153.3000000000001
2,48,1456.0,128.3000000000001,36.012535211267604,71,0,1441.0,1471.0,1471.0,1441.0,103.3000000000001,153.3000000000001
2,49,1486.0,128.3000000000001,34.46465116279069,86,0,1471.0,1501.0,1501.0,1471.0,103.3000000000001,153.3000000000001
2,50,1516.0,128.3000000000001,38.86372549019608,51,0,1501.0,1531.0,1531.0,1501.0,103.3000000000001,153.3000000000001
2,51,1546.0,128.3000000000001,47.68947368421054,57,0,1531.0,1561.0,1561.0,1531.0,103.3000000000001,153.3000000000001
2,52,1576.0,128.3000000000001,49.109583333333326,48,0,1561.0,1591.0,1591.0,1561.0,103.3000000000001,153.3000000000001
2,53,1606.0,128.3000000000001,44.799384615384625,65,0,1591.0,1621.0,1621.0,1591.0,103.3000000000001,153.3000000000001
2,54,1636.0,128.3000000000001,48.18148148148147,54,0,1621.0,1651.0,1651.0,1621.0,103.3000000000001,153.3000000000001
2,55,1666.0,128.3000000000001,44.4453488372093,43,0,1651.0,1681.0,1681.0,1651.0,103.3000000000001,153.3000000000001
2,56,1696.0,128.3000000000001,41.147499999999994,60,0,1681.0,1711.0,1711.0,1681.0,103.3000000000001,153.3000000000001
2,57,1726.0,128.3000000000001,35.290281690140844,71,0,1711.0,1741.0,1741.0,1711.0,103.3000000000001,153.3000000000001
2,58,1756.0,128.3000000000001,28.858157894736845,76,0,1741.0,1771.0,1771.0,1741.0,103.3000000000001,153.3000000000001
2,59,1786.0,128.3000000000001,29.910615384615376,65,0,1771.0,1801.0,1801.0,1771.0,103.3000000000001,153.3000000000001
2,60,1816.0,128.3000000000001,26.634142857142855,70,0,1801.0,1831.0,1831.0,1801.0,103.3000000000001,153.3000000000001
2,61,1846.0,128.3000000000001,23.605737704918035,61,0,1831.0,1861.0,1861.0,1831.0,103.3000000000001,153.3000000000001
2,62,1876.0,128.3000000000001,22.391081081081083,74,0,1861.0,1891.0,1891.0,1861.0,103.3000000000001,153.3000000000001
2,63,1906.0,128.3000000000001,30.578359788359773,63,0,1891.0,1921.0,1921.0,1891.0,103.3000000000001,153.3000000000001
2,64,1936.0,128.3000000000001,36.04054054054054,37,0,1921.0,1951.0,1951.0,1921.0,103.3000000000001,153.3000000000001
2,65,1966.0,128.3000000000001,41.20418181818181,55,0,1951.0,1981.0,1981.0,1951.0,103.3000000000001,153.3000000000001
2,66,1996.0,128.3000000000001,38.32477777777778,60,0,1981.0,2011.0,2011.0,1981.0,103.3000000000001,153.3000000000001
2,67,2026.0,128.3000000000001,23.598271604938276,81,0,2011.0,2041.0,2041.0,2011.0,103.3000000000001,153.3000000000001
2,68,2056.0,128.3000000000001,29.671290322580642,62,0,2041.0,2071.0,2071.0,2041.0,103.3000000000001,153.3000000000001
2,69,2086.0,128.3000000000001,28.8146875,64,0,2071.0,2101.0,2101.0,2071.0,103.3000000000001,153.3000000000001
2,70,2116.0,128.3000000000001,34.96737704918034,61,0,2101.0,2131.0,2131.0,2101.0,103.3000000000001,153.3000000000001
2,71,2146.0,128.3000000000001,38.05240740740742,54,0,2131.0,2161.0,2161.0,2131.0,103.3000000000001,153.3000000000001
2,72,2176.0,128.3000000000001,38.202777777777776,54,0,2161.0,2191.0,2191.0,2161.0,103.3000000000001,153.3000000000001
2,73,2206.0,128.3000000000001,32.53,54,0,2191.0,2221.0,2221.0,2191.0,103.3000000000001,153.3000000000001
2,74,2236.0,128.3000000000001,21.029750000000003,80,0,2221.0,2251.0,2251.0,2221.0,103.3000000000001,153.3000000000001
2,75,2266.0,128.3000000000001,26.657428571428564,70,0,2251.0,2281.0,2281.0,2251.0,103.3000000000001,153.3000000000001
2,76,2296.0,128.3000000000001,22.619772727272736,88,0,2281.0,2311.0,2311.0,2281.0,103.3000000000001,153.3000000000001
2,77,2326.0,128.3000000000001,20.3735,80,0,2311.0,2341.0,2341.0,2311.0,103.3000000000001,153.3000000000001
2,78,2356.0,128.3000000000001,29.196216216216214,74,0,2341.0,2371.0,2371.0,2341.0,103.3000000000001,153.3000000000001
2,79,2386.0,128.3000000000001,37.59270833333334,48,0,2371.0,2401.0,2401.0,2371.0,103.3000000000001,153.3000000000001
2,80,2416.0,128.3000000000001,40.62692307692309,52,0,2401.0,2431.0,2431.0,2401.0,103.3000000000001,153.3000000000001
2,81,2446.0,128.3000000000001,35.31230769230769,52,0,2431.0,2461.0,2461.0,2431.0,103.3000000000001,153.3000000000001
2,82,2476.0,128.3000000000001,25.830555555555552,72,0,2461.0,2491.0,2491.0,2461.0,103.3000000000001,153.3000000000001
2,83,2506.0,128.3000000000001,27.769999999999992,87,0,2491.0,2521.0,2521.0,2491.0,103.3000000000001,153.3000000000001
2,84,2536.0,128.3000000000001,30.765510204081618,49,0,2521.0,2551.0,2551.0,2521.0,103.3000000000001,153.3000000000001
2,85,2566.0,128.3000000000001,31.54454545454547,66,0,2551.0,2581.0,2581.0,2551.0,103.3000000000001,153.3000000000001
2,86,2596.0,128.3000000000001,26.134,60,0,2581.0,2611.0,2611.0,2581.0,103.3000000000001,153.3000000000001
2,87,2626.0,128.3000000000001,24.790394736842103,76,0,2611.0,2641.0,2641.0,2611.0,103.3000000000001,153.3000000000001
2,88,2656.0,128.3000000000001,28.05289855072463,69,0,2641.0,2671.0,2671.0,2641.0,103.3000000000001,153.3000000000001
2,89,2686.0,128.3000000000001,33.328253968253975,63,0,2671.0,2701.0,2701.0,2671.0,103.3000000000001,153.3000000000001
2,90,2716.0,128.3000000000001,29.222368421052632,76,0,2701.0,2731.0,2731.0,2701.0,103.3000000000001,153.3000000000001
2,91,2746.0,128.3000000000001,23.69342857142858,70,0,2731.0,2761.0,2761.0,2731.0,103.3000000000001,153.3000000000001
2,92,2776.0,128.3000000000001,20.25670731707317,82,0,2761.0,2791.0,2791.0,2761.0,103.3000000000001,153.3000000000001
2,93,2806.0,128.3000000000001,28.47631578947369,57,0,2791.0,2821.0,2821.0,2791.0,103.3000000000001,153.3000000000001
2,94,2836.0,128.3000000000001,28.64565789473685,76,0,2821.0,2851.0,2851.0,2821.0,103.3000000000001,153.3000000000001
2,95,2866.0,128.3000000000001,26.69709302325581,86,0,2851.0,2881.0,2881.0,2851.0,103.3000000000001,153.3000000000001
2,96,2896.0,128.3000000000001,26.607402597402604,77,0,2881.0,2911.0,2911.0,2881.0,103.3000000000001,153.3000000000001
2,97,2926.0,128.3000000000001,24.683461538461543,78,0,2911.0,2941.0,2941.0,2911.0,103.3000000000001,153.3000000000001
2,98,2956.0,128.3000000000001,30.201346153846167,52,0,2941.0,2971.0,2971.0,2941.0,103.3000000000001,153.3000000000001
2,99,2986.0,128.3000000000001,31.647391304347813,69,0,2971.0,3001.0,3001.0,2971.0,103.3000000000001,153.3000000000001
2,100,3016.0,128.3000000000001,31.820327868852463,61,0,3001.0,3031.0,3031.0,3001.0,103.3000000000001,153.3000000000001
2,101,3046.0,128.3000000000001,35.214814814814815,54,0,3031.0,3061.0,3061.0,3031.0,103.3000000000001,153.3000000000001
2,102,3076.0,128.3000000000001,36.03361702127659,47,0,3061.0,3091.0,3091.0,3061.0,103.3000000000001,153.3000000000001
2,103,3106.0,128.3000000000001,29.606666666666666,75,0,3091.0,3121.0,3121.0,3091.0,103.3000000000001,153.3000000000001
2,104,3136.0,128.3000000000001,31.594677419354838,62,0,3121.0,3151.0,3151.0,3121.0,103.3000000000001,153.3000000000001
2,105,3166.0,128.3000000000001,25.103020833333332,96,0,3151.0,3181.0,3181.0,3151.0,103.3000000000001,153.3000000000001
2,106,3196.0,128.3000000000001,25.084444444444454,90,0,3181.0,3211.0,3211.0,3181.0,103.3000000000001,153.3000000000001
2,107,3226.0,128.3000000000001,31.40190476190477,63,0,3211.0,3241.0,3241.0,3211.0,103.3000000000001,153.3000000000001
2,108,3256.0,128.3000000000001,34.55417910447761,67,0,3241.0,3271.0,3271.0,3241.0,103.3000000000001,153.3000000000001
2,109,3286.0,128.3000000000001,34.20971014492754,69,0,3271.0,3301.0,3301.0,3271.0,103.3000000000001,153.3000000000001
2,110,3316.0,128.3000000000001,28.25958333333333,72,0,3301.0,3331.0,3331.0,3301.0,103.3000000000001,153.3000000000001
2,111,3346.0,128.3000000000001,23.250307692307697,65,0,3331.0,3361.0,3361.0,3331.0,103.3000000000001,153.3000000000001
2,112,3376.0,128.3000000000001,20.402,65,0,3361.0,3391.0,3391.0,3361.0,103.3000000000001,153.3000000000001
2,113,3406.0,128.3000000000001,20.87969387755102,98,0,3391.0,3421.0,3421.0,3391.0,103.3000000000001,153.3000000000001
2,114,3436.0,128.3000000000001,18.87058962264151,106,0,3421.0,3451.0,3451.0,3421.0,103.3000000000001,153.3000000000001
2,115,3466.0,128.3000000000001,26.188333333333333,78,0,3451.0,3481.0,3481.0,3451.0,103.3000000000001,153.3000000000001
2,116,3496.0,128.3000000000001,25.069176470588225,85,0,3481.0,3511.0,3511.0,3481.0,103.3000000000001,153.3000000000001
2,117,3526.0,128.3000000000001,25.33272727272728,77,0,3511.0,3541.0,3541.0,3511.0,103.3000000000001,153.3000000000001
2,118,3556.0,128.3000000000001,24.50999999999999,74,0,3541.0,3571.0,3571.0,3541.0,103.3000000000001,153.3000000000001
2,119,3586.0,128.3000000000001,21.614520547945208,73,0,3571.0,3601.0,3601.0,3571.0,103.3000000000001,153.3000000000001
2,120,3616.0,128.3000000000001,24.3652,50,0,3601.0,3631.0,3631.0,3601.0,103.3000000000001,153.3000000000001
2,121,3646.0,128.3000000000001,,0,0,3631.0,3661.0,3661.0,3631.0,103.3000000000001,153.3000000000001
2,122,3676.0,128.3000000000001,,0,0,3661.0,3691.0,3691.0,3661.0,103.3000000000001,153.3000000000001
2,123,3706.0,128.3000000000001,,0,0,3691.0,3721.0,3721.0,3691.0,103.3000000000001,153.3000000000001
2,124,3736.0,128.3000000000001,,0,0,3721.0,3751.0,3751.0,3721.0,103.3000000000001,153.3000000000001
2,125,3766.0,128.3000000000001,,0,0,3751.0,3781.0,3781.0,3751.0,103.3000000000001,153.3000000000001
2,126,3796.0,128.3000000000001,,0,0,3781.0,3811.0,3811.0,3781.0,103.3000000000001,153.3000000000001
2,127,3826.0,128.3000000000001,,0,0,3811.0,3841.0,3841.0,3811.0,103.3000000000001,153.3000000000001
3,0,16.0,178.3000000000001,71.91647058823528,17,0,1.0,31.0,31.0,1.0,153.3000000000001,203.3000000000001
3,1,46.0,178.3000000000001,74.22909090909091,11,0,31.0,61.0,61.0,31.0,153.3000000000001,203.3000000000001
3,2,76.0,178.3000000000001,55.86642857142856,28,0,61.0,91.0,91.0,61.0,153.3000000000001,203.3000000000001
3,3,106.0,178.3000000000001,62.25142857142857,28,0,91.0,121.0,121.0,91.0,153.3000000000001,203.3000000000001
3,4,136.0,178.3000000000001,68.0188,25,0,121.0,151.0,151.0,121.0,153.3000000000001,203.3000000000001
3,5,166.0,178.3000000000001,73.36555555555555,18,0,151.0,181.0,181.0,151.0,153.3000000000001,203.3000000000001
3,6,196.0,178.3000000000001,73.5709375,32,0,181.0,211.0,211.0,181.0,153.3000000000001,203.3000000000001
3,7,226.0,178.3000000000001,66.4886274509804,17,0,211.0,241.0,241.0,211.0,153.3000000000001,203.3000000000001
3,8,256.0,178.3000000000001,67.27263157894735,19,0,241.0,271.0,271.0,241.0,153.3000000000001,203.3000000000001
3,9,286.0,178.3000000000001,69.31823529411764,17,0,271.0,301.0,301.0,271.0,153.3000000000001,203.3000000000001
3,10,316.0,178.3000000000001,75.26666666666667,3,0,301.0,331.0,331.0,301.0,153.3000000000001,203.3000000000001
3,11,346.0,178.3000000000001,75.39375,8,0,331.0,361.0,361.0,331.0,153.3000000000001,203.3000000000001
3,12,376.0,178.3000000000001,66.18833333333333,12,0,361.0,391.0,391.0,361.0,153.3000000000001,203.3000000000001
3,13,406.0,178.3000000000001,59.326750000000004,40,0,391.0,421.0,421.0,391.0,153.3000000000001,203.3000000000001
3,14,436.0,178.3000000000001,62.09272727272726,33,0,421.0,451.0,451.0,421.0,153.3000000000001,203.3000000000001
3,15,466.0,178.3000000000001,62.42878787878786,22,0,451.0,481.0,481.0,451.0,153.3000000000001,203.3000000000001
3,16,496.0,178.3000000000001,62.281612903225806,31,0,481.0,511.0,511.0,481.0,153.3000000000001,203.3000000000001
3,17,526.0,178.3000000000001,60.747352941176466,34,0,511.0,541.0,541.0,511.0,153.3000000000001,203.3000000000001
3,18,556.0,178.3000000000001,59.430666666666646,30,0,541.0,571.0,571.0,541.0,153.3000000000001,203.3000000000001
3,19,586.0,178.3000000000001,58.89516129032258,31,0,571.0,601.0,601.0,571.0,153.3000000000001,203.3000000000001
3,20,616.0,178.3000000000001,59.11457142857142,35,0,601.0,631.0,631.0,601.0,153.3000000000001,203.3000000000001
3,21,646.0,178.3000000000001,63.716499999999996,20,0,631.0,661.0,661.0,631.0,153.3000000000001,203.3000000000001
3,22,676.0,178.3000000000001,62.041176470588226,17,0,661.0,691.0,691.0,661.0,153.3000000000001,203.3000000000001
3,23,706.0,178.3000000000001,55.044523809523795,42,0,691.0,721.0,721.0,691.0,153.3000000000001,203.3000000000001
3,24,736.0,178.3000000000001,58.76969696969696,33,0,721.0,751.0,751.0,721.0,153.3000000000001,203.3000000000001
3,25,766.0,178.3000000000001,62.84535714285714,28,0,751.0,781.0,781.0,751.0,153.3000000000001,203.3000000000001
3,26,796.0,178.3000000000001,65.32857142857142,28,0,781.0,811.0,811.0,781.0,153.3000000000001,203.3000000000001
3,27,826.0,178.3000000000001,64.11392857142857,28,0,811.0,841.0,841.0,811.0,153.3000000000001,203.3000000000001
3,28,856.0,178.3000000000001,60.950750000000006,40,0,841.0,871.0,871.0,841.0,153.3000000000001,203.3000000000001
3,29,886.0,178.3000000000001,62.08157894736842,38,0,871.0,901.0,901.0,871.0,153.3000000000001,203.3000000000001
3,30,916.0,178.3000000000001,64.05266666666667,30,0,901.0,931.0,931.0,901.0,153.3000000000001,203.3000000000001
3,31,946.0,178.3000000000001,67.6236842105263,19,0,931.0,961.0,961.0,931.0,153.3000000000001,203.3000000000001
3,32,976.0,178.3000000000001,59.209583333333335,24,0,961.0,991.0,991.0,961.0,153.3000000000001,203.3000000000001
3,33,1006.0,178.3000000000001,51.27782608695652,46,0,991.0,1021.0,1021.0,991.0,153.3000000000001,203.3000000000001
3,34,1036.0,178.3000000000001,50.21061224489797,49,0,1021.0,1051.0,1051.0,1021.0,153.3000000000001,203.3000000000001
3,35,1066.0,178.3000000000001,40.51428571428572,63,0,1051.0,1081.0,1081.0,1051.0,153.3000000000001,203.3000000000001
3,36,1096.0,178.3000000000001,41.00282608695653,46,0,1081.0,1111.0,1111.0,1081.0,153.3000000000001,203.3000000000001
3,37,1126.0,178.3000000000001,54.162,20,0,1111.0,1141.0,1141.0,1111.0,153.3000000000001,203.3000000000001
3,38,1156.0,178.3000000000001,49.66510204081632,49,0,1141.0,1171.0,1171.0,1141.0,153.3000000000001,203.3000000000001
3,39,1186.0,178.3000000000001,42.572075471698106,53,0,1171.0,1201.0,1201.0,1171.0,153.3000000000001,203.3000000000001
3,40,1216.0,178.3000000000001,44.4744,25,0,1201.0,1231.0,1231.0,1201.0,153.3000000000001,203.3000000000001
3,41,1246.0,178.3000000000001,51.54250000000001,48,0,1231.0,1261.0,1261.0,1231.0,153.3000000000001,203.3000000000001
3,42,1276.0,178.3000000000001,61.33712962962962,27,0,1261.0,1291.0,1291.0,1261.0,153.3000000000001,203.3000000000001
3,43,1306.0,178.3000000000001,50.26171875,64,0,1291.0,1321.0,1321.0,1291.0,153.3000000000001,203.3000000000001
3,44,1336.0,178.3000000000001,51.593409090909084,44,0,1321.0,1351.0,1351.0,1321.0,153.3000000000001,203.3000000000001
3,45,1366.0,178.3000000000001,52.91333333333335,42,0,1351.0,1381.0,1381.0,1351.0,153.3000000000001,203.3000000000001
3,46,1396.0,178.3000000000001,37.9075,52,0,1381.0,1411.0,1411.0,1381.0,153.3000000000001,203.3000000000001
3,47,1426.0,178.3000000000001,33.792244897959186,49,0,1411.0,1441.0,1441.0,1411.0,153.3000000000001,203.3000000000001
3,48,1456.0,178.3000000000001,38.90766666666668,60,0,1441.0,1471.0,1471.0,1441.0,153.3000000000001,203.3000000000001
3,49,1486.0,178.3000000000001,33.839102564102554,78,0,1471.0,1501.0,1501.0,1471.0,153.3000000000001,203.3000000000001
3,50,1516.0,178.3000000000001,36.11839285714286,56,0,1501.0,1531.0,1531.0,1501.0,153.3000000000001,203.3000000000001
3,51,1546.0,178.3000000000001,42.23847457627118,59,0,1531.0,1561.0,1561.0,1531.0,153.3000000000001,203.3000000000001
3,52,1576.0,178.3000000000001,46.418749999999996,48,0,1561.0,1591.0,1591.0,1561.0,153.3000000000001,203.3000000000001
3,53,1606.0,178.3000000000001,42.506944444444436,60,0,1591.0,1621.0,1621.0,1591.0,153.3000000000001,203.3000000000001
3,54,1636.0,178.3000000000001,42.96292307692307,65,0,1621.0,1651.0,1651.0,1621.0,153.3000000000001,203.3000000000001
3,55,1666.0,178.3000000000001,39.83,46,0,1651.0,1681.0,1681.0,1651.0,153.3000000000001,203.3000000000001
3,56,1696.0,178.3000000000001,39.44220588235292,68,0,1681.0,1711.0,1711.0,1681.0,153.3000000000001,203.3000000000001
3,57,1726.0,178.3000000000001,35.07103448275862,58,0,1711.0,1741.0,1741.0,1711.0,153.3000000000001,203.3000000000001
3,58,1756.0,178.3000000000001,30.30130434782608,69,0,1741.0,1771.0,1771.0,1741.0,153.3000000000001,203.3000000000001
3,59,1786.0,178.3000000000001,33.63462962962962,54,0,1771.0,1801.0,1801.0,1771.0,153.3000000000001,203.3000000000001
3,60,1816.0,178.3000000000001,28.020312500000006,64,0,1801.0,1831.0,1831.0,1801.0,153.3000000000001,203.3000000000001
3,61,1846.0,178.3000000000001,26.453793103448273,58,0,1831.0,1861.0,1861.0,1831.0,153.3000000000001,203.3000000000001
3,62,1876.0,178.3000000000001,25.965076923076925,65,0,1861.0,1891.0,1891.0,1861.0,153.3000000000001,203.3000000000001
3,63,1906.0,178.3000000000001,30.224799999999995,50,0,1891.0,1921.0,1921.0,1891.0,153.3000000000001,203.3000000000001
3,64,1936.0,178.3000000000001,36.32583333333332,36,0,1921.0,1951.0,1951.0,1921.0,153.3000000000001,203.3000000000001
3,65,1966.0,178.3000000000001,38.52433333333334,60,0,1951.0,1981.0,1981.0,1951.0,153.3000000000001,203.3000000000001
3,66,1996.0,178.3000000000001,38.05431818181818,44,0,1981.0,2011.0,2011.0,1981.0,153.3000000000001,203.3000000000001
3,67,2026.0,178.3000000000001,29.13786885245901,61,0,2011.0,2041.0,2041.0,2011.0,153.3000000000001,203.3000000000001
3,68,2056.0,178.3000000000001,31.92351851851853,54,0,2041.0,2071.0,2071.0,2041.0,153.3000000000001,203.3000000000001
3,69,2086.0,178.3000000000001,30.876349206349204,63,0,2071.0,2101.0,2101.0,2071.0,153.3000000000001,203.3000000000001
3,70,2116.0,178.3000000000001,34.10864406779661,59,0,2101.0,2131.0,2131.0,2101.0,153.3000000000001,203.3000000000001
3,71,2146.0,178.3000000000001,37.37464285714285,56,0,2131.0,2161.0,2161.0,2131.0,153.3000000000001,203.3000000000001
3,72,2176.0,178.3000000000001,39.6456,50,0,2161.0,2191.0,2191.0,2161.0,153.3000000000001,203.3000000000001
3,73,2206.0,178.3000000000001,31.384418604651163,43,0,2191.0,2221.0,2221.0,2191.0,153.3000000000001,203.3000000000001
3,74,2236.0,178.3000000000001,25.4360655737705,61,0,2221.0,2251.0,2251.0,2221.0,153.3000000000001,203.3000000000001
3,75,2266.0,178.3000000000001,23.724835164835167,91,0,2251.0,2281.0,2281.0,2251.0,153.3000000000001,203.3000000000001
3,76,2296.0,178.3000000000001,22.114358974358975,78,0,2281.0,2311.0,2311.0,2281.0,153.3000000000001,203.3000000000001
3,77,2326.0,178.3000000000001,26.956333333333326,60,0,2311.0,2341.0,2341.0,2311.0,153.3000000000001,203.3000000000001
3,78,2356.0,178.3000000000001,33.975468750000005,64,0,2341.0,2371.0,2371.0,2341.0,153.3000000000001,203.3000000000001
3,79,2386.0,178.3000000000001,38.41063829787234,47,0,2371.0,2401.0,2401.0,2371.0,153.3000000000001,203.3000000000001
3,80,2416.0,178.3000000000001,39.8772549019608,51,0,2401.0,2431.0,2431.0,2401.0,153.3000000000001,203.3000000000001
3,81,2446.0,178.3000000000001,32.43571428571428,49,0,2431.0,2461.0,2461.0,2431.0,153.3000000000001,203.3000000000001
3,82,2476.0,178.3000000000001,26.8530985915493,71,0,2461.0,2491.0,2491.0,2461.0,153.3000000000001,203.3000000000001
3,83,2506.0,178.3000000000001,28.95883116883116,77,0,2491.0,2521.0,2521.0,2491.0,153.3000000000001,203.3000000000001
3,84,2536.0,178.3000000000001,33.39021276595744,47,0,2521.0,2551.0,2551.0,2521.0,153.3000000000001,203.3000000000001
3,85,2566.0,178.3000000000001,29.515937499999996,64,0,2551.0,2581.0,2581.0,2551.0,153.3000000000001,203.3000000000001
3,86,2596.0,178.3000000000001,28.132166666666663,60,0,2581.0,2611.0,2611.0,2581.0,153.3000000000001,203.3000000000001
3,87,2626.0,178.3000000000001,26.737205882352942,68,0,2611.0,2641.0,2641.0,2611.0,153.3000000000001,203.3000000000001
3,88,2656.0,178.3000000000001,28.715882352941176,68,0,2641.0,2671.0,2671.0,2641.0,153.3000000000001,203.3000000000001
3,89,2686.0,178.3000000000001,34.16587301587302,63,0,2671.0,2701.0,2701.0,2671.0,153.3000000000001,203.3000000000001
3,90,2716.0,178.3000000000001,32.025,76,0,2701.0,2731.0,2731.0,2701.0,153.3000000000001,203.3000000000001
3,91,2746.0,178.3000000000001,24.051388888888887,72,0,2731.0,2761.0,2761.0,2731.0,153.3000000000001,203.3000000000001
3,92,2776.0,178.3000000000001,21.79875,72,0,2761.0,2791.0,2791.0,2761.0,153.3000000000001,203.3000000000001
3,93,2806.0,178.3000000000001,31.435490196078423,51,0,2791.0,2821.0,2821.0,2791.0,153.3000000000001,203.3000000000001
3,94,2836.0,178.3000000000001,32.29538461538462,78,0,2821.0,2851.0,2851.0,2821.0,153.3000000000001,203.3000000000001
3,95,2866.0,178.3000000000001,28.035064935064952,77,0,2851.0,2881.0,2881.0,2851.0,153.3000000000001,203.3000000000001
3,96,2896.0,178.3000000000001,25.00755813953488,86,0,2881.0,2911.0,2911.0,2881.0,153.3000000000001,203.3000000000001
3,97,2926.0,178.3000000000001,24.693448275862064,87,0,2911.0,2941.0,2941.0,2911.0,153.3000000000001,203.3000000000001
3,98,2956.0,178.3000000000001,32.700392156862755,51,0,2941.0,2971.0,2971.0,2941.0,153.3000000000001,203.3000000000001
3,99,2986.0,178.3000000000001,31.32492957746478,71,0,2971.0,3001.0,3001.0,2971.0,153.3000000000001,203.3000000000001
3,100,3016.0,178.3000000000001,32.35339999999999,50,0,3001.0,3031.0,3031.0,3001.0,153.3000000000001,203.3000000000001
3,101,3046.0,178.3000000000001,33.02706896551724,58,0,3031.0,3061.0,3061.0,3031.0,153.3000000000001,203.3000000000001
3,102,3076.0,178.3000000000001,35.9792,50,0,3061.0,3091.0,3091.0,3061.0,153.3000000000001,203.3000000000001
3,103,3106.0,178.3000000000001,32.69483870967743,62,0,3091.0,3121.0,3121.0,3091.0,153.3000000000001,203.3000000000001
3,104,3136.0,178.3000000000001,28.13138513513514,74,0,3121.0,3151.0,3151.0,3121.0,153.3000000000001,203.3000000000001
3,105,3166.0,178.3000000000001,22.440106382978737,94,0,3151.0,3181.0,3181.0,3151.0,153.3000000000001,203.3000000000001
3,106,3196.0,178.3000000000001,25.63173913043479,92,0,3181.0,3211.0,3211.0,3181.0,153.3000000000001,203.3000000000001
3,107,3226.0,178.3000000000001,30.783492063492062,63,0,3211.0,3241.0,3241.0,3211.0,153.3000000000001,203.3000000000001
3,108,3256.0,178.3000000000001,34.02724637681162,69,0,3241.0,3271.0,3271.0,3241.0,153.3000000000001,203.3000000000001
3,109,3286.0,178.3000000000001,32.18394366197183,71,0,3271.0,3301.0,3301.0,3271.0,153.3000000000001,203.3000000000001
3,110,3316.0,178.3000000000001,27.3106329113924,79,0,3301.0,3331.0,3331.0,3301.0,153.3000000000001,203.3000000000001
3,111,3346.0,178.3000000000001,20.988873239436625,71,0,3331.0,3361.0,3361.0,3331.0,153.3000000000001,203.3000000000001
3,112,3376.0,178.3000000000001,22.96769230769231,65,0,3361.0,3391.0,3391.0,3361.0,153.3000000000001,203.3000000000001
3,113,3406.0,178.3000000000001,21.55697674418605,86,0,3391.0,3421.0,3421.0,3391.0,153.3000000000001,203.3000000000001
3,114,3436.0,178.3000000000001,23.578292682926826,82,0,3421.0,3451.0,3451.0,3421.0,153.3000000000001,203.3000000000001
3,115,3466.0,178.3000000000001,25.13185185185186,81,0,3451.0,3481.0,3481.0,3451.0,153.3000000000001,203.3000000000001
3,116,3496.0,178.3000000000001,27.411204819277103,83,0,3481.0,3511.0,3511.0,3481.0,153.3000000000001,203.3000000000001
3,117,3526.0,178.3000000000001,25.024022988505745,87,0,3511.0,3541.0,3541.0,3511.0,153.3000000000001,203.3000000000001
3,118,3556.0,178.3000000000001,24.36141176470588,85,0,3541.0,3571.0,3571.0,3541.0,153.3000000000001,203.3000000000001
3,119,3586.0,178.3000000000001,24.66161764705882,68,0,3571.0,3601.0,3601.0,3571.0,153.3000000000001,203.3000000000001
3,120,3616.0,178.3000000000001,30.048245614035093,57,0,3601.0,3631.0,3631.0,3601.0,153.3000000000001,203.3000000000001
3,121,3646.0,178.3000000000001,,0,0,3631.0,3661.0,3661.0,3631.0,153.3000000000001,203.3000000000001
3,122,3676.0,178.3000000000001,,0,0,3661.0,3691.0,3691.0,3661.0,153.3000000000001,203.3000000000001
3,123,3706.0,178.3000000000001,,0,0,3691.0,3721.0,3721.0,3691.0,153.3000000000001,203.3000000000001
3,124,3736.0,178.3000000000001,,0,0,3721.0,3751.0,3751.0,3721.0,153.3000000000001,203.3000000000001
3,125,3766.0,178.3000000000001,,0,0,3751.0,3781.0,3781.0,3751.0,153.3000000000001,203.3000000000001
3,126,3796.0,178.3000000000001,,0,0,3781.0,3811.0,3811.0,3781.0,153.3000000000001,203.3000000000001
3,127,3826.0,178.3000000000001,,0,0,3811.0,3841.0,3841.0,3811.0,153.3000000000001,203.3000000000001
4,0,16.0,228.3000000000001,70.8275,24,0,1.0,31.0,31.0,1.0,203.3000000000001,253.3000000000001
4,1,46.0,228.3000000000001,74.69,11,0,31.0,61.0,61.0,31.0,203.3000000000001,253.3000000000001
4,2,76.0,228.3000000000001,54.784000000000006,30,0,61.0,91.0,91.0,61.0,203.3000000000001,253.3000000000001
4,3,106.0,228.3000000000001,62.995937500000004,32,0,91.0,121.0,121.0,91.0,203.3000000000001,253.3000000000001
4,4,136.0,228.3000000000001,66.64692307692307,26,0,121.0,151.0,151.0,121.0,203.3000000000001,253.3000000000001
4,5,166.0,228.3000000000001,74.08904761904763,21,0,151.0,181.0,181.0,151.0,203.3000000000001,253.3000000000001
4,6,196.0,228.3000000000001,73.72242424242424,33,0,181.0,211.0,211.0,181.0,203.3000000000001,253.3000000000001
4,7,226.0,228.3000000000001,69.6725,16,0,211.0,241.0,241.0,211.0,203.3000000000001,253.3000000000001
4,8,256.0,228.3000000000001,66.17612500000001,20,0,241.0,271.0,271.0,241.0,203.3000000000001,253.3000000000001
4,9,286.0,228.3000000000001,71.25608695652171,23,0,271.0,301.0,301.0,271.0,203.3000000000001,253.3000000000001
4,10,316.0,228.3000000000001,76.018,5,0,301.0,331.0,331.0,301.0,203.3000000000001,253.3000000000001
4,11,346.0,228.3000000000001,76.57484848484847,11,0,331.0,361.0,361.0,331.0,203.3000000000001,253.3000000000001
4,12,376.0,228.3000000000001,69.94636363636363,11,0,361.0,391.0,391.0,361.0,203.3000000000001,253.3000000000001
4,13,406.0,228.3000000000001,59.760263157894734,38,0,391.0,421.0,421.0,391.0,203.3000000000001,253.3000000000001
4,14,436.0,228.3000000000001,62.91833333333335,42,0,421.0,451.0,451.0,421.0,203.3000000000001,253.3000000000001
4,15,466.0,228.3000000000001,63.845714285714294,28,0,451.0,481.0,481.0,451.0,203.3000000000001,253.3000000000001
4,16,496.0,228.3000000000001,63.53035714285715,28,0,481.0,511.0,511.0,481.0,203.3000000000001,253.3000000000001
4,17,526.0,228.3000000000001,60.124047619047644,42,0,511.0,541.0,541.0,511.0,203.3000000000001,253.3000000000001
4,18,556.0,228.3000000000001,60.24333333333333,33,0,541.0,571.0,571.0,541.0,203.3000000000001,253.3000000000001
4,19,586.0,228.3000000000001,59.31526315789475,38,0,571.0,601.0,601.0,571.0,203.3000000000001,253.3000000000001
4,20,616.0,228.3000000000001,60.527575757575754,33,0,601.0,631.0,631.0,601.0,203.3000000000001,253.3000000000001
4,21,646.0,228.3000000000001,64.46827586206896,29,0,631.0,661.0,661.0,631.0,203.3000000000001,253.3000000000001
4,22,676.0,228.3000000000001,65.06083333333332,12,0,661.0,691.0,691.0,661.0,203.3000000000001,253.3000000000001
4,23,706.0,228.3000000000001,55.717659574468065,47,0,691.0,721.0,721.0,691.0,203.3000000000001,253.3000000000001
4,24,736.0,228.3000000000001,58.21368421052631,38,0,721.0,751.0,751.0,721.0,203.3000000000001,253.3000000000001
4,25,766.0,228.3000000000001,62.355599999999995,25,0,751.0,781.0,781.0,751.0,203.3000000000001,253.3000000000001
4,26,796.0,228.3000000000001,66.82774193548387,31,0,781.0,811.0,811.0,781.0,203.3000000000001,253.3000000000001
4,27,826.0,228.3000000000001,66.51164502164502,33,0,811.0,841.0,841.0,811.0,203.3000000000001,253.3000000000001
4,28,856.0,228.3000000000001,60.91209302325581,43,0,841.0,871.0,871.0,841.0,203.3000000000001,253.3000000000001
4,29,886.0,228.3000000000001,62.93725000000002,40,0,871.0,901.0,901.0,871.0,203.3000000000001,253.3000000000001
4,30,916.0,228.3000000000001,63.779428571428575,35,0,901.0,931.0,931.0,901.0,203.3000000000001,253.3000000000001
4,31,946.0,228.3000000000001,66.8895,20,0,931.0,961.0,961.0,931.0,203.3000000000001,253.3000000000001
4,32,976.0,228.3000000000001,60.7475,28,0,961.0,991.0,991.0,961.0,203.3000000000001,253.3000000000001
4,33,1006.0,228.3000000000001,52.08553191489361,47,0,991.0,1021.0,1021.0,991.0,203.3000000000001,253.3000000000001
4,34,1036.0,228.3000000000001,50.634901960784326,51,0,1021.0,1051.0,1051.0,1021.0,203.3000000000001,253.3000000000001
4,35,1066.0,228.3000000000001,39.44289855072464,69,0,1051.0,1081.0,1081.0,1051.0,203.3000000000001,253.3000000000001
4,36,1096.0,228.3000000000001,42.315614035087734,57,0,1081.0,1111.0,1111.0,1081.0,203.3000000000001,253.3000000000001
4,37,1126.0,228.3000000000001,56.25473684210526,19,0,1111.0,1141.0,1141.0,1111.0,203.3000000000001,253.3000000000001
4,38,1156.0,228.3000000000001,52.24973684210524,38,0,1141.0,1171.0,1171.0,1141.0,203.3000000000001,253.3000000000001
4,39,1186.0,228.3000000000001,41.77424242424245,66,0,1171.0,1201.0,1201.0,1171.0,203.3000000000001,253.3000000000001
4,40,1216.0,228.3000000000001,42.393888888888895,36,0,1201.0,1231.0,1231.0,1201.0,203.3000000000001,253.3000000000001
4,41,1246.0,228.3000000000001,50.087346938775504,49,0,1231.0,1261.0,1261.0,1231.0,203.3000000000001,253.3000000000001
4,42,1276.0,228.3000000000001,58.748214285714276,28,0,1261.0,1291.0,1291.0,1261.0,203.3000000000001,253.3000000000001
4,43,1306.0,228.3000000000001,48.055000000000014,78,0,1291.0,1321.0,1321.0,1291.0,203.3000000000001,253.3000000000001
4,44,1336.0,228.3000000000001,50.77937499999999,48,0,1321.0,1351.0,1351.0,1321.0,203.3000000000001,253.3000000000001
4,45,1366.0,228.3000000000001,48.99565217391304,46,0,1351.0,1381.0,1381.0,1351.0,203.3000000000001,253.3000000000001
4,46,1396.0,228.3000000000001,34.09117647058824,51,0,1381.0,1411.0,1411.0,1381.0,203.3000000000001,253.3000000000001
4,47,1426.0,228.3000000000001,31.13383333333332,60,0,1411.0,1441.0,1441.0,1411.0,203.3000000000001,253.3000000000001
4,48,1456.0,228.3000000000001,41.31546875000001,64,0,1441.0,1471.0,1471.0,1441.0,203.3000000000001,253.3000000000001
4,49,1486.0,228.3000000000001,33.169999999999995,76,0,1471.0,1501.0,1501.0,1471.0,203.3000000000001,253.3000000000001
4,50,1516.0,228.3000000000001,31.083380281690143,71,0,1501.0,1531.0,1531.0,1501.0,203.3000000000001,253.3000000000001
4,51,1546.0,228.3000000000001,37.43197183098591,71,0,1531.0,1561.0,1561.0,1531.0,203.3000000000001,253.3000000000001
4,52,1576.0,228.3000000000001,44.19039999999999,50,0,1561.0,1591.0,1591.0,1561.0,203.3000000000001,253.3000000000001
4,53,1606.0,228.3000000000001,40.18985507246376,69,0,1591.0,1621.0,1621.0,1591.0,203.3000000000001,253.3000000000001
4,54,1636.0,228.3000000000001,37.954805194805196,77,0,1621.0,1651.0,1651.0,1621.0,203.3000000000001,253.3000000000001
4,55,1666.0,228.3000000000001,38.00307692307693,52,0,1651.0,1681.0,1681.0,1651.0,203.3000000000001,253.3000000000001
4,56,1696.0,228.3000000000001,36.936901408450694,71,0,1681.0,1711.0,1711.0,1681.0,203.3000000000001,253.3000000000001
4,57,1726.0,228.3000000000001,34.76539682539683,63,0,1711.0,1741.0,1741.0,1711.0,203.3000000000001,253.3000000000001
4,58,1756.0,228.3000000000001,33.962173913043486,69,0,1741.0,1771.0,1771.0,1741.0,203.3000000000001,253.3000000000001
4,59,1786.0,228.3000000000001,33.01919354838711,62,0,1771.0,1801.0,1801.0,1771.0,203.3000000000001,253.3000000000001
4,60,1816.0,228.3000000000001,27.762096774193548,62,0,1801.0,1831.0,1831.0,1801.0,203.3000000000001,253.3000000000001
4,61,1846.0,228.3000000000001,27.669298245614048,57,0,1831.0,1861.0,1861.0,1831.0,203.3000000000001,253.3000000000001
4,62,1876.0,228.3000000000001,31.736129032258066,62,0,1861.0,1891.0,1891.0,1861.0,203.3000000000001,253.3000000000001
4,63,1906.0,228.3000000000001,34.274680851063835,47,0,1891.0,1921.0,1921.0,1891.0,203.3000000000001,253.3000000000001
4,64,1936.0,228.3000000000001,39.13025641025643,39,0,1921.0,1951.0,1951.0,1921.0,203.3000000000001,253.3000000000001
4,65,1966.0,228.3000000000001,39.09320754716982,53,0,1951.0,1981.0,1981.0,1951.0,203.3000000000001,253.3000000000001
4,66,1996.0,228.3000000000001,37.449600000000004,50,0,1981.0,2011.0,2011.0,1981.0,203.3000000000001,253.3000000000001
4,67,2026.0,228.3000000000001,31.911754385964898,57,0,2011.0,2041.0,2041.0,2011.0,203.3000000000001,253.3000000000001
4,68,2056.0,228.3000000000001,34.70072727272727,55,0,2041.0,2071.0,2071.0,2041.0,203.3000000000001,253.3000000000001
4,69,2086.0,228.3000000000001,31.78750000000001,64,0,2071.0,2101.0,2101.0,2071.0,203.3000000000001,253.3000000000001
4,70,2116.0,228.3000000000001,34.05271186440679,59,0,2101.0,2131.0,2131.0,2101.0,203.3000000000001,253.3000000000001
4,71,2146.0,228.3000000000001,38.99879310344828,58,0,2131.0,2161.0,2161.0,2131.0,203.3000000000001,253.3000000000001
4,72,2176.0,228.3000000000001,41.75734693877552,49,0,2161.0,2191.0,2191.0,2161.0,203.3000000000001,253.3000000000001
4,73,2206.0,228.3000000000001,31.172884615384625,52,0,2191.0,2221.0,2221.0,2191.0,203.3000000000001,253.3000000000001
4,74,2236.0,228.3000000000001,28.262264150943402,53,0,2221.0,2251.0,2251.0,2221.0,203.3000000000001,253.3000000000001
4,75,2266.0,228.3000000000001,20.698461538461547,78,0,2251.0,2281.0,2281.0,2251.0,203.3000000000001,253.3000000000001
4,76,2296.0,228.3000000000001,26.3223188405797,69,0,2281.0,2311.0,2311.0,2281.0,203.3000000000001,253.3000000000001
4,77,2326.0,228.3000000000001,32.37385964912281,57,0,2311.0,2341.0,2341.0,2311.0,203.3000000000001,253.3000000000001
4,78,2356.0,228.3000000000001,36.64206896551724,58,0,2341.0,2371.0,2371.0,2341.0,203.3000000000001,253.3000000000001
4,79,2386.0,228.3000000000001,40.06685185185187,54,0,2371.0,2401.0,2401.0,2371.0,203.3000000000001,253.3000000000001
4,80,2416.0,228.3000000000001,39.76428571428572,49,0,2401.0,2431.0,2431.0,2401.0,203.3000000000001,253.3000000000001
4,81,2446.0,228.3000000000001,32.62437500000001,48,0,2431.0,2461.0,2461.0,2431.0,203.3000000000001,253.3000000000001
4,82,2476.0,228.3000000000001,28.280468750000004,64,0,2461.0,2491.0,2491.0,2461.0,203.3000000000001,253.3000000000001
4,83,2506.0,228.3000000000001,29.793766233766238,77,0,2491.0,2521.0,2521.0,2491.0,203.3000000000001,253.3000000000001
4,84,2536.0,228.3000000000001,33.28925925925927,54,0,2521.0,2551.0,2551.0,2521.0,203.3000000000001,253.3000000000001
4,85,2566.0,228.3000000000001,30.541896551724136,58,0,2551.0,2581.0,2581.0,2551.0,203.3000000000001,253.3000000000001
4,86,2596.0,228.3000000000001,27.74578125,64,0,2581.0,2611.0,2611.0,2581.0,203.3000000000001,253.3000000000001
4,87,2626.0,228.3000000000001,29.21345454545455,55,0,2611.0,2641.0,2641.0,2611.0,203.3000000000001,253.3000000000001
4,88,2656.0,228.3000000000001,30.731818181818177,66,0,2641.0,2671.0,2671.0,2641.0,203.3000000000001,253.3000000000001
4,89,2686.0,228.3000000000001,31.203235294117643,68,0,2671.0,2701.0,2701.0,2671.0,203.3000000000001,253.3000000000001
4,90,2716.0,228.3000000000001,28.27472972972972,74,0,2701.0,2731.0,2731.0,2701.0,203.3000000000001,253.3000000000001
4,91,2746.0,228.3000000000001,23.50075,80,0,2731.0,2761.0,2761.0,2731.0,203.3000000000001,253.3000000000001
4,92,2776.0,228.3000000000001,27.239344262295088,61,0,2761.0,2791.0,2791.0,2761.0,203.3000000000001,253.3000000000001
4,93,2806.0,228.3000000000001,30.146428571428572,56,0,2791.0,2821.0,2821.0,2791.0,203.3000000000001,253.3000000000001
4,94,2836.0,228.3000000000001,32.70911764705882,68,0,2821.0,2851.0,2851.0,2821.0,203.3000000000001,253.3000000000001
4,95,2866.0,228.3000000000001,28.063670886075947,79,0,2851.0,2881.0,2881.0,2851.0,203.3000000000001,253.3000000000001
4,96,2896.0,228.3000000000001,25.41138888888888,72,0,2881.0,2911.0,2911.0,2881.0,203.3000000000001,253.3000000000001
4,97,2926.0,228.3000000000001,25.482068965517232,87,0,2911.0,2941.0,2941.0,2911.0,203.3000000000001,253.3000000000001
4,98,2956.0,228.3000000000001,34.755961538461534,52,0,2941.0,2971.0,2971.0,2941.0,203.3000000000001,253.3000000000001
4,99,2986.0,228.3000000000001,31.831944444444446,72,0,2971.0,3001.0,3001.0,2971.0,203.3000000000001,253.3000000000001
4,100,3016.0,228.3000000000001,34.112786885245896,61,0,3001.0,3031.0,3031.0,3001.0,203.3000000000001,253.3000000000001
4,101,3046.0,228.3000000000001,36.27106382978723,47,0,3031.0,3061.0,3061.0,3031.0,203.3000000000001,253.3000000000001
4,102,3076.0,228.3000000000001,37.84884615384617,52,0,3061.0,3091.0,3091.0,3061.0,203.3000000000001,253.3000000000001
4,103,3106.0,228.3000000000001,33.87622641509433,53,0,3091.0,3121.0,3121.0,3091.0,203.3000000000001,253.3000000000001
4,104,3136.0,228.3000000000001,27.525675675675686,74,0,3121.0,3151.0,3151.0,3121.0,203.3000000000001,253.3000000000001
4,105,3166.0,228.3000000000001,25.40851851851852,81,0,3151.0,3181.0,3181.0,3151.0,203.3000000000001,253.3000000000001
4,106,3196.0,228.3000000000001,28.8352564102564,78,0,3181.0,3211.0,3211.0,3181.0,203.3000000000001,253.3000000000001
4,107,3226.0,228.3000000000001,28.698714285714278,70,0,3211.0,3241.0,3241.0,3211.0,203.3000000000001,253.3000000000001
4,108,3256.0,228.3000000000001,31.253417721518982,79,0,3241.0,3271.0,3271.0,3241.0,203.3000000000001,253.3000000000001
4,109,3286.0,228.3000000000001,30.707532467532484,77,0,3271.0,3301.0,3301.0,3271.0,203.3000000000001,253.3000000000001
4,110,3316.0,228.3000000000001,25.24204819277108,83,0,3301.0,3331.0,3331.0,3301.0,203.3000000000001,253.3000000000001
4,111,3346.0,228.3000000000001,20.034027777777773,72,0,3331.0,3361.0,3361.0,3331.0,203.3000000000001,253.3000000000001
4,112,3376.0,228.3000000000001,24.541499999999996,60,0,3361.0,3391.0,3391.0,3361.0,203.3000000000001,253.3000000000001
4,113,3406.0,228.3000000000001,18.916236559139794,93,0,3391.0,3421.0,3421.0,3391.0,203.3000000000001,253.3000000000001
4,114,3436.0,228.3000000000001,26.76661971830986,71,0,3421.0,3451.0,3451.0,3421.0,203.3000000000001,253.3000000000001
4,115,3466.0,228.3000000000001,23.533522727272736,88,0,3451.0,3481.0,3481.0,3451.0,203.3000000000001,253.3000000000001
4,116,3496.0,228.3000000000001,21.15275510204081,98,0,3481.0,3511.0,3511.0,3481.0,203.3000000000001,253.3000000000001
4,117,3526.0,228.3000000000001,27.168225806451613,62,0,3511.0,3541.0,3541.0,3511.0,203.3000000000001,253.3000000000001
4,118,3556.0,228.3000000000001,25.04026666666667,75,0,3541.0,3571.0,3571.0,3541.0,203.3000000000001,253.3000000000001
4,119,3586.0,228.3000000000001,29.72610169491525,59,0,3571.0,3601.0,3601.0,3571.0,203.3000000000001,253.3000000000001
4,120,3616.0,228.3000000000001,33.62589285714286,56,0,3601.0,3631.0,3631.0,3601.0,203.3000000000001,253.3000000000001
4,121,3646.0,228.3000000000001,37.19,3,0,3631.0,3661.0,3661.0,3631.0,203.3000000000001,253.3000000000001
4,122,3676.0,228.3000000000001,,0,0,3661.0,3691.0,3691.0,3661.0,203.3000000000001,253.3000000000001
4,123,3706.0,228.3000000000001,,0,0,3691.0,3721.0,3721.0,3691.0,203.3000000000001,253.3000000000001
4,124,3736.0,228.3000000000001,,0,0,3721.0,3751.0,3751.0,3721.0,203.3000000000001,253.3000000000001
4,125,3766.0,228.3000000000001,,0,0,3751.0,3781.0,3781.0,3751.0,203.3000000000001,253.3000000000001
4,126,3796.0,228.3000000000001,,0,0,3781.0,3811.0,3811.0,3781.0,203.3000000000001,253.3000000000001
4,127,3826.0,228.3000000000001,,0,0,3811.0,3841.0,3841.0,3811.0,203.3000000000001,253.3000000000001
5,0,16.0,278.30000000000007,68.005,18,0,1.0,31.0,31.0,1.0,253.3000000000001,303.30000000000007
5,1,46.0,278.30000000000007,71.39090909090909,11,0,31.0,61.0,61.0,31.0,253.3000000000001,303.30000000000007
5,2,76.0,278.30000000000007,55.22040000000002,25,0,61.0,91.0,91.0,61.0,253.3000000000001,303.30000000000007
5,3,106.0,278.30000000000007,59.28690476190478,42,0,91.0,121.0,121.0,91.0,253.3000000000001,303.30000000000007
5,4,136.0,278.30000000000007,63.049599999999984,25,0,121.0,151.0,151.0,121.0,253.3000000000001,303.30000000000007
5,5,166.0,278.30000000000007,71.15733333333333,30,0,151.0,181.0,181.0,151.0,253.3000000000001,303.30000000000007
5,6,196.0,278.30000000000007,71.47533333333334,30,0,181.0,211.0,211.0,181.0,253.3000000000001,303.30000000000007
5,7,226.0,278.30000000000007,67.68,20,0,211.0,241.0,241.0,211.0,253.3000000000001,303.30000000000007
5,8,256.0,278.30000000000007,63.02464285714285,28,0,241.0,271.0,271.0,241.0,253.3000000000001,303.30000000000007
5,9,286.0,278.30000000000007,68.55823529411765,17,0,271.0,301.0,301.0,271.0,253.3000000000001,303.30000000000007
5,10,316.0,278.30000000000007,71.19545454545454,11,0,301.0,331.0,331.0,301.0,253.3000000000001,303.30000000000007
5,11,346.0,278.30000000000007,74.82124999999999,16,0,331.0,361.0,361.0,331.0,253.3000000000001,303.30000000000007
5,12,376.0,278.30000000000007,70.28909090909092,11,0,361.0,391.0,391.0,361.0,253.3000000000001,303.30000000000007
5,13,406.0,278.30000000000007,57.7025,36,0,391.0,421.0,421.0,391.0,253.3000000000001,303.30000000000007
5,14,436.0,278.30000000000007,61.39363636363635,44,0,421.0,451.0,451.0,421.0,253.3000000000001,303.30000000000007
5,15,466.0,278.30000000000007,61.427199999999985,25,0,451.0,481.0,481.0,451.0,253.3000000000001,303.30000000000007
5,16,496.0,278.30000000000007,61.8375,32,0,481.0,511.0,511.0,481.0,253.3000000000001,303.30000000000007
5,17,526.0,278.30000000000007,57.827499999999986,44,0,511.0,541.0,541.0,511.0,253.3000000000001,303.30000000000007
5,18,556.0,278.30000000000007,60.84999999999999,34,0,541.0,571.0,571.0,541.0,253.3000000000001,303.30000000000007
5,19,586.0,278.30000000000007,57.288372093023256,43,0,571.0,601.0,601.0,571.0,253.3000000000001,303.30000000000007
5,20,616.0,278.30000000000007,59.46263157894735,38,0,601.0,631.0,631.0,601.0,253.3000000000001,303.30000000000007
5,21,646.0,278.30000000000007,63.32333333333334,33,0,631.0,661.0,661.0,631.0,253.3000000000001,303.30000000000007
5,22,676.0,278.30000000000007,67.42,12,0,661.0,691.0,691.0,661.0,253.3000000000001,303.30000000000007
5,23,706.0,278.30000000000007,54.98320754716981,53,0,691.0,721.0,721.0,691.0,253.3000000000001,303.30000000000007
5,24,736.0,278.30000000000007,57.539539473684215,38,0,721.0,751.0,751.0,721.0,253.3000000000001,303.30000000000007
5,25,766.0,278.30000000000007,61.410000000000004,27,0,751.0,781.0,781.0,751.0,253.3000000000001,303.30000000000007
5,26,796.0,278.30000000000007,65.56172413793105,29,0,781.0,811.0,811.0,781.0,253.3000000000001,303.30000000000007
5,27,826.0,278.30000000000007,65.4871794871795,39,0,811.0,841.0,841.0,811.0,253.3000000000001,303.30000000000007
5,28,856.0,278.30000000000007,58.80586956521739,46,0,841.0,871.0,871.0,841.0,253.3000000000001,303.30000000000007
5,29,886.0,278.30000000000007,62.183749999999996,40,0,871.0,901.0,901.0,871.0,253.3000000000001,303.30000000000007
5,30,916.0,278.30000000000007,61.79214285714287,42,0,901.0,931.0,931.0,901.0,253.3000000000001,303.30000000000007
5,31,946.0,278.30000000000007,63.782608695652186,23,0,931.0,961.0,961.0,931.0,253.3000000000001,303.30000000000007
5,32,976.0,278.30000000000007,60.54200000000001,25,0,961.0,991.0,991.0,961.0,253.3000000000001,303.30000000000007
5,33,1006.0,278.30000000000007,51.68188679245282,53,0,991.0,1021.0,1021.0,991.0,253.3000000000001,303.30000000000007
5,34,1036.0,278.30000000000007,46.31645320197046,58,0,1021.0,1051.0,1051.0,1021.0,253.3000000000001,303.30000000000007
5,35,1066.0,278.30000000000007,39.13058823529411,68,0,1051.0,1081.0,1081.0,1051.0,253.3000000000001,303.30000000000007
5,36,1096.0,278.30000000000007,42.83966666666667,60,0,1081.0,1111.0,1111.0,1081.0,253.3000000000001,303.30000000000007
5,37,1126.0,278.30000000000007,54.30769230769231,26,0,1111.0,1141.0,1141.0,1111.0,253.3000000000001,303.30000000000007
5,38,1156.0,278.30000000000007,51.93323529411766,34,0,1141.0,1171.0,1171.0,1141.0,253.3000000000001,303.30000000000007
5,39,1186.0,278.30000000000007,41.955820895522386,67,0,1171.0,1201.0,1201.0,1171.0,253.3000000000001,303.30000000000007
5,40,1216.0,278.30000000000007,39.27613636363636,44,0,1201.0,1231.0,1231.0,1201.0,253.3000000000001,303.30000000000007
5,41,1246.0,278.30000000000007,47.19630434782608,46,0,1231.0,1261.0,1261.0,1231.0,253.3000000000001,303.30000000000007
5,42,1276.0,278.30000000000007,54.5516129032258,31,0,1261.0,1291.0,1291.0,1261.0,253.3000000000001,303.30000000000007
5,43,1306.0,278.30000000000007,45.383676470588235,68,0,1291.0,1321.0,1321.0,1291.0,253.3000000000001,303.30000000000007
5,44,1336.0,278.30000000000007,51.13749999999999,48,0,1321.0,1351.0,1351.0,1321.0,253.3000000000001,303.30000000000007
5,45,1366.0,278.30000000000007,44.075094339622645,53,0,1351.0,1381.0,1381.0,1351.0,253.3000000000001,303.30000000000007
5,46,1396.0,278.30000000000007,33.75411764705882,51,0,1381.0,1411.0,1411.0,1381.0,253.3000000000001,303.30000000000007
5,47,1426.0,278.30000000000007,30.654354838709683,62,0,1411.0,1441.0,1441.0,1411.0,253.3000000000001,303.30000000000007
5,48,1456.0,278.30000000000007,43.53,61,0,1441.0,1471.0,1471.0,1441.0,253.3000000000001,303.30000000000007
5,49,1486.0,278.30000000000007,37.404531250000005,64,0,1471.0,1501.0,1501.0,1471.0,253.3000000000001,303.30000000000007
5,50,1516.0,278.30000000000007,32.87513888888889,72,0,1501.0,1531.0,1531.0,1501.0,253.3000000000001,303.30000000000007
5,51,1546.0,278.30000000000007,35.21045454545454,66,0,1531.0,1561.0,1561.0,1531.0,253.3000000000001,303.30000000000007
5,52,1576.0,278.30000000000007,40.08105263157895,57,0,1561.0,1591.0,1591.0,1561.0,253.3000000000001,303.30000000000007
5,53,1606.0,278.30000000000007,39.588730158730165,63,0,1591.0,1621.0,1621.0,1591.0,253.3000000000001,303.30000000000007
5,54,1636.0,278.30000000000007,35.18741176470589,85,0,1621.0,1651.0,1651.0,1621.0,253.3000000000001,303.30000000000007
5,55,1666.0,278.30000000000007,33.596363636363634,66,0,1651.0,1681.0,1681.0,1651.0,253.3000000000001,303.30000000000007
5,56,1696.0,278.30000000000007,35.50916666666667,72,0,1681.0,1711.0,1711.0,1681.0,253.3000000000001,303.30000000000007
5,57,1726.0,278.30000000000007,34.1301515151515,66,0,1711.0,1741.0,1741.0,1711.0,253.3000000000001,303.30000000000007
5,58,1756.0,278.30000000000007,38.56888888888889,63,0,1741.0,1771.0,1771.0,1741.0,253.3000000000001,303.30000000000007
5,59,1786.0,278.30000000000007,30.50567164179104,67,0,1771.0,1801.0,1801.0,1771.0,253.3000000000001,303.30000000000007
5,60,1816.0,278.30000000000007,29.590000000000003,55,0,1801.0,1831.0,1831.0,1801.0,253.3000000000001,303.30000000000007
5,61,1846.0,278.30000000000007,30.71333333333334,54,0,1831.0,1861.0,1861.0,1831.0,253.3000000000001,303.30000000000007
5,62,1876.0,278.30000000000007,34.097213114754084,61,0,1861.0,1891.0,1891.0,1861.0,253.3000000000001,303.30000000000007
5,63,1906.0,278.30000000000007,37.37349999999999,40,0,1891.0,1921.0,1921.0,1891.0,253.3000000000001,303.30000000000007
5,64,1936.0,278.30000000000007,41.62977777777778,45,0,1921.0,1951.0,1951.0,1921.0,253.3000000000001,303.30000000000007
5,65,1966.0,278.30000000000007,36.38703703703705,54,0,1951.0,1981.0,1981.0,1951.0,253.3000000000001,303.30000000000007
5,66,1996.0,278.30000000000007,34.68283018867925,53,0,1981.0,2011.0,2011.0,1981.0,253.3000000000001,303.30000000000007
5,67,2026.0,278.30000000000007,36.76196078431372,51,0,2011.0,2041.0,2041.0,2011.0,253.3000000000001,303.30000000000007
5,68,2056.0,278.30000000000007,36.44979591836734,49,0,2041.0,2071.0,2071.0,2041.0,253.3000000000001,303.30000000000007
5,69,2086.0,278.30000000000007,32.24323076923077,65,0,2071.0,2101.0,2101.0,2071.0,253.3000000000001,303.30000000000007
5,70,2116.0,278.30000000000007,34.96868852459017,61,0,2101.0,2131.0,2131.0,2101.0,253.3000000000001,303.30000000000007
5,71,2146.0,278.30000000000007,40.19428571428572,49,0,2131.0,2161.0,2161.0,2131.0,253.3000000000001,303.30000000000007
5,72,2176.0,278.30000000000007,42.05895833333335,48,0,2161.0,2191.0,2191.0,2161.0,253.3000000000001,303.30000000000007
5,73,2206.0,278.30000000000007,33.19895833333334,48,0,2191.0,2221.0,2221.0,2191.0,253.3000000000001,303.30000000000007
5,74,2236.0,278.30000000000007,27.90148148148148,54,0,2221.0,2251.0,2251.0,2221.0,253.3000000000001,303.30000000000007
5,75,2266.0,278.30000000000007,23.81492537313433,67,0,2251.0,2281.0,2281.0,2251.0,253.3000000000001,303.30000000000007
5,76,2296.0,278.30000000000007,28.274714285714285,70,0,2281.0,2311.0,2311.0,2281.0,253.3000000000001,303.30000000000007
5,77,2326.0,278.30000000000007,34.2105,60,0,2311.0,2341.0,2341.0,2311.0,253.3000000000001,303.30000000000007
5,78,2356.0,278.30000000000007,38.173818181818184,55,0,2341.0,2371.0,2371.0,2341.0,253.3000000000001,303.30000000000007
5,79,2386.0,278.30000000000007,38.679615384615374,52,0,2371.0,2401.0,2401.0,2371.0,253.3000000000001,303.30000000000007
5,80,2416.0,278.30000000000007,36.1442372881356,59,0,2401.0,2431.0,2431.0,2401.0,253.3000000000001,303.30000000000007
5,81,2446.0,278.30000000000007,31.929130434782618,46,0,2431.0,2461.0,2461.0,2431.0,253.3000000000001,303.30000000000007
5,82,2476.0,278.30000000000007,28.49101694915254,59,0,2461.0,2491.0,2491.0,2461.0,253.3000000000001,303.30000000000007
5,83,2506.0,278.30000000000007,26.83785714285714,84,0,2491.0,2521.0,2521.0,2491.0,253.3000000000001,303.30000000000007
5,84,2536.0,278.30000000000007,31.260158730158732,63,0,2521.0,2551.0,2551.0,2521.0,253.3000000000001,303.30000000000007
5,85,2566.0,278.30000000000007,31.116034482758632,58,0,2551.0,2581.0,2581.0,2551.0,253.3000000000001,303.30000000000007
5,86,2596.0,278.30000000000007,30.088703703703715,54,0,2581.0,2611.0,2611.0,2581.0,253.3000000000001,303.30000000000007
5,87,2626.0,278.30000000000007,32.03655172413793,58,0,2611.0,2641.0,2641.0,2611.0,253.3000000000001,303.30000000000007
5,88,2656.0,278.30000000000007,33.56363636363635,55,0,2641.0,2671.0,2671.0,2641.0,253.3000000000001,303.30000000000007
5,89,2686.0,278.30000000000007,34.01877192982456,57,0,2671.0,2701.0,2701.0,2671.0,253.3000000000001,303.30000000000007
5,90,2716.0,278.30000000000007,28.64051282051281,78,0,2701.0,2731.0,2731.0,2701.0,253.3000000000001,303.30000000000007
5,91,2746.0,278.30000000000007,26.234848484848477,66,0,2731.0,2761.0,2761.0,2731.0,253.3000000000001,303.30000000000007
5,92,2776.0,278.30000000000007,31.3806779661017,59,0,2761.0,2791.0,2791.0,2761.0,253.3000000000001,303.30000000000007
5,93,2806.0,278.30000000000007,31.526551724137942,58,0,2791.0,2821.0,2821.0,2791.0,253.3000000000001,303.30000000000007
5,94,2836.0,278.30000000000007,32.5190625,64,0,2821.0,2851.0,2851.0,2821.0,253.3000000000001,303.30000000000007
5,95,2866.0,278.30000000000007,29.651780821917797,73,0,2851.0,2881.0,2881.0,2851.0,253.3000000000001,303.30000000000007
5,96,2896.0,278.30000000000007,25.07058139534884,86,0,2881.0,2911.0,2911.0,2881.0,253.3000000000001,303.30000000000007
5,97,2926.0,278.30000000000007,28.842999999999993,70,0,2911.0,2941.0,2941.0,2911.0,253.3000000000001,303.30000000000007
5,98,2956.0,278.30000000000007,35.8906779661017,59,0,2941.0,2971.0,2971.0,2941.0,253.3000000000001,303.30000000000007
5,99,2986.0,278.30000000000007,36.07222222222222,54,0,2971.0,3001.0,3001.0,2971.0,253.3000000000001,303.30000000000007
5,100,3016.0,278.30000000000007,33.75064935064935,77,0,3001.0,3031.0,3031.0,3001.0,253.3000000000001,303.30000000000007
5,101,3046.0,278.30000000000007,37.75675675675676,37,0,3031.0,3061.0,3061.0,3031.0,253.3000000000001,303.30000000000007
5,102,3076.0,278.30000000000007,40.62508771929826,57,0,3061.0,3091.0,3091.0,3061.0,253.3000000000001,303.30000000000007
5,103,3106.0,278.30000000000007,34.96734693877551,49,0,3091.0,3121.0,3121.0,3091.0,253.3000000000001,303.30000000000007
5,104,3136.0,278.30000000000007,29.959523809523795,63,0,3121.0,3151.0,3151.0,3121.0,253.3000000000001,303.30000000000007
5,105,3166.0,278.30000000000007,29.990151515151517,66,0,3151.0,3181.0,3181.0,3151.0,253.3000000000001,303.30000000000007
5,106,3196.0,278.30000000000007,31.292297297297306,74,0,3181.0,3211.0,3211.0,3181.0,253.3000000000001,303.30000000000007
5,107,3226.0,278.30000000000007,34.05016949152543,59,0,3211.0,3241.0,3241.0,3211.0,253.3000000000001,303.30000000000007
5,108,3256.0,278.30000000000007,31.35993333333333,75,0,3241.0,3271.0,3271.0,3241.0,253.3000000000001,303.30000000000007
5,109,3286.0,278.30000000000007,30.044189189189193,74,0,3271.0,3301.0,3301.0,3271.0,253.3000000000001,303.30000000000007
5,110,3316.0,278.30000000000007,24.659024390243907,82,0,3301.0,3331.0,3331.0,3301.0,253.3000000000001,303.30000000000007
5,111,3346.0,278.30000000000007,22.78024390243904,82,0,3331.0,3361.0,3361.0,3331.0,253.3000000000001,303.30000000000007
5,112,3376.0,278.30000000000007,21.16902777777777,72,0,3361.0,3391.0,3391.0,3361.0,253.3000000000001,303.30000000000007
5,113,3406.0,278.30000000000007,24.112931034482767,58,0,3391.0,3421.0,3421.0,3391.0,253.3000000000001,303.30000000000007
5,114,3436.0,278.30000000000007,28.71901408450704,71,0,3421.0,3451.0,3451.0,3421.0,253.3000000000001,303.30000000000007
5,115,3466.0,278.30000000000007,24.243749999999995,80,0,3451.0,3481.0,3481.0,3451.0,253.3000000000001,303.30000000000007
5,116,3496.0,278.30000000000007,26.378101265822785,79,0,3481.0,3511.0,3511.0,3481.0,253.3000000000001,303.30000000000007
5,117,3526.0,278.30000000000007,31.043279569892466,62,0,3511.0,3541.0,3541.0,3511.0,253.3000000000001,303.30000000000007
5,118,3556.0,278.30000000000007,33.24344262295082,61,0,3541.0,3571.0,3571.0,3541.0,253.3000000000001,303.30000000000007
5,119,3586.0,278.30000000000007,33.6601724137931,58,0,3571.0,3601.0,3601.0,3571.0,253.3000000000001,303.30000000000007
5,120,3616.0,278.30000000000007,38.052093023255814,43,0,3601.0,3631.0,3631.0,3601.0,253.3000000000001,303.30000000000007
5,121,3646.0,278.30000000000007,38.09384615384615,13,0,3631.0,3661.0,3661.0,3631.0,253.3000000000001,303.30000000000007
5,122,3676.0,278.30000000000007,,0,0,3661.0,3691.0,3691.0,3661.0,253.3000000000001,303.30000000000007
5,123,3706.0,278.30000000000007,,0,0,3691.0,3721.0,3721.0,3691.0,253.3000000000001,303.30000000000007
5,124,3736.0,278.30000000000007,,0,0,3721.0,3751.0,3751.0,3721.0,253.3000000000001,303.30000000000007
5,125,3766.0,278.30000000000007,,0,0,3751.0,3781.0,3781.0,3751.0,253.3000000000001,303.30000000000007
5,126,3796.0,278.30000000000007,,0,0,3781.0,3811.0,3811.0,3781.0,253.3000000000001,303.30000000000007
5,127,3826.0,278.30000000000007,,0,0,3811.0,3841.0,3841.0,3811.0,253.3000000000001,303.30000000000007
6,0,16.0,328.30000000000007,69.82047619047619,21,0,1.0,31.0,31.0,1.0,303.30000000000007,353.30000000000007
6,1,46.0,328.30000000000007,71.49,9,0,31.0,61.0,61.0,31.0,303.30000000000007,353.30000000000007
6,2,76.0,328.30000000000007,63.019870129870135,22,0,61.0,91.0,91.0,61.0,303.30000000000007,353.30000000000007
6,3,106.0,328.30000000000007,59.171555555555564,45,0,91.0,121.0,121.0,91.0,303.30000000000007,353.30000000000007
6,4,136.0,328.30000000000007,63.53823529411764,17,0,121.0,151.0,151.0,121.0,303.30000000000007,353.30000000000007
6,5,166.0,328.30000000000007,70.52437499999999,32,0,151.0,181.0,181.0,151.0,303.30000000000007,353.30000000000007
6,6,196.0,328.30000000000007,74.31173913043476,23,0,181.0,211.0,211.0,181.0,303.30000000000007,353.30000000000007
6,7,226.0,328.30000000000007,70.81692307692309,26,0,211.0,241.0,241.0,211.0,303.30000000000007,353.30000000000007
6,8,256.0,328.30000000000007,65.60818181818182,22,0,241.0,271.0,271.0,241.0,303.30000000000007,353.30000000000007
6,9,286.0,328.30000000000007,69.88166666666667,18,0,271.0,301.0,301.0,271.0,303.30000000000007,353.30000000000007
6,10,316.0,328.30000000000007,69.87454545454544,11,0,301.0,331.0,331.0,301.0,303.30000000000007,353.30000000000007
6,11,346.0,328.30000000000007,77.21916666666668,12,0,331.0,361.0,361.0,331.0,303.30000000000007,353.30000000000007
6,12,376.0,328.30000000000007,72.92583333333333,12,0,361.0,391.0,391.0,361.0,303.30000000000007,353.30000000000007
6,13,406.0,328.30000000000007,59.03162162162164,37,0,391.0,421.0,421.0,391.0,303.30000000000007,353.30000000000007
6,14,436.0,328.30000000000007,63.20738095238097,42,0,421.0,451.0,451.0,421.0,303.30000000000007,353.30000000000007
6,15,466.0,328.30000000000007,61.821379310344824,29,0,451.0,481.0,481.0,451.0,303.30000000000007,353.30000000000007
6,16,496.0,328.30000000000007,64.3617142857143,35,0,481.0,511.0,511.0,481.0,303.30000000000007,353.30000000000007
6,17,526.0,328.30000000000007,58.815452196382424,43,0,511.0,541.0,541.0,511.0,303.30000000000007,353.30000000000007
6,18,556.0,328.30000000000007,61.996875,32,0,541.0,571.0,571.0,541.0,303.30000000000007,353.30000000000007
6,19,586.0,328.30000000000007,58.35270270270269,37,0,571.0,601.0,601.0,571.0,303.30000000000007,353.30000000000007
6,20,616.0,328.30000000000007,60.85555555555555,36,0,601.0,631.0,631.0,601.0,303.30000000000007,353.30000000000007
6,21,646.0,328.30000000000007,63.55575757575757,33,0,631.0,661.0,661.0,631.0,303.30000000000007,353.30000000000007
6,22,676.0,328.30000000000007,68.38071428571429,14,0,661.0,691.0,691.0,661.0,303.30000000000007,353.30000000000007
6,23,706.0,328.30000000000007,55.83380952380952,42,0,691.0,721.0,721.0,691.0,303.30000000000007,353.30000000000007
6,24,736.0,328.30000000000007,59.63574999999999,40,0,721.0,751.0,751.0,721.0,303.30000000000007,353.30000000000007
6,25,766.0,328.30000000000007,62.226818181818174,22,0,751.0,781.0,781.0,751.0,303.30000000000007,353.30000000000007
6,26,796.0,328.30000000000007,67.16548387096776,31,0,781.0,811.0,811.0,781.0,303.30000000000007,353.30000000000007
6,27,826.0,328.30000000000007,67.16531250000003,32,0,811.0,841.0,841.0,811.0,303.30000000000007,353.30000000000007
6,28,856.0,328.30000000000007,60.14208333333334,48,0,841.0,871.0,871.0,841.0,303.30000000000007,353.30000000000007
6,29,886.0,328.30000000000007,61.80216216216217,37,0,871.0,901.0,901.0,871.0,303.30000000000007,353.30000000000007
6,30,916.0,328.30000000000007,62.92000000000001,45,0,901.0,931.0,931.0,901.0,303.30000000000007,353.30000000000007
6,31,946.0,328.30000000000007,64.97999999999999,20,0,931.0,961.0,961.0,931.0,303.30000000000007,353.30000000000007
6,32,976.0,328.30000000000007,60.383913043478245,23,0,961.0,991.0,991.0,961.0,303.30000000000007,353.30000000000007
6,33,1006.0,328.30000000000007,52.63900000000002,50,0,991.0,1021.0,1021.0,991.0,303.30000000000007,353.30000000000007
6,34,1036.0,328.30000000000007,42.064531249999995,64,0,1021.0,1051.0,1051.0,1021.0,303.30000000000007,353.30000000000007
6,35,1066.0,328.30000000000007,40.11632352941177,68,0,1051.0,1081.0,1081.0,1051.0,303.30000000000007,353.30000000000007
6,36,1096.0,328.30000000000007,45.258813559322036,59,0,1081.0,1111.0,1111.0,1081.0,303.30000000000007,353.30000000000007
6,37,1126.0,328.30000000000007,54.39233333333333,30,0,1111.0,1141.0,1141.0,1111.0,303.30000000000007,353.30000000000007
6,38,1156.0,328.30000000000007,53.724375,32,0,1141.0,1171.0,1171.0,1141.0,303.30000000000007,353.30000000000007
6,39,1186.0,328.30000000000007,47.19148936170212,47,0,1171.0,1201.0,1201.0,1171.0,303.30000000000007,353.30000000000007
6,40,1216.0,328.30000000000007,40.779,50,0,1201.0,1231.0,1231.0,1201.0,303.30000000000007,353.30000000000007
6,41,1246.0,328.30000000000007,47.28340909090911,44,0,1231.0,1261.0,1261.0,1231.0,303.30000000000007,353.30000000000007
6,42,1276.0,328.30000000000007,50.23634920634921,42,0,1261.0,1291.0,1291.0,1261.0,303.30000000000007,353.30000000000007
6,43,1306.0,328.30000000000007,46.68157894736842,57,0,1291.0,1321.0,1321.0,1291.0,303.30000000000007,353.30000000000007
6,44,1336.0,328.30000000000007,51.03461538461538,52,0,1321.0,1351.0,1351.0,1321.0,303.30000000000007,353.30000000000007
6,45,1366.0,328.30000000000007,40.6962,50,0,1351.0,1381.0,1381.0,1351.0,303.30000000000007,353.30000000000007
6,46,1396.0,328.30000000000007,35.1218,50,0,1381.0,1411.0,1411.0,1381.0,303.30000000000007,353.30000000000007
6,47,1426.0,328.30000000000007,34.76490196078432,51,0,1411.0,1441.0,1441.0,1411.0,303.30000000000007,353.30000000000007
6,48,1456.0,328.30000000000007,44.55875000000002,56,0,1441.0,1471.0,1471.0,1441.0,303.30000000000007,353.30000000000007
6,49,1486.0,328.30000000000007,43.468600000000016,50,0,1471.0,1501.0,1501.0,1471.0,303.30000000000007,353.30000000000007
6,50,1516.0,328.30000000000007,36.42937500000001,64,0,1501.0,1531.0,1531.0,1501.0,303.30000000000007,353.30000000000007
6,51,1546.0,328.30000000000007,36.30836363636363,55,0,1531.0,1561.0,1561.0,1531.0,303.30000000000007,353.30000000000007
6,52,1576.0,328.30000000000007,38.79129032258064,62,0,1561.0,1591.0,1591.0,1561.0,303.30000000000007,353.30000000000007
6,53,1606.0,328.30000000000007,43.153448275862054,58,0,1591.0,1621.0,1621.0,1591.0,303.30000000000007,353.30000000000007
6,54,1636.0,328.30000000000007,35.62394736842106,76,0,1621.0,1651.0,1651.0,1621.0,303.30000000000007,353.30000000000007
6,55,1666.0,328.30000000000007,30.85855263157894,76,0,1651.0,1681.0,1681.0,1651.0,303.30000000000007,353.30000000000007
6,56,1696.0,328.30000000000007,35.91508196721311,61,0,1681.0,1711.0,1711.0,1681.0,303.30000000000007,353.30000000000007
6,57,1726.0,328.30000000000007,33.85423076923077,78,0,1711.0,1741.0,1741.0,1711.0,303.30000000000007,353.30000000000007
6,58,1756.0,328.30000000000007,38.318999999999996,60,0,1741.0,1771.0,1771.0,1741.0,303.30000000000007,353.30000000000007
6,59,1786.0,328.30000000000007,31.187619047619044,63,0,1771.0,1801.0,1801.0,1771.0,303.30000000000007,353.30000000000007
6,60,1816.0,328.30000000000007,30.381694915254236,59,0,1801.0,1831.0,1831.0,1801.0,303.30000000000007,353.30000000000007
6,61,1846.0,328.30000000000007,33.04541666666666,48,0,1831.0,1861.0,1861.0,1831.0,303.30000000000007,353.30000000000007
6,62,1876.0,328.30000000000007,36.48375000000001,48,0,1861.0,1891.0,1891.0,1861.0,303.30000000000007,353.30000000000007
6,63,1906.0,328.30000000000007,40.4704761904762,42,0,1891.0,1921.0,1921.0,1891.0,303.30000000000007,353.30000000000007
6,64,1936.0,328.30000000000007,45.340999999999994,40,0,1921.0,1951.0,1951.0,1921.0,303.30000000000007,353.30000000000007
6,65,1966.0,328.30000000000007,37.59860465116278,43,0,1951.0,1981.0,1981.0,1951.0,303.30000000000007,353.30000000000007
6,66,1996.0,328.30000000000007,34.67245614035087,57,0,1981.0,2011.0,2011.0,1981.0,303.30000000000007,353.30000000000007
6,67,2026.0,328.30000000000007,43.45486486486487,37,0,2011.0,2041.0,2041.0,2011.0,303.30000000000007,353.30000000000007
6,68,2056.0,328.30000000000007,40.145319148936174,47,0,2041.0,2071.0,2071.0,2041.0,303.30000000000007,353.30000000000007
6,69,2086.0,328.30000000000007,32.868703703703716,54,0,2071.0,2101.0,2101.0,2071.0,303.30000000000007,353.30000000000007
6,70,2116.0,328.30000000000007,38.54897959183673,49,0,2101.0,2131.0,2131.0,2101.0,303.30000000000007,353.30000000000007
6,71,2146.0,328.30000000000007,43.10134615384614,52,0,2131.0,2161.0,2161.0,2131.0,303.30000000000007,353.30000000000007
6,72,2176.0,328.30000000000007,42.24090909090909,44,0,2161.0,2191.0,2191.0,2161.0,303.30000000000007,353.30000000000007
6,73,2206.0,328.30000000000007,36.81954545454545,44,0,2191.0,2221.0,2221.0,2191.0,303.30000000000007,353.30000000000007
6,74,2236.0,328.30000000000007,33.32,44,0,2221.0,2251.0,2251.0,2221.0,303.30000000000007,353.30000000000007
6,75,2266.0,328.30000000000007,31.48568181818182,44,0,2251.0,2281.0,2281.0,2251.0,303.30000000000007,353.30000000000007
6,76,2296.0,328.30000000000007,31.682711864406784,59,0,2281.0,2311.0,2311.0,2281.0,303.30000000000007,353.30000000000007
6,77,2326.0,328.30000000000007,35.26822580645161,62,0,2311.0,2341.0,2341.0,2311.0,303.30000000000007,353.30000000000007
6,78,2356.0,328.30000000000007,40.57111111111111,45,0,2341.0,2371.0,2371.0,2341.0,303.30000000000007,353.30000000000007
6,79,2386.0,328.30000000000007,39.61187499999999,48,0,2371.0,2401.0,2401.0,2371.0,303.30000000000007,353.30000000000007
6,80,2416.0,328.30000000000007,34.49,51,0,2401.0,2431.0,2431.0,2401.0,303.30000000000007,353.30000000000007
6,81,2446.0,328.30000000000007,32.604629629629635,54,0,2431.0,2461.0,2461.0,2431.0,303.30000000000007,353.30000000000007
6,82,2476.0,328.30000000000007,30.455098039215677,51,0,2461.0,2491.0,2491.0,2461.0,303.30000000000007,353.30000000000007
6,83,2506.0,328.30000000000007,31.536190476190477,63,0,2491.0,2521.0,2521.0,2491.0,303.30000000000007,353.30000000000007
6,84,2536.0,328.30000000000007,29.80219178082191,73,0,2521.0,2551.0,2551.0,2521.0,303.30000000000007,353.30000000000007
6,85,2566.0,328.30000000000007,34.554047619047616,42,0,2551.0,2581.0,2581.0,2551.0,303.30000000000007,353.30000000000007
6,86,2596.0,328.30000000000007,34.53652173913042,46,0,2581.0,2611.0,2611.0,2581.0,303.30000000000007,353.30000000000007
6,87,2626.0,328.30000000000007,35.450784313725485,51,0,2611.0,2641.0,2641.0,2611.0,303.30000000000007,353.30000000000007
6,88,2656.0,328.30000000000007,36.28509803921568,51,0,2641.0,2671.0,2671.0,2641.0,303.30000000000007,353.30000000000007
6,89,2686.0,328.30000000000007,38.948928571428574,56,0,2671.0,2701.0,2701.0,2671.0,303.30000000000007,353.30000000000007
6,90,2716.0,328.30000000000007,32.57921874999999,64,0,2701.0,2731.0,2731.0,2701.0,303.30000000000007,353.30000000000007
6,91,2746.0,328.30000000000007,32.940169491525424,59,0,2731.0,2761.0,2761.0,2731.0,303.30000000000007,353.30000000000007
6,92,2776.0,328.30000000000007,34.400888888888886,45,0,2761.0,2791.0,2791.0,2761.0,303.30000000000007,353.30000000000007
6,93,2806.0,328.30000000000007,35.128431372549024,51,0,2791.0,2821.0,2821.0,2791.0,303.30000000000007,353.30000000000007
6,94,2836.0,328.30000000000007,35.142641509433965,53,0,2821.0,2851.0,2851.0,2821.0,303.30000000000007,353.30000000000007
6,95,2866.0,328.30000000000007,31.13261538461539,65,0,2851.0,2881.0,2881.0,2851.0,303.30000000000007,353.30000000000007
6,96,2896.0,328.30000000000007,26.52184210526315,76,0,2881.0,2911.0,2911.0,2881.0,303.30000000000007,353.30000000000007
6,97,2926.0,328.30000000000007,30.750000000000004,61,0,2911.0,2941.0,2941.0,2911.0,303.30000000000007,353.30000000000007
6,98,2956.0,328.30000000000007,37.354915254237284,59,0,2941.0,2971.0,2971.0,2941.0,303.30000000000007,353.30000000000007
6,99,2986.0,328.30000000000007,40.96847826086957,46,0,2971.0,3001.0,3001.0,2971.0,303.30000000000007,353.30000000000007
6,100,3016.0,328.30000000000007,36.34616666666669,60,0,3001.0,3031.0,3031.0,3001.0,303.30000000000007,353.30000000000007
6,101,3046.0,328.30000000000007,39.554347826086946,46,0,3031.0,3061.0,3061.0,3031.0,303.30000000000007,353.30000000000007
6,102,3076.0,328.30000000000007,43.35474999999999,40,0,3061.0,3091.0,3091.0,3061.0,303.30000000000007,353.30000000000007
6,103,3106.0,328.30000000000007,39.90657142857143,35,0,3091.0,3121.0,3121.0,3091.0,303.30000000000007,353.30000000000007
6,104,3136.0,328.30000000000007,36.61462962962962,54,0,3121.0,3151.0,3151.0,3121.0,303.30000000000007,353.30000000000007
6,105,3166.0,328.30000000000007,36.53647058823531,51,0,3151.0,3181.0,3181.0,3151.0,303.30000000000007,353.30000000000007
6,106,3196.0,328.30000000000007,34.58701492537314,67,0,3181.0,3211.0,3211.0,3181.0,303.30000000000007,353.30000000000007
6,107,3226.0,328.30000000000007,39.81947368421053,57,0,3211.0,3241.0,3241.0,3211.0,303.30000000000007,353.30000000000007
6,108,3256.0,328.30000000000007,33.94586206896551,58,0,3241.0,3271.0,3271.0,3241.0,303.30000000000007,353.30000000000007
6,109,3286.0,328.30000000000007,33.762307692307694,52,0,3271.0,3301.0,3301.0,3271.0,303.30000000000007,353.30000000000007
6,110,3316.0,328.30000000000007,26.43539473684211,76,0,3301.0,3331.0,3331.0,3301.0,303.30000000000007,353.30000000000007
6,111,3346.0,328.30000000000007,27.36058823529412,68,0,3331.0,3361.0,3361.0,3331.0,303.30000000000007,353.30000000000007
6,112,3376.0,328.30000000000007,26.113333333333333,57,0,3361.0,3391.0,3391.0,3361.0,303.30000000000007,353.30000000000007
6,113,3406.0,328.30000000000007,32.35357142857143,42,0,3391.0,3421.0,3421.0,3391.0,303.30000000000007,353.30000000000007
6,114,3436.0,328.30000000000007,31.951718749999998,64,0,3421.0,3451.0,3451.0,3421.0,303.30000000000007,353.30000000000007
6,115,3466.0,328.30000000000007,29.401034482758604,58,0,3451.0,3481.0,3481.0,3451.0,303.30000000000007,353.30000000000007
6,116,3496.0,328.30000000000007,31.781935483870967,62,0,3481.0,3511.0,3511.0,3481.0,303.30000000000007,353.30000000000007
6,117,3526.0,328.30000000000007,37.0045652173913,46,0,3511.0,3541.0,3541.0,3511.0,303.30000000000007,353.30000000000007
6,118,3556.0,328.30000000000007,39.873023255813955,43,0,3541.0,3571.0,3571.0,3541.0,303.30000000000007,353.30000000000007
6,119,3586.0,328.30000000000007,37.588958333333345,48,0,3571.0,3601.0,3601.0,3571.0,303.30000000000007,353.30000000000007
6,120,3616.0,328.30000000000007,41.02116279069767,43,0,3601.0,3631.0,3631.0,3601.0,303.30000000000007,353.30000000000007
6,121,3646.0,328.30000000000007,41.31187500000001,16,0,3631.0,3661.0,3661.0,3631.0,303.30000000000007,353.30000000000007
6,122,3676.0,328.30000000000007,,0,0,3661.0,3691.0,3691.0,3661.0,303.30000000000007,353.30000000000007
6,123,3706.0,328.30000000000007,,0,0,3691.0,3721.0,3721.0,3691.0,303.30000000000007,353.30000000000007
6,124,3736.0,328.30000000000007,,0,0,3721.0,3751.0,3751.0,3721.0,303.30000000000007,353.30000000000007
6,125,3766.0,328.30000000000007,,0,0,3751.0,3781.0,3781.0,3751.0,303.30000000000007,353.30000000000007
6,126,3796.0,328.30000000000007,,0,0,3781.0,3811.0,3811.0,3781.0,303.30000000000007,353.30000000000007
6,127,3826.0,328.30000000000007,,0,0,3811.0,3841.0,3841.0,3811.0,303.30000000000007,353.30000000000007
7,0,16.0,378.30000000000007,68.5304347826087,23,0,1.0,31.0,31.0,1.0,353.30000000000007,403.30000000000007
7,1,46.0,378.30000000000007,71.287,10,0,31.0,61.0,61.0,31.0,353.30000000000007,403.30000000000007
7,2,76.0,378.30000000000007,71.99647058823528,17,0,61.0,91.0,91.0,61.0,353.30000000000007,403.30000000000007
7,3,106.0,378.30000000000007,58.19571428571429,49,0,91.0,121.0,121.0,91.0,353.30000000000007,403.30000000000007
7,4,136.0,378.30000000000007,65.37411764705882,17,0,121.0,151.0,151.0,121.0,353.30000000000007,403.30000000000007
7,5,166.0,378.30000000000007,69.36393939393942,33,0,151.0,181.0,181.0,151.0,353.30000000000007,403.30000000000007
7,6,196.0,378.30000000000007,74.72538461538463,26,0,181.0,211.0,211.0,181.0,353.30000000000007,403.30000000000007
7,7,226.0,378.30000000000007,70.17965517241377,29,0,211.0,241.0,241.0,211.0,353.30000000000007,403.30000000000007
7,8,256.0,378.30000000000007,63.653999999999996,20,0,241.0,271.0,271.0,241.0,353.30000000000007,403.30000000000007
7,9,286.0,378.30000000000007,71.71777777777777,18,0,271.0,301.0,301.0,271.0,353.30000000000007,403.30000000000007
7,10,316.0,378.30000000000007,67.54333333333334,15,0,301.0,331.0,331.0,301.0,353.30000000000007,403.30000000000007
7,11,346.0,378.30000000000007,76.64757575757575,11,0,331.0,361.0,361.0,331.0,353.30000000000007,403.30000000000007
7,12,376.0,378.30000000000007,73.2776923076923,13,0,361.0,391.0,391.0,361.0,353.30000000000007,403.30000000000007
7,13,406.0,378.30000000000007,58.98757575757576,33,0,391.0,421.0,421.0,391.0,353.30000000000007,403.30000000000007
7,14,436.0,378.30000000000007,63.95026315789474,38,0,421.0,451.0,451.0,421.0,353.30000000000007,403.30000000000007
7,15,466.0,378.30000000000007,59.4975,24,0,451.0,481.0,481.0,451.0,353.30000000000007,403.30000000000007
7,16,496.0,378.30000000000007,65.04060606060605,33,0,481.0,511.0,511.0,481.0,353.30000000000007,403.30000000000007
7,17,526.0,378.30000000000007,59.8229268292683,41,0,511.0,541.0,541.0,511.0,353.30000000000007,403.30000000000007
7,18,556.0,378.30000000000007,62.64499999999998,28,0,541.0,571.0,571.0,541.0,353.30000000000007,403.30000000000007
7,19,586.0,378.30000000000007,58.372325581395366,43,0,571.0,601.0,601.0,571.0,353.30000000000007,403.30000000000007
7,20,616.0,378.30000000000007,61.16,35,0,601.0,631.0,631.0,601.0,353.30000000000007,403.30000000000007
7,21,646.0,378.30000000000007,62.36230769230768,39,0,631.0,661.0,661.0,631.0,353.30000000000007,403.30000000000007
7,22,676.0,378.30000000000007,68.71500000000002,12,0,661.0,691.0,691.0,661.0,353.30000000000007,403.30000000000007
7,23,706.0,378.30000000000007,56.03738095238096,42,0,691.0,721.0,721.0,691.0,353.30000000000007,403.30000000000007
7,24,736.0,378.30000000000007,60.01953488372092,43,0,721.0,751.0,751.0,721.0,353.30000000000007,403.30000000000007
7,25,766.0,378.30000000000007,61.63333333333334,18,0,751.0,781.0,781.0,751.0,353.30000000000007,403.30000000000007
7,26,796.0,378.30000000000007,65.41344827586208,29,0,781.0,811.0,811.0,781.0,353.30000000000007,403.30000000000007
7,27,826.0,378.30000000000007,67.71466666666667,30,0,811.0,841.0,841.0,811.0,353.30000000000007,403.30000000000007
7,28,856.0,378.30000000000007,61.4748888888889,45,0,841.0,871.0,871.0,841.0,353.30000000000007,403.30000000000007
7,29,886.0,378.30000000000007,60.59305555555555,36,0,871.0,901.0,901.0,871.0,353.30000000000007,403.30000000000007
7,30,916.0,378.30000000000007,62.45652173913042,46,0,901.0,931.0,931.0,901.0,353.30000000000007,403.30000000000007
7,31,946.0,378.30000000000007,64.0746153846154,26,0,931.0,961.0,961.0,931.0,353.30000000000007,403.30000000000007
7,32,976.0,378.30000000000007,60.6321052631579,19,0,961.0,991.0,991.0,961.0,353.30000000000007,403.30000000000007
7,33,1006.0,378.30000000000007,50.99162790697675,43,0,991.0,1021.0,1021.0,991.0,353.30000000000007,403.30000000000007
7,34,1036.0,378.30000000000007,44.18203703703703,54,0,1021.0,1051.0,1051.0,1021.0,353.30000000000007,403.30000000000007
7,35,1066.0,378.30000000000007,42.64293103448275,58,0,1051.0,1081.0,1081.0,1051.0,353.30000000000007,403.30000000000007
7,36,1096.0,378.30000000000007,47.93767857142857,56,0,1081.0,1111.0,1111.0,1081.0,353.30000000000007,403.30000000000007
7,37,1126.0,378.30000000000007,55.70969696969697,33,0,1111.0,1141.0,1141.0,1111.0,353.30000000000007,403.30000000000007
7,38,1156.0,378.30000000000007,52.364516129032275,31,0,1141.0,1171.0,1171.0,1141.0,353.30000000000007,403.30000000000007
7,39,1186.0,378.30000000000007,51.78159090909091,44,0,1171.0,1201.0,1201.0,1171.0,353.30000000000007,403.30000000000007
7,40,1216.0,378.30000000000007,45.298260869565205,46,0,1201.0,1231.0,1231.0,1201.0,353.30000000000007,403.30000000000007
7,41,1246.0,378.30000000000007,47.89186046511629,43,0,1231.0,1261.0,1261.0,1231.0,353.30000000000007,403.30000000000007
7,42,1276.0,378.30000000000007,46.791799999999995,50,0,1261.0,1291.0,1291.0,1261.0,353.30000000000007,403.30000000000007
7,43,1306.0,378.30000000000007,49.83916666666667,48,0,1291.0,1321.0,1321.0,1291.0,353.30000000000007,403.30000000000007
7,44,1336.0,378.30000000000007,49.52701754385966,57,0,1321.0,1351.0,1351.0,1321.0,353.30000000000007,403.30000000000007
7,45,1366.0,378.30000000000007,33.74885245901639,61,0,1351.0,1381.0,1381.0,1351.0,353.30000000000007,403.30000000000007
7,46,1396.0,378.30000000000007,34.899999999999984,56,0,1381.0,1411.0,1411.0,1381.0,353.30000000000007,403.30000000000007
7,47,1426.0,378.30000000000007,39.73538461538461,39,0,1411.0,1441.0,1441.0,1411.0,353.30000000000007,403.30000000000007
7,48,1456.0,378.30000000000007,47.64833333333335,54,0,1441.0,1471.0,1471.0,1441.0,353.30000000000007,403.30000000000007
7,49,1486.0,378.30000000000007,47.552340425531916,47,0,1471.0,1501.0,1501.0,1471.0,353.30000000000007,403.30000000000007
7,50,1516.0,378.30000000000007,43.607017543859634,57,0,1501.0,1531.0,1531.0,1501.0,353.30000000000007,403.30000000000007
7,51,1546.0,378.30000000000007,41.264,45,0,1531.0,1561.0,1561.0,1531.0,353.30000000000007,403.30000000000007
7,52,1576.0,378.30000000000007,39.75274193548386,62,0,1561.0,1591.0,1591.0,1561.0,353.30000000000007,403.30000000000007
7,53,1606.0,378.30000000000007,44.97310344827587,58,0,1591.0,1621.0,1621.0,1591.0,353.30000000000007,403.30000000000007
7,54,1636.0,378.30000000000007,37.870869565217376,69,0,1621.0,1651.0,1651.0,1621.0,353.30000000000007,403.30000000000007
7,55,1666.0,378.30000000000007,33.66210526315788,76,0,1651.0,1681.0,1681.0,1651.0,353.30000000000007,403.30000000000007
7,56,1696.0,378.30000000000007,37.473703703703706,54,0,1681.0,1711.0,1711.0,1681.0,353.30000000000007,403.30000000000007
7,57,1726.0,378.30000000000007,35.90205479452056,73,0,1711.0,1741.0,1741.0,1711.0,353.30000000000007,403.30000000000007
7,58,1756.0,378.30000000000007,31.973026315789458,76,0,1741.0,1771.0,1771.0,1741.0,353.30000000000007,403.30000000000007
7,59,1786.0,378.30000000000007,29.870142857142863,70,0,1771.0,1801.0,1801.0,1771.0,353.30000000000007,403.30000000000007
7,60,1816.0,378.30000000000007,29.15333333333334,63,0,1801.0,1831.0,1831.0,1801.0,353.30000000000007,403.30000000000007
7,61,1846.0,378.30000000000007,34.54442307692308,52,0,1831.0,1861.0,1861.0,1831.0,353.30000000000007,403.30000000000007
7,62,1876.0,378.30000000000007,39.10578947368421,38,0,1861.0,1891.0,1891.0,1861.0,353.30000000000007,403.30000000000007
7,63,1906.0,378.30000000000007,41.923953488372085,43,0,1891.0,1921.0,1921.0,1891.0,353.30000000000007,403.30000000000007
7,64,1936.0,378.30000000000007,44.87590909090908,44,0,1921.0,1951.0,1951.0,1921.0,353.30000000000007,403.30000000000007
7,65,1966.0,378.30000000000007,40.11823529411766,34,0,1951.0,1981.0,1981.0,1951.0,353.30000000000007,403.30000000000007
7,66,1996.0,378.30000000000007,38.99741379310345,58,0,1981.0,2011.0,2011.0,1981.0,353.30000000000007,403.30000000000007
7,67,2026.0,378.30000000000007,48.09,38,0,2011.0,2041.0,2041.0,2011.0,353.30000000000007,403.30000000000007
7,68,2056.0,378.30000000000007,43.66632653061224,49,0,2041.0,2071.0,2071.0,2041.0,353.30000000000007,403.30000000000007
7,69,2086.0,378.30000000000007,36.85954545454546,44,0,2071.0,2101.0,2101.0,2071.0,353.30000000000007,403.30000000000007
7,70,2116.0,378.30000000000007,41.5259574468085,47,0,2101.0,2131.0,2131.0,2101.0,353.30000000000007,403.30000000000007
7,71,2146.0,378.30000000000007,44.49000000000001,54,0,2131.0,2161.0,2161.0,2131.0,353.30000000000007,403.30000000000007
7,72,2176.0,378.30000000000007,41.79333333333334,45,0,2161.0,2191.0,2191.0,2161.0,353.30000000000007,403.30000000000007
7,73,2206.0,378.30000000000007,40.18853658536585,41,0,2191.0,2221.0,2221.0,2191.0,353.30000000000007,403.30000000000007
7,74,2236.0,378.30000000000007,37.35093749999999,32,0,2221.0,2251.0,2251.0,2221.0,353.30000000000007,403.30000000000007
7,75,2266.0,378.30000000000007,36.59522727272727,44,0,2251.0,2281.0,2281.0,2251.0,353.30000000000007,403.30000000000007
7,76,2296.0,378.30000000000007,37.141923076923085,52,0,2281.0,2311.0,2311.0,2281.0,353.30000000000007,403.30000000000007
7,77,2326.0,378.30000000000007,36.60322580645162,62,0,2311.0,2341.0,2341.0,2311.0,353.30000000000007,403.30000000000007
7,78,2356.0,378.30000000000007,41.96979591836734,49,0,2341.0,2371.0,2371.0,2341.0,353.30000000000007,403.30000000000007
7,79,2386.0,378.30000000000007,40.62290322580644,62,0,2371.0,2401.0,2401.0,2371.0,353.30000000000007,403.30000000000007
7,80,2416.0,378.30000000000007,33.66448979591835,49,0,2401.0,2431.0,2431.0,2401.0,353.30000000000007,403.30000000000007
7,81,2446.0,378.30000000000007,31.240158730158736,63,0,2431.0,2461.0,2461.0,2431.0,353.30000000000007,403.30000000000007
7,82,2476.0,378.30000000000007,30.051730769230776,52,0,2461.0,2491.0,2491.0,2461.0,353.30000000000007,403.30000000000007
7,83,2506.0,378.30000000000007,30.693239436619717,71,0,2491.0,2521.0,2521.0,2491.0,353.30000000000007,403.30000000000007
7,84,2536.0,378.30000000000007,30.509999999999998,79,0,2521.0,2551.0,2551.0,2521.0,353.30000000000007,403.30000000000007
7,85,2566.0,378.30000000000007,33.75863636363636,44,0,2551.0,2581.0,2581.0,2551.0,353.30000000000007,403.30000000000007
7,86,2596.0,378.30000000000007,38.57901960784313,51,0,2581.0,2611.0,2611.0,2581.0,353.30000000000007,403.30000000000007
7,87,2626.0,378.30000000000007,37.69564102564103,39,0,2611.0,2641.0,2641.0,2611.0,353.30000000000007,403.30000000000007
7,88,2656.0,378.30000000000007,40.27333333333335,45,0,2641.0,2671.0,2671.0,2641.0,353.30000000000007,403.30000000000007
7,89,2686.0,378.30000000000007,37.49137931034482,58,0,2671.0,2701.0,2701.0,2671.0,353.30000000000007,403.30000000000007
7,90,2716.0,378.30000000000007,35.44645454545455,55,0,2701.0,2731.0,2731.0,2701.0,353.30000000000007,403.30000000000007
7,91,2746.0,378.30000000000007,34.11888888888889,63,0,2731.0,2761.0,2761.0,2731.0,353.30000000000007,403.30000000000007
7,92,2776.0,378.30000000000007,35.22434782608696,46,0,2761.0,2791.0,2791.0,2761.0,353.30000000000007,403.30000000000007
7,93,2806.0,378.30000000000007,37.17945454545455,55,0,2791.0,2821.0,2821.0,2791.0,353.30000000000007,403.30000000000007
7,94,2836.0,378.30000000000007,38.323265306122444,49,0,2821.0,2851.0,2851.0,2821.0,353.30000000000007,403.30000000000007
7,95,2866.0,378.30000000000007,34.26177419354838,62,0,2851.0,2881.0,2881.0,2851.0,353.30000000000007,403.30000000000007
7,96,2896.0,378.30000000000007,33.86303571428571,56,0,2881.0,2911.0,2911.0,2881.0,353.30000000000007,403.30000000000007
7,97,2926.0,378.30000000000007,35.86677966101696,59,0,2911.0,2941.0,2941.0,2911.0,353.30000000000007,403.30000000000007
7,98,2956.0,378.30000000000007,39.500806451612924,62,0,2941.0,2971.0,2971.0,2941.0,353.30000000000007,403.30000000000007
7,99,2986.0,378.30000000000007,44.72560975609755,41,0,2971.0,3001.0,3001.0,2971.0,353.30000000000007,403.30000000000007
7,100,3016.0,378.30000000000007,41.73927272727273,55,0,3001.0,3031.0,3031.0,3001.0,353.30000000000007,403.30000000000007
7,101,3046.0,378.30000000000007,41.52596153846154,52,0,3031.0,3061.0,3061.0,3031.0,353.30000000000007,403.30000000000007
7,102,3076.0,378.30000000000007,44.580749999999995,40,0,3061.0,3091.0,3091.0,3061.0,353.30000000000007,403.30000000000007
7,103,3106.0,378.30000000000007,44.79285714285715,35,0,3091.0,3121.0,3121.0,3091.0,353.30000000000007,403.30000000000007
7,104,3136.0,378.30000000000007,42.528095238095226,42,0,3121.0,3151.0,3151.0,3121.0,353.30000000000007,403.30000000000007
7,105,3166.0,378.30000000000007,40.42227272727272,44,0,3151.0,3181.0,3181.0,3151.0,353.30000000000007,403.30000000000007
7,106,3196.0,378.30000000000007,37.50966101694915,59,0,3181.0,3211.0,3211.0,3181.0,353.30000000000007,403.30000000000007
7,107,3226.0,378.30000000000007,43.2138596491228,57,0,3211.0,3241.0,3241.0,3211.0,353.30000000000007,403.30000000000007
7,108,3256.0,378.30000000000007,37.03479166666666,48,0,3241.0,3271.0,3271.0,3241.0,353.30000000000007,403.30000000000007
7,109,3286.0,378.30000000000007,35.09435483870968,62,0,3271.0,3301.0,3301.0,3271.0,353.30000000000007,403.30000000000007
7,110,3316.0,378.30000000000007,31.51177419354838,62,0,3301.0,3331.0,3331.0,3301.0,353.30000000000007,403.30000000000007
7,111,3346.0,378.30000000000007,27.967246376811577,69,0,3331.0,3361.0,3361.0,3331.0,353.30000000000007,403.30000000000007
7,112,3376.0,378.30000000000007,29.671923076923083,52,0,3361.0,3391.0,3391.0,3361.0,353.30000000000007,403.30000000000007
7,113,3406.0,378.30000000000007,35.55760869565217,46,0,3391.0,3421.0,3421.0,3391.0,353.30000000000007,403.30000000000007
7,114,3436.0,378.30000000000007,32.75813559322034,59,0,3421.0,3451.0,3451.0,3421.0,353.30000000000007,403.30000000000007
7,115,3466.0,378.30000000000007,36.217962962962964,54,0,3451.0,3481.0,3481.0,3451.0,353.30000000000007,403.30000000000007
7,116,3496.0,378.30000000000007,37.23346153846153,52,0,3481.0,3511.0,3511.0,3481.0,353.30000000000007,403.30000000000007
7,117,3526.0,378.30000000000007,40.76458333333334,48,0,3511.0,3541.0,3541.0,3511.0,353.30000000000007,403.30000000000007
7,118,3556.0,378.30000000000007,42.85791666666666,48,0,3541.0,3571.0,3571.0,3541.0,353.30000000000007,403.30000000000007
7,119,3586.0,378.30000000000007,41.660000000000004,41,0,3571.0,3601.0,3601.0,3571.0,353.30000000000007,403.30000000000007
7,120,3616.0,378.30000000000007,40.85530612244898,49,0,3601.0,3631.0,3631.0,3601.0,353.30000000000007,403.30000000000007
7,121,3646.0,378.30000000000007,46.158888888888875,18,0,3631.0,3661.0,3661.0,3631.0,353.30000000000007,403.30000000000007
7,122,3676.0,378.30000000000007,,0,0,3661.0,3691.0,3691.0,3661.0,353.30000000000007,403.30000000000007
7,123,3706.0,378.30000000000007,,0,0,3691.0,3721.0,3721.0,3691.0,353.30000000000007,403.30000000000007
7,124,3736.0,378.30000000000007,,0,0,3721.0,3751.0,3751.0,3721.0,353.30000000000007,403.30000000000007
7,125,3766.0,378.30000000000007,,0,0,3751.0,3781.0,3781.0,3751.0,353.30000000000007,403.30000000000007
7,126,3796.0,378.30000000000007,,0,0,3781.0,3811.0,3811.0,3781.0,353.30000000000007,403.30000000000007
7,127,3826.0,378.30000000000007,,0,0,3811.0,3841.0,3841.0,3811.0,353.30000000000007,403.30000000000007
8,0,16.0,428.30000000000007,65.083125,16,0,1.0,31.0,31.0,1.0,403.30000000000007,453.30000000000007
8,1,46.0,428.30000000000007,71.44076923076922,13,0,31.0,61.0,61.0,31.0,403.30000000000007,453.30000000000007
8,2,76.0,428.30000000000007,77.5690909090909,11,0,61.0,91.0,91.0,61.0,403.30000000000007,453.30000000000007
8,3,106.0,428.30000000000007,56.06829268292683,41,0,91.0,121.0,121.0,91.0,403.30000000000007,453.30000000000007
8,4,136.0,428.30000000000007,64.28227272727271,22,0,121.0,151.0,151.0,121.0,403.30000000000007,453.30000000000007
8,5,166.0,428.30000000000007,65.43515151515153,33,0,151.0,181.0,181.0,151.0,403.30000000000007,453.30000000000007
8,6,196.0,428.30000000000007,74.01105263157893,19,0,181.0,211.0,211.0,181.0,403.30000000000007,453.30000000000007
8,7,226.0,428.30000000000007,69.02962962962962,27,0,211.0,241.0,241.0,211.0,403.30000000000007,453.30000000000007
8,8,256.0,428.30000000000007,64.66677083333333,24,0,241.0,271.0,271.0,241.0,403.30000000000007,453.30000000000007
8,9,286.0,428.30000000000007,70.37124999999999,16,0,271.0,301.0,301.0,271.0,403.30000000000007,453.30000000000007
8,10,316.0,428.30000000000007,65.41333333333333,15,0,301.0,331.0,331.0,301.0,403.30000000000007,453.30000000000007
8,11,346.0,428.30000000000007,75.80090909090909,11,0,331.0,361.0,361.0,331.0,403.30000000000007,453.30000000000007
8,12,376.0,428.30000000000007,71.09076923076923,13,0,361.0,391.0,391.0,361.0,403.30000000000007,453.30000000000007
8,13,406.0,428.30000000000007,59.71275862068965,29,0,391.0,421.0,421.0,391.0,403.30000000000007,453.30000000000007
8,14,436.0,428.30000000000007,62.787560975609765,41,0,421.0,451.0,451.0,421.0,403.30000000000007,453.30000000000007
8,15,466.0,428.30000000000007,58.31428571428571,21,0,451.0,481.0,481.0,451.0,403.30000000000007,453.30000000000007
8,16,496.0,428.30000000000007,61.51848484848485,33,0,481.0,511.0,511.0,481.0,403.30000000000007,453.30000000000007
8,17,526.0,428.30000000000007,60.82050000000002,40,0,511.0,541.0,541.0,511.0,403.30000000000007,453.30000000000007
8,18,556.0,428.30000000000007,61.28454545454545,22,0,541.0,571.0,571.0,541.0,403.30000000000007,453.30000000000007
8,19,586.0,428.30000000000007,57.43681818181819,44,0,571.0,601.0,601.0,571.0,403.30000000000007,453.30000000000007
8,20,616.0,428.30000000000007,60.617500000000014,32,0,601.0,631.0,631.0,601.0,403.30000000000007,453.30000000000007
8,21,646.0,428.30000000000007,59.75720930232558,43,0,631.0,661.0,661.0,631.0,403.30000000000007,453.30000000000007
8,22,676.0,428.30000000000007,69.31533333333333,15,0,661.0,691.0,691.0,661.0,403.30000000000007,453.30000000000007
8,23,706.0,428.30000000000007,53.9627027027027,37,0,691.0,721.0,721.0,691.0,403.30000000000007,453.30000000000007
8,24,736.0,428.30000000000007,58.70729729729727,37,0,721.0,751.0,751.0,721.0,403.30000000000007,453.30000000000007
8,25,766.0,428.30000000000007,60.57636363636363,22,0,751.0,781.0,781.0,751.0,403.30000000000007,453.30000000000007
8,26,796.0,428.30000000000007,62.407272727272726,33,0,781.0,811.0,811.0,781.0,403.30000000000007,453.30000000000007
8,27,826.0,428.30000000000007,66.500625,32,0,811.0,841.0,841.0,811.0,403.30000000000007,453.30000000000007
8,28,856.0,428.30000000000007,61.004146341463425,41,0,841.0,871.0,871.0,841.0,403.30000000000007,453.30000000000007
8,29,886.0,428.30000000000007,58.82142857142857,35,0,871.0,901.0,901.0,871.0,403.30000000000007,453.30000000000007
8,30,916.0,428.30000000000007,61.14395833333334,48,0,901.0,931.0,931.0,901.0,403.30000000000007,453.30000000000007
8,31,946.0,428.30000000000007,62.574,25,0,931.0,961.0,961.0,931.0,403.30000000000007,453.30000000000007
8,32,976.0,428.30000000000007,59.84058823529412,17,0,961.0,991.0,991.0,961.0,403.30000000000007,453.30000000000007
8,33,1006.0,428.30000000000007,48.48822222222223,45,0,991.0,1021.0,1021.0,991.0,403.30000000000007,453.30000000000007
8,34,1036.0,428.30000000000007,44.76775862068966,58,0,1021.0,1051.0,1051.0,1021.0,403.30000000000007,453.30000000000007
8,35,1066.0,428.30000000000007,45.71124999999999,56,0,1051.0,1081.0,1081.0,1051.0,403.30000000000007,453.30000000000007
8,36,1096.0,428.30000000000007,48.07960784313726,51,0,1081.0,1111.0,1111.0,1081.0,403.30000000000007,453.30000000000007
8,37,1126.0,428.30000000000007,56.379444444444424,36,0,1111.0,1141.0,1141.0,1111.0,403.30000000000007,453.30000000000007
8,38,1156.0,428.30000000000007,53.465,26,0,1141.0,1171.0,1171.0,1141.0,403.30000000000007,453.30000000000007
8,39,1186.0,428.30000000000007,53.290714285714294,42,0,1171.0,1201.0,1201.0,1171.0,403.30000000000007,453.30000000000007
8,40,1216.0,428.30000000000007,47.788378378378376,37,0,1201.0,1231.0,1231.0,1201.0,403.30000000000007,453.30000000000007
8,41,1246.0,428.30000000000007,48.848157894736836,38,0,1231.0,1261.0,1261.0,1231.0,403.30000000000007,453.30000000000007
8,42,1276.0,428.30000000000007,42.312295081967214,61,0,1261.0,1291.0,1291.0,1261.0,403.30000000000007,453.30000000000007
8,43,1306.0,428.30000000000007,49.72177777777779,45,0,1291.0,1321.0,1321.0,1291.0,403.30000000000007,453.30000000000007
8,44,1336.0,428.30000000000007,45.54532258064516,62,0,1321.0,1351.0,1351.0,1321.0,403.30000000000007,453.30000000000007
8,45,1366.0,428.30000000000007,29.265671641791048,67,0,1351.0,1381.0,1381.0,1351.0,403.30000000000007,453.30000000000007
8,46,1396.0,428.30000000000007,35.47183333333333,60,0,1381.0,1411.0,1411.0,1381.0,403.30000000000007,453.30000000000007
8,47,1426.0,428.30000000000007,43.137058823529415,34,0,1411.0,1441.0,1441.0,1411.0,403.30000000000007,453.30000000000007
8,48,1456.0,428.30000000000007,47.96847826086957,46,0,1441.0,1471.0,1471.0,1441.0,403.30000000000007,453.30000000000007
8,49,1486.0,428.30000000000007,48.56333333333333,45,0,1471.0,1501.0,1501.0,1471.0,403.30000000000007,453.30000000000007
8,50,1516.0,428.30000000000007,46.959107142857135,56,0,1501.0,1531.0,1531.0,1501.0,403.30000000000007,453.30000000000007
8,51,1546.0,428.30000000000007,43.60720930232557,43,0,1531.0,1561.0,1561.0,1531.0,403.30000000000007,453.30000000000007
8,52,1576.0,428.30000000000007,40.983157894736834,57,0,1561.0,1591.0,1591.0,1561.0,403.30000000000007,453.30000000000007
8,53,1606.0,428.30000000000007,42.47290322580645,62,0,1591.0,1621.0,1621.0,1591.0,403.30000000000007,453.30000000000007
8,54,1636.0,428.30000000000007,38.09999999999999,67,0,1621.0,1651.0,1651.0,1621.0,403.30000000000007,453.30000000000007
8,55,1666.0,428.30000000000007,33.36932432432431,74,0,1651.0,1681.0,1681.0,1651.0,403.30000000000007,453.30000000000007
8,56,1696.0,428.30000000000007,38.396481481481494,54,0,1681.0,1711.0,1711.0,1681.0,403.30000000000007,453.30000000000007
8,57,1726.0,428.30000000000007,38.799872881355945,59,0,1711.0,1741.0,1741.0,1711.0,403.30000000000007,453.30000000000007
8,58,1756.0,428.30000000000007,29.9403125,64,0,1741.0,1771.0,1771.0,1741.0,403.30000000000007,453.30000000000007
8,59,1786.0,428.30000000000007,25.314470588235288,85,0,1771.0,1801.0,1801.0,1771.0,403.30000000000007,453.30000000000007
8,60,1816.0,428.30000000000007,28.329999999999995,68,0,1801.0,1831.0,1831.0,1801.0,403.30000000000007,453.30000000000007
8,61,1846.0,428.30000000000007,33.562568306010924,61,0,1831.0,1861.0,1861.0,1831.0,403.30000000000007,453.30000000000007
8,62,1876.0,428.30000000000007,39.71425,40,0,1861.0,1891.0,1891.0,1861.0,403.30000000000007,453.30000000000007
8,63,1906.0,428.30000000000007,43.236666666666665,39,0,1891.0,1921.0,1921.0,1891.0,403.30000000000007,453.30000000000007
8,64,1936.0,428.30000000000007,40.1763157894737,57,0,1921.0,1951.0,1951.0,1921.0,403.30000000000007,453.30000000000007
8,65,1966.0,428.30000000000007,40.727714285714285,35,0,1951.0,1981.0,1981.0,1951.0,403.30000000000007,453.30000000000007
8,66,1996.0,428.30000000000007,40.24526315789475,57,0,1981.0,2011.0,2011.0,1981.0,403.30000000000007,453.30000000000007
8,67,2026.0,428.30000000000007,47.35947368421051,38,0,2011.0,2041.0,2041.0,2011.0,403.30000000000007,453.30000000000007
8,68,2056.0,428.30000000000007,44.70022727272726,44,0,2041.0,2071.0,2071.0,2041.0,403.30000000000007,453.30000000000007
8,69,2086.0,428.30000000000007,39.42029411764705,34,0,2071.0,2101.0,2101.0,2071.0,403.30000000000007,453.30000000000007
8,70,2116.0,428.30000000000007,42.76019607843137,51,0,2101.0,2131.0,2131.0,2101.0,403.30000000000007,453.30000000000007
8,71,2146.0,428.30000000000007,43.48351851851852,54,0,2131.0,2161.0,2161.0,2131.0,403.30000000000007,453.30000000000007
8,72,2176.0,428.30000000000007,38.36440677966101,59,0,2161.0,2191.0,2191.0,2161.0,403.30000000000007,453.30000000000007
8,73,2206.0,428.30000000000007,40.771860465116276,43,0,2191.0,2221.0,2221.0,2191.0,403.30000000000007,453.30000000000007
8,74,2236.0,428.30000000000007,36.234705882352955,34,0,2221.0,2251.0,2251.0,2221.0,403.30000000000007,453.30000000000007
8,75,2266.0,428.30000000000007,37.54560975609756,41,0,2251.0,2281.0,2281.0,2251.0,403.30000000000007,453.30000000000007
8,76,2296.0,428.30000000000007,37.415600000000005,50,0,2281.0,2311.0,2311.0,2281.0,403.30000000000007,453.30000000000007
8,77,2326.0,428.30000000000007,36.519677419354835,62,0,2311.0,2341.0,2341.0,2311.0,403.30000000000007,453.30000000000007
8,78,2356.0,428.30000000000007,40.153958333333335,48,0,2341.0,2371.0,2371.0,2341.0,403.30000000000007,453.30000000000007
8,79,2386.0,428.30000000000007,38.57873015873016,63,0,2371.0,2401.0,2401.0,2371.0,403.30000000000007,453.30000000000007
8,80,2416.0,428.30000000000007,29.973125000000003,64,0,2401.0,2431.0,2431.0,2401.0,403.30000000000007,453.30000000000007
8,81,2446.0,428.30000000000007,21.012772277227725,101,0,2431.0,2461.0,2461.0,2431.0,403.30000000000007,453.30000000000007
8,82,2476.0,428.30000000000007,21.972816901408457,71,0,2461.0,2491.0,2491.0,2461.0,403.30000000000007,453.30000000000007
8,83,2506.0,428.30000000000007,29.80583333333334,72,0,2491.0,2521.0,2521.0,2491.0,403.30000000000007,453.30000000000007
8,84,2536.0,428.30000000000007,27.749764705882363,85,0,2521.0,2551.0,2551.0,2521.0,403.30000000000007,453.30000000000007
8,85,2566.0,428.30000000000007,32.369615384615386,52,0,2551.0,2581.0,2581.0,2551.0,403.30000000000007,453.30000000000007
8,86,2596.0,428.30000000000007,38.058913043478256,46,0,2581.0,2611.0,2611.0,2581.0,403.30000000000007,453.30000000000007
8,87,2626.0,428.30000000000007,38.349069767441854,43,0,2611.0,2641.0,2641.0,2611.0,403.30000000000007,453.30000000000007
8,88,2656.0,428.30000000000007,40.12169811320754,53,0,2641.0,2671.0,2671.0,2641.0,403.30000000000007,453.30000000000007
8,89,2686.0,428.30000000000007,35.04118644067796,59,0,2671.0,2701.0,2701.0,2671.0,403.30000000000007,453.30000000000007
8,90,2716.0,428.30000000000007,36.63703703703704,54,0,2701.0,2731.0,2731.0,2701.0,403.30000000000007,453.30000000000007
8,91,2746.0,428.30000000000007,32.270153846153846,65,0,2731.0,2761.0,2761.0,2731.0,403.30000000000007,453.30000000000007
8,92,2776.0,428.30000000000007,32.08351851851852,54,0,2761.0,2791.0,2791.0,2761.0,403.30000000000007,453.30000000000007
8,93,2806.0,428.30000000000007,35.79538461538461,52,0,2791.0,2821.0,2821.0,2791.0,403.30000000000007,453.30000000000007
8,94,2836.0,428.30000000000007,36.782391304347826,46,0,2821.0,2851.0,2851.0,2821.0,403.30000000000007,453.30000000000007
8,95,2866.0,428.30000000000007,34.370937500000004,64,0,2851.0,2881.0,2881.0,2851.0,403.30000000000007,453.30000000000007
8,96,2896.0,428.30000000000007,37.028076923076924,52,0,2881.0,2911.0,2911.0,2881.0,403.30000000000007,453.30000000000007
8,97,2926.0,428.30000000000007,38.214642857142856,56,0,2911.0,2941.0,2941.0,2911.0,403.30000000000007,453.30000000000007
8,98,2956.0,428.30000000000007,40.07689655172414,58,0,2941.0,2971.0,2971.0,2941.0,403.30000000000007,453.30000000000007
8,99,2986.0,428.30000000000007,43.615249999999996,40,0,2971.0,3001.0,3001.0,2971.0,403.30000000000007,453.30000000000007
8,100,3016.0,428.30000000000007,43.115918367346936,49,0,3001.0,3031.0,3031.0,3001.0,403.30000000000007,453.30000000000007
8,101,3046.0,428.30000000000007,43.149056603773595,53,0,3031.0,3061.0,3061.0,3031.0,403.30000000000007,453.30000000000007
8,102,3076.0,428.30000000000007,44.48243902439026,41,0,3061.0,3091.0,3091.0,3061.0,403.30000000000007,453.30000000000007
8,103,3106.0,428.30000000000007,46.03499999999999,30,0,3091.0,3121.0,3121.0,3091.0,403.30000000000007,453.30000000000007
8,104,3136.0,428.30000000000007,44.80571428571428,42,0,3121.0,3151.0,3151.0,3121.0,403.30000000000007,453.30000000000007
8,105,3166.0,428.30000000000007,40.740869565217395,46,0,3151.0,3181.0,3181.0,3151.0,403.30000000000007,453.30000000000007
8,106,3196.0,428.30000000000007,38.163157894736855,57,0,3181.0,3211.0,3211.0,3181.0,403.30000000000007,453.30000000000007
8,107,3226.0,428.30000000000007,43.80517857142856,56,0,3211.0,3241.0,3241.0,3211.0,403.30000000000007,453.30000000000007
8,108,3256.0,428.30000000000007,38.412272727272736,44,0,3241.0,3271.0,3271.0,3241.0,403.30000000000007,453.30000000000007
8,109,3286.0,428.30000000000007,32.76786666666668,75,0,3271.0,3301.0,3301.0,3271.0,403.30000000000007,453.30000000000007
8,110,3316.0,428.30000000000007,34.3632,50,0,3301.0,3331.0,3331.0,3301.0,403.30000000000007,453.30000000000007
8,111,3346.0,428.30000000000007,27.039428571428573,70,0,3331.0,3361.0,3361.0,3331.0,403.30000000000007,453.30000000000007
8,112,3376.0,428.30000000000007,29.6366,50,0,3361.0,3391.0,3391.0,3361.0,403.30000000000007,453.30000000000007
8,113,3406.0,428.30000000000007,31.8133870967742,62,0,3391.0,3421.0,3421.0,3391.0,403.30000000000007,453.30000000000007
8,114,3436.0,428.30000000000007,30.484238095238094,70,0,3421.0,3451.0,3451.0,3421.0,403.30000000000007,453.30000000000007
8,115,3466.0,428.30000000000007,33.585555555555565,63,0,3451.0,3481.0,3481.0,3451.0,403.30000000000007,453.30000000000007
8,116,3496.0,428.30000000000007,37.53052631578947,57,0,3481.0,3511.0,3511.0,3481.0,403.30000000000007,453.30000000000007
8,117,3526.0,428.30000000000007,37.73070175438596,57,0,3511.0,3541.0,3541.0,3511.0,403.30000000000007,453.30000000000007
8,118,3556.0,428.30000000000007,41.77804347826088,46,0,3541.0,3571.0,3571.0,3541.0,403.30000000000007,453.30000000000007
8,119,3586.0,428.30000000000007,41.479512195121956,41,0,3571.0,3601.0,3601.0,3571.0,403.30000000000007,453.30000000000007
8,120,3616.0,428.30000000000007,39.09089285714286,56,0,3601.0,3631.0,3631.0,3601.0,403.30000000000007,453.30000000000007
8,121,3646.0,428.30000000000007,48.018076923076926,26,0,3631.0,3661.0,3661.0,3631.0,403.30000000000007,453.30000000000007
8,122,3676.0,428.30000000000007,,0,0,3661.0,3691.0,3691.0,3661.0,403.30000000000007,453.30000000000007
8,123,3706.0,428.30000000000007,,0,0,3691.0,3721.0,3721.0,3691.0,403.30000000000007,453.30000000000007
8,124,3736.0,428.30000000000007,,0,0,3721.0,3751.0,3751.0,3721.0,403.30000000000007,453.30000000000007
8,125,3766.0,428.30000000000007,,0,0,3751.0,3781.0,3781.0,3751.0,403.30000000000007,453.30000000000007
8,126,3796.0,428.30000000000007,,0,0,3781.0,3811.0,3811.0,3781.0,403.30000000000007,453.30000000000007
8,127,3826.0,428.30000000000007,,0,0,3811.0,3841.0,3841.0,3811.0,403.30000000000007,453.30000000000007
9,0,16.0,478.30000000000007,68.6665,20,0,1.0,31.0,31.0,1.0,453.30000000000007,503.30000000000007
9,1,46.0,478.30000000000007,71.55416666666666,12,0,31.0,61.0,61.0,31.0,453.30000000000007,503.30000000000007
9,2,76.0,478.30000000000007,76.57909090909091,11,0,61.0,91.0,91.0,61.0,453.30000000000007,503.30000000000007
9,3,106.0,478.30000000000007,59.75500000000001,40,0,91.0,121.0,121.0,91.0,453.30000000000007,503.30000000000007
9,4,136.0,478.30000000000007,65.74833333333333,24,0,121.0,151.0,151.0,121.0,453.30000000000007,503.30000000000007
9,5,166.0,478.30000000000007,67.49909090909091,33,0,151.0,181.0,181.0,151.0,453.30000000000007,503.30000000000007
9,6,196.0,478.30000000000007,75.95380952380951,21,0,181.0,211.0,211.0,181.0,453.30000000000007,503.30000000000007
9,7,226.0,478.30000000000007,70.61137931034484,29,0,211.0,241.0,241.0,211.0,453.30000000000007,503.30000000000007
9,8,256.0,478.30000000000007,64.85619047619046,21,0,241.0,271.0,271.0,241.0,453.30000000000007,503.30000000000007
9,9,286.0,478.30000000000007,70.0157894736842,19,0,271.0,301.0,301.0,271.0,453.30000000000007,503.30000000000007
9,10,316.0,478.30000000000007,65.54933333333334,15,0,301.0,331.0,331.0,301.0,453.30000000000007,503.30000000000007
9,11,346.0,478.30000000000007,76.26,8,0,331.0,361.0,361.0,331.0,453.30000000000007,503.30000000000007
9,12,376.0,478.30000000000007,72.23916666666666,12,0,361.0,391.0,391.0,361.0,453.30000000000007,503.30000000000007
9,13,406.0,478.30000000000007,62.67181818181818,22,0,391.0,421.0,421.0,391.0,453.30000000000007,503.30000000000007
9,14,436.0,478.30000000000007,63.96555555555554,45,0,421.0,451.0,451.0,421.0,453.30000000000007,503.30000000000007
9,15,466.0,478.30000000000007,60.15040000000001,25,0,451.0,481.0,481.0,451.0,453.30000000000007,503.30000000000007
9,16,496.0,478.30000000000007,63.34000000000002,39,0,481.0,511.0,511.0,481.0,453.30000000000007,503.30000000000007
9,17,526.0,478.30000000000007,63.11944444444444,36,0,511.0,541.0,541.0,511.0,453.30000000000007,503.30000000000007
9,18,556.0,478.30000000000007,61.81080000000001,25,0,541.0,571.0,571.0,541.0,453.30000000000007,503.30000000000007
9,19,586.0,478.30000000000007,59.522051282051294,39,0,571.0,601.0,601.0,571.0,453.30000000000007,503.30000000000007
9,20,616.0,478.30000000000007,62.10666666666665,36,0,601.0,631.0,631.0,601.0,453.30000000000007,503.30000000000007
9,21,646.0,478.30000000000007,61.55904761904762,42,0,631.0,661.0,661.0,631.0,453.30000000000007,503.30000000000007
9,22,676.0,478.30000000000007,69.71444444444445,18,0,661.0,691.0,691.0,661.0,453.30000000000007,503.30000000000007
9,23,706.0,478.30000000000007,56.647647058823544,34,0,691.0,721.0,721.0,691.0,453.30000000000007,503.30000000000007
9,24,736.0,478.30000000000007,60.57511627906976,43,0,721.0,751.0,751.0,721.0,453.30000000000007,503.30000000000007
9,25,766.0,478.30000000000007,62.817916666666655,24,0,751.0,781.0,781.0,751.0,453.30000000000007,503.30000000000007
9,26,796.0,478.30000000000007,61.60999999999999,32,0,781.0,811.0,811.0,781.0,453.30000000000007,503.30000000000007
9,27,826.0,478.30000000000007,67.09757575757577,33,0,811.0,841.0,841.0,811.0,453.30000000000007,503.30000000000007
9,28,856.0,478.30000000000007,63.90815789473684,38,0,841.0,871.0,871.0,841.0,453.30000000000007,503.30000000000007
9,29,886.0,478.30000000000007,60.70174999999999,40,0,871.0,901.0,901.0,871.0,453.30000000000007,503.30000000000007
9,30,916.0,478.30000000000007,62.82145833333334,48,0,901.0,931.0,931.0,901.0,453.30000000000007,503.30000000000007
9,31,946.0,478.30000000000007,63.40233333333334,30,0,931.0,961.0,961.0,931.0,453.30000000000007,503.30000000000007
9,32,976.0,478.30000000000007,60.855384615384615,13,0,961.0,991.0,991.0,961.0,453.30000000000007,503.30000000000007
9,33,1006.0,478.30000000000007,41.71811320754717,53,0,991.0,1021.0,1021.0,991.0,453.30000000000007,503.30000000000007
9,34,1036.0,478.30000000000007,46.58169491525424,59,0,1021.0,1051.0,1051.0,1021.0,453.30000000000007,503.30000000000007
9,35,1066.0,478.30000000000007,50.96947401182695,51,0,1051.0,1081.0,1081.0,1051.0,453.30000000000007,503.30000000000007
9,36,1096.0,478.30000000000007,52.725090909090916,55,0,1081.0,1111.0,1111.0,1081.0,453.30000000000007,503.30000000000007
9,37,1126.0,478.30000000000007,59.9375,36,0,1111.0,1141.0,1141.0,1111.0,453.30000000000007,503.30000000000007
9,38,1156.0,478.30000000000007,56.711666666666666,24,0,1141.0,1171.0,1171.0,1141.0,453.30000000000007,503.30000000000007
9,39,1186.0,478.30000000000007,55.77574468085106,47,0,1171.0,1201.0,1201.0,1171.0,453.30000000000007,503.30000000000007
9,40,1216.0,478.30000000000007,54.47729729729729,37,0,1201.0,1231.0,1231.0,1201.0,453.30000000000007,503.30000000000007
9,41,1246.0,478.30000000000007,52.806216216216214,37,0,1231.0,1261.0,1261.0,1231.0,453.30000000000007,503.30000000000007
9,42,1276.0,478.30000000000007,42.78999999999999,63,0,1261.0,1291.0,1291.0,1261.0,453.30000000000007,503.30000000000007
9,43,1306.0,478.30000000000007,47.02314814814817,54,0,1291.0,1321.0,1321.0,1291.0,453.30000000000007,503.30000000000007
9,44,1336.0,478.30000000000007,37.594096385542144,83,0,1321.0,1351.0,1351.0,1321.0,453.30000000000007,503.30000000000007
9,45,1366.0,478.30000000000007,25.87973333333333,75,0,1351.0,1381.0,1381.0,1351.0,453.30000000000007,503.30000000000007
9,46,1396.0,478.30000000000007,39.315090909090905,55,0,1381.0,1411.0,1411.0,1381.0,453.30000000000007,503.30000000000007
9,47,1426.0,478.30000000000007,46.52878048780488,41,0,1411.0,1441.0,1441.0,1411.0,453.30000000000007,503.30000000000007
9,48,1456.0,478.30000000000007,51.56837209302326,43,0,1441.0,1471.0,1471.0,1441.0,453.30000000000007,503.30000000000007
9,49,1486.0,478.30000000000007,50.85636363636363,44,0,1471.0,1501.0,1501.0,1471.0,453.30000000000007,503.30000000000007
9,50,1516.0,478.30000000000007,49.70072727272726,55,0,1501.0,1531.0,1531.0,1501.0,453.30000000000007,503.30000000000007
9,51,1546.0,478.30000000000007,45.086800000000004,50,0,1531.0,1561.0,1561.0,1531.0,453.30000000000007,503.30000000000007
9,52,1576.0,478.30000000000007,43.105573770491795,61,0,1561.0,1591.0,1591.0,1561.0,453.30000000000007,503.30000000000007
9,53,1606.0,478.30000000000007,39.57460317460317,63,0,1591.0,1621.0,1621.0,1591.0,453.30000000000007,503.30000000000007
9,54,1636.0,478.30000000000007,39.53422535211267,71,0,1621.0,1651.0,1651.0,1621.0,453.30000000000007,503.30000000000007
9,55,1666.0,478.30000000000007,35.806756756756755,74,0,1651.0,1681.0,1681.0,1651.0,453.30000000000007,503.30000000000007
9,56,1696.0,478.30000000000007,40.06142857142858,56,0,1681.0,1711.0,1711.0,1681.0,453.30000000000007,503.30000000000007
9,57,1726.0,478.30000000000007,42.44444444444445,63,0,1711.0,1741.0,1741.0,1711.0,453.30000000000007,503.30000000000007
9,58,1756.0,478.30000000000007,36.4283076923077,65,0,1741.0,1771.0,1771.0,1741.0,453.30000000000007,503.30000000000007
9,59,1786.0,478.30000000000007,30.551973684210523,76,0,1771.0,1801.0,1801.0,1771.0,453.30000000000007,503.30000000000007
9,60,1816.0,478.30000000000007,25.846621621621615,74,0,1801.0,1831.0,1831.0,1801.0,453.30000000000007,503.30000000000007
9,61,1846.0,478.30000000000007,34.30582089552239,67,0,1831.0,1861.0,1861.0,1831.0,453.30000000000007,503.30000000000007
9,62,1876.0,478.30000000000007,40.98785714285712,42,0,1861.0,1891.0,1891.0,1861.0,453.30000000000007,503.30000000000007
9,63,1906.0,478.30000000000007,42.563469387755106,49,0,1891.0,1921.0,1921.0,1891.0,453.30000000000007,503.30000000000007
9,64,1936.0,478.30000000000007,34.56274193548388,62,0,1921.0,1951.0,1951.0,1921.0,453.30000000000007,503.30000000000007
9,65,1966.0,478.30000000000007,38.66142857142857,35,0,1951.0,1981.0,1981.0,1951.0,453.30000000000007,503.30000000000007
9,66,1996.0,478.30000000000007,40.91416666666667,60,0,1981.0,2011.0,2011.0,1981.0,453.30000000000007,503.30000000000007
9,67,2026.0,478.30000000000007,47.559999999999995,39,0,2011.0,2041.0,2041.0,2011.0,453.30000000000007,503.30000000000007
9,68,2056.0,478.30000000000007,46.43348837209303,43,0,2041.0,2071.0,2071.0,2041.0,453.30000000000007,503.30000000000007
9,69,2086.0,478.30000000000007,42.51486486486485,37,0,2071.0,2101.0,2101.0,2071.0,453.30000000000007,503.30000000000007
9,70,2116.0,478.30000000000007,45.24591836734693,49,0,2101.0,2131.0,2131.0,2101.0,453.30000000000007,503.30000000000007
9,71,2146.0,478.30000000000007,43.77115384615385,52,0,2131.0,2161.0,2161.0,2131.0,453.30000000000007,503.30000000000007
9,72,2176.0,478.30000000000007,36.07366197183099,71,0,2161.0,2191.0,2191.0,2161.0,453.30000000000007,503.30000000000007
9,73,2206.0,478.30000000000007,40.850204081632654,49,0,2191.0,2221.0,2221.0,2191.0,453.30000000000007,503.30000000000007
9,74,2236.0,478.30000000000007,39.38290322580645,31,0,2221.0,2251.0,2251.0,2221.0,453.30000000000007,503.30000000000007
9,75,2266.0,478.30000000000007,41.21809523809524,42,0,2251.0,2281.0,2281.0,2251.0,453.30000000000007,503.30000000000007
9,76,2296.0,478.30000000000007,38.572708333333324,48,0,2281.0,2311.0,2311.0,2281.0,453.30000000000007,503.30000000000007
9,77,2326.0,478.30000000000007,37.440877192982455,57,0,2311.0,2341.0,2341.0,2311.0,453.30000000000007,503.30000000000007
9,78,2356.0,478.30000000000007,37.07719298245614,57,0,2341.0,2371.0,2371.0,2341.0,453.30000000000007,503.30000000000007
9,79,2386.0,478.30000000000007,34.10470588235294,68,0,2371.0,2401.0,2401.0,2371.0,453.30000000000007,503.30000000000007
9,80,2416.0,478.30000000000007,21.477564102564102,78,0,2401.0,2431.0,2431.0,2401.0,453.30000000000007,503.30000000000007
9,81,2446.0,478.30000000000007,19.137346938775504,98,0,2431.0,2461.0,2461.0,2431.0,453.30000000000007,503.30000000000007
9,82,2476.0,478.30000000000007,22.245616438356166,73,0,2461.0,2491.0,2491.0,2461.0,453.30000000000007,503.30000000000007
9,83,2506.0,478.30000000000007,28.511199999999988,75,0,2491.0,2521.0,2521.0,2491.0,453.30000000000007,503.30000000000007
9,84,2536.0,478.30000000000007,27.422444444444448,90,0,2521.0,2551.0,2551.0,2521.0,453.30000000000007,503.30000000000007
9,85,2566.0,478.30000000000007,31.052656249999995,64,0,2551.0,2581.0,2581.0,2551.0,453.30000000000007,503.30000000000007
9,86,2596.0,478.30000000000007,37.46692307692309,52,0,2581.0,2611.0,2611.0,2581.0,453.30000000000007,503.30000000000007
9,87,2626.0,478.30000000000007,39.29872340425532,47,0,2611.0,2641.0,2641.0,2611.0,453.30000000000007,503.30000000000007
9,88,2656.0,478.30000000000007,35.58320843091336,61,0,2641.0,2671.0,2671.0,2641.0,453.30000000000007,503.30000000000007
9,89,2686.0,478.30000000000007,35.355849056603766,53,0,2671.0,2701.0,2701.0,2671.0,453.30000000000007,503.30000000000007
9,90,2716.0,478.30000000000007,37.64,52,0,2701.0,2731.0,2731.0,2701.0,453.30000000000007,503.30000000000007
9,91,2746.0,478.30000000000007,36.20374999999998,56,0,2731.0,2761.0,2761.0,2731.0,453.30000000000007,503.30000000000007
9,92,2776.0,478.30000000000007,34.88322033898305,59,0,2761.0,2791.0,2791.0,2761.0,453.30000000000007,503.30000000000007
9,93,2806.0,478.30000000000007,36.005199999999995,50,0,2791.0,2821.0,2821.0,2791.0,453.30000000000007,503.30000000000007
9,94,2836.0,478.30000000000007,37.713409090909096,44,0,2821.0,2851.0,2851.0,2821.0,453.30000000000007,503.30000000000007
9,95,2866.0,478.30000000000007,34.14465753424656,73,0,2851.0,2881.0,2881.0,2851.0,453.30000000000007,503.30000000000007
9,96,2896.0,478.30000000000007,41.38367346938775,49,0,2881.0,2911.0,2911.0,2881.0,453.30000000000007,503.30000000000007
9,97,2926.0,478.30000000000007,41.62071428571428,56,0,2911.0,2941.0,2941.0,2911.0,453.30000000000007,503.30000000000007
9,98,2956.0,478.30000000000007,43.203492063492064,63,0,2941.0,2971.0,2971.0,2941.0,453.30000000000007,503.30000000000007
9,99,2986.0,478.30000000000007,46.48450000000001,40,0,2971.0,3001.0,3001.0,2971.0,453.30000000000007,503.30000000000007
9,100,3016.0,478.30000000000007,48.762745098039225,51,0,3001.0,3031.0,3031.0,3001.0,453.30000000000007,503.30000000000007
9,101,3046.0,478.30000000000007,45.770465116279084,43,0,3031.0,3061.0,3061.0,3031.0,453.30000000000007,503.30000000000007
9,102,3076.0,478.30000000000007,46.08978260869566,46,0,3061.0,3091.0,3091.0,3061.0,453.30000000000007,503.30000000000007
9,103,3106.0,478.30000000000007,49.85060606060606,33,0,3091.0,3121.0,3121.0,3091.0,453.30000000000007,503.30000000000007
9,104,3136.0,478.30000000000007,48.18162790697673,43,0,3121.0,3151.0,3151.0,3121.0,453.30000000000007,503.30000000000007
9,105,3166.0,478.30000000000007,43.12297872340425,47,0,3151.0,3181.0,3181.0,3151.0,453.30000000000007,503.30000000000007
9,106,3196.0,478.30000000000007,39.03982142857143,56,0,3181.0,3211.0,3211.0,3181.0,453.30000000000007,503.30000000000007
9,107,3226.0,478.30000000000007,43.66250000000001,60,0,3211.0,3241.0,3241.0,3211.0,453.30000000000007,503.30000000000007
9,108,3256.0,478.30000000000007,40.712352941176476,34,0,3241.0,3271.0,3271.0,3241.0,453.30000000000007,503.30000000000007
9,109,3286.0,478.30000000000007,33.49318840579711,69,0,3271.0,3301.0,3301.0,3271.0,453.30000000000007,503.30000000000007
9,110,3316.0,478.30000000000007,38.01735849056605,53,0,3301.0,3331.0,3331.0,3301.0,453.30000000000007,503.30000000000007
9,111,3346.0,478.30000000000007,31.500769230769226,52,0,3331.0,3361.0,3361.0,3331.0,453.30000000000007,503.30000000000007
9,112,3376.0,478.30000000000007,28.360454545454544,66,0,3361.0,3391.0,3391.0,3361.0,453.30000000000007,503.30000000000007
9,113,3406.0,478.30000000000007,28.055438596491232,57,0,3391.0,3421.0,3421.0,3391.0,453.30000000000007,503.30000000000007
9,114,3436.0,478.30000000000007,20.905051546391746,97,0,3421.0,3451.0,3451.0,3421.0,453.30000000000007,503.30000000000007
9,115,3466.0,478.30000000000007,29.520789473684204,76,0,3451.0,3481.0,3481.0,3451.0,453.30000000000007,503.30000000000007
9,116,3496.0,478.30000000000007,36.31314529914528,65,0,3481.0,3511.0,3511.0,3481.0,453.30000000000007,503.30000000000007
9,117,3526.0,478.30000000000007,37.31578947368421,57,0,3511.0,3541.0,3541.0,3511.0,453.30000000000007,503.30000000000007
9,118,3556.0,478.30000000000007,43.84627906976745,43,0,3541.0,3571.0,3571.0,3541.0,453.30000000000007,503.30000000000007
9,119,3586.0,478.30000000000007,39.74857142857144,49,0,3571.0,3601.0,3601.0,3571.0,453.30000000000007,503.30000000000007
9,120,3616.0,478.30000000000007,38.66098039215685,51,0,3601.0,3631.0,3631.0,3601.0,453.30000000000007,503.30000000000007
9,121,3646.0,478.30000000000007,47.938857142857145,35,0,3631.0,3661.0,3661.0,3631.0,453.30000000000007,503.30000000000007
9,122,3676.0,478.30000000000007,,0,0,3661.0,3691.0,3691.0,3661.0,453.30000000000007,503.30000000000007
9,123,3706.0,478.30000000000007,,0,0,3691.0,3721.0,3721.0,3691.0,453.30000000000007,503.30000000000007
9,124,3736.0,478.30000000000007,,0,0,3721.0,3751.0,3751.0,3721.0,453.30000000000007,503.30000000000007
9,125,3766.0,478.30000000000007,,0,0,3751.0,3781.0,3781.0,3751.0,453.30000000000007,503.30000000000007
9,126,3796.0,478.30000000000007,,0,0,3781.0,3811.0,3811.0,3781.0,453.30000000000007,503.30000000000007
9,127,3826.0,478.30000000000007,,0,0,3811.0,3841.0,3841.0,3811.0,453.30000000000007,503.30000000000007
10,0,16.0,528.3000000000001,70.20105263157896,19,0,1.0,31.0,31.0,1.0,503.30000000000007,553.3000000000001
10,1,46.0,528.3000000000001,73.93357142857143,14,0,31.0,61.0,61.0,31.0,503.30000000000007,553.3000000000001
10,2,76.0,528.3000000000001,75.24545454545455,11,0,61.0,91.0,91.0,61.0,503.30000000000007,553.3000000000001
10,3,106.0,528.3000000000001,61.149069767441844,43,0,91.0,121.0,121.0,91.0,503.30000000000007,553.3000000000001
10,4,136.0,528.3000000000001,66.788,25,0,121.0,151.0,151.0,121.0,503.30000000000007,553.3000000000001
10,5,166.0,528.3000000000001,69.27275862068964,29,0,151.0,181.0,181.0,151.0,503.30000000000007,553.3000000000001
10,6,196.0,528.3000000000001,76.54571428571428,21,0,181.0,211.0,211.0,181.0,503.30000000000007,553.3000000000001
10,7,226.0,528.3000000000001,72.12678571428572,28,0,211.0,241.0,241.0,211.0,503.30000000000007,553.3000000000001
10,8,256.0,528.3000000000001,66.23904761904762,21,0,241.0,271.0,271.0,241.0,503.30000000000007,553.3000000000001
10,9,286.0,528.3000000000001,70.67136363636362,22,0,271.0,301.0,301.0,271.0,503.30000000000007,553.3000000000001
10,10,316.0,528.3000000000001,67.00000000000001,14,0,301.0,331.0,331.0,301.0,503.30000000000007,553.3000000000001
10,11,346.0,528.3000000000001,76.57444444444447,9,0,331.0,361.0,361.0,331.0,503.30000000000007,553.3000000000001
10,12,376.0,528.3000000000001,73.23615384615384,13,0,361.0,391.0,391.0,361.0,503.30000000000007,553.3000000000001
10,13,406.0,528.3000000000001,63.31388888888888,18,0,391.0,421.0,421.0,391.0,503.30000000000007,553.3000000000001
10,14,436.0,528.3000000000001,63.922195121951205,41,0,421.0,451.0,451.0,421.0,503.30000000000007,553.3000000000001
10,15,466.0,528.3000000000001,62.95130434782608,23,0,451.0,481.0,481.0,451.0,503.30000000000007,553.3000000000001
10,16,496.0,528.3000000000001,63.41146341463414,41,0,481.0,511.0,511.0,481.0,503.30000000000007,553.3000000000001
10,17,526.0,528.3000000000001,65.43838709677418,31,0,511.0,541.0,541.0,511.0,503.30000000000007,553.3000000000001
10,18,556.0,528.3000000000001,62.677096774193544,31,0,541.0,571.0,571.0,541.0,503.30000000000007,553.3000000000001
10,19,586.0,528.3000000000001,61.9596296296296,39,0,571.0,601.0,601.0,571.0,503.30000000000007,553.3000000000001
10,20,616.0,528.3000000000001,62.810270270270294,37,0,601.0,631.0,631.0,601.0,503.30000000000007,553.3000000000001
10,21,646.0,528.3000000000001,63.88900000000001,40,0,631.0,661.0,661.0,631.0,503.30000000000007,553.3000000000001
10,22,676.0,528.3000000000001,70.3904761904762,21,0,661.0,691.0,691.0,661.0,503.30000000000007,553.3000000000001
10,23,706.0,528.3000000000001,58.35222222222222,27,0,691.0,721.0,721.0,691.0,503.30000000000007,553.3000000000001
10,24,736.0,528.3000000000001,61.73434782608695,46,0,721.0,751.0,751.0,721.0,503.30000000000007,553.3000000000001
10,25,766.0,528.3000000000001,65.0368,25,0,751.0,781.0,781.0,751.0,503.30000000000007,553.3000000000001
10,26,796.0,528.3000000000001,62.651,30,0,781.0,811.0,811.0,781.0,503.30000000000007,553.3000000000001
10,27,826.0,528.3000000000001,67.38499999999999,32,0,811.0,841.0,841.0,811.0,503.30000000000007,553.3000000000001
10,28,856.0,528.3000000000001,66.27270270270269,37,0,841.0,871.0,871.0,841.0,503.30000000000007,553.3000000000001
10,29,886.0,528.3000000000001,63.10200000000001,40,0,871.0,901.0,901.0,871.0,503.30000000000007,553.3000000000001
10,30,916.0,528.3000000000001,63.63613636363637,44,0,901.0,931.0,931.0,901.0,503.30000000000007,553.3000000000001
10,31,946.0,528.3000000000001,63.11931034482759,29,0,931.0,961.0,961.0,931.0,503.30000000000007,553.3000000000001
10,32,976.0,528.3000000000001,59.23583333333334,12,0,961.0,991.0,991.0,961.0,503.30000000000007,553.3000000000001
10,33,1006.0,528.3000000000001,39.69234693877551,49,0,991.0,1021.0,1021.0,991.0,503.30000000000007,553.3000000000001
10,34,1036.0,528.3000000000001,48.70117647058825,51,0,1021.0,1051.0,1051.0,1021.0,503.30000000000007,553.3000000000001
10,35,1066.0,528.3000000000001,53.53229166666666,48,0,1051.0,1081.0,1081.0,1051.0,503.30000000000007,553.3000000000001
10,36,1096.0,528.3000000000001,54.711555555555535,45,0,1081.0,1111.0,1111.0,1081.0,503.30000000000007,553.3000000000001
10,37,1126.0,528.3000000000001,61.38589743589744,39,0,1111.0,1141.0,1141.0,1111.0,503.30000000000007,553.3000000000001
10,38,1156.0,528.3000000000001,58.1784210526316,19,0,1141.0,1171.0,1171.0,1141.0,503.30000000000007,553.3000000000001
10,39,1186.0,528.3000000000001,57.3268292682927,41,0,1171.0,1201.0,1201.0,1171.0,503.30000000000007,553.3000000000001
10,40,1216.0,528.3000000000001,56.786111111111104,36,0,1201.0,1231.0,1231.0,1201.0,503.30000000000007,553.3000000000001
10,41,1246.0,528.3000000000001,50.17,37,0,1231.0,1261.0,1261.0,1231.0,503.30000000000007,553.3000000000001
10,42,1276.0,528.3000000000001,44.82144032921811,54,0,1261.0,1291.0,1291.0,1261.0,503.30000000000007,553.3000000000001
10,43,1306.0,528.3000000000001,41.58103448275863,58,0,1291.0,1321.0,1321.0,1291.0,503.30000000000007,553.3000000000001
10,44,1336.0,528.3000000000001,30.51377551020409,98,0,1321.0,1351.0,1351.0,1321.0,503.30000000000007,553.3000000000001
10,45,1366.0,528.3000000000001,30.984999999999996,64,0,1351.0,1381.0,1381.0,1351.0,503.30000000000007,553.3000000000001
10,46,1396.0,528.3000000000001,38.532539682539685,63,0,1381.0,1411.0,1411.0,1381.0,503.30000000000007,553.3000000000001
10,47,1426.0,528.3000000000001,42.617560975609756,41,0,1411.0,1441.0,1441.0,1411.0,503.30000000000007,553.3000000000001
10,48,1456.0,528.3000000000001,51.82116279069766,43,0,1441.0,1471.0,1471.0,1441.0,503.30000000000007,553.3000000000001
10,49,1486.0,528.3000000000001,50.5662222222222,45,0,1471.0,1501.0,1501.0,1471.0,503.30000000000007,553.3000000000001
10,50,1516.0,528.3000000000001,47.15981132075472,53,0,1501.0,1531.0,1531.0,1501.0,503.30000000000007,553.3000000000001
10,51,1546.0,528.3000000000001,42.44365384615384,52,0,1531.0,1561.0,1561.0,1531.0,503.30000000000007,553.3000000000001
10,52,1576.0,528.3000000000001,41.377460317460326,63,0,1561.0,1591.0,1591.0,1561.0,503.30000000000007,553.3000000000001
10,53,1606.0,528.3000000000001,35.5294117647059,68,0,1591.0,1621.0,1621.0,1591.0,503.30000000000007,553.3000000000001
10,54,1636.0,528.3000000000001,40.37446153846153,65,0,1621.0,1651.0,1651.0,1621.0,503.30000000000007,553.3000000000001
10,55,1666.0,528.3000000000001,37.924923076923065,65,0,1651.0,1681.0,1681.0,1651.0,503.30000000000007,553.3000000000001
10,56,1696.0,528.3000000000001,40.65120689655173,58,0,1681.0,1711.0,1711.0,1681.0,503.30000000000007,553.3000000000001
10,57,1726.0,528.3000000000001,43.32474576271188,59,0,1711.0,1741.0,1741.0,1711.0,503.30000000000007,553.3000000000001
10,58,1756.0,528.3000000000001,33.797812500000006,64,0,1741.0,1771.0,1771.0,1741.0,503.30000000000007,553.3000000000001
10,59,1786.0,528.3000000000001,30.46716049382717,81,0,1771.0,1801.0,1801.0,1771.0,503.30000000000007,553.3000000000001
10,60,1816.0,528.3000000000001,29.239076923076933,65,0,1801.0,1831.0,1831.0,1801.0,503.30000000000007,553.3000000000001
10,61,1846.0,528.3000000000001,34.26698412698414,63,0,1831.0,1861.0,1861.0,1831.0,503.30000000000007,553.3000000000001
10,62,1876.0,528.3000000000001,39.02244444444446,45,0,1861.0,1891.0,1891.0,1861.0,503.30000000000007,553.3000000000001
10,63,1906.0,528.3000000000001,34.36548387096774,62,0,1891.0,1921.0,1921.0,1891.0,503.30000000000007,553.3000000000001
10,64,1936.0,528.3000000000001,30.798947368421057,57,0,1921.0,1951.0,1951.0,1921.0,503.30000000000007,553.3000000000001
10,65,1966.0,528.3000000000001,31.266326530612258,49,0,1951.0,1981.0,1981.0,1951.0,503.30000000000007,553.3000000000001
10,66,1996.0,528.3000000000001,40.93666666666665,57,0,1981.0,2011.0,2011.0,1981.0,503.30000000000007,553.3000000000001
10,67,2026.0,528.3000000000001,43.265306122448976,49,0,2011.0,2041.0,2041.0,2011.0,503.30000000000007,553.3000000000001
10,68,2056.0,528.3000000000001,45.706607142857145,48,0,2041.0,2071.0,2071.0,2041.0,503.30000000000007,553.3000000000001
10,69,2086.0,528.3000000000001,43.616756756756764,37,0,2071.0,2101.0,2101.0,2071.0,503.30000000000007,553.3000000000001
10,70,2116.0,528.3000000000001,45.60962962962964,54,0,2101.0,2131.0,2131.0,2101.0,503.30000000000007,553.3000000000001
10,71,2146.0,528.3000000000001,37.083157894736836,57,0,2131.0,2161.0,2161.0,2131.0,503.30000000000007,553.3000000000001
10,72,2176.0,528.3000000000001,30.792463768115947,69,0,2161.0,2191.0,2191.0,2161.0,503.30000000000007,553.3000000000001
10,73,2206.0,528.3000000000001,36.176885245901644,61,0,2191.0,2221.0,2221.0,2191.0,503.30000000000007,553.3000000000001
10,74,2236.0,528.3000000000001,42.571875,32,0,2221.0,2251.0,2251.0,2221.0,503.30000000000007,553.3000000000001
10,75,2266.0,528.3000000000001,42.733333333333334,36,0,2251.0,2281.0,2281.0,2251.0,503.30000000000007,553.3000000000001
10,76,2296.0,528.3000000000001,36.97076923076922,52,0,2281.0,2311.0,2311.0,2281.0,503.30000000000007,553.3000000000001
10,77,2326.0,528.3000000000001,36.89431372549019,51,0,2311.0,2341.0,2341.0,2311.0,503.30000000000007,553.3000000000001
10,78,2356.0,528.3000000000001,31.77078125000001,64,0,2341.0,2371.0,2371.0,2341.0,503.30000000000007,553.3000000000001
10,79,2386.0,528.3000000000001,27.812048192771073,83,0,2371.0,2401.0,2401.0,2371.0,503.30000000000007,553.3000000000001
10,80,2416.0,528.3000000000001,20.42506172839506,81,0,2401.0,2431.0,2431.0,2401.0,503.30000000000007,553.3000000000001
10,81,2446.0,528.3000000000001,23.002249999999993,80,0,2431.0,2461.0,2461.0,2431.0,503.30000000000007,553.3000000000001
10,82,2476.0,528.3000000000001,23.641025641025646,78,0,2461.0,2491.0,2491.0,2461.0,503.30000000000007,553.3000000000001
10,83,2506.0,528.3000000000001,27.061428571428575,70,0,2491.0,2521.0,2521.0,2491.0,503.30000000000007,553.3000000000001
10,84,2536.0,528.3000000000001,28.51384615384616,78,0,2521.0,2551.0,2551.0,2521.0,503.30000000000007,553.3000000000001
10,85,2566.0,528.3000000000001,30.899384615384605,65,0,2551.0,2581.0,2581.0,2551.0,503.30000000000007,553.3000000000001
10,86,2596.0,528.3000000000001,34.61258064516128,62,0,2581.0,2611.0,2611.0,2581.0,503.30000000000007,553.3000000000001
10,87,2626.0,528.3000000000001,38.322847222222215,48,0,2611.0,2641.0,2641.0,2611.0,503.30000000000007,553.3000000000001
10,88,2656.0,528.3000000000001,34.02461538461539,52,0,2641.0,2671.0,2671.0,2641.0,503.30000000000007,553.3000000000001
10,89,2686.0,528.3000000000001,33.49516129032259,62,0,2671.0,2701.0,2701.0,2671.0,503.30000000000007,553.3000000000001
10,90,2716.0,528.3000000000001,35.540219298245624,57,0,2701.0,2731.0,2731.0,2701.0,503.30000000000007,553.3000000000001
10,91,2746.0,528.3000000000001,38.803392857142846,56,0,2731.0,2761.0,2761.0,2731.0,503.30000000000007,553.3000000000001
10,92,2776.0,528.3000000000001,36.90980392156863,51,0,2761.0,2791.0,2791.0,2761.0,503.30000000000007,553.3000000000001
10,93,2806.0,528.3000000000001,35.62137931034483,58,0,2791.0,2821.0,2821.0,2791.0,503.30000000000007,553.3000000000001
10,94,2836.0,528.3000000000001,34.2922,50,0,2821.0,2851.0,2851.0,2821.0,503.30000000000007,553.3000000000001
10,95,2866.0,528.3000000000001,33.27507142857142,70,0,2851.0,2881.0,2881.0,2851.0,503.30000000000007,553.3000000000001
10,96,2896.0,528.3000000000001,40.879807692307686,52,0,2881.0,2911.0,2911.0,2881.0,503.30000000000007,553.3000000000001
10,97,2926.0,528.3000000000001,39.91109090909092,55,0,2911.0,2941.0,2941.0,2911.0,503.30000000000007,553.3000000000001
10,98,2956.0,528.3000000000001,43.793928571428594,56,0,2941.0,2971.0,2971.0,2941.0,503.30000000000007,553.3000000000001
10,99,2986.0,528.3000000000001,46.53431818181818,44,0,2971.0,3001.0,3001.0,2971.0,503.30000000000007,553.3000000000001
10,100,3016.0,528.3000000000001,51.320624999999986,48,0,3001.0,3031.0,3031.0,3001.0,503.30000000000007,553.3000000000001
10,101,3046.0,528.3000000000001,47.870238095238086,42,0,3031.0,3061.0,3061.0,3031.0,503.30000000000007,553.3000000000001
10,102,3076.0,528.3000000000001,46.780975609756105,41,0,3061.0,3091.0,3091.0,3061.0,503.30000000000007,553.3000000000001
10,103,3106.0,528.3000000000001,50.06457142857143,35,0,3091.0,3121.0,3121.0,3091.0,503.30000000000007,553.3000000000001
10,104,3136.0,528.3000000000001,44.98111111111112,45,0,3121.0,3151.0,3151.0,3121.0,503.30000000000007,553.3000000000001
10,105,3166.0,528.3000000000001,42.050000000000004,48,0,3151.0,3181.0,3181.0,3151.0,503.30000000000007,553.3000000000001
10,106,3196.0,528.3000000000001,38.7466,50,0,3181.0,3211.0,3211.0,3181.0,503.30000000000007,553.3000000000001
10,107,3226.0,528.3000000000001,39.83352112676057,71,0,3211.0,3241.0,3241.0,3211.0,503.30000000000007,553.3000000000001
10,108,3256.0,528.3000000000001,41.756666666666675,33,0,3241.0,3271.0,3271.0,3241.0,503.30000000000007,553.3000000000001
10,109,3286.0,528.3000000000001,31.68386666666666,75,0,3271.0,3301.0,3301.0,3271.0,503.30000000000007,553.3000000000001
10,110,3316.0,528.3000000000001,35.217968750000004,64,0,3301.0,3331.0,3331.0,3301.0,503.30000000000007,553.3000000000001
10,111,3346.0,528.3000000000001,32.667843137254906,51,0,3331.0,3361.0,3361.0,3331.0,503.30000000000007,553.3000000000001
10,112,3376.0,528.3000000000001,28.396478873239435,71,0,3361.0,3391.0,3391.0,3361.0,503.30000000000007,553.3000000000001
10,113,3406.0,528.3000000000001,20.572666666666667,75,0,3391.0,3421.0,3421.0,3391.0,503.30000000000007,553.3000000000001
10,114,3436.0,528.3000000000001,24.252571428571436,70,0,3421.0,3451.0,3451.0,3421.0,503.30000000000007,553.3000000000001
10,115,3466.0,528.3000000000001,28.50925,80,0,3451.0,3481.0,3481.0,3451.0,503.30000000000007,553.3000000000001
10,116,3496.0,528.3000000000001,32.478987341772154,79,0,3481.0,3511.0,3511.0,3481.0,503.30000000000007,553.3000000000001
10,117,3526.0,528.3000000000001,37.72892307692309,65,0,3511.0,3541.0,3541.0,3511.0,503.30000000000007,553.3000000000001
10,118,3556.0,528.3000000000001,43.03000000000001,45,0,3541.0,3571.0,3571.0,3541.0,503.30000000000007,553.3000000000001
10,119,3586.0,528.3000000000001,38.5062962962963,54,0,3571.0,3601.0,3601.0,3571.0,503.30000000000007,553.3000000000001
10,120,3616.0,528.3000000000001,35.82122448979592,49,0,3601.0,3631.0,3631.0,3601.0,503.30000000000007,553.3000000000001
10,121,3646.0,528.3000000000001,44.424772727272725,44,0,3631.0,3661.0,3661.0,3631.0,503.30000000000007,553.3000000000001
10,122,3676.0,528.3000000000001,,0,0,3661.0,3691.0,3691.0,3661.0,503.30000000000007,553.3000000000001
10,123,3706.0,528.3000000000001,,0,0,3691.0,3721.0,3721.0,3691.0,503.30000000000007,553.3000000000001
10,124,3736.0,528.3000000000001,,0,0,3721.0,3751.0,3751.0,3721.0,503.30000000000007,553.3000000000001
10,125,3766.0,528.3000000000001,,0,0,3751.0,3781.0,3781.0,3751.0,503.30000000000007,553.3000000000001
10,126,3796.0,528.3000000000001,,0,0,3781.0,3811.0,3811.0,3781.0,503.30000000000007,553.3000000000001
10,127,3826.0,528.3000000000001,,0,0,3811.0,3841.0,3841.0,3811.0,503.30000000000007,553.3000000000001
11,0,16.0,578.3000000000001,69.77866666666665,15,0,1.0,31.0,31.0,1.0,553.3000000000001,603.3000000000001
11,1,46.0,578.3000000000001,70.66499999999999,16,0,31.0,61.0,61.0,31.0,553.3000000000001,603.3000000000001
11,2,76.0,578.3000000000001,75.85727272727273,11,0,61.0,91.0,91.0,61.0,553.3000000000001,603.3000000000001
11,3,106.0,578.3000000000001,61.232499999999995,36,0,91.0,121.0,121.0,91.0,553.3000000000001,603.3000000000001
11,4,136.0,578.3000000000001,66.81892857142859,28,0,121.0,151.0,151.0,121.0,553.3000000000001,603.3000000000001
11,5,166.0,578.3000000000001,69.548,30,0,151.0,181.0,181.0,151.0,553.3000000000001,603.3000000000001
11,6,196.0,578.3000000000001,76.2164705882353,17,0,181.0,211.0,211.0,181.0,553.3000000000001,603.3000000000001
11,7,226.0,578.3000000000001,71.10085714285714,35,0,211.0,241.0,241.0,211.0,553.3000000000001,603.3000000000001
11,8,256.0,578.3000000000001,68.03571428571429,21,0,241.0,271.0,271.0,241.0,553.3000000000001,603.3000000000001
11,9,286.0,578.3000000000001,69.6640909090909,22,0,271.0,301.0,301.0,271.0,553.3000000000001,603.3000000000001
11,10,316.0,578.3000000000001,68.33458333333334,18,0,301.0,331.0,331.0,301.0,553.3000000000001,603.3000000000001
11,11,346.0,578.3000000000001,75.83300000000001,10,0,331.0,361.0,361.0,331.0,553.3000000000001,603.3000000000001
11,12,376.0,578.3000000000001,72.2025,12,0,361.0,391.0,391.0,361.0,553.3000000000001,603.3000000000001
11,13,406.0,578.3000000000001,65.01866666666666,15,0,391.0,421.0,421.0,391.0,553.3000000000001,603.3000000000001
11,14,436.0,578.3000000000001,61.93738095238094,42,0,421.0,451.0,451.0,421.0,553.3000000000001,603.3000000000001
11,15,466.0,578.3000000000001,63.121249999999996,24,0,451.0,481.0,481.0,451.0,553.3000000000001,603.3000000000001
11,16,496.0,578.3000000000001,62.40555555555555,36,0,481.0,511.0,511.0,481.0,553.3000000000001,603.3000000000001
11,17,526.0,578.3000000000001,63.8078787878788,33,0,511.0,541.0,541.0,511.0,553.3000000000001,603.3000000000001
11,18,556.0,578.3000000000001,62.31257575757576,33,0,541.0,571.0,571.0,541.0,553.3000000000001,603.3000000000001
11,19,586.0,578.3000000000001,61.723243243243225,37,0,571.0,601.0,601.0,571.0,553.3000000000001,603.3000000000001
11,20,616.0,578.3000000000001,61.43,34,0,601.0,631.0,631.0,601.0,553.3000000000001,603.3000000000001
11,21,646.0,578.3000000000001,62.97459459459458,37,0,631.0,661.0,661.0,631.0,553.3000000000001,603.3000000000001
11,22,676.0,578.3000000000001,68.31043478260868,23,0,661.0,691.0,691.0,661.0,553.3000000000001,603.3000000000001
11,23,706.0,578.3000000000001,60.915714285714294,21,0,691.0,721.0,721.0,691.0,553.3000000000001,603.3000000000001
11,24,736.0,578.3000000000001,59.597450980392146,51,0,721.0,751.0,751.0,721.0,553.3000000000001,603.3000000000001
11,25,766.0,578.3000000000001,64.20666666666666,27,0,751.0,781.0,781.0,751.0,553.3000000000001,603.3000000000001
11,26,796.0,578.3000000000001,61.43000000000001,25,0,781.0,811.0,811.0,781.0,553.3000000000001,603.3000000000001
11,27,826.0,578.3000000000001,66.30305555555556,36,0,811.0,841.0,841.0,811.0,553.3000000000001,603.3000000000001
11,28,856.0,578.3000000000001,65.63657142857143,35,0,841.0,871.0,871.0,841.0,553.3000000000001,603.3000000000001
11,29,886.0,578.3000000000001,63.720263157894735,38,0,871.0,901.0,901.0,871.0,553.3000000000001,603.3000000000001
11,30,916.0,578.3000000000001,62.585999999999984,45,0,901.0,931.0,931.0,901.0,553.3000000000001,603.3000000000001
11,31,946.0,578.3000000000001,57.92782608695651,46,0,931.0,961.0,961.0,931.0,553.3000000000001,603.3000000000001
11,32,976.0,578.3000000000001,52.123333333333335,15,0,961.0,991.0,991.0,961.0,553.3000000000001,603.3000000000001
11,33,1006.0,578.3000000000001,42.80684210526315,38,0,991.0,1021.0,1021.0,991.0,553.3000000000001,603.3000000000001
11,34,1036.0,578.3000000000001,49.917916666666656,48,0,1021.0,1051.0,1051.0,1021.0,553.3000000000001,603.3000000000001
11,35,1066.0,578.3000000000001,54.141999999999996,50,0,1051.0,1081.0,1081.0,1051.0,553.3000000000001,603.3000000000001
11,36,1096.0,578.3000000000001,57.59255319148938,47,0,1081.0,1111.0,1111.0,1081.0,553.3000000000001,603.3000000000001
11,37,1126.0,578.3000000000001,61.789743589743594,39,0,1111.0,1141.0,1141.0,1111.0,553.3000000000001,603.3000000000001
11,38,1156.0,578.3000000000001,60.1125,16,0,1141.0,1171.0,1171.0,1141.0,553.3000000000001,603.3000000000001
11,39,1186.0,578.3000000000001,57.855952380952374,42,0,1171.0,1201.0,1201.0,1171.0,553.3000000000001,603.3000000000001
11,40,1216.0,578.3000000000001,56.58485714285713,35,0,1201.0,1231.0,1231.0,1201.0,553.3000000000001,603.3000000000001
11,41,1246.0,578.3000000000001,45.985902777777774,48,0,1231.0,1261.0,1261.0,1231.0,553.3000000000001,603.3000000000001
11,42,1276.0,578.3000000000001,47.95439999999999,50,0,1261.0,1291.0,1291.0,1261.0,553.3000000000001,603.3000000000001
11,43,1306.0,578.3000000000001,42.096727272727264,55,0,1291.0,1321.0,1321.0,1291.0,553.3000000000001,603.3000000000001
11,44,1336.0,578.3000000000001,28.60691489361702,94,0,1321.0,1351.0,1351.0,1321.0,553.3000000000001,603.3000000000001
11,45,1366.0,578.3000000000001,34.8573846153846,65,0,1351.0,1381.0,1381.0,1351.0,553.3000000000001,603.3000000000001
11,46,1396.0,578.3000000000001,36.43580645161291,62,0,1381.0,1411.0,1411.0,1381.0,553.3000000000001,603.3000000000001
11,47,1426.0,578.3000000000001,38.528600000000004,50,0,1411.0,1441.0,1441.0,1411.0,553.3000000000001,603.3000000000001
11,48,1456.0,578.3000000000001,50.82428571428572,49,0,1441.0,1471.0,1471.0,1441.0,553.3000000000001,603.3000000000001
11,49,1486.0,578.3000000000001,50.495333333333335,45,0,1471.0,1501.0,1501.0,1471.0,553.3000000000001,603.3000000000001
11,50,1516.0,578.3000000000001,40.28725806451613,62,0,1501.0,1531.0,1531.0,1501.0,553.3000000000001,603.3000000000001
11,51,1546.0,578.3000000000001,39.98107142857142,56,0,1531.0,1561.0,1561.0,1531.0,553.3000000000001,603.3000000000001
11,52,1576.0,578.3000000000001,42.93423076923076,52,0,1561.0,1591.0,1591.0,1561.0,553.3000000000001,603.3000000000001
11,53,1606.0,578.3000000000001,36.04061538461539,65,0,1591.0,1621.0,1621.0,1591.0,553.3000000000001,603.3000000000001
11,54,1636.0,578.3000000000001,41.9942372881356,59,0,1621.0,1651.0,1651.0,1621.0,553.3000000000001,603.3000000000001
11,55,1666.0,578.3000000000001,39.53966101694917,59,0,1651.0,1681.0,1681.0,1651.0,553.3000000000001,603.3000000000001
11,56,1696.0,578.3000000000001,40.744464285714294,56,0,1681.0,1711.0,1711.0,1681.0,553.3000000000001,603.3000000000001
11,57,1726.0,578.3000000000001,40.256153846153836,65,0,1711.0,1741.0,1741.0,1711.0,553.3000000000001,603.3000000000001
11,58,1756.0,578.3000000000001,27.747317073170727,82,0,1741.0,1771.0,1771.0,1741.0,553.3000000000001,603.3000000000001
11,59,1786.0,578.3000000000001,21.945217391304347,92,0,1771.0,1801.0,1801.0,1771.0,553.3000000000001,603.3000000000001
11,60,1816.0,578.3000000000001,28.16675324675325,77,0,1801.0,1831.0,1831.0,1801.0,553.3000000000001,603.3000000000001
11,61,1846.0,578.3000000000001,36.13341346153847,52,0,1831.0,1861.0,1861.0,1831.0,553.3000000000001,603.3000000000001
11,62,1876.0,578.3000000000001,35.897547169811325,53,0,1861.0,1891.0,1891.0,1861.0,553.3000000000001,603.3000000000001
11,63,1906.0,578.3000000000001,27.145588235294117,68,0,1891.0,1921.0,1921.0,1891.0,553.3000000000001,603.3000000000001
11,64,1936.0,578.3000000000001,25.59824561403508,57,0,1921.0,1951.0,1951.0,1921.0,553.3000000000001,603.3000000000001
11,65,1966.0,578.3000000000001,29.4750847457627,59,0,1951.0,1981.0,1981.0,1951.0,553.3000000000001,603.3000000000001
11,66,1996.0,578.3000000000001,39.24240740740741,54,0,1981.0,2011.0,2011.0,1981.0,553.3000000000001,603.3000000000001
11,67,2026.0,578.3000000000001,38.804693877551024,49,0,2011.0,2041.0,2041.0,2011.0,553.3000000000001,603.3000000000001
11,68,2056.0,578.3000000000001,44.03480769230768,52,0,2041.0,2071.0,2071.0,2041.0,553.3000000000001,603.3000000000001
11,69,2086.0,578.3000000000001,42.773500000000006,40,0,2071.0,2101.0,2101.0,2071.0,553.3000000000001,603.3000000000001
11,70,2116.0,578.3000000000001,37.81537313432837,67,0,2101.0,2131.0,2131.0,2101.0,553.3000000000001,603.3000000000001
11,71,2146.0,578.3000000000001,30.267424242424244,66,0,2131.0,2161.0,2161.0,2131.0,553.3000000000001,603.3000000000001
11,72,2176.0,578.3000000000001,25.659000000000002,80,0,2161.0,2191.0,2191.0,2161.0,553.3000000000001,603.3000000000001
11,73,2206.0,578.3000000000001,30.697333333333354,75,0,2191.0,2221.0,2221.0,2191.0,553.3000000000001,603.3000000000001
11,74,2236.0,578.3000000000001,41.38775,40,0,2221.0,2251.0,2251.0,2221.0,553.3000000000001,603.3000000000001
11,75,2266.0,578.3000000000001,40.55358974358974,39,0,2251.0,2281.0,2281.0,2251.0,553.3000000000001,603.3000000000001
11,76,2296.0,578.3000000000001,32.41763636363636,55,0,2281.0,2311.0,2311.0,2281.0,553.3000000000001,603.3000000000001
11,77,2326.0,578.3000000000001,31.901355932203394,59,0,2311.0,2341.0,2341.0,2311.0,553.3000000000001,603.3000000000001
11,78,2356.0,578.3000000000001,25.635769230769228,78,0,2341.0,2371.0,2371.0,2341.0,553.3000000000001,603.3000000000001
11,79,2386.0,578.3000000000001,22.71719512195122,82,0,2371.0,2401.0,2401.0,2371.0,553.3000000000001,603.3000000000001
11,80,2416.0,578.3000000000001,23.87166666666667,78,0,2401.0,2431.0,2431.0,2401.0,553.3000000000001,603.3000000000001
11,81,2446.0,578.3000000000001,22.193880597014925,67,0,2431.0,2461.0,2461.0,2431.0,553.3000000000001,603.3000000000001
11,82,2476.0,578.3000000000001,22.383717948717948,78,0,2461.0,2491.0,2491.0,2461.0,553.3000000000001,603.3000000000001
11,83,2506.0,578.3000000000001,25.901486486486494,74,0,2491.0,2521.0,2521.0,2491.0,553.3000000000001,603.3000000000001
11,84,2536.0,578.3000000000001,26.8875,76,0,2521.0,2551.0,2551.0,2521.0,553.3000000000001,603.3000000000001
11,85,2566.0,578.3000000000001,31.068630136986293,73,0,2551.0,2581.0,2581.0,2551.0,553.3000000000001,603.3000000000001
11,86,2596.0,578.3000000000001,34.064,60,0,2581.0,2611.0,2611.0,2581.0,553.3000000000001,603.3000000000001
11,87,2626.0,578.3000000000001,36.15764705882352,51,0,2611.0,2641.0,2641.0,2611.0,553.3000000000001,603.3000000000001
11,88,2656.0,578.3000000000001,30.450166666666664,60,0,2641.0,2671.0,2671.0,2641.0,553.3000000000001,603.3000000000001
11,89,2686.0,578.3000000000001,29.30385714285715,70,0,2671.0,2701.0,2701.0,2671.0,553.3000000000001,603.3000000000001
11,90,2716.0,578.3000000000001,28.062674418604654,86,0,2701.0,2731.0,2731.0,2701.0,553.3000000000001,603.3000000000001
11,91,2746.0,578.3000000000001,33.98851351351351,74,0,2731.0,2761.0,2761.0,2731.0,553.3000000000001,603.3000000000001
11,92,2776.0,578.3000000000001,36.234565217391314,46,0,2761.0,2791.0,2791.0,2761.0,553.3000000000001,603.3000000000001
11,93,2806.0,578.3000000000001,34.76874999999999,56,0,2791.0,2821.0,2821.0,2791.0,553.3000000000001,603.3000000000001
11,94,2836.0,578.3000000000001,30.986379310344834,58,0,2821.0,2851.0,2851.0,2821.0,553.3000000000001,603.3000000000001
11,95,2866.0,578.3000000000001,34.93236363636363,55,0,2851.0,2881.0,2881.0,2851.0,553.3000000000001,603.3000000000001
11,96,2896.0,578.3000000000001,37.203043478260874,69,0,2881.0,2911.0,2911.0,2881.0,553.3000000000001,603.3000000000001
11,97,2926.0,578.3000000000001,38.63316666666667,60,0,2911.0,2941.0,2941.0,2911.0,553.3000000000001,603.3000000000001
11,98,2956.0,578.3000000000001,43.202407407407414,54,0,2941.0,2971.0,2971.0,2941.0,553.3000000000001,603.3000000000001
11,99,2986.0,578.3000000000001,45.84952380952382,42,0,2971.0,3001.0,3001.0,2971.0,553.3000000000001,603.3000000000001
11,100,3016.0,578.3000000000001,51.19395348837211,43,0,3001.0,3031.0,3031.0,3001.0,553.3000000000001,603.3000000000001
11,101,3046.0,578.3000000000001,48.34166666666667,44,0,3031.0,3061.0,3061.0,3031.0,553.3000000000001,603.3000000000001
11,102,3076.0,578.3000000000001,47.073611111111106,36,0,3061.0,3091.0,3091.0,3061.0,553.3000000000001,603.3000000000001
11,103,3106.0,578.3000000000001,44.92883720930232,43,0,3091.0,3121.0,3121.0,3091.0,553.3000000000001,603.3000000000001
11,104,3136.0,578.3000000000001,36.851702127659564,47,0,3121.0,3151.0,3151.0,3121.0,553.3000000000001,603.3000000000001
11,105,3166.0,578.3000000000001,40.3534693877551,49,0,3151.0,3181.0,3181.0,3151.0,553.3000000000001,603.3000000000001
11,106,3196.0,578.3000000000001,35.32508196721313,61,0,3181.0,3211.0,3211.0,3181.0,553.3000000000001,603.3000000000001
11,107,3226.0,578.3000000000001,35.977820512820514,78,0,3211.0,3241.0,3241.0,3211.0,553.3000000000001,603.3000000000001
11,108,3256.0,578.3000000000001,35.49365853658536,41,0,3241.0,3271.0,3271.0,3241.0,553.3000000000001,603.3000000000001
11,109,3286.0,578.3000000000001,31.184264705882356,68,0,3271.0,3301.0,3301.0,3271.0,553.3000000000001,603.3000000000001
11,110,3316.0,578.3000000000001,27.668194444444445,72,0,3301.0,3331.0,3331.0,3301.0,553.3000000000001,603.3000000000001
11,111,3346.0,578.3000000000001,22.157125,80,0,3331.0,3361.0,3361.0,3331.0,553.3000000000001,603.3000000000001
11,112,3376.0,578.3000000000001,24.914411764705882,68,0,3361.0,3391.0,3391.0,3361.0,553.3000000000001,603.3000000000001
11,113,3406.0,578.3000000000001,18.266712328767127,73,0,3391.0,3421.0,3421.0,3391.0,553.3000000000001,603.3000000000001
11,114,3436.0,578.3000000000001,27.59806451612903,62,0,3421.0,3451.0,3451.0,3421.0,553.3000000000001,603.3000000000001
11,115,3466.0,578.3000000000001,26.343529411764713,85,0,3451.0,3481.0,3481.0,3451.0,553.3000000000001,603.3000000000001
11,116,3496.0,578.3000000000001,30.04746835443038,79,0,3481.0,3511.0,3511.0,3481.0,553.3000000000001,603.3000000000001
11,117,3526.0,578.3000000000001,34.15333333333333,75,0,3511.0,3541.0,3541.0,3511.0,553.3000000000001,603.3000000000001
11,118,3556.0,578.3000000000001,38.44850000000001,40,0,3541.0,3571.0,3571.0,3541.0,553.3000000000001,603.3000000000001
11,119,3586.0,578.3000000000001,37.96137931034482,58,0,3571.0,3601.0,3601.0,3571.0,553.3000000000001,603.3000000000001
11,120,3616.0,578.3000000000001,34.104912280701754,57,0,3601.0,3631.0,3631.0,3601.0,553.3000000000001,603.3000000000001
11,121,3646.0,578.3000000000001,37.28655737704917,61,0,3631.0,3661.0,3661.0,3631.0,553.3000000000001,603.3000000000001
11,122,3676.0,578.3000000000001,37.11,1,0,3661.0,3691.0,3691.0,3661.0,553.3000000000001,603.3000000000001
11,123,3706.0,578.3000000000001,,0,0,3691.0,3721.0,3721.0,3691.0,553.3000000000001,603.3000000000001
11,124,3736.0,578.3000000000001,,0,0,3721.0,3751.0,3751.0,3721.0,553.3000000000001,603.3000000000001
11,125,3766.0,578.3000000000001,,0,0,3751.0,3781.0,3781.0,3751.0,553.3000000000001,603.3000000000001
11,126,3796.0,578.3000000000001,,0,0,3781.0,3811.0,3811.0,3781.0,553.3000000000001,603.3000000000001
11,127,3826.0,578.3000000000001,,0,0,3811.0,3841.0,3841.0,3811.0,553.3000000000001,603.3000000000001
12,0,16.0,628.3000000000001,69.12315789473683,19,0,1.0,31.0,31.0,1.0,603.3000000000001,653.3000000000001
12,1,46.0,628.3000000000001,70.33125000000001,16,0,31.0,61.0,61.0,31.0,603.3000000000001,653.3000000000001
12,2,76.0,628.3000000000001,77.49545454545454,11,0,61.0,91.0,91.0,61.0,603.3000000000001,653.3000000000001
12,3,106.0,628.3000000000001,61.01000000000001,30,0,91.0,121.0,121.0,91.0,603.3000000000001,653.3000000000001
12,4,136.0,628.3000000000001,65.748,30,0,121.0,151.0,151.0,121.0,603.3000000000001,653.3000000000001
12,5,166.0,628.3000000000001,68.54964285714286,28,0,151.0,181.0,181.0,151.0,603.3000000000001,653.3000000000001
12,6,196.0,628.3000000000001,76.08733333333335,15,0,181.0,211.0,211.0,181.0,603.3000000000001,653.3000000000001
12,7,226.0,628.3000000000001,72.00066666666666,30,0,211.0,241.0,241.0,211.0,603.3000000000001,653.3000000000001
12,8,256.0,628.3000000000001,69.99714285714286,21,0,241.0,271.0,271.0,241.0,603.3000000000001,653.3000000000001
12,9,286.0,628.3000000000001,70.15416666666665,24,0,271.0,301.0,301.0,271.0,603.3000000000001,653.3000000000001
12,10,316.0,628.3000000000001,67.16277777777776,18,0,301.0,331.0,331.0,301.0,603.3000000000001,653.3000000000001
12,11,346.0,628.3000000000001,76.49199999999999,10,0,331.0,361.0,361.0,331.0,603.3000000000001,653.3000000000001
12,12,376.0,628.3000000000001,70.32333333333334,9,0,361.0,391.0,391.0,361.0,603.3000000000001,653.3000000000001
12,13,406.0,628.3000000000001,69.56266666666667,15,0,391.0,421.0,421.0,391.0,603.3000000000001,653.3000000000001
12,14,436.0,628.3000000000001,60.47093023255815,43,0,421.0,451.0,451.0,421.0,603.3000000000001,653.3000000000001
12,15,466.0,628.3000000000001,65.00800000000001,30,0,451.0,481.0,481.0,451.0,603.3000000000001,653.3000000000001
12,16,496.0,628.3000000000001,62.040000000000006,32,0,481.0,511.0,511.0,481.0,603.3000000000001,653.3000000000001
12,17,526.0,628.3000000000001,63.38264705882354,34,0,511.0,541.0,541.0,511.0,603.3000000000001,653.3000000000001
12,18,556.0,628.3000000000001,64.39230769230768,26,0,541.0,571.0,571.0,541.0,603.3000000000001,653.3000000000001
12,19,586.0,628.3000000000001,64.82394736842105,38,0,571.0,601.0,601.0,571.0,603.3000000000001,653.3000000000001
12,20,616.0,628.3000000000001,64.46749999999999,32,0,601.0,631.0,631.0,601.0,603.3000000000001,653.3000000000001
12,21,646.0,628.3000000000001,62.32333333333332,42,0,631.0,661.0,661.0,631.0,603.3000000000001,653.3000000000001
12,22,676.0,628.3000000000001,68.44047619047619,21,0,661.0,691.0,691.0,661.0,603.3000000000001,653.3000000000001
12,23,706.0,628.3000000000001,67.29277777777776,18,0,691.0,721.0,721.0,691.0,603.3000000000001,653.3000000000001
12,24,736.0,628.3000000000001,58.83041666666668,48,0,721.0,751.0,751.0,721.0,603.3000000000001,653.3000000000001
12,25,766.0,628.3000000000001,65.22172413793103,29,0,751.0,781.0,781.0,751.0,603.3000000000001,653.3000000000001
12,26,796.0,628.3000000000001,62.572592592592585,27,0,781.0,811.0,811.0,781.0,603.3000000000001,653.3000000000001
12,27,826.0,628.3000000000001,66.49424242424243,33,0,811.0,841.0,841.0,811.0,603.3000000000001,653.3000000000001
12,28,856.0,628.3000000000001,67.01387096774194,31,0,841.0,871.0,871.0,841.0,603.3000000000001,653.3000000000001
12,29,886.0,628.3000000000001,64.77541666666669,40,0,871.0,901.0,901.0,871.0,603.3000000000001,653.3000000000001
12,30,916.0,628.3000000000001,59.98666666666666,45,0,901.0,931.0,931.0,901.0,603.3000000000001,653.3000000000001
12,31,946.0,628.3000000000001,48.433018867924545,53,0,931.0,961.0,961.0,931.0,603.3000000000001,653.3000000000001
12,32,976.0,628.3000000000001,43.03652173913044,23,0,961.0,991.0,991.0,961.0,603.3000000000001,653.3000000000001
12,33,1006.0,628.3000000000001,48.236176470588234,34,0,991.0,1021.0,1021.0,991.0,603.3000000000001,653.3000000000001
12,34,1036.0,628.3000000000001,50.93291666666667,48,0,1021.0,1051.0,1051.0,1021.0,603.3000000000001,653.3000000000001
12,35,1066.0,628.3000000000001,54.763555555555556,45,0,1051.0,1081.0,1081.0,1051.0,603.3000000000001,653.3000000000001
12,36,1096.0,628.3000000000001,58.60681818181819,44,0,1081.0,1111.0,1111.0,1081.0,603.3000000000001,653.3000000000001
12,37,1126.0,628.3000000000001,61.37952380952379,42,0,1111.0,1141.0,1141.0,1111.0,603.3000000000001,653.3000000000001
12,38,1156.0,628.3000000000001,63.48909090909091,11,0,1141.0,1171.0,1171.0,1141.0,603.3000000000001,653.3000000000001
12,39,1186.0,628.3000000000001,58.225750000000005,40,0,1171.0,1201.0,1201.0,1171.0,603.3000000000001,653.3000000000001
12,40,1216.0,628.3000000000001,55.31842105263158,38,0,1201.0,1231.0,1231.0,1201.0,603.3000000000001,653.3000000000001
12,41,1246.0,628.3000000000001,44.434347826086956,46,0,1231.0,1261.0,1261.0,1231.0,603.3000000000001,653.3000000000001
12,42,1276.0,628.3000000000001,50.13312500000001,48,0,1261.0,1291.0,1291.0,1261.0,603.3000000000001,653.3000000000001
12,43,1306.0,628.3000000000001,43.00814814814814,54,0,1291.0,1321.0,1321.0,1291.0,603.3000000000001,653.3000000000001
12,44,1336.0,628.3000000000001,29.317500000000013,84,0,1321.0,1351.0,1351.0,1321.0,603.3000000000001,653.3000000000001
12,45,1366.0,628.3000000000001,35.90917808219177,73,0,1351.0,1381.0,1381.0,1351.0,603.3000000000001,653.3000000000001
12,46,1396.0,628.3000000000001,33.67076923076923,65,0,1381.0,1411.0,1411.0,1381.0,603.3000000000001,653.3000000000001
12,47,1426.0,628.3000000000001,36.33789473684211,57,0,1411.0,1441.0,1441.0,1411.0,603.3000000000001,653.3000000000001
12,48,1456.0,628.3000000000001,46.7525,48,0,1441.0,1471.0,1471.0,1441.0,603.3000000000001,653.3000000000001
12,49,1486.0,628.3000000000001,46.376078431372555,51,0,1471.0,1501.0,1501.0,1471.0,603.3000000000001,653.3000000000001
12,50,1516.0,628.3000000000001,34.57347826086958,69,0,1501.0,1531.0,1531.0,1501.0,603.3000000000001,653.3000000000001
12,51,1546.0,628.3000000000001,36.770937499999995,64,0,1531.0,1561.0,1561.0,1531.0,603.3000000000001,653.3000000000001
12,52,1576.0,628.3000000000001,43.12653846153848,52,0,1561.0,1591.0,1591.0,1561.0,603.3000000000001,653.3000000000001
12,53,1606.0,628.3000000000001,41.61107142857141,56,0,1591.0,1621.0,1621.0,1591.0,603.3000000000001,653.3000000000001
12,54,1636.0,628.3000000000001,42.90433333333332,60,0,1621.0,1651.0,1651.0,1621.0,603.3000000000001,653.3000000000001
12,55,1666.0,628.3000000000001,43.56615384615387,52,0,1651.0,1681.0,1681.0,1651.0,603.3000000000001,653.3000000000001
12,56,1696.0,628.3000000000001,38.09550724637681,69,0,1681.0,1711.0,1711.0,1681.0,603.3000000000001,653.3000000000001
12,57,1726.0,628.3000000000001,35.571230769230766,65,0,1711.0,1741.0,1741.0,1711.0,603.3000000000001,653.3000000000001
12,58,1756.0,628.3000000000001,23.285353535353536,99,0,1741.0,1771.0,1771.0,1741.0,603.3000000000001,653.3000000000001
12,59,1786.0,628.3000000000001,19.74622448979592,98,0,1771.0,1801.0,1801.0,1771.0,603.3000000000001,653.3000000000001
12,60,1816.0,628.3000000000001,30.330000000000013,74,0,1801.0,1831.0,1831.0,1801.0,603.3000000000001,653.3000000000001
12,61,1846.0,628.3000000000001,38.285925925925916,54,0,1831.0,1861.0,1861.0,1831.0,603.3000000000001,653.3000000000001
12,62,1876.0,628.3000000000001,33.58666666666667,60,0,1861.0,1891.0,1891.0,1861.0,603.3000000000001,653.3000000000001
12,63,1906.0,628.3000000000001,29.42347014925374,67,0,1891.0,1921.0,1921.0,1891.0,603.3000000000001,653.3000000000001
12,64,1936.0,628.3000000000001,27.255,60,0,1921.0,1951.0,1951.0,1921.0,603.3000000000001,653.3000000000001
12,65,1966.0,628.3000000000001,29.953774250440897,63,0,1951.0,1981.0,1981.0,1951.0,603.3000000000001,653.3000000000001
12,66,1996.0,628.3000000000001,35.10537037037039,54,0,1981.0,2011.0,2011.0,1981.0,603.3000000000001,653.3000000000001
12,67,2026.0,628.3000000000001,32.59191176470588,68,0,2011.0,2041.0,2041.0,2011.0,603.3000000000001,653.3000000000001
12,68,2056.0,628.3000000000001,41.17547169811322,53,0,2041.0,2071.0,2071.0,2041.0,603.3000000000001,653.3000000000001
12,69,2086.0,628.3000000000001,44.28146341463415,41,0,2071.0,2101.0,2101.0,2071.0,603.3000000000001,653.3000000000001
12,70,2116.0,628.3000000000001,34.70122807017543,57,0,2101.0,2131.0,2131.0,2101.0,603.3000000000001,653.3000000000001
12,71,2146.0,628.3000000000001,24.179176470588242,85,0,2131.0,2161.0,2161.0,2131.0,603.3000000000001,653.3000000000001
12,72,2176.0,628.3000000000001,24.684880952380954,84,0,2161.0,2191.0,2191.0,2161.0,603.3000000000001,653.3000000000001
12,73,2206.0,628.3000000000001,29.65,80,0,2191.0,2221.0,2221.0,2191.0,603.3000000000001,653.3000000000001
12,74,2236.0,628.3000000000001,39.15619999999999,50,0,2221.0,2251.0,2251.0,2221.0,603.3000000000001,653.3000000000001
12,75,2266.0,628.3000000000001,37.48744680851063,47,0,2251.0,2281.0,2281.0,2251.0,603.3000000000001,653.3000000000001
12,76,2296.0,628.3000000000001,34.360476190476184,42,0,2281.0,2311.0,2311.0,2281.0,603.3000000000001,653.3000000000001
12,77,2326.0,628.3000000000001,30.464193548387094,62,0,2311.0,2341.0,2341.0,2311.0,603.3000000000001,653.3000000000001
12,78,2356.0,628.3000000000001,26.696714285714297,70,0,2341.0,2371.0,2371.0,2341.0,603.3000000000001,653.3000000000001
12,79,2386.0,628.3000000000001,22.61289855072463,69,0,2371.0,2401.0,2401.0,2371.0,603.3000000000001,653.3000000000001
12,80,2416.0,628.3000000000001,25.563295454545457,88,0,2401.0,2431.0,2431.0,2401.0,603.3000000000001,653.3000000000001
12,81,2446.0,628.3000000000001,26.320192307692313,52,0,2431.0,2461.0,2461.0,2431.0,603.3000000000001,653.3000000000001
12,82,2476.0,628.3000000000001,27.639855072463764,69,0,2461.0,2491.0,2491.0,2461.0,603.3000000000001,653.3000000000001
12,83,2506.0,628.3000000000001,26.246338028169017,71,0,2491.0,2521.0,2521.0,2491.0,603.3000000000001,653.3000000000001
12,84,2536.0,628.3000000000001,26.59777777777777,81,0,2521.0,2551.0,2551.0,2521.0,603.3000000000001,653.3000000000001
12,85,2566.0,628.3000000000001,31.06886363636364,88,0,2551.0,2581.0,2581.0,2551.0,603.3000000000001,653.3000000000001
12,86,2596.0,628.3000000000001,33.50538461538462,52,0,2581.0,2611.0,2611.0,2581.0,603.3000000000001,653.3000000000001
12,87,2626.0,628.3000000000001,33.255789473684224,57,0,2611.0,2641.0,2641.0,2611.0,603.3000000000001,653.3000000000001
12,88,2656.0,628.3000000000001,28.90734375,64,0,2641.0,2671.0,2671.0,2641.0,603.3000000000001,653.3000000000001
12,89,2686.0,628.3000000000001,29.367323943661972,71,0,2671.0,2701.0,2701.0,2671.0,603.3000000000001,653.3000000000001
12,90,2716.0,628.3000000000001,24.342613636363637,88,0,2701.0,2731.0,2731.0,2701.0,603.3000000000001,653.3000000000001
12,91,2746.0,628.3000000000001,26.818190476190473,105,0,2731.0,2761.0,2761.0,2731.0,603.3000000000001,653.3000000000001
12,92,2776.0,628.3000000000001,33.940634920634906,63,0,2761.0,2791.0,2791.0,2761.0,603.3000000000001,653.3000000000001
12,93,2806.0,628.3000000000001,34.96061224489796,49,0,2791.0,2821.0,2821.0,2791.0,603.3000000000001,653.3000000000001
12,94,2836.0,628.3000000000001,33.07625000000001,64,0,2821.0,2851.0,2851.0,2821.0,603.3000000000001,653.3000000000001
12,95,2866.0,628.3000000000001,37.1986,50,0,2851.0,2881.0,2881.0,2851.0,603.3000000000001,653.3000000000001
12,96,2896.0,628.3000000000001,36.94549295774648,71,0,2881.0,2911.0,2911.0,2881.0,603.3000000000001,653.3000000000001
12,97,2926.0,628.3000000000001,39.72180327868852,61,0,2911.0,2941.0,2941.0,2911.0,603.3000000000001,653.3000000000001
12,98,2956.0,628.3000000000001,42.77929824561402,57,0,2941.0,2971.0,2971.0,2941.0,603.3000000000001,653.3000000000001
12,99,2986.0,628.3000000000001,45.88296296296298,54,0,2971.0,3001.0,3001.0,2971.0,603.3000000000001,653.3000000000001
12,100,3016.0,628.3000000000001,49.52148936170212,47,0,3001.0,3031.0,3031.0,3001.0,603.3000000000001,653.3000000000001
12,101,3046.0,628.3000000000001,47.62830188679245,53,0,3031.0,3061.0,3061.0,3031.0,603.3000000000001,653.3000000000001
12,102,3076.0,628.3000000000001,49.64234693877552,28,0,3061.0,3091.0,3091.0,3061.0,603.3000000000001,653.3000000000001
12,103,3106.0,628.3000000000001,39.013181818181806,66,0,3091.0,3121.0,3121.0,3091.0,603.3000000000001,653.3000000000001
12,104,3136.0,628.3000000000001,31.9468,50,0,3121.0,3151.0,3151.0,3121.0,603.3000000000001,653.3000000000001
12,105,3166.0,628.3000000000001,35.940303030303035,66,0,3151.0,3181.0,3181.0,3151.0,603.3000000000001,653.3000000000001
12,106,3196.0,628.3000000000001,36.74632653061225,49,0,3181.0,3211.0,3211.0,3181.0,603.3000000000001,653.3000000000001
12,107,3226.0,628.3000000000001,35.181351351351346,74,0,3211.0,3241.0,3241.0,3211.0,603.3000000000001,653.3000000000001
12,108,3256.0,628.3000000000001,23.758631578947366,95,0,3241.0,3271.0,3271.0,3241.0,603.3000000000001,653.3000000000001
12,109,3286.0,628.3000000000001,33.29345454545455,55,0,3271.0,3301.0,3301.0,3271.0,603.3000000000001,653.3000000000001
12,110,3316.0,628.3000000000001,22.712978723404266,94,0,3301.0,3331.0,3331.0,3301.0,603.3000000000001,653.3000000000001
12,111,3346.0,628.3000000000001,21.1434090909091,88,0,3331.0,3361.0,3361.0,3331.0,603.3000000000001,653.3000000000001
12,112,3376.0,628.3000000000001,16.94442307692308,104,0,3361.0,3391.0,3391.0,3361.0,603.3000000000001,653.3000000000001
12,113,3406.0,628.3000000000001,15.261363636363642,88,0,3391.0,3421.0,3421.0,3391.0,603.3000000000001,653.3000000000001
12,114,3436.0,628.3000000000001,21.104382022471906,89,0,3421.0,3451.0,3451.0,3421.0,603.3000000000001,653.3000000000001
12,115,3466.0,628.3000000000001,28.25035714285715,84,0,3451.0,3481.0,3481.0,3451.0,603.3000000000001,653.3000000000001
12,116,3496.0,628.3000000000001,32.64717948717948,78,0,3481.0,3511.0,3511.0,3481.0,603.3000000000001,653.3000000000001
12,117,3526.0,628.3000000000001,29.283877551020414,98,0,3511.0,3541.0,3541.0,3511.0,603.3000000000001,653.3000000000001
12,118,3556.0,628.3000000000001,34.45266666666667,60,0,3541.0,3571.0,3571.0,3541.0,603.3000000000001,653.3000000000001
12,119,3586.0,628.3000000000001,38.02799999999999,60,0,3571.0,3601.0,3601.0,3571.0,603.3000000000001,653.3000000000001
12,120,3616.0,628.3000000000001,35.22765957446809,47,0,3601.0,3631.0,3631.0,3601.0,603.3000000000001,653.3000000000001
12,121,3646.0,628.3000000000001,31.080735294117638,68,0,3631.0,3661.0,3661.0,3631.0,603.3000000000001,653.3000000000001
12,122,3676.0,628.3000000000001,32.22,14,0,3661.0,3691.0,3691.0,3661.0,603.3000000000001,653.3000000000001
12,123,3706.0,628.3000000000001,,0,0,3691.0,3721.0,3721.0,3691.0,603.3000000000001,653.3000000000001
12,124,3736.0,628.3000000000001,,0,0,3721.0,3751.0,3751.0,3721.0,603.3000000000001,653.3000000000001
12,125,3766.0,628.3000000000001,,0,0,3751.0,3781.0,3781.0,3751.0,603.3000000000001,653.3000000000001
12,126,3796.0,628.3000000000001,,0,0,3781.0,3811.0,3811.0,3781.0,603.3000000000001,653.3000000000001
12,127,3826.0,628.3000000000001,,0,0,3811.0,3841.0,3841.0,3811.0,603.3000000000001,653.3000000000001
13,0,16.0,678.3000000000001,69.7838888888889,18,0,1.0,31.0,31.0,1.0,653.3000000000001,703.3000000000001
13,1,46.0,678.3000000000001,72.87500000000001,14,0,31.0,61.0,61.0,31.0,653.3000000000001,703.3000000000001
13,2,76.0,678.3000000000001,80.178,10,0,61.0,91.0,91.0,61.0,653.3000000000001,703.3000000000001
13,3,106.0,678.3000000000001,64.70115384615386,26,0,91.0,121.0,121.0,91.0,653.3000000000001,703.3000000000001
13,4,136.0,678.3000000000001,65.743,30,0,121.0,151.0,151.0,121.0,653.3000000000001,703.3000000000001
13,5,166.0,678.3000000000001,71.18575757575759,33,0,151.0,181.0,181.0,151.0,653.3000000000001,703.3000000000001
13,6,196.0,678.3000000000001,79.23733333333334,15,0,181.0,211.0,211.0,181.0,653.3000000000001,703.3000000000001
13,7,226.0,678.3000000000001,74.40346153846153,26,0,211.0,241.0,241.0,211.0,653.3000000000001,703.3000000000001
13,8,256.0,678.3000000000001,76.39470588235295,17,0,241.0,271.0,271.0,241.0,653.3000000000001,703.3000000000001
13,9,286.0,678.3000000000001,70.545,26,0,271.0,301.0,301.0,271.0,653.3000000000001,703.3000000000001
13,10,316.0,678.3000000000001,69.15555555555555,18,0,301.0,331.0,331.0,301.0,653.3000000000001,703.3000000000001
13,11,346.0,678.3000000000001,81.91,10,0,331.0,361.0,361.0,331.0,653.3000000000001,703.3000000000001
13,12,376.0,678.3000000000001,73.905,10,0,361.0,391.0,391.0,361.0,653.3000000000001,703.3000000000001
13,13,406.0,678.3000000000001,77.67076923076924,13,0,391.0,421.0,421.0,391.0,653.3000000000001,703.3000000000001
13,14,436.0,678.3000000000001,60.03581395348836,43,0,421.0,451.0,451.0,421.0,653.3000000000001,703.3000000000001
13,15,466.0,678.3000000000001,66.52806451612904,31,0,451.0,481.0,481.0,451.0,653.3000000000001,703.3000000000001
13,16,496.0,678.3000000000001,63.61214285714285,28,0,481.0,511.0,511.0,481.0,653.3000000000001,703.3000000000001
13,17,526.0,678.3000000000001,64.95827586206894,29,0,511.0,541.0,541.0,511.0,653.3000000000001,703.3000000000001
13,18,556.0,678.3000000000001,66.90793103448276,29,0,541.0,571.0,571.0,541.0,653.3000000000001,703.3000000000001
13,19,586.0,678.3000000000001,65.80166666666668,36,0,571.0,601.0,601.0,571.0,653.3000000000001,703.3000000000001
13,20,616.0,678.3000000000001,66.98486486486487,37,0,601.0,631.0,631.0,601.0,653.3000000000001,703.3000000000001
13,21,646.0,678.3000000000001,63.86947368421055,38,0,631.0,661.0,661.0,631.0,653.3000000000001,703.3000000000001
13,22,676.0,678.3000000000001,70.23559999999999,25,0,661.0,691.0,691.0,661.0,653.3000000000001,703.3000000000001
13,23,706.0,678.3000000000001,74.24333333333334,15,0,691.0,721.0,721.0,691.0,653.3000000000001,703.3000000000001
13,24,736.0,678.3000000000001,58.732800000000005,50,0,721.0,751.0,751.0,721.0,653.3000000000001,703.3000000000001
13,25,766.0,678.3000000000001,67.68074074074073,27,0,751.0,781.0,781.0,751.0,653.3000000000001,703.3000000000001
13,26,796.0,678.3000000000001,63.12250000000001,28,0,781.0,811.0,811.0,781.0,653.3000000000001,703.3000000000001
13,27,826.0,678.3000000000001,67.7540625,32,0,811.0,841.0,841.0,811.0,653.3000000000001,703.3000000000001
13,28,856.0,678.3000000000001,68.95774193548387,31,0,841.0,871.0,871.0,841.0,653.3000000000001,703.3000000000001
13,29,886.0,678.3000000000001,66.3677142857143,35,0,871.0,901.0,901.0,871.0,653.3000000000001,703.3000000000001
13,30,916.0,678.3000000000001,59.59361111111112,36,0,901.0,931.0,931.0,901.0,653.3000000000001,703.3000000000001
13,31,946.0,678.3000000000001,42.70850000000001,60,0,931.0,961.0,961.0,931.0,653.3000000000001,703.3000000000001
13,32,976.0,678.3000000000001,41.154318181818184,33,0,961.0,991.0,991.0,961.0,653.3000000000001,703.3000000000001
13,33,1006.0,678.3000000000001,54.48000000000001,31,0,991.0,1021.0,1021.0,991.0,653.3000000000001,703.3000000000001
13,34,1036.0,678.3000000000001,52.561400000000006,50,0,1021.0,1051.0,1051.0,1021.0,653.3000000000001,703.3000000000001
13,35,1066.0,678.3000000000001,54.914468085106385,47,0,1051.0,1081.0,1081.0,1051.0,653.3000000000001,703.3000000000001
13,36,1096.0,678.3000000000001,59.11116279069769,43,0,1081.0,1111.0,1111.0,1081.0,653.3000000000001,703.3000000000001
13,37,1126.0,678.3000000000001,62.19333333333333,48,0,1111.0,1141.0,1141.0,1111.0,653.3000000000001,703.3000000000001
13,38,1156.0,678.3000000000001,65.90333333333334,15,0,1141.0,1171.0,1171.0,1141.0,653.3000000000001,703.3000000000001
13,39,1186.0,678.3000000000001,60.03147058823529,34,0,1171.0,1201.0,1201.0,1171.0,653.3000000000001,703.3000000000001
13,40,1216.0,678.3000000000001,52.379999999999995,48,0,1201.0,1231.0,1231.0,1201.0,653.3000000000001,703.3000000000001
13,41,1246.0,678.3000000000001,44.321702127659584,47,0,1231.0,1261.0,1261.0,1231.0,653.3000000000001,703.3000000000001
13,42,1276.0,678.3000000000001,52.72375,48,0,1261.0,1291.0,1291.0,1261.0,653.3000000000001,703.3000000000001
13,43,1306.0,678.3000000000001,41.68437499999998,64,0,1291.0,1321.0,1321.0,1291.0,653.3000000000001,703.3000000000001
13,44,1336.0,678.3000000000001,35.0135593220339,59,0,1321.0,1351.0,1351.0,1321.0,653.3000000000001,703.3000000000001
13,45,1366.0,678.3000000000001,40.00076923076924,65,0,1351.0,1381.0,1381.0,1351.0,653.3000000000001,703.3000000000001
13,46,1396.0,678.3000000000001,37.08633333333333,60,0,1381.0,1411.0,1411.0,1381.0,653.3000000000001,703.3000000000001
13,47,1426.0,678.3000000000001,38.84509090909091,55,0,1411.0,1441.0,1441.0,1411.0,653.3000000000001,703.3000000000001
13,48,1456.0,678.3000000000001,45.16717391304348,46,0,1441.0,1471.0,1471.0,1441.0,653.3000000000001,703.3000000000001
13,49,1486.0,678.3000000000001,46.39576923076924,52,0,1471.0,1501.0,1501.0,1471.0,653.3000000000001,703.3000000000001
13,50,1516.0,678.3000000000001,39.33561403508772,57,0,1501.0,1531.0,1531.0,1501.0,653.3000000000001,703.3000000000001
13,51,1546.0,678.3000000000001,37.44986111111112,72,0,1531.0,1561.0,1561.0,1531.0,653.3000000000001,703.3000000000001
13,52,1576.0,678.3000000000001,44.27791666666667,48,0,1561.0,1591.0,1591.0,1561.0,653.3000000000001,703.3000000000001
13,53,1606.0,678.3000000000001,47.993750000000006,48,0,1591.0,1621.0,1621.0,1591.0,653.3000000000001,703.3000000000001
13,54,1636.0,678.3000000000001,44.9672131147541,61,0,1621.0,1651.0,1651.0,1621.0,653.3000000000001,703.3000000000001
13,55,1666.0,678.3000000000001,47.14098039215686,51,0,1651.0,1681.0,1681.0,1651.0,653.3000000000001,703.3000000000001
13,56,1696.0,678.3000000000001,39.54661290322581,62,0,1681.0,1711.0,1711.0,1681.0,653.3000000000001,703.3000000000001
13,57,1726.0,678.3000000000001,32.769999999999996,63,0,1711.0,1741.0,1741.0,1711.0,653.3000000000001,703.3000000000001
13,58,1756.0,678.3000000000001,25.72642857142858,84,0,1741.0,1771.0,1771.0,1741.0,653.3000000000001,703.3000000000001
13,59,1786.0,678.3000000000001,29.80409836065574,61,0,1771.0,1801.0,1801.0,1771.0,653.3000000000001,703.3000000000001
13,60,1816.0,678.3000000000001,34.5184765625,64,0,1801.0,1831.0,1831.0,1801.0,653.3000000000001,703.3000000000001
13,61,1846.0,678.3000000000001,37.396440677966105,59,0,1831.0,1861.0,1861.0,1831.0,653.3000000000001,703.3000000000001
13,62,1876.0,678.3000000000001,33.97913793103447,58,0,1861.0,1891.0,1891.0,1861.0,653.3000000000001,703.3000000000001
13,63,1906.0,678.3000000000001,30.803214285714287,56,0,1891.0,1921.0,1921.0,1891.0,653.3000000000001,703.3000000000001
13,64,1936.0,678.3000000000001,31.050847457627114,59,0,1921.0,1951.0,1951.0,1921.0,653.3000000000001,703.3000000000001
13,65,1966.0,678.3000000000001,35.60444444444445,54,0,1951.0,1981.0,1981.0,1951.0,653.3000000000001,703.3000000000001
13,66,1996.0,678.3000000000001,31.281346153846155,52,0,1981.0,2011.0,2011.0,1981.0,653.3000000000001,703.3000000000001
13,67,2026.0,678.3000000000001,30.683815789473677,76,0,2011.0,2041.0,2041.0,2011.0,653.3000000000001,703.3000000000001
13,68,2056.0,678.3000000000001,40.35236363636364,55,0,2041.0,2071.0,2071.0,2041.0,653.3000000000001,703.3000000000001
13,69,2086.0,678.3000000000001,44.35934782608696,46,0,2071.0,2101.0,2101.0,2071.0,653.3000000000001,703.3000000000001
13,70,2116.0,678.3000000000001,37.10733333333333,45,0,2101.0,2131.0,2131.0,2101.0,653.3000000000001,703.3000000000001
13,71,2146.0,678.3000000000001,25.398000000000003,65,0,2131.0,2161.0,2161.0,2131.0,653.3000000000001,703.3000000000001
13,72,2176.0,678.3000000000001,27.277792207792213,77,0,2161.0,2191.0,2191.0,2161.0,653.3000000000001,703.3000000000001
13,73,2206.0,678.3000000000001,32.957600000000006,75,0,2191.0,2221.0,2221.0,2191.0,653.3000000000001,703.3000000000001
13,74,2236.0,678.3000000000001,30.475072463768132,69,0,2221.0,2251.0,2251.0,2221.0,653.3000000000001,703.3000000000001
13,75,2266.0,678.3000000000001,34.13767857142857,56,0,2251.0,2281.0,2281.0,2251.0,653.3000000000001,703.3000000000001
13,76,2296.0,678.3000000000001,35.37744186046512,43,0,2281.0,2311.0,2311.0,2281.0,653.3000000000001,703.3000000000001
13,77,2326.0,678.3000000000001,35.7976923076923,52,0,2311.0,2341.0,2341.0,2311.0,653.3000000000001,703.3000000000001
13,78,2356.0,678.3000000000001,32.22120689655173,58,0,2341.0,2371.0,2371.0,2341.0,653.3000000000001,703.3000000000001
13,79,2386.0,678.3000000000001,26.174328358208957,67,0,2371.0,2401.0,2401.0,2371.0,653.3000000000001,703.3000000000001
13,80,2416.0,678.3000000000001,25.57529411764706,85,0,2401.0,2431.0,2431.0,2401.0,653.3000000000001,703.3000000000001
13,81,2446.0,678.3000000000001,29.1266,50,0,2431.0,2461.0,2461.0,2431.0,653.3000000000001,703.3000000000001
13,82,2476.0,678.3000000000001,33.93793103448276,58,0,2461.0,2491.0,2491.0,2461.0,653.3000000000001,703.3000000000001
13,83,2506.0,678.3000000000001,30.450689655172415,58,0,2491.0,2521.0,2521.0,2491.0,653.3000000000001,703.3000000000001
13,84,2536.0,678.3000000000001,29.252957746478867,71,0,2521.0,2551.0,2551.0,2521.0,653.3000000000001,703.3000000000001
13,85,2566.0,678.3000000000001,30.888554216867476,83,0,2551.0,2581.0,2581.0,2551.0,653.3000000000001,703.3000000000001
13,86,2596.0,678.3000000000001,31.91452830188679,53,0,2581.0,2611.0,2611.0,2581.0,653.3000000000001,703.3000000000001
13,87,2626.0,678.3000000000001,32.25111111111112,72,0,2611.0,2641.0,2641.0,2611.0,653.3000000000001,703.3000000000001
13,88,2656.0,678.3000000000001,33.25934782608696,46,0,2641.0,2671.0,2671.0,2641.0,653.3000000000001,703.3000000000001
13,89,2686.0,678.3000000000001,29.50957142857143,70,0,2671.0,2701.0,2701.0,2671.0,653.3000000000001,703.3000000000001
13,90,2716.0,678.3000000000001,29.45241379310346,58,0,2701.0,2731.0,2731.0,2701.0,653.3000000000001,703.3000000000001
13,91,2746.0,678.3000000000001,30.327325581395346,86,0,2731.0,2761.0,2761.0,2731.0,653.3000000000001,703.3000000000001
13,92,2776.0,678.3000000000001,32.905151515151516,66,0,2761.0,2791.0,2791.0,2761.0,653.3000000000001,703.3000000000001
13,93,2806.0,678.3000000000001,36.47116279069767,43,0,2791.0,2821.0,2821.0,2791.0,653.3000000000001,703.3000000000001
13,94,2836.0,678.3000000000001,37.70705882352941,51,0,2821.0,2851.0,2851.0,2821.0,653.3000000000001,703.3000000000001
13,95,2866.0,678.3000000000001,41.737142857142864,42,0,2851.0,2881.0,2881.0,2851.0,653.3000000000001,703.3000000000001
13,96,2896.0,678.3000000000001,38.69571428571429,70,0,2881.0,2911.0,2911.0,2881.0,653.3000000000001,703.3000000000001
13,97,2926.0,678.3000000000001,42.102,55,0,2911.0,2941.0,2941.0,2911.0,653.3000000000001,703.3000000000001
13,98,2956.0,678.3000000000001,44.420600000000015,50,0,2941.0,2971.0,2971.0,2941.0,653.3000000000001,703.3000000000001
13,99,2986.0,678.3000000000001,48.05903846153847,52,0,2971.0,3001.0,3001.0,2971.0,653.3000000000001,703.3000000000001
13,100,3016.0,678.3000000000001,47.01840909090909,44,0,3001.0,3031.0,3031.0,3001.0,653.3000000000001,703.3000000000001
13,101,3046.0,678.3000000000001,48.75086956521738,46,0,3031.0,3061.0,3061.0,3031.0,653.3000000000001,703.3000000000001
13,102,3076.0,678.3000000000001,50.516875,32,0,3061.0,3091.0,3091.0,3061.0,653.3000000000001,703.3000000000001
13,103,3106.0,678.3000000000001,37.035714285714285,56,0,3091.0,3121.0,3121.0,3091.0,653.3000000000001,703.3000000000001
13,104,3136.0,678.3000000000001,34.31543478260869,46,0,3121.0,3151.0,3151.0,3121.0,653.3000000000001,703.3000000000001
13,105,3166.0,678.3000000000001,34.38181818181818,66,0,3151.0,3181.0,3181.0,3151.0,653.3000000000001,703.3000000000001
13,106,3196.0,678.3000000000001,40.45707317073171,41,0,3181.0,3211.0,3211.0,3181.0,653.3000000000001,703.3000000000001
13,107,3226.0,678.3000000000001,36.38461538461539,65,0,3211.0,3241.0,3241.0,3211.0,653.3000000000001,703.3000000000001
13,108,3256.0,678.3000000000001,27.75614457831325,83,0,3241.0,3271.0,3271.0,3241.0,653.3000000000001,703.3000000000001
13,109,3286.0,678.3000000000001,31.01692307692307,52,0,3271.0,3301.0,3301.0,3271.0,653.3000000000001,703.3000000000001
13,110,3316.0,678.3000000000001,23.48493975903614,83,0,3301.0,3331.0,3331.0,3301.0,653.3000000000001,703.3000000000001
13,111,3346.0,678.3000000000001,22.78130952380953,84,0,3331.0,3361.0,3361.0,3331.0,653.3000000000001,703.3000000000001
13,112,3376.0,678.3000000000001,16.00086956521739,92,0,3361.0,3391.0,3391.0,3361.0,653.3000000000001,703.3000000000001
13,113,3406.0,678.3000000000001,21.73428571428571,77,0,3391.0,3421.0,3421.0,3391.0,653.3000000000001,703.3000000000001
13,114,3436.0,678.3000000000001,27.98962962962963,54,0,3421.0,3451.0,3451.0,3421.0,653.3000000000001,703.3000000000001
13,115,3466.0,678.3000000000001,34.874084507042255,71,0,3451.0,3481.0,3481.0,3451.0,653.3000000000001,703.3000000000001
13,116,3496.0,678.3000000000001,39.451777777777785,55,0,3481.0,3511.0,3511.0,3481.0,653.3000000000001,703.3000000000001
13,117,3526.0,678.3000000000001,34.723970588235304,68,0,3511.0,3541.0,3541.0,3511.0,653.3000000000001,703.3000000000001
13,118,3556.0,678.3000000000001,28.62653846153846,78,0,3541.0,3571.0,3571.0,3541.0,653.3000000000001,703.3000000000001
13,119,3586.0,678.3000000000001,36.34399999999999,60,0,3571.0,3601.0,3601.0,3571.0,653.3000000000001,703.3000000000001
13,120,3616.0,678.3000000000001,35.83792452830188,53,0,3601.0,3631.0,3631.0,3601.0,653.3000000000001,703.3000000000001
13,121,3646.0,678.3000000000001,33.78616666666667,60,0,3631.0,3661.0,3661.0,3631.0,653.3000000000001,703.3000000000001
13,122,3676.0,678.3000000000001,25.9615625,32,0,3661.0,3691.0,3691.0,3661.0,653.3000000000001,703.3000000000001
13,123,3706.0,678.3000000000001,,0,0,3691.0,3721.0,3721.0,3691.0,653.3000000000001,703.3000000000001
13,124,3736.0,678.3000000000001,,0,0,3721.0,3751.0,3751.0,3721.0,653.3000000000001,703.3000000000001
13,125,3766.0,678.3000000000001,,0,0,3751.0,3781.0,3781.0,3751.0,653.3000000000001,703.3000000000001
13,126,3796.0,678.3000000000001,,0,0,3781.0,3811.0,3811.0,3781.0,653.3000000000001,703.3000000000001
13,127,3826.0,678.3000000000001,,0,0,3811.0,3841.0,3841.0,3811.0,653.3000000000001,703.3000000000001
14,0,16.0,728.3000000000001,67.42904761904762,21,0,1.0,31.0,31.0,1.0,703.3000000000001,753.3000000000001
14,1,46.0,728.3000000000001,69.38526315789473,19,0,31.0,61.0,61.0,31.0,703.3000000000001,753.3000000000001
14,2,76.0,728.3000000000001,79.01666666666668,9,0,61.0,91.0,91.0,61.0,703.3000000000001,753.3000000000001
14,3,106.0,728.3000000000001,61.839999999999996,26,0,91.0,121.0,121.0,91.0,703.3000000000001,753.3000000000001
14,4,136.0,728.3000000000001,60.375999999999976,40,0,121.0,151.0,151.0,121.0,703.3000000000001,753.3000000000001
14,5,166.0,728.3000000000001,67.9532142857143,28,0,151.0,181.0,181.0,151.0,703.3000000000001,753.3000000000001
14,6,196.0,728.3000000000001,76.32619047619048,21,0,181.0,211.0,211.0,181.0,703.3000000000001,753.3000000000001
14,7,226.0,728.3000000000001,72.26397435897435,26,0,211.0,241.0,241.0,211.0,703.3000000000001,753.3000000000001
14,8,256.0,728.3000000000001,75.25568627450983,17,0,241.0,271.0,271.0,241.0,703.3000000000001,753.3000000000001
14,9,286.0,728.3000000000001,66.59884615384615,26,0,271.0,301.0,301.0,271.0,703.3000000000001,753.3000000000001
14,10,316.0,728.3000000000001,67.03055555555554,18,0,301.0,331.0,331.0,301.0,703.3000000000001,753.3000000000001
14,11,346.0,728.3000000000001,81.38500000000002,8,0,331.0,361.0,361.0,331.0,703.3000000000001,753.3000000000001
14,12,376.0,728.3000000000001,71.60000000000001,7,0,361.0,391.0,391.0,361.0,703.3000000000001,753.3000000000001
14,13,406.0,728.3000000000001,74.69090909090909,11,0,391.0,421.0,421.0,391.0,703.3000000000001,753.3000000000001
14,14,436.0,728.3000000000001,56.26776397515528,46,0,421.0,451.0,451.0,421.0,703.3000000000001,753.3000000000001
14,15,466.0,728.3000000000001,63.030000000000015,35,0,451.0,481.0,481.0,451.0,703.3000000000001,753.3000000000001
14,16,496.0,728.3000000000001,59.073461538461544,26,0,481.0,511.0,511.0,481.0,703.3000000000001,753.3000000000001
14,17,526.0,728.3000000000001,62.82848484848487,33,0,511.0,541.0,541.0,511.0,703.3000000000001,753.3000000000001
14,18,556.0,728.3000000000001,65.38483870967741,31,0,541.0,571.0,571.0,541.0,703.3000000000001,753.3000000000001
14,19,586.0,728.3000000000001,62.748108108108106,37,0,571.0,601.0,601.0,571.0,703.3000000000001,753.3000000000001
14,20,616.0,728.3000000000001,63.93135135135134,37,0,601.0,631.0,631.0,601.0,703.3000000000001,753.3000000000001
14,21,646.0,728.3000000000001,59.95514285714287,35,0,631.0,661.0,661.0,631.0,703.3000000000001,753.3000000000001
14,22,676.0,728.3000000000001,65.889,30,0,661.0,691.0,691.0,661.0,703.3000000000001,753.3000000000001
14,23,706.0,728.3000000000001,75.68307692307692,13,0,691.0,721.0,721.0,691.0,703.3000000000001,753.3000000000001
14,24,736.0,728.3000000000001,54.975471698113196,53,0,721.0,751.0,751.0,721.0,703.3000000000001,753.3000000000001
14,25,766.0,728.3000000000001,66.04064516129033,31,0,751.0,781.0,781.0,751.0,703.3000000000001,753.3000000000001
14,26,796.0,728.3000000000001,59.772528735632186,29,0,781.0,811.0,811.0,781.0,703.3000000000001,753.3000000000001
14,27,826.0,728.3000000000001,65.56784313725491,34,0,811.0,841.0,841.0,811.0,703.3000000000001,753.3000000000001
14,28,856.0,728.3000000000001,68.3290522875817,34,0,841.0,871.0,871.0,841.0,703.3000000000001,753.3000000000001
14,29,886.0,728.3000000000001,63.98027027027028,37,0,871.0,901.0,901.0,871.0,703.3000000000001,753.3000000000001
14,30,916.0,728.3000000000001,56.43111111111113,36,0,901.0,931.0,931.0,901.0,703.3000000000001,753.3000000000001
14,31,946.0,728.3000000000001,36.89132352941178,68,0,931.0,961.0,961.0,931.0,703.3000000000001,753.3000000000001
14,32,976.0,728.3000000000001,39.700714285714284,42,0,961.0,991.0,991.0,961.0,703.3000000000001,753.3000000000001
14,33,1006.0,728.3000000000001,54.55889705882354,34,0,991.0,1021.0,1021.0,991.0,703.3000000000001,753.3000000000001
14,34,1036.0,728.3000000000001,50.45765957446809,47,0,1021.0,1051.0,1051.0,1021.0,703.3000000000001,753.3000000000001
14,35,1066.0,728.3000000000001,50.253392857142856,56,0,1051.0,1081.0,1081.0,1051.0,703.3000000000001,753.3000000000001
14,36,1096.0,728.3000000000001,53.83607843137255,51,0,1081.0,1111.0,1111.0,1081.0,703.3000000000001,753.3000000000001
14,37,1126.0,728.3000000000001,58.11037735849057,53,0,1111.0,1141.0,1141.0,1111.0,703.3000000000001,753.3000000000001
14,38,1156.0,728.3000000000001,62.42900000000001,20,0,1141.0,1171.0,1171.0,1141.0,703.3000000000001,753.3000000000001
14,39,1186.0,728.3000000000001,57.317647058823525,34,0,1171.0,1201.0,1201.0,1171.0,703.3000000000001,753.3000000000001
14,40,1216.0,728.3000000000001,46.241296296296284,54,0,1201.0,1231.0,1231.0,1201.0,703.3000000000001,753.3000000000001
14,41,1246.0,728.3000000000001,41.7538,50,0,1231.0,1261.0,1261.0,1231.0,703.3000000000001,753.3000000000001
14,42,1276.0,728.3000000000001,48.60416666666666,48,0,1261.0,1291.0,1291.0,1261.0,703.3000000000001,753.3000000000001
14,43,1306.0,728.3000000000001,39.76666666666667,66,0,1291.0,1321.0,1321.0,1291.0,703.3000000000001,753.3000000000001
14,44,1336.0,728.3000000000001,36.988653846153845,52,0,1321.0,1351.0,1351.0,1321.0,703.3000000000001,753.3000000000001
14,45,1366.0,728.3000000000001,42.08629032258065,62,0,1351.0,1381.0,1381.0,1351.0,703.3000000000001,753.3000000000001
14,46,1396.0,728.3000000000001,40.452448979591836,49,0,1381.0,1411.0,1411.0,1381.0,703.3000000000001,753.3000000000001
14,47,1426.0,728.3000000000001,39.30763636363636,55,0,1411.0,1441.0,1441.0,1411.0,703.3000000000001,753.3000000000001
14,48,1456.0,728.3000000000001,42.306222222222225,45,0,1441.0,1471.0,1471.0,1441.0,703.3000000000001,753.3000000000001
14,49,1486.0,728.3000000000001,41.169425287356326,58,0,1471.0,1501.0,1501.0,1471.0,703.3000000000001,753.3000000000001
14,50,1516.0,728.3000000000001,41.83520833333334,48,0,1501.0,1531.0,1531.0,1501.0,703.3000000000001,753.3000000000001
14,51,1546.0,728.3000000000001,40.30696969696969,66,0,1531.0,1561.0,1561.0,1531.0,703.3000000000001,753.3000000000001
14,52,1576.0,728.3000000000001,41.835,48,0,1561.0,1591.0,1591.0,1561.0,703.3000000000001,753.3000000000001
14,53,1606.0,728.3000000000001,49.14586956521741,46,0,1591.0,1621.0,1621.0,1591.0,703.3000000000001,753.3000000000001
14,54,1636.0,728.3000000000001,45.147868852459005,61,0,1621.0,1651.0,1651.0,1621.0,703.3000000000001,753.3000000000001
14,55,1666.0,728.3000000000001,45.45921568627451,51,0,1651.0,1681.0,1681.0,1651.0,703.3000000000001,753.3000000000001
14,56,1696.0,728.3000000000001,41.27867924528303,53,0,1681.0,1711.0,1711.0,1681.0,703.3000000000001,753.3000000000001
14,57,1726.0,728.3000000000001,30.918636363636363,66,0,1711.0,1741.0,1741.0,1711.0,703.3000000000001,753.3000000000001
14,58,1756.0,728.3000000000001,30.507777777777783,63,0,1741.0,1771.0,1771.0,1741.0,703.3000000000001,753.3000000000001
14,59,1786.0,728.3000000000001,35.83018518518518,54,0,1771.0,1801.0,1801.0,1771.0,703.3000000000001,753.3000000000001
14,60,1816.0,728.3000000000001,39.02235294117646,51,0,1801.0,1831.0,1831.0,1801.0,703.3000000000001,753.3000000000001
14,61,1846.0,728.3000000000001,33.844333333333324,60,0,1831.0,1861.0,1861.0,1831.0,703.3000000000001,753.3000000000001
14,62,1876.0,728.3000000000001,30.92970588235293,68,0,1861.0,1891.0,1891.0,1861.0,703.3000000000001,753.3000000000001
14,63,1906.0,728.3000000000001,24.645945945945947,74,0,1891.0,1921.0,1921.0,1891.0,703.3000000000001,753.3000000000001
14,64,1936.0,728.3000000000001,29.56809523809524,63,0,1921.0,1951.0,1951.0,1921.0,703.3000000000001,753.3000000000001
14,65,1966.0,728.3000000000001,30.908714285714286,70,0,1951.0,1981.0,1981.0,1951.0,703.3000000000001,753.3000000000001
14,66,1996.0,728.3000000000001,29.918478260869573,46,0,1981.0,2011.0,2011.0,1981.0,703.3000000000001,753.3000000000001
14,67,2026.0,728.3000000000001,31.21256756756756,74,0,2011.0,2041.0,2041.0,2011.0,703.3000000000001,753.3000000000001
14,68,2056.0,728.3000000000001,35.839764309764305,66,0,2041.0,2071.0,2071.0,2041.0,703.3000000000001,753.3000000000001
14,69,2086.0,728.3000000000001,40.58036363636363,55,0,2071.0,2101.0,2101.0,2071.0,703.3000000000001,753.3000000000001
14,70,2116.0,728.3000000000001,37.01027027027027,37,0,2101.0,2131.0,2131.0,2101.0,703.3000000000001,753.3000000000001
14,71,2146.0,728.3000000000001,27.115757575757566,66,0,2131.0,2161.0,2161.0,2131.0,703.3000000000001,753.3000000000001
14,72,2176.0,728.3000000000001,29.690588235294108,68,0,2161.0,2191.0,2191.0,2161.0,703.3000000000001,753.3000000000001
14,73,2206.0,728.3000000000001,31.0597619047619,78,0,2191.0,2221.0,2221.0,2191.0,703.3000000000001,753.3000000000001
14,74,2236.0,728.3000000000001,24.592142857142854,84,0,2221.0,2251.0,2251.0,2221.0,703.3000000000001,753.3000000000001
14,75,2266.0,728.3000000000001,28.623818181818184,55,0,2251.0,2281.0,2281.0,2251.0,703.3000000000001,753.3000000000001
14,76,2296.0,728.3000000000001,33.805510204081635,49,0,2281.0,2311.0,2311.0,2281.0,703.3000000000001,753.3000000000001
14,77,2326.0,728.3000000000001,37.09659574468086,47,0,2311.0,2341.0,2341.0,2311.0,703.3000000000001,753.3000000000001
14,78,2356.0,728.3000000000001,32.822857142857146,56,0,2341.0,2371.0,2371.0,2341.0,703.3000000000001,753.3000000000001
14,79,2386.0,728.3000000000001,21.078701298701294,77,0,2371.0,2401.0,2401.0,2371.0,703.3000000000001,753.3000000000001
14,80,2416.0,728.3000000000001,21.840729166666666,96,0,2401.0,2431.0,2431.0,2401.0,703.3000000000001,753.3000000000001
14,81,2446.0,728.3000000000001,27.675156250000008,64,0,2431.0,2461.0,2461.0,2431.0,703.3000000000001,753.3000000000001
14,82,2476.0,728.3000000000001,32.44984615384616,65,0,2461.0,2491.0,2491.0,2461.0,703.3000000000001,753.3000000000001
14,83,2506.0,728.3000000000001,32.005384615384614,52,0,2491.0,2521.0,2521.0,2491.0,703.3000000000001,753.3000000000001
14,84,2536.0,728.3000000000001,32.49084745762713,59,0,2521.0,2551.0,2551.0,2521.0,703.3000000000001,753.3000000000001
14,85,2566.0,728.3000000000001,31.861125000000015,80,0,2551.0,2581.0,2581.0,2551.0,703.3000000000001,753.3000000000001
14,86,2596.0,728.3000000000001,30.630447761194034,67,0,2581.0,2611.0,2611.0,2581.0,703.3000000000001,753.3000000000001
14,87,2626.0,728.3000000000001,29.269452054794517,73,0,2611.0,2641.0,2641.0,2611.0,703.3000000000001,753.3000000000001
14,88,2656.0,728.3000000000001,27.668358208955226,67,0,2641.0,2671.0,2671.0,2641.0,703.3000000000001,753.3000000000001
14,89,2686.0,728.3000000000001,27.729605263157897,76,0,2671.0,2701.0,2701.0,2671.0,703.3000000000001,753.3000000000001
14,90,2716.0,728.3000000000001,32.65800000000001,55,0,2701.0,2731.0,2731.0,2701.0,703.3000000000001,753.3000000000001
14,91,2746.0,728.3000000000001,35.52617511520737,62,0,2731.0,2761.0,2761.0,2731.0,703.3000000000001,753.3000000000001
14,92,2776.0,728.3000000000001,34.92517241379311,58,0,2761.0,2791.0,2791.0,2761.0,703.3000000000001,753.3000000000001
14,93,2806.0,728.3000000000001,34.57333333333334,54,0,2791.0,2821.0,2821.0,2791.0,703.3000000000001,753.3000000000001
14,94,2836.0,728.3000000000001,38.26734693877552,49,0,2821.0,2851.0,2851.0,2821.0,703.3000000000001,753.3000000000001
14,95,2866.0,728.3000000000001,37.27169811320755,53,0,2851.0,2881.0,2881.0,2851.0,703.3000000000001,753.3000000000001
14,96,2896.0,728.3000000000001,40.56333333333333,57,0,2881.0,2911.0,2911.0,2881.0,703.3000000000001,753.3000000000001
14,97,2926.0,728.3000000000001,39.582363636363645,55,0,2911.0,2941.0,2941.0,2911.0,703.3000000000001,753.3000000000001
14,98,2956.0,728.3000000000001,41.809999999999995,60,0,2941.0,2971.0,2971.0,2941.0,703.3000000000001,753.3000000000001
14,99,2986.0,728.3000000000001,43.988181818181815,55,0,2971.0,3001.0,3001.0,2971.0,703.3000000000001,753.3000000000001
14,100,3016.0,728.3000000000001,42.02470588235295,51,0,3001.0,3031.0,3031.0,3001.0,703.3000000000001,753.3000000000001
14,101,3046.0,728.3000000000001,47.52227272727273,44,0,3031.0,3061.0,3061.0,3031.0,703.3000000000001,753.3000000000001
14,102,3076.0,728.3000000000001,44.599512195121946,41,0,3061.0,3091.0,3091.0,3061.0,703.3000000000001,753.3000000000001
14,103,3106.0,728.3000000000001,35.475021367521364,52,0,3091.0,3121.0,3121.0,3091.0,703.3000000000001,753.3000000000001
14,104,3136.0,728.3000000000001,35.852682926829274,41,0,3121.0,3151.0,3151.0,3121.0,703.3000000000001,753.3000000000001
14,105,3166.0,728.3000000000001,34.4504347826087,69,0,3151.0,3181.0,3181.0,3151.0,703.3000000000001,753.3000000000001
14,106,3196.0,728.3000000000001,38.316595744680846,47,0,3181.0,3211.0,3211.0,3181.0,703.3000000000001,753.3000000000001
14,107,3226.0,728.3000000000001,35.49187500000001,64,0,3211.0,3241.0,3241.0,3211.0,703.3000000000001,753.3000000000001
14,108,3256.0,728.3000000000001,27.475061728395055,81,0,3241.0,3271.0,3271.0,3241.0,703.3000000000001,753.3000000000001
14,109,3286.0,728.3000000000001,25.944821428571412,56,0,3271.0,3301.0,3301.0,3271.0,703.3000000000001,753.3000000000001
14,110,3316.0,728.3000000000001,21.71021505376345,93,0,3301.0,3331.0,3331.0,3301.0,703.3000000000001,753.3000000000001
14,111,3346.0,728.3000000000001,19.68795454545455,88,0,3331.0,3361.0,3361.0,3331.0,703.3000000000001,753.3000000000001
14,112,3376.0,728.3000000000001,18.883333333333333,90,0,3361.0,3391.0,3391.0,3361.0,703.3000000000001,753.3000000000001
14,113,3406.0,728.3000000000001,22.38789473684211,76,0,3391.0,3421.0,3421.0,3391.0,703.3000000000001,753.3000000000001
14,114,3436.0,728.3000000000001,32.39415094339622,53,0,3421.0,3451.0,3451.0,3421.0,703.3000000000001,753.3000000000001
14,115,3466.0,728.3000000000001,38.926981132075476,53,0,3451.0,3481.0,3481.0,3451.0,703.3000000000001,753.3000000000001
14,116,3496.0,728.3000000000001,42.83000000000001,50,0,3481.0,3511.0,3511.0,3481.0,703.3000000000001,753.3000000000001
14,117,3526.0,728.3000000000001,38.723275862068974,58,0,3511.0,3541.0,3541.0,3511.0,703.3000000000001,753.3000000000001
14,118,3556.0,728.3000000000001,30.08869565217391,69,0,3541.0,3571.0,3571.0,3541.0,703.3000000000001,753.3000000000001
14,119,3586.0,728.3000000000001,32.60719696969698,66,0,3571.0,3601.0,3601.0,3571.0,703.3000000000001,753.3000000000001
14,120,3616.0,728.3000000000001,36.141304347826086,46,0,3601.0,3631.0,3631.0,3601.0,703.3000000000001,753.3000000000001
14,121,3646.0,728.3000000000001,33.35864406779661,59,0,3631.0,3661.0,3661.0,3631.0,703.3000000000001,753.3000000000001
14,122,3676.0,728.3000000000001,16.290120481927723,83,0,3661.0,3691.0,3691.0,3661.0,703.3000000000001,753.3000000000001
14,123,3706.0,728.3000000000001,,0,0,3691.0,3721.0,3721.0,3691.0,703.3000000000001,753.3000000000001
14,124,3736.0,728.3000000000001,,0,0,3721.0,3751.0,3751.0,3721.0,703.3000000000001,753.3000000000001
14,125,3766.0,728.3000000000001,,0,0,3751.0,3781.0,3781.0,3751.0,703.3000000000001,753.3000000000001
14,126,3796.0,728.3000000000001,,0,0,3781.0,3811.0,3811.0,3781.0,703.3000000000001,753.3000000000001
14,127,3826.0,728.3000000000001,,0,0,3811.0,3841.0,3841.0,3811.0,703.3000000000001,753.3000000000001
15,0,16.0,778.3000000000001,67.63577380952383,24,0,1.0,31.0,31.0,1.0,753.3000000000001,803.3000000000001
15,1,46.0,778.3000000000001,69.11105263157893,19,0,31.0,61.0,61.0,31.0,753.3000000000001,803.3000000000001
15,2,76.0,778.3000000000001,76.89500000000001,10,0,61.0,91.0,91.0,61.0,753.3000000000001,803.3000000000001
15,3,106.0,778.3000000000001,64.51470588235296,17,0,91.0,121.0,121.0,91.0,753.3000000000001,803.3000000000001
15,4,136.0,778.3000000000001,59.73891304347826,46,0,121.0,151.0,151.0,121.0,753.3000000000001,803.3000000000001
15,5,166.0,778.3000000000001,68.61458333333333,24,0,151.0,181.0,181.0,151.0,753.3000000000001,803.3000000000001
15,6,196.0,778.3000000000001,75.60055555555556,18,0,181.0,211.0,211.0,181.0,753.3000000000001,803.3000000000001
15,7,226.0,778.3000000000001,72.95260869565217,23,0,211.0,241.0,241.0,211.0,753.3000000000001,803.3000000000001
15,8,256.0,778.3000000000001,74.89,22,0,241.0,271.0,271.0,241.0,753.3000000000001,803.3000000000001
15,9,286.0,778.3000000000001,63.976818181818196,22,0,271.0,301.0,301.0,271.0,753.3000000000001,803.3000000000001
15,10,316.0,778.3000000000001,65.86090909090909,22,0,301.0,331.0,331.0,301.0,753.3000000000001,803.3000000000001
15,11,346.0,778.3000000000001,76.52888888888889,9,0,331.0,361.0,361.0,331.0,753.3000000000001,803.3000000000001
15,12,376.0,778.3000000000001,72.685,10,0,361.0,391.0,391.0,361.0,753.3000000000001,803.3000000000001
15,13,406.0,778.3000000000001,75.37125,8,0,391.0,421.0,421.0,391.0,753.3000000000001,803.3000000000001
15,14,436.0,778.3000000000001,56.33820512820513,39,0,421.0,451.0,451.0,421.0,753.3000000000001,803.3000000000001
15,15,466.0,778.3000000000001,61.30868421052633,38,0,451.0,481.0,481.0,451.0,753.3000000000001,803.3000000000001
15,16,496.0,778.3000000000001,58.80083333333334,24,0,481.0,511.0,511.0,481.0,753.3000000000001,803.3000000000001
15,17,526.0,778.3000000000001,62.943793103448286,29,0,511.0,541.0,541.0,511.0,753.3000000000001,803.3000000000001
15,18,556.0,778.3000000000001,65.3184375,32,0,541.0,571.0,571.0,541.0,753.3000000000001,803.3000000000001
15,19,586.0,778.3000000000001,60.689166666666665,36,0,571.0,601.0,601.0,571.0,753.3000000000001,803.3000000000001
15,20,616.0,778.3000000000001,63.52051282051281,39,0,601.0,631.0,631.0,601.0,753.3000000000001,803.3000000000001
15,21,646.0,778.3000000000001,58.87756756756756,37,0,631.0,661.0,661.0,631.0,753.3000000000001,803.3000000000001
15,22,676.0,778.3000000000001,63.5244827586207,29,0,661.0,691.0,691.0,661.0,753.3000000000001,803.3000000000001
15,23,706.0,778.3000000000001,74.86611111111111,18,0,691.0,721.0,721.0,691.0,753.3000000000001,803.3000000000001
15,24,736.0,778.3000000000001,54.066458333333316,48,0,721.0,751.0,751.0,721.0,753.3000000000001,803.3000000000001
15,25,766.0,778.3000000000001,64.134,30,0,751.0,781.0,781.0,751.0,753.3000000000001,803.3000000000001
15,26,796.0,778.3000000000001,61.578,25,0,781.0,811.0,811.0,781.0,753.3000000000001,803.3000000000001
15,27,826.0,778.3000000000001,64.31315789473686,38,0,811.0,841.0,841.0,811.0,753.3000000000001,803.3000000000001
15,28,856.0,778.3000000000001,67.19699999999999,30,0,841.0,871.0,871.0,841.0,753.3000000000001,803.3000000000001
15,29,886.0,778.3000000000001,65.05439024390245,41,0,871.0,901.0,901.0,871.0,753.3000000000001,803.3000000000001
15,30,916.0,778.3000000000001,57.25249999999999,28,0,901.0,931.0,931.0,901.0,753.3000000000001,803.3000000000001
15,31,946.0,778.3000000000001,36.28971428571427,70,0,931.0,961.0,961.0,931.0,753.3000000000001,803.3000000000001
15,32,976.0,778.3000000000001,40.58565217391305,46,0,961.0,991.0,991.0,961.0,753.3000000000001,803.3000000000001
15,33,1006.0,778.3000000000001,57.50548387096774,31,0,991.0,1021.0,1021.0,991.0,753.3000000000001,803.3000000000001
15,34,1036.0,778.3000000000001,51.72869565217394,46,0,1021.0,1051.0,1051.0,1021.0,753.3000000000001,803.3000000000001
15,35,1066.0,778.3000000000001,47.15905660377359,53,0,1051.0,1081.0,1081.0,1051.0,753.3000000000001,803.3000000000001
15,36,1096.0,778.3000000000001,51.18150943396227,53,0,1081.0,1111.0,1111.0,1081.0,753.3000000000001,803.3000000000001
15,37,1126.0,778.3000000000001,55.873653846153836,52,0,1111.0,1141.0,1141.0,1111.0,753.3000000000001,803.3000000000001
15,38,1156.0,778.3000000000001,59.61230769230768,26,0,1141.0,1171.0,1171.0,1141.0,753.3000000000001,803.3000000000001
15,39,1186.0,778.3000000000001,55.19878787878788,33,0,1171.0,1201.0,1201.0,1171.0,753.3000000000001,803.3000000000001
15,40,1216.0,778.3000000000001,41.40918181818182,55,0,1201.0,1231.0,1231.0,1201.0,753.3000000000001,803.3000000000001
15,41,1246.0,778.3000000000001,43.54363636363636,44,0,1231.0,1261.0,1261.0,1231.0,753.3000000000001,803.3000000000001
15,42,1276.0,778.3000000000001,44.69947368421053,57,0,1261.0,1291.0,1291.0,1261.0,753.3000000000001,803.3000000000001
15,43,1306.0,778.3000000000001,38.67344827586206,58,0,1291.0,1321.0,1321.0,1291.0,753.3000000000001,803.3000000000001
15,44,1336.0,778.3000000000001,39.083333333333336,51,0,1321.0,1351.0,1351.0,1321.0,753.3000000000001,803.3000000000001
15,45,1366.0,778.3000000000001,43.95444444444445,63,0,1351.0,1381.0,1381.0,1351.0,753.3000000000001,803.3000000000001
15,46,1396.0,778.3000000000001,44.520392156862755,51,0,1381.0,1411.0,1411.0,1381.0,753.3000000000001,803.3000000000001
15,47,1426.0,778.3000000000001,41.14169811320753,53,0,1411.0,1441.0,1441.0,1411.0,753.3000000000001,803.3000000000001
15,48,1456.0,778.3000000000001,40.42288888888889,45,0,1441.0,1471.0,1471.0,1441.0,753.3000000000001,803.3000000000001
15,49,1486.0,778.3000000000001,38.85453124999999,64,0,1471.0,1501.0,1501.0,1471.0,753.3000000000001,803.3000000000001
15,50,1516.0,778.3000000000001,46.01864864864864,37,0,1501.0,1531.0,1531.0,1501.0,753.3000000000001,803.3000000000001
15,51,1546.0,778.3000000000001,45.23929824561403,57,0,1531.0,1561.0,1561.0,1531.0,753.3000000000001,803.3000000000001
15,52,1576.0,778.3000000000001,43.2528,50,0,1561.0,1591.0,1591.0,1561.0,753.3000000000001,803.3000000000001
15,53,1606.0,778.3000000000001,50.31173913043477,46,0,1591.0,1621.0,1621.0,1591.0,753.3000000000001,803.3000000000001
15,54,1636.0,778.3000000000001,49.37961538461539,52,0,1621.0,1651.0,1651.0,1621.0,753.3000000000001,803.3000000000001
15,55,1666.0,778.3000000000001,46.23509090909092,55,0,1651.0,1681.0,1681.0,1651.0,753.3000000000001,803.3000000000001
15,56,1696.0,778.3000000000001,42.15040816326531,49,0,1681.0,1711.0,1711.0,1681.0,753.3000000000001,803.3000000000001
15,57,1726.0,778.3000000000001,32.03483333333333,60,0,1711.0,1741.0,1741.0,1711.0,753.3000000000001,803.3000000000001
15,58,1756.0,778.3000000000001,34.312711864406786,59,0,1741.0,1771.0,1771.0,1741.0,753.3000000000001,803.3000000000001
15,59,1786.0,778.3000000000001,39.84192307692307,52,0,1771.0,1801.0,1801.0,1771.0,753.3000000000001,803.3000000000001
15,60,1816.0,778.3000000000001,44.31744186046512,43,0,1801.0,1831.0,1831.0,1801.0,753.3000000000001,803.3000000000001
15,61,1846.0,778.3000000000001,33.66765625,64,0,1831.0,1861.0,1861.0,1831.0,753.3000000000001,803.3000000000001
15,62,1876.0,778.3000000000001,21.790000000000006,77,0,1861.0,1891.0,1891.0,1861.0,753.3000000000001,803.3000000000001
15,63,1906.0,778.3000000000001,23.932820512820516,78,0,1891.0,1921.0,1921.0,1891.0,753.3000000000001,803.3000000000001
15,64,1936.0,778.3000000000001,26.039629629629623,81,0,1921.0,1951.0,1951.0,1921.0,753.3000000000001,803.3000000000001
15,65,1966.0,778.3000000000001,26.412539682539688,63,0,1951.0,1981.0,1981.0,1951.0,753.3000000000001,803.3000000000001
15,66,1996.0,778.3000000000001,31.008372093023258,43,0,1981.0,2011.0,2011.0,1981.0,753.3000000000001,803.3000000000001
15,67,2026.0,778.3000000000001,34.82333333333332,63,0,2011.0,2041.0,2041.0,2011.0,753.3000000000001,803.3000000000001
15,68,2056.0,778.3000000000001,34.46933333333333,60,0,2041.0,2071.0,2071.0,2041.0,753.3000000000001,803.3000000000001
15,69,2086.0,778.3000000000001,37.0560655737705,61,0,2071.0,2101.0,2101.0,2071.0,753.3000000000001,803.3000000000001
15,70,2116.0,778.3000000000001,34.06636363636364,44,0,2101.0,2131.0,2131.0,2101.0,753.3000000000001,803.3000000000001
15,71,2146.0,778.3000000000001,28.279310344827586,58,0,2131.0,2161.0,2161.0,2131.0,753.3000000000001,803.3000000000001
15,72,2176.0,778.3000000000001,33.759655172413794,58,0,2161.0,2191.0,2191.0,2161.0,753.3000000000001,803.3000000000001
15,73,2206.0,778.3000000000001,30.25072463768117,69,0,2191.0,2221.0,2221.0,2191.0,753.3000000000001,803.3000000000001
15,74,2236.0,778.3000000000001,25.694698795180727,83,0,2221.0,2251.0,2251.0,2221.0,753.3000000000001,803.3000000000001
15,75,2266.0,778.3000000000001,29.24941176470588,51,0,2251.0,2281.0,2281.0,2251.0,753.3000000000001,803.3000000000001
15,76,2296.0,778.3000000000001,34.98760869565218,46,0,2281.0,2311.0,2311.0,2281.0,753.3000000000001,803.3000000000001
15,77,2326.0,778.3000000000001,36.370754716981125,53,0,2311.0,2341.0,2341.0,2311.0,753.3000000000001,803.3000000000001
15,78,2356.0,778.3000000000001,27.24890909090909,55,0,2341.0,2371.0,2371.0,2341.0,753.3000000000001,803.3000000000001
15,79,2386.0,778.3000000000001,13.668584070796463,113,0,2371.0,2401.0,2401.0,2371.0,753.3000000000001,803.3000000000001
15,80,2416.0,778.3000000000001,26.93499999999999,64,0,2401.0,2431.0,2431.0,2401.0,753.3000000000001,803.3000000000001
15,81,2446.0,778.3000000000001,31.33390625000001,64,0,2431.0,2461.0,2461.0,2431.0,753.3000000000001,803.3000000000001
15,82,2476.0,778.3000000000001,32.227058823529404,51,0,2461.0,2491.0,2491.0,2461.0,753.3000000000001,803.3000000000001
15,83,2506.0,778.3000000000001,32.22228070175439,57,0,2491.0,2521.0,2521.0,2491.0,753.3000000000001,803.3000000000001
15,84,2536.0,778.3000000000001,39.415454545454544,44,0,2521.0,2551.0,2551.0,2521.0,753.3000000000001,803.3000000000001
15,85,2566.0,778.3000000000001,36.49693548387095,62,0,2551.0,2581.0,2581.0,2551.0,753.3000000000001,803.3000000000001
15,86,2596.0,778.3000000000001,34.86859649122807,57,0,2581.0,2611.0,2611.0,2581.0,753.3000000000001,803.3000000000001
15,87,2626.0,778.3000000000001,27.658656716417905,67,0,2611.0,2641.0,2641.0,2611.0,753.3000000000001,803.3000000000001
15,88,2656.0,778.3000000000001,24.05378378378378,74,0,2641.0,2671.0,2671.0,2641.0,753.3000000000001,803.3000000000001
15,89,2686.0,778.3000000000001,27.19451612903227,62,0,2671.0,2701.0,2701.0,2671.0,753.3000000000001,803.3000000000001
15,90,2716.0,778.3000000000001,32.458360655737714,61,0,2701.0,2731.0,2731.0,2701.0,753.3000000000001,803.3000000000001
15,91,2746.0,778.3000000000001,39.90877192982457,57,0,2731.0,2761.0,2761.0,2731.0,753.3000000000001,803.3000000000001
15,92,2776.0,778.3000000000001,41.221914893617026,47,0,2761.0,2791.0,2791.0,2761.0,753.3000000000001,803.3000000000001
15,93,2806.0,778.3000000000001,38.41531914893618,47,0,2791.0,2821.0,2821.0,2791.0,753.3000000000001,803.3000000000001
15,94,2836.0,778.3000000000001,39.11068181818183,44,0,2821.0,2851.0,2851.0,2821.0,753.3000000000001,803.3000000000001
15,95,2866.0,778.3000000000001,31.868103448275857,58,0,2851.0,2881.0,2881.0,2851.0,753.3000000000001,803.3000000000001
15,96,2896.0,778.3000000000001,42.53423728813561,59,0,2881.0,2911.0,2911.0,2881.0,753.3000000000001,803.3000000000001
15,97,2926.0,778.3000000000001,42.1654347826087,46,0,2911.0,2941.0,2941.0,2911.0,753.3000000000001,803.3000000000001
15,98,2956.0,778.3000000000001,41.35844827586205,58,0,2941.0,2971.0,2971.0,2941.0,753.3000000000001,803.3000000000001
15,99,2986.0,778.3000000000001,40.56619047619047,63,0,2971.0,3001.0,3001.0,2971.0,753.3000000000001,803.3000000000001
15,100,3016.0,778.3000000000001,41.977111111111114,45,0,3001.0,3031.0,3031.0,3001.0,753.3000000000001,803.3000000000001
15,101,3046.0,778.3000000000001,45.546428571428564,42,0,3031.0,3061.0,3061.0,3031.0,753.3000000000001,803.3000000000001
15,102,3076.0,778.3000000000001,43.067659574468095,47,0,3061.0,3091.0,3091.0,3061.0,753.3000000000001,803.3000000000001
15,103,3106.0,778.3000000000001,40.41888888888888,36,0,3091.0,3121.0,3121.0,3091.0,753.3000000000001,803.3000000000001
15,104,3136.0,778.3000000000001,39.924615384615386,39,0,3121.0,3151.0,3151.0,3121.0,753.3000000000001,803.3000000000001
15,105,3166.0,778.3000000000001,36.492333333333335,60,0,3151.0,3181.0,3181.0,3151.0,753.3000000000001,803.3000000000001
15,106,3196.0,778.3000000000001,38.07913043478261,46,0,3181.0,3211.0,3211.0,3181.0,753.3000000000001,803.3000000000001
15,107,3226.0,778.3000000000001,34.28763636363637,55,0,3211.0,3241.0,3241.0,3211.0,753.3000000000001,803.3000000000001
15,108,3256.0,778.3000000000001,28.137948717948728,78,0,3241.0,3271.0,3271.0,3241.0,753.3000000000001,803.3000000000001
15,109,3286.0,778.3000000000001,18.22392857142858,84,0,3271.0,3301.0,3301.0,3271.0,753.3000000000001,803.3000000000001
15,110,3316.0,778.3000000000001,20.902528735632185,87,0,3301.0,3331.0,3331.0,3301.0,753.3000000000001,803.3000000000001
15,111,3346.0,778.3000000000001,18.488750000000003,80,0,3331.0,3361.0,3361.0,3331.0,753.3000000000001,803.3000000000001
15,112,3376.0,778.3000000000001,15.496601941747562,103,0,3361.0,3391.0,3391.0,3361.0,753.3000000000001,803.3000000000001
15,113,3406.0,778.3000000000001,27.451978021978018,65,0,3391.0,3421.0,3421.0,3391.0,753.3000000000001,803.3000000000001
15,114,3436.0,778.3000000000001,37.59720930232558,43,0,3421.0,3451.0,3451.0,3421.0,753.3000000000001,803.3000000000001
15,115,3466.0,778.3000000000001,41.855849056603795,53,0,3451.0,3481.0,3481.0,3451.0,753.3000000000001,803.3000000000001
15,116,3496.0,778.3000000000001,44.46487394957982,51,0,3481.0,3511.0,3511.0,3481.0,753.3000000000001,803.3000000000001
15,117,3526.0,778.3000000000001,41.63365384615384,52,0,3511.0,3541.0,3541.0,3511.0,753.3000000000001,803.3000000000001
15,118,3556.0,778.3000000000001,35.565423728813556,59,0,3541.0,3571.0,3571.0,3541.0,753.3000000000001,803.3000000000001
15,119,3586.0,778.3000000000001,34.66555555555554,63,0,3571.0,3601.0,3601.0,3571.0,753.3000000000001,803.3000000000001
15,120,3616.0,778.3000000000001,38.57020408163266,49,0,3601.0,3631.0,3631.0,3601.0,753.3000000000001,803.3000000000001
15,121,3646.0,778.3000000000001,25.221304347826084,69,0,3631.0,3661.0,3661.0,3631.0,753.3000000000001,803.3000000000001
15,122,3676.0,778.3000000000001,15.948350515463915,97,0,3661.0,3691.0,3691.0,3661.0,753.3000000000001,803.3000000000001
15,123,3706.0,778.3000000000001,25.8975,4,0,3691.0,3721.0,3721.0,3691.0,753.3000000000001,803.3000000000001
15,124,3736.0,778.3000000000001,,0,0,3721.0,3751.0,3751.0,3721.0,753.3000000000001,803.3000000000001
15,125,3766.0,778.3000000000001,,0,0,3751.0,3781.0,3781.0,3751.0,753.3000000000001,803.3000000000001
15,126,3796.0,778.3000000000001,,0,0,3781.0,3811.0,3811.0,3781.0,753.3000000000001,803.3000000000001
15,127,3826.0,778.3000000000001,,0,0,3811.0,3841.0,3841.0,3811.0,753.3000000000001,803.3000000000001
16,0,16.0,828.3000000000001,65.87066666666665,15,0,1.0,31.0,31.0,1.0,803.3000000000001,853.3000000000001
16,1,46.0,828.3000000000001,69.93111111111112,18,0,31.0,61.0,61.0,31.0,803.3000000000001,853.3000000000001
16,2,76.0,828.3000000000001,77.64272727272727,11,0,61.0,91.0,91.0,61.0,803.3000000000001,853.3000000000001
16,3,106.0,828.3000000000001,71.6475,12,0,91.0,121.0,121.0,91.0,803.3000000000001,853.3000000000001
16,4,136.0,828.3000000000001,59.26458333333333,48,0,121.0,151.0,151.0,121.0,803.3000000000001,853.3000000000001
16,5,166.0,828.3000000000001,71.04327380952381,24,0,151.0,181.0,181.0,151.0,803.3000000000001,853.3000000000001
16,6,196.0,828.3000000000001,74.54238095238095,24,0,181.0,211.0,211.0,181.0,803.3000000000001,853.3000000000001
16,7,226.0,828.3000000000001,74.68818181818182,22,0,211.0,241.0,241.0,211.0,803.3000000000001,853.3000000000001
16,8,256.0,828.3000000000001,75.33944444444445,18,0,241.0,271.0,271.0,241.0,803.3000000000001,853.3000000000001
16,9,286.0,828.3000000000001,64.9523076923077,26,0,271.0,301.0,301.0,271.0,803.3000000000001,853.3000000000001
16,10,316.0,828.3000000000001,68.35235294117648,17,0,301.0,331.0,331.0,301.0,803.3000000000001,853.3000000000001
16,11,346.0,828.3000000000001,67.77166666666666,12,0,331.0,361.0,361.0,331.0,803.3000000000001,853.3000000000001
16,12,376.0,828.3000000000001,74.424,10,0,361.0,391.0,391.0,361.0,803.3000000000001,853.3000000000001
16,13,406.0,828.3000000000001,76.977,10,0,391.0,421.0,421.0,391.0,803.3000000000001,853.3000000000001
16,14,436.0,828.3000000000001,56.913636363636364,33,0,421.0,451.0,451.0,421.0,803.3000000000001,853.3000000000001
16,15,466.0,828.3000000000001,61.82264705882351,34,0,451.0,481.0,481.0,451.0,803.3000000000001,853.3000000000001
16,16,496.0,828.3000000000001,59.43740740740741,27,0,481.0,511.0,511.0,481.0,803.3000000000001,853.3000000000001
16,17,526.0,828.3000000000001,62.90696969696969,33,0,511.0,541.0,541.0,511.0,803.3000000000001,853.3000000000001
16,18,556.0,828.3000000000001,66.4121212121212,33,0,541.0,571.0,571.0,541.0,803.3000000000001,853.3000000000001
16,19,586.0,828.3000000000001,61.98815789473682,38,0,571.0,601.0,601.0,571.0,803.3000000000001,853.3000000000001
16,20,616.0,828.3000000000001,63.855405405405406,37,0,601.0,631.0,631.0,601.0,803.3000000000001,853.3000000000001
16,21,646.0,828.3000000000001,60.81911764705883,34,0,631.0,661.0,661.0,631.0,803.3000000000001,853.3000000000001
16,22,676.0,828.3000000000001,64.42250000000001,36,0,661.0,691.0,691.0,661.0,803.3000000000001,853.3000000000001
16,23,706.0,828.3000000000001,76.52166666666666,12,0,691.0,721.0,721.0,691.0,803.3000000000001,853.3000000000001
16,24,736.0,828.3000000000001,55.809761904761885,42,0,721.0,751.0,751.0,721.0,803.3000000000001,853.3000000000001
16,25,766.0,828.3000000000001,63.215125000000015,40,0,751.0,781.0,781.0,751.0,803.3000000000001,853.3000000000001
16,26,796.0,828.3000000000001,64.66050000000001,20,0,781.0,811.0,811.0,781.0,803.3000000000001,853.3000000000001
16,27,826.0,828.3000000000001,65.66828571428573,35,0,811.0,841.0,841.0,811.0,803.3000000000001,853.3000000000001
16,28,856.0,828.3000000000001,68.02441176470587,34,0,841.0,871.0,871.0,841.0,803.3000000000001,853.3000000000001
16,29,886.0,828.3000000000001,67.0372794117647,34,0,871.0,901.0,901.0,871.0,803.3000000000001,853.3000000000001
16,30,916.0,828.3000000000001,61.17642857142857,28,0,901.0,931.0,931.0,901.0,803.3000000000001,853.3000000000001
16,31,946.0,828.3000000000001,39.27050847457627,59,0,931.0,961.0,961.0,931.0,803.3000000000001,853.3000000000001
16,32,976.0,828.3000000000001,42.04680851063831,47,0,961.0,991.0,991.0,961.0,803.3000000000001,853.3000000000001
16,33,1006.0,828.3000000000001,62.03966666666665,30,0,991.0,1021.0,1021.0,991.0,803.3000000000001,853.3000000000001
16,34,1036.0,828.3000000000001,55.15102564102564,39,0,1021.0,1051.0,1051.0,1021.0,803.3000000000001,853.3000000000001
16,35,1066.0,828.3000000000001,51.893877551020424,49,0,1051.0,1081.0,1081.0,1051.0,803.3000000000001,853.3000000000001
16,36,1096.0,828.3000000000001,49.83098039215687,51,0,1081.0,1111.0,1111.0,1081.0,803.3000000000001,853.3000000000001
16,37,1126.0,828.3000000000001,54.66830188679245,53,0,1111.0,1141.0,1141.0,1111.0,803.3000000000001,853.3000000000001
16,38,1156.0,828.3000000000001,57.02548387096773,31,0,1141.0,1171.0,1171.0,1141.0,803.3000000000001,853.3000000000001
16,39,1186.0,828.3000000000001,55.01962962962963,27,0,1171.0,1201.0,1201.0,1171.0,803.3000000000001,853.3000000000001
16,40,1216.0,828.3000000000001,46.08297872340426,47,0,1201.0,1231.0,1231.0,1201.0,803.3000000000001,853.3000000000001
16,41,1246.0,828.3000000000001,47.46972972972974,37,0,1231.0,1261.0,1261.0,1231.0,803.3000000000001,853.3000000000001
16,42,1276.0,828.3000000000001,46.28561403508773,57,0,1261.0,1291.0,1291.0,1261.0,803.3000000000001,853.3000000000001
16,43,1306.0,828.3000000000001,39.677735849056596,53,0,1291.0,1321.0,1321.0,1291.0,803.3000000000001,853.3000000000001
16,44,1336.0,828.3000000000001,40.79137254901961,51,0,1321.0,1351.0,1351.0,1321.0,803.3000000000001,853.3000000000001
16,45,1366.0,828.3000000000001,45.71688524590163,61,0,1351.0,1381.0,1381.0,1351.0,803.3000000000001,853.3000000000001
16,46,1396.0,828.3000000000001,47.76245341614907,46,0,1381.0,1411.0,1411.0,1381.0,803.3000000000001,853.3000000000001
16,47,1426.0,828.3000000000001,44.23622222222223,45,0,1411.0,1441.0,1441.0,1411.0,803.3000000000001,853.3000000000001
16,48,1456.0,828.3000000000001,39.14125,56,0,1441.0,1471.0,1471.0,1441.0,803.3000000000001,853.3000000000001
16,49,1486.0,828.3000000000001,40.00642857142857,56,0,1471.0,1501.0,1501.0,1471.0,803.3000000000001,853.3000000000001
16,50,1516.0,828.3000000000001,47.30485714285714,35,0,1501.0,1531.0,1531.0,1501.0,803.3000000000001,853.3000000000001
16,51,1546.0,828.3000000000001,49.90754716981134,53,0,1531.0,1561.0,1561.0,1531.0,803.3000000000001,853.3000000000001
16,52,1576.0,828.3000000000001,44.916799999999995,50,0,1561.0,1591.0,1591.0,1561.0,803.3000000000001,853.3000000000001
16,53,1606.0,828.3000000000001,49.7648888888889,45,0,1591.0,1621.0,1621.0,1591.0,803.3000000000001,853.3000000000001
16,54,1636.0,828.3000000000001,52.594186046511645,43,0,1621.0,1651.0,1651.0,1621.0,803.3000000000001,853.3000000000001
16,55,1666.0,828.3000000000001,47.700329218107015,54,0,1651.0,1681.0,1681.0,1651.0,803.3000000000001,853.3000000000001
16,56,1696.0,828.3000000000001,43.79255319148936,47,0,1681.0,1711.0,1711.0,1681.0,803.3000000000001,853.3000000000001
16,57,1726.0,828.3000000000001,37.35545454545455,55,0,1711.0,1741.0,1741.0,1711.0,803.3000000000001,853.3000000000001
16,58,1756.0,828.3000000000001,38.83494949494949,55,0,1741.0,1771.0,1771.0,1741.0,803.3000000000001,853.3000000000001
16,59,1786.0,828.3000000000001,42.44058823529412,51,0,1771.0,1801.0,1801.0,1771.0,803.3000000000001,853.3000000000001
16,60,1816.0,828.3000000000001,46.60204545454545,44,0,1801.0,1831.0,1831.0,1801.0,803.3000000000001,853.3000000000001
16,61,1846.0,828.3000000000001,36.033636363636354,55,0,1831.0,1861.0,1861.0,1831.0,803.3000000000001,853.3000000000001
16,62,1876.0,828.3000000000001,25.907258064516125,62,0,1861.0,1891.0,1891.0,1861.0,803.3000000000001,853.3000000000001
16,63,1906.0,828.3000000000001,24.85369863013699,73,0,1891.0,1921.0,1921.0,1891.0,803.3000000000001,853.3000000000001
16,64,1936.0,828.3000000000001,23.712891566265057,83,0,1921.0,1951.0,1951.0,1921.0,803.3000000000001,853.3000000000001
16,65,1966.0,828.3000000000001,31.74745454545455,55,0,1951.0,1981.0,1981.0,1951.0,803.3000000000001,853.3000000000001
16,66,1996.0,828.3000000000001,33.67463414634147,41,0,1981.0,2011.0,2011.0,1981.0,803.3000000000001,853.3000000000001
16,67,2026.0,828.3000000000001,36.56385964912279,57,0,2011.0,2041.0,2041.0,2011.0,803.3000000000001,853.3000000000001
16,68,2056.0,828.3000000000001,38.445957446808514,47,0,2041.0,2071.0,2071.0,2041.0,803.3000000000001,853.3000000000001
16,69,2086.0,828.3000000000001,36.30728813559321,59,0,2071.0,2101.0,2101.0,2071.0,803.3000000000001,853.3000000000001
16,70,2116.0,828.3000000000001,34.570243902439024,41,0,2101.0,2131.0,2131.0,2101.0,803.3000000000001,853.3000000000001
16,71,2146.0,828.3000000000001,28.187142857142852,56,0,2131.0,2161.0,2161.0,2131.0,803.3000000000001,853.3000000000001
16,72,2176.0,828.3000000000001,33.450389863547755,57,0,2161.0,2191.0,2191.0,2161.0,803.3000000000001,853.3000000000001
16,73,2206.0,828.3000000000001,24.888933333333327,75,0,2191.0,2221.0,2221.0,2191.0,803.3000000000001,853.3000000000001
16,74,2236.0,828.3000000000001,27.371645569620256,79,0,2221.0,2251.0,2251.0,2221.0,803.3000000000001,853.3000000000001
16,75,2266.0,828.3000000000001,29.429687500000004,64,0,2251.0,2281.0,2281.0,2251.0,803.3000000000001,853.3000000000001
16,76,2296.0,828.3000000000001,29.67055555555556,54,0,2281.0,2311.0,2311.0,2281.0,803.3000000000001,853.3000000000001
16,77,2326.0,828.3000000000001,30.44903225806452,62,0,2311.0,2341.0,2341.0,2311.0,803.3000000000001,853.3000000000001
16,78,2356.0,828.3000000000001,15.987931034482761,87,0,2341.0,2371.0,2371.0,2341.0,803.3000000000001,853.3000000000001
16,79,2386.0,828.3000000000001,18.708160919540223,87,0,2371.0,2401.0,2401.0,2371.0,803.3000000000001,853.3000000000001
16,80,2416.0,828.3000000000001,30.719354838709684,62,0,2401.0,2431.0,2431.0,2401.0,803.3000000000001,853.3000000000001
16,81,2446.0,828.3000000000001,31.101190476190474,84,0,2431.0,2461.0,2461.0,2431.0,803.3000000000001,853.3000000000001
16,82,2476.0,828.3000000000001,33.344888888888896,45,0,2461.0,2491.0,2491.0,2461.0,803.3000000000001,853.3000000000001
16,83,2506.0,828.3000000000001,34.08888888888889,54,0,2491.0,2521.0,2521.0,2491.0,803.3000000000001,853.3000000000001
16,84,2536.0,828.3000000000001,40.80584905660377,53,0,2521.0,2551.0,2551.0,2521.0,803.3000000000001,853.3000000000001
16,85,2566.0,828.3000000000001,38.91545454545454,55,0,2551.0,2581.0,2581.0,2551.0,803.3000000000001,853.3000000000001
16,86,2596.0,828.3000000000001,40.02979591836734,49,0,2581.0,2611.0,2611.0,2581.0,803.3000000000001,853.3000000000001
16,87,2626.0,828.3000000000001,27.499692307692307,65,0,2611.0,2641.0,2641.0,2611.0,803.3000000000001,853.3000000000001
16,88,2656.0,828.3000000000001,25.031917808219177,73,0,2641.0,2671.0,2671.0,2641.0,803.3000000000001,853.3000000000001
16,89,2686.0,828.3000000000001,31.421379310344836,58,0,2671.0,2701.0,2701.0,2671.0,803.3000000000001,853.3000000000001
16,90,2716.0,828.3000000000001,31.71301587301587,63,0,2701.0,2731.0,2731.0,2701.0,803.3000000000001,853.3000000000001
16,91,2746.0,828.3000000000001,37.42796610169491,59,0,2731.0,2761.0,2761.0,2731.0,803.3000000000001,853.3000000000001
16,92,2776.0,828.3000000000001,43.781836734693876,49,0,2761.0,2791.0,2791.0,2761.0,803.3000000000001,853.3000000000001
16,93,2806.0,828.3000000000001,38.24333333333333,54,0,2791.0,2821.0,2821.0,2791.0,803.3000000000001,853.3000000000001
16,94,2836.0,828.3000000000001,36.47767857142858,56,0,2821.0,2851.0,2851.0,2821.0,803.3000000000001,853.3000000000001
16,95,2866.0,828.3000000000001,35.46145833333333,48,0,2851.0,2881.0,2881.0,2851.0,803.3000000000001,853.3000000000001
16,96,2896.0,828.3000000000001,41.61711864406779,59,0,2881.0,2911.0,2911.0,2881.0,803.3000000000001,853.3000000000001
16,97,2926.0,828.3000000000001,41.939259259259245,54,0,2911.0,2941.0,2941.0,2911.0,803.3000000000001,853.3000000000001
16,98,2956.0,828.3000000000001,43.212916666666665,48,0,2941.0,2971.0,2971.0,2941.0,803.3000000000001,853.3000000000001
16,99,2986.0,828.3000000000001,37.982985074626875,67,0,2971.0,3001.0,3001.0,2971.0,803.3000000000001,853.3000000000001
16,100,3016.0,828.3000000000001,40.37,49,0,3001.0,3031.0,3031.0,3001.0,803.3000000000001,853.3000000000001
16,101,3046.0,828.3000000000001,43.36346153846153,52,0,3031.0,3061.0,3061.0,3031.0,803.3000000000001,853.3000000000001
16,102,3076.0,828.3000000000001,41.740196078431374,51,0,3061.0,3091.0,3091.0,3061.0,803.3000000000001,853.3000000000001
16,103,3106.0,828.3000000000001,45.203939393939386,33,0,3091.0,3121.0,3121.0,3091.0,803.3000000000001,853.3000000000001
16,104,3136.0,828.3000000000001,43.17216216216217,37,0,3121.0,3151.0,3151.0,3121.0,803.3000000000001,853.3000000000001
16,105,3166.0,828.3000000000001,38.632264150943406,53,0,3151.0,3181.0,3181.0,3151.0,803.3000000000001,853.3000000000001
16,106,3196.0,828.3000000000001,35.4059649122807,57,0,3181.0,3211.0,3211.0,3181.0,803.3000000000001,853.3000000000001
16,107,3226.0,828.3000000000001,31.15063492063493,63,0,3211.0,3241.0,3241.0,3211.0,803.3000000000001,853.3000000000001
16,108,3256.0,828.3000000000001,27.09884615384616,78,0,3241.0,3271.0,3271.0,3241.0,803.3000000000001,853.3000000000001
16,109,3286.0,828.3000000000001,16.07019801980199,101,0,3271.0,3301.0,3301.0,3271.0,803.3000000000001,853.3000000000001
16,110,3316.0,828.3000000000001,23.393066666666655,75,0,3301.0,3331.0,3331.0,3301.0,803.3000000000001,853.3000000000001
16,111,3346.0,828.3000000000001,20.02945652173913,92,0,3331.0,3361.0,3361.0,3331.0,803.3000000000001,853.3000000000001
16,112,3376.0,828.3000000000001,15.630326086956517,92,0,3361.0,3391.0,3391.0,3361.0,803.3000000000001,853.3000000000001
16,113,3406.0,828.3000000000001,31.331034482758636,58,0,3391.0,3421.0,3421.0,3391.0,803.3000000000001,853.3000000000001
16,114,3436.0,828.3000000000001,37.235217391304346,46,0,3421.0,3451.0,3451.0,3421.0,803.3000000000001,853.3000000000001
16,115,3466.0,828.3000000000001,37.9825,56,0,3451.0,3481.0,3481.0,3451.0,803.3000000000001,853.3000000000001
16,116,3496.0,828.3000000000001,43.300188679245274,53,0,3481.0,3511.0,3511.0,3481.0,803.3000000000001,853.3000000000001
16,117,3526.0,828.3000000000001,43.09021739130435,46,0,3511.0,3541.0,3541.0,3511.0,803.3000000000001,853.3000000000001
16,118,3556.0,828.3000000000001,34.186142857142855,70,0,3541.0,3571.0,3571.0,3541.0,803.3000000000001,853.3000000000001
16,119,3586.0,828.3000000000001,37.884528301886796,53,0,3571.0,3601.0,3601.0,3571.0,803.3000000000001,853.3000000000001
16,120,3616.0,828.3000000000001,38.009642857142865,56,0,3601.0,3631.0,3631.0,3601.0,803.3000000000001,853.3000000000001
16,121,3646.0,828.3000000000001,18.17506849315068,73,0,3631.0,3661.0,3661.0,3631.0,803.3000000000001,853.3000000000001
16,122,3676.0,828.3000000000001,24.678281250000012,64,0,3661.0,3691.0,3691.0,3661.0,803.3000000000001,853.3000000000001
16,123,3706.0,828.3000000000001,30.17526315789474,19,0,3691.0,3721.0,3721.0,3691.0,803.3000000000001,853.3000000000001
16,124,3736.0,828.3000000000001,,0,0,3721.0,3751.0,3751.0,3721.0,803.3000000000001,853.3000000000001
16,125,3766.0,828.3000000000001,,0,0,3751.0,3781.0,3781.0,3751.0,803.3000000000001,853.3000000000001
16,126,3796.0,828.3000000000001,,0,0,3781.0,3811.0,3811.0,3781.0,803.3000000000001,853.3000000000001
16,127,3826.0,828.3000000000001,,0,0,3811.0,3841.0,3841.0,3811.0,803.3000000000001,853.3000000000001
17,0,16.0,878.3000000000001,65.67249999999999,20,0,1.0,31.0,31.0,1.0,853.3000000000001,903.3000000000001
17,1,46.0,878.3000000000001,68.65347826086958,23,0,31.0,61.0,61.0,31.0,853.3000000000001,903.3000000000001
17,2,76.0,878.3000000000001,75.545,12,0,61.0,91.0,91.0,61.0,853.3000000000001,903.3000000000001
17,3,106.0,878.3000000000001,80.00750000000001,8,0,91.0,121.0,121.0,91.0,853.3000000000001,903.3000000000001
17,4,136.0,878.3000000000001,56.334499999999984,60,0,121.0,151.0,151.0,121.0,853.3000000000001,903.3000000000001
17,5,166.0,878.3000000000001,71.7018181818182,22,0,151.0,181.0,181.0,151.0,853.3000000000001,903.3000000000001
17,6,196.0,878.3000000000001,69.9053125,32,0,181.0,211.0,211.0,181.0,853.3000000000001,903.3000000000001
17,7,226.0,878.3000000000001,74.66266666666668,15,0,211.0,241.0,241.0,211.0,853.3000000000001,903.3000000000001
17,8,256.0,878.3000000000001,72.48586206896552,29,0,241.0,271.0,271.0,241.0,853.3000000000001,903.3000000000001
17,9,286.0,878.3000000000001,63.393333333333324,27,0,271.0,301.0,301.0,271.0,853.3000000000001,903.3000000000001
17,10,316.0,878.3000000000001,67.04153846153847,13,0,301.0,331.0,331.0,301.0,853.3000000000001,903.3000000000001
17,11,346.0,878.3000000000001,63.370625,16,0,331.0,361.0,361.0,331.0,853.3000000000001,903.3000000000001
17,12,376.0,878.3000000000001,72.94285714285714,14,0,361.0,391.0,391.0,361.0,853.3000000000001,903.3000000000001
17,13,406.0,878.3000000000001,74.2575,8,0,391.0,421.0,421.0,391.0,853.3000000000001,903.3000000000001
17,14,436.0,878.3000000000001,57.29441176470589,34,0,421.0,451.0,451.0,421.0,853.3000000000001,903.3000000000001
17,15,466.0,878.3000000000001,59.48538461538463,39,0,451.0,481.0,481.0,451.0,853.3000000000001,903.3000000000001
17,16,496.0,878.3000000000001,58.55000000000001,24,0,481.0,511.0,511.0,481.0,853.3000000000001,903.3000000000001
17,17,526.0,878.3000000000001,60.661,40,0,511.0,541.0,541.0,511.0,853.3000000000001,903.3000000000001
17,18,556.0,878.3000000000001,64.08552631578947,38,0,541.0,571.0,571.0,541.0,853.3000000000001,903.3000000000001
17,19,586.0,878.3000000000001,62.22212121212121,33,0,571.0,601.0,601.0,571.0,853.3000000000001,903.3000000000001
17,20,616.0,878.3000000000001,61.70093023255815,43,0,601.0,631.0,631.0,601.0,853.3000000000001,903.3000000000001
17,21,646.0,878.3000000000001,58.22270270270271,37,0,631.0,661.0,661.0,631.0,853.3000000000001,903.3000000000001
17,22,676.0,878.3000000000001,59.59744680851064,47,0,661.0,691.0,691.0,661.0,853.3000000000001,903.3000000000001
17,23,706.0,878.3000000000001,71.20375,16,0,691.0,721.0,721.0,691.0,853.3000000000001,903.3000000000001
17,24,736.0,878.3000000000001,57.11749999999999,44,0,721.0,751.0,751.0,721.0,853.3000000000001,903.3000000000001
17,25,766.0,878.3000000000001,58.08062499999999,48,0,751.0,781.0,781.0,751.0,853.3000000000001,903.3000000000001
17,26,796.0,878.3000000000001,63.403529411764715,17,0,781.0,811.0,811.0,781.0,853.3000000000001,903.3000000000001
17,27,826.0,878.3000000000001,62.82365853658538,41,0,811.0,841.0,841.0,811.0,853.3000000000001,903.3000000000001
17,28,856.0,878.3000000000001,64.18216216216219,37,0,841.0,871.0,871.0,841.0,853.3000000000001,903.3000000000001
17,29,886.0,878.3000000000001,65.91,40,0,871.0,901.0,901.0,871.0,853.3000000000001,903.3000000000001
17,30,916.0,878.3000000000001,59.19727272727272,33,0,901.0,931.0,931.0,901.0,853.3000000000001,903.3000000000001
17,31,946.0,878.3000000000001,40.86390624999999,64,0,931.0,961.0,961.0,931.0,853.3000000000001,903.3000000000001
17,32,976.0,878.3000000000001,42.764210526315765,57,0,961.0,991.0,991.0,961.0,853.3000000000001,903.3000000000001
17,33,1006.0,878.3000000000001,60.629230769230766,26,0,991.0,1021.0,1021.0,991.0,853.3000000000001,903.3000000000001
17,34,1036.0,878.3000000000001,55.04358974358975,39,0,1021.0,1051.0,1051.0,1021.0,853.3000000000001,903.3000000000001
17,35,1066.0,878.3000000000001,51.51254545454545,55,0,1051.0,1081.0,1081.0,1051.0,853.3000000000001,903.3000000000001
17,36,1096.0,878.3000000000001,48.14118644067797,59,0,1081.0,1111.0,1111.0,1081.0,853.3000000000001,903.3000000000001
17,37,1126.0,878.3000000000001,47.8583076923077,65,0,1111.0,1141.0,1141.0,1111.0,853.3000000000001,903.3000000000001
17,38,1156.0,878.3000000000001,50.6308163265306,49,0,1141.0,1171.0,1171.0,1141.0,853.3000000000001,903.3000000000001
17,39,1186.0,878.3000000000001,51.15785714285714,28,0,1171.0,1201.0,1201.0,1171.0,853.3000000000001,903.3000000000001
17,40,1216.0,878.3000000000001,47.668958333333315,48,0,1201.0,1231.0,1231.0,1201.0,853.3000000000001,903.3000000000001
17,41,1246.0,878.3000000000001,45.125227272727265,44,0,1231.0,1261.0,1261.0,1231.0,853.3000000000001,903.3000000000001
17,42,1276.0,878.3000000000001,41.287384615384624,65,0,1261.0,1291.0,1291.0,1261.0,853.3000000000001,903.3000000000001
17,43,1306.0,878.3000000000001,38.368103448275875,58,0,1291.0,1321.0,1321.0,1291.0,853.3000000000001,903.3000000000001
17,44,1336.0,878.3000000000001,38.792096774193546,62,0,1321.0,1351.0,1351.0,1321.0,853.3000000000001,903.3000000000001
17,45,1366.0,878.3000000000001,45.098405797101464,69,0,1351.0,1381.0,1381.0,1351.0,853.3000000000001,903.3000000000001
17,46,1396.0,878.3000000000001,46.466521739130435,46,0,1381.0,1411.0,1411.0,1381.0,853.3000000000001,903.3000000000001
17,47,1426.0,878.3000000000001,44.625510204081635,49,0,1411.0,1441.0,1441.0,1411.0,853.3000000000001,903.3000000000001
17,48,1456.0,878.3000000000001,36.20839285714285,56,0,1441.0,1471.0,1471.0,1441.0,853.3000000000001,903.3000000000001
17,49,1486.0,878.3000000000001,39.79606557377049,61,0,1471.0,1501.0,1501.0,1471.0,853.3000000000001,903.3000000000001
17,50,1516.0,878.3000000000001,46.976,45,0,1501.0,1531.0,1531.0,1501.0,853.3000000000001,903.3000000000001
17,51,1546.0,878.3000000000001,50.61326530612245,49,0,1531.0,1561.0,1561.0,1531.0,853.3000000000001,903.3000000000001
17,52,1576.0,878.3000000000001,46.53708333333336,48,0,1561.0,1591.0,1591.0,1561.0,853.3000000000001,903.3000000000001
17,53,1606.0,878.3000000000001,47.09921875000001,64,0,1591.0,1621.0,1621.0,1591.0,853.3000000000001,903.3000000000001
17,54,1636.0,878.3000000000001,51.319787234042565,47,0,1621.0,1651.0,1651.0,1621.0,853.3000000000001,903.3000000000001
17,55,1666.0,878.3000000000001,48.67098039215685,51,0,1651.0,1681.0,1681.0,1651.0,853.3000000000001,903.3000000000001
17,56,1696.0,878.3000000000001,40.80696428571429,56,0,1681.0,1711.0,1711.0,1681.0,853.3000000000001,903.3000000000001
17,57,1726.0,878.3000000000001,40.575531914893624,47,0,1711.0,1741.0,1741.0,1711.0,853.3000000000001,903.3000000000001
17,58,1756.0,878.3000000000001,38.59509433962265,53,0,1741.0,1771.0,1771.0,1741.0,853.3000000000001,903.3000000000001
17,59,1786.0,878.3000000000001,41.43160098522167,58,0,1771.0,1801.0,1801.0,1771.0,853.3000000000001,903.3000000000001
17,60,1816.0,878.3000000000001,44.84884615384616,52,0,1801.0,1831.0,1831.0,1801.0,853.3000000000001,903.3000000000001
17,61,1846.0,878.3000000000001,35.065636363636365,55,0,1831.0,1861.0,1861.0,1831.0,853.3000000000001,903.3000000000001
17,62,1876.0,878.3000000000001,29.234545454545458,55,0,1861.0,1891.0,1891.0,1861.0,853.3000000000001,903.3000000000001
17,63,1906.0,878.3000000000001,25.782352941176466,68,0,1891.0,1921.0,1921.0,1891.0,853.3000000000001,903.3000000000001
17,64,1936.0,878.3000000000001,25.76759493670886,79,0,1921.0,1951.0,1951.0,1921.0,853.3000000000001,903.3000000000001
17,65,1966.0,878.3000000000001,30.6413043478261,69,0,1951.0,1981.0,1981.0,1951.0,853.3000000000001,903.3000000000001
17,66,1996.0,878.3000000000001,33.61344827586207,58,0,1981.0,2011.0,2011.0,1981.0,853.3000000000001,903.3000000000001
17,67,2026.0,878.3000000000001,35.239821428571425,56,0,2011.0,2041.0,2041.0,2011.0,853.3000000000001,903.3000000000001
17,68,2056.0,878.3000000000001,38.793703703703706,54,0,2041.0,2071.0,2071.0,2041.0,853.3000000000001,903.3000000000001
17,69,2086.0,878.3000000000001,35.54375000000001,64,0,2071.0,2101.0,2101.0,2071.0,853.3000000000001,903.3000000000001
17,70,2116.0,878.3000000000001,29.334693877551025,49,0,2101.0,2131.0,2131.0,2101.0,853.3000000000001,903.3000000000001
17,71,2146.0,878.3000000000001,26.216716417910458,67,0,2131.0,2161.0,2161.0,2131.0,853.3000000000001,903.3000000000001
17,72,2176.0,878.3000000000001,27.425616438356165,73,0,2161.0,2191.0,2191.0,2161.0,853.3000000000001,903.3000000000001
17,73,2206.0,878.3000000000001,23.16267441860465,86,0,2191.0,2221.0,2221.0,2191.0,853.3000000000001,903.3000000000001
17,74,2236.0,878.3000000000001,29.053827160493835,81,0,2221.0,2251.0,2251.0,2221.0,853.3000000000001,903.3000000000001
17,75,2266.0,878.3000000000001,26.1232894736842,76,0,2251.0,2281.0,2281.0,2251.0,853.3000000000001,903.3000000000001
17,76,2296.0,878.3000000000001,22.865542168674697,83,0,2281.0,2311.0,2311.0,2281.0,853.3000000000001,903.3000000000001
17,77,2326.0,878.3000000000001,19.81833333333333,84,0,2311.0,2341.0,2341.0,2311.0,853.3000000000001,903.3000000000001
17,78,2356.0,878.3000000000001,11.340521739130441,115,0,2341.0,2371.0,2371.0,2341.0,853.3000000000001,903.3000000000001
17,79,2386.0,878.3000000000001,23.21025974025974,77,0,2371.0,2401.0,2401.0,2371.0,853.3000000000001,903.3000000000001
17,80,2416.0,878.3000000000001,24.566097560975606,82,0,2401.0,2431.0,2431.0,2401.0,853.3000000000001,903.3000000000001
17,81,2446.0,878.3000000000001,22.98833333333333,108,0,2431.0,2461.0,2461.0,2431.0,853.3000000000001,903.3000000000001
17,82,2476.0,878.3000000000001,31.769588477366263,54,0,2461.0,2491.0,2491.0,2461.0,853.3000000000001,903.3000000000001
17,83,2506.0,878.3000000000001,37.529074074074074,54,0,2491.0,2521.0,2521.0,2491.0,853.3000000000001,903.3000000000001
17,84,2536.0,878.3000000000001,38.14767857142857,56,0,2521.0,2551.0,2551.0,2521.0,853.3000000000001,903.3000000000001
17,85,2566.0,878.3000000000001,38.95775862068965,58,0,2551.0,2581.0,2581.0,2551.0,853.3000000000001,903.3000000000001
17,86,2596.0,878.3000000000001,38.069538461538464,65,0,2581.0,2611.0,2611.0,2581.0,853.3000000000001,903.3000000000001
17,87,2626.0,878.3000000000001,25.609180327868867,61,0,2611.0,2641.0,2641.0,2611.0,853.3000000000001,903.3000000000001
17,88,2656.0,878.3000000000001,23.996823529411774,85,0,2641.0,2671.0,2671.0,2641.0,853.3000000000001,903.3000000000001
17,89,2686.0,878.3000000000001,24.830571428571428,70,0,2671.0,2701.0,2701.0,2671.0,853.3000000000001,903.3000000000001
17,90,2716.0,878.3000000000001,28.21513157894736,76,0,2701.0,2731.0,2731.0,2701.0,853.3000000000001,903.3000000000001
17,91,2746.0,878.3000000000001,30.790240963855414,83,0,2731.0,2761.0,2761.0,2731.0,853.3000000000001,903.3000000000001
17,92,2776.0,878.3000000000001,35.27383561643838,73,0,2761.0,2791.0,2791.0,2761.0,853.3000000000001,903.3000000000001
17,93,2806.0,878.3000000000001,28.49225806451613,62,0,2791.0,2821.0,2821.0,2791.0,853.3000000000001,903.3000000000001
17,94,2836.0,878.3000000000001,32.963906249999994,64,0,2821.0,2851.0,2851.0,2821.0,853.3000000000001,903.3000000000001
17,95,2866.0,878.3000000000001,35.20637931034483,58,0,2851.0,2881.0,2881.0,2851.0,853.3000000000001,903.3000000000001
17,96,2896.0,878.3000000000001,39.169538461538444,65,0,2881.0,2911.0,2911.0,2881.0,853.3000000000001,903.3000000000001
17,97,2926.0,878.3000000000001,36.44823529411765,68,0,2911.0,2941.0,2941.0,2911.0,853.3000000000001,903.3000000000001
17,98,2956.0,878.3000000000001,39.40721311475411,61,0,2941.0,2971.0,2971.0,2941.0,853.3000000000001,903.3000000000001
17,99,2986.0,878.3000000000001,37.761617647058806,68,0,2971.0,3001.0,3001.0,2971.0,853.3000000000001,903.3000000000001
17,100,3016.0,878.3000000000001,36.351000000000006,60,0,3001.0,3031.0,3031.0,3001.0,853.3000000000001,903.3000000000001
17,101,3046.0,878.3000000000001,33.942758620689645,87,0,3031.0,3061.0,3061.0,3031.0,853.3000000000001,903.3000000000001
17,102,3076.0,878.3000000000001,36.57921568627451,51,0,3061.0,3091.0,3091.0,3061.0,853.3000000000001,903.3000000000001
17,103,3106.0,878.3000000000001,43.79119047619048,42,0,3091.0,3121.0,3121.0,3091.0,853.3000000000001,903.3000000000001
17,104,3136.0,878.3000000000001,40.98440000000001,50,0,3121.0,3151.0,3151.0,3121.0,853.3000000000001,903.3000000000001
17,105,3166.0,878.3000000000001,35.65816326530613,49,0,3151.0,3181.0,3181.0,3151.0,853.3000000000001,903.3000000000001
17,106,3196.0,878.3000000000001,28.6563888888889,72,0,3181.0,3211.0,3211.0,3181.0,853.3000000000001,903.3000000000001
17,107,3226.0,878.3000000000001,22.797096774193555,93,0,3211.0,3241.0,3241.0,3211.0,853.3000000000001,903.3000000000001
17,108,3256.0,878.3000000000001,14.713622047244094,127,0,3241.0,3271.0,3271.0,3241.0,853.3000000000001,903.3000000000001
17,109,3286.0,878.3000000000001,20.11591836734694,98,0,3271.0,3301.0,3301.0,3271.0,853.3000000000001,903.3000000000001
17,110,3316.0,878.3000000000001,20.2623595505618,89,0,3301.0,3331.0,3331.0,3301.0,853.3000000000001,903.3000000000001
17,111,3346.0,878.3000000000001,13.251307692307687,130,0,3331.0,3361.0,3361.0,3331.0,853.3000000000001,903.3000000000001
17,112,3376.0,878.3000000000001,17.47032608695652,92,0,3361.0,3391.0,3391.0,3361.0,853.3000000000001,903.3000000000001
17,113,3406.0,878.3000000000001,25.875384615384625,78,0,3391.0,3421.0,3421.0,3391.0,853.3000000000001,903.3000000000001
17,114,3436.0,878.3000000000001,28.910615384615394,65,0,3421.0,3451.0,3451.0,3421.0,853.3000000000001,903.3000000000001
17,115,3466.0,878.3000000000001,28.974624999999993,80,0,3451.0,3481.0,3481.0,3451.0,853.3000000000001,903.3000000000001
17,116,3496.0,878.3000000000001,34.82687975646879,73,0,3481.0,3511.0,3511.0,3481.0,853.3000000000001,903.3000000000001
17,117,3526.0,878.3000000000001,21.774545454545454,99,0,3511.0,3541.0,3541.0,3511.0,853.3000000000001,903.3000000000001
17,118,3556.0,878.3000000000001,25.95526315789473,95,0,3541.0,3571.0,3571.0,3541.0,853.3000000000001,903.3000000000001
17,119,3586.0,878.3000000000001,37.21620689655172,58,0,3571.0,3601.0,3601.0,3571.0,853.3000000000001,903.3000000000001
17,120,3616.0,878.3000000000001,24.3736036036036,111,0,3601.0,3631.0,3631.0,3601.0,853.3000000000001,903.3000000000001
17,121,3646.0,878.3000000000001,12.417934782608697,92,0,3631.0,3661.0,3661.0,3631.0,853.3000000000001,903.3000000000001
17,122,3676.0,878.3000000000001,27.087536231884048,69,0,3661.0,3691.0,3691.0,3661.0,853.3000000000001,903.3000000000001
17,123,3706.0,878.3000000000001,33.60433333333334,30,0,3691.0,3721.0,3721.0,3691.0,853.3000000000001,903.3000000000001
17,124,3736.0,878.3000000000001,,0,0,3721.0,3751.0,3751.0,3721.0,853.3000000000001,903.3000000000001
17,125,3766.0,878.3000000000001,,0,0,3751.0,3781.0,3781.0,3751.0,853.3000000000001,903.3000000000001
17,126,3796.0,878.3000000000001,,0,0,3781.0,3811.0,3811.0,3781.0,853.3000000000001,903.3000000000001
17,127,3826.0,878.3000000000001,,0,0,3811.0,3841.0,3841.0,3811.0,853.3000000000001,903.3000000000001
18,0,16.0,928.3000000000001,64.16047619047619,21,0,1.0,31.0,31.0,1.0,903.3000000000001,953.3000000000001
18,1,46.0,928.3000000000001,66.51391304347825,23,0,31.0,61.0,61.0,31.0,903.3000000000001,953.3000000000001
18,2,76.0,928.3000000000001,72.49583333333334,12,0,61.0,91.0,91.0,61.0,903.3000000000001,953.3000000000001
18,3,106.0,928.3000000000001,80.01555555555555,9,0,91.0,121.0,121.0,91.0,903.3000000000001,953.3000000000001
18,4,136.0,928.3000000000001,54.762452830188685,53,0,121.0,151.0,151.0,121.0,903.3000000000001,953.3000000000001
18,5,166.0,928.3000000000001,68.03880000000001,25,0,151.0,181.0,181.0,151.0,903.3000000000001,953.3000000000001
18,6,196.0,928.3000000000001,67.55117647058823,34,0,181.0,211.0,211.0,181.0,903.3000000000001,953.3000000000001
18,7,226.0,928.3000000000001,74.39454545454547,11,0,211.0,241.0,241.0,211.0,903.3000000000001,953.3000000000001
18,8,256.0,928.3000000000001,70.87074074074074,27,0,241.0,271.0,271.0,241.0,903.3000000000001,953.3000000000001
18,9,286.0,928.3000000000001,61.623623188405794,23,0,271.0,301.0,301.0,271.0,903.3000000000001,953.3000000000001
18,10,316.0,928.3000000000001,67.43083333333334,12,0,301.0,331.0,331.0,301.0,903.3000000000001,953.3000000000001
18,11,346.0,928.3000000000001,62.25941176470589,17,0,331.0,361.0,361.0,331.0,903.3000000000001,953.3000000000001
18,12,376.0,928.3000000000001,72.69300000000001,10,0,361.0,391.0,391.0,361.0,903.3000000000001,953.3000000000001
18,13,406.0,928.3000000000001,71.93299999999999,10,0,391.0,421.0,421.0,391.0,903.3000000000001,953.3000000000001
18,14,436.0,928.3000000000001,56.51928571428573,28,0,421.0,451.0,451.0,421.0,903.3000000000001,953.3000000000001
18,15,466.0,928.3000000000001,58.37717948717951,39,0,451.0,481.0,481.0,451.0,903.3000000000001,953.3000000000001
18,16,496.0,928.3000000000001,58.528,20,0,481.0,511.0,511.0,481.0,903.3000000000001,953.3000000000001
18,17,526.0,928.3000000000001,59.22216216216216,37,0,511.0,541.0,541.0,511.0,903.3000000000001,953.3000000000001
18,18,556.0,928.3000000000001,62.12473684210527,38,0,541.0,571.0,571.0,541.0,903.3000000000001,953.3000000000001
18,19,586.0,928.3000000000001,60.835,28,0,571.0,601.0,601.0,571.0,903.3000000000001,953.3000000000001
18,20,616.0,928.3000000000001,59.98863636363635,44,0,601.0,631.0,631.0,601.0,903.3000000000001,953.3000000000001
18,21,646.0,928.3000000000001,58.08249999999999,28,0,631.0,661.0,661.0,631.0,903.3000000000001,953.3000000000001
18,22,676.0,928.3000000000001,56.81434782608696,46,0,661.0,691.0,691.0,661.0,903.3000000000001,953.3000000000001
18,23,706.0,928.3000000000001,68.77176470588235,17,0,691.0,721.0,721.0,691.0,903.3000000000001,953.3000000000001
18,24,736.0,928.3000000000001,57.430714285714274,28,0,721.0,751.0,751.0,721.0,903.3000000000001,953.3000000000001
18,25,766.0,928.3000000000001,55.79755102040817,49,0,751.0,781.0,781.0,751.0,903.3000000000001,953.3000000000001
18,26,796.0,928.3000000000001,61.342352941176465,17,0,781.0,811.0,811.0,781.0,903.3000000000001,953.3000000000001
18,27,826.0,928.3000000000001,60.67097560975611,41,0,811.0,841.0,841.0,811.0,903.3000000000001,953.3000000000001
18,28,856.0,928.3000000000001,62.82333333333334,33,0,841.0,871.0,871.0,841.0,903.3000000000001,953.3000000000001
18,29,886.0,928.3000000000001,65.04499999999999,38,0,871.0,901.0,901.0,871.0,903.3000000000001,953.3000000000001
18,30,916.0,928.3000000000001,58.74354838709679,31,0,901.0,931.0,931.0,901.0,903.3000000000001,953.3000000000001
18,31,946.0,928.3000000000001,45.008653846153834,52,0,931.0,961.0,961.0,931.0,903.3000000000001,953.3000000000001
18,32,976.0,928.3000000000001,47.16408163265308,49,0,961.0,991.0,991.0,961.0,903.3000000000001,953.3000000000001
18,33,1006.0,928.3000000000001,59.840740740740735,27,0,991.0,1021.0,1021.0,991.0,903.3000000000001,953.3000000000001
18,34,1036.0,928.3000000000001,56.186875,32,0,1021.0,1051.0,1051.0,1021.0,903.3000000000001,953.3000000000001
18,35,1066.0,928.3000000000001,53.17571428571428,42,0,1051.0,1081.0,1081.0,1051.0,903.3000000000001,953.3000000000001
18,36,1096.0,928.3000000000001,50.056530612244906,49,0,1081.0,1111.0,1111.0,1081.0,903.3000000000001,953.3000000000001
18,37,1126.0,928.3000000000001,43.975522388059694,67,0,1111.0,1141.0,1141.0,1111.0,903.3000000000001,953.3000000000001
18,38,1156.0,928.3000000000001,46.416799999999995,50,0,1141.0,1171.0,1171.0,1141.0,903.3000000000001,953.3000000000001
18,39,1186.0,928.3000000000001,49.86546666666667,25,0,1171.0,1201.0,1201.0,1171.0,903.3000000000001,953.3000000000001
18,40,1216.0,928.3000000000001,49.97860465116279,43,0,1201.0,1231.0,1231.0,1201.0,903.3000000000001,953.3000000000001
18,41,1246.0,928.3000000000001,46.95166666666667,42,0,1231.0,1261.0,1261.0,1231.0,903.3000000000001,953.3000000000001
18,42,1276.0,928.3000000000001,39.01610169491524,59,0,1261.0,1291.0,1291.0,1261.0,903.3000000000001,953.3000000000001
18,43,1306.0,928.3000000000001,40.530196078431366,51,0,1291.0,1321.0,1321.0,1291.0,903.3000000000001,953.3000000000001
18,44,1336.0,928.3000000000001,37.756724137931016,58,0,1321.0,1351.0,1351.0,1321.0,903.3000000000001,953.3000000000001
18,45,1366.0,928.3000000000001,45.644166666666685,60,0,1351.0,1381.0,1381.0,1351.0,903.3000000000001,953.3000000000001
18,46,1396.0,928.3000000000001,45.730638297872325,47,0,1381.0,1411.0,1411.0,1381.0,903.3000000000001,953.3000000000001
18,47,1426.0,928.3000000000001,43.604693877551014,49,0,1411.0,1441.0,1441.0,1411.0,903.3000000000001,953.3000000000001
18,48,1456.0,928.3000000000001,37.7902,50,0,1441.0,1471.0,1471.0,1441.0,903.3000000000001,953.3000000000001
18,49,1486.0,928.3000000000001,41.20928571428573,56,0,1471.0,1501.0,1501.0,1471.0,903.3000000000001,953.3000000000001
18,50,1516.0,928.3000000000001,47.50395833333334,48,0,1501.0,1531.0,1531.0,1501.0,903.3000000000001,953.3000000000001
18,51,1546.0,928.3000000000001,51.49543478260868,46,0,1531.0,1561.0,1561.0,1531.0,903.3000000000001,953.3000000000001
18,52,1576.0,928.3000000000001,48.48936170212765,47,0,1561.0,1591.0,1591.0,1561.0,903.3000000000001,953.3000000000001
18,53,1606.0,928.3000000000001,46.656181818181814,55,0,1591.0,1621.0,1621.0,1591.0,903.3000000000001,953.3000000000001
18,54,1636.0,928.3000000000001,49.9656818181818,44,0,1621.0,1651.0,1651.0,1621.0,903.3000000000001,953.3000000000001
18,55,1666.0,928.3000000000001,49.592272727272714,44,0,1651.0,1681.0,1681.0,1651.0,903.3000000000001,953.3000000000001
18,56,1696.0,928.3000000000001,38.803035714285706,56,0,1681.0,1711.0,1711.0,1681.0,903.3000000000001,953.3000000000001
18,57,1726.0,928.3000000000001,42.50745098039215,51,0,1711.0,1741.0,1741.0,1711.0,903.3000000000001,953.3000000000001
18,58,1756.0,928.3000000000001,39.267441860465105,43,0,1741.0,1771.0,1771.0,1741.0,903.3000000000001,953.3000000000001
18,59,1786.0,928.3000000000001,38.449508196721304,61,0,1771.0,1801.0,1801.0,1771.0,903.3000000000001,953.3000000000001
18,60,1816.0,928.3000000000001,43.10355555555556,45,0,1801.0,1831.0,1831.0,1801.0,903.3000000000001,953.3000000000001
18,61,1846.0,928.3000000000001,38.885000000000005,52,0,1831.0,1861.0,1861.0,1831.0,903.3000000000001,953.3000000000001
18,62,1876.0,928.3000000000001,30.467450980392158,51,0,1861.0,1891.0,1891.0,1861.0,903.3000000000001,953.3000000000001
18,63,1906.0,928.3000000000001,29.305714285714277,56,0,1891.0,1921.0,1921.0,1891.0,903.3000000000001,953.3000000000001
18,64,1936.0,928.3000000000001,31.614181818181823,55,0,1921.0,1951.0,1951.0,1921.0,903.3000000000001,953.3000000000001
18,65,1966.0,928.3000000000001,30.5955,60,0,1951.0,1981.0,1981.0,1951.0,903.3000000000001,953.3000000000001
18,66,1996.0,928.3000000000001,32.153934426229505,61,0,1981.0,2011.0,2011.0,1981.0,903.3000000000001,953.3000000000001
18,67,2026.0,928.3000000000001,34.348222222222226,45,0,2011.0,2041.0,2041.0,2011.0,903.3000000000001,953.3000000000001
18,68,2056.0,928.3000000000001,35.37052631578946,57,0,2041.0,2071.0,2071.0,2041.0,903.3000000000001,953.3000000000001
18,69,2086.0,928.3000000000001,32.597543859649114,57,0,2071.0,2101.0,2101.0,2071.0,903.3000000000001,953.3000000000001
18,70,2116.0,928.3000000000001,21.35678160919539,87,0,2101.0,2131.0,2131.0,2101.0,903.3000000000001,953.3000000000001
18,71,2146.0,928.3000000000001,27.51571428571429,49,0,2131.0,2161.0,2161.0,2131.0,903.3000000000001,953.3000000000001
18,72,2176.0,928.3000000000001,24.240937500000005,64,0,2161.0,2191.0,2191.0,2161.0,903.3000000000001,953.3000000000001
18,73,2206.0,928.3000000000001,24.2572602739726,73,0,2191.0,2221.0,2221.0,2191.0,903.3000000000001,953.3000000000001
18,74,2236.0,928.3000000000001,28.242666666666675,75,0,2221.0,2251.0,2251.0,2221.0,903.3000000000001,953.3000000000001
18,75,2266.0,928.3000000000001,19.99622222222223,90,0,2251.0,2281.0,2281.0,2251.0,903.3000000000001,953.3000000000001
18,76,2296.0,928.3000000000001,17.63673469387756,98,0,2281.0,2311.0,2311.0,2281.0,903.3000000000001,953.3000000000001
18,77,2326.0,928.3000000000001,12.948372093023254,129,0,2311.0,2341.0,2341.0,2311.0,903.3000000000001,953.3000000000001
18,78,2356.0,928.3000000000001,18.212345679012333,81,0,2341.0,2371.0,2371.0,2341.0,903.3000000000001,953.3000000000001
18,79,2386.0,928.3000000000001,23.127258064516127,62,0,2371.0,2401.0,2401.0,2371.0,903.3000000000001,953.3000000000001
18,80,2416.0,928.3000000000001,22.185813953488363,86,0,2401.0,2431.0,2431.0,2401.0,903.3000000000001,953.3000000000001
18,81,2446.0,928.3000000000001,23.757956989247315,93,0,2431.0,2461.0,2461.0,2431.0,903.3000000000001,953.3000000000001
18,82,2476.0,928.3000000000001,30.50047619047618,63,0,2461.0,2491.0,2491.0,2461.0,903.3000000000001,953.3000000000001
18,83,2506.0,928.3000000000001,39.48666666666667,45,0,2491.0,2521.0,2521.0,2491.0,903.3000000000001,953.3000000000001
18,84,2536.0,928.3000000000001,38.26020408163265,49,0,2521.0,2551.0,2551.0,2521.0,903.3000000000001,953.3000000000001
18,85,2566.0,928.3000000000001,36.54927272727274,55,0,2551.0,2581.0,2581.0,2551.0,903.3000000000001,953.3000000000001
18,86,2596.0,928.3000000000001,31.56662337662338,77,0,2581.0,2611.0,2611.0,2581.0,903.3000000000001,953.3000000000001
18,87,2626.0,928.3000000000001,21.003181818181822,66,0,2611.0,2641.0,2641.0,2611.0,903.3000000000001,953.3000000000001
18,88,2656.0,928.3000000000001,27.1592957746479,71,0,2641.0,2671.0,2671.0,2641.0,903.3000000000001,953.3000000000001
18,89,2686.0,928.3000000000001,28.407450980392156,51,0,2671.0,2701.0,2701.0,2671.0,903.3000000000001,953.3000000000001
18,90,2716.0,928.3000000000001,28.415846153846154,65,0,2701.0,2731.0,2731.0,2701.0,903.3000000000001,953.3000000000001
18,91,2746.0,928.3000000000001,33.879322033898305,59,0,2731.0,2761.0,2761.0,2731.0,903.3000000000001,953.3000000000001
18,92,2776.0,928.3000000000001,29.63985915492958,71,0,2761.0,2791.0,2791.0,2761.0,903.3000000000001,953.3000000000001
18,93,2806.0,928.3000000000001,24.82400000000001,70,0,2791.0,2821.0,2821.0,2791.0,903.3000000000001,953.3000000000001
18,94,2836.0,928.3000000000001,34.78880952380953,42,0,2821.0,2851.0,2851.0,2821.0,903.3000000000001,953.3000000000001
18,95,2866.0,928.3000000000001,36.27619999999999,50,0,2851.0,2881.0,2881.0,2851.0,903.3000000000001,953.3000000000001
18,96,2896.0,928.3000000000001,38.6809090909091,55,0,2881.0,2911.0,2911.0,2881.0,903.3000000000001,953.3000000000001
18,97,2926.0,928.3000000000001,33.779999999999994,63,0,2911.0,2941.0,2941.0,2911.0,903.3000000000001,953.3000000000001
18,98,2956.0,928.3000000000001,34.85666666666666,60,0,2941.0,2971.0,2971.0,2941.0,903.3000000000001,953.3000000000001
18,99,2986.0,928.3000000000001,38.61819672131148,61,0,2971.0,3001.0,3001.0,2971.0,903.3000000000001,953.3000000000001
18,100,3016.0,928.3000000000001,32.88175438596491,57,0,3001.0,3031.0,3031.0,3001.0,903.3000000000001,953.3000000000001
18,101,3046.0,928.3000000000001,25.352234042553192,94,0,3031.0,3061.0,3061.0,3031.0,903.3000000000001,953.3000000000001
18,102,3076.0,928.3000000000001,32.47783333333333,60,0,3061.0,3091.0,3091.0,3061.0,903.3000000000001,953.3000000000001
18,103,3106.0,928.3000000000001,41.9196875,32,0,3091.0,3121.0,3121.0,3091.0,903.3000000000001,953.3000000000001
18,104,3136.0,928.3000000000001,37.902222222222214,54,0,3121.0,3151.0,3151.0,3121.0,903.3000000000001,953.3000000000001
18,105,3166.0,928.3000000000001,31.670666666666673,45,0,3151.0,3181.0,3181.0,3151.0,903.3000000000001,953.3000000000001
18,106,3196.0,928.3000000000001,26.493176470588242,85,0,3181.0,3211.0,3211.0,3181.0,903.3000000000001,953.3000000000001
18,107,3226.0,928.3000000000001,18.00626373626374,91,0,3211.0,3241.0,3241.0,3211.0,903.3000000000001,953.3000000000001
18,108,3256.0,928.3000000000001,17.32181818181818,99,0,3241.0,3271.0,3271.0,3241.0,903.3000000000001,953.3000000000001
18,109,3286.0,928.3000000000001,23.2055421686747,83,0,3271.0,3301.0,3301.0,3271.0,903.3000000000001,953.3000000000001
18,110,3316.0,928.3000000000001,14.620297029702963,101,0,3301.0,3331.0,3331.0,3301.0,903.3000000000001,953.3000000000001
18,111,3346.0,928.3000000000001,14.147258064516128,124,0,3331.0,3361.0,3361.0,3331.0,903.3000000000001,953.3000000000001
18,112,3376.0,928.3000000000001,16.76588235294117,85,0,3361.0,3391.0,3391.0,3361.0,903.3000000000001,953.3000000000001
18,113,3406.0,928.3000000000001,20.825858585858594,99,0,3391.0,3421.0,3421.0,3391.0,903.3000000000001,953.3000000000001
18,114,3436.0,928.3000000000001,26.067200000000003,75,0,3421.0,3451.0,3451.0,3421.0,903.3000000000001,953.3000000000001
18,115,3466.0,928.3000000000001,26.822058823529414,68,0,3451.0,3481.0,3481.0,3451.0,903.3000000000001,953.3000000000001
18,116,3496.0,928.3000000000001,23.89770833333333,96,0,3481.0,3511.0,3511.0,3481.0,903.3000000000001,953.3000000000001
18,117,3526.0,928.3000000000001,17.222474226804124,97,0,3511.0,3541.0,3541.0,3511.0,903.3000000000001,953.3000000000001
18,118,3556.0,928.3000000000001,26.707209302325595,86,0,3541.0,3571.0,3571.0,3541.0,903.3000000000001,953.3000000000001
18,119,3586.0,928.3000000000001,30.34577464788732,71,0,3571.0,3601.0,3601.0,3571.0,903.3000000000001,953.3000000000001
18,120,3616.0,928.3000000000001,18.665883620689662,116,0,3601.0,3631.0,3631.0,3601.0,903.3000000000001,953.3000000000001
18,121,3646.0,928.3000000000001,17.454074074074075,81,0,3631.0,3661.0,3661.0,3631.0,903.3000000000001,953.3000000000001
18,122,3676.0,928.3000000000001,28.457857142857144,56,0,3661.0,3691.0,3691.0,3661.0,903.3000000000001,953.3000000000001
18,123,3706.0,928.3000000000001,31.67975609756097,41,0,3691.0,3721.0,3721.0,3691.0,903.3000000000001,953.3000000000001
18,124,3736.0,928.3000000000001,,0,0,3721.0,3751.0,3751.0,3721.0,903.3000000000001,953.3000000000001
18,125,3766.0,928.3000000000001,,0,0,3751.0,3781.0,3781.0,3751.0,903.3000000000001,953.3000000000001
18,126,3796.0,928.3000000000001,,0,0,3781.0,3811.0,3811.0,3781.0,903.3000000000001,953.3000000000001
18,127,3826.0,928.3000000000001,,0,0,3811.0,3841.0,3841.0,3811.0,903.3000000000001,953.3000000000001
19,0,16.0,978.3000000000001,62.6465,20,0,1.0,31.0,31.0,1.0,953.3000000000001,1003.3000000000001
19,1,46.0,978.3000000000001,64.70190476190476,21,0,31.0,61.0,61.0,31.0,953.3000000000001,1003.3000000000001
19,2,76.0,978.3000000000001,67.58357142857143,14,0,61.0,91.0,91.0,61.0,953.3000000000001,1003.3000000000001
19,3,106.0,978.3000000000001,74.38,12,0,91.0,121.0,121.0,91.0,953.3000000000001,1003.3000000000001
19,4,136.0,978.3000000000001,54.27209302325581,43,0,121.0,151.0,151.0,121.0,953.3000000000001,1003.3000000000001
19,5,166.0,978.3000000000001,62.13794117647058,34,0,151.0,181.0,181.0,151.0,953.3000000000001,1003.3000000000001
19,6,196.0,978.3000000000001,66.45285714285716,35,0,181.0,211.0,211.0,181.0,953.3000000000001,1003.3000000000001
19,7,226.0,978.3000000000001,72.4742857142857,14,0,211.0,241.0,241.0,211.0,953.3000000000001,1003.3000000000001
19,8,256.0,978.3000000000001,68.00333333333332,30,0,241.0,271.0,271.0,241.0,953.3000000000001,1003.3000000000001
19,9,286.0,978.3000000000001,63.62142857142857,21,0,271.0,301.0,301.0,271.0,953.3000000000001,1003.3000000000001
19,10,316.0,978.3000000000001,65.384375,16,0,301.0,331.0,331.0,301.0,953.3000000000001,1003.3000000000001
19,11,346.0,978.3000000000001,61.372222222222234,18,0,331.0,361.0,361.0,331.0,953.3000000000001,1003.3000000000001
19,12,376.0,978.3000000000001,74.02428571428571,7,0,361.0,391.0,391.0,361.0,953.3000000000001,1003.3000000000001
19,13,406.0,978.3000000000001,67.83642857142858,14,0,391.0,421.0,421.0,391.0,953.3000000000001,1003.3000000000001
19,14,436.0,978.3000000000001,55.9725,24,0,421.0,451.0,451.0,421.0,953.3000000000001,1003.3000000000001
19,15,466.0,978.3000000000001,56.61422222222224,45,0,451.0,481.0,481.0,451.0,953.3000000000001,1003.3000000000001
19,16,496.0,978.3000000000001,58.805,18,0,481.0,511.0,511.0,481.0,953.3000000000001,1003.3000000000001
19,17,526.0,978.3000000000001,57.350697674418605,43,0,511.0,541.0,541.0,511.0,953.3000000000001,1003.3000000000001
19,18,556.0,978.3000000000001,60.64078947368422,38,0,541.0,571.0,571.0,541.0,953.3000000000001,1003.3000000000001
19,19,586.0,978.3000000000001,59.12857142857144,28,0,571.0,601.0,601.0,571.0,953.3000000000001,1003.3000000000001
19,20,616.0,978.3000000000001,58.53577777777778,45,0,601.0,631.0,631.0,601.0,953.3000000000001,1003.3000000000001
19,21,646.0,978.3000000000001,60.438148148148166,27,0,631.0,661.0,661.0,631.0,953.3000000000001,1003.3000000000001
19,22,676.0,978.3000000000001,55.4834,50,0,661.0,691.0,691.0,661.0,953.3000000000001,1003.3000000000001
19,23,706.0,978.3000000000001,64.98666666666666,15,0,691.0,721.0,721.0,691.0,953.3000000000001,1003.3000000000001
19,24,736.0,978.3000000000001,57.143478260869564,23,0,721.0,751.0,751.0,721.0,953.3000000000001,1003.3000000000001
19,25,766.0,978.3000000000001,54.98884615384616,52,0,751.0,781.0,781.0,751.0,953.3000000000001,1003.3000000000001
19,26,796.0,978.3000000000001,60.51941176470589,17,0,781.0,811.0,811.0,781.0,953.3000000000001,1003.3000000000001
19,27,826.0,978.3000000000001,58.388048780487814,41,0,811.0,841.0,841.0,811.0,953.3000000000001,1003.3000000000001
19,28,856.0,978.3000000000001,60.710294117647074,34,0,841.0,871.0,871.0,841.0,953.3000000000001,1003.3000000000001
19,29,886.0,978.3000000000001,62.42205128205129,39,0,871.0,901.0,901.0,871.0,953.3000000000001,1003.3000000000001
19,30,916.0,978.3000000000001,55.03090909090909,44,0,901.0,931.0,931.0,901.0,953.3000000000001,1003.3000000000001
19,31,946.0,978.3000000000001,48.135999999999996,40,0,931.0,961.0,961.0,931.0,953.3000000000001,1003.3000000000001
19,32,976.0,978.3000000000001,50.10733333333333,45,0,961.0,991.0,991.0,961.0,953.3000000000001,1003.3000000000001
19,33,1006.0,978.3000000000001,57.65031249999999,32,0,991.0,1021.0,1021.0,991.0,953.3000000000001,1003.3000000000001
19,34,1036.0,978.3000000000001,54.235853658536584,41,0,1021.0,1051.0,1051.0,1021.0,953.3000000000001,1003.3000000000001
19,35,1066.0,978.3000000000001,53.254634146341466,41,0,1051.0,1081.0,1081.0,1051.0,953.3000000000001,1003.3000000000001
19,36,1096.0,978.3000000000001,49.91865384615383,52,0,1081.0,1111.0,1111.0,1081.0,953.3000000000001,1003.3000000000001
19,37,1126.0,978.3000000000001,38.00415584415586,77,0,1111.0,1141.0,1141.0,1111.0,953.3000000000001,1003.3000000000001
19,38,1156.0,978.3000000000001,41.3991525423729,59,0,1141.0,1171.0,1171.0,1141.0,953.3000000000001,1003.3000000000001
19,39,1186.0,978.3000000000001,47.737500000000004,20,0,1171.0,1201.0,1201.0,1171.0,953.3000000000001,1003.3000000000001
19,40,1216.0,978.3000000000001,50.82348837209301,43,0,1201.0,1231.0,1231.0,1201.0,953.3000000000001,1003.3000000000001
19,41,1246.0,978.3000000000001,46.61575,40,0,1231.0,1261.0,1261.0,1231.0,953.3000000000001,1003.3000000000001
19,42,1276.0,978.3000000000001,38.52240740740741,54,0,1261.0,1291.0,1291.0,1261.0,953.3000000000001,1003.3000000000001
19,43,1306.0,978.3000000000001,39.51796296296296,54,0,1291.0,1321.0,1321.0,1291.0,953.3000000000001,1003.3000000000001
19,44,1336.0,978.3000000000001,36.84203125,64,0,1321.0,1351.0,1351.0,1321.0,953.3000000000001,1003.3000000000001
19,45,1366.0,978.3000000000001,44.812105263157896,57,0,1351.0,1381.0,1381.0,1351.0,953.3000000000001,1003.3000000000001
19,46,1396.0,978.3000000000001,45.01188679245282,53,0,1381.0,1411.0,1411.0,1381.0,953.3000000000001,1003.3000000000001
19,47,1426.0,978.3000000000001,40.44836734693878,49,0,1411.0,1441.0,1441.0,1411.0,953.3000000000001,1003.3000000000001
19,48,1456.0,978.3000000000001,39.910000000000004,44,0,1441.0,1471.0,1471.0,1441.0,953.3000000000001,1003.3000000000001
19,49,1486.0,978.3000000000001,42.175200000000004,50,0,1471.0,1501.0,1501.0,1471.0,953.3000000000001,1003.3000000000001
19,50,1516.0,978.3000000000001,47.862666666666684,45,0,1501.0,1531.0,1531.0,1501.0,953.3000000000001,1003.3000000000001
19,51,1546.0,978.3000000000001,52.47904761904763,42,0,1531.0,1561.0,1561.0,1531.0,953.3000000000001,1003.3000000000001
19,52,1576.0,978.3000000000001,50.54547619047619,42,0,1561.0,1591.0,1591.0,1561.0,953.3000000000001,1003.3000000000001
19,53,1606.0,978.3000000000001,48.23576923076923,52,0,1591.0,1621.0,1621.0,1591.0,953.3000000000001,1003.3000000000001
19,54,1636.0,978.3000000000001,49.54957446808511,47,0,1621.0,1651.0,1651.0,1621.0,953.3000000000001,1003.3000000000001
19,55,1666.0,978.3000000000001,47.60047619047618,42,0,1651.0,1681.0,1681.0,1651.0,953.3000000000001,1003.3000000000001
19,56,1696.0,978.3000000000001,36.98050847457627,59,0,1681.0,1711.0,1711.0,1681.0,953.3000000000001,1003.3000000000001
19,57,1726.0,978.3000000000001,42.89075471698112,53,0,1711.0,1741.0,1741.0,1711.0,953.3000000000001,1003.3000000000001
19,58,1756.0,978.3000000000001,38.10575,40,0,1741.0,1771.0,1771.0,1741.0,953.3000000000001,1003.3000000000001
19,59,1786.0,978.3000000000001,35.86626865671643,67,0,1771.0,1801.0,1801.0,1771.0,953.3000000000001,1003.3000000000001
19,60,1816.0,978.3000000000001,40.690816326530616,49,0,1801.0,1831.0,1831.0,1801.0,953.3000000000001,1003.3000000000001
19,61,1846.0,978.3000000000001,37.761607142857144,56,0,1831.0,1861.0,1861.0,1831.0,953.3000000000001,1003.3000000000001
19,62,1876.0,978.3000000000001,27.881875,64,0,1861.0,1891.0,1891.0,1861.0,953.3000000000001,1003.3000000000001
19,63,1906.0,978.3000000000001,22.77375,80,0,1891.0,1921.0,1921.0,1891.0,953.3000000000001,1003.3000000000001
19,64,1936.0,978.3000000000001,30.93193548387097,62,0,1921.0,1951.0,1951.0,1921.0,953.3000000000001,1003.3000000000001
19,65,1966.0,978.3000000000001,32.73403225806452,62,0,1951.0,1981.0,1981.0,1951.0,953.3000000000001,1003.3000000000001
19,66,1996.0,978.3000000000001,29.390526315789476,76,0,1981.0,2011.0,2011.0,1981.0,953.3000000000001,1003.3000000000001
19,67,2026.0,978.3000000000001,31.94931818181817,44,0,2011.0,2041.0,2041.0,2011.0,953.3000000000001,1003.3000000000001
19,68,2056.0,978.3000000000001,26.131666666666682,90,0,2041.0,2071.0,2071.0,2041.0,953.3000000000001,1003.3000000000001
19,69,2086.0,978.3000000000001,15.534351851851856,108,0,2071.0,2101.0,2101.0,2071.0,953.3000000000001,1003.3000000000001
19,70,2116.0,978.3000000000001,16.243893805309735,113,0,2101.0,2131.0,2131.0,2101.0,953.3000000000001,1003.3000000000001
19,71,2146.0,978.3000000000001,21.850000000000012,68,0,2131.0,2161.0,2161.0,2131.0,953.3000000000001,1003.3000000000001
19,72,2176.0,978.3000000000001,19.80011764705883,85,0,2161.0,2191.0,2191.0,2161.0,953.3000000000001,1003.3000000000001
19,73,2206.0,978.3000000000001,26.972297297297295,74,0,2191.0,2221.0,2221.0,2191.0,953.3000000000001,1003.3000000000001
19,74,2236.0,978.3000000000001,24.476593406593395,91,0,2221.0,2251.0,2251.0,2221.0,953.3000000000001,1003.3000000000001
19,75,2266.0,978.3000000000001,17.5615306122449,98,0,2251.0,2281.0,2281.0,2251.0,953.3000000000001,1003.3000000000001
19,76,2296.0,978.3000000000001,16.799999999999997,96,0,2281.0,2311.0,2311.0,2281.0,953.3000000000001,1003.3000000000001
19,77,2326.0,978.3000000000001,14.149207920792083,101,0,2311.0,2341.0,2341.0,2311.0,953.3000000000001,1003.3000000000001
19,78,2356.0,978.3000000000001,20.677142857142858,79,0,2341.0,2371.0,2371.0,2341.0,953.3000000000001,1003.3000000000001
19,79,2386.0,978.3000000000001,18.75543209876544,81,0,2371.0,2401.0,2401.0,2371.0,953.3000000000001,1003.3000000000001
19,80,2416.0,978.3000000000001,20.768461538461537,91,0,2401.0,2431.0,2431.0,2401.0,953.3000000000001,1003.3000000000001
19,81,2446.0,978.3000000000001,24.369555555555564,90,0,2431.0,2461.0,2461.0,2431.0,953.3000000000001,1003.3000000000001
19,82,2476.0,978.3000000000001,26.514871794871805,78,0,2461.0,2491.0,2491.0,2461.0,953.3000000000001,1003.3000000000001
19,83,2506.0,978.3000000000001,31.859305555555554,72,0,2491.0,2521.0,2521.0,2491.0,953.3000000000001,1003.3000000000001
19,84,2536.0,978.3000000000001,36.07649122807017,57,0,2521.0,2551.0,2551.0,2521.0,953.3000000000001,1003.3000000000001
19,85,2566.0,978.3000000000001,30.590563380281694,71,0,2551.0,2581.0,2581.0,2551.0,953.3000000000001,1003.3000000000001
19,86,2596.0,978.3000000000001,20.036410256410267,117,0,2581.0,2611.0,2611.0,2581.0,953.3000000000001,1003.3000000000001
19,87,2626.0,978.3000000000001,16.835113636363634,88,0,2611.0,2641.0,2641.0,2611.0,953.3000000000001,1003.3000000000001
19,88,2656.0,978.3000000000001,30.108059701492532,67,0,2641.0,2671.0,2671.0,2641.0,953.3000000000001,1003.3000000000001
19,89,2686.0,978.3000000000001,33.67189655172415,58,0,2671.0,2701.0,2701.0,2671.0,953.3000000000001,1003.3000000000001
19,90,2716.0,978.3000000000001,34.05683333333334,60,0,2701.0,2731.0,2731.0,2701.0,953.3000000000001,1003.3000000000001
19,91,2746.0,978.3000000000001,29.142739726027397,73,0,2731.0,2761.0,2761.0,2731.0,953.3000000000001,1003.3000000000001
19,92,2776.0,978.3000000000001,21.479999999999997,104,0,2761.0,2791.0,2791.0,2761.0,953.3000000000001,1003.3000000000001
19,93,2806.0,978.3000000000001,19.59336633663367,101,0,2791.0,2821.0,2821.0,2791.0,953.3000000000001,1003.3000000000001
19,94,2836.0,978.3000000000001,30.37861538461539,65,0,2821.0,2851.0,2851.0,2821.0,953.3000000000001,1003.3000000000001
19,95,2866.0,978.3000000000001,35.143035714285716,56,0,2851.0,2881.0,2881.0,2851.0,953.3000000000001,1003.3000000000001
19,96,2896.0,978.3000000000001,34.31850746268657,67,0,2881.0,2911.0,2911.0,2881.0,953.3000000000001,1003.3000000000001
19,97,2926.0,978.3000000000001,24.501938775510204,98,0,2911.0,2941.0,2941.0,2911.0,953.3000000000001,1003.3000000000001
19,98,2956.0,978.3000000000001,30.074805194805197,77,0,2941.0,2971.0,2971.0,2941.0,953.3000000000001,1003.3000000000001
19,99,2986.0,978.3000000000001,32.21506493506493,77,0,2971.0,3001.0,3001.0,2971.0,953.3000000000001,1003.3000000000001
19,100,3016.0,978.3000000000001,23.36831460674158,89,0,3001.0,3031.0,3031.0,3001.0,953.3000000000001,1003.3000000000001
19,101,3046.0,978.3000000000001,23.585476190476186,84,0,3031.0,3061.0,3061.0,3031.0,953.3000000000001,1003.3000000000001
19,102,3076.0,978.3000000000001,30.935625000000005,80,0,3061.0,3091.0,3091.0,3061.0,953.3000000000001,1003.3000000000001
19,103,3106.0,978.3000000000001,36.85975609756096,41,0,3091.0,3121.0,3121.0,3091.0,953.3000000000001,1003.3000000000001
19,104,3136.0,978.3000000000001,32.365571428571435,70,0,3121.0,3151.0,3151.0,3121.0,953.3000000000001,1003.3000000000001
19,105,3166.0,978.3000000000001,25.659821428571416,56,0,3151.0,3181.0,3181.0,3151.0,953.3000000000001,1003.3000000000001
19,106,3196.0,978.3000000000001,21.625048543689314,103,0,3181.0,3211.0,3211.0,3181.0,953.3000000000001,1003.3000000000001
19,107,3226.0,978.3000000000001,11.988869565217387,115,0,3211.0,3241.0,3241.0,3211.0,953.3000000000001,1003.3000000000001
19,108,3256.0,978.3000000000001,19.01151515151516,99,0,3241.0,3271.0,3271.0,3241.0,953.3000000000001,1003.3000000000001
19,109,3286.0,978.3000000000001,15.584999999999997,116,0,3271.0,3301.0,3301.0,3271.0,953.3000000000001,1003.3000000000001
19,110,3316.0,978.3000000000001,13.352478632478629,117,0,3301.0,3331.0,3331.0,3301.0,953.3000000000001,1003.3000000000001
19,111,3346.0,978.3000000000001,12.690446428571429,112,0,3331.0,3361.0,3361.0,3331.0,953.3000000000001,1003.3000000000001
19,112,3376.0,978.3000000000001,13.545275590551181,127,0,3361.0,3391.0,3391.0,3361.0,953.3000000000001,1003.3000000000001
19,113,3406.0,978.3000000000001,20.38061855670103,97,0,3391.0,3421.0,3421.0,3391.0,953.3000000000001,1003.3000000000001
19,114,3436.0,978.3000000000001,25.106666666666666,78,0,3421.0,3451.0,3451.0,3421.0,953.3000000000001,1003.3000000000001
19,115,3466.0,978.3000000000001,24.333478260869562,69,0,3451.0,3481.0,3481.0,3451.0,953.3000000000001,1003.3000000000001
19,116,3496.0,978.3000000000001,17.611367521367523,117,0,3481.0,3511.0,3511.0,3481.0,953.3000000000001,1003.3000000000001
19,117,3526.0,978.3000000000001,20.279072164948456,97,0,3511.0,3541.0,3541.0,3511.0,953.3000000000001,1003.3000000000001
19,118,3556.0,978.3000000000001,28.99716049382715,81,0,3541.0,3571.0,3571.0,3541.0,953.3000000000001,1003.3000000000001
19,119,3586.0,978.3000000000001,18.31044642857143,112,0,3571.0,3601.0,3601.0,3571.0,953.3000000000001,1003.3000000000001
19,120,3616.0,978.3000000000001,14.326097560975606,123,0,3601.0,3631.0,3631.0,3601.0,953.3000000000001,1003.3000000000001
19,121,3646.0,978.3000000000001,21.27923076923077,91,0,3631.0,3661.0,3661.0,3631.0,953.3000000000001,1003.3000000000001
19,122,3676.0,978.3000000000001,31.473076923076924,52,0,3661.0,3691.0,3691.0,3661.0,953.3000000000001,1003.3000000000001
19,123,3706.0,978.3000000000001,28.87048387096775,62,0,3691.0,3721.0,3721.0,3691.0,953.3000000000001,1003.3000000000001
19,124,3736.0,978.3000000000001,,0,0,3721.0,3751.0,3751.0,3721.0,953.3000000000001,1003.3000000000001
19,125,3766.0,978.3000000000001,,0,0,3751.0,3781.0,3781.0,3751.0,953.3000000000001,1003.3000000000001
19,126,3796.0,978.3000000000001,,0,0,3781.0,3811.0,3811.0,3781.0,953.3000000000001,1003.3000000000001
19,127,3826.0,978.3000000000001,,0,0,3811.0,3841.0,3841.0,3811.0,953.3000000000001,1003.3000000000001
20,0,16.0,1028.3000000000002,63.83947368421054,19,0,1.0,31.0,31.0,1.0,1003.3000000000001,1053.3000000000002
20,1,46.0,1028.3000000000002,66.514,20,0,31.0,61.0,61.0,31.0,1003.3000000000001,1053.3000000000002
20,2,76.0,1028.3000000000002,69.46538461538461,13,0,61.0,91.0,91.0,61.0,1003.3000000000001,1053.3000000000002
20,3,106.0,1028.3000000000002,72.83999999999999,13,0,91.0,121.0,121.0,91.0,1003.3000000000001,1053.3000000000002
20,4,136.0,1028.3000000000002,54.88388888888889,36,0,121.0,151.0,151.0,121.0,1003.3000000000001,1053.3000000000002
20,5,166.0,1028.3000000000002,59.98157894736841,38,0,151.0,181.0,181.0,151.0,1003.3000000000001,1053.3000000000002
20,6,196.0,1028.3000000000002,67.30392857142856,28,0,181.0,211.0,211.0,181.0,1003.3000000000001,1053.3000000000002
20,7,226.0,1028.3000000000002,72.34428571428572,14,0,211.0,241.0,241.0,211.0,1003.3000000000001,1053.3000000000002
20,8,256.0,1028.3000000000002,68.8225806451613,31,0,241.0,271.0,271.0,241.0,1003.3000000000001,1053.3000000000002
20,9,286.0,1028.3000000000002,62.45294117647059,17,0,271.0,301.0,301.0,271.0,1003.3000000000001,1053.3000000000002
20,10,316.0,1028.3000000000002,64.19666666666667,18,0,301.0,331.0,331.0,301.0,1003.3000000000001,1053.3000000000002
20,11,346.0,1028.3000000000002,61.76125000000001,16,0,331.0,361.0,361.0,331.0,1003.3000000000001,1053.3000000000002
20,12,376.0,1028.3000000000002,72.575,10,0,361.0,391.0,391.0,361.0,1003.3000000000001,1053.3000000000002
20,13,406.0,1028.3000000000002,66.47818181818182,11,0,391.0,421.0,421.0,391.0,1003.3000000000001,1053.3000000000002
20,14,436.0,1028.3000000000002,57.70647058823529,17,0,421.0,451.0,451.0,421.0,1003.3000000000001,1053.3000000000002
20,15,466.0,1028.3000000000002,55.718510638297865,47,0,451.0,481.0,481.0,451.0,1003.3000000000001,1053.3000000000002
20,16,496.0,1028.3000000000002,59.44350000000001,20,0,481.0,511.0,511.0,481.0,1003.3000000000001,1053.3000000000002
20,17,526.0,1028.3000000000002,58.19617021276596,47,0,511.0,541.0,541.0,511.0,1003.3000000000001,1053.3000000000002
20,18,556.0,1028.3000000000002,60.87771428571428,35,0,541.0,571.0,571.0,541.0,1003.3000000000001,1053.3000000000002
20,19,586.0,1028.3000000000002,59.433846153846154,26,0,571.0,601.0,601.0,571.0,1003.3000000000001,1053.3000000000002
20,20,616.0,1028.3000000000002,58.22644444444445,45,0,601.0,631.0,631.0,601.0,1003.3000000000001,1053.3000000000002
20,21,646.0,1028.3000000000002,61.681851851851846,27,0,631.0,661.0,661.0,631.0,1003.3000000000001,1053.3000000000002
20,22,676.0,1028.3000000000002,57.00145833333332,48,0,661.0,691.0,691.0,661.0,1003.3000000000001,1053.3000000000002
20,23,706.0,1028.3000000000002,64.35818181818182,22,0,691.0,721.0,721.0,691.0,1003.3000000000001,1053.3000000000002
20,24,736.0,1028.3000000000002,60.0775,20,0,721.0,751.0,751.0,721.0,1003.3000000000001,1053.3000000000002
20,25,766.0,1028.3000000000002,55.66725490196078,51,0,751.0,781.0,781.0,751.0,1003.3000000000001,1053.3000000000002
20,26,796.0,1028.3000000000002,61.12761904761904,21,0,781.0,811.0,811.0,781.0,1003.3000000000001,1053.3000000000002
20,27,826.0,1028.3000000000002,57.449,40,0,811.0,841.0,841.0,811.0,1003.3000000000001,1053.3000000000002
20,28,856.0,1028.3000000000002,59.438378378378374,37,0,841.0,871.0,871.0,841.0,1003.3000000000001,1053.3000000000002
20,29,886.0,1028.3000000000002,59.107272727272736,44,0,871.0,901.0,901.0,871.0,1003.3000000000001,1053.3000000000002
20,30,916.0,1028.3000000000002,49.468199999999996,50,0,901.0,931.0,931.0,901.0,1003.3000000000001,1053.3000000000002
20,31,946.0,1028.3000000000002,50.10846153846154,39,0,931.0,961.0,961.0,931.0,1003.3000000000001,1053.3000000000002
20,32,976.0,1028.3000000000002,51.572340425531905,47,0,961.0,991.0,991.0,961.0,1003.3000000000001,1053.3000000000002
20,33,1006.0,1028.3000000000002,54.325405405405405,37,0,991.0,1021.0,1021.0,991.0,1003.3000000000001,1053.3000000000002
20,34,1036.0,1028.3000000000002,53.53222222222222,36,0,1021.0,1051.0,1051.0,1021.0,1003.3000000000001,1053.3000000000002
20,35,1066.0,1028.3000000000002,50.564255319148934,47,0,1051.0,1081.0,1081.0,1051.0,1003.3000000000001,1053.3000000000002
20,36,1096.0,1028.3000000000002,41.645416666666655,72,0,1081.0,1111.0,1111.0,1081.0,1003.3000000000001,1053.3000000000002
20,37,1126.0,1028.3000000000002,30.81419354838712,93,0,1111.0,1141.0,1141.0,1111.0,1003.3000000000001,1053.3000000000002
20,38,1156.0,1028.3000000000002,34.78202380952382,84,0,1141.0,1171.0,1171.0,1141.0,1003.3000000000001,1053.3000000000002
20,39,1186.0,1028.3000000000002,45.97478260869565,23,0,1171.0,1201.0,1201.0,1171.0,1003.3000000000001,1053.3000000000002
20,40,1216.0,1028.3000000000002,49.15152173913043,46,0,1201.0,1231.0,1231.0,1201.0,1003.3000000000001,1053.3000000000002
20,41,1246.0,1028.3000000000002,45.22259259259258,54,0,1231.0,1261.0,1261.0,1231.0,1003.3000000000001,1053.3000000000002
20,42,1276.0,1028.3000000000002,39.19775510204081,49,0,1261.0,1291.0,1291.0,1261.0,1003.3000000000001,1053.3000000000002
20,43,1306.0,1028.3000000000002,37.95031746031745,63,0,1291.0,1321.0,1321.0,1291.0,1003.3000000000001,1053.3000000000002
20,44,1336.0,1028.3000000000002,39.44709677419355,62,0,1321.0,1351.0,1351.0,1321.0,1003.3000000000001,1053.3000000000002
20,45,1366.0,1028.3000000000002,42.573114754098356,61,0,1351.0,1381.0,1381.0,1351.0,1003.3000000000001,1053.3000000000002
20,46,1396.0,1028.3000000000002,38.9972857142857,70,0,1381.0,1411.0,1411.0,1381.0,1003.3000000000001,1053.3000000000002
20,47,1426.0,1028.3000000000002,37.178928571428564,56,0,1411.0,1441.0,1441.0,1411.0,1003.3000000000001,1053.3000000000002
20,48,1456.0,1028.3000000000002,41.655098039215694,51,0,1441.0,1471.0,1471.0,1441.0,1003.3000000000001,1053.3000000000002
20,49,1486.0,1028.3000000000002,42.85232142857143,56,0,1471.0,1501.0,1501.0,1471.0,1003.3000000000001,1053.3000000000002
20,50,1516.0,1028.3000000000002,47.81285714285713,49,0,1501.0,1531.0,1531.0,1501.0,1003.3000000000001,1053.3000000000002
20,51,1546.0,1028.3000000000002,52.99620000000001,50,0,1531.0,1561.0,1561.0,1531.0,1003.3000000000001,1053.3000000000002
20,52,1576.0,1028.3000000000002,51.14038461538462,52,0,1561.0,1591.0,1591.0,1561.0,1003.3000000000001,1053.3000000000002
20,53,1606.0,1028.3000000000002,49.029803921568636,51,0,1591.0,1621.0,1621.0,1591.0,1003.3000000000001,1053.3000000000002
20,54,1636.0,1028.3000000000002,49.86754716981134,53,0,1621.0,1651.0,1651.0,1621.0,1003.3000000000001,1053.3000000000002
20,55,1666.0,1028.3000000000002,42.3557627118644,59,0,1651.0,1681.0,1681.0,1651.0,1003.3000000000001,1053.3000000000002
20,56,1696.0,1028.3000000000002,32.91109589041096,73,0,1681.0,1711.0,1711.0,1681.0,1003.3000000000001,1053.3000000000002
20,57,1726.0,1028.3000000000002,37.38411764705881,68,0,1711.0,1741.0,1741.0,1711.0,1003.3000000000001,1053.3000000000002
20,58,1756.0,1028.3000000000002,36.295714285714276,49,0,1741.0,1771.0,1771.0,1741.0,1003.3000000000001,1053.3000000000002
20,59,1786.0,1028.3000000000002,34.54710144927535,69,0,1771.0,1801.0,1801.0,1771.0,1003.3000000000001,1053.3000000000002
20,60,1816.0,1028.3000000000002,37.73706896551724,58,0,1801.0,1831.0,1831.0,1801.0,1003.3000000000001,1053.3000000000002
20,61,1846.0,1028.3000000000002,28.88883116883117,77,0,1831.0,1861.0,1861.0,1831.0,1003.3000000000001,1053.3000000000002
20,62,1876.0,1028.3000000000002,19.27510869565217,92,0,1861.0,1891.0,1891.0,1861.0,1003.3000000000001,1053.3000000000002
20,63,1906.0,1028.3000000000002,20.398589743589746,78,0,1891.0,1921.0,1921.0,1891.0,1003.3000000000001,1053.3000000000002
20,64,1936.0,1028.3000000000002,25.581927710843377,83,0,1921.0,1951.0,1951.0,1921.0,1003.3000000000001,1053.3000000000002
20,65,1966.0,1028.3000000000002,30.251518987341775,79,0,1951.0,1981.0,1981.0,1951.0,1003.3000000000001,1053.3000000000002
20,66,1996.0,1028.3000000000002,27.403888888888886,72,0,1981.0,2011.0,2011.0,1981.0,1003.3000000000001,1053.3000000000002
20,67,2026.0,1028.3000000000002,22.682222222222215,63,0,2011.0,2041.0,2041.0,2011.0,1003.3000000000001,1053.3000000000002
20,68,2056.0,1028.3000000000002,18.345178571428562,112,0,2041.0,2071.0,2071.0,2041.0,1003.3000000000001,1053.3000000000002
20,69,2086.0,1028.3000000000002,14.537196261682245,107,0,2071.0,2101.0,2101.0,2071.0,1003.3000000000001,1053.3000000000002
20,70,2116.0,1028.3000000000002,16.244017094017096,117,0,2101.0,2131.0,2131.0,2101.0,1003.3000000000001,1053.3000000000002
20,71,2146.0,1028.3000000000002,18.375882352941176,85,0,2131.0,2161.0,2161.0,2131.0,1003.3000000000001,1053.3000000000002
20,72,2176.0,1028.3000000000002,16.926019417475732,103,0,2161.0,2191.0,2191.0,2161.0,1003.3000000000001,1053.3000000000002
20,73,2206.0,1028.3000000000002,21.350109890109888,91,0,2191.0,2221.0,2221.0,2191.0,1003.3000000000001,1053.3000000000002
20,74,2236.0,1028.3000000000002,20.735918367346944,98,0,2221.0,2251.0,2251.0,2221.0,1003.3000000000001,1053.3000000000002
20,75,2266.0,1028.3000000000002,18.1776923076923,104,0,2251.0,2281.0,2281.0,2251.0,1003.3000000000001,1053.3000000000002
20,76,2296.0,1028.3000000000002,14.414594594594593,111,0,2281.0,2311.0,2311.0,2281.0,1003.3000000000001,1053.3000000000002
20,77,2326.0,1028.3000000000002,17.13452631578948,95,0,2311.0,2341.0,2341.0,2311.0,1003.3000000000001,1053.3000000000002
20,78,2356.0,1028.3000000000002,17.936444444444447,90,0,2341.0,2371.0,2371.0,2341.0,1003.3000000000001,1053.3000000000002
20,79,2386.0,1028.3000000000002,16.341818181818184,99,0,2371.0,2401.0,2401.0,2371.0,1003.3000000000001,1053.3000000000002
20,80,2416.0,1028.3000000000002,20.767692307692304,91,0,2401.0,2431.0,2431.0,2401.0,1003.3000000000001,1053.3000000000002
20,81,2446.0,1028.3000000000002,23.531978021978027,91,0,2431.0,2461.0,2461.0,2431.0,1003.3000000000001,1053.3000000000002
20,82,2476.0,1028.3000000000002,22.781078431372542,102,0,2461.0,2491.0,2491.0,2461.0,1003.3000000000001,1053.3000000000002
20,83,2506.0,1028.3000000000002,25.586516853932586,89,0,2491.0,2521.0,2521.0,2491.0,1003.3000000000001,1053.3000000000002
20,84,2536.0,1028.3000000000002,25.787564102564094,78,0,2521.0,2551.0,2551.0,2521.0,1003.3000000000001,1053.3000000000002
20,85,2566.0,1028.3000000000002,19.201700000000006,100,0,2551.0,2581.0,2581.0,2551.0,1003.3000000000001,1053.3000000000002
20,86,2596.0,1028.3000000000002,15.996466165413528,133,0,2581.0,2611.0,2611.0,2581.0,1003.3000000000001,1053.3000000000002
20,87,2626.0,1028.3000000000002,17.789801980198014,101,0,2611.0,2641.0,2641.0,2611.0,1003.3000000000001,1053.3000000000002
20,88,2656.0,1028.3000000000002,28.607066666666668,75,0,2641.0,2671.0,2671.0,2641.0,1003.3000000000001,1053.3000000000002
20,89,2686.0,1028.3000000000002,31.399459459459457,74,0,2671.0,2701.0,2701.0,2671.0,1003.3000000000001,1053.3000000000002
20,90,2716.0,1028.3000000000002,33.70627118644066,59,0,2701.0,2731.0,2731.0,2701.0,1003.3000000000001,1053.3000000000002
20,91,2746.0,1028.3000000000002,26.125384615384622,78,0,2731.0,2761.0,2761.0,2731.0,1003.3000000000001,1053.3000000000002
20,92,2776.0,1028.3000000000002,15.439508196721311,122,0,2761.0,2791.0,2791.0,2761.0,1003.3000000000001,1053.3000000000002
20,93,2806.0,1028.3000000000002,21.076060606060604,99,0,2791.0,2821.0,2821.0,2791.0,1003.3000000000001,1053.3000000000002
20,94,2836.0,1028.3000000000002,25.31926315789473,95,0,2821.0,2851.0,2851.0,2821.0,1003.3000000000001,1053.3000000000002
20,95,2866.0,1028.3000000000002,27.762564102564095,78,0,2851.0,2881.0,2881.0,2851.0,1003.3000000000001,1053.3000000000002
20,96,2896.0,1028.3000000000002,23.08870967741936,93,0,2881.0,2911.0,2911.0,2881.0,1003.3000000000001,1053.3000000000002
20,97,2926.0,1028.3000000000002,22.315137614678893,109,0,2911.0,2941.0,2941.0,2911.0,1003.3000000000001,1053.3000000000002
20,98,2956.0,1028.3000000000002,24.58623762376237,101,0,2941.0,2971.0,2971.0,2941.0,1003.3000000000001,1053.3000000000002
20,99,2986.0,1028.3000000000002,21.620775862068967,116,0,2971.0,3001.0,3001.0,2971.0,1003.3000000000001,1053.3000000000002
20,100,3016.0,1028.3000000000002,17.56831932773109,119,0,3001.0,3031.0,3031.0,3001.0,1003.3000000000001,1053.3000000000002
20,101,3046.0,1028.3000000000002,26.270493827160493,81,0,3031.0,3061.0,3061.0,3031.0,1003.3000000000001,1053.3000000000002
20,102,3076.0,1028.3000000000002,28.550337078651687,89,0,3061.0,3091.0,3091.0,3061.0,1003.3000000000001,1053.3000000000002
20,103,3106.0,1028.3000000000002,20.241546391752582,97,0,3091.0,3121.0,3121.0,3091.0,1003.3000000000001,1053.3000000000002
20,104,3136.0,1028.3000000000002,20.96784810126582,79,0,3121.0,3151.0,3151.0,3121.0,1003.3000000000001,1053.3000000000002
20,105,3166.0,1028.3000000000002,18.042179487179496,78,0,3151.0,3181.0,3181.0,3151.0,1003.3000000000001,1053.3000000000002
20,106,3196.0,1028.3000000000002,14.295317460317467,126,0,3181.0,3211.0,3211.0,3181.0,1003.3000000000001,1053.3000000000002
20,107,3226.0,1028.3000000000002,13.570000000000002,118,0,3211.0,3241.0,3241.0,3211.0,1003.3000000000001,1053.3000000000002
20,108,3256.0,1028.3000000000002,21.011444444444443,90,0,3241.0,3271.0,3271.0,3241.0,1003.3000000000001,1053.3000000000002
20,109,3286.0,1028.3000000000002,14.094310344827585,116,0,3271.0,3301.0,3301.0,3271.0,1003.3000000000001,1053.3000000000002
20,110,3316.0,1028.3000000000002,12.993281250000004,128,0,3301.0,3331.0,3331.0,3301.0,1003.3000000000001,1053.3000000000002
20,111,3346.0,1028.3000000000002,12.148148148148145,108,0,3331.0,3361.0,3361.0,3331.0,1003.3000000000001,1053.3000000000002
20,112,3376.0,1028.3000000000002,16.35931034482759,116,0,3361.0,3391.0,3391.0,3361.0,1003.3000000000001,1053.3000000000002
20,113,3406.0,1028.3000000000002,20.364466019417467,103,0,3391.0,3421.0,3421.0,3391.0,1003.3000000000001,1053.3000000000002
20,114,3436.0,1028.3000000000002,23.35833333333333,102,0,3421.0,3451.0,3451.0,3421.0,1003.3000000000001,1053.3000000000002
20,115,3466.0,1028.3000000000002,22.113037974683557,79,0,3451.0,3481.0,3481.0,3451.0,1003.3000000000001,1053.3000000000002
20,116,3496.0,1028.3000000000002,16.271636363636368,110,0,3481.0,3511.0,3511.0,3481.0,1003.3000000000001,1053.3000000000002
20,117,3526.0,1028.3000000000002,20.171090909090918,110,0,3511.0,3541.0,3541.0,3511.0,1003.3000000000001,1053.3000000000002
20,118,3556.0,1028.3000000000002,22.095739130434794,115,0,3541.0,3571.0,3571.0,3541.0,1003.3000000000001,1053.3000000000002
20,119,3586.0,1028.3000000000002,13.475874999999998,160,0,3571.0,3601.0,3601.0,3571.0,1003.3000000000001,1053.3000000000002
20,120,3616.0,1028.3000000000002,14.431509433962262,106,0,3601.0,3631.0,3631.0,3601.0,1003.3000000000001,1053.3000000000002
20,121,3646.0,1028.3000000000002,24.908924731182783,93,0,3631.0,3661.0,3661.0,3631.0,1003.3000000000001,1053.3000000000002
20,122,3676.0,1028.3000000000002,29.37079365079365,63,0,3661.0,3691.0,3691.0,3661.0,1003.3000000000001,1053.3000000000002
20,123,3706.0,1028.3000000000002,26.105443037974688,79,0,3691.0,3721.0,3721.0,3691.0,1003.3000000000001,1053.3000000000002
20,124,3736.0,1028.3000000000002,26.7725,4,0,3721.0,3751.0,3751.0,3721.0,1003.3000000000001,1053.3000000000002
20,125,3766.0,1028.3000000000002,,0,0,3751.0,3781.0,3781.0,3751.0,1003.3000000000001,1053.3000000000002
20,126,3796.0,1028.3000000000002,,0,0,3781.0,3811.0,3811.0,3781.0,1003.3000000000001,1053.3000000000002
20,127,3826.0,1028.3000000000002,,0,0,3811.0,3841.0,3841.0,3811.0,1003.3000000000001,1053.3000000000002
21,0,16.0,1078.3000000000002,65.48157894736842,19,0,1.0,31.0,31.0,1.0,1053.3000000000002,1103.3000000000002
21,1,46.0,1078.3000000000002,67.81888888888889,18,0,31.0,61.0,61.0,31.0,1053.3000000000002,1103.3000000000002
21,2,76.0,1078.3000000000002,70.75583333333333,12,0,61.0,91.0,91.0,61.0,1053.3000000000002,1103.3000000000002
21,3,106.0,1078.3000000000002,73.86666666666666,15,0,91.0,121.0,121.0,91.0,1053.3000000000002,1103.3000000000002
21,4,136.0,1078.3000000000002,56.52741935483871,31,0,121.0,151.0,151.0,121.0,1053.3000000000002,1103.3000000000002
21,5,166.0,1078.3000000000002,60.43234848484848,44,0,151.0,181.0,181.0,151.0,1053.3000000000002,1103.3000000000002
21,6,196.0,1078.3000000000002,69.46741935483868,31,0,181.0,211.0,211.0,181.0,1053.3000000000002,1103.3000000000002
21,7,226.0,1078.3000000000002,72.57266666666666,15,0,211.0,241.0,241.0,211.0,1053.3000000000002,1103.3000000000002
21,8,256.0,1078.3000000000002,71.59166666666668,24,0,241.0,271.0,271.0,241.0,1053.3000000000002,1103.3000000000002
21,9,286.0,1078.3000000000002,66.81812500000001,16,0,271.0,301.0,301.0,271.0,1053.3000000000002,1103.3000000000002
21,10,316.0,1078.3000000000002,65.61478260869566,23,0,301.0,331.0,331.0,301.0,1053.3000000000002,1103.3000000000002
21,11,346.0,1078.3000000000002,63.38733333333333,15,0,331.0,361.0,361.0,331.0,1053.3000000000002,1103.3000000000002
21,12,376.0,1078.3000000000002,74.095,8,0,361.0,391.0,391.0,361.0,1053.3000000000002,1103.3000000000002
21,13,406.0,1078.3000000000002,67.804,10,0,391.0,421.0,421.0,391.0,1053.3000000000002,1103.3000000000002
21,14,436.0,1078.3000000000002,67.69272727272728,11,0,421.0,451.0,451.0,421.0,1053.3000000000002,1103.3000000000002
21,15,466.0,1078.3000000000002,58.614318181818184,44,0,451.0,481.0,481.0,451.0,1053.3000000000002,1103.3000000000002
21,16,496.0,1078.3000000000002,59.005769230769225,26,0,481.0,511.0,511.0,481.0,1053.3000000000002,1103.3000000000002
21,17,526.0,1078.3000000000002,60.41162162162161,37,0,511.0,541.0,541.0,511.0,1053.3000000000002,1103.3000000000002
21,18,556.0,1078.3000000000002,63.767586206896574,29,0,541.0,571.0,571.0,541.0,1053.3000000000002,1103.3000000000002
21,19,586.0,1078.3000000000002,62.0026923076923,26,0,571.0,601.0,601.0,571.0,1053.3000000000002,1103.3000000000002
21,20,616.0,1078.3000000000002,58.73951219512193,41,0,601.0,631.0,631.0,601.0,1053.3000000000002,1103.3000000000002
21,21,646.0,1078.3000000000002,63.13344827586207,29,0,631.0,661.0,661.0,631.0,1053.3000000000002,1103.3000000000002
21,22,676.0,1078.3000000000002,57.092291666666675,48,0,661.0,691.0,691.0,661.0,1053.3000000000002,1103.3000000000002
21,23,706.0,1078.3000000000002,63.84269230769231,26,0,691.0,721.0,721.0,691.0,1053.3000000000002,1103.3000000000002
21,24,736.0,1078.3000000000002,61.60133333333333,15,0,721.0,751.0,751.0,721.0,1053.3000000000002,1103.3000000000002
21,25,766.0,1078.3000000000002,54.93321428571428,56,0,751.0,781.0,781.0,751.0,1053.3000000000002,1103.3000000000002
21,26,796.0,1078.3000000000002,59.777142857142856,28,0,781.0,811.0,811.0,781.0,1053.3000000000002,1103.3000000000002
21,27,826.0,1078.3000000000002,55.85749999999999,36,0,811.0,841.0,841.0,811.0,1053.3000000000002,1103.3000000000002
21,28,856.0,1078.3000000000002,54.99731707317073,41,0,841.0,871.0,871.0,841.0,1053.3000000000002,1103.3000000000002
21,29,886.0,1078.3000000000002,54.24085106382981,47,0,871.0,901.0,901.0,871.0,1053.3000000000002,1103.3000000000002
21,30,916.0,1078.3000000000002,41.53792452830188,53,0,901.0,931.0,931.0,901.0,1053.3000000000002,1103.3000000000002
21,31,946.0,1078.3000000000002,51.79157894736842,38,0,931.0,961.0,961.0,931.0,1053.3000000000002,1103.3000000000002
21,32,976.0,1078.3000000000002,49.621509433962245,53,0,961.0,991.0,991.0,961.0,1053.3000000000002,1103.3000000000002
21,33,1006.0,1078.3000000000002,47.48558139534884,43,0,991.0,1021.0,1021.0,991.0,1053.3000000000002,1103.3000000000002
21,34,1036.0,1078.3000000000002,52.18842105263158,38,0,1021.0,1051.0,1051.0,1021.0,1053.3000000000002,1103.3000000000002
21,35,1066.0,1078.3000000000002,43.864655172413784,58,0,1051.0,1081.0,1081.0,1051.0,1053.3000000000002,1103.3000000000002
21,36,1096.0,1078.3000000000002,30.46723684210526,76,0,1081.0,1111.0,1111.0,1081.0,1053.3000000000002,1103.3000000000002
21,37,1126.0,1078.3000000000002,28.09388888888889,90,0,1111.0,1141.0,1141.0,1111.0,1053.3000000000002,1103.3000000000002
21,38,1156.0,1078.3000000000002,30.858349514563113,103,0,1141.0,1171.0,1171.0,1141.0,1053.3000000000002,1103.3000000000002
21,39,1186.0,1078.3000000000002,36.143225806451625,31,0,1171.0,1201.0,1201.0,1171.0,1053.3000000000002,1103.3000000000002
21,40,1216.0,1078.3000000000002,49.229318181818186,44,0,1201.0,1231.0,1231.0,1201.0,1053.3000000000002,1103.3000000000002
21,41,1246.0,1078.3000000000002,42.86775862068967,58,0,1231.0,1261.0,1261.0,1231.0,1053.3000000000002,1103.3000000000002
21,42,1276.0,1078.3000000000002,40.4227906976744,43,0,1261.0,1291.0,1291.0,1261.0,1053.3000000000002,1103.3000000000002
21,43,1306.0,1078.3000000000002,38.218064516129026,62,0,1291.0,1321.0,1321.0,1291.0,1053.3000000000002,1103.3000000000002
21,44,1336.0,1078.3000000000002,41.937962962962956,54,0,1321.0,1351.0,1351.0,1321.0,1053.3000000000002,1103.3000000000002
21,45,1366.0,1078.3000000000002,40.17225806451612,62,0,1351.0,1381.0,1381.0,1351.0,1053.3000000000002,1103.3000000000002
21,46,1396.0,1078.3000000000002,33.65620253164557,79,0,1381.0,1411.0,1411.0,1381.0,1053.3000000000002,1103.3000000000002
21,47,1426.0,1078.3000000000002,34.03698113207549,53,0,1411.0,1441.0,1441.0,1411.0,1053.3000000000002,1103.3000000000002
21,48,1456.0,1078.3000000000002,42.75270440251571,53,0,1441.0,1471.0,1471.0,1441.0,1053.3000000000002,1103.3000000000002
21,49,1486.0,1078.3000000000002,43.01044444444445,45,0,1471.0,1501.0,1501.0,1471.0,1053.3000000000002,1103.3000000000002
21,50,1516.0,1078.3000000000002,47.805681818181824,44,0,1501.0,1531.0,1531.0,1501.0,1053.3000000000002,1103.3000000000002
21,51,1546.0,1078.3000000000002,53.14170212765958,47,0,1531.0,1561.0,1561.0,1531.0,1053.3000000000002,1103.3000000000002
21,52,1576.0,1078.3000000000002,49.19581818181818,55,0,1561.0,1591.0,1591.0,1561.0,1053.3000000000002,1103.3000000000002
21,53,1606.0,1078.3000000000002,45.79979166666666,48,0,1591.0,1621.0,1621.0,1591.0,1053.3000000000002,1103.3000000000002
21,54,1636.0,1078.3000000000002,44.13901639344263,61,0,1621.0,1651.0,1651.0,1621.0,1053.3000000000002,1103.3000000000002
21,55,1666.0,1078.3000000000002,29.044875,80,0,1651.0,1681.0,1681.0,1651.0,1053.3000000000002,1103.3000000000002
21,56,1696.0,1078.3000000000002,24.70870967741935,93,0,1681.0,1711.0,1711.0,1681.0,1053.3000000000002,1103.3000000000002
21,57,1726.0,1078.3000000000002,30.423950617283946,81,0,1711.0,1741.0,1741.0,1711.0,1053.3000000000002,1103.3000000000002
21,58,1756.0,1078.3000000000002,31.30037735849055,53,0,1741.0,1771.0,1771.0,1741.0,1053.3000000000002,1103.3000000000002
21,59,1786.0,1078.3000000000002,34.57179104477612,67,0,1771.0,1801.0,1801.0,1771.0,1053.3000000000002,1103.3000000000002
21,60,1816.0,1078.3000000000002,31.68434782608696,69,0,1801.0,1831.0,1831.0,1801.0,1053.3000000000002,1103.3000000000002
21,61,1846.0,1078.3000000000002,17.815566037735845,106,0,1831.0,1861.0,1861.0,1831.0,1053.3000000000002,1103.3000000000002
21,62,1876.0,1078.3000000000002,16.62459183673469,98,0,1861.0,1891.0,1891.0,1861.0,1053.3000000000002,1103.3000000000002
21,63,1906.0,1078.3000000000002,23.03458333333333,72,0,1891.0,1921.0,1921.0,1891.0,1053.3000000000002,1103.3000000000002
21,64,1936.0,1078.3000000000002,25.72698630136986,73,0,1921.0,1951.0,1951.0,1921.0,1053.3000000000002,1103.3000000000002
21,65,1966.0,1078.3000000000002,28.388641975308637,81,0,1951.0,1981.0,1981.0,1951.0,1053.3000000000002,1103.3000000000002
21,66,1996.0,1078.3000000000002,26.771692307692316,65,0,1981.0,2011.0,2011.0,1981.0,1053.3000000000002,1103.3000000000002
21,67,2026.0,1078.3000000000002,24.833492063492056,63,0,2011.0,2041.0,2041.0,2011.0,1053.3000000000002,1103.3000000000002
21,68,2056.0,1078.3000000000002,19.248617021276594,94,0,2041.0,2071.0,2071.0,2041.0,1053.3000000000002,1103.3000000000002
21,69,2086.0,1078.3000000000002,19.179125000000006,80,0,2071.0,2101.0,2101.0,2071.0,1053.3000000000002,1103.3000000000002
21,70,2116.0,1078.3000000000002,20.169347826086955,92,0,2101.0,2131.0,2131.0,2101.0,1053.3000000000002,1103.3000000000002
21,71,2146.0,1078.3000000000002,21.79134146341464,82,0,2131.0,2161.0,2161.0,2131.0,1053.3000000000002,1103.3000000000002
21,72,2176.0,1078.3000000000002,18.969358974358972,78,0,2161.0,2191.0,2191.0,2161.0,1053.3000000000002,1103.3000000000002
21,73,2206.0,1078.3000000000002,22.05743902439024,82,0,2191.0,2221.0,2221.0,2191.0,1053.3000000000002,1103.3000000000002
21,74,2236.0,1078.3000000000002,21.909090909090907,88,0,2221.0,2251.0,2251.0,2221.0,1053.3000000000002,1103.3000000000002
21,75,2266.0,1078.3000000000002,16.206727272727278,110,0,2251.0,2281.0,2281.0,2251.0,1053.3000000000002,1103.3000000000002
21,76,2296.0,1078.3000000000002,18.333452380952373,84,0,2281.0,2311.0,2311.0,2281.0,1053.3000000000002,1103.3000000000002
21,77,2326.0,1078.3000000000002,20.73802631578948,76,0,2311.0,2341.0,2341.0,2311.0,1053.3000000000002,1103.3000000000002
21,78,2356.0,1078.3000000000002,18.186046511627907,86,0,2341.0,2371.0,2371.0,2341.0,1053.3000000000002,1103.3000000000002
21,79,2386.0,1078.3000000000002,21.901527777777776,72,0,2371.0,2401.0,2401.0,2371.0,1053.3000000000002,1103.3000000000002
21,80,2416.0,1078.3000000000002,26.080845070422534,71,0,2401.0,2431.0,2431.0,2401.0,1053.3000000000002,1103.3000000000002
21,81,2446.0,1078.3000000000002,28.853384615384623,65,0,2431.0,2461.0,2461.0,2431.0,1053.3000000000002,1103.3000000000002
21,82,2476.0,1078.3000000000002,26.346022727272736,88,0,2461.0,2491.0,2491.0,2461.0,1053.3000000000002,1103.3000000000002
21,83,2506.0,1078.3000000000002,26.068611111111117,72,0,2491.0,2521.0,2521.0,2491.0,1053.3000000000002,1103.3000000000002
21,84,2536.0,1078.3000000000002,21.507160493827172,81,0,2521.0,2551.0,2551.0,2521.0,1053.3000000000002,1103.3000000000002
21,85,2566.0,1078.3000000000002,18.2619587628866,97,0,2551.0,2581.0,2581.0,2551.0,1053.3000000000002,1103.3000000000002
21,86,2596.0,1078.3000000000002,19.4575,96,0,2581.0,2611.0,2611.0,2581.0,1053.3000000000002,1103.3000000000002
21,87,2626.0,1078.3000000000002,25.563176470588225,85,0,2611.0,2641.0,2641.0,2611.0,1053.3000000000002,1103.3000000000002
21,88,2656.0,1078.3000000000002,28.121587301587304,63,0,2641.0,2671.0,2671.0,2641.0,1053.3000000000002,1103.3000000000002
21,89,2686.0,1078.3000000000002,28.48194805194805,77,0,2671.0,2701.0,2701.0,2671.0,1053.3000000000002,1103.3000000000002
21,90,2716.0,1078.3000000000002,28.35348484848484,66,0,2701.0,2731.0,2731.0,2701.0,1053.3000000000002,1103.3000000000002
21,91,2746.0,1078.3000000000002,22.508275862068967,87,0,2731.0,2761.0,2761.0,2731.0,1053.3000000000002,1103.3000000000002
21,92,2776.0,1078.3000000000002,20.91325581395348,86,0,2761.0,2791.0,2791.0,2761.0,1053.3000000000002,1103.3000000000002
21,93,2806.0,1078.3000000000002,27.65440000000001,75,0,2791.0,2821.0,2821.0,2791.0,1053.3000000000002,1103.3000000000002
21,94,2836.0,1078.3000000000002,26.208461538461542,78,0,2821.0,2851.0,2851.0,2821.0,1053.3000000000002,1103.3000000000002
21,95,2866.0,1078.3000000000002,22.309659090909097,88,0,2851.0,2881.0,2881.0,2851.0,1053.3000000000002,1103.3000000000002
21,96,2896.0,1078.3000000000002,19.804375000000007,80,0,2881.0,2911.0,2911.0,2881.0,1053.3000000000002,1103.3000000000002
21,97,2926.0,1078.3000000000002,25.448571428571434,91,0,2911.0,2941.0,2941.0,2911.0,1053.3000000000002,1103.3000000000002
21,98,2956.0,1078.3000000000002,25.42060240963856,83,0,2941.0,2971.0,2971.0,2941.0,1053.3000000000002,1103.3000000000002
21,99,2986.0,1078.3000000000002,24.055795454545454,88,0,2971.0,3001.0,3001.0,2971.0,1053.3000000000002,1103.3000000000002
21,100,3016.0,1078.3000000000002,23.982777777777777,90,0,3001.0,3031.0,3031.0,3001.0,1053.3000000000002,1103.3000000000002
21,101,3046.0,1078.3000000000002,28.057857142857145,70,0,3031.0,3061.0,3061.0,3031.0,1053.3000000000002,1103.3000000000002
21,102,3076.0,1078.3000000000002,26.419999999999995,92,0,3061.0,3091.0,3091.0,3061.0,1053.3000000000002,1103.3000000000002
21,103,3106.0,1078.3000000000002,19.97885057471265,87,0,3091.0,3121.0,3121.0,3091.0,1053.3000000000002,1103.3000000000002
21,104,3136.0,1078.3000000000002,21.543970588235297,68,0,3121.0,3151.0,3151.0,3121.0,1053.3000000000002,1103.3000000000002
21,105,3166.0,1078.3000000000002,15.748759811616965,91,0,3151.0,3181.0,3181.0,3151.0,1053.3000000000002,1103.3000000000002
21,106,3196.0,1078.3000000000002,13.487816091954027,87,0,3181.0,3211.0,3211.0,3181.0,1053.3000000000002,1103.3000000000002
21,107,3226.0,1078.3000000000002,19.70939999999999,100,0,3211.0,3241.0,3241.0,3211.0,1053.3000000000002,1103.3000000000002
21,108,3256.0,1078.3000000000002,21.28146341463414,82,0,3241.0,3271.0,3271.0,3241.0,1053.3000000000002,1103.3000000000002
21,109,3286.0,1078.3000000000002,16.20861702127659,94,0,3271.0,3301.0,3301.0,3271.0,1053.3000000000002,1103.3000000000002
21,110,3316.0,1078.3000000000002,17.02857142857143,91,0,3301.0,3331.0,3331.0,3301.0,1053.3000000000002,1103.3000000000002
21,111,3346.0,1078.3000000000002,12.604311926605506,109,0,3331.0,3361.0,3361.0,3331.0,1053.3000000000002,1103.3000000000002
21,112,3376.0,1078.3000000000002,23.90512820512821,78,0,3361.0,3391.0,3391.0,3361.0,1053.3000000000002,1103.3000000000002
21,113,3406.0,1078.3000000000002,23.665131578947378,76,0,3391.0,3421.0,3421.0,3391.0,1053.3000000000002,1103.3000000000002
21,114,3436.0,1078.3000000000002,27.44238095238096,84,0,3421.0,3451.0,3451.0,3421.0,1053.3000000000002,1103.3000000000002
21,115,3466.0,1078.3000000000002,24.611639344262294,61,0,3451.0,3481.0,3481.0,3451.0,1053.3000000000002,1103.3000000000002
21,116,3496.0,1078.3000000000002,20.063132530120477,83,0,3481.0,3511.0,3511.0,3481.0,1053.3000000000002,1103.3000000000002
21,117,3526.0,1078.3000000000002,21.77111111111111,90,0,3511.0,3541.0,3541.0,3511.0,1053.3000000000002,1103.3000000000002
21,118,3556.0,1078.3000000000002,24.322823529411764,85,0,3541.0,3571.0,3571.0,3541.0,1053.3000000000002,1103.3000000000002
21,119,3586.0,1078.3000000000002,17.67989690721649,97,0,3571.0,3601.0,3601.0,3571.0,1053.3000000000002,1103.3000000000002
21,120,3616.0,1078.3000000000002,19.708095238095222,84,0,3601.0,3631.0,3631.0,3601.0,1053.3000000000002,1103.3000000000002
21,121,3646.0,1078.3000000000002,28.299999999999997,77,0,3631.0,3661.0,3661.0,3631.0,1053.3000000000002,1103.3000000000002
21,122,3676.0,1078.3000000000002,27.89937500000001,64,0,3661.0,3691.0,3691.0,3661.0,1053.3000000000002,1103.3000000000002
21,123,3706.0,1078.3000000000002,24.56513513513513,74,0,3691.0,3721.0,3721.0,3691.0,1053.3000000000002,1103.3000000000002
21,124,3736.0,1078.3000000000002,24.17,27,0,3721.0,3751.0,3751.0,3721.0,1053.3000000000002,1103.3000000000002
21,125,3766.0,1078.3000000000002,,0,0,3751.0,3781.0,3781.0,3751.0,1053.3000000000002,1103.3000000000002
21,126,3796.0,1078.3000000000002,,0,0,3781.0,3811.0,3811.0,3781.0,1053.3000000000002,1103.3000000000002
21,127,3826.0,1078.3000000000002,,0,0,3811.0,3841.0,3841.0,3811.0,1053.3000000000002,1103.3000000000002
22,0,16.0,1128.3000000000002,65.555,16,0,1.0,31.0,31.0,1.0,1103.3000000000002,1153.3000000000002
22,1,46.0,1128.3000000000002,65.97545454545455,22,0,31.0,61.0,61.0,31.0,1103.3000000000002,1153.3000000000002
22,2,76.0,1128.3000000000002,68.1,15,0,61.0,91.0,91.0,61.0,1103.3000000000002,1153.3000000000002
22,3,106.0,1128.3000000000002,74.645,12,0,91.0,121.0,121.0,91.0,1103.3000000000002,1153.3000000000002
22,4,136.0,1128.3000000000002,55.670769230769224,26,0,121.0,151.0,151.0,121.0,1103.3000000000002,1153.3000000000002
22,5,166.0,1128.3000000000002,56.96893617021279,47,0,151.0,181.0,181.0,151.0,1103.3000000000002,1153.3000000000002
22,6,196.0,1128.3000000000002,67.17281249999998,32,0,181.0,211.0,211.0,181.0,1103.3000000000002,1153.3000000000002
22,7,226.0,1128.3000000000002,70.92647058823529,17,0,211.0,241.0,241.0,211.0,1103.3000000000002,1153.3000000000002
22,8,256.0,1128.3000000000002,69.79218750000001,32,0,241.0,271.0,271.0,241.0,1103.3000000000002,1153.3000000000002
22,9,286.0,1128.3000000000002,67.93363636363637,11,0,271.0,301.0,301.0,271.0,1103.3000000000002,1153.3000000000002
22,10,316.0,1128.3000000000002,62.01884615384615,26,0,301.0,331.0,331.0,301.0,1103.3000000000002,1153.3000000000002
22,11,346.0,1128.3000000000002,64.09111111111112,18,0,331.0,361.0,361.0,331.0,1103.3000000000002,1153.3000000000002
22,12,376.0,1128.3000000000002,73.73636363636363,11,0,361.0,391.0,391.0,361.0,1103.3000000000002,1153.3000000000002
22,13,406.0,1128.3000000000002,67.16875,8,0,391.0,421.0,421.0,391.0,1103.3000000000002,1153.3000000000002
22,14,436.0,1128.3000000000002,69.52125,8,0,421.0,451.0,451.0,421.0,1103.3000000000002,1153.3000000000002
22,15,466.0,1128.3000000000002,56.95695652173913,46,0,451.0,481.0,481.0,451.0,1103.3000000000002,1153.3000000000002
22,16,496.0,1128.3000000000002,57.74030303030302,33,0,481.0,511.0,511.0,481.0,1103.3000000000002,1153.3000000000002
22,17,526.0,1128.3000000000002,59.78771428571429,35,0,511.0,541.0,541.0,511.0,1103.3000000000002,1153.3000000000002
22,18,556.0,1128.3000000000002,61.947941176470586,34,0,541.0,571.0,571.0,541.0,1103.3000000000002,1153.3000000000002
22,19,586.0,1128.3000000000002,61.08781249999999,32,0,571.0,601.0,601.0,571.0,1103.3000000000002,1153.3000000000002
22,20,616.0,1128.3000000000002,58.7378231292517,42,0,601.0,631.0,631.0,601.0,1103.3000000000002,1153.3000000000002
22,21,646.0,1128.3000000000002,63.95035714285715,28,0,631.0,661.0,661.0,631.0,1103.3000000000002,1153.3000000000002
22,22,676.0,1128.3000000000002,57.02529411764705,51,0,661.0,691.0,691.0,661.0,1103.3000000000002,1153.3000000000002
22,23,706.0,1128.3000000000002,61.233846153846144,26,0,691.0,721.0,721.0,691.0,1103.3000000000002,1153.3000000000002
22,24,736.0,1128.3000000000002,62.643076923076926,13,0,721.0,751.0,751.0,721.0,1103.3000000000002,1153.3000000000002
22,25,766.0,1128.3000000000002,52.952962962962935,54,0,751.0,781.0,781.0,751.0,1103.3000000000002,1153.3000000000002
22,26,796.0,1128.3000000000002,57.46171428571427,35,0,781.0,811.0,811.0,781.0,1103.3000000000002,1153.3000000000002
22,27,826.0,1128.3000000000002,54.97290322580644,31,0,811.0,841.0,841.0,811.0,1103.3000000000002,1153.3000000000002
22,28,856.0,1128.3000000000002,49.762244897959185,49,0,841.0,871.0,871.0,841.0,1103.3000000000002,1153.3000000000002
22,29,886.0,1128.3000000000002,51.201904761904764,42,0,871.0,901.0,901.0,871.0,1103.3000000000002,1153.3000000000002
22,30,916.0,1128.3000000000002,43.50777777777778,54,0,901.0,931.0,931.0,901.0,1103.3000000000002,1153.3000000000002
22,31,946.0,1128.3000000000002,52.4169696969697,33,0,931.0,961.0,961.0,931.0,1103.3000000000002,1153.3000000000002
22,32,976.0,1128.3000000000002,46.23037735849058,53,0,961.0,991.0,991.0,961.0,1103.3000000000002,1153.3000000000002
22,33,1006.0,1128.3000000000002,40.53955555555555,45,0,991.0,1021.0,1021.0,991.0,1103.3000000000002,1153.3000000000002
22,34,1036.0,1128.3000000000002,46.41857142857142,42,0,1021.0,1051.0,1051.0,1021.0,1103.3000000000002,1153.3000000000002
22,35,1066.0,1128.3000000000002,34.384029850746266,67,0,1051.0,1081.0,1081.0,1051.0,1103.3000000000002,1153.3000000000002
22,36,1096.0,1128.3000000000002,29.024657534246565,73,0,1081.0,1111.0,1111.0,1081.0,1103.3000000000002,1153.3000000000002
22,37,1126.0,1128.3000000000002,29.375316455696204,79,0,1111.0,1141.0,1141.0,1111.0,1103.3000000000002,1153.3000000000002
22,38,1156.0,1128.3000000000002,33.65183908045977,87,0,1141.0,1171.0,1171.0,1141.0,1103.3000000000002,1153.3000000000002
22,39,1186.0,1128.3000000000002,31.658823529411766,51,0,1171.0,1201.0,1201.0,1171.0,1103.3000000000002,1153.3000000000002
22,40,1216.0,1128.3000000000002,48.725675675675674,37,0,1201.0,1231.0,1231.0,1201.0,1103.3000000000002,1153.3000000000002
22,41,1246.0,1128.3000000000002,40.82018181818182,55,0,1231.0,1261.0,1261.0,1231.0,1103.3000000000002,1153.3000000000002
22,42,1276.0,1128.3000000000002,42.68018292682926,41,0,1261.0,1291.0,1291.0,1261.0,1103.3000000000002,1153.3000000000002
22,43,1306.0,1128.3000000000002,40.72015384615384,65,0,1291.0,1321.0,1321.0,1291.0,1103.3000000000002,1153.3000000000002
22,44,1336.0,1128.3000000000002,41.92686274509804,51,0,1321.0,1351.0,1351.0,1321.0,1103.3000000000002,1153.3000000000002
22,45,1366.0,1128.3000000000002,38.48625000000001,64,0,1351.0,1381.0,1381.0,1351.0,1103.3000000000002,1153.3000000000002
22,46,1396.0,1128.3000000000002,33.27379746835444,79,0,1381.0,1411.0,1411.0,1381.0,1103.3000000000002,1153.3000000000002
22,47,1426.0,1128.3000000000002,36.038620689655176,58,0,1411.0,1441.0,1441.0,1411.0,1103.3000000000002,1153.3000000000002
22,48,1456.0,1128.3000000000002,42.39244444444444,45,0,1441.0,1471.0,1471.0,1441.0,1103.3000000000002,1153.3000000000002
22,49,1486.0,1128.3000000000002,43.309038461538464,52,0,1471.0,1501.0,1501.0,1471.0,1103.3000000000002,1153.3000000000002
22,50,1516.0,1128.3000000000002,46.9944,50,0,1501.0,1531.0,1531.0,1501.0,1103.3000000000002,1153.3000000000002
22,51,1546.0,1128.3000000000002,51.20891304347824,46,0,1531.0,1561.0,1561.0,1531.0,1103.3000000000002,1153.3000000000002
22,52,1576.0,1128.3000000000002,46.05178571428571,56,0,1561.0,1591.0,1591.0,1561.0,1103.3000000000002,1153.3000000000002
22,53,1606.0,1128.3000000000002,41.21775510204081,49,0,1591.0,1621.0,1621.0,1591.0,1103.3000000000002,1153.3000000000002
22,54,1636.0,1128.3000000000002,36.671971830985925,71,0,1621.0,1651.0,1651.0,1621.0,1103.3000000000002,1153.3000000000002
22,55,1666.0,1128.3000000000002,20.328125000000004,96,0,1651.0,1681.0,1681.0,1651.0,1103.3000000000002,1153.3000000000002
22,56,1696.0,1128.3000000000002,24.31843373493976,83,0,1681.0,1711.0,1711.0,1681.0,1103.3000000000002,1153.3000000000002
22,57,1726.0,1128.3000000000002,26.059285714285714,84,0,1711.0,1741.0,1741.0,1711.0,1103.3000000000002,1153.3000000000002
22,58,1756.0,1128.3000000000002,31.343387096774197,62,0,1741.0,1771.0,1771.0,1741.0,1103.3000000000002,1153.3000000000002
22,59,1786.0,1128.3000000000002,35.915283018867925,53,0,1771.0,1801.0,1801.0,1771.0,1103.3000000000002,1153.3000000000002
22,60,1816.0,1128.3000000000002,28.699726027397258,73,0,1801.0,1831.0,1831.0,1801.0,1103.3000000000002,1153.3000000000002
22,61,1846.0,1128.3000000000002,15.038446601941743,103,0,1831.0,1861.0,1861.0,1831.0,1103.3000000000002,1153.3000000000002
22,62,1876.0,1128.3000000000002,16.395959595959596,99,0,1861.0,1891.0,1891.0,1861.0,1103.3000000000002,1153.3000000000002
22,63,1906.0,1128.3000000000002,23.52985915492958,71,0,1891.0,1921.0,1921.0,1891.0,1103.3000000000002,1153.3000000000002
22,64,1936.0,1128.3000000000002,30.80544117647058,68,0,1921.0,1951.0,1951.0,1921.0,1103.3000000000002,1153.3000000000002
22,65,1966.0,1128.3000000000002,29.414166666666663,72,0,1951.0,1981.0,1981.0,1951.0,1103.3000000000002,1153.3000000000002
22,66,1996.0,1128.3000000000002,28.950000000000006,63,0,1981.0,2011.0,2011.0,1981.0,1103.3000000000002,1153.3000000000002
22,67,2026.0,1128.3000000000002,29.942131147540984,61,0,2011.0,2041.0,2041.0,2011.0,1103.3000000000002,1153.3000000000002
22,68,2056.0,1128.3000000000002,23.09466666666668,60,0,2041.0,2071.0,2071.0,2041.0,1103.3000000000002,1153.3000000000002
22,69,2086.0,1128.3000000000002,23.993750000000002,72,0,2071.0,2101.0,2101.0,2071.0,1103.3000000000002,1153.3000000000002
22,70,2116.0,1128.3000000000002,21.835124999999998,80,0,2101.0,2131.0,2131.0,2101.0,1103.3000000000002,1153.3000000000002
22,71,2146.0,1128.3000000000002,19.462673267326736,101,0,2131.0,2161.0,2161.0,2131.0,1103.3000000000002,1153.3000000000002
22,72,2176.0,1128.3000000000002,23.545370370370378,54,0,2161.0,2191.0,2191.0,2161.0,1103.3000000000002,1153.3000000000002
22,73,2206.0,1128.3000000000002,23.578414634146345,82,0,2191.0,2221.0,2221.0,2191.0,1103.3000000000002,1153.3000000000002
22,74,2236.0,1128.3000000000002,22.768791208791203,91,0,2221.0,2251.0,2251.0,2221.0,1103.3000000000002,1153.3000000000002
22,75,2266.0,1128.3000000000002,15.454259259259263,108,0,2251.0,2281.0,2281.0,2251.0,1103.3000000000002,1153.3000000000002
22,76,2296.0,1128.3000000000002,22.898125,80,0,2281.0,2311.0,2311.0,2281.0,1103.3000000000002,1153.3000000000002
22,77,2326.0,1128.3000000000002,24.83551724137932,58,0,2311.0,2341.0,2341.0,2311.0,1103.3000000000002,1153.3000000000002
22,78,2356.0,1128.3000000000002,21.746428571428574,70,0,2341.0,2371.0,2371.0,2341.0,1103.3000000000002,1153.3000000000002
22,79,2386.0,1128.3000000000002,20.27675,80,0,2371.0,2401.0,2401.0,2371.0,1103.3000000000002,1153.3000000000002
22,80,2416.0,1128.3000000000002,29.345833333333335,60,0,2401.0,2431.0,2431.0,2401.0,1103.3000000000002,1153.3000000000002
22,81,2446.0,1128.3000000000002,32.7204761904762,63,0,2431.0,2461.0,2461.0,2431.0,1103.3000000000002,1153.3000000000002
22,82,2476.0,1128.3000000000002,33.94527777777778,72,0,2461.0,2491.0,2491.0,2461.0,1103.3000000000002,1153.3000000000002
22,83,2506.0,1128.3000000000002,31.58733333333333,60,0,2491.0,2521.0,2521.0,2491.0,1103.3000000000002,1153.3000000000002
22,84,2536.0,1128.3000000000002,19.718913043478256,92,0,2521.0,2551.0,2551.0,2521.0,1103.3000000000002,1153.3000000000002
22,85,2566.0,1128.3000000000002,20.083023255813956,86,0,2551.0,2581.0,2581.0,2551.0,1103.3000000000002,1153.3000000000002
22,86,2596.0,1128.3000000000002,23.476951219512188,82,0,2581.0,2611.0,2611.0,2581.0,1103.3000000000002,1153.3000000000002
22,87,2626.0,1128.3000000000002,27.276630434782607,92,0,2611.0,2641.0,2641.0,2611.0,1103.3000000000002,1153.3000000000002
22,88,2656.0,1128.3000000000002,31.698749999999993,56,0,2641.0,2671.0,2671.0,2641.0,1103.3000000000002,1153.3000000000002
22,89,2686.0,1128.3000000000002,27.958378378378374,74,0,2671.0,2701.0,2701.0,2671.0,1103.3000000000002,1153.3000000000002
22,90,2716.0,1128.3000000000002,27.75359375,64,0,2701.0,2731.0,2731.0,2701.0,1103.3000000000002,1153.3000000000002
22,91,2746.0,1128.3000000000002,20.735568181818184,88,0,2731.0,2761.0,2761.0,2731.0,1103.3000000000002,1153.3000000000002
22,92,2776.0,1128.3000000000002,25.685945945945956,74,0,2761.0,2791.0,2791.0,2761.0,1103.3000000000002,1153.3000000000002
22,93,2806.0,1128.3000000000002,32.41186666666665,75,0,2791.0,2821.0,2821.0,2791.0,1103.3000000000002,1153.3000000000002
22,94,2836.0,1128.3000000000002,33.895737704918034,61,0,2821.0,2851.0,2851.0,2821.0,1103.3000000000002,1153.3000000000002
22,95,2866.0,1128.3000000000002,28.147727272727263,66,0,2851.0,2881.0,2881.0,2851.0,1103.3000000000002,1153.3000000000002
22,96,2896.0,1128.3000000000002,27.5876923076923,65,0,2881.0,2911.0,2911.0,2881.0,1103.3000000000002,1153.3000000000002
22,97,2926.0,1128.3000000000002,32.503194444444446,72,0,2911.0,2941.0,2941.0,2911.0,1103.3000000000002,1153.3000000000002
22,98,2956.0,1128.3000000000002,31.811506849315073,73,0,2941.0,2971.0,2971.0,2941.0,1103.3000000000002,1153.3000000000002
22,99,2986.0,1128.3000000000002,30.58,69,0,2971.0,3001.0,3001.0,2971.0,1103.3000000000002,1153.3000000000002
22,100,3016.0,1128.3000000000002,30.8950684931507,73,0,3001.0,3031.0,3031.0,3001.0,1103.3000000000002,1153.3000000000002
22,101,3046.0,1128.3000000000002,32.16224137931035,58,0,3031.0,3061.0,3061.0,3031.0,1103.3000000000002,1153.3000000000002
22,102,3076.0,1128.3000000000002,25.96526315789474,95,0,3061.0,3091.0,3091.0,3061.0,1103.3000000000002,1153.3000000000002
22,103,3106.0,1128.3000000000002,24.736623376623378,77,0,3091.0,3121.0,3121.0,3091.0,1103.3000000000002,1153.3000000000002
22,104,3136.0,1128.3000000000002,23.089827586206898,58,0,3121.0,3151.0,3151.0,3121.0,1103.3000000000002,1153.3000000000002
22,105,3166.0,1128.3000000000002,15.468863636363631,88,0,3151.0,3181.0,3181.0,3151.0,1103.3000000000002,1153.3000000000002
22,106,3196.0,1128.3000000000002,18.57859375,64,0,3181.0,3211.0,3211.0,3181.0,1103.3000000000002,1153.3000000000002
22,107,3226.0,1128.3000000000002,25.522499999999997,76,0,3211.0,3241.0,3241.0,3211.0,1103.3000000000002,1153.3000000000002
22,108,3256.0,1128.3000000000002,20.568433734939752,83,0,3241.0,3271.0,3271.0,3241.0,1103.3000000000002,1153.3000000000002
22,109,3286.0,1128.3000000000002,16.504639175257726,97,0,3271.0,3301.0,3301.0,3271.0,1103.3000000000002,1153.3000000000002
22,110,3316.0,1128.3000000000002,12.043781512605042,119,0,3301.0,3331.0,3331.0,3301.0,1103.3000000000002,1153.3000000000002
22,111,3346.0,1128.3000000000002,20.559397590361442,83,0,3331.0,3361.0,3361.0,3331.0,1103.3000000000002,1153.3000000000002
22,112,3376.0,1128.3000000000002,28.62414285714286,70,0,3361.0,3391.0,3391.0,3361.0,1103.3000000000002,1153.3000000000002
22,113,3406.0,1128.3000000000002,28.44876923076924,65,0,3391.0,3421.0,3421.0,3391.0,1103.3000000000002,1153.3000000000002
22,114,3436.0,1128.3000000000002,30.67125000000001,72,0,3421.0,3451.0,3451.0,3421.0,1103.3000000000002,1153.3000000000002
22,115,3466.0,1128.3000000000002,26.802162162162166,74,0,3451.0,3481.0,3481.0,3451.0,1103.3000000000002,1153.3000000000002
22,116,3496.0,1128.3000000000002,21.04940298507463,67,0,3481.0,3511.0,3511.0,3481.0,1103.3000000000002,1153.3000000000002
22,117,3526.0,1128.3000000000002,27.16063291139242,79,0,3511.0,3541.0,3541.0,3511.0,1103.3000000000002,1153.3000000000002
22,118,3556.0,1128.3000000000002,28.74605633802816,71,0,3541.0,3571.0,3571.0,3541.0,1103.3000000000002,1153.3000000000002
22,119,3586.0,1128.3000000000002,23.44986666666666,75,0,3571.0,3601.0,3601.0,3571.0,1103.3000000000002,1153.3000000000002
22,120,3616.0,1128.3000000000002,22.06505747126437,87,0,3601.0,3631.0,3631.0,3601.0,1103.3000000000002,1153.3000000000002
22,121,3646.0,1128.3000000000002,29.918181818181814,77,0,3631.0,3661.0,3661.0,3631.0,1103.3000000000002,1153.3000000000002
22,122,3676.0,1128.3000000000002,27.898253968253968,63,0,3661.0,3691.0,3691.0,3661.0,1103.3000000000002,1153.3000000000002
22,123,3706.0,1128.3000000000002,23.630136986301373,73,0,3691.0,3721.0,3721.0,3691.0,1103.3000000000002,1153.3000000000002
22,124,3736.0,1128.3000000000002,22.29470588235294,51,0,3721.0,3751.0,3751.0,3721.0,1103.3000000000002,1153.3000000000002
22,125,3766.0,1128.3000000000002,,0,0,3751.0,3781.0,3781.0,3751.0,1103.3000000000002,1153.3000000000002
22,126,3796.0,1128.3000000000002,,0,0,3781.0,3811.0,3811.0,3781.0,1103.3000000000002,1153.3000000000002
22,127,3826.0,1128.3000000000002,,0,0,3811.0,3841.0,3841.0,3811.0,1103.3000000000002,1153.3000000000002
23,0,16.0,1178.3000000000002,68.60249999999999,20,0,1.0,31.0,31.0,1.0,1153.3000000000002,1203.3000000000002
23,1,46.0,1178.3000000000002,66.48736842105264,19,0,31.0,61.0,61.0,31.0,1153.3000000000002,1203.3000000000002
23,2,76.0,1178.3000000000002,70.32499999999999,18,0,61.0,91.0,91.0,61.0,1153.3000000000002,1203.3000000000002
23,3,106.0,1178.3000000000002,74.26636363636364,11,0,91.0,121.0,121.0,91.0,1153.3000000000002,1203.3000000000002
23,4,136.0,1178.3000000000002,57.834999999999994,20,0,121.0,151.0,151.0,121.0,1153.3000000000002,1203.3000000000002
23,5,166.0,1178.3000000000002,57.530384615384605,52,0,151.0,181.0,181.0,151.0,1153.3000000000002,1203.3000000000002
23,6,196.0,1178.3000000000002,66.66516129032257,31,0,181.0,211.0,211.0,181.0,1153.3000000000002,1203.3000000000002
23,7,226.0,1178.3000000000002,71.54545454545455,11,0,211.0,241.0,241.0,211.0,1153.3000000000002,1203.3000000000002
23,8,256.0,1178.3000000000002,68.79294117647058,34,0,241.0,271.0,271.0,241.0,1153.3000000000002,1203.3000000000002
23,9,286.0,1178.3000000000002,69.57,11,0,271.0,301.0,301.0,271.0,1153.3000000000002,1203.3000000000002
23,10,316.0,1178.3000000000002,61.345384615384596,26,0,301.0,331.0,331.0,301.0,1153.3000000000002,1203.3000000000002
23,11,346.0,1178.3000000000002,66.36642857142856,14,0,331.0,361.0,361.0,331.0,1153.3000000000002,1203.3000000000002
23,12,376.0,1178.3000000000002,73.26,10,0,361.0,391.0,391.0,361.0,1153.3000000000002,1203.3000000000002
23,13,406.0,1178.3000000000002,67.595,8,0,391.0,421.0,421.0,391.0,1153.3000000000002,1203.3000000000002
23,14,436.0,1178.3000000000002,71.00444444444445,9,0,421.0,451.0,451.0,421.0,1153.3000000000002,1203.3000000000002
23,15,466.0,1178.3000000000002,55.466153846153844,39,0,451.0,481.0,481.0,451.0,1153.3000000000002,1203.3000000000002
23,16,496.0,1178.3000000000002,57.561142857142855,35,0,481.0,511.0,511.0,481.0,1153.3000000000002,1203.3000000000002
23,17,526.0,1178.3000000000002,60.43821428571429,28,0,511.0,541.0,541.0,511.0,1153.3000000000002,1203.3000000000002
23,18,556.0,1178.3000000000002,61.39685714285714,35,0,541.0,571.0,571.0,541.0,1153.3000000000002,1203.3000000000002
23,19,586.0,1178.3000000000002,59.73606060606062,33,0,571.0,601.0,601.0,571.0,1153.3000000000002,1203.3000000000002
23,20,616.0,1178.3000000000002,57.24947368421053,38,0,601.0,631.0,631.0,601.0,1153.3000000000002,1203.3000000000002
23,21,646.0,1178.3000000000002,62.165714285714294,35,0,631.0,661.0,661.0,631.0,1153.3000000000002,1203.3000000000002
23,22,676.0,1178.3000000000002,56.5927906976744,43,0,661.0,691.0,691.0,661.0,1153.3000000000002,1203.3000000000002
23,23,706.0,1178.3000000000002,56.918000000000006,35,0,691.0,721.0,721.0,691.0,1153.3000000000002,1203.3000000000002
23,24,736.0,1178.3000000000002,58.97857142857142,14,0,721.0,751.0,751.0,721.0,1153.3000000000002,1203.3000000000002
23,25,766.0,1178.3000000000002,53.17660000000001,50,0,751.0,781.0,781.0,751.0,1153.3000000000002,1203.3000000000002
23,26,796.0,1178.3000000000002,57.16424242424242,33,0,781.0,811.0,811.0,781.0,1153.3000000000002,1203.3000000000002
23,27,826.0,1178.3000000000002,55.67718750000001,32,0,811.0,841.0,841.0,811.0,1153.3000000000002,1203.3000000000002
23,28,856.0,1178.3000000000002,48.20763636363637,55,0,841.0,871.0,871.0,841.0,1153.3000000000002,1203.3000000000002
23,29,886.0,1178.3000000000002,50.31177777777776,45,0,871.0,901.0,901.0,871.0,1153.3000000000002,1203.3000000000002
23,30,916.0,1178.3000000000002,46.02122448979593,49,0,901.0,931.0,931.0,901.0,1153.3000000000002,1203.3000000000002
23,31,946.0,1178.3000000000002,50.0521052631579,38,0,931.0,961.0,961.0,931.0,1153.3000000000002,1203.3000000000002
23,32,976.0,1178.3000000000002,45.747454545454545,55,0,961.0,991.0,991.0,961.0,1153.3000000000002,1203.3000000000002
23,33,1006.0,1178.3000000000002,37.42913793103448,58,0,991.0,1021.0,1021.0,991.0,1153.3000000000002,1203.3000000000002
23,34,1036.0,1178.3000000000002,41.94574468085107,47,0,1021.0,1051.0,1051.0,1021.0,1153.3000000000002,1203.3000000000002
23,35,1066.0,1178.3000000000002,38.001666666666665,48,0,1051.0,1081.0,1081.0,1051.0,1153.3000000000002,1203.3000000000002
23,36,1096.0,1178.3000000000002,35.90590163934425,61,0,1081.0,1111.0,1111.0,1081.0,1153.3000000000002,1203.3000000000002
23,37,1126.0,1178.3000000000002,36.05049180327868,61,0,1111.0,1141.0,1141.0,1111.0,1153.3000000000002,1203.3000000000002
23,38,1156.0,1178.3000000000002,37.0538961038961,77,0,1141.0,1171.0,1171.0,1141.0,1153.3000000000002,1203.3000000000002
23,39,1186.0,1178.3000000000002,34.895500000000006,60,0,1171.0,1201.0,1201.0,1171.0,1153.3000000000002,1203.3000000000002
23,40,1216.0,1178.3000000000002,49.77441176470589,34,0,1201.0,1231.0,1231.0,1201.0,1153.3000000000002,1203.3000000000002
23,41,1246.0,1178.3000000000002,42.83673469387755,49,0,1231.0,1261.0,1261.0,1231.0,1153.3000000000002,1203.3000000000002
23,42,1276.0,1178.3000000000002,43.458717948717954,39,0,1261.0,1291.0,1291.0,1261.0,1153.3000000000002,1203.3000000000002
23,43,1306.0,1178.3000000000002,42.728703703703694,54,0,1291.0,1321.0,1321.0,1291.0,1153.3000000000002,1203.3000000000002
23,44,1336.0,1178.3000000000002,42.785599999999995,50,0,1321.0,1351.0,1351.0,1321.0,1153.3000000000002,1203.3000000000002
23,45,1366.0,1178.3000000000002,39.05103448275864,58,0,1351.0,1381.0,1381.0,1351.0,1153.3000000000002,1203.3000000000002
23,46,1396.0,1178.3000000000002,35.18230769230771,78,0,1381.0,1411.0,1411.0,1381.0,1153.3000000000002,1203.3000000000002
23,47,1426.0,1178.3000000000002,38.86962264150943,53,0,1411.0,1441.0,1441.0,1411.0,1153.3000000000002,1203.3000000000002
23,48,1456.0,1178.3000000000002,43.123124999999995,48,0,1441.0,1471.0,1471.0,1441.0,1153.3000000000002,1203.3000000000002
23,49,1486.0,1178.3000000000002,44.94708333333332,48,0,1471.0,1501.0,1501.0,1471.0,1153.3000000000002,1203.3000000000002
23,50,1516.0,1178.3000000000002,47.75075471698111,53,0,1501.0,1531.0,1531.0,1501.0,1153.3000000000002,1203.3000000000002
23,51,1546.0,1178.3000000000002,49.259750000000004,40,0,1531.0,1561.0,1561.0,1531.0,1153.3000000000002,1203.3000000000002
23,52,1576.0,1178.3000000000002,44.544814814814806,54,0,1561.0,1591.0,1591.0,1561.0,1153.3000000000002,1203.3000000000002
23,53,1606.0,1178.3000000000002,39.742830188679235,53,0,1591.0,1621.0,1621.0,1591.0,1153.3000000000002,1203.3000000000002
23,54,1636.0,1178.3000000000002,31.911500000000007,80,0,1621.0,1651.0,1651.0,1621.0,1153.3000000000002,1203.3000000000002
23,55,1666.0,1178.3000000000002,18.679052631578948,95,0,1651.0,1681.0,1681.0,1651.0,1153.3000000000002,1203.3000000000002
23,56,1696.0,1178.3000000000002,30.91388059701492,67,0,1681.0,1711.0,1711.0,1681.0,1153.3000000000002,1203.3000000000002
23,57,1726.0,1178.3000000000002,31.091578947368415,76,0,1711.0,1741.0,1741.0,1711.0,1153.3000000000002,1203.3000000000002
23,58,1756.0,1178.3000000000002,33.3544262295082,61,0,1741.0,1771.0,1771.0,1741.0,1153.3000000000002,1203.3000000000002
23,59,1786.0,1178.3000000000002,35.04017857142857,56,0,1771.0,1801.0,1801.0,1771.0,1153.3000000000002,1203.3000000000002
23,60,1816.0,1178.3000000000002,23.01,100,0,1801.0,1831.0,1831.0,1801.0,1153.3000000000002,1203.3000000000002
23,61,1846.0,1178.3000000000002,15.692688172043006,93,0,1831.0,1861.0,1861.0,1831.0,1153.3000000000002,1203.3000000000002
23,62,1876.0,1178.3000000000002,18.392178217821776,101,0,1861.0,1891.0,1891.0,1861.0,1153.3000000000002,1203.3000000000002
23,63,1906.0,1178.3000000000002,25.854868421052622,76,0,1891.0,1921.0,1921.0,1891.0,1153.3000000000002,1203.3000000000002
23,64,1936.0,1178.3000000000002,31.16308823529411,68,0,1921.0,1951.0,1951.0,1921.0,1153.3000000000002,1203.3000000000002
23,65,1966.0,1178.3000000000002,32.107076923076924,65,0,1951.0,1981.0,1981.0,1951.0,1153.3000000000002,1203.3000000000002
23,66,1996.0,1178.3000000000002,28.73708333333333,72,0,1981.0,2011.0,2011.0,1981.0,1153.3000000000002,1203.3000000000002
23,67,2026.0,1178.3000000000002,28.44478260869566,69,0,2011.0,2041.0,2041.0,2011.0,1153.3000000000002,1203.3000000000002
23,68,2056.0,1178.3000000000002,24.107407407407415,54,0,2041.0,2071.0,2071.0,2041.0,1153.3000000000002,1203.3000000000002
23,69,2086.0,1178.3000000000002,23.968292682926826,82,0,2071.0,2101.0,2101.0,2071.0,1153.3000000000002,1203.3000000000002
23,70,2116.0,1178.3000000000002,22.572875000000003,80,0,2101.0,2131.0,2131.0,2101.0,1153.3000000000002,1203.3000000000002
23,71,2146.0,1178.3000000000002,21.07358695652174,92,0,2131.0,2161.0,2161.0,2131.0,1153.3000000000002,1203.3000000000002
23,72,2176.0,1178.3000000000002,24.227313432835825,67,0,2161.0,2191.0,2191.0,2161.0,1153.3000000000002,1203.3000000000002
23,73,2206.0,1178.3000000000002,23.346025641025637,78,0,2191.0,2221.0,2221.0,2191.0,1153.3000000000002,1203.3000000000002
23,74,2236.0,1178.3000000000002,22.900476190476194,84,0,2221.0,2251.0,2251.0,2221.0,1153.3000000000002,1203.3000000000002
23,75,2266.0,1178.3000000000002,18.93719101123596,89,0,2251.0,2281.0,2281.0,2251.0,1153.3000000000002,1203.3000000000002
23,76,2296.0,1178.3000000000002,27.276712328767125,73,0,2281.0,2311.0,2311.0,2281.0,1153.3000000000002,1203.3000000000002
23,77,2326.0,1178.3000000000002,25.838524590163935,61,0,2311.0,2341.0,2341.0,2311.0,1153.3000000000002,1203.3000000000002
23,78,2356.0,1178.3000000000002,24.906376811594203,69,0,2341.0,2371.0,2371.0,2341.0,1153.3000000000002,1203.3000000000002
23,79,2386.0,1178.3000000000002,25.810701754385953,57,0,2371.0,2401.0,2401.0,2371.0,1153.3000000000002,1203.3000000000002
23,80,2416.0,1178.3000000000002,31.498125,64,0,2401.0,2431.0,2431.0,2401.0,1153.3000000000002,1203.3000000000002
23,81,2446.0,1178.3000000000002,34.86500000000001,54,0,2431.0,2461.0,2461.0,2431.0,1153.3000000000002,1203.3000000000002
23,82,2476.0,1178.3000000000002,37.55090909090907,66,0,2461.0,2491.0,2491.0,2461.0,1153.3000000000002,1203.3000000000002
23,83,2506.0,1178.3000000000002,30.608166666666662,60,0,2491.0,2521.0,2521.0,2491.0,1153.3000000000002,1203.3000000000002
23,84,2536.0,1178.3000000000002,18.195833333333336,108,0,2521.0,2551.0,2551.0,2521.0,1153.3000000000002,1203.3000000000002
23,85,2566.0,1178.3000000000002,19.930439560439563,91,0,2551.0,2581.0,2581.0,2551.0,1153.3000000000002,1203.3000000000002
23,86,2596.0,1178.3000000000002,27.002794117647078,68,0,2581.0,2611.0,2611.0,2581.0,1153.3000000000002,1203.3000000000002
23,87,2626.0,1178.3000000000002,28.4360465116279,86,0,2611.0,2641.0,2641.0,2611.0,1153.3000000000002,1203.3000000000002
23,88,2656.0,1178.3000000000002,32.18323076923078,65,0,2641.0,2671.0,2671.0,2641.0,1153.3000000000002,1203.3000000000002
23,89,2686.0,1178.3000000000002,30.559166666666663,72,0,2671.0,2701.0,2701.0,2671.0,1153.3000000000002,1203.3000000000002
23,90,2716.0,1178.3000000000002,26.213787878787873,66,0,2701.0,2731.0,2731.0,2701.0,1153.3000000000002,1203.3000000000002
23,91,2746.0,1178.3000000000002,26.165000000000003,70,0,2731.0,2761.0,2761.0,2731.0,1153.3000000000002,1203.3000000000002
23,92,2776.0,1178.3000000000002,27.712647058823535,68,0,2761.0,2791.0,2791.0,2761.0,1153.3000000000002,1203.3000000000002
23,93,2806.0,1178.3000000000002,33.82589041095893,73,0,2791.0,2821.0,2821.0,2791.0,1153.3000000000002,1203.3000000000002
23,94,2836.0,1178.3000000000002,33.833582089552245,67,0,2821.0,2851.0,2851.0,2821.0,1153.3000000000002,1203.3000000000002
23,95,2866.0,1178.3000000000002,28.943898305084744,59,0,2851.0,2881.0,2881.0,2851.0,1153.3000000000002,1203.3000000000002
23,96,2896.0,1178.3000000000002,31.594062500000003,64,0,2881.0,2911.0,2911.0,2881.0,1153.3000000000002,1203.3000000000002
23,97,2926.0,1178.3000000000002,33.52753623188405,69,0,2911.0,2941.0,2941.0,2911.0,1153.3000000000002,1203.3000000000002
23,98,2956.0,1178.3000000000002,31.66064935064935,77,0,2941.0,2971.0,2971.0,2941.0,1153.3000000000002,1203.3000000000002
23,99,2986.0,1178.3000000000002,33.237500000000004,64,0,2971.0,3001.0,3001.0,2971.0,1153.3000000000002,1203.3000000000002
23,100,3016.0,1178.3000000000002,33.12880597014926,67,0,3001.0,3031.0,3031.0,3001.0,1153.3000000000002,1203.3000000000002
23,101,3046.0,1178.3000000000002,34.5753125,64,0,3031.0,3061.0,3061.0,3031.0,1153.3000000000002,1203.3000000000002
23,102,3076.0,1178.3000000000002,27.196385542168667,83,0,3061.0,3091.0,3091.0,3061.0,1153.3000000000002,1203.3000000000002
23,103,3106.0,1178.3000000000002,27.515921052631573,76,0,3091.0,3121.0,3121.0,3091.0,1153.3000000000002,1203.3000000000002
23,104,3136.0,1178.3000000000002,23.299298245614033,57,0,3121.0,3151.0,3151.0,3121.0,1153.3000000000002,1203.3000000000002
23,105,3166.0,1178.3000000000002,15.345,100,0,3151.0,3181.0,3181.0,3151.0,1153.3000000000002,1203.3000000000002
23,106,3196.0,1178.3000000000002,20.74134328358209,67,0,3181.0,3211.0,3211.0,3181.0,1153.3000000000002,1203.3000000000002
23,107,3226.0,1178.3000000000002,25.357654320987653,81,0,3211.0,3241.0,3241.0,3211.0,1153.3000000000002,1203.3000000000002
23,108,3256.0,1178.3000000000002,20.1625,88,0,3241.0,3271.0,3271.0,3241.0,1153.3000000000002,1203.3000000000002
23,109,3286.0,1178.3000000000002,18.61697674418604,86,0,3271.0,3301.0,3301.0,3271.0,1153.3000000000002,1203.3000000000002
23,110,3316.0,1178.3000000000002,14.953035714285718,112,0,3301.0,3331.0,3331.0,3301.0,1153.3000000000002,1203.3000000000002
23,111,3346.0,1178.3000000000002,25.215609756097553,82,0,3331.0,3361.0,3361.0,3331.0,1153.3000000000002,1203.3000000000002
23,112,3376.0,1178.3000000000002,29.573281249999997,64,0,3361.0,3391.0,3391.0,3361.0,1153.3000000000002,1203.3000000000002
23,113,3406.0,1178.3000000000002,32.791230769230765,65,0,3391.0,3421.0,3421.0,3391.0,1153.3000000000002,1203.3000000000002
23,114,3436.0,1178.3000000000002,31.280921052631577,76,0,3421.0,3451.0,3451.0,3421.0,1153.3000000000002,1203.3000000000002
23,115,3466.0,1178.3000000000002,27.92791666666667,72,0,3451.0,3481.0,3481.0,3451.0,1153.3000000000002,1203.3000000000002
23,116,3496.0,1178.3000000000002,26.72407407407407,54,0,3481.0,3511.0,3511.0,3481.0,1153.3000000000002,1203.3000000000002
23,117,3526.0,1178.3000000000002,32.37867647058824,68,0,3511.0,3541.0,3541.0,3511.0,1153.3000000000002,1203.3000000000002
23,118,3556.0,1178.3000000000002,30.336973684210527,76,0,3541.0,3571.0,3571.0,3541.0,1153.3000000000002,1203.3000000000002
23,119,3586.0,1178.3000000000002,20.258725490196092,102,0,3571.0,3601.0,3601.0,3571.0,1153.3000000000002,1203.3000000000002
23,120,3616.0,1178.3000000000002,23.634302325581398,86,0,3601.0,3631.0,3631.0,3601.0,1153.3000000000002,1203.3000000000002
23,121,3646.0,1178.3000000000002,30.341184210526297,76,0,3631.0,3661.0,3661.0,3631.0,1153.3000000000002,1203.3000000000002
23,122,3676.0,1178.3000000000002,30.096923076923094,52,0,3661.0,3691.0,3691.0,3661.0,1153.3000000000002,1203.3000000000002
23,123,3706.0,1178.3000000000002,25.52365079365079,63,0,3691.0,3721.0,3721.0,3691.0,1153.3000000000002,1203.3000000000002
23,124,3736.0,1178.3000000000002,28.95592592592593,54,0,3721.0,3751.0,3751.0,3721.0,1153.3000000000002,1203.3000000000002
23,125,3766.0,1178.3000000000002,,0,0,3751.0,3781.0,3781.0,3751.0,1153.3000000000002,1203.3000000000002
23,126,3796.0,1178.3000000000002,,0,0,3781.0,3811.0,3811.0,3781.0,1153.3000000000002,1203.3000000000002
23,127,3826.0,1178.3000000000002,,0,0,3811.0,3841.0,3841.0,3811.0,1153.3000000000002,1203.3000000000002
24,0,16.0,1228.3000000000002,66.73391304347825,23,0,1.0,31.0,31.0,1.0,1203.3000000000002,1253.3000000000002
24,1,46.0,1228.3000000000002,66.56458333333335,24,0,31.0,61.0,61.0,31.0,1203.3000000000002,1253.3000000000002
24,2,76.0,1228.3000000000002,71.28210526315789,19,0,61.0,91.0,91.0,61.0,1203.3000000000002,1253.3000000000002
24,3,106.0,1228.3000000000002,74.40666666666667,9,0,91.0,121.0,121.0,91.0,1203.3000000000002,1253.3000000000002
24,4,136.0,1228.3000000000002,56.855000000000004,14,0,121.0,151.0,151.0,121.0,1203.3000000000002,1253.3000000000002
24,5,166.0,1228.3000000000002,56.69781818181815,55,0,151.0,181.0,181.0,151.0,1203.3000000000002,1253.3000000000002
24,6,196.0,1228.3000000000002,65.7575,36,0,181.0,211.0,211.0,181.0,1203.3000000000002,1253.3000000000002
24,7,226.0,1228.3000000000002,70.67454545454547,11,0,211.0,241.0,241.0,211.0,1203.3000000000002,1253.3000000000002
24,8,256.0,1228.3000000000002,68.3768888888889,30,0,241.0,271.0,271.0,241.0,1203.3000000000002,1253.3000000000002
24,9,286.0,1228.3000000000002,69.95895833333333,16,0,271.0,301.0,301.0,271.0,1203.3000000000002,1253.3000000000002
24,10,316.0,1228.3000000000002,62.14769230769231,26,0,301.0,331.0,331.0,301.0,1203.3000000000002,1253.3000000000002
24,11,346.0,1228.3000000000002,67.80017857142857,16,0,331.0,361.0,361.0,331.0,1203.3000000000002,1253.3000000000002
24,12,376.0,1228.3000000000002,73.79222222222224,9,0,361.0,391.0,391.0,361.0,1203.3000000000002,1253.3000000000002
24,13,406.0,1228.3000000000002,66.83666666666666,6,0,391.0,421.0,421.0,391.0,1203.3000000000002,1253.3000000000002
24,14,436.0,1228.3000000000002,71.42571428571429,7,0,421.0,451.0,451.0,421.0,1203.3000000000002,1253.3000000000002
24,15,466.0,1228.3000000000002,54.038947368421056,38,0,451.0,481.0,481.0,451.0,1203.3000000000002,1253.3000000000002
24,16,496.0,1228.3000000000002,56.36441860465116,43,0,481.0,511.0,511.0,481.0,1203.3000000000002,1253.3000000000002
24,17,526.0,1228.3000000000002,61.29960000000001,25,0,511.0,541.0,541.0,511.0,1203.3000000000002,1253.3000000000002
24,18,556.0,1228.3000000000002,61.1603125,32,0,541.0,571.0,571.0,541.0,1203.3000000000002,1253.3000000000002
24,19,586.0,1228.3000000000002,56.47921052631579,38,0,571.0,601.0,601.0,571.0,1203.3000000000002,1253.3000000000002
24,20,616.0,1228.3000000000002,54.799268292682925,41,0,601.0,631.0,631.0,601.0,1203.3000000000002,1253.3000000000002
24,21,646.0,1228.3000000000002,58.54195121951219,41,0,631.0,661.0,661.0,631.0,1203.3000000000002,1253.3000000000002
24,22,676.0,1228.3000000000002,53.15707317073171,41,0,661.0,691.0,691.0,661.0,1203.3000000000002,1253.3000000000002
24,23,706.0,1228.3000000000002,48.00739130434782,46,0,691.0,721.0,721.0,691.0,1203.3000000000002,1253.3000000000002
24,24,736.0,1228.3000000000002,58.48058823529412,17,0,721.0,751.0,751.0,721.0,1203.3000000000002,1253.3000000000002
24,25,766.0,1228.3000000000002,52.576666666666675,42,0,751.0,781.0,781.0,751.0,1203.3000000000002,1253.3000000000002
24,26,796.0,1228.3000000000002,53.83976744186046,43,0,781.0,811.0,811.0,781.0,1203.3000000000002,1253.3000000000002
24,27,826.0,1228.3000000000002,55.21333333333334,33,0,811.0,841.0,841.0,811.0,1203.3000000000002,1253.3000000000002
24,28,856.0,1228.3000000000002,42.12274193548387,62,0,841.0,871.0,871.0,841.0,1203.3000000000002,1253.3000000000002
24,29,886.0,1228.3000000000002,46.34826923076923,52,0,871.0,901.0,901.0,871.0,1203.3000000000002,1253.3000000000002
24,30,916.0,1228.3000000000002,48.466428571428565,42,0,901.0,931.0,931.0,901.0,1203.3000000000002,1253.3000000000002
24,31,946.0,1228.3000000000002,48.18175000000001,40,0,931.0,961.0,961.0,931.0,1203.3000000000002,1253.3000000000002
24,32,976.0,1228.3000000000002,41.37546874999999,64,0,961.0,991.0,991.0,961.0,1203.3000000000002,1253.3000000000002
24,33,1006.0,1228.3000000000002,34.70157142857143,70,0,991.0,1021.0,1021.0,991.0,1203.3000000000002,1253.3000000000002
24,34,1036.0,1228.3000000000002,39.3415,40,0,1021.0,1051.0,1051.0,1021.0,1203.3000000000002,1253.3000000000002
24,35,1066.0,1228.3000000000002,38.28,50,0,1051.0,1081.0,1081.0,1051.0,1203.3000000000002,1253.3000000000002
24,36,1096.0,1228.3000000000002,39.20732142857144,56,0,1081.0,1111.0,1111.0,1081.0,1203.3000000000002,1253.3000000000002
24,37,1126.0,1228.3000000000002,39.65844827586208,58,0,1111.0,1141.0,1141.0,1111.0,1203.3000000000002,1253.3000000000002
24,38,1156.0,1228.3000000000002,39.842278481012656,79,0,1141.0,1171.0,1171.0,1141.0,1203.3000000000002,1253.3000000000002
24,39,1186.0,1228.3000000000002,38.08373134328357,67,0,1171.0,1201.0,1201.0,1171.0,1203.3000000000002,1253.3000000000002
24,40,1216.0,1228.3000000000002,50.92896551724138,29,0,1201.0,1231.0,1231.0,1201.0,1203.3000000000002,1253.3000000000002
24,41,1246.0,1228.3000000000002,42.751224489795916,49,0,1231.0,1261.0,1261.0,1231.0,1203.3000000000002,1253.3000000000002
24,42,1276.0,1228.3000000000002,40.73500000000001,44,0,1261.0,1291.0,1291.0,1261.0,1203.3000000000002,1253.3000000000002
24,43,1306.0,1228.3000000000002,43.06346153846153,52,0,1291.0,1321.0,1321.0,1291.0,1203.3000000000002,1253.3000000000002
24,44,1336.0,1228.3000000000002,42.81080000000001,50,0,1321.0,1351.0,1351.0,1321.0,1203.3000000000002,1253.3000000000002
24,45,1366.0,1228.3000000000002,39.43228070175437,57,0,1351.0,1381.0,1381.0,1351.0,1203.3000000000002,1253.3000000000002
24,46,1396.0,1228.3000000000002,35.82037500000001,80,0,1381.0,1411.0,1411.0,1381.0,1203.3000000000002,1253.3000000000002
24,47,1426.0,1228.3000000000002,36.55935483870968,62,0,1411.0,1441.0,1441.0,1411.0,1203.3000000000002,1253.3000000000002
24,48,1456.0,1228.3000000000002,42.31684210526316,57,0,1441.0,1471.0,1471.0,1441.0,1203.3000000000002,1253.3000000000002
24,49,1486.0,1228.3000000000002,44.079,40,0,1471.0,1501.0,1501.0,1471.0,1203.3000000000002,1253.3000000000002
24,50,1516.0,1228.3000000000002,46.210983606557384,61,0,1501.0,1531.0,1531.0,1501.0,1203.3000000000002,1253.3000000000002
24,51,1546.0,1228.3000000000002,45.51309523809524,42,0,1531.0,1561.0,1561.0,1531.0,1203.3000000000002,1253.3000000000002
24,52,1576.0,1228.3000000000002,40.642857142857146,63,0,1561.0,1591.0,1591.0,1561.0,1203.3000000000002,1253.3000000000002
24,53,1606.0,1228.3000000000002,37.137142857142855,63,0,1591.0,1621.0,1621.0,1591.0,1203.3000000000002,1253.3000000000002
24,54,1636.0,1228.3000000000002,27.30623655913979,93,0,1621.0,1651.0,1651.0,1621.0,1203.3000000000002,1253.3000000000002
24,55,1666.0,1228.3000000000002,22.47120481927711,83,0,1651.0,1681.0,1681.0,1651.0,1203.3000000000002,1253.3000000000002
24,56,1696.0,1228.3000000000002,33.72830985915493,71,0,1681.0,1711.0,1711.0,1681.0,1203.3000000000002,1253.3000000000002
24,57,1726.0,1228.3000000000002,30.756385542168672,83,0,1711.0,1741.0,1741.0,1711.0,1203.3000000000002,1253.3000000000002
24,58,1756.0,1228.3000000000002,30.07231707317073,82,0,1741.0,1771.0,1771.0,1741.0,1203.3000000000002,1253.3000000000002
24,59,1786.0,1228.3000000000002,20.737931034482752,87,0,1771.0,1801.0,1801.0,1771.0,1203.3000000000002,1253.3000000000002
24,60,1816.0,1228.3000000000002,16.099037037037036,135,0,1801.0,1831.0,1831.0,1801.0,1203.3000000000002,1253.3000000000002
24,61,1846.0,1228.3000000000002,21.724390243902448,82,0,1831.0,1861.0,1861.0,1831.0,1203.3000000000002,1253.3000000000002
24,62,1876.0,1228.3000000000002,22.41625,96,0,1861.0,1891.0,1891.0,1861.0,1203.3000000000002,1253.3000000000002
24,63,1906.0,1228.3000000000002,24.89186046511627,86,0,1891.0,1921.0,1921.0,1891.0,1203.3000000000002,1253.3000000000002
24,64,1936.0,1228.3000000000002,26.437625000000004,80,0,1921.0,1951.0,1951.0,1921.0,1203.3000000000002,1253.3000000000002
24,65,1966.0,1228.3000000000002,30.1641891891892,74,0,1951.0,1981.0,1981.0,1951.0,1203.3000000000002,1253.3000000000002
24,66,1996.0,1228.3000000000002,25.13447058823529,85,0,1981.0,2011.0,2011.0,1981.0,1203.3000000000002,1253.3000000000002
24,67,2026.0,1228.3000000000002,26.775263157894734,76,0,2011.0,2041.0,2041.0,2011.0,1203.3000000000002,1253.3000000000002
24,68,2056.0,1228.3000000000002,21.24796610169492,59,0,2041.0,2071.0,2071.0,2041.0,1203.3000000000002,1253.3000000000002
24,69,2086.0,1228.3000000000002,20.643551401869143,107,0,2071.0,2101.0,2101.0,2071.0,1203.3000000000002,1253.3000000000002
24,70,2116.0,1228.3000000000002,22.834931506849315,73,0,2101.0,2131.0,2131.0,2101.0,1203.3000000000002,1253.3000000000002
24,71,2146.0,1228.3000000000002,21.412989690721645,97,0,2131.0,2161.0,2161.0,2131.0,1203.3000000000002,1253.3000000000002
24,72,2176.0,1228.3000000000002,22.73820512820512,78,0,2161.0,2191.0,2191.0,2161.0,1203.3000000000002,1253.3000000000002
24,73,2206.0,1228.3000000000002,23.544166666666666,84,0,2191.0,2221.0,2221.0,2191.0,1203.3000000000002,1253.3000000000002
24,74,2236.0,1228.3000000000002,20.128064516129033,93,0,2221.0,2251.0,2251.0,2221.0,1203.3000000000002,1253.3000000000002
24,75,2266.0,1228.3000000000002,21.381428571428575,91,0,2251.0,2281.0,2281.0,2251.0,1203.3000000000002,1253.3000000000002
24,76,2296.0,1228.3000000000002,28.40975308641976,81,0,2281.0,2311.0,2311.0,2281.0,1203.3000000000002,1253.3000000000002
24,77,2326.0,1228.3000000000002,21.2639534883721,86,0,2311.0,2341.0,2341.0,2311.0,1203.3000000000002,1253.3000000000002
24,78,2356.0,1228.3000000000002,26.263066666666656,75,0,2341.0,2371.0,2371.0,2341.0,1203.3000000000002,1253.3000000000002
24,79,2386.0,1228.3000000000002,31.262156862745098,51,0,2371.0,2401.0,2401.0,2371.0,1203.3000000000002,1253.3000000000002
24,80,2416.0,1228.3000000000002,32.08029411764704,68,0,2401.0,2431.0,2431.0,2401.0,1203.3000000000002,1253.3000000000002
24,81,2446.0,1228.3000000000002,32.97142857142856,70,0,2431.0,2461.0,2461.0,2431.0,1203.3000000000002,1253.3000000000002
24,82,2476.0,1228.3000000000002,33.473489795918375,70,0,2461.0,2491.0,2491.0,2461.0,1203.3000000000002,1253.3000000000002
24,83,2506.0,1228.3000000000002,24.76863636363638,88,0,2491.0,2521.0,2521.0,2491.0,1203.3000000000002,1253.3000000000002
24,84,2536.0,1228.3000000000002,18.48040816326531,98,0,2521.0,2551.0,2551.0,2521.0,1203.3000000000002,1253.3000000000002
24,85,2566.0,1228.3000000000002,24.924352941176465,85,0,2551.0,2581.0,2581.0,2551.0,1203.3000000000002,1253.3000000000002
24,86,2596.0,1228.3000000000002,27.43052631578947,76,0,2581.0,2611.0,2611.0,2581.0,1203.3000000000002,1253.3000000000002
24,87,2626.0,1228.3000000000002,28.72675,80,0,2611.0,2641.0,2641.0,2611.0,1203.3000000000002,1253.3000000000002
24,88,2656.0,1228.3000000000002,29.83576923076923,78,0,2641.0,2671.0,2671.0,2641.0,1203.3000000000002,1253.3000000000002
24,89,2686.0,1228.3000000000002,28.334605263157897,76,0,2671.0,2701.0,2701.0,2671.0,1203.3000000000002,1253.3000000000002
24,90,2716.0,1228.3000000000002,26.714933333333327,75,0,2701.0,2731.0,2731.0,2701.0,1203.3000000000002,1253.3000000000002
24,91,2746.0,1228.3000000000002,30.323928571428564,56,0,2731.0,2761.0,2761.0,2731.0,1203.3000000000002,1253.3000000000002
24,92,2776.0,1228.3000000000002,29.590158730158734,63,0,2761.0,2791.0,2791.0,2761.0,1203.3000000000002,1253.3000000000002
24,93,2806.0,1228.3000000000002,32.020810810810815,74,0,2791.0,2821.0,2821.0,2791.0,1203.3000000000002,1253.3000000000002
24,94,2836.0,1228.3000000000002,30.40675,80,0,2821.0,2851.0,2851.0,2821.0,1203.3000000000002,1253.3000000000002
24,95,2866.0,1228.3000000000002,29.415937500000005,64,0,2851.0,2881.0,2881.0,2851.0,1203.3000000000002,1253.3000000000002
24,96,2896.0,1228.3000000000002,33.26790322580646,62,0,2881.0,2911.0,2911.0,2881.0,1203.3000000000002,1253.3000000000002
24,97,2926.0,1228.3000000000002,34.35571428571429,63,0,2911.0,2941.0,2941.0,2911.0,1203.3000000000002,1253.3000000000002
24,98,2956.0,1228.3000000000002,33.23770270270271,74,0,2941.0,2971.0,2971.0,2941.0,1203.3000000000002,1253.3000000000002
24,99,2986.0,1228.3000000000002,32.8469014084507,71,0,2971.0,3001.0,3001.0,2971.0,1203.3000000000002,1253.3000000000002
24,100,3016.0,1228.3000000000002,32.009868421052644,76,0,3001.0,3031.0,3031.0,3001.0,1203.3000000000002,1253.3000000000002
24,101,3046.0,1228.3000000000002,31.623802816901406,71,0,3031.0,3061.0,3061.0,3031.0,1203.3000000000002,1253.3000000000002
24,102,3076.0,1228.3000000000002,30.576666666666668,72,0,3061.0,3091.0,3091.0,3061.0,1203.3000000000002,1253.3000000000002
24,103,3106.0,1228.3000000000002,24.987021276595748,94,0,3091.0,3121.0,3121.0,3091.0,1203.3000000000002,1253.3000000000002
24,104,3136.0,1228.3000000000002,18.436428571428568,98,0,3121.0,3151.0,3151.0,3121.0,1203.3000000000002,1253.3000000000002
24,105,3166.0,1228.3000000000002,16.137970370370372,75,0,3151.0,3181.0,3181.0,3151.0,1203.3000000000002,1253.3000000000002
24,106,3196.0,1228.3000000000002,19.352083333333336,88,0,3181.0,3211.0,3211.0,3181.0,1203.3000000000002,1253.3000000000002
24,107,3226.0,1228.3000000000002,18.73217391304348,92,0,3211.0,3241.0,3241.0,3211.0,1203.3000000000002,1253.3000000000002
24,108,3256.0,1228.3000000000002,20.97690721649486,97,0,3241.0,3271.0,3271.0,3241.0,1203.3000000000002,1253.3000000000002
24,109,3286.0,1228.3000000000002,15.427165354330706,127,0,3271.0,3301.0,3301.0,3271.0,1203.3000000000002,1253.3000000000002
24,110,3316.0,1228.3000000000002,17.79065420560747,107,0,3301.0,3331.0,3331.0,3301.0,1203.3000000000002,1253.3000000000002
24,111,3346.0,1228.3000000000002,22.820909090909094,99,0,3331.0,3361.0,3361.0,3331.0,1203.3000000000002,1253.3000000000002
24,112,3376.0,1228.3000000000002,27.35369863013699,73,0,3361.0,3391.0,3391.0,3361.0,1203.3000000000002,1253.3000000000002
24,113,3406.0,1228.3000000000002,32.01385714285714,70,0,3391.0,3421.0,3421.0,3391.0,1203.3000000000002,1253.3000000000002
24,114,3436.0,1228.3000000000002,31.978082191780825,73,0,3421.0,3451.0,3451.0,3421.0,1203.3000000000002,1253.3000000000002
24,115,3466.0,1228.3000000000002,27.682876712328763,73,0,3451.0,3481.0,3481.0,3451.0,1203.3000000000002,1253.3000000000002
24,116,3496.0,1228.3000000000002,29.32392156862746,51,0,3481.0,3511.0,3511.0,3481.0,1203.3000000000002,1253.3000000000002
24,117,3526.0,1228.3000000000002,32.03772727272726,66,0,3511.0,3541.0,3541.0,3511.0,1203.3000000000002,1253.3000000000002
24,118,3556.0,1228.3000000000002,27.221999999999998,85,0,3541.0,3571.0,3571.0,3541.0,1203.3000000000002,1253.3000000000002
24,119,3586.0,1228.3000000000002,16.305,110,0,3571.0,3601.0,3601.0,3571.0,1203.3000000000002,1253.3000000000002
24,120,3616.0,1228.3000000000002,26.52344827586207,87,0,3601.0,3631.0,3631.0,3601.0,1203.3000000000002,1253.3000000000002
24,121,3646.0,1228.3000000000002,31.02927536231884,69,0,3631.0,3661.0,3661.0,3631.0,1203.3000000000002,1253.3000000000002
24,122,3676.0,1228.3000000000002,30.125270270270278,74,0,3661.0,3691.0,3691.0,3661.0,1203.3000000000002,1253.3000000000002
24,123,3706.0,1228.3000000000002,28.904285714285724,56,0,3691.0,3721.0,3721.0,3691.0,1203.3000000000002,1253.3000000000002
24,124,3736.0,1228.3000000000002,29.383088235294125,68,0,3721.0,3751.0,3751.0,3721.0,1203.3000000000002,1253.3000000000002
24,125,3766.0,1228.3000000000002,,0,0,3751.0,3781.0,3781.0,3751.0,1203.3000000000002,1253.3000000000002
24,126,3796.0,1228.3000000000002,,0,0,3781.0,3811.0,3811.0,3781.0,1203.3000000000002,1253.3000000000002
24,127,3826.0,1228.3000000000002,,0,0,3811.0,3841.0,3841.0,3811.0,1203.3000000000002,1253.3000000000002
25,0,16.0,1278.3000000000002,61.34777777777779,36,0,1.0,31.0,31.0,1.0,1253.3000000000002,1303.3000000000002
25,1,46.0,1278.3000000000002,65.72669999999998,25,0,31.0,61.0,61.0,31.0,1253.3000000000002,1303.3000000000002
25,2,76.0,1278.3000000000002,70.2495238095238,21,0,61.0,91.0,91.0,61.0,1253.3000000000002,1303.3000000000002
25,3,106.0,1278.3000000000002,63.84486111111111,24,0,91.0,121.0,121.0,91.0,1253.3000000000002,1303.3000000000002
25,4,136.0,1278.3000000000002,62.08454545454546,11,0,121.0,151.0,151.0,121.0,1253.3000000000002,1303.3000000000002
25,5,166.0,1278.3000000000002,53.8616393442623,61,0,151.0,181.0,181.0,151.0,1253.3000000000002,1303.3000000000002
25,6,196.0,1278.3000000000002,64.72671428571428,40,0,181.0,211.0,211.0,181.0,1253.3000000000002,1303.3000000000002
25,7,226.0,1278.3000000000002,63.9768,25,0,211.0,241.0,241.0,211.0,1253.3000000000002,1303.3000000000002
25,8,256.0,1278.3000000000002,63.40204938271606,45,0,241.0,271.0,271.0,241.0,1253.3000000000002,1303.3000000000002
25,9,286.0,1278.3000000000002,61.56206896551724,29,0,271.0,301.0,301.0,271.0,1253.3000000000002,1303.3000000000002
25,10,316.0,1278.3000000000002,59.666333333333334,30,0,301.0,331.0,331.0,301.0,1253.3000000000002,1303.3000000000002
25,11,346.0,1278.3000000000002,65.47555555555556,18,0,331.0,361.0,361.0,331.0,1253.3000000000002,1303.3000000000002
25,12,376.0,1278.3000000000002,67.47,15,0,361.0,391.0,391.0,361.0,1253.3000000000002,1303.3000000000002
25,13,406.0,1278.3000000000002,60.197380952380946,14,0,391.0,421.0,421.0,391.0,1253.3000000000002,1303.3000000000002
25,14,436.0,1278.3000000000002,69.26499999999999,16,0,421.0,451.0,451.0,421.0,1253.3000000000002,1303.3000000000002
25,15,466.0,1278.3000000000002,51.681841269841264,35,0,451.0,481.0,481.0,451.0,1253.3000000000002,1303.3000000000002
25,16,496.0,1278.3000000000002,52.26293103448276,58,0,481.0,511.0,511.0,481.0,1253.3000000000002,1303.3000000000002
25,17,526.0,1278.3000000000002,58.786296296296314,27,0,511.0,541.0,541.0,511.0,1253.3000000000002,1303.3000000000002
25,18,556.0,1278.3000000000002,55.79297619047619,42,0,541.0,571.0,571.0,541.0,1253.3000000000002,1303.3000000000002
25,19,586.0,1278.3000000000002,51.5620430107527,62,0,571.0,601.0,601.0,571.0,1253.3000000000002,1303.3000000000002
25,20,616.0,1278.3000000000002,52.543872549019596,51,0,601.0,631.0,631.0,601.0,1253.3000000000002,1303.3000000000002
25,21,646.0,1278.3000000000002,52.7349090909091,55,0,631.0,661.0,661.0,631.0,1253.3000000000002,1303.3000000000002
25,22,676.0,1278.3000000000002,51.82351351351351,37,0,661.0,691.0,691.0,661.0,1253.3000000000002,1303.3000000000002
25,23,706.0,1278.3000000000002,43.264139344262276,61,0,691.0,721.0,721.0,691.0,1253.3000000000002,1303.3000000000002
25,24,736.0,1278.3000000000002,55.3112,25,0,721.0,751.0,751.0,721.0,1253.3000000000002,1303.3000000000002
25,25,766.0,1278.3000000000002,50.90621031746033,48,0,751.0,781.0,781.0,751.0,1253.3000000000002,1303.3000000000002
25,26,796.0,1278.3000000000002,52.77659574468086,47,0,781.0,811.0,811.0,781.0,1253.3000000000002,1303.3000000000002
25,27,826.0,1278.3000000000002,55.005904761904766,35,0,811.0,841.0,841.0,811.0,1253.3000000000002,1303.3000000000002
25,28,856.0,1278.3000000000002,38.70374149659866,77,0,841.0,871.0,871.0,841.0,1253.3000000000002,1303.3000000000002
25,29,886.0,1278.3000000000002,42.22014705882353,68,0,871.0,901.0,901.0,871.0,1253.3000000000002,1303.3000000000002
25,30,916.0,1278.3000000000002,48.98466666666668,50,0,901.0,931.0,931.0,901.0,1253.3000000000002,1303.3000000000002
25,31,946.0,1278.3000000000002,49.145555555555546,45,0,931.0,961.0,961.0,931.0,1253.3000000000002,1303.3000000000002
25,32,976.0,1278.3000000000002,41.17238309738309,74,0,961.0,991.0,991.0,961.0,1253.3000000000002,1303.3000000000002
25,33,1006.0,1278.3000000000002,35.62554054054053,74,0,991.0,1021.0,1021.0,991.0,1253.3000000000002,1303.3000000000002
25,34,1036.0,1278.3000000000002,39.4065306122449,49,0,1021.0,1051.0,1051.0,1021.0,1253.3000000000002,1303.3000000000002
25,35,1066.0,1278.3000000000002,40.72600732600733,52,0,1051.0,1081.0,1081.0,1051.0,1253.3000000000002,1303.3000000000002
25,36,1096.0,1278.3000000000002,40.47956221198157,62,0,1081.0,1111.0,1111.0,1081.0,1253.3000000000002,1303.3000000000002
25,37,1126.0,1278.3000000000002,37.539,70,0,1111.0,1141.0,1141.0,1111.0,1253.3000000000002,1303.3000000000002
25,38,1156.0,1278.3000000000002,42.00546666666667,75,0,1141.0,1171.0,1171.0,1141.0,1253.3000000000002,1303.3000000000002
25,39,1186.0,1278.3000000000002,39.66164179104477,67,0,1171.0,1201.0,1201.0,1171.0,1253.3000000000002,1303.3000000000002
25,40,1216.0,1278.3000000000002,48.9184375,32,0,1201.0,1231.0,1231.0,1201.0,1253.3000000000002,1303.3000000000002
25,41,1246.0,1278.3000000000002,45.21978723404255,47,0,1231.0,1261.0,1261.0,1231.0,1253.3000000000002,1303.3000000000002
25,42,1276.0,1278.3000000000002,39.3871507936508,70,0,1261.0,1291.0,1291.0,1261.0,1253.3000000000002,1303.3000000000002
25,43,1306.0,1278.3000000000002,43.22490566037735,53,0,1291.0,1321.0,1321.0,1291.0,1253.3000000000002,1303.3000000000002
25,44,1336.0,1278.3000000000002,43.643333333333324,54,0,1321.0,1351.0,1351.0,1321.0,1253.3000000000002,1303.3000000000002
25,45,1366.0,1278.3000000000002,39.756330645161285,62,0,1351.0,1381.0,1381.0,1351.0,1253.3000000000002,1303.3000000000002
25,46,1396.0,1278.3000000000002,39.40623188405797,69,0,1381.0,1411.0,1411.0,1381.0,1253.3000000000002,1303.3000000000002
25,47,1426.0,1278.3000000000002,36.64439084724799,77,0,1411.0,1441.0,1441.0,1411.0,1253.3000000000002,1303.3000000000002
25,48,1456.0,1278.3000000000002,40.45706896551723,58,0,1441.0,1471.0,1471.0,1441.0,1253.3000000000002,1303.3000000000002
25,49,1486.0,1278.3000000000002,43.95962962962964,45,0,1471.0,1501.0,1501.0,1471.0,1253.3000000000002,1303.3000000000002
25,50,1516.0,1278.3000000000002,44.4063956043956,65,0,1501.0,1531.0,1531.0,1501.0,1253.3000000000002,1303.3000000000002
25,51,1546.0,1278.3000000000002,44.13788461538463,52,0,1531.0,1561.0,1561.0,1531.0,1253.3000000000002,1303.3000000000002
25,52,1576.0,1278.3000000000002,41.14225446428571,64,0,1561.0,1591.0,1591.0,1561.0,1253.3000000000002,1303.3000000000002
25,53,1606.0,1278.3000000000002,37.29321428571429,56,0,1591.0,1621.0,1621.0,1591.0,1253.3000000000002,1303.3000000000002
25,54,1636.0,1278.3000000000002,29.2538382099828,83,0,1621.0,1651.0,1651.0,1621.0,1253.3000000000002,1303.3000000000002
25,55,1666.0,1278.3000000000002,28.574615384615374,78,0,1651.0,1681.0,1681.0,1651.0,1253.3000000000002,1303.3000000000002
25,56,1696.0,1278.3000000000002,33.91600000000002,80,0,1681.0,1711.0,1711.0,1681.0,1253.3000000000002,1303.3000000000002
25,57,1726.0,1278.3000000000002,30.329615384615384,78,0,1711.0,1741.0,1741.0,1711.0,1253.3000000000002,1303.3000000000002
25,58,1756.0,1278.3000000000002,28.678218085106387,94,0,1741.0,1771.0,1771.0,1741.0,1253.3000000000002,1303.3000000000002
25,59,1786.0,1278.3000000000002,15.641590909090903,121,0,1771.0,1801.0,1801.0,1771.0,1253.3000000000002,1303.3000000000002
25,60,1816.0,1278.3000000000002,19.09466019417476,103,0,1801.0,1831.0,1831.0,1801.0,1253.3000000000002,1303.3000000000002
25,61,1846.0,1278.3000000000002,17.180086956521745,115,0,1831.0,1861.0,1861.0,1831.0,1253.3000000000002,1303.3000000000002
25,62,1876.0,1278.3000000000002,20.788901098901096,91,0,1861.0,1891.0,1891.0,1861.0,1253.3000000000002,1303.3000000000002
25,63,1906.0,1278.3000000000002,25.446122448979594,98,0,1891.0,1921.0,1921.0,1891.0,1253.3000000000002,1303.3000000000002
25,64,1936.0,1278.3000000000002,27.78456790123456,81,0,1921.0,1951.0,1951.0,1921.0,1253.3000000000002,1303.3000000000002
25,65,1966.0,1278.3000000000002,26.897837514934285,93,0,1951.0,1981.0,1981.0,1951.0,1253.3000000000002,1303.3000000000002
25,66,1996.0,1278.3000000000002,28.52411634756996,97,0,1981.0,2011.0,2011.0,1981.0,1253.3000000000002,1303.3000000000002
25,67,2026.0,1278.3000000000002,30.418412698412705,63,0,2011.0,2041.0,2041.0,2011.0,1253.3000000000002,1303.3000000000002
25,68,2056.0,1278.3000000000002,25.655624999999997,80,0,2041.0,2071.0,2071.0,2041.0,1253.3000000000002,1303.3000000000002
25,69,2086.0,1278.3000000000002,25.463035714285716,72,0,2071.0,2101.0,2101.0,2071.0,1253.3000000000002,1303.3000000000002
25,70,2116.0,1278.3000000000002,27.16217532467533,77,0,2101.0,2131.0,2131.0,2101.0,1253.3000000000002,1303.3000000000002
25,71,2146.0,1278.3000000000002,24.536666666666665,98,0,2131.0,2161.0,2161.0,2131.0,1253.3000000000002,1303.3000000000002
25,72,2176.0,1278.3000000000002,24.47690295815296,88,0,2161.0,2191.0,2191.0,2161.0,1253.3000000000002,1303.3000000000002
25,73,2206.0,1278.3000000000002,28.753982683982674,77,0,2191.0,2221.0,2221.0,2191.0,1253.3000000000002,1303.3000000000002
25,74,2236.0,1278.3000000000002,23.085141843971638,94,0,2221.0,2251.0,2251.0,2221.0,1253.3000000000002,1303.3000000000002
25,75,2266.0,1278.3000000000002,25.675320987654324,90,0,2251.0,2281.0,2281.0,2251.0,1253.3000000000002,1303.3000000000002
25,76,2296.0,1278.3000000000002,26.589814814814815,90,0,2281.0,2311.0,2311.0,2281.0,1253.3000000000002,1303.3000000000002
25,77,2326.0,1278.3000000000002,23.426418300653594,85,0,2311.0,2341.0,2341.0,2311.0,1253.3000000000002,1303.3000000000002
25,78,2356.0,1278.3000000000002,27.86796783625731,76,0,2341.0,2371.0,2371.0,2341.0,1253.3000000000002,1303.3000000000002
25,79,2386.0,1278.3000000000002,32.91021072796935,58,0,2371.0,2401.0,2401.0,2371.0,1253.3000000000002,1303.3000000000002
25,80,2416.0,1278.3000000000002,33.820149186256785,79,0,2401.0,2431.0,2431.0,2401.0,1253.3000000000002,1303.3000000000002
25,81,2446.0,1278.3000000000002,28.461557971014507,92,0,2431.0,2461.0,2461.0,2431.0,1253.3000000000002,1303.3000000000002
25,82,2476.0,1278.3000000000002,25.532753132832084,95,0,2461.0,2491.0,2491.0,2461.0,1253.3000000000002,1303.3000000000002
25,83,2506.0,1278.3000000000002,18.366636904761897,112,0,2491.0,2521.0,2521.0,2491.0,1253.3000000000002,1303.3000000000002
25,84,2536.0,1278.3000000000002,21.00931449502879,91,0,2521.0,2551.0,2551.0,2521.0,1253.3000000000002,1303.3000000000002
25,85,2566.0,1278.3000000000002,26.329323529411763,85,0,2551.0,2581.0,2581.0,2551.0,1253.3000000000002,1303.3000000000002
25,86,2596.0,1278.3000000000002,24.40649484536083,97,0,2581.0,2611.0,2611.0,2581.0,1253.3000000000002,1303.3000000000002
25,87,2626.0,1278.3000000000002,24.308735632183904,87,0,2611.0,2641.0,2641.0,2611.0,1253.3000000000002,1303.3000000000002
25,88,2656.0,1278.3000000000002,25.91494736842105,95,0,2641.0,2671.0,2671.0,2641.0,1253.3000000000002,1303.3000000000002
25,89,2686.0,1278.3000000000002,25.419186046511637,86,0,2671.0,2701.0,2701.0,2671.0,1253.3000000000002,1303.3000000000002
25,90,2716.0,1278.3000000000002,26.636710526315788,76,0,2701.0,2731.0,2731.0,2701.0,1253.3000000000002,1303.3000000000002
25,91,2746.0,1278.3000000000002,33.55016949152543,59,0,2731.0,2761.0,2761.0,2731.0,1253.3000000000002,1303.3000000000002
25,92,2776.0,1278.3000000000002,32.798545454545454,55,0,2761.0,2791.0,2791.0,2761.0,1253.3000000000002,1303.3000000000002
25,93,2806.0,1278.3000000000002,34.7829411764706,68,0,2791.0,2821.0,2821.0,2791.0,1253.3000000000002,1303.3000000000002
25,94,2836.0,1278.3000000000002,28.83654195011338,98,0,2821.0,2851.0,2851.0,2821.0,1253.3000000000002,1303.3000000000002
25,95,2866.0,1278.3000000000002,34.11145161290322,62,0,2851.0,2881.0,2881.0,2851.0,1253.3000000000002,1303.3000000000002
25,96,2896.0,1278.3000000000002,34.45071428571429,56,0,2881.0,2911.0,2911.0,2881.0,1253.3000000000002,1303.3000000000002
25,97,2926.0,1278.3000000000002,37.73833333333333,54,0,2911.0,2941.0,2941.0,2911.0,1253.3000000000002,1303.3000000000002
25,98,2956.0,1278.3000000000002,35.414025974025975,77,0,2941.0,2971.0,2971.0,2941.0,1253.3000000000002,1303.3000000000002
25,99,2986.0,1278.3000000000002,35.16727272727272,66,0,2971.0,3001.0,3001.0,2971.0,1253.3000000000002,1303.3000000000002
25,100,3016.0,1278.3000000000002,32.20679487179486,78,0,3001.0,3031.0,3031.0,3001.0,1253.3000000000002,1303.3000000000002
25,101,3046.0,1278.3000000000002,28.16561224489796,98,0,3031.0,3061.0,3061.0,3031.0,1253.3000000000002,1303.3000000000002
25,102,3076.0,1278.3000000000002,26.439043600562584,79,0,3061.0,3091.0,3091.0,3061.0,1253.3000000000002,1303.3000000000002
25,103,3106.0,1278.3000000000002,25.640201058201058,105,0,3091.0,3121.0,3121.0,3091.0,1253.3000000000002,1303.3000000000002
25,104,3136.0,1278.3000000000002,24.494354657687996,99,0,3121.0,3151.0,3151.0,3121.0,1253.3000000000002,1303.3000000000002
25,105,3166.0,1278.3000000000002,20.100505645557195,97,0,3151.0,3181.0,3181.0,3151.0,1253.3000000000002,1303.3000000000002
25,106,3196.0,1278.3000000000002,19.588750000000005,120,0,3181.0,3211.0,3211.0,3181.0,1253.3000000000002,1303.3000000000002
25,107,3226.0,1278.3000000000002,17.310233644859817,107,0,3211.0,3241.0,3241.0,3211.0,1253.3000000000002,1303.3000000000002
25,108,3256.0,1278.3000000000002,20.14140186915888,107,0,3241.0,3271.0,3271.0,3241.0,1253.3000000000002,1303.3000000000002
25,109,3286.0,1278.3000000000002,13.505343915343913,126,0,3271.0,3301.0,3301.0,3271.0,1253.3000000000002,1303.3000000000002
25,110,3316.0,1278.3000000000002,23.078571428571433,78,0,3301.0,3331.0,3331.0,3301.0,1253.3000000000002,1303.3000000000002
25,111,3346.0,1278.3000000000002,27.13312418300654,85,0,3331.0,3361.0,3361.0,3331.0,1253.3000000000002,1303.3000000000002
25,112,3376.0,1278.3000000000002,30.12676056338028,71,0,3361.0,3391.0,3391.0,3361.0,1253.3000000000002,1303.3000000000002
25,113,3406.0,1278.3000000000002,34.3803947368421,76,0,3391.0,3421.0,3421.0,3391.0,1253.3000000000002,1303.3000000000002
25,114,3436.0,1278.3000000000002,32.672316729323306,76,0,3421.0,3451.0,3451.0,3421.0,1253.3000000000002,1303.3000000000002
25,115,3466.0,1278.3000000000002,29.361728395061714,81,0,3451.0,3481.0,3481.0,3451.0,1253.3000000000002,1303.3000000000002
25,116,3496.0,1278.3000000000002,32.11979591836735,49,0,3481.0,3511.0,3511.0,3481.0,1253.3000000000002,1303.3000000000002
25,117,3526.0,1278.3000000000002,33.23278481012657,79,0,3511.0,3541.0,3541.0,3511.0,1253.3000000000002,1303.3000000000002
25,118,3556.0,1278.3000000000002,28.609129129129123,74,0,3541.0,3571.0,3571.0,3541.0,1253.3000000000002,1303.3000000000002
25,119,3586.0,1278.3000000000002,24.877825396825383,90,0,3571.0,3601.0,3601.0,3571.0,1253.3000000000002,1303.3000000000002
25,120,3616.0,1278.3000000000002,30.670854700854704,78,0,3601.0,3631.0,3631.0,3601.0,1253.3000000000002,1303.3000000000002
25,121,3646.0,1278.3000000000002,33.8627868852459,61,0,3631.0,3661.0,3661.0,3631.0,1253.3000000000002,1303.3000000000002
25,122,3676.0,1278.3000000000002,31.907343749999992,64,0,3661.0,3691.0,3691.0,3661.0,1253.3000000000002,1303.3000000000002
25,123,3706.0,1278.3000000000002,25.651355932203387,59,0,3691.0,3721.0,3721.0,3691.0,1253.3000000000002,1303.3000000000002
25,124,3736.0,1278.3000000000002,29.518412698412703,63,0,3721.0,3751.0,3751.0,3721.0,1253.3000000000002,1303.3000000000002
25,125,3766.0,1278.3000000000002,30.083076923076923,13,0,3751.0,3781.0,3781.0,3751.0,1253.3000000000002,1303.3000000000002
25,126,3796.0,1278.3000000000002,,0,0,3781.0,3811.0,3811.0,3781.0,1253.3000000000002,1303.3000000000002
25,127,3826.0,1278.3000000000002,,0,0,3811.0,3841.0,3841.0,3811.0,1253.3000000000002,1303.3000000000002
26,0,16.0,1328.3000000000002,62.092000000000006,40,0,1.0,31.0,31.0,1.0,1303.3000000000002,1353.3000000000002
26,1,46.0,1328.3000000000002,66.73095238095237,21,0,31.0,61.0,61.0,31.0,1303.3000000000002,1353.3000000000002
26,2,76.0,1328.3000000000002,71.81347826086954,23,0,61.0,91.0,91.0,61.0,1303.3000000000002,1353.3000000000002
26,3,106.0,1328.3000000000002,64.90318181818182,22,0,91.0,121.0,121.0,91.0,1303.3000000000002,1353.3000000000002
26,4,136.0,1328.3000000000002,72.73363636363636,11,0,121.0,151.0,151.0,121.0,1303.3000000000002,1353.3000000000002
26,5,166.0,1328.3000000000002,54.82749999999999,60,0,151.0,181.0,181.0,151.0,1303.3000000000002,1353.3000000000002
26,6,196.0,1328.3000000000002,63.533720930232576,43,0,181.0,211.0,211.0,181.0,1303.3000000000002,1353.3000000000002
26,7,226.0,1328.3000000000002,67.29032258064517,31,0,211.0,241.0,241.0,211.0,1303.3000000000002,1353.3000000000002
26,8,256.0,1328.3000000000002,66.029,40,0,241.0,271.0,271.0,241.0,1303.3000000000002,1353.3000000000002
26,9,286.0,1328.3000000000002,63.74129032258064,31,0,271.0,301.0,301.0,271.0,1303.3000000000002,1353.3000000000002
26,10,316.0,1328.3000000000002,60.43833333333333,24,0,301.0,331.0,331.0,301.0,1303.3000000000002,1353.3000000000002
26,11,346.0,1328.3000000000002,67.44466666666668,15,0,331.0,361.0,361.0,331.0,1303.3000000000002,1353.3000000000002
26,12,376.0,1328.3000000000002,66.56647058823529,17,0,361.0,391.0,391.0,361.0,1303.3000000000002,1353.3000000000002
26,13,406.0,1328.3000000000002,66.98076923076924,13,0,391.0,421.0,421.0,391.0,1303.3000000000002,1353.3000000000002
26,14,436.0,1328.3000000000002,71.535625,16,0,421.0,451.0,451.0,421.0,1303.3000000000002,1353.3000000000002
26,15,466.0,1328.3000000000002,55.945454545454545,33,0,451.0,481.0,481.0,451.0,1303.3000000000002,1353.3000000000002
26,16,496.0,1328.3000000000002,53.34218181818182,55,0,481.0,511.0,511.0,481.0,1303.3000000000002,1353.3000000000002
26,17,526.0,1328.3000000000002,59.426923076923075,26,0,511.0,541.0,541.0,511.0,1303.3000000000002,1353.3000000000002
26,18,556.0,1328.3000000000002,57.690731707317056,41,0,541.0,571.0,571.0,541.0,1303.3000000000002,1353.3000000000002
26,19,586.0,1328.3000000000002,53.87507936507935,63,0,571.0,601.0,601.0,571.0,1303.3000000000002,1353.3000000000002
26,20,616.0,1328.3000000000002,56.74795454545453,44,0,601.0,631.0,631.0,601.0,1303.3000000000002,1353.3000000000002
26,21,646.0,1328.3000000000002,52.648392857142866,56,0,631.0,661.0,661.0,631.0,1303.3000000000002,1353.3000000000002
26,22,676.0,1328.3000000000002,54.741290322580646,31,0,661.0,691.0,691.0,661.0,1303.3000000000002,1353.3000000000002
26,23,706.0,1328.3000000000002,46.236379310344816,58,0,691.0,721.0,721.0,691.0,1303.3000000000002,1353.3000000000002
26,24,736.0,1328.3000000000002,57.56888888888889,27,0,721.0,751.0,751.0,721.0,1303.3000000000002,1353.3000000000002
26,25,766.0,1328.3000000000002,51.404,50,0,751.0,781.0,781.0,751.0,1303.3000000000002,1353.3000000000002
26,26,796.0,1328.3000000000002,55.14791666666667,48,0,781.0,811.0,811.0,781.0,1303.3000000000002,1353.3000000000002
26,27,826.0,1328.3000000000002,57.186206896551724,29,0,811.0,841.0,841.0,811.0,1303.3000000000002,1353.3000000000002
26,28,856.0,1328.3000000000002,43.961311475409836,61,0,841.0,871.0,871.0,841.0,1303.3000000000002,1353.3000000000002
26,29,886.0,1328.3000000000002,42.91703125,64,0,871.0,901.0,901.0,871.0,1303.3000000000002,1353.3000000000002
26,30,916.0,1328.3000000000002,51.147142857142846,49,0,901.0,931.0,931.0,901.0,1303.3000000000002,1353.3000000000002
26,31,946.0,1328.3000000000002,54.63953488372094,43,0,931.0,961.0,961.0,931.0,1303.3000000000002,1353.3000000000002
26,32,976.0,1328.3000000000002,50.33450980392158,51,0,961.0,991.0,991.0,961.0,1303.3000000000002,1353.3000000000002
26,33,1006.0,1328.3000000000002,40.99125000000001,64,0,991.0,1021.0,1021.0,991.0,1303.3000000000002,1353.3000000000002
26,34,1036.0,1328.3000000000002,44.20893617021276,47,0,1021.0,1051.0,1051.0,1021.0,1303.3000000000002,1353.3000000000002
26,35,1066.0,1328.3000000000002,46.26978723404257,47,0,1051.0,1081.0,1081.0,1051.0,1303.3000000000002,1353.3000000000002
26,36,1096.0,1328.3000000000002,46.32346153846155,52,0,1081.0,1111.0,1111.0,1081.0,1303.3000000000002,1353.3000000000002
26,37,1126.0,1328.3000000000002,39.271911764705884,68,0,1111.0,1141.0,1141.0,1111.0,1303.3000000000002,1353.3000000000002
26,38,1156.0,1328.3000000000002,44.288985507246394,69,0,1141.0,1171.0,1171.0,1141.0,1303.3000000000002,1353.3000000000002
26,39,1186.0,1328.3000000000002,44.31015384615385,65,0,1171.0,1201.0,1201.0,1171.0,1303.3000000000002,1353.3000000000002
26,40,1216.0,1328.3000000000002,51.417777777777786,27,0,1201.0,1231.0,1231.0,1201.0,1303.3000000000002,1353.3000000000002
26,41,1246.0,1328.3000000000002,53.39571428571427,42,0,1231.0,1261.0,1261.0,1231.0,1303.3000000000002,1353.3000000000002
26,42,1276.0,1328.3000000000002,42.04145161290323,62,0,1261.0,1291.0,1291.0,1261.0,1303.3000000000002,1353.3000000000002
26,43,1306.0,1328.3000000000002,46.06739999999999,50,0,1291.0,1321.0,1321.0,1291.0,1303.3000000000002,1353.3000000000002
26,44,1336.0,1328.3000000000002,46.76571428571429,49,0,1321.0,1351.0,1351.0,1321.0,1303.3000000000002,1353.3000000000002
26,45,1366.0,1328.3000000000002,41.87850000000002,60,0,1351.0,1381.0,1381.0,1351.0,1303.3000000000002,1353.3000000000002
26,46,1396.0,1328.3000000000002,45.09111111111111,54,0,1381.0,1411.0,1411.0,1381.0,1303.3000000000002,1353.3000000000002
26,47,1426.0,1328.3000000000002,43.06,69,0,1411.0,1441.0,1441.0,1411.0,1303.3000000000002,1353.3000000000002
26,48,1456.0,1328.3000000000002,42.14851851851853,54,0,1441.0,1471.0,1471.0,1441.0,1303.3000000000002,1353.3000000000002
26,49,1486.0,1328.3000000000002,46.28302325581396,43,0,1471.0,1501.0,1501.0,1471.0,1303.3000000000002,1353.3000000000002
26,50,1516.0,1328.3000000000002,46.04821428571429,56,0,1501.0,1531.0,1531.0,1501.0,1303.3000000000002,1353.3000000000002
26,51,1546.0,1328.3000000000002,48.67888888888889,45,0,1531.0,1561.0,1561.0,1531.0,1303.3000000000002,1353.3000000000002
26,52,1576.0,1328.3000000000002,45.91058823529412,51,0,1561.0,1591.0,1591.0,1561.0,1303.3000000000002,1353.3000000000002
26,53,1606.0,1328.3000000000002,44.21104166666667,48,0,1591.0,1621.0,1621.0,1591.0,1303.3000000000002,1353.3000000000002
26,54,1636.0,1328.3000000000002,34.46238805970149,67,0,1621.0,1651.0,1651.0,1621.0,1303.3000000000002,1353.3000000000002
26,55,1666.0,1328.3000000000002,33.80623188405798,69,0,1651.0,1681.0,1681.0,1651.0,1303.3000000000002,1353.3000000000002
26,56,1696.0,1328.3000000000002,35.5398245614035,76,0,1681.0,1711.0,1711.0,1681.0,1303.3000000000002,1353.3000000000002
26,57,1726.0,1328.3000000000002,34.718571428571416,70,0,1711.0,1741.0,1741.0,1711.0,1303.3000000000002,1353.3000000000002
26,58,1756.0,1328.3000000000002,32.153218390804604,87,0,1741.0,1771.0,1771.0,1741.0,1303.3000000000002,1353.3000000000002
26,59,1786.0,1328.3000000000002,20.021764705882344,102,0,1771.0,1801.0,1801.0,1771.0,1303.3000000000002,1353.3000000000002
26,60,1816.0,1328.3000000000002,20.640747663551405,107,0,1801.0,1831.0,1831.0,1801.0,1303.3000000000002,1353.3000000000002
26,61,1846.0,1328.3000000000002,20.19920792079208,101,0,1831.0,1861.0,1861.0,1831.0,1303.3000000000002,1353.3000000000002
26,62,1876.0,1328.3000000000002,28.484153846153845,65,0,1861.0,1891.0,1891.0,1861.0,1303.3000000000002,1353.3000000000002
26,63,1906.0,1328.3000000000002,32.641126760563374,71,0,1891.0,1921.0,1921.0,1891.0,1303.3000000000002,1353.3000000000002
26,64,1936.0,1328.3000000000002,33.98760563380283,71,0,1921.0,1951.0,1951.0,1921.0,1303.3000000000002,1353.3000000000002
26,65,1966.0,1328.3000000000002,30.983703703703696,81,0,1951.0,1981.0,1981.0,1951.0,1303.3000000000002,1353.3000000000002
26,66,1996.0,1328.3000000000002,31.871086956521747,92,0,1981.0,2011.0,2011.0,1981.0,1303.3000000000002,1353.3000000000002
26,67,2026.0,1328.3000000000002,37.30436363636364,55,0,2011.0,2041.0,2041.0,2011.0,1303.3000000000002,1353.3000000000002
26,68,2056.0,1328.3000000000002,34.49250000000001,68,0,2041.0,2071.0,2071.0,2041.0,1303.3000000000002,1353.3000000000002
26,69,2086.0,1328.3000000000002,26.878309859154932,71,0,2071.0,2101.0,2101.0,2071.0,1303.3000000000002,1353.3000000000002
26,70,2116.0,1328.3000000000002,34.88098360655736,61,0,2101.0,2131.0,2131.0,2101.0,1303.3000000000002,1353.3000000000002
26,71,2146.0,1328.3000000000002,33.21792207792208,77,0,2131.0,2161.0,2161.0,2131.0,1303.3000000000002,1353.3000000000002
26,72,2176.0,1328.3000000000002,32.32686046511628,86,0,2161.0,2191.0,2191.0,2161.0,1303.3000000000002,1353.3000000000002
26,73,2206.0,1328.3000000000002,32.76131147540985,61,0,2191.0,2221.0,2221.0,2191.0,1303.3000000000002,1353.3000000000002
26,74,2236.0,1328.3000000000002,34.101363636363644,66,0,2221.0,2251.0,2251.0,2221.0,1303.3000000000002,1353.3000000000002
26,75,2266.0,1328.3000000000002,33.81790322580645,62,0,2251.0,2281.0,2281.0,2251.0,1303.3000000000002,1353.3000000000002
26,76,2296.0,1328.3000000000002,30.079367088607594,79,0,2281.0,2311.0,2311.0,2281.0,1303.3000000000002,1353.3000000000002
26,77,2326.0,1328.3000000000002,29.094743589743594,78,0,2311.0,2341.0,2341.0,2311.0,1303.3000000000002,1353.3000000000002
26,78,2356.0,1328.3000000000002,35.132931034482766,58,0,2341.0,2371.0,2371.0,2341.0,1303.3000000000002,1353.3000000000002
26,79,2386.0,1328.3000000000002,36.76039215686274,51,0,2371.0,2401.0,2401.0,2371.0,1303.3000000000002,1353.3000000000002
26,80,2416.0,1328.3000000000002,34.86650602409638,83,0,2401.0,2431.0,2431.0,2401.0,1303.3000000000002,1353.3000000000002
26,81,2446.0,1328.3000000000002,29.744545454545463,88,0,2431.0,2461.0,2461.0,2431.0,1303.3000000000002,1353.3000000000002
26,82,2476.0,1328.3000000000002,28.812272727272724,88,0,2461.0,2491.0,2491.0,2461.0,1303.3000000000002,1353.3000000000002
26,83,2506.0,1328.3000000000002,22.670425531914905,94,0,2491.0,2521.0,2521.0,2491.0,1303.3000000000002,1353.3000000000002
26,84,2536.0,1328.3000000000002,29.308500000000006,60,0,2521.0,2551.0,2551.0,2521.0,1303.3000000000002,1353.3000000000002
26,85,2566.0,1328.3000000000002,29.108172043010768,93,0,2551.0,2581.0,2581.0,2551.0,1303.3000000000002,1353.3000000000002
26,86,2596.0,1328.3000000000002,23.882871287128722,101,0,2581.0,2611.0,2611.0,2581.0,1303.3000000000002,1353.3000000000002
26,87,2626.0,1328.3000000000002,24.94298850574711,87,0,2611.0,2641.0,2641.0,2611.0,1303.3000000000002,1353.3000000000002
26,88,2656.0,1328.3000000000002,28.510744680851065,94,0,2641.0,2671.0,2671.0,2641.0,1303.3000000000002,1353.3000000000002
26,89,2686.0,1328.3000000000002,31.424999999999997,54,0,2671.0,2701.0,2701.0,2671.0,1303.3000000000002,1353.3000000000002
26,90,2716.0,1328.3000000000002,33.98583333333333,60,0,2701.0,2731.0,2731.0,2701.0,1303.3000000000002,1353.3000000000002
26,91,2746.0,1328.3000000000002,37.64096209912537,49,0,2731.0,2761.0,2761.0,2731.0,1303.3000000000002,1353.3000000000002
26,92,2776.0,1328.3000000000002,37.94576923076923,52,0,2761.0,2791.0,2791.0,2761.0,1303.3000000000002,1353.3000000000002
26,93,2806.0,1328.3000000000002,40.79379310344827,58,0,2791.0,2821.0,2821.0,2791.0,1303.3000000000002,1353.3000000000002
26,94,2836.0,1328.3000000000002,35.75093333333334,75,0,2821.0,2851.0,2851.0,2821.0,1303.3000000000002,1353.3000000000002
26,95,2866.0,1328.3000000000002,36.42273972602739,73,0,2851.0,2881.0,2881.0,2851.0,1303.3000000000002,1353.3000000000002
26,96,2896.0,1328.3000000000002,38.283636363636376,55,0,2881.0,2911.0,2911.0,2881.0,1303.3000000000002,1353.3000000000002
26,97,2926.0,1328.3000000000002,42.88666666666666,48,0,2911.0,2941.0,2941.0,2911.0,1303.3000000000002,1353.3000000000002
26,98,2956.0,1328.3000000000002,40.817499999999995,72,0,2941.0,2971.0,2971.0,2941.0,1303.3000000000002,1353.3000000000002
26,99,2986.0,1328.3000000000002,38.79380952380953,63,0,2971.0,3001.0,3001.0,2971.0,1303.3000000000002,1353.3000000000002
26,100,3016.0,1328.3000000000002,36.11430555555556,72,0,3001.0,3031.0,3031.0,3001.0,1303.3000000000002,1353.3000000000002
26,101,3046.0,1328.3000000000002,32.818095238095246,84,0,3031.0,3061.0,3061.0,3031.0,1303.3000000000002,1353.3000000000002
26,102,3076.0,1328.3000000000002,30.391666666666662,66,0,3061.0,3091.0,3091.0,3061.0,1303.3000000000002,1353.3000000000002
26,103,3106.0,1328.3000000000002,30.797113402061854,97,0,3091.0,3121.0,3121.0,3091.0,1303.3000000000002,1353.3000000000002
26,104,3136.0,1328.3000000000002,27.893298969072152,97,0,3121.0,3151.0,3151.0,3121.0,1303.3000000000002,1353.3000000000002
26,105,3166.0,1328.3000000000002,25.10186046511628,86,0,3151.0,3181.0,3181.0,3151.0,1303.3000000000002,1353.3000000000002
26,106,3196.0,1328.3000000000002,24.440373831775698,107,0,3181.0,3211.0,3211.0,3181.0,1303.3000000000002,1353.3000000000002
26,107,3226.0,1328.3000000000002,25.270246913580234,81,0,3211.0,3241.0,3241.0,3211.0,1303.3000000000002,1353.3000000000002
26,108,3256.0,1328.3000000000002,24.80172727272727,110,0,3241.0,3271.0,3271.0,3241.0,1303.3000000000002,1353.3000000000002
26,109,3286.0,1328.3000000000002,20.817058823529415,85,0,3271.0,3301.0,3301.0,3271.0,1303.3000000000002,1353.3000000000002
26,110,3316.0,1328.3000000000002,30.497352941176466,68,0,3301.0,3331.0,3331.0,3301.0,1303.3000000000002,1353.3000000000002
26,111,3346.0,1328.3000000000002,35.09434782608696,69,0,3331.0,3361.0,3361.0,3331.0,1303.3000000000002,1353.3000000000002
26,112,3376.0,1328.3000000000002,35.63835820895521,67,0,3361.0,3391.0,3391.0,3361.0,1303.3000000000002,1353.3000000000002
26,113,3406.0,1328.3000000000002,40.25491525423728,59,0,3391.0,3421.0,3421.0,3391.0,1303.3000000000002,1353.3000000000002
26,114,3436.0,1328.3000000000002,37.22469696969698,66,0,3421.0,3451.0,3451.0,3421.0,1303.3000000000002,1353.3000000000002
26,115,3466.0,1328.3000000000002,36.34731343283583,67,0,3451.0,3481.0,3481.0,3451.0,1303.3000000000002,1353.3000000000002
26,116,3496.0,1328.3000000000002,37.856600000000014,50,0,3481.0,3511.0,3511.0,3481.0,1303.3000000000002,1353.3000000000002
26,117,3526.0,1328.3000000000002,34.89746666666667,75,0,3511.0,3541.0,3541.0,3511.0,1303.3000000000002,1353.3000000000002
26,118,3556.0,1328.3000000000002,36.781076923076945,65,0,3541.0,3571.0,3571.0,3541.0,1303.3000000000002,1353.3000000000002
26,119,3586.0,1328.3000000000002,36.3185,60,0,3571.0,3601.0,3601.0,3571.0,1303.3000000000002,1353.3000000000002
26,120,3616.0,1328.3000000000002,37.54460317460319,63,0,3601.0,3631.0,3631.0,3601.0,1303.3000000000002,1353.3000000000002
26,121,3646.0,1328.3000000000002,40.63299999999999,50,0,3631.0,3661.0,3661.0,3631.0,1303.3000000000002,1353.3000000000002
26,122,3676.0,1328.3000000000002,37.741578947368424,57,0,3661.0,3691.0,3691.0,3661.0,1303.3000000000002,1353.3000000000002
26,123,3706.0,1328.3000000000002,30.587916666666676,48,0,3691.0,3721.0,3721.0,3691.0,1303.3000000000002,1353.3000000000002
26,124,3736.0,1328.3000000000002,35.67270833333333,48,0,3721.0,3751.0,3751.0,3721.0,1303.3000000000002,1353.3000000000002
26,125,3766.0,1328.3000000000002,35.849999999999994,21,0,3751.0,3781.0,3781.0,3751.0,1303.3000000000002,1353.3000000000002
26,126,3796.0,1328.3000000000002,,0,0,3781.0,3811.0,3811.0,3781.0,1303.3000000000002,1353.3000000000002
26,127,3826.0,1328.3000000000002,,0,0,3811.0,3841.0,3841.0,3811.0,1303.3000000000002,1353.3000000000002
27,0,16.0,1378.3000000000002,61.911500000000004,40,0,1.0,31.0,31.0,1.0,1353.3000000000002,1403.3000000000002
27,1,46.0,1378.3000000000002,64.29961538461538,26,0,31.0,61.0,61.0,31.0,1353.3000000000002,1403.3000000000002
27,2,76.0,1378.3000000000002,70.24538461538462,26,0,61.0,91.0,91.0,61.0,1353.3000000000002,1403.3000000000002
27,3,106.0,1378.3000000000002,65.2956,25,0,91.0,121.0,121.0,91.0,1353.3000000000002,1403.3000000000002
27,4,136.0,1378.3000000000002,71.80444444444444,9,0,121.0,151.0,151.0,121.0,1353.3000000000002,1403.3000000000002
27,5,166.0,1378.3000000000002,54.43649122807017,57,0,151.0,181.0,181.0,151.0,1353.3000000000002,1403.3000000000002
27,6,196.0,1378.3000000000002,60.32238095238095,42,0,181.0,211.0,211.0,181.0,1353.3000000000002,1403.3000000000002
27,7,226.0,1378.3000000000002,66.0840476190476,42,0,211.0,241.0,241.0,211.0,1353.3000000000002,1403.3000000000002
27,8,256.0,1378.3000000000002,65.34,35,0,241.0,271.0,271.0,241.0,1353.3000000000002,1403.3000000000002
27,9,286.0,1378.3000000000002,63.67499999999999,42,0,271.0,301.0,301.0,271.0,1353.3000000000002,1403.3000000000002
27,10,316.0,1378.3000000000002,57.10166666666667,24,0,301.0,331.0,331.0,301.0,1353.3000000000002,1403.3000000000002
27,11,346.0,1378.3000000000002,65.17999999999998,13,0,331.0,361.0,361.0,331.0,1353.3000000000002,1403.3000000000002
27,12,376.0,1378.3000000000002,67.8555,20,0,361.0,391.0,391.0,361.0,1353.3000000000002,1403.3000000000002
27,13,406.0,1378.3000000000002,68.47583333333334,12,0,391.0,421.0,421.0,391.0,1353.3000000000002,1403.3000000000002
27,14,436.0,1378.3000000000002,69.40352941176468,17,0,421.0,451.0,451.0,421.0,1353.3000000000002,1403.3000000000002
27,15,466.0,1378.3000000000002,56.636799999999994,25,0,451.0,481.0,481.0,451.0,1353.3000000000002,1403.3000000000002
27,16,496.0,1378.3000000000002,52.11098360655737,61,0,481.0,511.0,511.0,481.0,1353.3000000000002,1403.3000000000002
27,17,526.0,1378.3000000000002,56.16518518518517,27,0,511.0,541.0,541.0,511.0,1353.3000000000002,1403.3000000000002
27,18,556.0,1378.3000000000002,57.52268292682926,41,0,541.0,571.0,571.0,541.0,1353.3000000000002,1403.3000000000002
27,19,586.0,1378.3000000000002,52.1181690140845,71,0,571.0,601.0,601.0,571.0,1353.3000000000002,1403.3000000000002
27,20,616.0,1378.3000000000002,55.00214285714286,42,0,601.0,631.0,631.0,601.0,1353.3000000000002,1403.3000000000002
27,21,646.0,1378.3000000000002,51.17578124999998,64,0,631.0,661.0,661.0,631.0,1353.3000000000002,1403.3000000000002
27,22,676.0,1378.3000000000002,52.6208108108108,37,0,661.0,691.0,691.0,661.0,1353.3000000000002,1403.3000000000002
27,23,706.0,1378.3000000000002,46.277187500000004,64,0,691.0,721.0,721.0,691.0,1353.3000000000002,1403.3000000000002
27,24,736.0,1378.3000000000002,54.345882352941175,34,0,721.0,751.0,751.0,721.0,1353.3000000000002,1403.3000000000002
27,25,766.0,1378.3000000000002,46.48673913043479,46,0,751.0,781.0,781.0,751.0,1353.3000000000002,1403.3000000000002
27,26,796.0,1378.3000000000002,51.25661290322583,62,0,781.0,811.0,811.0,781.0,1353.3000000000002,1403.3000000000002
27,27,826.0,1378.3000000000002,56.021153846153844,26,0,811.0,841.0,841.0,811.0,1353.3000000000002,1403.3000000000002
27,28,856.0,1378.3000000000002,47.607000000000006,50,0,841.0,871.0,871.0,841.0,1353.3000000000002,1403.3000000000002
27,29,886.0,1378.3000000000002,38.73177215189874,79,0,871.0,901.0,901.0,871.0,1353.3000000000002,1403.3000000000002
27,30,916.0,1378.3000000000002,48.95459016393444,61,0,901.0,931.0,931.0,901.0,1353.3000000000002,1403.3000000000002
27,31,946.0,1378.3000000000002,54.33591836734693,49,0,931.0,961.0,961.0,931.0,1353.3000000000002,1403.3000000000002
27,32,976.0,1378.3000000000002,52.85607843137255,51,0,961.0,991.0,991.0,961.0,1353.3000000000002,1403.3000000000002
27,33,1006.0,1378.3000000000002,44.44822580645162,62,0,991.0,1021.0,1021.0,991.0,1353.3000000000002,1403.3000000000002
27,34,1036.0,1378.3000000000002,42.12711864406779,59,0,1021.0,1051.0,1051.0,1021.0,1353.3000000000002,1403.3000000000002
27,35,1066.0,1378.3000000000002,48.60042553191489,47,0,1051.0,1081.0,1081.0,1051.0,1353.3000000000002,1403.3000000000002
27,36,1096.0,1378.3000000000002,47.495576923076925,52,0,1081.0,1111.0,1111.0,1081.0,1353.3000000000002,1403.3000000000002
27,37,1126.0,1378.3000000000002,41.89737704918032,61,0,1111.0,1141.0,1141.0,1111.0,1353.3000000000002,1403.3000000000002
27,38,1156.0,1378.3000000000002,42.49776119402987,67,0,1141.0,1171.0,1171.0,1141.0,1353.3000000000002,1403.3000000000002
27,39,1186.0,1378.3000000000002,44.83014925373135,67,0,1171.0,1201.0,1201.0,1171.0,1353.3000000000002,1403.3000000000002
27,40,1216.0,1378.3000000000002,49.22933333333334,30,0,1201.0,1231.0,1231.0,1201.0,1353.3000000000002,1403.3000000000002
27,41,1246.0,1378.3000000000002,54.65461538461539,39,0,1231.0,1261.0,1261.0,1231.0,1353.3000000000002,1403.3000000000002
27,42,1276.0,1378.3000000000002,42.51515624999999,64,0,1261.0,1291.0,1291.0,1261.0,1353.3000000000002,1403.3000000000002
27,43,1306.0,1378.3000000000002,42.756785714285705,56,0,1291.0,1321.0,1321.0,1291.0,1353.3000000000002,1403.3000000000002
27,44,1336.0,1378.3000000000002,45.70571428571429,49,0,1321.0,1351.0,1351.0,1321.0,1353.3000000000002,1403.3000000000002
27,45,1366.0,1378.3000000000002,44.21614035087719,57,0,1351.0,1381.0,1381.0,1351.0,1353.3000000000002,1403.3000000000002
27,46,1396.0,1378.3000000000002,44.476842105263145,57,0,1381.0,1411.0,1411.0,1381.0,1353.3000000000002,1403.3000000000002
27,47,1426.0,1378.3000000000002,45.32647887323942,71,0,1411.0,1441.0,1441.0,1411.0,1353.3000000000002,1403.3000000000002
27,48,1456.0,1378.3000000000002,41.48537037037037,54,0,1441.0,1471.0,1471.0,1441.0,1353.3000000000002,1403.3000000000002
27,49,1486.0,1378.3000000000002,44.16729166666665,48,0,1471.0,1501.0,1501.0,1471.0,1353.3000000000002,1403.3000000000002
27,50,1516.0,1378.3000000000002,43.27509090909091,55,0,1501.0,1531.0,1531.0,1501.0,1353.3000000000002,1403.3000000000002
27,51,1546.0,1378.3000000000002,47.61696428571428,56,0,1531.0,1561.0,1561.0,1531.0,1353.3000000000002,1403.3000000000002
27,52,1576.0,1378.3000000000002,47.001250000000006,56,0,1561.0,1591.0,1591.0,1561.0,1353.3000000000002,1403.3000000000002
27,53,1606.0,1378.3000000000002,44.003518518518526,54,0,1591.0,1621.0,1621.0,1591.0,1353.3000000000002,1403.3000000000002
27,54,1636.0,1378.3000000000002,37.42874999999999,56,0,1621.0,1651.0,1651.0,1621.0,1353.3000000000002,1403.3000000000002
27,55,1666.0,1378.3000000000002,35.982537313432836,67,0,1651.0,1681.0,1681.0,1651.0,1353.3000000000002,1403.3000000000002
27,56,1696.0,1378.3000000000002,34.050694444444446,72,0,1681.0,1711.0,1711.0,1681.0,1353.3000000000002,1403.3000000000002
27,57,1726.0,1378.3000000000002,30.149146341463414,82,0,1711.0,1741.0,1741.0,1711.0,1353.3000000000002,1403.3000000000002
27,58,1756.0,1378.3000000000002,26.255604395604383,91,0,1741.0,1771.0,1771.0,1741.0,1353.3000000000002,1403.3000000000002
27,59,1786.0,1378.3000000000002,22.68024390243903,82,0,1771.0,1801.0,1801.0,1771.0,1353.3000000000002,1403.3000000000002
27,60,1816.0,1378.3000000000002,27.216578947368422,76,0,1801.0,1831.0,1831.0,1801.0,1353.3000000000002,1403.3000000000002
27,61,1846.0,1378.3000000000002,28.108985507246377,69,0,1831.0,1861.0,1861.0,1831.0,1353.3000000000002,1403.3000000000002
27,62,1876.0,1378.3000000000002,34.56277777777778,54,0,1861.0,1891.0,1891.0,1861.0,1353.3000000000002,1403.3000000000002
27,63,1906.0,1378.3000000000002,36.37757142857143,70,0,1891.0,1921.0,1921.0,1891.0,1353.3000000000002,1403.3000000000002
27,64,1936.0,1378.3000000000002,35.215909090909086,66,0,1921.0,1951.0,1951.0,1921.0,1353.3000000000002,1403.3000000000002
27,65,1966.0,1378.3000000000002,35.240897435897445,78,0,1951.0,1981.0,1981.0,1951.0,1353.3000000000002,1403.3000000000002
27,66,1996.0,1378.3000000000002,33.30756756756755,74,0,1981.0,2011.0,2011.0,1981.0,1353.3000000000002,1403.3000000000002
27,67,2026.0,1378.3000000000002,34.847826086956516,69,0,2011.0,2041.0,2041.0,2011.0,1353.3000000000002,1403.3000000000002
27,68,2056.0,1378.3000000000002,39.66916666666667,60,0,2041.0,2071.0,2071.0,2041.0,1353.3000000000002,1403.3000000000002
27,69,2086.0,1378.3000000000002,29.455090909090906,55,0,2071.0,2101.0,2101.0,2071.0,1353.3000000000002,1403.3000000000002
27,70,2116.0,1378.3000000000002,35.88611940298506,67,0,2101.0,2131.0,2131.0,2101.0,1353.3000000000002,1403.3000000000002
27,71,2146.0,1378.3000000000002,35.70305555555556,72,0,2131.0,2161.0,2161.0,2131.0,1353.3000000000002,1403.3000000000002
27,72,2176.0,1378.3000000000002,35.2210810810811,74,0,2161.0,2191.0,2191.0,2161.0,1353.3000000000002,1403.3000000000002
27,73,2206.0,1378.3000000000002,33.3786274509804,51,0,2191.0,2221.0,2221.0,2191.0,1353.3000000000002,1403.3000000000002
27,74,2236.0,1378.3000000000002,36.96746478873239,71,0,2221.0,2251.0,2251.0,2221.0,1353.3000000000002,1403.3000000000002
27,75,2266.0,1378.3000000000002,38.408392857142864,56,0,2251.0,2281.0,2281.0,2251.0,1353.3000000000002,1403.3000000000002
27,76,2296.0,1378.3000000000002,36.145303030303026,66,0,2281.0,2311.0,2311.0,2281.0,1353.3000000000002,1403.3000000000002
27,77,2326.0,1378.3000000000002,32.40608695652174,69,0,2311.0,2341.0,2341.0,2311.0,1353.3000000000002,1403.3000000000002
27,78,2356.0,1378.3000000000002,37.8128813559322,59,0,2341.0,2371.0,2371.0,2341.0,1353.3000000000002,1403.3000000000002
27,79,2386.0,1378.3000000000002,39.607727272727296,44,0,2371.0,2401.0,2401.0,2371.0,1353.3000000000002,1403.3000000000002
27,80,2416.0,1378.3000000000002,34.44718749999999,64,0,2401.0,2431.0,2431.0,2401.0,1353.3000000000002,1403.3000000000002
27,81,2446.0,1378.3000000000002,28.15072289156626,83,0,2431.0,2461.0,2461.0,2431.0,1353.3000000000002,1403.3000000000002
27,82,2476.0,1378.3000000000002,22.614848484848487,99,0,2461.0,2491.0,2491.0,2461.0,1353.3000000000002,1403.3000000000002
27,83,2506.0,1378.3000000000002,22.091157894736845,95,0,2491.0,2521.0,2521.0,2491.0,1353.3000000000002,1403.3000000000002
27,84,2536.0,1378.3000000000002,31.228472222222226,72,0,2521.0,2551.0,2551.0,2521.0,1353.3000000000002,1403.3000000000002
27,85,2566.0,1378.3000000000002,28.179425287356317,87,0,2551.0,2581.0,2581.0,2551.0,1353.3000000000002,1403.3000000000002
27,86,2596.0,1378.3000000000002,24.68494505494506,91,0,2581.0,2611.0,2611.0,2581.0,1353.3000000000002,1403.3000000000002
27,87,2626.0,1378.3000000000002,28.21269230769231,78,0,2611.0,2641.0,2641.0,2611.0,1353.3000000000002,1403.3000000000002
27,88,2656.0,1378.3000000000002,29.895348837209312,86,0,2641.0,2671.0,2671.0,2641.0,1353.3000000000002,1403.3000000000002
27,89,2686.0,1378.3000000000002,34.23090909090909,55,0,2671.0,2701.0,2701.0,2671.0,1353.3000000000002,1403.3000000000002
27,90,2716.0,1378.3000000000002,36.93892307692309,65,0,2701.0,2731.0,2731.0,2701.0,1353.3000000000002,1403.3000000000002
27,91,2746.0,1378.3000000000002,34.1396551724138,58,0,2731.0,2761.0,2761.0,2731.0,1353.3000000000002,1403.3000000000002
27,92,2776.0,1378.3000000000002,37.92403846153846,52,0,2761.0,2791.0,2791.0,2761.0,1353.3000000000002,1403.3000000000002
27,93,2806.0,1378.3000000000002,41.615757575757584,66,0,2791.0,2821.0,2821.0,2791.0,1353.3000000000002,1403.3000000000002
27,94,2836.0,1378.3000000000002,39.40253731343283,67,0,2821.0,2851.0,2851.0,2821.0,1353.3000000000002,1403.3000000000002
27,95,2866.0,1378.3000000000002,34.99338028169015,71,0,2851.0,2881.0,2881.0,2851.0,1353.3000000000002,1403.3000000000002
27,96,2896.0,1378.3000000000002,37.751403508771936,57,0,2881.0,2911.0,2911.0,2881.0,1353.3000000000002,1403.3000000000002
27,97,2926.0,1378.3000000000002,39.74380952380952,63,0,2911.0,2941.0,2941.0,2911.0,1353.3000000000002,1403.3000000000002
27,98,2956.0,1378.3000000000002,40.31108108108107,74,0,2941.0,2971.0,2971.0,2941.0,1353.3000000000002,1403.3000000000002
27,99,2986.0,1378.3000000000002,37.470375000000004,80,0,2971.0,3001.0,3001.0,2971.0,1353.3000000000002,1403.3000000000002
27,100,3016.0,1378.3000000000002,32.46702702702703,74,0,3001.0,3031.0,3031.0,3001.0,1353.3000000000002,1403.3000000000002
27,101,3046.0,1378.3000000000002,30.784895833333334,96,0,3031.0,3061.0,3061.0,3031.0,1353.3000000000002,1403.3000000000002
27,102,3076.0,1378.3000000000002,28.69889523809524,75,0,3061.0,3091.0,3091.0,3061.0,1353.3000000000002,1403.3000000000002
27,103,3106.0,1378.3000000000002,28.887499999999996,92,0,3091.0,3121.0,3121.0,3091.0,1353.3000000000002,1403.3000000000002
27,104,3136.0,1378.3000000000002,27.631456310679607,103,0,3121.0,3151.0,3151.0,3121.0,1353.3000000000002,1403.3000000000002
27,105,3166.0,1378.3000000000002,26.287160493827162,81,0,3151.0,3181.0,3181.0,3151.0,1353.3000000000002,1403.3000000000002
27,106,3196.0,1378.3000000000002,23.409895833333326,96,0,3181.0,3211.0,3211.0,3181.0,1353.3000000000002,1403.3000000000002
27,107,3226.0,1378.3000000000002,24.916785714285716,84,0,3211.0,3241.0,3241.0,3211.0,1353.3000000000002,1403.3000000000002
27,108,3256.0,1378.3000000000002,14.864067796610168,118,0,3241.0,3271.0,3271.0,3241.0,1353.3000000000002,1403.3000000000002
27,109,3286.0,1378.3000000000002,26.890105105105103,74,0,3271.0,3301.0,3301.0,3271.0,1353.3000000000002,1403.3000000000002
27,110,3316.0,1378.3000000000002,32.53619047619048,63,0,3301.0,3331.0,3331.0,3301.0,1353.3000000000002,1403.3000000000002
27,111,3346.0,1378.3000000000002,36.30414285714286,70,0,3331.0,3361.0,3361.0,3331.0,1353.3000000000002,1403.3000000000002
27,112,3376.0,1378.3000000000002,39.0940579710145,69,0,3361.0,3391.0,3391.0,3361.0,1353.3000000000002,1403.3000000000002
27,113,3406.0,1378.3000000000002,41.74859375,64,0,3391.0,3421.0,3421.0,3391.0,1353.3000000000002,1403.3000000000002
27,114,3436.0,1378.3000000000002,38.39283333333335,60,0,3421.0,3451.0,3451.0,3421.0,1353.3000000000002,1403.3000000000002
27,115,3466.0,1378.3000000000002,38.04605263157894,76,0,3451.0,3481.0,3481.0,3451.0,1353.3000000000002,1403.3000000000002
27,116,3496.0,1378.3000000000002,38.94459016393443,61,0,3481.0,3511.0,3511.0,3481.0,1353.3000000000002,1403.3000000000002
27,117,3526.0,1378.3000000000002,36.92207547169811,53,0,3511.0,3541.0,3541.0,3511.0,1353.3000000000002,1403.3000000000002
27,118,3556.0,1378.3000000000002,34.65402439024391,82,0,3541.0,3571.0,3571.0,3541.0,1353.3000000000002,1403.3000000000002
27,119,3586.0,1378.3000000000002,39.13546875,64,0,3571.0,3601.0,3601.0,3571.0,1353.3000000000002,1403.3000000000002
27,120,3616.0,1378.3000000000002,41.51508771929825,57,0,3601.0,3631.0,3631.0,3601.0,1353.3000000000002,1403.3000000000002
27,121,3646.0,1378.3000000000002,40.89457627118643,59,0,3631.0,3661.0,3661.0,3631.0,1353.3000000000002,1403.3000000000002
27,122,3676.0,1378.3000000000002,38.84803571428571,56,0,3661.0,3691.0,3691.0,3661.0,1353.3000000000002,1403.3000000000002
27,123,3706.0,1378.3000000000002,35.676086956521736,46,0,3691.0,3721.0,3721.0,3691.0,1353.3000000000002,1403.3000000000002
27,124,3736.0,1378.3000000000002,37.733076923076915,52,0,3721.0,3751.0,3751.0,3721.0,1353.3000000000002,1403.3000000000002
27,125,3766.0,1378.3000000000002,36.67862068965517,29,0,3751.0,3781.0,3781.0,3751.0,1353.3000000000002,1403.3000000000002
27,126,3796.0,1378.3000000000002,,0,0,3781.0,3811.0,3811.0,3781.0,1353.3000000000002,1403.3000000000002
27,127,3826.0,1378.3000000000002,,0,0,3811.0,3841.0,3841.0,3811.0,1353.3000000000002,1403.3000000000002
28,0,16.0,1428.3000000000002,60.754000000000005,40,0,1.0,31.0,31.0,1.0,1403.3000000000002,1453.3000000000002
28,1,46.0,1428.3000000000002,62.094400000000014,25,0,31.0,61.0,61.0,31.0,1403.3000000000002,1453.3000000000002
28,2,76.0,1428.3000000000002,68.305,24,0,61.0,91.0,91.0,61.0,1403.3000000000002,1453.3000000000002
28,3,106.0,1428.3000000000002,65.48964285714285,28,0,91.0,121.0,121.0,91.0,1403.3000000000002,1453.3000000000002
28,4,136.0,1428.3000000000002,72.92090909090909,11,0,121.0,151.0,151.0,121.0,1403.3000000000002,1453.3000000000002
28,5,166.0,1428.3000000000002,53.254791666666655,48,0,151.0,181.0,181.0,151.0,1403.3000000000002,1453.3000000000002
28,6,196.0,1428.3000000000002,57.16088888888889,45,0,181.0,211.0,211.0,181.0,1403.3000000000002,1453.3000000000002
28,7,226.0,1428.3000000000002,64.28875,40,0,211.0,241.0,241.0,211.0,1403.3000000000002,1453.3000000000002
28,8,256.0,1428.3000000000002,65.68814814814817,27,0,241.0,271.0,271.0,241.0,1403.3000000000002,1453.3000000000002
28,9,286.0,1428.3000000000002,62.81045454545451,44,0,271.0,301.0,301.0,271.0,1403.3000000000002,1453.3000000000002
28,10,316.0,1428.3000000000002,57.6188,25,0,301.0,331.0,331.0,301.0,1403.3000000000002,1453.3000000000002
28,11,346.0,1428.3000000000002,62.92333333333334,12,0,331.0,361.0,361.0,331.0,1403.3000000000002,1453.3000000000002
28,12,376.0,1428.3000000000002,66.325,16,0,361.0,391.0,391.0,361.0,1403.3000000000002,1453.3000000000002
28,13,406.0,1428.3000000000002,68.18187499999999,16,0,391.0,421.0,421.0,391.0,1403.3000000000002,1453.3000000000002
28,14,436.0,1428.3000000000002,68.2511111111111,18,0,421.0,451.0,451.0,421.0,1403.3000000000002,1453.3000000000002
28,15,466.0,1428.3000000000002,56.0413043478261,23,0,451.0,481.0,481.0,451.0,1403.3000000000002,1453.3000000000002
28,16,496.0,1428.3000000000002,51.143,60,0,481.0,511.0,511.0,481.0,1403.3000000000002,1453.3000000000002
28,17,526.0,1428.3000000000002,53.187666666666665,30,0,511.0,541.0,541.0,511.0,1403.3000000000002,1453.3000000000002
28,18,556.0,1428.3000000000002,56.45733333333333,45,0,541.0,571.0,571.0,541.0,1403.3000000000002,1453.3000000000002
28,19,586.0,1428.3000000000002,49.31809523809524,63,0,571.0,601.0,601.0,571.0,1403.3000000000002,1453.3000000000002
28,20,616.0,1428.3000000000002,49.914489795918364,49,0,601.0,631.0,631.0,601.0,1403.3000000000002,1453.3000000000002
28,21,646.0,1428.3000000000002,48.35426229508197,61,0,631.0,661.0,661.0,631.0,1403.3000000000002,1453.3000000000002
28,22,676.0,1428.3000000000002,52.94914285714287,35,0,661.0,691.0,691.0,661.0,1403.3000000000002,1453.3000000000002
28,23,706.0,1428.3000000000002,45.514035087719286,57,0,691.0,721.0,721.0,691.0,1403.3000000000002,1453.3000000000002
28,24,736.0,1428.3000000000002,50.058,40,0,721.0,751.0,751.0,721.0,1403.3000000000002,1453.3000000000002
28,25,766.0,1428.3000000000002,46.35513513513514,37,0,751.0,781.0,781.0,751.0,1403.3000000000002,1453.3000000000002
28,26,796.0,1428.3000000000002,46.15970588235295,68,0,781.0,811.0,811.0,781.0,1403.3000000000002,1453.3000000000002
28,27,826.0,1428.3000000000002,55.21535714285714,28,0,811.0,841.0,841.0,811.0,1403.3000000000002,1453.3000000000002
28,28,856.0,1428.3000000000002,49.36040816326532,49,0,841.0,871.0,871.0,841.0,1403.3000000000002,1453.3000000000002
28,29,886.0,1428.3000000000002,37.201142857142855,70,0,871.0,901.0,901.0,871.0,1403.3000000000002,1453.3000000000002
28,30,916.0,1428.3000000000002,46.28632352941175,68,0,901.0,931.0,931.0,901.0,1403.3000000000002,1453.3000000000002
28,31,946.0,1428.3000000000002,53.1874074074074,54,0,931.0,961.0,961.0,931.0,1403.3000000000002,1453.3000000000002
28,32,976.0,1428.3000000000002,51.23871794871794,39,0,961.0,991.0,991.0,961.0,1403.3000000000002,1453.3000000000002
28,33,1006.0,1428.3000000000002,47.017931034482764,58,0,991.0,1021.0,1021.0,991.0,1403.3000000000002,1453.3000000000002
28,34,1036.0,1428.3000000000002,42.00909090909091,55,0,1021.0,1051.0,1051.0,1021.0,1403.3000000000002,1453.3000000000002
28,35,1066.0,1428.3000000000002,49.93743589743589,39,0,1051.0,1081.0,1081.0,1051.0,1403.3000000000002,1453.3000000000002
28,36,1096.0,1428.3000000000002,47.36499999999999,50,0,1081.0,1111.0,1111.0,1081.0,1403.3000000000002,1453.3000000000002
28,37,1126.0,1428.3000000000002,45.261551724137924,58,0,1111.0,1141.0,1141.0,1111.0,1403.3000000000002,1453.3000000000002
28,38,1156.0,1428.3000000000002,41.222539682539704,63,0,1141.0,1171.0,1171.0,1141.0,1403.3000000000002,1453.3000000000002
28,39,1186.0,1428.3000000000002,44.36037878787878,66,0,1171.0,1201.0,1201.0,1171.0,1403.3000000000002,1453.3000000000002
28,40,1216.0,1428.3000000000002,48.384242424242416,33,0,1201.0,1231.0,1231.0,1201.0,1403.3000000000002,1453.3000000000002
28,41,1246.0,1428.3000000000002,54.28894736842104,38,0,1231.0,1261.0,1261.0,1231.0,1403.3000000000002,1453.3000000000002
28,42,1276.0,1428.3000000000002,45.08830188679245,53,0,1261.0,1291.0,1291.0,1261.0,1403.3000000000002,1453.3000000000002
28,43,1306.0,1428.3000000000002,39.59890772128061,59,0,1291.0,1321.0,1321.0,1291.0,1403.3000000000002,1453.3000000000002
28,44,1336.0,1428.3000000000002,44.5943137254902,51,0,1321.0,1351.0,1351.0,1321.0,1403.3000000000002,1453.3000000000002
28,45,1366.0,1428.3000000000002,46.64765957446808,47,0,1351.0,1381.0,1381.0,1351.0,1403.3000000000002,1453.3000000000002
28,46,1396.0,1428.3000000000002,44.898679245283006,53,0,1381.0,1411.0,1411.0,1381.0,1403.3000000000002,1453.3000000000002
28,47,1426.0,1428.3000000000002,46.762203389830496,59,0,1411.0,1441.0,1441.0,1411.0,1403.3000000000002,1453.3000000000002
28,48,1456.0,1428.3000000000002,41.63339285714285,56,0,1441.0,1471.0,1471.0,1441.0,1403.3000000000002,1453.3000000000002
28,49,1486.0,1428.3000000000002,42.49218181818182,55,0,1471.0,1501.0,1501.0,1471.0,1403.3000000000002,1453.3000000000002
28,50,1516.0,1428.3000000000002,42.12867924528303,53,0,1501.0,1531.0,1531.0,1501.0,1403.3000000000002,1453.3000000000002
28,51,1546.0,1428.3000000000002,43.916250000000005,56,0,1531.0,1561.0,1561.0,1531.0,1403.3000000000002,1453.3000000000002
28,52,1576.0,1428.3000000000002,45.65196721311475,61,0,1561.0,1591.0,1591.0,1561.0,1403.3000000000002,1453.3000000000002
28,53,1606.0,1428.3000000000002,44.06277777777777,54,0,1591.0,1621.0,1621.0,1591.0,1403.3000000000002,1453.3000000000002
28,54,1636.0,1428.3000000000002,38.26727272727273,44,0,1621.0,1651.0,1651.0,1621.0,1403.3000000000002,1453.3000000000002
28,55,1666.0,1428.3000000000002,37.23257142857141,70,0,1651.0,1681.0,1681.0,1651.0,1403.3000000000002,1453.3000000000002
28,56,1696.0,1428.3000000000002,34.227500000000006,68,0,1681.0,1711.0,1711.0,1681.0,1403.3000000000002,1453.3000000000002
28,57,1726.0,1428.3000000000002,27.688947368421054,76,0,1711.0,1741.0,1741.0,1711.0,1403.3000000000002,1453.3000000000002
28,58,1756.0,1428.3000000000002,26.43052083333333,96,0,1741.0,1771.0,1771.0,1741.0,1403.3000000000002,1453.3000000000002
28,59,1786.0,1428.3000000000002,28.99575342465753,73,0,1771.0,1801.0,1801.0,1771.0,1403.3000000000002,1453.3000000000002
28,60,1816.0,1428.3000000000002,34.84136792452829,53,0,1801.0,1831.0,1831.0,1801.0,1403.3000000000002,1453.3000000000002
28,61,1846.0,1428.3000000000002,32.901607142857145,56,0,1831.0,1861.0,1861.0,1831.0,1403.3000000000002,1453.3000000000002
28,62,1876.0,1428.3000000000002,36.378275862068975,58,0,1861.0,1891.0,1891.0,1861.0,1403.3000000000002,1453.3000000000002
28,63,1906.0,1428.3000000000002,39.058166666666686,60,0,1891.0,1921.0,1921.0,1891.0,1403.3000000000002,1453.3000000000002
28,64,1936.0,1428.3000000000002,38.02854838709676,62,0,1921.0,1951.0,1951.0,1921.0,1403.3000000000002,1453.3000000000002
28,65,1966.0,1428.3000000000002,38.29,65,0,1951.0,1981.0,1981.0,1951.0,1403.3000000000002,1453.3000000000002
28,66,1996.0,1428.3000000000002,36.48572916666667,64,0,1981.0,2011.0,2011.0,1981.0,1403.3000000000002,1453.3000000000002
28,67,2026.0,1428.3000000000002,33.38415584415585,77,0,2011.0,2041.0,2041.0,2011.0,1403.3000000000002,1453.3000000000002
28,68,2056.0,1428.3000000000002,38.98131147540983,61,0,2041.0,2071.0,2071.0,2041.0,1403.3000000000002,1453.3000000000002
28,69,2086.0,1428.3000000000002,34.13652173913044,46,0,2071.0,2101.0,2101.0,2071.0,1403.3000000000002,1453.3000000000002
28,70,2116.0,1428.3000000000002,35.89304347826087,69,0,2101.0,2131.0,2131.0,2101.0,1403.3000000000002,1453.3000000000002
28,71,2146.0,1428.3000000000002,39.249836065573774,61,0,2131.0,2161.0,2161.0,2131.0,1403.3000000000002,1453.3000000000002
28,72,2176.0,1428.3000000000002,35.84302631578946,76,0,2161.0,2191.0,2191.0,2161.0,1403.3000000000002,1453.3000000000002
28,73,2206.0,1428.3000000000002,35.939803921568625,51,0,2191.0,2221.0,2221.0,2191.0,1403.3000000000002,1453.3000000000002
28,74,2236.0,1428.3000000000002,35.24932432432434,74,0,2221.0,2251.0,2251.0,2221.0,1403.3000000000002,1453.3000000000002
28,75,2266.0,1428.3000000000002,36.408833333333334,60,0,2251.0,2281.0,2281.0,2251.0,1403.3000000000002,1453.3000000000002
28,76,2296.0,1428.3000000000002,40.55740740740742,54,0,2281.0,2311.0,2311.0,2281.0,1403.3000000000002,1453.3000000000002
28,77,2326.0,1428.3000000000002,38.16928571428572,56,0,2311.0,2341.0,2341.0,2311.0,1403.3000000000002,1453.3000000000002
28,78,2356.0,1428.3000000000002,37.4708064516129,62,0,2341.0,2371.0,2371.0,2341.0,1403.3000000000002,1453.3000000000002
28,79,2386.0,1428.3000000000002,40.41276595744681,47,0,2371.0,2401.0,2401.0,2371.0,1403.3000000000002,1453.3000000000002
28,80,2416.0,1428.3000000000002,38.73309090909092,55,0,2401.0,2431.0,2431.0,2401.0,1403.3000000000002,1453.3000000000002
28,81,2446.0,1428.3000000000002,33.75409836065574,61,0,2431.0,2461.0,2461.0,2431.0,1403.3000000000002,1453.3000000000002
28,82,2476.0,1428.3000000000002,24.665760869565226,92,0,2461.0,2491.0,2491.0,2461.0,1403.3000000000002,1453.3000000000002
28,83,2506.0,1428.3000000000002,25.39141025641026,78,0,2491.0,2521.0,2521.0,2491.0,1403.3000000000002,1453.3000000000002
28,84,2536.0,1428.3000000000002,32.12749999999999,64,0,2521.0,2551.0,2551.0,2521.0,1403.3000000000002,1453.3000000000002
28,85,2566.0,1428.3000000000002,30.32268292682926,82,0,2551.0,2581.0,2581.0,2551.0,1403.3000000000002,1453.3000000000002
28,86,2596.0,1428.3000000000002,29.267971014492755,69,0,2581.0,2611.0,2611.0,2581.0,1403.3000000000002,1453.3000000000002
28,87,2626.0,1428.3000000000002,29.37932432432432,74,0,2611.0,2641.0,2641.0,2611.0,1403.3000000000002,1453.3000000000002
28,88,2656.0,1428.3000000000002,31.475487804878064,82,0,2641.0,2671.0,2671.0,2641.0,1403.3000000000002,1453.3000000000002
28,89,2686.0,1428.3000000000002,34.45841269841269,63,0,2671.0,2701.0,2701.0,2671.0,1403.3000000000002,1453.3000000000002
28,90,2716.0,1428.3000000000002,36.568947368421036,76,0,2701.0,2731.0,2731.0,2701.0,1403.3000000000002,1453.3000000000002
28,91,2746.0,1428.3000000000002,33.4595918367347,49,0,2731.0,2761.0,2761.0,2731.0,1403.3000000000002,1453.3000000000002
28,92,2776.0,1428.3000000000002,33.925000000000004,68,0,2761.0,2791.0,2791.0,2761.0,1403.3000000000002,1453.3000000000002
28,93,2806.0,1428.3000000000002,38.49525423728813,59,0,2791.0,2821.0,2821.0,2791.0,1403.3000000000002,1453.3000000000002
28,94,2836.0,1428.3000000000002,41.652031249999986,64,0,2821.0,2851.0,2851.0,2821.0,1403.3000000000002,1453.3000000000002
28,95,2866.0,1428.3000000000002,39.39153846153847,65,0,2851.0,2881.0,2881.0,2851.0,1403.3000000000002,1453.3000000000002
28,96,2896.0,1428.3000000000002,34.19783333333333,60,0,2881.0,2911.0,2911.0,2881.0,1403.3000000000002,1453.3000000000002
28,97,2926.0,1428.3000000000002,37.118965517241364,58,0,2911.0,2941.0,2941.0,2911.0,1403.3000000000002,1453.3000000000002
28,98,2956.0,1428.3000000000002,37.99865671641792,67,0,2941.0,2971.0,2971.0,2941.0,1403.3000000000002,1453.3000000000002
28,99,2986.0,1428.3000000000002,34.91872093023256,86,0,2971.0,3001.0,3001.0,2971.0,1403.3000000000002,1453.3000000000002
28,100,3016.0,1428.3000000000002,30.040277777777774,72,0,3001.0,3031.0,3031.0,3001.0,1403.3000000000002,1453.3000000000002
28,101,3046.0,1428.3000000000002,29.046373626373633,91,0,3031.0,3061.0,3061.0,3031.0,1403.3000000000002,1453.3000000000002
28,102,3076.0,1428.3000000000002,29.080487804878043,82,0,3061.0,3091.0,3091.0,3061.0,1403.3000000000002,1453.3000000000002
28,103,3106.0,1428.3000000000002,30.376470588235282,85,0,3091.0,3121.0,3121.0,3091.0,1403.3000000000002,1453.3000000000002
28,104,3136.0,1428.3000000000002,27.736451612903238,93,0,3121.0,3151.0,3151.0,3121.0,1403.3000000000002,1453.3000000000002
28,105,3166.0,1428.3000000000002,27.726071428571426,84,0,3151.0,3181.0,3181.0,3151.0,1403.3000000000002,1453.3000000000002
28,106,3196.0,1428.3000000000002,27.16246753246753,77,0,3181.0,3211.0,3211.0,3181.0,1403.3000000000002,1453.3000000000002
28,107,3226.0,1428.3000000000002,26.018160919540225,87,0,3211.0,3241.0,3241.0,3211.0,1403.3000000000002,1453.3000000000002
28,108,3256.0,1428.3000000000002,19.676428571428573,84,0,3241.0,3271.0,3271.0,3241.0,1403.3000000000002,1453.3000000000002
28,109,3286.0,1428.3000000000002,27.644078947368417,76,0,3271.0,3301.0,3301.0,3271.0,1403.3000000000002,1453.3000000000002
28,110,3316.0,1428.3000000000002,35.88765625,64,0,3301.0,3331.0,3331.0,3301.0,1403.3000000000002,1453.3000000000002
28,111,3346.0,1428.3000000000002,36.60671641791045,67,0,3331.0,3361.0,3361.0,3331.0,1403.3000000000002,1453.3000000000002
28,112,3376.0,1428.3000000000002,41.10461538461538,65,0,3361.0,3391.0,3391.0,3361.0,1403.3000000000002,1453.3000000000002
28,113,3406.0,1428.3000000000002,42.82763636363636,55,0,3391.0,3421.0,3421.0,3391.0,1403.3000000000002,1453.3000000000002
28,114,3436.0,1428.3000000000002,39.50230769230771,65,0,3421.0,3451.0,3451.0,3421.0,1403.3000000000002,1453.3000000000002
28,115,3466.0,1428.3000000000002,38.60200000000001,65,0,3451.0,3481.0,3481.0,3451.0,1403.3000000000002,1453.3000000000002
28,116,3496.0,1428.3000000000002,38.56015384615385,65,0,3481.0,3511.0,3511.0,3481.0,1403.3000000000002,1453.3000000000002
28,117,3526.0,1428.3000000000002,40.665116279069764,43,0,3511.0,3541.0,3541.0,3511.0,1403.3000000000002,1453.3000000000002
28,118,3556.0,1428.3000000000002,34.05439999999999,75,0,3541.0,3571.0,3571.0,3541.0,1403.3000000000002,1453.3000000000002
28,119,3586.0,1428.3000000000002,34.95078947368421,76,0,3571.0,3601.0,3601.0,3571.0,1403.3000000000002,1453.3000000000002
28,120,3616.0,1428.3000000000002,43.090185185185184,54,0,3601.0,3631.0,3631.0,3601.0,1403.3000000000002,1453.3000000000002
28,121,3646.0,1428.3000000000002,40.85283333333332,60,0,3631.0,3661.0,3661.0,3631.0,1403.3000000000002,1453.3000000000002
28,122,3676.0,1428.3000000000002,43.503269230769206,52,0,3661.0,3691.0,3691.0,3661.0,1403.3000000000002,1453.3000000000002
28,123,3706.0,1428.3000000000002,36.560750000000006,40,0,3691.0,3721.0,3721.0,3691.0,1403.3000000000002,1453.3000000000002
28,124,3736.0,1428.3000000000002,38.423958333333324,48,0,3721.0,3751.0,3751.0,3721.0,1403.3000000000002,1453.3000000000002
28,125,3766.0,1428.3000000000002,39.35393939393939,33,0,3751.0,3781.0,3781.0,3751.0,1403.3000000000002,1453.3000000000002
28,126,3796.0,1428.3000000000002,,0,0,3781.0,3811.0,3811.0,3781.0,1403.3000000000002,1453.3000000000002
28,127,3826.0,1428.3000000000002,,0,0,3811.0,3841.0,3841.0,3811.0,1403.3000000000002,1453.3000000000002
29,0,16.0,1478.3000000000002,61.83947368421053,38,0,1.0,31.0,31.0,1.0,1453.3000000000002,1503.3000000000002
29,1,46.0,1478.3000000000002,63.71185185185185,27,0,31.0,61.0,61.0,31.0,1453.3000000000002,1503.3000000000002
29,2,76.0,1478.3000000000002,69.85333333333334,27,0,61.0,91.0,91.0,61.0,1453.3000000000002,1503.3000000000002
29,3,106.0,1478.3000000000002,66.20714285714286,28,0,91.0,121.0,121.0,91.0,1453.3000000000002,1503.3000000000002
29,4,136.0,1478.3000000000002,75.86500000000001,10,0,121.0,151.0,151.0,121.0,1453.3000000000002,1503.3000000000002
29,5,166.0,1478.3000000000002,54.179189189189195,37,0,151.0,181.0,181.0,151.0,1453.3000000000002,1503.3000000000002
29,6,196.0,1478.3000000000002,59.73333333333333,48,0,181.0,211.0,211.0,181.0,1453.3000000000002,1503.3000000000002
29,7,226.0,1478.3000000000002,64.99948717948718,39,0,211.0,241.0,241.0,211.0,1453.3000000000002,1503.3000000000002
29,8,256.0,1478.3000000000002,68.19958333333334,24,0,241.0,271.0,271.0,241.0,1453.3000000000002,1503.3000000000002
29,9,286.0,1478.3000000000002,65.46666666666665,42,0,271.0,301.0,301.0,271.0,1453.3000000000002,1503.3000000000002
29,10,316.0,1478.3000000000002,60.349999999999994,21,0,301.0,331.0,331.0,301.0,1453.3000000000002,1503.3000000000002
29,11,346.0,1478.3000000000002,59.99470588235293,17,0,331.0,361.0,361.0,331.0,1453.3000000000002,1503.3000000000002
29,12,376.0,1478.3000000000002,67.9972222222222,18,0,361.0,391.0,391.0,361.0,1453.3000000000002,1503.3000000000002
29,13,406.0,1478.3000000000002,71.83473684210527,19,0,391.0,421.0,421.0,391.0,1453.3000000000002,1503.3000000000002
29,14,436.0,1478.3000000000002,70.06692307692308,13,0,421.0,451.0,451.0,421.0,1453.3000000000002,1503.3000000000002
29,15,466.0,1478.3000000000002,62.99411764705883,17,0,451.0,481.0,481.0,451.0,1453.3000000000002,1503.3000000000002
29,16,496.0,1478.3000000000002,53.28163636363639,55,0,481.0,511.0,511.0,481.0,1453.3000000000002,1503.3000000000002
29,17,526.0,1478.3000000000002,53.69766666666667,30,0,511.0,541.0,541.0,511.0,1453.3000000000002,1503.3000000000002
29,18,556.0,1478.3000000000002,58.43772727272729,44,0,541.0,571.0,571.0,541.0,1453.3000000000002,1503.3000000000002
29,19,586.0,1478.3000000000002,51.953877551020405,49,0,571.0,601.0,601.0,571.0,1453.3000000000002,1503.3000000000002
29,20,616.0,1478.3000000000002,46.26793650793649,63,0,601.0,631.0,631.0,601.0,1453.3000000000002,1503.3000000000002
29,21,646.0,1478.3000000000002,49.304237288135596,59,0,631.0,661.0,661.0,631.0,1453.3000000000002,1503.3000000000002
29,22,676.0,1478.3000000000002,53.56948717948717,39,0,661.0,691.0,691.0,661.0,1453.3000000000002,1503.3000000000002
29,23,706.0,1478.3000000000002,48.71510204081635,49,0,691.0,721.0,721.0,691.0,1453.3000000000002,1503.3000000000002
29,24,736.0,1478.3000000000002,49.877608695652164,46,0,721.0,751.0,751.0,721.0,1453.3000000000002,1503.3000000000002
29,25,766.0,1478.3000000000002,52.96392857142856,28,0,751.0,781.0,781.0,751.0,1453.3000000000002,1503.3000000000002
29,26,796.0,1478.3000000000002,46.645441176470584,68,0,781.0,811.0,811.0,781.0,1453.3000000000002,1503.3000000000002
29,27,826.0,1478.3000000000002,56.65857142857143,28,0,811.0,841.0,841.0,811.0,1453.3000000000002,1503.3000000000002
29,28,856.0,1478.3000000000002,52.839999999999996,40,0,841.0,871.0,871.0,841.0,1453.3000000000002,1503.3000000000002
29,29,886.0,1478.3000000000002,42.56029850746269,67,0,871.0,901.0,901.0,871.0,1453.3000000000002,1503.3000000000002
29,30,916.0,1478.3000000000002,45.88307692307689,65,0,901.0,931.0,931.0,901.0,1453.3000000000002,1503.3000000000002
29,31,946.0,1478.3000000000002,52.100181818181824,55,0,931.0,961.0,961.0,931.0,1453.3000000000002,1503.3000000000002
29,32,976.0,1478.3000000000002,53.184651162790686,43,0,961.0,991.0,991.0,961.0,1453.3000000000002,1503.3000000000002
29,33,1006.0,1478.3000000000002,51.354901960784304,51,0,991.0,1021.0,1021.0,991.0,1453.3000000000002,1503.3000000000002
29,34,1036.0,1478.3000000000002,46.7775,52,0,1021.0,1051.0,1051.0,1021.0,1453.3000000000002,1503.3000000000002
29,35,1066.0,1478.3000000000002,53.58631578947368,38,0,1051.0,1081.0,1081.0,1051.0,1453.3000000000002,1503.3000000000002
29,36,1096.0,1478.3000000000002,50.41159999999999,50,0,1081.0,1111.0,1111.0,1081.0,1453.3000000000002,1503.3000000000002
29,37,1126.0,1478.3000000000002,50.469574468085106,47,0,1111.0,1141.0,1141.0,1111.0,1453.3000000000002,1503.3000000000002
29,38,1156.0,1478.3000000000002,46.18660377358489,53,0,1141.0,1171.0,1171.0,1141.0,1453.3000000000002,1503.3000000000002
29,39,1186.0,1478.3000000000002,44.82014492753623,69,0,1171.0,1201.0,1201.0,1171.0,1453.3000000000002,1503.3000000000002
29,40,1216.0,1478.3000000000002,51.39535714285713,28,0,1201.0,1231.0,1231.0,1201.0,1453.3000000000002,1503.3000000000002
29,41,1246.0,1478.3000000000002,56.34588235294118,34,0,1231.0,1261.0,1261.0,1231.0,1453.3000000000002,1503.3000000000002
29,42,1276.0,1478.3000000000002,51.35822222222223,45,0,1261.0,1291.0,1291.0,1261.0,1453.3000000000002,1503.3000000000002
29,43,1306.0,1478.3000000000002,43.36941176470587,51,0,1291.0,1321.0,1321.0,1291.0,1453.3000000000002,1503.3000000000002
29,44,1336.0,1478.3000000000002,44.94783333333334,60,0,1321.0,1351.0,1351.0,1321.0,1453.3000000000002,1503.3000000000002
29,45,1366.0,1478.3000000000002,49.254687499999996,32,0,1351.0,1381.0,1381.0,1351.0,1453.3000000000002,1503.3000000000002
29,46,1396.0,1478.3000000000002,47.741090909090914,55,0,1381.0,1411.0,1411.0,1381.0,1453.3000000000002,1503.3000000000002
29,47,1426.0,1478.3000000000002,50.59553571428571,56,0,1411.0,1441.0,1441.0,1411.0,1453.3000000000002,1503.3000000000002
29,48,1456.0,1478.3000000000002,45.580175438596484,57,0,1441.0,1471.0,1471.0,1441.0,1453.3000000000002,1503.3000000000002
29,49,1486.0,1478.3000000000002,44.237755102040815,49,0,1471.0,1501.0,1501.0,1471.0,1453.3000000000002,1503.3000000000002
29,50,1516.0,1478.3000000000002,43.24717391304348,46,0,1501.0,1531.0,1531.0,1501.0,1453.3000000000002,1503.3000000000002
29,51,1546.0,1478.3000000000002,44.99596491228071,57,0,1531.0,1561.0,1561.0,1531.0,1453.3000000000002,1503.3000000000002
29,52,1576.0,1478.3000000000002,44.13716981132076,53,0,1561.0,1591.0,1591.0,1561.0,1453.3000000000002,1503.3000000000002
29,53,1606.0,1478.3000000000002,46.644583333333344,48,0,1591.0,1621.0,1621.0,1591.0,1453.3000000000002,1503.3000000000002
29,54,1636.0,1478.3000000000002,42.51641025641027,39,0,1621.0,1651.0,1651.0,1621.0,1453.3000000000002,1503.3000000000002
29,55,1666.0,1478.3000000000002,37.25850746268655,67,0,1651.0,1681.0,1681.0,1651.0,1453.3000000000002,1503.3000000000002
29,56,1696.0,1478.3000000000002,32.349565217391294,69,0,1681.0,1711.0,1711.0,1681.0,1453.3000000000002,1503.3000000000002
29,57,1726.0,1478.3000000000002,32.57794117647058,68,0,1711.0,1741.0,1741.0,1711.0,1453.3000000000002,1503.3000000000002
29,58,1756.0,1478.3000000000002,33.01571428571428,70,0,1741.0,1771.0,1771.0,1741.0,1453.3000000000002,1503.3000000000002
29,59,1786.0,1478.3000000000002,33.39787878787879,66,0,1771.0,1801.0,1801.0,1771.0,1453.3000000000002,1503.3000000000002
29,60,1816.0,1478.3000000000002,39.2154,50,0,1801.0,1831.0,1831.0,1801.0,1453.3000000000002,1503.3000000000002
29,61,1846.0,1478.3000000000002,40.5036,50,0,1831.0,1861.0,1861.0,1831.0,1453.3000000000002,1503.3000000000002
29,62,1876.0,1478.3000000000002,42.08866666666666,45,0,1861.0,1891.0,1891.0,1861.0,1453.3000000000002,1503.3000000000002
29,63,1906.0,1478.3000000000002,45.389795918367334,49,0,1891.0,1921.0,1921.0,1891.0,1453.3000000000002,1503.3000000000002
29,64,1936.0,1478.3000000000002,43.3443103448276,58,0,1921.0,1951.0,1951.0,1921.0,1453.3000000000002,1503.3000000000002
29,65,1966.0,1478.3000000000002,42.5537288135593,59,0,1951.0,1981.0,1981.0,1951.0,1453.3000000000002,1503.3000000000002
29,66,1996.0,1478.3000000000002,41.21905660377359,53,0,1981.0,2011.0,2011.0,1981.0,1453.3000000000002,1503.3000000000002
29,67,2026.0,1478.3000000000002,39.22921875,64,0,2011.0,2041.0,2041.0,2011.0,1453.3000000000002,1503.3000000000002
29,68,2056.0,1478.3000000000002,36.09942857142857,70,0,2041.0,2071.0,2071.0,2041.0,1453.3000000000002,1503.3000000000002
29,69,2086.0,1478.3000000000002,35.68847826086957,46,0,2071.0,2101.0,2101.0,2071.0,1453.3000000000002,1503.3000000000002
29,70,2116.0,1478.3000000000002,39.518275862068954,58,0,2101.0,2131.0,2131.0,2101.0,1453.3000000000002,1503.3000000000002
29,71,2146.0,1478.3000000000002,44.283846153846156,52,0,2131.0,2161.0,2161.0,2131.0,1453.3000000000002,1503.3000000000002
29,72,2176.0,1478.3000000000002,38.53882352941177,68,0,2161.0,2191.0,2191.0,2161.0,1453.3000000000002,1503.3000000000002
29,73,2206.0,1478.3000000000002,40.233999999999995,50,0,2191.0,2221.0,2221.0,2191.0,1453.3000000000002,1503.3000000000002
29,74,2236.0,1478.3000000000002,37.8050819672131,61,0,2221.0,2251.0,2251.0,2221.0,1453.3000000000002,1503.3000000000002
29,75,2266.0,1478.3000000000002,38.75948275862068,58,0,2251.0,2281.0,2281.0,2251.0,1453.3000000000002,1503.3000000000002
29,76,2296.0,1478.3000000000002,44.33739130434783,46,0,2281.0,2311.0,2311.0,2281.0,1453.3000000000002,1503.3000000000002
29,77,2326.0,1478.3000000000002,44.60249999999999,52,0,2311.0,2341.0,2341.0,2311.0,1453.3000000000002,1503.3000000000002
29,78,2356.0,1478.3000000000002,41.2434,50,0,2341.0,2371.0,2371.0,2341.0,1453.3000000000002,1503.3000000000002
29,79,2386.0,1478.3000000000002,42.28999999999999,51,0,2371.0,2401.0,2401.0,2371.0,1453.3000000000002,1503.3000000000002
29,80,2416.0,1478.3000000000002,43.47642857142857,42,0,2401.0,2431.0,2431.0,2401.0,1453.3000000000002,1503.3000000000002
29,81,2446.0,1478.3000000000002,41.10254545454547,55,0,2431.0,2461.0,2461.0,2431.0,1453.3000000000002,1503.3000000000002
29,82,2476.0,1478.3000000000002,31.263484848484833,66,0,2461.0,2491.0,2491.0,2461.0,1453.3000000000002,1503.3000000000002
29,83,2506.0,1478.3000000000002,31.613114754098365,61,0,2491.0,2521.0,2521.0,2491.0,1453.3000000000002,1503.3000000000002
29,84,2536.0,1478.3000000000002,36.991515151515145,66,0,2521.0,2551.0,2551.0,2521.0,1453.3000000000002,1503.3000000000002
29,85,2566.0,1478.3000000000002,34.73132352941178,68,0,2551.0,2581.0,2581.0,2551.0,1453.3000000000002,1503.3000000000002
29,86,2596.0,1478.3000000000002,36.57456140350878,57,0,2581.0,2611.0,2611.0,2581.0,1453.3000000000002,1503.3000000000002
29,87,2626.0,1478.3000000000002,35.517968749999994,64,0,2611.0,2641.0,2641.0,2611.0,1453.3000000000002,1503.3000000000002
29,88,2656.0,1478.3000000000002,36.38378787878788,66,0,2641.0,2671.0,2671.0,2641.0,1453.3000000000002,1503.3000000000002
29,89,2686.0,1478.3000000000002,34.39958333333334,72,0,2671.0,2701.0,2701.0,2671.0,1453.3000000000002,1503.3000000000002
29,90,2716.0,1478.3000000000002,38.87876923076922,65,0,2701.0,2731.0,2731.0,2701.0,1453.3000000000002,1503.3000000000002
29,91,2746.0,1478.3000000000002,37.80333333333333,45,0,2731.0,2761.0,2761.0,2731.0,1453.3000000000002,1503.3000000000002
29,92,2776.0,1478.3000000000002,34.68253521126761,71,0,2761.0,2791.0,2791.0,2761.0,1453.3000000000002,1503.3000000000002
29,93,2806.0,1478.3000000000002,39.473584905660374,53,0,2791.0,2821.0,2821.0,2791.0,1453.3000000000002,1503.3000000000002
29,94,2836.0,1478.3000000000002,42.99380952380951,63,0,2821.0,2851.0,2851.0,2821.0,1453.3000000000002,1503.3000000000002
29,95,2866.0,1478.3000000000002,42.7190625,64,0,2851.0,2881.0,2881.0,2851.0,1453.3000000000002,1503.3000000000002
29,96,2896.0,1478.3000000000002,39.17354166666668,48,0,2881.0,2911.0,2911.0,2881.0,1453.3000000000002,1503.3000000000002
29,97,2926.0,1478.3000000000002,37.8511111111111,63,0,2911.0,2941.0,2941.0,2911.0,1453.3000000000002,1503.3000000000002
29,98,2956.0,1478.3000000000002,38.37223684210526,76,0,2941.0,2971.0,2971.0,2941.0,1453.3000000000002,1503.3000000000002
29,99,2986.0,1478.3000000000002,35.530987654320995,81,0,2971.0,3001.0,3001.0,2971.0,1453.3000000000002,1503.3000000000002
29,100,3016.0,1478.3000000000002,31.743835616438353,73,0,3001.0,3031.0,3031.0,3001.0,1453.3000000000002,1503.3000000000002
29,101,3046.0,1478.3000000000002,33.49556962025316,79,0,3031.0,3061.0,3061.0,3031.0,1453.3000000000002,1503.3000000000002
29,102,3076.0,1478.3000000000002,33.12186666666666,75,0,3061.0,3091.0,3091.0,3061.0,1453.3000000000002,1503.3000000000002
29,103,3106.0,1478.3000000000002,32.51417721518987,79,0,3091.0,3121.0,3121.0,3091.0,1453.3000000000002,1503.3000000000002
29,104,3136.0,1478.3000000000002,31.102736842105255,95,0,3121.0,3151.0,3151.0,3121.0,1453.3000000000002,1503.3000000000002
29,105,3166.0,1478.3000000000002,31.118552631578943,76,0,3151.0,3181.0,3181.0,3151.0,1453.3000000000002,1503.3000000000002
29,106,3196.0,1478.3000000000002,28.94386666666666,75,0,3181.0,3211.0,3211.0,3181.0,1453.3000000000002,1503.3000000000002
29,107,3226.0,1478.3000000000002,27.407391304347826,92,0,3211.0,3241.0,3241.0,3211.0,1453.3000000000002,1503.3000000000002
29,108,3256.0,1478.3000000000002,28.228064516129034,62,0,3241.0,3271.0,3271.0,3241.0,1453.3000000000002,1503.3000000000002
29,109,3286.0,1478.3000000000002,32.77208955223882,67,0,3271.0,3301.0,3301.0,3271.0,1453.3000000000002,1503.3000000000002
29,110,3316.0,1478.3000000000002,38.74701298701297,55,0,3301.0,3331.0,3331.0,3301.0,1453.3000000000002,1503.3000000000002
29,111,3346.0,1478.3000000000002,36.80564516129032,62,0,3331.0,3361.0,3361.0,3331.0,1453.3000000000002,1503.3000000000002
29,112,3376.0,1478.3000000000002,43.124999999999986,64,0,3361.0,3391.0,3391.0,3361.0,1453.3000000000002,1503.3000000000002
29,113,3406.0,1478.3000000000002,44.97132075471697,53,0,3391.0,3421.0,3421.0,3391.0,1453.3000000000002,1503.3000000000002
29,114,3436.0,1478.3000000000002,43.70535714285713,56,0,3421.0,3451.0,3451.0,3421.0,1453.3000000000002,1503.3000000000002
29,115,3466.0,1478.3000000000002,41.678437499999994,64,0,3451.0,3481.0,3481.0,3451.0,1453.3000000000002,1503.3000000000002
29,116,3496.0,1478.3000000000002,39.04515625000001,64,0,3481.0,3511.0,3511.0,3481.0,1453.3000000000002,1503.3000000000002
29,117,3526.0,1478.3000000000002,43.657599999999995,50,0,3511.0,3541.0,3541.0,3511.0,1453.3000000000002,1503.3000000000002
29,118,3556.0,1478.3000000000002,38.836461538461535,65,0,3541.0,3571.0,3571.0,3541.0,1453.3000000000002,1503.3000000000002
29,119,3586.0,1478.3000000000002,35.83797101449278,69,0,3571.0,3601.0,3601.0,3571.0,1453.3000000000002,1503.3000000000002
29,120,3616.0,1478.3000000000002,42.21538461538461,65,0,3601.0,3631.0,3631.0,3601.0,1453.3000000000002,1503.3000000000002
29,121,3646.0,1478.3000000000002,43.923114754098364,61,0,3631.0,3661.0,3661.0,3631.0,1453.3000000000002,1503.3000000000002
29,122,3676.0,1478.3000000000002,46.214375,48,0,3661.0,3691.0,3691.0,3661.0,1453.3000000000002,1503.3000000000002
29,123,3706.0,1478.3000000000002,41.07589743589743,39,0,3691.0,3721.0,3721.0,3691.0,1453.3000000000002,1503.3000000000002
29,124,3736.0,1478.3000000000002,40.91088888888889,45,0,3721.0,3751.0,3751.0,3721.0,1453.3000000000002,1503.3000000000002
29,125,3766.0,1478.3000000000002,43.629761904761914,42,0,3751.0,3781.0,3781.0,3751.0,1453.3000000000002,1503.3000000000002
29,126,3796.0,1478.3000000000002,,0,0,3781.0,3811.0,3811.0,3781.0,1453.3000000000002,1503.3000000000002
29,127,3826.0,1478.3000000000002,,0,0,3811.0,3841.0,3841.0,3811.0,1453.3000000000002,1503.3000000000002
30,0,16.0,1528.3000000000002,61.95651162790698,43,0,1.0,31.0,31.0,1.0,1503.3000000000002,1553.3000000000002
30,1,46.0,1528.3000000000002,64.28380952380952,21,0,31.0,61.0,61.0,31.0,1503.3000000000002,1553.3000000000002
30,2,76.0,1528.3000000000002,69.62625000000001,24,0,61.0,91.0,91.0,61.0,1503.3000000000002,1553.3000000000002
30,3,106.0,1528.3000000000002,67.44818181818182,22,0,91.0,121.0,121.0,91.0,1503.3000000000002,1553.3000000000002
30,4,136.0,1528.3000000000002,74.7,14,0,121.0,151.0,151.0,121.0,1503.3000000000002,1553.3000000000002
30,5,166.0,1528.3000000000002,54.311249999999994,32,0,151.0,181.0,181.0,151.0,1503.3000000000002,1553.3000000000002
30,6,196.0,1528.3000000000002,58.11178571428574,56,0,181.0,211.0,211.0,181.0,1503.3000000000002,1553.3000000000002
30,7,226.0,1528.3000000000002,63.60578947368422,38,0,211.0,241.0,241.0,211.0,1503.3000000000002,1553.3000000000002
30,8,256.0,1528.3000000000002,70.29095238095238,21,0,241.0,271.0,271.0,241.0,1503.3000000000002,1553.3000000000002
30,9,286.0,1528.3000000000002,65.89309523809523,42,0,271.0,301.0,301.0,271.0,1503.3000000000002,1553.3000000000002
30,10,316.0,1528.3000000000002,66.26866666666666,15,0,301.0,331.0,331.0,301.0,1503.3000000000002,1553.3000000000002
30,11,346.0,1528.3000000000002,56.8848,25,0,331.0,361.0,361.0,331.0,1503.3000000000002,1553.3000000000002
30,12,376.0,1528.3000000000002,66.40437499999999,16,0,361.0,391.0,391.0,361.0,1503.3000000000002,1553.3000000000002
30,13,406.0,1528.3000000000002,72.97785714285715,14,0,391.0,421.0,421.0,391.0,1503.3000000000002,1553.3000000000002
30,14,436.0,1528.3000000000002,69.05666666666667,12,0,421.0,451.0,451.0,421.0,1503.3000000000002,1553.3000000000002
30,15,466.0,1528.3000000000002,67.71666666666665,12,0,451.0,481.0,481.0,451.0,1503.3000000000002,1553.3000000000002
30,16,496.0,1528.3000000000002,53.082244897959185,49,0,481.0,511.0,511.0,481.0,1503.3000000000002,1553.3000000000002
30,17,526.0,1528.3000000000002,53.5235294117647,34,0,511.0,541.0,541.0,511.0,1503.3000000000002,1553.3000000000002
30,18,556.0,1528.3000000000002,58.49902439024389,41,0,541.0,571.0,571.0,541.0,1503.3000000000002,1553.3000000000002
30,19,586.0,1528.3000000000002,53.651666666666685,42,0,571.0,601.0,601.0,571.0,1503.3000000000002,1553.3000000000002
30,20,616.0,1528.3000000000002,44.52100000000001,60,0,601.0,631.0,631.0,601.0,1503.3000000000002,1553.3000000000002
30,21,646.0,1528.3000000000002,46.3635593220339,59,0,631.0,661.0,661.0,631.0,1503.3000000000002,1553.3000000000002
30,22,676.0,1528.3000000000002,50.43000000000001,46,0,661.0,691.0,691.0,661.0,1503.3000000000002,1553.3000000000002
30,23,706.0,1528.3000000000002,51.28933333333333,45,0,691.0,721.0,721.0,691.0,1503.3000000000002,1553.3000000000002
30,24,736.0,1528.3000000000002,49.19847826086957,46,0,721.0,751.0,751.0,721.0,1503.3000000000002,1553.3000000000002
30,25,766.0,1528.3000000000002,54.145599999999995,25,0,751.0,781.0,781.0,751.0,1503.3000000000002,1553.3000000000002
30,26,796.0,1528.3000000000002,45.43399999999998,65,0,781.0,811.0,811.0,781.0,1503.3000000000002,1553.3000000000002
30,27,826.0,1528.3000000000002,54.00323529411766,34,0,811.0,841.0,841.0,811.0,1503.3000000000002,1553.3000000000002
30,28,856.0,1528.3000000000002,53.705384615384624,39,0,841.0,871.0,871.0,841.0,1503.3000000000002,1553.3000000000002
30,29,886.0,1528.3000000000002,44.99870370370368,54,0,871.0,901.0,901.0,871.0,1503.3000000000002,1553.3000000000002
30,30,916.0,1528.3000000000002,42.61500000000001,70,0,901.0,931.0,931.0,901.0,1503.3000000000002,1553.3000000000002
30,31,946.0,1528.3000000000002,47.55919354838712,62,0,931.0,961.0,961.0,931.0,1503.3000000000002,1553.3000000000002
30,32,976.0,1528.3000000000002,52.157045454545454,44,0,961.0,991.0,991.0,961.0,1503.3000000000002,1553.3000000000002
30,33,1006.0,1528.3000000000002,50.50714285714286,56,0,991.0,1021.0,1021.0,991.0,1503.3000000000002,1553.3000000000002
30,34,1036.0,1528.3000000000002,47.587169811320756,53,0,1021.0,1051.0,1051.0,1021.0,1503.3000000000002,1553.3000000000002
30,35,1066.0,1528.3000000000002,53.75162162162162,37,0,1051.0,1081.0,1081.0,1051.0,1503.3000000000002,1553.3000000000002
30,36,1096.0,1528.3000000000002,50.76704545454545,44,0,1081.0,1111.0,1111.0,1081.0,1503.3000000000002,1553.3000000000002
30,37,1126.0,1528.3000000000002,52.5395744680851,47,0,1111.0,1141.0,1141.0,1111.0,1503.3000000000002,1553.3000000000002
30,38,1156.0,1528.3000000000002,48.80040816326531,49,0,1141.0,1171.0,1171.0,1141.0,1503.3000000000002,1553.3000000000002
30,39,1186.0,1528.3000000000002,44.09174603174602,63,0,1171.0,1201.0,1201.0,1171.0,1503.3000000000002,1553.3000000000002
30,40,1216.0,1528.3000000000002,51.37382352941176,34,0,1201.0,1231.0,1231.0,1201.0,1503.3000000000002,1553.3000000000002
30,41,1246.0,1528.3000000000002,55.258378378378374,37,0,1231.0,1261.0,1261.0,1231.0,1503.3000000000002,1553.3000000000002
30,42,1276.0,1528.3000000000002,53.52774999999999,40,0,1261.0,1291.0,1291.0,1261.0,1503.3000000000002,1553.3000000000002
30,43,1306.0,1528.3000000000002,45.00488888888889,45,0,1291.0,1321.0,1321.0,1291.0,1503.3000000000002,1553.3000000000002
30,44,1336.0,1528.3000000000002,44.72918032786887,61,0,1321.0,1351.0,1351.0,1321.0,1503.3000000000002,1553.3000000000002
30,45,1366.0,1528.3000000000002,49.714,35,0,1351.0,1381.0,1381.0,1351.0,1503.3000000000002,1553.3000000000002
30,46,1396.0,1528.3000000000002,49.217824074074066,48,0,1381.0,1411.0,1411.0,1381.0,1503.3000000000002,1553.3000000000002
30,47,1426.0,1528.3000000000002,48.242580645161304,62,0,1411.0,1441.0,1441.0,1411.0,1503.3000000000002,1553.3000000000002
30,48,1456.0,1528.3000000000002,47.29313725490198,51,0,1441.0,1471.0,1471.0,1441.0,1503.3000000000002,1553.3000000000002
30,49,1486.0,1528.3000000000002,43.216603773584914,53,0,1471.0,1501.0,1501.0,1471.0,1503.3000000000002,1553.3000000000002
30,50,1516.0,1528.3000000000002,41.844255319148935,47,0,1501.0,1531.0,1531.0,1501.0,1503.3000000000002,1553.3000000000002
30,51,1546.0,1528.3000000000002,44.14126984126985,63,0,1531.0,1561.0,1561.0,1531.0,1503.3000000000002,1553.3000000000002
30,52,1576.0,1528.3000000000002,40.879183673469385,49,0,1561.0,1591.0,1591.0,1561.0,1503.3000000000002,1553.3000000000002
30,53,1606.0,1528.3000000000002,40.19893939393938,66,0,1591.0,1621.0,1621.0,1591.0,1503.3000000000002,1553.3000000000002
30,54,1636.0,1528.3000000000002,45.06775000000001,40,0,1621.0,1651.0,1651.0,1621.0,1503.3000000000002,1553.3000000000002
30,55,1666.0,1528.3000000000002,39.14150943396227,53,0,1651.0,1681.0,1681.0,1651.0,1503.3000000000002,1553.3000000000002
30,56,1696.0,1528.3000000000002,31.569344262295086,61,0,1681.0,1711.0,1711.0,1681.0,1503.3000000000002,1553.3000000000002
30,57,1726.0,1528.3000000000002,36.172033898305095,59,0,1711.0,1741.0,1741.0,1711.0,1503.3000000000002,1553.3000000000002
30,58,1756.0,1528.3000000000002,39.52418181818181,55,0,1741.0,1771.0,1771.0,1741.0,1503.3000000000002,1553.3000000000002
30,59,1786.0,1528.3000000000002,36.540000000000006,58,0,1771.0,1801.0,1801.0,1771.0,1503.3000000000002,1553.3000000000002
30,60,1816.0,1528.3000000000002,40.80288888888887,45,0,1801.0,1831.0,1831.0,1801.0,1503.3000000000002,1553.3000000000002
30,61,1846.0,1528.3000000000002,43.71500000000001,44,0,1831.0,1861.0,1861.0,1831.0,1503.3000000000002,1553.3000000000002
30,62,1876.0,1528.3000000000002,43.585531914893615,47,0,1861.0,1891.0,1891.0,1861.0,1503.3000000000002,1553.3000000000002
30,63,1906.0,1528.3000000000002,47.49163265306122,49,0,1891.0,1921.0,1921.0,1891.0,1503.3000000000002,1553.3000000000002
30,64,1936.0,1528.3000000000002,44.201071428571446,56,0,1921.0,1951.0,1951.0,1921.0,1503.3000000000002,1553.3000000000002
30,65,1966.0,1528.3000000000002,43.83132075471699,53,0,1951.0,1981.0,1981.0,1951.0,1503.3000000000002,1553.3000000000002
30,66,1996.0,1528.3000000000002,42.51642857142856,56,0,1981.0,2011.0,2011.0,1981.0,1503.3000000000002,1553.3000000000002
30,67,2026.0,1528.3000000000002,42.458928571428565,56,0,2011.0,2041.0,2041.0,2011.0,1503.3000000000002,1553.3000000000002
30,68,2056.0,1528.3000000000002,35.910185185185185,54,0,2041.0,2071.0,2071.0,2041.0,1503.3000000000002,1553.3000000000002
30,69,2086.0,1528.3000000000002,36.26755102040817,49,0,2071.0,2101.0,2101.0,2071.0,1503.3000000000002,1553.3000000000002
30,70,2116.0,1528.3000000000002,41.35698113207546,53,0,2101.0,2131.0,2131.0,2101.0,1503.3000000000002,1553.3000000000002
30,71,2146.0,1528.3000000000002,44.449411764705886,51,0,2131.0,2161.0,2161.0,2131.0,1503.3000000000002,1553.3000000000002
30,72,2176.0,1528.3000000000002,40.391379310344824,58,0,2161.0,2191.0,2191.0,2161.0,1503.3000000000002,1553.3000000000002
30,73,2206.0,1528.3000000000002,42.23571428571427,49,0,2191.0,2221.0,2221.0,2191.0,1503.3000000000002,1553.3000000000002
30,74,2236.0,1528.3000000000002,38.43109375,64,0,2221.0,2251.0,2251.0,2221.0,1503.3000000000002,1553.3000000000002
30,75,2266.0,1528.3000000000002,39.153773584905665,53,0,2251.0,2281.0,2281.0,2251.0,1503.3000000000002,1553.3000000000002
30,76,2296.0,1528.3000000000002,42.770188679245294,53,0,2281.0,2311.0,2311.0,2281.0,1503.3000000000002,1553.3000000000002
30,77,2326.0,1528.3000000000002,46.353829787234034,47,0,2311.0,2341.0,2341.0,2311.0,1503.3000000000002,1553.3000000000002
30,78,2356.0,1528.3000000000002,43.98145833333333,48,0,2341.0,2371.0,2371.0,2341.0,1503.3000000000002,1553.3000000000002
30,79,2386.0,1528.3000000000002,40.62679245283019,53,0,2371.0,2401.0,2401.0,2371.0,1503.3000000000002,1553.3000000000002
30,80,2416.0,1528.3000000000002,45.06542857142857,35,0,2401.0,2431.0,2431.0,2401.0,1503.3000000000002,1553.3000000000002
30,81,2446.0,1528.3000000000002,42.839400000000005,50,0,2431.0,2461.0,2461.0,2431.0,1503.3000000000002,1553.3000000000002
30,82,2476.0,1528.3000000000002,38.12372549019608,51,0,2461.0,2491.0,2491.0,2461.0,1503.3000000000002,1553.3000000000002
30,83,2506.0,1528.3000000000002,36.65734693877551,49,0,2491.0,2521.0,2521.0,2491.0,1503.3000000000002,1553.3000000000002
30,84,2536.0,1528.3000000000002,38.33898550724638,69,0,2521.0,2551.0,2551.0,2521.0,1503.3000000000002,1553.3000000000002
30,85,2566.0,1528.3000000000002,37.376086956521725,46,0,2551.0,2581.0,2581.0,2551.0,1503.3000000000002,1553.3000000000002
30,86,2596.0,1528.3000000000002,40.55098039215687,51,0,2581.0,2611.0,2611.0,2581.0,1503.3000000000002,1553.3000000000002
30,87,2626.0,1528.3000000000002,41.09421052631578,57,0,2611.0,2641.0,2641.0,2611.0,1503.3000000000002,1553.3000000000002
30,88,2656.0,1528.3000000000002,37.70296296296297,54,0,2641.0,2671.0,2671.0,2641.0,1503.3000000000002,1553.3000000000002
30,89,2686.0,1528.3000000000002,38.87854545454546,55,0,2671.0,2701.0,2701.0,2671.0,1503.3000000000002,1553.3000000000002
30,90,2716.0,1528.3000000000002,40.050508474576276,59,0,2701.0,2731.0,2731.0,2701.0,1503.3000000000002,1553.3000000000002
30,91,2746.0,1528.3000000000002,41.104418604651165,43,0,2731.0,2761.0,2761.0,2731.0,1503.3000000000002,1553.3000000000002
30,92,2776.0,1528.3000000000002,36.54078431372549,51,0,2761.0,2791.0,2791.0,2761.0,1503.3000000000002,1553.3000000000002
30,93,2806.0,1528.3000000000002,38.981896551724134,58,0,2791.0,2821.0,2821.0,2791.0,1503.3000000000002,1553.3000000000002
30,94,2836.0,1528.3000000000002,43.47375,56,0,2821.0,2851.0,2851.0,2821.0,1503.3000000000002,1553.3000000000002
30,95,2866.0,1528.3000000000002,42.98254237288136,59,0,2851.0,2881.0,2881.0,2851.0,1503.3000000000002,1553.3000000000002
30,96,2896.0,1528.3000000000002,44.73166666666665,42,0,2881.0,2911.0,2911.0,2881.0,1503.3000000000002,1553.3000000000002
30,97,2926.0,1528.3000000000002,38.989999999999995,54,0,2911.0,2941.0,2941.0,2911.0,1503.3000000000002,1553.3000000000002
30,98,2956.0,1528.3000000000002,37.541692307692315,65,0,2941.0,2971.0,2971.0,2941.0,1503.3000000000002,1553.3000000000002
30,99,2986.0,1528.3000000000002,36.55029411764707,68,0,2971.0,3001.0,3001.0,2971.0,1503.3000000000002,1553.3000000000002
30,100,3016.0,1528.3000000000002,33.13058823529413,68,0,3001.0,3031.0,3031.0,3001.0,1503.3000000000002,1553.3000000000002
30,101,3046.0,1528.3000000000002,35.422394366197196,71,0,3031.0,3061.0,3061.0,3031.0,1503.3000000000002,1553.3000000000002
30,102,3076.0,1528.3000000000002,36.53956521739131,69,0,3061.0,3091.0,3091.0,3061.0,1503.3000000000002,1553.3000000000002
30,103,3106.0,1528.3000000000002,33.948644067796614,59,0,3091.0,3121.0,3121.0,3091.0,1503.3000000000002,1553.3000000000002
30,104,3136.0,1528.3000000000002,32.33026315789473,76,0,3121.0,3151.0,3151.0,3121.0,1503.3000000000002,1553.3000000000002
30,105,3166.0,1528.3000000000002,28.167978723404254,94,0,3151.0,3181.0,3181.0,3151.0,1503.3000000000002,1553.3000000000002
30,106,3196.0,1528.3000000000002,29.257258064516126,62,0,3181.0,3211.0,3211.0,3181.0,1503.3000000000002,1553.3000000000002
30,107,3226.0,1528.3000000000002,29.603734939759025,83,0,3211.0,3241.0,3241.0,3211.0,1503.3000000000002,1553.3000000000002
30,108,3256.0,1528.3000000000002,31.44830188679245,53,0,3241.0,3271.0,3271.0,3241.0,1503.3000000000002,1553.3000000000002
30,109,3286.0,1528.3000000000002,34.89623188405797,69,0,3271.0,3301.0,3301.0,3271.0,1503.3000000000002,1553.3000000000002
30,110,3316.0,1528.3000000000002,37.547592592592586,54,0,3301.0,3331.0,3331.0,3301.0,1503.3000000000002,1553.3000000000002
30,111,3346.0,1528.3000000000002,36.57796610169491,59,0,3331.0,3361.0,3361.0,3331.0,1503.3000000000002,1553.3000000000002
30,112,3376.0,1528.3000000000002,41.30707692307693,65,0,3361.0,3391.0,3391.0,3361.0,1503.3000000000002,1553.3000000000002
30,113,3406.0,1528.3000000000002,46.1,54,0,3391.0,3421.0,3421.0,3391.0,1503.3000000000002,1553.3000000000002
30,114,3436.0,1528.3000000000002,46.72938775510204,49,0,3421.0,3451.0,3451.0,3421.0,1503.3000000000002,1553.3000000000002
30,115,3466.0,1528.3000000000002,42.999999999999986,62,0,3451.0,3481.0,3481.0,3451.0,1503.3000000000002,1553.3000000000002
30,116,3496.0,1528.3000000000002,37.889016393442624,61,0,3481.0,3511.0,3511.0,3481.0,1503.3000000000002,1553.3000000000002
30,117,3526.0,1528.3000000000002,40.7813043478261,46,0,3511.0,3541.0,3541.0,3511.0,1503.3000000000002,1553.3000000000002
30,118,3556.0,1528.3000000000002,43.70879999999999,50,0,3541.0,3571.0,3571.0,3541.0,1503.3000000000002,1553.3000000000002
30,119,3586.0,1528.3000000000002,37.00672131147542,61,0,3571.0,3601.0,3601.0,3571.0,1503.3000000000002,1553.3000000000002
30,120,3616.0,1528.3000000000002,40.96147540983607,61,0,3601.0,3631.0,3631.0,3601.0,1503.3000000000002,1553.3000000000002
30,121,3646.0,1528.3000000000002,44.97870370370372,54,0,3631.0,3661.0,3661.0,3631.0,1503.3000000000002,1553.3000000000002
30,122,3676.0,1528.3000000000002,46.98645833333334,48,0,3661.0,3691.0,3691.0,3661.0,1503.3000000000002,1553.3000000000002
30,123,3706.0,1528.3000000000002,44.36,36,0,3691.0,3721.0,3721.0,3691.0,1503.3000000000002,1553.3000000000002
30,124,3736.0,1528.3000000000002,42.87999999999999,37,0,3721.0,3751.0,3751.0,3721.0,1503.3000000000002,1553.3000000000002
30,125,3766.0,1528.3000000000002,44.82285714285715,42,0,3751.0,3781.0,3781.0,3751.0,1503.3000000000002,1553.3000000000002
30,126,3796.0,1528.3000000000002,,0,0,3781.0,3811.0,3811.0,3781.0,1503.3000000000002,1553.3000000000002
30,127,3826.0,1528.3000000000002,,0,0,3811.0,3841.0,3841.0,3811.0,1503.3000000000002,1553.3000000000002
31,0,16.0,1578.3000000000002,61.45718518518516,45,0,1.0,31.0,31.0,1.0,1553.3000000000002,1603.3000000000002
31,1,46.0,1578.3000000000002,64.39166666666667,24,0,31.0,61.0,61.0,31.0,1553.3000000000002,1603.3000000000002
31,2,76.0,1578.3000000000002,69.71346153846153,26,0,61.0,91.0,91.0,61.0,1553.3000000000002,1603.3000000000002
31,3,106.0,1578.3000000000002,67.9592,25,0,91.0,121.0,121.0,91.0,1553.3000000000002,1603.3000000000002
31,4,136.0,1578.3000000000002,72.78950000000002,20,0,121.0,151.0,151.0,121.0,1553.3000000000002,1603.3000000000002
31,5,166.0,1578.3000000000002,55.539615384615374,26,0,151.0,181.0,181.0,151.0,1553.3000000000002,1603.3000000000002
31,6,196.0,1578.3000000000002,56.61301587301588,63,0,181.0,211.0,211.0,181.0,1553.3000000000002,1603.3000000000002
31,7,226.0,1578.3000000000002,60.93000000000001,43,0,211.0,241.0,241.0,211.0,1553.3000000000002,1603.3000000000002
31,8,256.0,1578.3000000000002,71.5421590909091,22,0,241.0,271.0,271.0,241.0,1553.3000000000002,1603.3000000000002
31,9,286.0,1578.3000000000002,65.59162790697674,43,0,271.0,301.0,301.0,271.0,1553.3000000000002,1603.3000000000002
31,10,316.0,1578.3000000000002,71.00266666666667,15,0,301.0,331.0,331.0,301.0,1553.3000000000002,1603.3000000000002
31,11,346.0,1578.3000000000002,55.77499999999999,30,0,331.0,361.0,361.0,331.0,1553.3000000000002,1603.3000000000002
31,12,376.0,1578.3000000000002,65.58333333333331,15,0,361.0,391.0,391.0,361.0,1553.3000000000002,1603.3000000000002
31,13,406.0,1578.3000000000002,72.95866666666666,15,0,391.0,421.0,421.0,391.0,1553.3000000000002,1603.3000000000002
31,14,436.0,1578.3000000000002,69.80142857142857,14,0,421.0,451.0,451.0,421.0,1553.3000000000002,1603.3000000000002
31,15,466.0,1578.3000000000002,72.649,10,0,451.0,481.0,481.0,451.0,1553.3000000000002,1603.3000000000002
31,16,496.0,1578.3000000000002,53.888125,48,0,481.0,511.0,511.0,481.0,1553.3000000000002,1603.3000000000002
31,17,526.0,1578.3000000000002,54.223481481481485,45,0,511.0,541.0,541.0,511.0,1553.3000000000002,1603.3000000000002
31,18,556.0,1578.3000000000002,58.90588888888887,40,0,541.0,571.0,571.0,541.0,1553.3000000000002,1603.3000000000002
31,19,586.0,1578.3000000000002,54.701136363636344,44,0,571.0,601.0,601.0,571.0,1553.3000000000002,1603.3000000000002
31,20,616.0,1578.3000000000002,48.51036363636365,55,0,601.0,631.0,631.0,601.0,1553.3000000000002,1603.3000000000002
31,21,646.0,1578.3000000000002,43.74290322580646,62,0,631.0,661.0,661.0,631.0,1553.3000000000002,1603.3000000000002
31,22,676.0,1578.3000000000002,46.95627450980391,51,0,661.0,691.0,691.0,661.0,1553.3000000000002,1603.3000000000002
31,23,706.0,1578.3000000000002,53.87478260869565,46,0,691.0,721.0,721.0,691.0,1553.3000000000002,1603.3000000000002
31,24,736.0,1578.3000000000002,50.24078431372549,51,0,721.0,751.0,751.0,721.0,1553.3000000000002,1603.3000000000002
31,25,766.0,1578.3000000000002,53.587500000000006,24,0,751.0,781.0,781.0,751.0,1553.3000000000002,1603.3000000000002
31,26,796.0,1578.3000000000002,47.72290909090909,55,0,781.0,811.0,811.0,781.0,1553.3000000000002,1603.3000000000002
31,27,826.0,1578.3000000000002,49.943404255319145,47,0,811.0,841.0,841.0,811.0,1553.3000000000002,1603.3000000000002
31,28,856.0,1578.3000000000002,54.85289473684211,38,0,841.0,871.0,871.0,841.0,1553.3000000000002,1603.3000000000002
31,29,886.0,1578.3000000000002,48.03152173913043,46,0,871.0,901.0,901.0,871.0,1553.3000000000002,1603.3000000000002
31,30,916.0,1578.3000000000002,39.05674999999999,80,0,901.0,931.0,931.0,901.0,1553.3000000000002,1603.3000000000002
31,31,946.0,1578.3000000000002,42.32875000000001,64,0,931.0,961.0,961.0,931.0,1553.3000000000002,1603.3000000000002
31,32,976.0,1578.3000000000002,48.62673076923078,52,0,961.0,991.0,991.0,961.0,1553.3000000000002,1603.3000000000002
31,33,1006.0,1578.3000000000002,49.35881355932203,59,0,991.0,1021.0,1021.0,991.0,1553.3000000000002,1603.3000000000002
31,34,1036.0,1578.3000000000002,49.17982456140353,57,0,1021.0,1051.0,1051.0,1021.0,1553.3000000000002,1603.3000000000002
31,35,1066.0,1578.3000000000002,53.506923076923066,39,0,1051.0,1081.0,1081.0,1051.0,1553.3000000000002,1603.3000000000002
31,36,1096.0,1578.3000000000002,51.78157894736841,38,0,1081.0,1111.0,1111.0,1081.0,1553.3000000000002,1603.3000000000002
31,37,1126.0,1578.3000000000002,52.46750000000001,48,0,1111.0,1141.0,1141.0,1111.0,1553.3000000000002,1603.3000000000002
31,38,1156.0,1578.3000000000002,51.924893617021254,47,0,1141.0,1171.0,1171.0,1141.0,1553.3000000000002,1603.3000000000002
31,39,1186.0,1578.3000000000002,44.48486486486488,74,0,1171.0,1201.0,1201.0,1171.0,1553.3000000000002,1603.3000000000002
31,40,1216.0,1578.3000000000002,50.678000000000004,40,0,1201.0,1231.0,1231.0,1201.0,1553.3000000000002,1603.3000000000002
31,41,1246.0,1578.3000000000002,54.41666666666666,36,0,1231.0,1261.0,1261.0,1231.0,1553.3000000000002,1603.3000000000002
31,42,1276.0,1578.3000000000002,56.54918918918919,37,0,1261.0,1291.0,1291.0,1261.0,1553.3000000000002,1603.3000000000002
31,43,1306.0,1578.3000000000002,45.69846153846155,52,0,1291.0,1321.0,1321.0,1291.0,1553.3000000000002,1603.3000000000002
31,44,1336.0,1578.3000000000002,44.19944444444444,54,0,1321.0,1351.0,1351.0,1321.0,1553.3000000000002,1603.3000000000002
31,45,1366.0,1578.3000000000002,48.47158730158729,42,0,1351.0,1381.0,1381.0,1351.0,1553.3000000000002,1603.3000000000002
31,46,1396.0,1578.3000000000002,50.604883720930225,43,0,1381.0,1411.0,1411.0,1381.0,1553.3000000000002,1603.3000000000002
31,47,1426.0,1578.3000000000002,45.32911764705882,68,0,1411.0,1441.0,1441.0,1411.0,1553.3000000000002,1603.3000000000002
31,48,1456.0,1578.3000000000002,49.323418803418804,52,0,1441.0,1471.0,1471.0,1441.0,1553.3000000000002,1603.3000000000002
31,49,1486.0,1578.3000000000002,43.08327272727274,55,0,1471.0,1501.0,1501.0,1471.0,1553.3000000000002,1603.3000000000002
31,50,1516.0,1578.3000000000002,41.80063829787234,47,0,1501.0,1531.0,1531.0,1501.0,1553.3000000000002,1603.3000000000002
31,51,1546.0,1578.3000000000002,42.17243243243244,74,0,1531.0,1561.0,1561.0,1531.0,1553.3000000000002,1603.3000000000002
31,52,1576.0,1578.3000000000002,43.62833333333334,42,0,1561.0,1591.0,1591.0,1561.0,1553.3000000000002,1603.3000000000002
31,53,1606.0,1578.3000000000002,37.75880597014927,67,0,1591.0,1621.0,1621.0,1591.0,1553.3000000000002,1603.3000000000002
31,54,1636.0,1578.3000000000002,47.29190476190477,42,0,1621.0,1651.0,1651.0,1621.0,1553.3000000000002,1603.3000000000002
31,55,1666.0,1578.3000000000002,44.12277777777778,54,0,1651.0,1681.0,1681.0,1651.0,1553.3000000000002,1603.3000000000002
31,56,1696.0,1578.3000000000002,40.09407407407408,54,0,1681.0,1711.0,1711.0,1681.0,1553.3000000000002,1603.3000000000002
31,57,1726.0,1578.3000000000002,39.6396875,64,0,1711.0,1741.0,1741.0,1711.0,1553.3000000000002,1603.3000000000002
31,58,1756.0,1578.3000000000002,42.209272727272726,55,0,1741.0,1771.0,1771.0,1741.0,1553.3000000000002,1603.3000000000002
31,59,1786.0,1578.3000000000002,39.99166666666667,60,0,1771.0,1801.0,1801.0,1771.0,1553.3000000000002,1603.3000000000002
31,60,1816.0,1578.3000000000002,41.9412,50,0,1801.0,1831.0,1831.0,1801.0,1553.3000000000002,1603.3000000000002
31,61,1846.0,1578.3000000000002,46.764222222222216,45,0,1831.0,1861.0,1861.0,1831.0,1553.3000000000002,1603.3000000000002
31,62,1876.0,1578.3000000000002,45.06562499999999,48,0,1861.0,1891.0,1891.0,1861.0,1553.3000000000002,1603.3000000000002
31,63,1906.0,1578.3000000000002,49.181428571428576,49,0,1891.0,1921.0,1921.0,1891.0,1553.3000000000002,1603.3000000000002
31,64,1936.0,1578.3000000000002,45.079411764705874,51,0,1921.0,1951.0,1951.0,1921.0,1553.3000000000002,1603.3000000000002
31,65,1966.0,1578.3000000000002,46.199090909090934,55,0,1951.0,1981.0,1981.0,1951.0,1553.3000000000002,1603.3000000000002
31,66,1996.0,1578.3000000000002,44.903454545454544,55,0,1981.0,2011.0,2011.0,1981.0,1553.3000000000002,1603.3000000000002
31,67,2026.0,1578.3000000000002,43.41017241379311,58,0,2011.0,2041.0,2041.0,2011.0,1553.3000000000002,1603.3000000000002
31,68,2056.0,1578.3000000000002,42.64166666666667,48,0,2041.0,2071.0,2071.0,2041.0,1553.3000000000002,1603.3000000000002
31,69,2086.0,1578.3000000000002,38.62830188679245,53,0,2071.0,2101.0,2101.0,2071.0,1553.3000000000002,1603.3000000000002
31,70,2116.0,1578.3000000000002,42.50283018867925,53,0,2101.0,2131.0,2131.0,2101.0,1553.3000000000002,1603.3000000000002
31,71,2146.0,1578.3000000000002,44.44330049261082,58,0,2131.0,2161.0,2161.0,2131.0,1553.3000000000002,1603.3000000000002
31,72,2176.0,1578.3000000000002,43.34267857142858,56,0,2161.0,2191.0,2191.0,2161.0,1553.3000000000002,1603.3000000000002
31,73,2206.0,1578.3000000000002,43.309245283018875,53,0,2191.0,2221.0,2221.0,2191.0,1553.3000000000002,1603.3000000000002
31,74,2236.0,1578.3000000000002,38.98915254237288,59,0,2221.0,2251.0,2251.0,2221.0,1553.3000000000002,1603.3000000000002
31,75,2266.0,1578.3000000000002,37.550151515151526,66,0,2251.0,2281.0,2281.0,2251.0,1553.3000000000002,1603.3000000000002
31,76,2296.0,1578.3000000000002,40.63400468384076,61,0,2281.0,2311.0,2311.0,2281.0,1553.3000000000002,1603.3000000000002
31,77,2326.0,1578.3000000000002,47.834901960784315,51,0,2311.0,2341.0,2341.0,2311.0,1553.3000000000002,1603.3000000000002
31,78,2356.0,1578.3000000000002,47.04136363636363,44,0,2341.0,2371.0,2371.0,2341.0,1553.3000000000002,1603.3000000000002
31,79,2386.0,1578.3000000000002,40.03145454545454,55,0,2371.0,2401.0,2401.0,2371.0,1553.3000000000002,1603.3000000000002
31,80,2416.0,1578.3000000000002,44.624634146341464,41,0,2401.0,2431.0,2431.0,2401.0,1553.3000000000002,1603.3000000000002
31,81,2446.0,1578.3000000000002,45.001010638297856,47,0,2431.0,2461.0,2461.0,2431.0,1553.3000000000002,1603.3000000000002
31,82,2476.0,1578.3000000000002,43.10326086956521,46,0,2461.0,2491.0,2491.0,2461.0,1553.3000000000002,1603.3000000000002
31,83,2506.0,1578.3000000000002,39.76622641509435,53,0,2491.0,2521.0,2521.0,2491.0,1553.3000000000002,1603.3000000000002
31,84,2536.0,1578.3000000000002,40.60904761904763,63,0,2521.0,2551.0,2551.0,2521.0,1553.3000000000002,1603.3000000000002
31,85,2566.0,1578.3000000000002,40.931,50,0,2551.0,2581.0,2581.0,2551.0,1553.3000000000002,1603.3000000000002
31,86,2596.0,1578.3000000000002,43.26983606557376,61,0,2581.0,2611.0,2611.0,2581.0,1553.3000000000002,1603.3000000000002
31,87,2626.0,1578.3000000000002,42.108421052631584,57,0,2611.0,2641.0,2641.0,2611.0,1553.3000000000002,1603.3000000000002
31,88,2656.0,1578.3000000000002,38.84298245614034,57,0,2641.0,2671.0,2671.0,2641.0,1553.3000000000002,1603.3000000000002
31,89,2686.0,1578.3000000000002,45.255449735449744,54,0,2671.0,2701.0,2701.0,2671.0,1553.3000000000002,1603.3000000000002
31,90,2716.0,1578.3000000000002,43.1894,50,0,2701.0,2731.0,2731.0,2701.0,1553.3000000000002,1603.3000000000002
31,91,2746.0,1578.3000000000002,43.643888888888895,44,0,2731.0,2761.0,2761.0,2731.0,1553.3000000000002,1603.3000000000002
31,92,2776.0,1578.3000000000002,38.268235294117645,51,0,2761.0,2791.0,2791.0,2761.0,1553.3000000000002,1603.3000000000002
31,93,2806.0,1578.3000000000002,38.387413793103455,58,0,2791.0,2821.0,2821.0,2791.0,1553.3000000000002,1603.3000000000002
31,94,2836.0,1578.3000000000002,43.8692857142857,56,0,2821.0,2851.0,2851.0,2821.0,1553.3000000000002,1603.3000000000002
31,95,2866.0,1578.3000000000002,44.06199999999998,65,0,2851.0,2881.0,2881.0,2851.0,1553.3000000000002,1603.3000000000002
31,96,2896.0,1578.3000000000002,48.674897959183646,49,0,2881.0,2911.0,2911.0,2881.0,1553.3000000000002,1603.3000000000002
31,97,2926.0,1578.3000000000002,42.43311111111111,45,0,2911.0,2941.0,2941.0,2911.0,1553.3000000000002,1603.3000000000002
31,98,2956.0,1578.3000000000002,40.090185185185184,54,0,2941.0,2971.0,2971.0,2941.0,1553.3000000000002,1603.3000000000002
31,99,2986.0,1578.3000000000002,39.95305555555555,72,0,2971.0,3001.0,3001.0,2971.0,1553.3000000000002,1603.3000000000002
31,100,3016.0,1578.3000000000002,37.80754098360655,61,0,3001.0,3031.0,3031.0,3001.0,1553.3000000000002,1603.3000000000002
31,101,3046.0,1578.3000000000002,38.34482142857141,64,0,3031.0,3061.0,3061.0,3031.0,1553.3000000000002,1603.3000000000002
31,102,3076.0,1578.3000000000002,37.93814285714287,70,0,3061.0,3091.0,3091.0,3061.0,1553.3000000000002,1603.3000000000002
31,103,3106.0,1578.3000000000002,38.31490196078431,51,0,3091.0,3121.0,3121.0,3091.0,1553.3000000000002,1603.3000000000002
31,104,3136.0,1578.3000000000002,36.076388888888886,72,0,3121.0,3151.0,3151.0,3121.0,1553.3000000000002,1603.3000000000002
31,105,3166.0,1578.3000000000002,28.543499999999995,80,0,3151.0,3181.0,3181.0,3151.0,1553.3000000000002,1603.3000000000002
31,106,3196.0,1578.3000000000002,34.3595785440613,58,0,3181.0,3211.0,3211.0,3181.0,1553.3000000000002,1603.3000000000002
31,107,3226.0,1578.3000000000002,33.77485294117648,68,0,3211.0,3241.0,3241.0,3211.0,1553.3000000000002,1603.3000000000002
31,108,3256.0,1578.3000000000002,35.448431372549024,51,0,3241.0,3271.0,3271.0,3241.0,1553.3000000000002,1603.3000000000002
31,109,3286.0,1578.3000000000002,33.871363636363625,66,0,3271.0,3301.0,3301.0,3271.0,1553.3000000000002,1603.3000000000002
31,110,3316.0,1578.3000000000002,37.547151515151505,55,0,3301.0,3331.0,3331.0,3301.0,1553.3000000000002,1603.3000000000002
31,111,3346.0,1578.3000000000002,39.24888888888888,54,0,3331.0,3361.0,3361.0,3331.0,1553.3000000000002,1603.3000000000002
31,112,3376.0,1578.3000000000002,40.139523809523816,69,0,3361.0,3391.0,3391.0,3361.0,1553.3000000000002,1603.3000000000002
31,113,3406.0,1578.3000000000002,46.95549019607843,51,0,3391.0,3421.0,3421.0,3391.0,1553.3000000000002,1603.3000000000002
31,114,3436.0,1578.3000000000002,49.26568627450981,51,0,3421.0,3451.0,3451.0,3421.0,1553.3000000000002,1603.3000000000002
31,115,3466.0,1578.3000000000002,45.57035087719298,57,0,3451.0,3481.0,3481.0,3451.0,1553.3000000000002,1603.3000000000002
31,116,3496.0,1578.3000000000002,41.04912280701755,57,0,3481.0,3511.0,3511.0,3481.0,1553.3000000000002,1603.3000000000002
31,117,3526.0,1578.3000000000002,40.845,50,0,3511.0,3541.0,3541.0,3511.0,1553.3000000000002,1603.3000000000002
31,118,3556.0,1578.3000000000002,46.28058823529412,51,0,3541.0,3571.0,3571.0,3541.0,1553.3000000000002,1603.3000000000002
31,119,3586.0,1578.3000000000002,40.86599999999999,55,0,3571.0,3601.0,3601.0,3571.0,1553.3000000000002,1603.3000000000002
31,120,3616.0,1578.3000000000002,43.156612903225806,62,0,3601.0,3631.0,3631.0,3601.0,1553.3000000000002,1603.3000000000002
31,121,3646.0,1578.3000000000002,46.99249999999999,52,0,3631.0,3661.0,3661.0,3631.0,1553.3000000000002,1603.3000000000002
31,122,3676.0,1578.3000000000002,48.404146341463424,41,0,3661.0,3691.0,3691.0,3661.0,1553.3000000000002,1603.3000000000002
31,123,3706.0,1578.3000000000002,47.58972972972972,37,0,3691.0,3721.0,3721.0,3691.0,1553.3000000000002,1603.3000000000002
31,124,3736.0,1578.3000000000002,44.44071428571428,42,0,3721.0,3751.0,3751.0,3721.0,1553.3000000000002,1603.3000000000002
31,125,3766.0,1578.3000000000002,46.850789473684216,38,0,3751.0,3781.0,3781.0,3751.0,1553.3000000000002,1603.3000000000002
31,126,3796.0,1578.3000000000002,50.23333333333333,3,0,3781.0,3811.0,3811.0,3781.0,1553.3000000000002,1603.3000000000002
31,127,3826.0,1578.3000000000002,,0,0,3811.0,3841.0,3841.0,3811.0,1553.3000000000002,1603.3000000000002
32,0,16.0,1628.3000000000002,60.63236842105261,38,0,1.0,31.0,31.0,1.0,1603.3000000000002,1653.3000000000002
32,1,46.0,1628.3000000000002,63.526071428571434,28,0,31.0,61.0,61.0,31.0,1603.3000000000002,1653.3000000000002
32,2,76.0,1628.3000000000002,67.75315217391304,23,0,61.0,91.0,91.0,61.0,1603.3000000000002,1653.3000000000002
32,3,106.0,1628.3000000000002,67.33142857142859,21,0,91.0,121.0,121.0,91.0,1603.3000000000002,1653.3000000000002
32,4,136.0,1628.3000000000002,70.99,19,0,121.0,151.0,151.0,121.0,1603.3000000000002,1653.3000000000002
32,5,166.0,1628.3000000000002,59.38497076023392,19,0,151.0,181.0,181.0,151.0,1603.3000000000002,1653.3000000000002
32,6,196.0,1628.3000000000002,54.825344827586214,58,0,181.0,211.0,211.0,181.0,1603.3000000000002,1653.3000000000002
32,7,226.0,1628.3000000000002,59.718124999999986,48,0,211.0,241.0,241.0,211.0,1603.3000000000002,1653.3000000000002
32,8,256.0,1628.3000000000002,71.43818181818182,22,0,241.0,271.0,271.0,241.0,1603.3000000000002,1653.3000000000002
32,9,286.0,1628.3000000000002,65.16121951219513,41,0,271.0,301.0,301.0,271.0,1603.3000000000002,1653.3000000000002
32,10,316.0,1628.3000000000002,71.78444444444443,18,0,301.0,331.0,331.0,301.0,1603.3000000000002,1653.3000000000002
32,11,346.0,1628.3000000000002,55.5137,25,0,331.0,361.0,361.0,331.0,1603.3000000000002,1653.3000000000002
32,12,376.0,1628.3000000000002,65.43157894736842,19,0,361.0,391.0,391.0,361.0,1603.3000000000002,1653.3000000000002
32,13,406.0,1628.3000000000002,72.74785714285714,14,0,391.0,421.0,421.0,391.0,1603.3000000000002,1653.3000000000002
32,14,436.0,1628.3000000000002,70.85733333333334,15,0,421.0,451.0,451.0,421.0,1603.3000000000002,1653.3000000000002
32,15,466.0,1628.3000000000002,74.83909090909093,11,0,451.0,481.0,481.0,451.0,1603.3000000000002,1653.3000000000002
32,16,496.0,1628.3000000000002,54.49131578947369,38,0,481.0,511.0,511.0,481.0,1603.3000000000002,1653.3000000000002
32,17,526.0,1628.3000000000002,52.308571428571405,49,0,511.0,541.0,541.0,511.0,1603.3000000000002,1653.3000000000002
32,18,556.0,1628.3000000000002,59.38111111111112,36,0,541.0,571.0,571.0,541.0,1603.3000000000002,1653.3000000000002
32,19,586.0,1628.3000000000002,55.3985,40,0,571.0,601.0,601.0,571.0,1603.3000000000002,1653.3000000000002
32,20,616.0,1628.3000000000002,53.053877551020406,49,0,601.0,631.0,631.0,601.0,1603.3000000000002,1653.3000000000002
32,21,646.0,1628.3000000000002,43.270158730158734,63,0,631.0,661.0,661.0,631.0,1603.3000000000002,1653.3000000000002
32,22,676.0,1628.3000000000002,45.203793103448284,58,0,661.0,691.0,691.0,661.0,1603.3000000000002,1653.3000000000002
32,23,706.0,1628.3000000000002,53.71007326007327,39,0,691.0,721.0,721.0,691.0,1603.3000000000002,1653.3000000000002
32,24,736.0,1628.3000000000002,52.57411764705883,51,0,721.0,751.0,751.0,721.0,1603.3000000000002,1653.3000000000002
32,25,766.0,1628.3000000000002,53.44444444444444,27,0,751.0,781.0,781.0,751.0,1603.3000000000002,1653.3000000000002
32,26,796.0,1628.3000000000002,50.9895652173913,46,0,781.0,811.0,811.0,781.0,1603.3000000000002,1653.3000000000002
32,27,826.0,1628.3000000000002,48.73753501400562,51,0,811.0,841.0,841.0,811.0,1603.3000000000002,1653.3000000000002
32,28,856.0,1628.3000000000002,55.155833333333334,36,0,841.0,871.0,871.0,841.0,1603.3000000000002,1653.3000000000002
32,29,886.0,1628.3000000000002,52.55136363636364,44,0,871.0,901.0,901.0,871.0,1603.3000000000002,1653.3000000000002
32,30,916.0,1628.3000000000002,38.89106666666665,75,0,901.0,931.0,931.0,901.0,1603.3000000000002,1653.3000000000002
32,31,946.0,1628.3000000000002,38.08701298701299,77,0,931.0,961.0,961.0,931.0,1603.3000000000002,1653.3000000000002
32,32,976.0,1628.3000000000002,45.558104956268224,49,0,961.0,991.0,991.0,961.0,1603.3000000000002,1653.3000000000002
32,33,1006.0,1628.3000000000002,47.55983333333334,60,0,991.0,1021.0,1021.0,991.0,1603.3000000000002,1653.3000000000002
32,34,1036.0,1628.3000000000002,48.15038461538462,52,0,1021.0,1051.0,1051.0,1021.0,1603.3000000000002,1653.3000000000002
32,35,1066.0,1628.3000000000002,53.249142857142864,35,0,1051.0,1081.0,1081.0,1051.0,1603.3000000000002,1653.3000000000002
32,36,1096.0,1628.3000000000002,52.49300813008129,41,0,1081.0,1111.0,1111.0,1081.0,1603.3000000000002,1653.3000000000002
32,37,1126.0,1628.3000000000002,51.98588235294117,51,0,1111.0,1141.0,1141.0,1111.0,1603.3000000000002,1653.3000000000002
32,38,1156.0,1628.3000000000002,53.025833333333345,40,0,1141.0,1171.0,1171.0,1141.0,1603.3000000000002,1653.3000000000002
32,39,1186.0,1628.3000000000002,45.3688888888889,63,0,1171.0,1201.0,1201.0,1171.0,1603.3000000000002,1653.3000000000002
32,40,1216.0,1628.3000000000002,49.4001923076923,52,0,1201.0,1231.0,1231.0,1201.0,1603.3000000000002,1653.3000000000002
32,41,1246.0,1628.3000000000002,52.70529411764704,34,0,1231.0,1261.0,1261.0,1231.0,1603.3000000000002,1653.3000000000002
32,42,1276.0,1628.3000000000002,58.089655172413785,29,0,1261.0,1291.0,1291.0,1261.0,1603.3000000000002,1653.3000000000002
32,43,1306.0,1628.3000000000002,45.59444444444445,54,0,1291.0,1321.0,1321.0,1291.0,1603.3000000000002,1653.3000000000002
32,44,1336.0,1628.3000000000002,45.124583333333334,48,0,1321.0,1351.0,1351.0,1321.0,1603.3000000000002,1653.3000000000002
32,45,1366.0,1628.3000000000002,47.1167441860465,43,0,1351.0,1381.0,1381.0,1351.0,1603.3000000000002,1653.3000000000002
32,46,1396.0,1628.3000000000002,50.20840909090909,44,0,1381.0,1411.0,1411.0,1381.0,1603.3000000000002,1653.3000000000002
32,47,1426.0,1628.3000000000002,42.87171428571429,70,0,1411.0,1441.0,1441.0,1411.0,1603.3000000000002,1653.3000000000002
32,48,1456.0,1628.3000000000002,49.72545454545454,55,0,1441.0,1471.0,1471.0,1441.0,1603.3000000000002,1653.3000000000002
32,49,1486.0,1628.3000000000002,45.03470588235294,51,0,1471.0,1501.0,1501.0,1471.0,1603.3000000000002,1653.3000000000002
32,50,1516.0,1628.3000000000002,43.08307692307691,39,0,1501.0,1531.0,1531.0,1501.0,1603.3000000000002,1653.3000000000002
32,51,1546.0,1628.3000000000002,40.18797385620915,68,0,1531.0,1561.0,1561.0,1531.0,1603.3000000000002,1653.3000000000002
32,52,1576.0,1628.3000000000002,41.72254901960784,51,0,1561.0,1591.0,1591.0,1561.0,1603.3000000000002,1653.3000000000002
32,53,1606.0,1628.3000000000002,42.015294117647066,51,0,1591.0,1621.0,1621.0,1591.0,1603.3000000000002,1653.3000000000002
32,54,1636.0,1628.3000000000002,47.545813953488384,43,0,1621.0,1651.0,1651.0,1621.0,1603.3000000000002,1653.3000000000002
32,55,1666.0,1628.3000000000002,46.31348837209301,43,0,1651.0,1681.0,1681.0,1651.0,1603.3000000000002,1653.3000000000002
32,56,1696.0,1628.3000000000002,46.79523809523809,42,0,1681.0,1711.0,1711.0,1681.0,1603.3000000000002,1653.3000000000002
32,57,1726.0,1628.3000000000002,42.13921568627452,51,0,1711.0,1741.0,1741.0,1711.0,1603.3000000000002,1653.3000000000002
32,58,1756.0,1628.3000000000002,44.88708333333333,48,0,1741.0,1771.0,1771.0,1741.0,1603.3000000000002,1653.3000000000002
32,59,1786.0,1628.3000000000002,40.63978213507626,51,0,1771.0,1801.0,1801.0,1771.0,1603.3000000000002,1653.3000000000002
32,60,1816.0,1628.3000000000002,44.4197619047619,42,0,1801.0,1831.0,1831.0,1801.0,1603.3000000000002,1653.3000000000002
32,61,1846.0,1628.3000000000002,48.15526315789473,38,0,1831.0,1861.0,1861.0,1831.0,1603.3000000000002,1653.3000000000002
32,62,1876.0,1628.3000000000002,45.91458333333333,48,0,1861.0,1891.0,1891.0,1861.0,1603.3000000000002,1653.3000000000002
32,63,1906.0,1628.3000000000002,48.663666666666664,30,0,1891.0,1921.0,1921.0,1891.0,1603.3000000000002,1653.3000000000002
32,64,1936.0,1628.3000000000002,46.88920289855072,46,0,1921.0,1951.0,1951.0,1921.0,1603.3000000000002,1653.3000000000002
32,65,1966.0,1628.3000000000002,45.9888,50,0,1951.0,1981.0,1981.0,1951.0,1603.3000000000002,1653.3000000000002
32,66,1996.0,1628.3000000000002,45.61634615384614,52,0,1981.0,2011.0,2011.0,1981.0,1603.3000000000002,1653.3000000000002
32,67,2026.0,1628.3000000000002,44.68283018867924,53,0,2011.0,2041.0,2041.0,2011.0,1603.3000000000002,1653.3000000000002
32,68,2056.0,1628.3000000000002,47.333999999999996,40,0,2041.0,2071.0,2071.0,2041.0,1603.3000000000002,1653.3000000000002
32,69,2086.0,1628.3000000000002,41.2456,50,0,2071.0,2101.0,2101.0,2071.0,1603.3000000000002,1653.3000000000002
32,70,2116.0,1628.3000000000002,43.525499999999994,40,0,2101.0,2131.0,2131.0,2101.0,1603.3000000000002,1653.3000000000002
32,71,2146.0,1628.3000000000002,44.99578947368422,57,0,2131.0,2161.0,2161.0,2131.0,1603.3000000000002,1653.3000000000002
32,72,2176.0,1628.3000000000002,44.816481481481475,54,0,2161.0,2191.0,2191.0,2161.0,1603.3000000000002,1653.3000000000002
32,73,2206.0,1628.3000000000002,44.69818181818181,55,0,2191.0,2221.0,2221.0,2191.0,1603.3000000000002,1653.3000000000002
32,74,2236.0,1628.3000000000002,41.74720930232558,43,0,2221.0,2251.0,2251.0,2221.0,1603.3000000000002,1653.3000000000002
32,75,2266.0,1628.3000000000002,36.39396551724138,58,0,2251.0,2281.0,2281.0,2251.0,1603.3000000000002,1653.3000000000002
32,76,2296.0,1628.3000000000002,34.37983870967741,62,0,2281.0,2311.0,2311.0,2281.0,1603.3000000000002,1653.3000000000002
32,77,2326.0,1628.3000000000002,47.34093023255814,43,0,2311.0,2341.0,2341.0,2311.0,1603.3000000000002,1653.3000000000002
32,78,2356.0,1628.3000000000002,49.44098191214471,43,0,2341.0,2371.0,2371.0,2341.0,1603.3000000000002,1653.3000000000002
32,79,2386.0,1628.3000000000002,42.57803191489362,47,0,2371.0,2401.0,2401.0,2371.0,1603.3000000000002,1653.3000000000002
32,80,2416.0,1628.3000000000002,42.111521739130424,46,0,2401.0,2431.0,2431.0,2401.0,1603.3000000000002,1653.3000000000002
32,81,2446.0,1628.3000000000002,45.860499999999995,40,0,2431.0,2461.0,2461.0,2431.0,1603.3000000000002,1653.3000000000002
32,82,2476.0,1628.3000000000002,46.462222222222216,45,0,2461.0,2491.0,2491.0,2461.0,1603.3000000000002,1653.3000000000002
32,83,2506.0,1628.3000000000002,42.20239130434783,46,0,2491.0,2521.0,2521.0,2491.0,1603.3000000000002,1653.3000000000002
32,84,2536.0,1628.3000000000002,43.06816666666667,60,0,2521.0,2551.0,2551.0,2521.0,1603.3000000000002,1653.3000000000002
32,85,2566.0,1628.3000000000002,41.5369387755102,49,0,2551.0,2581.0,2581.0,2551.0,1603.3000000000002,1653.3000000000002
32,86,2596.0,1628.3000000000002,42.963200000000015,50,0,2581.0,2611.0,2611.0,2581.0,1603.3000000000002,1653.3000000000002
32,87,2626.0,1628.3000000000002,42.35403846153848,52,0,2611.0,2641.0,2641.0,2611.0,1603.3000000000002,1653.3000000000002
32,88,2656.0,1628.3000000000002,40.62447089947091,54,0,2641.0,2671.0,2671.0,2641.0,1603.3000000000002,1653.3000000000002
32,89,2686.0,1628.3000000000002,47.96612244897958,49,0,2671.0,2701.0,2701.0,2671.0,1603.3000000000002,1653.3000000000002
32,90,2716.0,1628.3000000000002,46.03391304347825,46,0,2701.0,2731.0,2731.0,2701.0,1603.3000000000002,1653.3000000000002
32,91,2746.0,1628.3000000000002,44.928333333333335,42,0,2731.0,2761.0,2761.0,2731.0,1603.3000000000002,1653.3000000000002
32,92,2776.0,1628.3000000000002,41.2495744680851,47,0,2761.0,2791.0,2791.0,2761.0,1603.3000000000002,1653.3000000000002
32,93,2806.0,1628.3000000000002,39.421607142857155,56,0,2791.0,2821.0,2821.0,2791.0,1603.3000000000002,1653.3000000000002
32,94,2836.0,1628.3000000000002,42.414655172413795,58,0,2821.0,2851.0,2851.0,2821.0,1603.3000000000002,1653.3000000000002
32,95,2866.0,1628.3000000000002,43.77666666666668,66,0,2851.0,2881.0,2881.0,2851.0,1603.3000000000002,1653.3000000000002
32,96,2896.0,1628.3000000000002,50.318823529411766,51,0,2881.0,2911.0,2911.0,2881.0,1603.3000000000002,1653.3000000000002
32,97,2926.0,1628.3000000000002,43.773777777777774,45,0,2911.0,2941.0,2941.0,2911.0,1603.3000000000002,1653.3000000000002
32,98,2956.0,1628.3000000000002,42.727222222222224,54,0,2941.0,2971.0,2971.0,2941.0,1603.3000000000002,1653.3000000000002
32,99,2986.0,1628.3000000000002,41.132272727272714,66,0,2971.0,3001.0,3001.0,2971.0,1603.3000000000002,1653.3000000000002
32,100,3016.0,1628.3000000000002,41.12235294117649,51,0,3001.0,3031.0,3031.0,3001.0,1603.3000000000002,1653.3000000000002
32,101,3046.0,1628.3000000000002,39.08689825657038,61,0,3031.0,3061.0,3061.0,3031.0,1603.3000000000002,1653.3000000000002
32,102,3076.0,1628.3000000000002,37.909868421052636,76,0,3061.0,3091.0,3091.0,3061.0,1603.3000000000002,1653.3000000000002
32,103,3106.0,1628.3000000000002,41.847678571428574,56,0,3091.0,3121.0,3121.0,3091.0,1603.3000000000002,1653.3000000000002
32,104,3136.0,1628.3000000000002,38.01159420289856,69,0,3121.0,3151.0,3151.0,3121.0,1603.3000000000002,1653.3000000000002
32,105,3166.0,1628.3000000000002,35.03289855072465,69,0,3151.0,3181.0,3181.0,3151.0,1603.3000000000002,1653.3000000000002
32,106,3196.0,1628.3000000000002,39.53549019607844,51,0,3181.0,3211.0,3211.0,3181.0,1603.3000000000002,1653.3000000000002
32,107,3226.0,1628.3000000000002,38.469074074074065,54,0,3211.0,3241.0,3241.0,3211.0,1603.3000000000002,1653.3000000000002
32,108,3256.0,1628.3000000000002,38.07079999999999,50,0,3241.0,3271.0,3271.0,3241.0,1603.3000000000002,1653.3000000000002
32,109,3286.0,1628.3000000000002,34.759636015325675,58,0,3271.0,3301.0,3301.0,3271.0,1603.3000000000002,1653.3000000000002
32,110,3316.0,1628.3000000000002,36.99684210526316,57,0,3301.0,3331.0,3331.0,3301.0,1603.3000000000002,1653.3000000000002
32,111,3346.0,1628.3000000000002,41.909000000000006,50,0,3331.0,3361.0,3361.0,3331.0,1603.3000000000002,1653.3000000000002
32,112,3376.0,1628.3000000000002,41.63067796610167,59,0,3361.0,3391.0,3391.0,3361.0,1603.3000000000002,1653.3000000000002
32,113,3406.0,1628.3000000000002,46.73597883597883,54,0,3391.0,3421.0,3421.0,3391.0,1603.3000000000002,1653.3000000000002
32,114,3436.0,1628.3000000000002,50.3489090909091,55,0,3421.0,3451.0,3451.0,3421.0,1603.3000000000002,1653.3000000000002
32,115,3466.0,1628.3000000000002,46.94360000000002,50,0,3451.0,3481.0,3481.0,3451.0,1603.3000000000002,1653.3000000000002
32,116,3496.0,1628.3000000000002,43.46096153846153,52,0,3481.0,3511.0,3511.0,3481.0,1603.3000000000002,1653.3000000000002
32,117,3526.0,1628.3000000000002,41.27765957446809,47,0,3511.0,3541.0,3541.0,3511.0,1603.3000000000002,1653.3000000000002
32,118,3556.0,1628.3000000000002,45.737037037037034,54,0,3541.0,3571.0,3571.0,3541.0,1603.3000000000002,1653.3000000000002
32,119,3586.0,1628.3000000000002,44.46673076923077,52,0,3571.0,3601.0,3601.0,3571.0,1603.3000000000002,1653.3000000000002
32,120,3616.0,1628.3000000000002,44.29137931034484,58,0,3601.0,3631.0,3631.0,3601.0,1603.3000000000002,1653.3000000000002
32,121,3646.0,1628.3000000000002,47.720227272727264,44,0,3631.0,3661.0,3661.0,3631.0,1603.3000000000002,1653.3000000000002
32,122,3676.0,1628.3000000000002,48.482666666666674,45,0,3661.0,3691.0,3691.0,3661.0,1603.3000000000002,1653.3000000000002
32,123,3706.0,1628.3000000000002,47.54714285714286,42,0,3691.0,3721.0,3721.0,3691.0,1603.3000000000002,1653.3000000000002
32,124,3736.0,1628.3000000000002,44.41000000000001,44,0,3721.0,3751.0,3751.0,3721.0,1603.3000000000002,1653.3000000000002
32,125,3766.0,1628.3000000000002,45.99304347826087,46,0,3751.0,3781.0,3781.0,3751.0,1603.3000000000002,1653.3000000000002
32,126,3796.0,1628.3000000000002,51.22363636363636,11,0,3781.0,3811.0,3811.0,3781.0,1603.3000000000002,1653.3000000000002
32,127,3826.0,1628.3000000000002,,0,0,3811.0,3841.0,3841.0,3811.0,1603.3000000000002,1653.3000000000002
33,0,16.0,1678.3000000000002,62.020424836601315,34,0,1.0,31.0,31.0,1.0,1653.3000000000002,1703.3000000000002
33,1,46.0,1678.3000000000002,60.98374999999999,32,0,31.0,61.0,61.0,31.0,1653.3000000000002,1703.3000000000002
33,2,76.0,1678.3000000000002,67.5795,20,0,61.0,91.0,91.0,61.0,1653.3000000000002,1703.3000000000002
33,3,106.0,1678.3000000000002,68.75347826086956,23,0,91.0,121.0,121.0,91.0,1653.3000000000002,1703.3000000000002
33,4,136.0,1678.3000000000002,68.40826086956523,23,0,121.0,151.0,151.0,121.0,1653.3000000000002,1703.3000000000002
33,5,166.0,1678.3000000000002,62.88312499999999,16,0,151.0,181.0,181.0,151.0,1653.3000000000002,1703.3000000000002
33,6,196.0,1678.3000000000002,54.55867724867723,63,0,181.0,211.0,211.0,181.0,1653.3000000000002,1703.3000000000002
33,7,226.0,1678.3000000000002,57.211296296296304,54,0,211.0,241.0,241.0,211.0,1653.3000000000002,1703.3000000000002
33,8,256.0,1678.3000000000002,70.58049999999999,20,0,241.0,271.0,271.0,241.0,1653.3000000000002,1703.3000000000002
33,9,286.0,1678.3000000000002,65.27047619047622,42,0,271.0,301.0,301.0,271.0,1653.3000000000002,1703.3000000000002
33,10,316.0,1678.3000000000002,71.78397727272728,22,0,301.0,331.0,331.0,301.0,1653.3000000000002,1703.3000000000002
33,11,346.0,1678.3000000000002,56.6392,25,0,331.0,361.0,361.0,331.0,1653.3000000000002,1703.3000000000002
33,12,376.0,1678.3000000000002,64.16499999999999,20,0,361.0,391.0,391.0,361.0,1653.3000000000002,1703.3000000000002
33,13,406.0,1678.3000000000002,72.76926470588236,17,0,391.0,421.0,421.0,391.0,1653.3000000000002,1703.3000000000002
33,14,436.0,1678.3000000000002,68.41785714285714,14,0,421.0,451.0,451.0,421.0,1653.3000000000002,1703.3000000000002
33,15,466.0,1678.3000000000002,75.58636363636364,11,0,451.0,481.0,481.0,451.0,1653.3000000000002,1703.3000000000002
33,16,496.0,1678.3000000000002,55.96911764705883,34,0,481.0,511.0,511.0,481.0,1653.3000000000002,1703.3000000000002
33,17,526.0,1678.3000000000002,51.89016393442622,61,0,511.0,541.0,541.0,511.0,1653.3000000000002,1703.3000000000002
33,18,556.0,1678.3000000000002,58.764857142857146,35,0,541.0,571.0,571.0,541.0,1653.3000000000002,1703.3000000000002
33,19,586.0,1678.3000000000002,57.78725000000001,40,0,571.0,601.0,601.0,571.0,1653.3000000000002,1703.3000000000002
33,20,616.0,1678.3000000000002,54.30157894736841,57,0,601.0,631.0,631.0,601.0,1653.3000000000002,1703.3000000000002
33,21,646.0,1678.3000000000002,45.30508771929826,57,0,631.0,661.0,661.0,631.0,1653.3000000000002,1703.3000000000002
33,22,676.0,1678.3000000000002,44.53196969696971,66,0,661.0,691.0,691.0,661.0,1653.3000000000002,1703.3000000000002
33,23,706.0,1678.3000000000002,52.48205128205128,39,0,691.0,721.0,721.0,691.0,1653.3000000000002,1703.3000000000002
33,24,736.0,1678.3000000000002,53.82644444444445,45,0,721.0,751.0,751.0,721.0,1653.3000000000002,1703.3000000000002
33,25,766.0,1678.3000000000002,53.587857142857146,28,0,751.0,781.0,781.0,751.0,1653.3000000000002,1703.3000000000002
33,26,796.0,1678.3000000000002,51.2904347826087,46,0,781.0,811.0,811.0,781.0,1653.3000000000002,1703.3000000000002
33,27,826.0,1678.3000000000002,47.20107142857144,56,0,811.0,841.0,841.0,811.0,1653.3000000000002,1703.3000000000002
33,28,856.0,1678.3000000000002,57.945,32,0,841.0,871.0,871.0,841.0,1653.3000000000002,1703.3000000000002
33,29,886.0,1678.3000000000002,55.28578947368421,38,0,871.0,901.0,901.0,871.0,1653.3000000000002,1703.3000000000002
33,30,916.0,1678.3000000000002,43.5078125,64,0,901.0,931.0,931.0,901.0,1653.3000000000002,1703.3000000000002
33,31,946.0,1678.3000000000002,38.62726027397259,73,0,931.0,961.0,961.0,931.0,1653.3000000000002,1703.3000000000002
33,32,976.0,1678.3000000000002,43.22685185185184,54,0,961.0,991.0,991.0,961.0,1653.3000000000002,1703.3000000000002
33,33,1006.0,1678.3000000000002,47.0811111111111,63,0,991.0,1021.0,1021.0,991.0,1653.3000000000002,1703.3000000000002
33,34,1036.0,1678.3000000000002,44.730847457627114,59,0,1021.0,1051.0,1051.0,1021.0,1653.3000000000002,1703.3000000000002
33,35,1066.0,1678.3000000000002,52.014761904761905,42,0,1051.0,1081.0,1081.0,1051.0,1653.3000000000002,1703.3000000000002
33,36,1096.0,1678.3000000000002,52.861395348837206,43,0,1081.0,1111.0,1111.0,1081.0,1653.3000000000002,1703.3000000000002
33,37,1126.0,1678.3000000000002,52.5212,50,0,1111.0,1141.0,1141.0,1111.0,1653.3000000000002,1703.3000000000002
33,38,1156.0,1678.3000000000002,54.133095238095244,42,0,1141.0,1171.0,1171.0,1141.0,1653.3000000000002,1703.3000000000002
33,39,1186.0,1678.3000000000002,46.08276923076924,65,0,1171.0,1201.0,1201.0,1171.0,1653.3000000000002,1703.3000000000002
33,40,1216.0,1678.3000000000002,47.89428571428571,56,0,1201.0,1231.0,1231.0,1201.0,1653.3000000000002,1703.3000000000002
33,41,1246.0,1678.3000000000002,51.544499999999985,40,0,1231.0,1261.0,1261.0,1231.0,1653.3000000000002,1703.3000000000002
33,42,1276.0,1678.3000000000002,56.55780487804878,41,0,1261.0,1291.0,1291.0,1261.0,1653.3000000000002,1703.3000000000002
33,43,1306.0,1678.3000000000002,46.968,50,0,1291.0,1321.0,1321.0,1291.0,1653.3000000000002,1703.3000000000002
33,44,1336.0,1678.3000000000002,45.37590909090909,44,0,1321.0,1351.0,1351.0,1321.0,1653.3000000000002,1703.3000000000002
33,45,1366.0,1678.3000000000002,45.63734693877551,49,0,1351.0,1381.0,1381.0,1351.0,1653.3000000000002,1703.3000000000002
33,46,1396.0,1678.3000000000002,47.377968253968255,45,0,1381.0,1411.0,1411.0,1381.0,1653.3000000000002,1703.3000000000002
33,47,1426.0,1678.3000000000002,44.17249999999999,60,0,1411.0,1441.0,1441.0,1411.0,1653.3000000000002,1703.3000000000002
33,48,1456.0,1678.3000000000002,46.64833333333333,72,0,1441.0,1471.0,1471.0,1441.0,1653.3000000000002,1703.3000000000002
33,49,1486.0,1678.3000000000002,45.464901960784324,51,0,1471.0,1501.0,1501.0,1471.0,1653.3000000000002,1703.3000000000002
33,50,1516.0,1678.3000000000002,45.13945945945945,37,0,1501.0,1531.0,1531.0,1501.0,1653.3000000000002,1703.3000000000002
33,51,1546.0,1678.3000000000002,40.489672131147564,61,0,1531.0,1561.0,1561.0,1531.0,1653.3000000000002,1703.3000000000002
33,52,1576.0,1678.3000000000002,39.78048387096774,62,0,1561.0,1591.0,1591.0,1561.0,1653.3000000000002,1703.3000000000002
33,53,1606.0,1678.3000000000002,46.138478260869555,46,0,1591.0,1621.0,1621.0,1591.0,1653.3000000000002,1703.3000000000002
33,54,1636.0,1678.3000000000002,48.7834,50,0,1621.0,1651.0,1651.0,1621.0,1653.3000000000002,1703.3000000000002
33,55,1666.0,1678.3000000000002,48.667954545454535,44,0,1651.0,1681.0,1681.0,1651.0,1653.3000000000002,1703.3000000000002
33,56,1696.0,1678.3000000000002,48.30692671394799,47,0,1681.0,1711.0,1711.0,1681.0,1653.3000000000002,1703.3000000000002
33,57,1726.0,1678.3000000000002,46.305102040816344,49,0,1711.0,1741.0,1741.0,1711.0,1653.3000000000002,1703.3000000000002
33,58,1756.0,1678.3000000000002,45.79648148148149,54,0,1741.0,1771.0,1771.0,1741.0,1653.3000000000002,1703.3000000000002
33,59,1786.0,1678.3000000000002,44.39019999999999,50,0,1771.0,1801.0,1801.0,1771.0,1653.3000000000002,1703.3000000000002
33,60,1816.0,1678.3000000000002,46.46761904761905,42,0,1801.0,1831.0,1831.0,1801.0,1653.3000000000002,1703.3000000000002
33,61,1846.0,1678.3000000000002,47.95135135135134,37,0,1831.0,1861.0,1861.0,1831.0,1653.3000000000002,1703.3000000000002
33,62,1876.0,1678.3000000000002,47.73693877551019,49,0,1861.0,1891.0,1891.0,1861.0,1653.3000000000002,1703.3000000000002
33,63,1906.0,1678.3000000000002,46.98352941176469,34,0,1891.0,1921.0,1921.0,1891.0,1653.3000000000002,1703.3000000000002
33,64,1936.0,1678.3000000000002,49.54042857142859,40,0,1921.0,1951.0,1951.0,1921.0,1653.3000000000002,1703.3000000000002
33,65,1966.0,1678.3000000000002,46.0657627118644,59,0,1951.0,1981.0,1981.0,1951.0,1653.3000000000002,1703.3000000000002
33,66,1996.0,1678.3000000000002,46.42086956521739,46,0,1981.0,2011.0,2011.0,1981.0,1653.3000000000002,1703.3000000000002
33,67,2026.0,1678.3000000000002,48.0532692307692,52,0,2011.0,2041.0,2041.0,2011.0,1653.3000000000002,1703.3000000000002
33,68,2056.0,1678.3000000000002,46.65833333333333,48,0,2041.0,2071.0,2071.0,2041.0,1653.3000000000002,1703.3000000000002
33,69,2086.0,1678.3000000000002,45.31627450980394,51,0,2071.0,2101.0,2101.0,2071.0,1653.3000000000002,1703.3000000000002
33,70,2116.0,1678.3000000000002,43.51923076923077,39,0,2101.0,2131.0,2131.0,2101.0,1653.3000000000002,1703.3000000000002
33,71,2146.0,1678.3000000000002,45.79684210526316,57,0,2131.0,2161.0,2161.0,2131.0,1653.3000000000002,1703.3000000000002
33,72,2176.0,1678.3000000000002,46.55130434782608,46,0,2161.0,2191.0,2191.0,2161.0,1653.3000000000002,1703.3000000000002
33,73,2206.0,1678.3000000000002,46.77250000000002,56,0,2191.0,2221.0,2221.0,2191.0,1653.3000000000002,1703.3000000000002
33,74,2236.0,1678.3000000000002,42.275,36,0,2221.0,2251.0,2251.0,2221.0,1653.3000000000002,1703.3000000000002
33,75,2266.0,1678.3000000000002,40.64790322580646,62,0,2251.0,2281.0,2281.0,2251.0,1653.3000000000002,1703.3000000000002
33,76,2296.0,1678.3000000000002,32.37925925925926,54,0,2281.0,2311.0,2311.0,2281.0,1653.3000000000002,1703.3000000000002
33,77,2326.0,1678.3000000000002,43.895918367346944,49,0,2311.0,2341.0,2341.0,2311.0,1653.3000000000002,1703.3000000000002
33,78,2356.0,1678.3000000000002,49.92349999999999,40,0,2341.0,2371.0,2371.0,2341.0,1653.3000000000002,1703.3000000000002
33,79,2386.0,1678.3000000000002,44.329487179487174,39,0,2371.0,2401.0,2401.0,2371.0,1653.3000000000002,1703.3000000000002
33,80,2416.0,1678.3000000000002,41.48588235294118,51,0,2401.0,2431.0,2431.0,2401.0,1653.3000000000002,1703.3000000000002
33,81,2446.0,1678.3000000000002,46.85136363636364,44,0,2431.0,2461.0,2461.0,2431.0,1653.3000000000002,1703.3000000000002
33,82,2476.0,1678.3000000000002,46.77826086956522,46,0,2461.0,2491.0,2491.0,2461.0,1653.3000000000002,1703.3000000000002
33,83,2506.0,1678.3000000000002,45.414565217391306,46,0,2491.0,2521.0,2521.0,2491.0,1653.3000000000002,1703.3000000000002
33,84,2536.0,1678.3000000000002,44.696744639376234,57,0,2521.0,2551.0,2551.0,2521.0,1653.3000000000002,1703.3000000000002
33,85,2566.0,1678.3000000000002,44.00510638297872,47,0,2551.0,2581.0,2581.0,2551.0,1653.3000000000002,1703.3000000000002
33,86,2596.0,1678.3000000000002,44.76187500000001,48,0,2581.0,2611.0,2611.0,2581.0,1653.3000000000002,1703.3000000000002
33,87,2626.0,1678.3000000000002,45.233777777777775,45,0,2611.0,2641.0,2641.0,2611.0,1653.3000000000002,1703.3000000000002
33,88,2656.0,1678.3000000000002,43.430612244897965,49,0,2641.0,2671.0,2671.0,2641.0,1653.3000000000002,1703.3000000000002
33,89,2686.0,1678.3000000000002,49.25978723404256,47,0,2671.0,2701.0,2701.0,2671.0,1653.3000000000002,1703.3000000000002
33,90,2716.0,1678.3000000000002,47.523250000000004,40,0,2701.0,2731.0,2731.0,2701.0,1653.3000000000002,1703.3000000000002
33,91,2746.0,1678.3000000000002,46.831627906976735,43,0,2731.0,2761.0,2761.0,2731.0,1653.3000000000002,1703.3000000000002
33,92,2776.0,1678.3000000000002,44.05127659574467,47,0,2761.0,2791.0,2791.0,2761.0,1653.3000000000002,1703.3000000000002
33,93,2806.0,1678.3000000000002,41.868833819241985,49,0,2791.0,2821.0,2821.0,2791.0,1653.3000000000002,1703.3000000000002
33,94,2836.0,1678.3000000000002,42.230327868852456,61,0,2821.0,2851.0,2851.0,2821.0,1653.3000000000002,1703.3000000000002
33,95,2866.0,1678.3000000000002,42.40732394366195,71,0,2851.0,2881.0,2881.0,2851.0,1653.3000000000002,1703.3000000000002
33,96,2896.0,1678.3000000000002,51.246136363636374,44,0,2881.0,2911.0,2911.0,2881.0,1653.3000000000002,1703.3000000000002
33,97,2926.0,1678.3000000000002,45.26782608695653,46,0,2911.0,2941.0,2941.0,2911.0,1653.3000000000002,1703.3000000000002
33,98,2956.0,1678.3000000000002,45.88652173913043,46,0,2941.0,2971.0,2971.0,2941.0,1653.3000000000002,1703.3000000000002
33,99,2986.0,1678.3000000000002,43.14092307692306,65,0,2971.0,3001.0,3001.0,2971.0,1653.3000000000002,1703.3000000000002
33,100,3016.0,1678.3000000000002,44.74060000000002,50,0,3001.0,3031.0,3031.0,3001.0,1653.3000000000002,1703.3000000000002
33,101,3046.0,1678.3000000000002,43.2222448979592,49,0,3031.0,3061.0,3061.0,3031.0,1653.3000000000002,1703.3000000000002
33,102,3076.0,1678.3000000000002,40.92994949494948,66,0,3061.0,3091.0,3091.0,3061.0,1653.3000000000002,1703.3000000000002
33,103,3106.0,1678.3000000000002,40.12508771929826,57,0,3091.0,3121.0,3121.0,3091.0,1653.3000000000002,1703.3000000000002
33,104,3136.0,1678.3000000000002,40.53733333333334,65,0,3121.0,3151.0,3151.0,3121.0,1653.3000000000002,1703.3000000000002
33,105,3166.0,1678.3000000000002,39.45982758620689,58,0,3151.0,3181.0,3181.0,3151.0,1653.3000000000002,1703.3000000000002
33,106,3196.0,1678.3000000000002,42.440267857142864,48,0,3181.0,3211.0,3211.0,3181.0,1653.3000000000002,1703.3000000000002
33,107,3226.0,1678.3000000000002,43.30837209302325,43,0,3211.0,3241.0,3241.0,3211.0,1653.3000000000002,1703.3000000000002
33,108,3256.0,1678.3000000000002,42.61119999999999,50,0,3241.0,3271.0,3271.0,3241.0,1653.3000000000002,1703.3000000000002
33,109,3286.0,1678.3000000000002,38.95777777777777,45,0,3271.0,3301.0,3301.0,3271.0,1653.3000000000002,1703.3000000000002
33,110,3316.0,1678.3000000000002,40.43103448275862,58,0,3301.0,3331.0,3331.0,3301.0,1653.3000000000002,1703.3000000000002
33,111,3346.0,1678.3000000000002,43.43685185185185,54,0,3331.0,3361.0,3361.0,3331.0,1653.3000000000002,1703.3000000000002
33,112,3376.0,1678.3000000000002,43.924038461538466,52,0,3361.0,3391.0,3391.0,3361.0,1653.3000000000002,1703.3000000000002
33,113,3406.0,1678.3000000000002,48.96857142857141,49,0,3391.0,3421.0,3421.0,3391.0,1653.3000000000002,1703.3000000000002
33,114,3436.0,1678.3000000000002,51.112173913043485,46,0,3421.0,3451.0,3451.0,3421.0,1653.3000000000002,1703.3000000000002
33,115,3466.0,1678.3000000000002,48.860697674418596,43,0,3451.0,3481.0,3481.0,3451.0,1653.3000000000002,1703.3000000000002
33,116,3496.0,1678.3000000000002,47.832553191489374,47,0,3481.0,3511.0,3511.0,3481.0,1653.3000000000002,1703.3000000000002
33,117,3526.0,1678.3000000000002,46.13000000000001,41,0,3511.0,3541.0,3541.0,3511.0,1653.3000000000002,1703.3000000000002
33,118,3556.0,1678.3000000000002,46.55891304347826,46,0,3541.0,3571.0,3571.0,3541.0,1653.3000000000002,1703.3000000000002
33,119,3586.0,1678.3000000000002,47.62148148148148,54,0,3571.0,3601.0,3601.0,3571.0,1653.3000000000002,1703.3000000000002
33,120,3616.0,1678.3000000000002,48.604285714285716,49,0,3601.0,3631.0,3631.0,3601.0,1653.3000000000002,1703.3000000000002
33,121,3646.0,1678.3000000000002,48.81604651162791,43,0,3631.0,3661.0,3661.0,3631.0,1653.3000000000002,1703.3000000000002
33,122,3676.0,1678.3000000000002,50.10595238095237,42,0,3661.0,3691.0,3691.0,3661.0,1653.3000000000002,1703.3000000000002
33,123,3706.0,1678.3000000000002,48.621000000000016,40,0,3691.0,3721.0,3721.0,3691.0,1653.3000000000002,1703.3000000000002
33,124,3736.0,1678.3000000000002,46.7116129032258,31,0,3721.0,3751.0,3751.0,3721.0,1653.3000000000002,1703.3000000000002
33,125,3766.0,1678.3000000000002,45.5858695652174,46,0,3751.0,3781.0,3781.0,3751.0,1653.3000000000002,1703.3000000000002
33,126,3796.0,1678.3000000000002,49.51785714285715,14,0,3781.0,3811.0,3811.0,3781.0,1653.3000000000002,1703.3000000000002
33,127,3826.0,1678.3000000000002,,0,0,3811.0,3841.0,3841.0,3811.0,1653.3000000000002,1703.3000000000002
34,0,16.0,1728.3000000000002,63.75433035714287,32,0,1.0,31.0,31.0,1.0,1703.3000000000002,1753.3000000000002
34,1,46.0,1728.3000000000002,60.75472222222223,36,0,31.0,61.0,61.0,31.0,1703.3000000000002,1753.3000000000002
34,2,76.0,1728.3000000000002,67.14347826086956,23,0,61.0,91.0,91.0,61.0,1703.3000000000002,1753.3000000000002
34,3,106.0,1728.3000000000002,68.73249999999999,16,0,91.0,121.0,121.0,91.0,1703.3000000000002,1753.3000000000002
34,4,136.0,1728.3000000000002,68.08791666666666,24,0,121.0,151.0,151.0,121.0,1703.3000000000002,1753.3000000000002
34,5,166.0,1728.3000000000002,71.32846153846154,13,0,151.0,181.0,181.0,151.0,1703.3000000000002,1753.3000000000002
34,6,196.0,1728.3000000000002,54.01583333333335,60,0,181.0,211.0,211.0,181.0,1703.3000000000002,1753.3000000000002
34,7,226.0,1728.3000000000002,55.49044444444445,45,0,211.0,241.0,241.0,211.0,1703.3000000000002,1753.3000000000002
34,8,256.0,1728.3000000000002,68.60052631578948,19,0,241.0,271.0,271.0,241.0,1703.3000000000002,1753.3000000000002
34,9,286.0,1728.3000000000002,66.08136363636362,44,0,271.0,301.0,301.0,271.0,1703.3000000000002,1753.3000000000002
34,10,316.0,1728.3000000000002,72.28544973544972,21,0,301.0,331.0,331.0,301.0,1703.3000000000002,1753.3000000000002
34,11,346.0,1728.3000000000002,60.915466666666674,25,0,331.0,361.0,361.0,331.0,1703.3000000000002,1753.3000000000002
34,12,376.0,1728.3000000000002,64.0838095238095,21,0,361.0,391.0,391.0,361.0,1703.3000000000002,1753.3000000000002
34,13,406.0,1728.3000000000002,73.47529411764705,17,0,391.0,421.0,421.0,391.0,1703.3000000000002,1753.3000000000002
34,14,436.0,1728.3000000000002,71.29746913580249,18,0,421.0,451.0,451.0,421.0,1703.3000000000002,1753.3000000000002
34,15,466.0,1728.3000000000002,74.52307692307693,13,0,451.0,481.0,481.0,451.0,1703.3000000000002,1753.3000000000002
34,16,496.0,1728.3000000000002,57.893076923076926,26,0,481.0,511.0,511.0,481.0,1703.3000000000002,1753.3000000000002
34,17,526.0,1728.3000000000002,52.468928571428584,56,0,511.0,541.0,541.0,511.0,1703.3000000000002,1753.3000000000002
34,18,556.0,1728.3000000000002,59.44028571428572,35,0,541.0,571.0,571.0,541.0,1703.3000000000002,1753.3000000000002
34,19,586.0,1728.3000000000002,58.99324324324324,37,0,571.0,601.0,601.0,571.0,1703.3000000000002,1753.3000000000002
34,20,616.0,1728.3000000000002,53.012407407407395,54,0,601.0,631.0,631.0,601.0,1703.3000000000002,1753.3000000000002
34,21,646.0,1728.3000000000002,49.087399999999995,50,0,631.0,661.0,661.0,631.0,1703.3000000000002,1753.3000000000002
34,22,676.0,1728.3000000000002,45.100769230769224,65,0,661.0,691.0,691.0,661.0,1703.3000000000002,1753.3000000000002
34,23,706.0,1728.3000000000002,48.888085106382974,47,0,691.0,721.0,721.0,691.0,1703.3000000000002,1753.3000000000002
34,24,736.0,1728.3000000000002,54.127173913043464,46,0,721.0,751.0,751.0,721.0,1703.3000000000002,1753.3000000000002
34,25,766.0,1728.3000000000002,53.11757575757576,33,0,751.0,781.0,781.0,751.0,1703.3000000000002,1753.3000000000002
34,26,796.0,1728.3000000000002,49.40790697674419,43,0,781.0,811.0,811.0,781.0,1703.3000000000002,1753.3000000000002
34,27,826.0,1728.3000000000002,48.328596491228076,57,0,811.0,841.0,841.0,811.0,1703.3000000000002,1753.3000000000002
34,28,856.0,1728.3000000000002,59.66241379310345,29,0,841.0,871.0,871.0,841.0,1703.3000000000002,1753.3000000000002
34,29,886.0,1728.3000000000002,55.93813953488371,43,0,871.0,901.0,901.0,871.0,1703.3000000000002,1753.3000000000002
34,30,916.0,1728.3000000000002,47.6528846153846,52,0,901.0,931.0,931.0,901.0,1703.3000000000002,1753.3000000000002
34,31,946.0,1728.3000000000002,42.44161971830984,71,0,931.0,961.0,961.0,931.0,1703.3000000000002,1753.3000000000002
34,32,976.0,1728.3000000000002,43.12174603174604,63,0,961.0,991.0,991.0,961.0,1703.3000000000002,1753.3000000000002
34,33,1006.0,1728.3000000000002,49.050416666666656,48,0,991.0,1021.0,1021.0,991.0,1703.3000000000002,1753.3000000000002
34,34,1036.0,1728.3000000000002,42.40276923076923,65,0,1021.0,1051.0,1051.0,1021.0,1703.3000000000002,1753.3000000000002
34,35,1066.0,1728.3000000000002,50.590232558139526,43,0,1051.0,1081.0,1081.0,1051.0,1703.3000000000002,1753.3000000000002
34,36,1096.0,1728.3000000000002,53.62416666666667,36,0,1081.0,1111.0,1111.0,1081.0,1703.3000000000002,1753.3000000000002
34,37,1126.0,1728.3000000000002,53.18152173913043,46,0,1111.0,1141.0,1141.0,1111.0,1703.3000000000002,1753.3000000000002
34,38,1156.0,1728.3000000000002,55.83342105263158,38,0,1141.0,1171.0,1171.0,1141.0,1703.3000000000002,1753.3000000000002
34,39,1186.0,1728.3000000000002,49.10471698113208,53,0,1171.0,1201.0,1201.0,1171.0,1703.3000000000002,1753.3000000000002
34,40,1216.0,1728.3000000000002,46.72000000000001,59,0,1201.0,1231.0,1231.0,1201.0,1703.3000000000002,1753.3000000000002
34,41,1246.0,1728.3000000000002,51.1375,36,0,1231.0,1261.0,1261.0,1231.0,1703.3000000000002,1753.3000000000002
34,42,1276.0,1728.3000000000002,52.3109090909091,44,0,1261.0,1291.0,1291.0,1261.0,1703.3000000000002,1753.3000000000002
34,43,1306.0,1728.3000000000002,49.95477272727272,44,0,1291.0,1321.0,1321.0,1291.0,1703.3000000000002,1753.3000000000002
34,44,1336.0,1728.3000000000002,46.67357142857143,42,0,1321.0,1351.0,1351.0,1321.0,1703.3000000000002,1753.3000000000002
34,45,1366.0,1728.3000000000002,45.3873469387755,49,0,1351.0,1381.0,1381.0,1351.0,1703.3000000000002,1753.3000000000002
34,46,1396.0,1728.3000000000002,50.0148717948718,39,0,1381.0,1411.0,1411.0,1381.0,1703.3000000000002,1753.3000000000002
34,47,1426.0,1728.3000000000002,47.217600000000004,50,0,1411.0,1441.0,1441.0,1411.0,1703.3000000000002,1753.3000000000002
34,48,1456.0,1728.3000000000002,44.61782608695651,69,0,1441.0,1471.0,1471.0,1441.0,1703.3000000000002,1753.3000000000002
34,49,1486.0,1728.3000000000002,47.65340909090908,44,0,1471.0,1501.0,1501.0,1471.0,1703.3000000000002,1753.3000000000002
34,50,1516.0,1728.3000000000002,46.87974999999999,40,0,1501.0,1531.0,1531.0,1501.0,1703.3000000000002,1753.3000000000002
34,51,1546.0,1728.3000000000002,42.2064814814815,54,0,1531.0,1561.0,1561.0,1531.0,1703.3000000000002,1753.3000000000002
34,52,1576.0,1728.3000000000002,42.215818181818186,55,0,1561.0,1591.0,1591.0,1561.0,1703.3000000000002,1753.3000000000002
34,53,1606.0,1728.3000000000002,47.877906976744185,43,0,1591.0,1621.0,1621.0,1591.0,1703.3000000000002,1753.3000000000002
34,54,1636.0,1728.3000000000002,50.31666666666666,48,0,1621.0,1651.0,1651.0,1621.0,1703.3000000000002,1753.3000000000002
34,55,1666.0,1728.3000000000002,50.42099999999999,40,0,1651.0,1681.0,1681.0,1651.0,1703.3000000000002,1753.3000000000002
34,56,1696.0,1728.3000000000002,47.443200000000004,50,0,1681.0,1711.0,1711.0,1681.0,1703.3000000000002,1753.3000000000002
34,57,1726.0,1728.3000000000002,48.39425,40,0,1711.0,1741.0,1741.0,1711.0,1703.3000000000002,1753.3000000000002
34,58,1756.0,1728.3000000000002,47.30340425531915,47,0,1741.0,1771.0,1771.0,1741.0,1703.3000000000002,1753.3000000000002
34,59,1786.0,1728.3000000000002,47.67813953488373,43,0,1771.0,1801.0,1801.0,1771.0,1703.3000000000002,1753.3000000000002
34,60,1816.0,1728.3000000000002,47.41627906976744,43,0,1801.0,1831.0,1831.0,1801.0,1703.3000000000002,1753.3000000000002
34,61,1846.0,1728.3000000000002,49.195714285714274,35,0,1831.0,1861.0,1861.0,1831.0,1703.3000000000002,1753.3000000000002
34,62,1876.0,1728.3000000000002,49.75399999999999,40,0,1861.0,1891.0,1891.0,1861.0,1703.3000000000002,1753.3000000000002
34,63,1906.0,1728.3000000000002,50.88424242424243,33,0,1891.0,1921.0,1921.0,1891.0,1703.3000000000002,1753.3000000000002
34,64,1936.0,1728.3000000000002,52.559999999999995,27,0,1921.0,1951.0,1951.0,1921.0,1703.3000000000002,1753.3000000000002
34,65,1966.0,1728.3000000000002,46.808928571428574,56,0,1951.0,1981.0,1981.0,1951.0,1703.3000000000002,1753.3000000000002
34,66,1996.0,1728.3000000000002,47.5282,50,0,1981.0,2011.0,2011.0,1981.0,1703.3000000000002,1753.3000000000002
34,67,2026.0,1728.3000000000002,49.100930232558134,43,0,2011.0,2041.0,2041.0,2011.0,1703.3000000000002,1753.3000000000002
34,68,2056.0,1728.3000000000002,48.379090909090905,44,0,2041.0,2071.0,2071.0,2041.0,1703.3000000000002,1753.3000000000002
34,69,2086.0,1728.3000000000002,47.5465306122449,49,0,2071.0,2101.0,2101.0,2071.0,1703.3000000000002,1753.3000000000002
34,70,2116.0,1728.3000000000002,45.26666666666669,33,0,2101.0,2131.0,2131.0,2101.0,1703.3000000000002,1753.3000000000002
34,71,2146.0,1728.3000000000002,47.53206896551726,58,0,2131.0,2161.0,2161.0,2131.0,1703.3000000000002,1753.3000000000002
34,72,2176.0,1728.3000000000002,49.02090909090908,44,0,2161.0,2191.0,2191.0,2161.0,1703.3000000000002,1753.3000000000002
34,73,2206.0,1728.3000000000002,48.425,50,0,2191.0,2221.0,2221.0,2191.0,1703.3000000000002,1753.3000000000002
34,74,2236.0,1728.3000000000002,45.57588235294117,34,0,2221.0,2251.0,2251.0,2221.0,1703.3000000000002,1753.3000000000002
34,75,2266.0,1728.3000000000002,44.640208333333334,48,0,2251.0,2281.0,2281.0,2251.0,1703.3000000000002,1753.3000000000002
34,76,2296.0,1728.3000000000002,38.09083333333333,48,0,2281.0,2311.0,2311.0,2281.0,1703.3000000000002,1753.3000000000002
34,77,2326.0,1728.3000000000002,43.12190775681343,53,0,2311.0,2341.0,2341.0,2311.0,1703.3000000000002,1753.3000000000002
34,78,2356.0,1728.3000000000002,51.37823529411762,34,0,2341.0,2371.0,2371.0,2341.0,1703.3000000000002,1753.3000000000002
34,79,2386.0,1728.3000000000002,47.58564102564101,39,0,2371.0,2401.0,2401.0,2371.0,1703.3000000000002,1753.3000000000002
34,80,2416.0,1728.3000000000002,39.912499999999994,48,0,2401.0,2431.0,2431.0,2401.0,1703.3000000000002,1753.3000000000002
34,81,2446.0,1728.3000000000002,46.46866666666667,45,0,2431.0,2461.0,2461.0,2431.0,1703.3000000000002,1753.3000000000002
34,82,2476.0,1728.3000000000002,47.5371111111111,45,0,2461.0,2491.0,2491.0,2461.0,1703.3000000000002,1753.3000000000002
34,83,2506.0,1728.3000000000002,48.26499999999999,40,0,2491.0,2521.0,2521.0,2491.0,1703.3000000000002,1753.3000000000002
34,84,2536.0,1728.3000000000002,48.41347826086957,46,0,2521.0,2551.0,2551.0,2521.0,1703.3000000000002,1753.3000000000002
34,85,2566.0,1728.3000000000002,45.954255319148935,47,0,2551.0,2581.0,2581.0,2551.0,1703.3000000000002,1753.3000000000002
34,86,2596.0,1728.3000000000002,45.882200000000005,50,0,2581.0,2611.0,2611.0,2581.0,1703.3000000000002,1753.3000000000002
34,87,2626.0,1728.3000000000002,47.78888888888888,45,0,2611.0,2641.0,2641.0,2611.0,1703.3000000000002,1753.3000000000002
34,88,2656.0,1728.3000000000002,47.24266666666666,45,0,2641.0,2671.0,2671.0,2641.0,1703.3000000000002,1753.3000000000002
34,89,2686.0,1728.3000000000002,48.759814814814824,54,0,2671.0,2701.0,2701.0,2671.0,1703.3000000000002,1753.3000000000002
34,90,2716.0,1728.3000000000002,49.603125000000006,32,0,2701.0,2731.0,2731.0,2701.0,1703.3000000000002,1753.3000000000002
34,91,2746.0,1728.3000000000002,48.26522727272727,44,0,2731.0,2761.0,2761.0,2731.0,1703.3000000000002,1753.3000000000002
34,92,2776.0,1728.3000000000002,45.472702702702705,37,0,2761.0,2791.0,2791.0,2761.0,1703.3000000000002,1753.3000000000002
34,93,2806.0,1728.3000000000002,42.84888888888889,45,0,2791.0,2821.0,2821.0,2791.0,1703.3000000000002,1753.3000000000002
34,94,2836.0,1728.3000000000002,43.766000000000005,55,0,2821.0,2851.0,2851.0,2821.0,1703.3000000000002,1753.3000000000002
34,95,2866.0,1728.3000000000002,42.944210526315786,57,0,2851.0,2881.0,2881.0,2851.0,1703.3000000000002,1753.3000000000002
34,96,2896.0,1728.3000000000002,50.87627450980392,51,0,2881.0,2911.0,2911.0,2881.0,1703.3000000000002,1753.3000000000002
34,97,2926.0,1728.3000000000002,47.53780487804878,41,0,2911.0,2941.0,2941.0,2911.0,1703.3000000000002,1753.3000000000002
34,98,2956.0,1728.3000000000002,46.24239130434785,46,0,2941.0,2971.0,2971.0,2941.0,1703.3000000000002,1753.3000000000002
34,99,2986.0,1728.3000000000002,44.934210526315795,57,0,2971.0,3001.0,3001.0,2971.0,1703.3000000000002,1753.3000000000002
34,100,3016.0,1728.3000000000002,46.65461538461538,52,0,3001.0,3031.0,3031.0,3001.0,1703.3000000000002,1753.3000000000002
34,101,3046.0,1728.3000000000002,47.03697674418604,43,0,3031.0,3061.0,3061.0,3031.0,1703.3000000000002,1753.3000000000002
34,102,3076.0,1728.3000000000002,43.05581818181817,55,0,3061.0,3091.0,3091.0,3061.0,1703.3000000000002,1753.3000000000002
34,103,3106.0,1728.3000000000002,39.82492063492062,63,0,3091.0,3121.0,3121.0,3091.0,1703.3000000000002,1753.3000000000002
34,104,3136.0,1728.3000000000002,41.363220338983055,59,0,3121.0,3151.0,3151.0,3121.0,1703.3000000000002,1753.3000000000002
34,105,3166.0,1728.3000000000002,41.42695652173912,46,0,3151.0,3181.0,3181.0,3151.0,1703.3000000000002,1753.3000000000002
34,106,3196.0,1728.3000000000002,43.78142857142859,49,0,3181.0,3211.0,3211.0,3181.0,1703.3000000000002,1753.3000000000002
34,107,3226.0,1728.3000000000002,44.69583333333333,36,0,3211.0,3241.0,3241.0,3211.0,1703.3000000000002,1753.3000000000002
34,108,3256.0,1728.3000000000002,46.23659090909091,44,0,3241.0,3271.0,3271.0,3241.0,1703.3000000000002,1753.3000000000002
34,109,3286.0,1728.3000000000002,41.31827160493827,54,0,3271.0,3301.0,3301.0,3271.0,1703.3000000000002,1753.3000000000002
34,110,3316.0,1728.3000000000002,44.08599999999999,50,0,3301.0,3331.0,3331.0,3301.0,1703.3000000000002,1753.3000000000002
34,111,3346.0,1728.3000000000002,44.394375000000004,48,0,3331.0,3361.0,3361.0,3331.0,1703.3000000000002,1753.3000000000002
34,112,3376.0,1728.3000000000002,44.091509433962266,53,0,3361.0,3391.0,3391.0,3361.0,1703.3000000000002,1753.3000000000002
34,113,3406.0,1728.3000000000002,51.70072727272725,55,0,3391.0,3421.0,3421.0,3391.0,1703.3000000000002,1753.3000000000002
34,114,3436.0,1728.3000000000002,51.62755555555554,45,0,3421.0,3451.0,3451.0,3421.0,1703.3000000000002,1753.3000000000002
34,115,3466.0,1728.3000000000002,51.49153846153846,39,0,3451.0,3481.0,3481.0,3451.0,1703.3000000000002,1753.3000000000002
34,116,3496.0,1728.3000000000002,51.10340909090908,44,0,3481.0,3511.0,3511.0,3481.0,1703.3000000000002,1753.3000000000002
34,117,3526.0,1728.3000000000002,47.5245238095238,42,0,3511.0,3541.0,3541.0,3511.0,1703.3000000000002,1753.3000000000002
34,118,3556.0,1728.3000000000002,48.02,39,0,3541.0,3571.0,3571.0,3541.0,1703.3000000000002,1753.3000000000002
34,119,3586.0,1728.3000000000002,49.23936170212766,47,0,3571.0,3601.0,3601.0,3571.0,1703.3000000000002,1753.3000000000002
34,120,3616.0,1728.3000000000002,51.38666666666666,42,0,3601.0,3631.0,3631.0,3601.0,1703.3000000000002,1753.3000000000002
34,121,3646.0,1728.3000000000002,50.2546511627907,43,0,3631.0,3661.0,3661.0,3631.0,1703.3000000000002,1753.3000000000002
34,122,3676.0,1728.3000000000002,51.20463414634147,41,0,3661.0,3691.0,3691.0,3661.0,1703.3000000000002,1753.3000000000002
34,123,3706.0,1728.3000000000002,50.35046511627908,43,0,3691.0,3721.0,3721.0,3691.0,1703.3000000000002,1753.3000000000002
34,124,3736.0,1728.3000000000002,49.60884615384616,26,0,3721.0,3751.0,3751.0,3721.0,1703.3000000000002,1753.3000000000002
34,125,3766.0,1728.3000000000002,46.45285714285714,42,0,3751.0,3781.0,3781.0,3751.0,1703.3000000000002,1753.3000000000002
34,126,3796.0,1728.3000000000002,47.875238095238096,21,0,3781.0,3811.0,3811.0,3781.0,1703.3000000000002,1753.3000000000002
34,127,3826.0,1728.3000000000002,,0,0,3811.0,3841.0,3841.0,3811.0,1703.3000000000002,1753.3000000000002
35,0,16.0,1778.3000000000002,62.823627450980396,34,0,1.0,31.0,31.0,1.0,1753.3000000000002,1803.3000000000002
35,1,46.0,1778.3000000000002,60.60447368421052,38,0,31.0,61.0,61.0,31.0,1753.3000000000002,1803.3000000000002
35,2,76.0,1778.3000000000002,66.32428571428571,21,0,61.0,91.0,91.0,61.0,1753.3000000000002,1803.3000000000002
35,3,106.0,1778.3000000000002,69.16519999999998,25,0,91.0,121.0,121.0,91.0,1753.3000000000002,1803.3000000000002
35,4,136.0,1778.3000000000002,68.71434782608695,23,0,121.0,151.0,151.0,121.0,1753.3000000000002,1803.3000000000002
35,5,166.0,1778.3000000000002,78.49333333333334,9,0,151.0,181.0,181.0,151.0,1753.3000000000002,1803.3000000000002
35,6,196.0,1778.3000000000002,54.22961734693877,56,0,181.0,211.0,211.0,181.0,1753.3000000000002,1803.3000000000002
35,7,226.0,1778.3000000000002,55.46319148936171,47,0,211.0,241.0,241.0,211.0,1753.3000000000002,1803.3000000000002
35,8,256.0,1778.3000000000002,60.65366666666667,30,0,241.0,271.0,271.0,241.0,1753.3000000000002,1803.3000000000002
35,9,286.0,1778.3000000000002,67.89103658536585,41,0,271.0,301.0,301.0,271.0,1753.3000000000002,1803.3000000000002
35,10,316.0,1778.3000000000002,68.55115740740742,24,0,301.0,331.0,331.0,301.0,1753.3000000000002,1803.3000000000002
35,11,346.0,1778.3000000000002,62.49692307692308,26,0,331.0,361.0,361.0,331.0,1753.3000000000002,1803.3000000000002
35,12,376.0,1778.3000000000002,64.1125,24,0,361.0,391.0,391.0,361.0,1753.3000000000002,1803.3000000000002
35,13,406.0,1778.3000000000002,74.23789473684212,19,0,391.0,421.0,421.0,391.0,1753.3000000000002,1803.3000000000002
35,14,436.0,1778.3000000000002,72.76562499999999,16,0,421.0,451.0,451.0,421.0,1753.3000000000002,1803.3000000000002
35,15,466.0,1778.3000000000002,75.35466666666667,15,0,451.0,481.0,481.0,451.0,1753.3000000000002,1803.3000000000002
35,16,496.0,1778.3000000000002,58.51374999999999,24,0,481.0,511.0,511.0,481.0,1753.3000000000002,1803.3000000000002
35,17,526.0,1778.3000000000002,54.12142857142858,56,0,511.0,541.0,541.0,511.0,1753.3000000000002,1803.3000000000002
35,18,556.0,1778.3000000000002,59.27486486486485,37,0,541.0,571.0,571.0,541.0,1753.3000000000002,1803.3000000000002
35,19,586.0,1778.3000000000002,59.24717948717949,39,0,571.0,601.0,601.0,571.0,1753.3000000000002,1803.3000000000002
35,20,616.0,1778.3000000000002,53.637857142857115,56,0,601.0,631.0,631.0,601.0,1753.3000000000002,1803.3000000000002
35,21,646.0,1778.3000000000002,51.91219999999999,50,0,631.0,661.0,661.0,631.0,1753.3000000000002,1803.3000000000002
35,22,676.0,1778.3000000000002,47.35047619047619,63,0,661.0,691.0,691.0,661.0,1753.3000000000002,1803.3000000000002
35,23,706.0,1778.3000000000002,46.0094,50,0,691.0,721.0,721.0,691.0,1753.3000000000002,1803.3000000000002
35,24,736.0,1778.3000000000002,51.292264150943375,53,0,721.0,751.0,751.0,721.0,1753.3000000000002,1803.3000000000002
35,25,766.0,1778.3000000000002,52.06540540540541,37,0,751.0,781.0,781.0,751.0,1753.3000000000002,1803.3000000000002
35,26,796.0,1778.3000000000002,49.64073170731707,41,0,781.0,811.0,811.0,781.0,1753.3000000000002,1803.3000000000002
35,27,826.0,1778.3000000000002,49.444107142857156,56,0,811.0,841.0,841.0,811.0,1753.3000000000002,1803.3000000000002
35,28,856.0,1778.3000000000002,59.759999999999984,31,0,841.0,871.0,871.0,841.0,1753.3000000000002,1803.3000000000002
35,29,886.0,1778.3000000000002,57.50190476190477,42,0,871.0,901.0,901.0,871.0,1753.3000000000002,1803.3000000000002
35,30,916.0,1778.3000000000002,52.26,44,0,901.0,931.0,931.0,901.0,1753.3000000000002,1803.3000000000002
35,31,946.0,1778.3000000000002,47.11166666666666,60,0,931.0,961.0,961.0,931.0,1753.3000000000002,1803.3000000000002
35,32,976.0,1778.3000000000002,43.75615384615384,65,0,961.0,991.0,991.0,961.0,1753.3000000000002,1803.3000000000002
35,33,1006.0,1778.3000000000002,52.62229166666666,48,0,991.0,1021.0,1021.0,991.0,1753.3000000000002,1803.3000000000002
35,34,1036.0,1778.3000000000002,43.41984126984127,63,0,1021.0,1051.0,1051.0,1021.0,1753.3000000000002,1803.3000000000002
35,35,1066.0,1778.3000000000002,50.58891304347826,46,0,1051.0,1081.0,1081.0,1051.0,1753.3000000000002,1803.3000000000002
35,36,1096.0,1778.3000000000002,53.777750000000005,40,0,1081.0,1111.0,1111.0,1081.0,1753.3000000000002,1803.3000000000002
35,37,1126.0,1778.3000000000002,53.53255319148936,47,0,1111.0,1141.0,1141.0,1111.0,1753.3000000000002,1803.3000000000002
35,38,1156.0,1778.3000000000002,56.47972789115646,42,0,1141.0,1171.0,1171.0,1141.0,1753.3000000000002,1803.3000000000002
35,39,1186.0,1778.3000000000002,50.19159999999999,50,0,1171.0,1201.0,1201.0,1171.0,1753.3000000000002,1803.3000000000002
35,40,1216.0,1778.3000000000002,47.9716923076923,65,0,1201.0,1231.0,1231.0,1201.0,1753.3000000000002,1803.3000000000002
35,41,1246.0,1778.3000000000002,51.13411764705884,34,0,1231.0,1261.0,1261.0,1231.0,1753.3000000000002,1803.3000000000002
35,42,1276.0,1778.3000000000002,48.25188679245284,53,0,1261.0,1291.0,1291.0,1261.0,1753.3000000000002,1803.3000000000002
35,43,1306.0,1778.3000000000002,52.920465116279054,43,0,1291.0,1321.0,1321.0,1291.0,1753.3000000000002,1803.3000000000002
35,44,1336.0,1778.3000000000002,47.887948717948724,39,0,1321.0,1351.0,1351.0,1321.0,1753.3000000000002,1803.3000000000002
35,45,1366.0,1778.3000000000002,45.60096153846154,52,0,1351.0,1381.0,1381.0,1351.0,1753.3000000000002,1803.3000000000002
35,46,1396.0,1778.3000000000002,52.583421052631564,38,0,1381.0,1411.0,1411.0,1381.0,1753.3000000000002,1803.3000000000002
35,47,1426.0,1778.3000000000002,48.93187500000001,48,0,1411.0,1441.0,1441.0,1411.0,1753.3000000000002,1803.3000000000002
35,48,1456.0,1778.3000000000002,46.737826086956524,69,0,1441.0,1471.0,1471.0,1441.0,1753.3000000000002,1803.3000000000002
35,49,1486.0,1778.3000000000002,47.65173913043479,46,0,1471.0,1501.0,1501.0,1471.0,1753.3000000000002,1803.3000000000002
35,50,1516.0,1778.3000000000002,48.05586956521738,46,0,1501.0,1531.0,1531.0,1501.0,1753.3000000000002,1803.3000000000002
35,51,1546.0,1778.3000000000002,42.85177777777778,45,0,1531.0,1561.0,1561.0,1531.0,1753.3000000000002,1803.3000000000002
35,52,1576.0,1778.3000000000002,45.23254545454546,55,0,1561.0,1591.0,1591.0,1561.0,1753.3000000000002,1803.3000000000002
35,53,1606.0,1778.3000000000002,48.661800000000014,50,0,1591.0,1621.0,1621.0,1591.0,1753.3000000000002,1803.3000000000002
35,54,1636.0,1778.3000000000002,51.62547169811321,53,0,1621.0,1651.0,1651.0,1621.0,1753.3000000000002,1803.3000000000002
35,55,1666.0,1778.3000000000002,51.96476190476191,42,0,1651.0,1681.0,1681.0,1651.0,1753.3000000000002,1803.3000000000002
35,56,1696.0,1778.3000000000002,47.042978723404254,47,0,1681.0,1711.0,1711.0,1681.0,1753.3000000000002,1803.3000000000002
35,57,1726.0,1778.3000000000002,49.9602380952381,42,0,1711.0,1741.0,1741.0,1711.0,1753.3000000000002,1803.3000000000002
35,58,1756.0,1778.3000000000002,49.97250000000001,44,0,1741.0,1771.0,1771.0,1741.0,1753.3000000000002,1803.3000000000002
35,59,1786.0,1778.3000000000002,49.65244444444445,45,0,1771.0,1801.0,1801.0,1771.0,1753.3000000000002,1803.3000000000002
35,60,1816.0,1778.3000000000002,48.321219512195114,41,0,1801.0,1831.0,1831.0,1801.0,1753.3000000000002,1803.3000000000002
35,61,1846.0,1778.3000000000002,50.629032258064534,31,0,1831.0,1861.0,1861.0,1831.0,1753.3000000000002,1803.3000000000002
35,62,1876.0,1778.3000000000002,51.003488372093024,43,0,1861.0,1891.0,1891.0,1861.0,1753.3000000000002,1803.3000000000002
35,63,1906.0,1778.3000000000002,53.29147058823529,34,0,1891.0,1921.0,1921.0,1891.0,1753.3000000000002,1803.3000000000002
35,64,1936.0,1778.3000000000002,55.136388888888895,36,0,1921.0,1951.0,1951.0,1921.0,1753.3000000000002,1803.3000000000002
35,65,1966.0,1778.3000000000002,48.278888888888886,49,0,1951.0,1981.0,1981.0,1951.0,1753.3000000000002,1803.3000000000002
35,66,1996.0,1778.3000000000002,47.447166666666675,60,0,1981.0,2011.0,2011.0,1981.0,1753.3000000000002,1803.3000000000002
35,67,2026.0,1778.3000000000002,50.016808510638285,47,0,2011.0,2041.0,2041.0,2011.0,1753.3000000000002,1803.3000000000002
35,68,2056.0,1778.3000000000002,50.138297872340424,47,0,2041.0,2071.0,2071.0,2041.0,1753.3000000000002,1803.3000000000002
35,69,2086.0,1778.3000000000002,49.34829787234043,47,0,2071.0,2101.0,2101.0,2071.0,1753.3000000000002,1803.3000000000002
35,70,2116.0,1778.3000000000002,48.29903225806452,31,0,2101.0,2131.0,2131.0,2101.0,1753.3000000000002,1803.3000000000002
35,71,2146.0,1778.3000000000002,49.30454545454545,55,0,2131.0,2161.0,2161.0,2131.0,1753.3000000000002,1803.3000000000002
35,72,2176.0,1778.3000000000002,51.12325581395349,43,0,2161.0,2191.0,2191.0,2161.0,1753.3000000000002,1803.3000000000002
35,73,2206.0,1778.3000000000002,49.79230769230769,52,0,2191.0,2221.0,2221.0,2191.0,1753.3000000000002,1803.3000000000002
35,74,2236.0,1778.3000000000002,46.91972972972972,37,0,2221.0,2251.0,2251.0,2221.0,1753.3000000000002,1803.3000000000002
35,75,2266.0,1778.3000000000002,46.69224489795919,49,0,2251.0,2281.0,2281.0,2251.0,1753.3000000000002,1803.3000000000002
35,76,2296.0,1778.3000000000002,42.5951282051282,39,0,2281.0,2311.0,2311.0,2281.0,1753.3000000000002,1803.3000000000002
35,77,2326.0,1778.3000000000002,43.17333333333333,57,0,2311.0,2341.0,2341.0,2311.0,1753.3000000000002,1803.3000000000002
35,78,2356.0,1778.3000000000002,52.58975,40,0,2341.0,2371.0,2371.0,2341.0,1753.3000000000002,1803.3000000000002
35,79,2386.0,1778.3000000000002,49.42142857142857,35,0,2371.0,2401.0,2401.0,2371.0,1753.3000000000002,1803.3000000000002
35,80,2416.0,1778.3000000000002,42.46673913043479,46,0,2401.0,2431.0,2431.0,2401.0,1753.3000000000002,1803.3000000000002
35,81,2446.0,1778.3000000000002,44.80604651162791,43,0,2431.0,2461.0,2461.0,2431.0,1753.3000000000002,1803.3000000000002
35,82,2476.0,1778.3000000000002,50.654090909090925,44,0,2461.0,2491.0,2491.0,2461.0,1753.3000000000002,1803.3000000000002
35,83,2506.0,1778.3000000000002,49.334418604651155,43,0,2491.0,2521.0,2521.0,2491.0,1753.3000000000002,1803.3000000000002
35,84,2536.0,1778.3000000000002,51.36972972972974,37,0,2521.0,2551.0,2551.0,2521.0,1753.3000000000002,1803.3000000000002
35,85,2566.0,1778.3000000000002,47.9246511627907,43,0,2551.0,2581.0,2581.0,2551.0,1753.3000000000002,1803.3000000000002
35,86,2596.0,1778.3000000000002,46.44905660377358,53,0,2581.0,2611.0,2611.0,2581.0,1753.3000000000002,1803.3000000000002
35,87,2626.0,1778.3000000000002,50.74657142857143,35,0,2611.0,2641.0,2641.0,2611.0,1753.3000000000002,1803.3000000000002
35,88,2656.0,1778.3000000000002,49.50027027027027,37,0,2641.0,2671.0,2671.0,2641.0,1753.3000000000002,1803.3000000000002
35,89,2686.0,1778.3000000000002,48.70017543859649,57,0,2671.0,2701.0,2701.0,2671.0,1753.3000000000002,1803.3000000000002
35,90,2716.0,1778.3000000000002,51.99032258064515,31,0,2701.0,2731.0,2731.0,2701.0,1753.3000000000002,1803.3000000000002
35,91,2746.0,1778.3000000000002,48.287317073170726,41,0,2731.0,2761.0,2761.0,2731.0,1753.3000000000002,1803.3000000000002
35,92,2776.0,1778.3000000000002,50.152580645161294,31,0,2761.0,2791.0,2791.0,2761.0,1753.3000000000002,1803.3000000000002
35,93,2806.0,1778.3000000000002,42.521372549019596,51,0,2791.0,2821.0,2821.0,2791.0,1753.3000000000002,1803.3000000000002
35,94,2836.0,1778.3000000000002,46.74217391304347,46,0,2821.0,2851.0,2851.0,2821.0,1753.3000000000002,1803.3000000000002
35,95,2866.0,1778.3000000000002,45.782363636363634,55,0,2851.0,2881.0,2881.0,2851.0,1753.3000000000002,1803.3000000000002
35,96,2896.0,1778.3000000000002,51.50290780141843,47,0,2881.0,2911.0,2911.0,2881.0,1753.3000000000002,1803.3000000000002
35,97,2926.0,1778.3000000000002,51.38611111111112,36,0,2911.0,2941.0,2941.0,2911.0,1753.3000000000002,1803.3000000000002
35,98,2956.0,1778.3000000000002,47.26739130434783,46,0,2941.0,2971.0,2971.0,2941.0,1753.3000000000002,1803.3000000000002
35,99,2986.0,1778.3000000000002,47.4308163265306,49,0,2971.0,3001.0,3001.0,2971.0,1753.3000000000002,1803.3000000000002
35,100,3016.0,1778.3000000000002,49.39283018867922,53,0,3001.0,3031.0,3031.0,3001.0,1753.3000000000002,1803.3000000000002
35,101,3046.0,1778.3000000000002,48.03790697674419,43,0,3031.0,3061.0,3061.0,3031.0,1753.3000000000002,1803.3000000000002
35,102,3076.0,1778.3000000000002,44.65200000000001,50,0,3061.0,3091.0,3091.0,3061.0,1753.3000000000002,1803.3000000000002
35,103,3106.0,1778.3000000000002,44.09090909090909,55,0,3091.0,3121.0,3121.0,3091.0,1753.3000000000002,1803.3000000000002
35,104,3136.0,1778.3000000000002,42.2619209039548,59,0,3121.0,3151.0,3151.0,3121.0,1753.3000000000002,1803.3000000000002
35,105,3166.0,1778.3000000000002,43.86204081632653,49,0,3151.0,3181.0,3181.0,3151.0,1753.3000000000002,1803.3000000000002
35,106,3196.0,1778.3000000000002,47.75771428571428,35,0,3181.0,3211.0,3211.0,3181.0,1753.3000000000002,1803.3000000000002
35,107,3226.0,1778.3000000000002,45.73405405405406,37,0,3211.0,3241.0,3241.0,3211.0,1753.3000000000002,1803.3000000000002
35,108,3256.0,1778.3000000000002,49.18272727272727,44,0,3241.0,3271.0,3271.0,3241.0,1753.3000000000002,1803.3000000000002
35,109,3286.0,1778.3000000000002,42.38456521739131,46,0,3271.0,3301.0,3301.0,3271.0,1753.3000000000002,1803.3000000000002
35,110,3316.0,1778.3000000000002,46.66565217391304,46,0,3301.0,3331.0,3331.0,3301.0,1753.3000000000002,1803.3000000000002
35,111,3346.0,1778.3000000000002,46.602765957446806,47,0,3331.0,3361.0,3361.0,3331.0,1753.3000000000002,1803.3000000000002
35,112,3376.0,1778.3000000000002,44.20254901960782,51,0,3361.0,3391.0,3391.0,3361.0,1753.3000000000002,1803.3000000000002
35,113,3406.0,1778.3000000000002,54.03409090909092,44,0,3391.0,3421.0,3421.0,3391.0,1753.3000000000002,1803.3000000000002
35,114,3436.0,1778.3000000000002,52.5361904761905,42,0,3421.0,3451.0,3451.0,3421.0,1753.3000000000002,1803.3000000000002
35,115,3466.0,1778.3000000000002,53.94699999999999,30,0,3451.0,3481.0,3481.0,3451.0,1753.3000000000002,1803.3000000000002
35,116,3496.0,1778.3000000000002,53.054615384615396,39,0,3481.0,3511.0,3511.0,3481.0,1753.3000000000002,1803.3000000000002
35,117,3526.0,1778.3000000000002,51.518157894736845,38,0,3511.0,3541.0,3541.0,3511.0,1753.3000000000002,1803.3000000000002
35,118,3556.0,1778.3000000000002,50.21741935483872,31,0,3541.0,3571.0,3571.0,3541.0,1753.3000000000002,1803.3000000000002
35,119,3586.0,1778.3000000000002,51.18488888888889,45,0,3571.0,3601.0,3601.0,3571.0,1753.3000000000002,1803.3000000000002
35,120,3616.0,1778.3000000000002,53.842,45,0,3601.0,3631.0,3631.0,3601.0,1753.3000000000002,1803.3000000000002
35,121,3646.0,1778.3000000000002,52.47378378378378,37,0,3631.0,3661.0,3661.0,3631.0,1753.3000000000002,1803.3000000000002
35,122,3676.0,1778.3000000000002,53.20919117647059,34,0,3661.0,3691.0,3691.0,3661.0,1753.3000000000002,1803.3000000000002
35,123,3706.0,1778.3000000000002,52.28631578947368,38,0,3691.0,3721.0,3721.0,3691.0,1753.3000000000002,1803.3000000000002
35,124,3736.0,1778.3000000000002,52.39869565217391,23,0,3721.0,3751.0,3751.0,3721.0,1753.3000000000002,1803.3000000000002
35,125,3766.0,1778.3000000000002,49.6728947368421,38,0,3751.0,3781.0,3781.0,3751.0,1753.3000000000002,1803.3000000000002
35,126,3796.0,1778.3000000000002,46.766999999999996,20,0,3781.0,3811.0,3811.0,3781.0,1753.3000000000002,1803.3000000000002
35,127,3826.0,1778.3000000000002,,0,0,3811.0,3841.0,3841.0,3811.0,1753.3000000000002,1803.3000000000002
36,0,16.0,1828.3000000000002,61.70080357142858,32,0,1.0,31.0,31.0,1.0,1803.3000000000002,1853.3000000000002
36,1,46.0,1828.3000000000002,62.29708333333334,40,0,31.0,61.0,61.0,31.0,1803.3000000000002,1853.3000000000002
36,2,76.0,1828.3000000000002,65.57947368421053,19,0,61.0,91.0,91.0,61.0,1803.3000000000002,1853.3000000000002
36,3,106.0,1828.3000000000002,69.6631818181818,22,0,91.0,121.0,121.0,91.0,1803.3000000000002,1853.3000000000002
36,4,136.0,1828.3000000000002,70.70826086956522,23,0,121.0,151.0,151.0,121.0,1803.3000000000002,1853.3000000000002
36,5,166.0,1828.3000000000002,77.48499999999999,10,0,151.0,181.0,181.0,151.0,1803.3000000000002,1853.3000000000002
36,6,196.0,1828.3000000000002,54.566744186046506,43,0,181.0,211.0,211.0,181.0,1803.3000000000002,1853.3000000000002
36,7,226.0,1828.3000000000002,54.57749999999999,48,0,211.0,241.0,241.0,211.0,1803.3000000000002,1853.3000000000002
36,8,256.0,1828.3000000000002,57.879999999999995,30,0,241.0,271.0,271.0,241.0,1803.3000000000002,1853.3000000000002
36,9,286.0,1828.3000000000002,68.77444444444446,36,0,271.0,301.0,301.0,271.0,1803.3000000000002,1853.3000000000002
36,10,316.0,1828.3000000000002,68.68576923076922,26,0,301.0,331.0,331.0,301.0,1803.3000000000002,1853.3000000000002
36,11,346.0,1828.3000000000002,63.90588235294117,17,0,331.0,361.0,361.0,331.0,1803.3000000000002,1853.3000000000002
36,12,376.0,1828.3000000000002,64.30559999999998,25,0,361.0,391.0,391.0,361.0,1803.3000000000002,1853.3000000000002
36,13,406.0,1828.3000000000002,71.79894736842105,19,0,391.0,421.0,421.0,391.0,1803.3000000000002,1853.3000000000002
36,14,436.0,1828.3000000000002,73.40266666666668,15,0,421.0,451.0,451.0,421.0,1803.3000000000002,1853.3000000000002
36,15,466.0,1828.3000000000002,75.99882352941177,17,0,451.0,481.0,481.0,451.0,1803.3000000000002,1853.3000000000002
36,16,496.0,1828.3000000000002,59.57149068322981,23,0,481.0,511.0,511.0,481.0,1803.3000000000002,1853.3000000000002
36,17,526.0,1828.3000000000002,55.692592592592604,54,0,511.0,541.0,541.0,511.0,1803.3000000000002,1853.3000000000002
36,18,556.0,1828.3000000000002,58.74003367003368,33,0,541.0,571.0,571.0,541.0,1803.3000000000002,1853.3000000000002
36,19,586.0,1828.3000000000002,58.82142857142857,35,0,571.0,601.0,601.0,571.0,1803.3000000000002,1853.3000000000002
36,20,616.0,1828.3000000000002,55.41784313725491,51,0,601.0,631.0,631.0,601.0,1803.3000000000002,1853.3000000000002
36,21,646.0,1828.3000000000002,53.081304347826084,46,0,631.0,661.0,661.0,631.0,1803.3000000000002,1853.3000000000002
36,22,676.0,1828.3000000000002,48.9327044025157,53,0,661.0,691.0,691.0,661.0,1803.3000000000002,1853.3000000000002
36,23,706.0,1828.3000000000002,44.64846153846155,52,0,691.0,721.0,721.0,691.0,1803.3000000000002,1853.3000000000002
36,24,736.0,1828.3000000000002,45.859444444444456,54,0,721.0,751.0,751.0,721.0,1803.3000000000002,1853.3000000000002
36,25,766.0,1828.3000000000002,48.232666666666674,45,0,751.0,781.0,781.0,751.0,1803.3000000000002,1853.3000000000002
36,26,796.0,1828.3000000000002,51.08400000000002,35,0,781.0,811.0,811.0,781.0,1803.3000000000002,1853.3000000000002
36,27,826.0,1828.3000000000002,49.52090909090908,55,0,811.0,841.0,841.0,811.0,1803.3000000000002,1853.3000000000002
36,28,856.0,1828.3000000000002,58.63576923076922,26,0,841.0,871.0,871.0,841.0,1803.3000000000002,1853.3000000000002
36,29,886.0,1828.3000000000002,57.644594594594594,37,0,871.0,901.0,901.0,871.0,1803.3000000000002,1853.3000000000002
36,30,916.0,1828.3000000000002,55.839210526315796,38,0,901.0,931.0,931.0,901.0,1803.3000000000002,1853.3000000000002
36,31,946.0,1828.3000000000002,50.1975925925926,54,0,931.0,961.0,961.0,931.0,1803.3000000000002,1853.3000000000002
36,32,976.0,1828.3000000000002,44.16955223880595,67,0,961.0,991.0,991.0,961.0,1803.3000000000002,1853.3000000000002
36,33,1006.0,1828.3000000000002,51.34954545454548,44,0,991.0,1021.0,1021.0,991.0,1803.3000000000002,1853.3000000000002
36,34,1036.0,1828.3000000000002,46.35017543859647,57,0,1021.0,1051.0,1051.0,1021.0,1803.3000000000002,1853.3000000000002
36,35,1066.0,1828.3000000000002,48.92340425531916,47,0,1051.0,1081.0,1081.0,1051.0,1803.3000000000002,1853.3000000000002
36,36,1096.0,1828.3000000000002,55.29712962962963,36,0,1081.0,1111.0,1111.0,1081.0,1803.3000000000002,1853.3000000000002
36,37,1126.0,1828.3000000000002,53.882499999999986,44,0,1111.0,1141.0,1141.0,1111.0,1803.3000000000002,1853.3000000000002
36,38,1156.0,1828.3000000000002,55.67571428571429,35,0,1141.0,1171.0,1171.0,1141.0,1803.3000000000002,1853.3000000000002
36,39,1186.0,1828.3000000000002,53.20641025641026,39,0,1171.0,1201.0,1201.0,1171.0,1803.3000000000002,1853.3000000000002
36,40,1216.0,1828.3000000000002,47.529354838709665,62,0,1201.0,1231.0,1231.0,1201.0,1803.3000000000002,1853.3000000000002
36,41,1246.0,1828.3000000000002,50.932424242424254,33,0,1231.0,1261.0,1261.0,1231.0,1803.3000000000002,1853.3000000000002
36,42,1276.0,1828.3000000000002,48.174522417154,57,0,1261.0,1291.0,1291.0,1261.0,1803.3000000000002,1853.3000000000002
36,43,1306.0,1828.3000000000002,54.5685294117647,34,0,1291.0,1321.0,1321.0,1291.0,1803.3000000000002,1853.3000000000002
36,44,1336.0,1828.3000000000002,49.8948780487805,41,0,1321.0,1351.0,1351.0,1321.0,1803.3000000000002,1853.3000000000002
36,45,1366.0,1828.3000000000002,46.63229166666667,48,0,1351.0,1381.0,1381.0,1351.0,1803.3000000000002,1853.3000000000002
36,46,1396.0,1828.3000000000002,53.03885714285715,35,0,1381.0,1411.0,1411.0,1381.0,1803.3000000000002,1853.3000000000002
36,47,1426.0,1828.3000000000002,50.63272727272727,44,0,1411.0,1441.0,1441.0,1411.0,1803.3000000000002,1853.3000000000002
36,48,1456.0,1828.3000000000002,49.22258620689655,58,0,1441.0,1471.0,1471.0,1441.0,1803.3000000000002,1853.3000000000002
36,49,1486.0,1828.3000000000002,47.78148936170211,47,0,1471.0,1501.0,1501.0,1471.0,1803.3000000000002,1853.3000000000002
36,50,1516.0,1828.3000000000002,49.21,40,0,1501.0,1531.0,1531.0,1501.0,1803.3000000000002,1853.3000000000002
36,51,1546.0,1828.3000000000002,42.21499999999999,40,0,1531.0,1561.0,1561.0,1531.0,1803.3000000000002,1853.3000000000002
36,52,1576.0,1828.3000000000002,45.58018181818181,55,0,1561.0,1591.0,1591.0,1561.0,1803.3000000000002,1853.3000000000002
36,53,1606.0,1828.3000000000002,48.916666666666664,42,0,1591.0,1621.0,1621.0,1591.0,1803.3000000000002,1853.3000000000002
36,54,1636.0,1828.3000000000002,52.67372549019607,51,0,1621.0,1651.0,1651.0,1621.0,1803.3000000000002,1853.3000000000002
36,55,1666.0,1828.3000000000002,50.476388888888906,36,0,1651.0,1681.0,1681.0,1651.0,1803.3000000000002,1853.3000000000002
36,56,1696.0,1828.3000000000002,47.66941176470587,51,0,1681.0,1711.0,1711.0,1681.0,1803.3000000000002,1853.3000000000002
36,57,1726.0,1828.3000000000002,49.70799999999999,35,0,1711.0,1741.0,1741.0,1711.0,1803.3000000000002,1853.3000000000002
36,58,1756.0,1828.3000000000002,52.49974999999999,40,0,1741.0,1771.0,1771.0,1741.0,1803.3000000000002,1853.3000000000002
36,59,1786.0,1828.3000000000002,50.61041666666666,48,0,1771.0,1801.0,1801.0,1771.0,1803.3000000000002,1853.3000000000002
36,60,1816.0,1828.3000000000002,48.539756097560975,41,0,1801.0,1831.0,1831.0,1801.0,1803.3000000000002,1853.3000000000002
36,61,1846.0,1828.3000000000002,51.11687500000001,32,0,1831.0,1861.0,1861.0,1831.0,1803.3000000000002,1853.3000000000002
36,62,1876.0,1828.3000000000002,52.237750000000005,40,0,1861.0,1891.0,1891.0,1861.0,1803.3000000000002,1853.3000000000002
36,63,1906.0,1828.3000000000002,54.311111111111124,27,0,1891.0,1921.0,1921.0,1891.0,1803.3000000000002,1853.3000000000002
36,64,1936.0,1828.3000000000002,57.40241379310344,29,0,1921.0,1951.0,1951.0,1921.0,1803.3000000000002,1853.3000000000002
36,65,1966.0,1828.3000000000002,51.28515151515152,33,0,1951.0,1981.0,1981.0,1951.0,1803.3000000000002,1853.3000000000002
36,66,1996.0,1828.3000000000002,46.8784,50,0,1981.0,2011.0,2011.0,1981.0,1803.3000000000002,1853.3000000000002
36,67,2026.0,1828.3000000000002,50.6572972972973,37,0,2011.0,2041.0,2041.0,2011.0,1803.3000000000002,1853.3000000000002
36,68,2056.0,1828.3000000000002,51.63418604651163,43,0,2041.0,2071.0,2071.0,2041.0,1803.3000000000002,1853.3000000000002
36,69,2086.0,1828.3000000000002,48.31448979591838,49,0,2071.0,2101.0,2101.0,2071.0,1803.3000000000002,1853.3000000000002
36,70,2116.0,1828.3000000000002,49.577241379310344,29,0,2101.0,2131.0,2131.0,2101.0,1803.3000000000002,1853.3000000000002
36,71,2146.0,1828.3000000000002,49.77391304347826,46,0,2131.0,2161.0,2161.0,2131.0,1803.3000000000002,1853.3000000000002
36,72,2176.0,1828.3000000000002,52.11606837606838,39,0,2161.0,2191.0,2191.0,2161.0,1803.3000000000002,1853.3000000000002
36,73,2206.0,1828.3000000000002,51.78666666666666,45,0,2191.0,2221.0,2221.0,2191.0,1803.3000000000002,1853.3000000000002
36,74,2236.0,1828.3000000000002,48.319722222222225,36,0,2221.0,2251.0,2251.0,2221.0,1803.3000000000002,1853.3000000000002
36,75,2266.0,1828.3000000000002,47.409565217391325,46,0,2251.0,2281.0,2281.0,2251.0,1803.3000000000002,1853.3000000000002
36,76,2296.0,1828.3000000000002,46.547058823529426,34,0,2281.0,2311.0,2311.0,2281.0,1803.3000000000002,1853.3000000000002
36,77,2326.0,1828.3000000000002,43.802244897959184,49,0,2311.0,2341.0,2341.0,2311.0,1803.3000000000002,1853.3000000000002
36,78,2356.0,1828.3000000000002,51.40083333333334,36,0,2341.0,2371.0,2371.0,2341.0,1803.3000000000002,1853.3000000000002
36,79,2386.0,1828.3000000000002,52.25558823529411,34,0,2371.0,2401.0,2401.0,2371.0,1803.3000000000002,1853.3000000000002
36,80,2416.0,1828.3000000000002,45.62377777777779,45,0,2401.0,2431.0,2431.0,2401.0,1803.3000000000002,1853.3000000000002
36,81,2446.0,1828.3000000000002,46.706756756756754,37,0,2431.0,2461.0,2461.0,2431.0,1803.3000000000002,1853.3000000000002
36,82,2476.0,1828.3000000000002,51.614772727272744,44,0,2461.0,2491.0,2491.0,2461.0,1803.3000000000002,1853.3000000000002
36,83,2506.0,1828.3000000000002,51.644000000000005,40,0,2491.0,2521.0,2521.0,2491.0,1803.3000000000002,1853.3000000000002
36,84,2536.0,1828.3000000000002,53.584876543209894,36,0,2521.0,2551.0,2551.0,2521.0,1803.3000000000002,1853.3000000000002
36,85,2566.0,1828.3000000000002,51.48720930232559,43,0,2551.0,2581.0,2581.0,2551.0,1803.3000000000002,1853.3000000000002
36,86,2596.0,1828.3000000000002,46.834883720930236,43,0,2581.0,2611.0,2611.0,2581.0,1803.3000000000002,1853.3000000000002
36,87,2626.0,1828.3000000000002,51.49111111111111,36,0,2611.0,2641.0,2641.0,2611.0,1803.3000000000002,1853.3000000000002
36,88,2656.0,1828.3000000000002,51.67309523809525,42,0,2641.0,2671.0,2671.0,2641.0,1803.3000000000002,1853.3000000000002
36,89,2686.0,1828.3000000000002,49.02583333333333,48,0,2671.0,2701.0,2701.0,2671.0,1803.3000000000002,1853.3000000000002
36,90,2716.0,1828.3000000000002,51.66029411764706,34,0,2701.0,2731.0,2731.0,2701.0,1803.3000000000002,1853.3000000000002
36,91,2746.0,1828.3000000000002,50.36935483870967,31,0,2731.0,2761.0,2761.0,2731.0,1803.3000000000002,1853.3000000000002
36,92,2776.0,1828.3000000000002,49.94973684210526,38,0,2761.0,2791.0,2791.0,2761.0,1803.3000000000002,1853.3000000000002
36,93,2806.0,1828.3000000000002,40.8145283018868,53,0,2791.0,2821.0,2821.0,2791.0,1803.3000000000002,1853.3000000000002
36,94,2836.0,1828.3000000000002,48.57409090909091,44,0,2821.0,2851.0,2851.0,2821.0,1803.3000000000002,1853.3000000000002
36,95,2866.0,1828.3000000000002,46.99784313725491,51,0,2851.0,2881.0,2881.0,2851.0,1803.3000000000002,1853.3000000000002
36,96,2896.0,1828.3000000000002,49.599811320754725,53,0,2881.0,2911.0,2911.0,2881.0,1803.3000000000002,1853.3000000000002
36,97,2926.0,1828.3000000000002,54.29821428571429,28,0,2911.0,2941.0,2941.0,2911.0,1803.3000000000002,1853.3000000000002
36,98,2956.0,1828.3000000000002,46.06843137254902,51,0,2941.0,2971.0,2971.0,2941.0,1803.3000000000002,1853.3000000000002
36,99,2986.0,1828.3000000000002,49.36551020408165,49,0,2971.0,3001.0,3001.0,2971.0,1803.3000000000002,1853.3000000000002
36,100,3016.0,1828.3000000000002,48.783018867924525,53,0,3001.0,3031.0,3031.0,3001.0,1803.3000000000002,1853.3000000000002
36,101,3046.0,1828.3000000000002,51.369268292682925,41,0,3031.0,3061.0,3061.0,3031.0,1803.3000000000002,1853.3000000000002
36,102,3076.0,1828.3000000000002,45.74019607843135,51,0,3061.0,3091.0,3091.0,3061.0,1803.3000000000002,1853.3000000000002
36,103,3106.0,1828.3000000000002,45.47214285714286,56,0,3091.0,3121.0,3121.0,3091.0,1803.3000000000002,1853.3000000000002
36,104,3136.0,1828.3000000000002,44.23142857142857,56,0,3121.0,3151.0,3151.0,3121.0,1803.3000000000002,1853.3000000000002
36,105,3166.0,1828.3000000000002,45.08204545454546,44,0,3151.0,3181.0,3181.0,3151.0,1803.3000000000002,1853.3000000000002
36,106,3196.0,1828.3000000000002,48.97976744186047,43,0,3181.0,3211.0,3211.0,3181.0,1803.3000000000002,1853.3000000000002
36,107,3226.0,1828.3000000000002,46.002424242424254,33,0,3211.0,3241.0,3241.0,3211.0,1803.3000000000002,1853.3000000000002
36,108,3256.0,1828.3000000000002,49.96531914893619,47,0,3241.0,3271.0,3271.0,3241.0,1803.3000000000002,1853.3000000000002
36,109,3286.0,1828.3000000000002,41.23487804878049,41,0,3271.0,3301.0,3301.0,3271.0,1803.3000000000002,1853.3000000000002
36,110,3316.0,1828.3000000000002,45.7714,50,0,3301.0,3331.0,3331.0,3301.0,1803.3000000000002,1853.3000000000002
36,111,3346.0,1828.3000000000002,48.276363636363634,44,0,3331.0,3361.0,3361.0,3331.0,1803.3000000000002,1853.3000000000002
36,112,3376.0,1828.3000000000002,43.41527272727274,55,0,3361.0,3391.0,3391.0,3361.0,1803.3000000000002,1853.3000000000002
36,113,3406.0,1828.3000000000002,54.464285714285694,42,0,3391.0,3421.0,3421.0,3391.0,1803.3000000000002,1853.3000000000002
36,114,3436.0,1828.3000000000002,53.39785714285712,42,0,3421.0,3451.0,3451.0,3421.0,1803.3000000000002,1853.3000000000002
36,115,3466.0,1828.3000000000002,55.008055555555565,36,0,3451.0,3481.0,3481.0,3451.0,1803.3000000000002,1853.3000000000002
36,116,3496.0,1828.3000000000002,54.922113821138204,41,0,3481.0,3511.0,3511.0,3481.0,1803.3000000000002,1853.3000000000002
36,117,3526.0,1828.3000000000002,52.25999999999999,40,0,3511.0,3541.0,3541.0,3511.0,1803.3000000000002,1853.3000000000002
36,118,3556.0,1828.3000000000002,51.36676470588235,34,0,3541.0,3571.0,3571.0,3541.0,1803.3000000000002,1853.3000000000002
36,119,3586.0,1828.3000000000002,52.735578703703716,48,0,3571.0,3601.0,3601.0,3571.0,1803.3000000000002,1853.3000000000002
36,120,3616.0,1828.3000000000002,54.680243902439024,41,0,3601.0,3631.0,3631.0,3601.0,1803.3000000000002,1853.3000000000002
36,121,3646.0,1828.3000000000002,53.90555555555555,36,0,3631.0,3661.0,3661.0,3631.0,1803.3000000000002,1853.3000000000002
36,122,3676.0,1828.3000000000002,53.2291891891892,37,0,3661.0,3691.0,3691.0,3661.0,1803.3000000000002,1853.3000000000002
36,123,3706.0,1828.3000000000002,52.656052631578945,38,0,3691.0,3721.0,3721.0,3691.0,1803.3000000000002,1853.3000000000002
36,124,3736.0,1828.3000000000002,54.542799999999986,25,0,3721.0,3751.0,3751.0,3721.0,1803.3000000000002,1853.3000000000002
36,125,3766.0,1828.3000000000002,49.447500000000005,36,0,3751.0,3781.0,3781.0,3751.0,1803.3000000000002,1853.3000000000002
36,126,3796.0,1828.3000000000002,46.871,30,0,3781.0,3811.0,3811.0,3781.0,1803.3000000000002,1853.3000000000002
36,127,3826.0,1828.3000000000002,,0,0,3811.0,3841.0,3841.0,3811.0,1803.3000000000002,1853.3000000000002
37,0,16.0,1878.3000000000002,63.29793103448275,29,0,1.0,31.0,31.0,1.0,1853.3000000000002,1903.3000000000002
37,1,46.0,1878.3000000000002,63.85542857142856,35,0,31.0,61.0,61.0,31.0,1853.3000000000002,1903.3000000000002
37,2,76.0,1878.3000000000002,67.60578947368421,19,0,61.0,91.0,91.0,61.0,1853.3000000000002,1903.3000000000002
37,3,106.0,1878.3000000000002,72.4915,20,0,91.0,121.0,121.0,91.0,1853.3000000000002,1903.3000000000002
37,4,136.0,1878.3000000000002,72.60952380952384,21,0,121.0,151.0,151.0,121.0,1853.3000000000002,1903.3000000000002
37,5,166.0,1878.3000000000002,79.782,10,0,151.0,181.0,181.0,151.0,1853.3000000000002,1903.3000000000002
37,6,196.0,1878.3000000000002,56.179736842105264,38,0,181.0,211.0,211.0,181.0,1853.3000000000002,1903.3000000000002
37,7,226.0,1878.3000000000002,55.353125,48,0,211.0,241.0,241.0,211.0,1853.3000000000002,1903.3000000000002
37,8,256.0,1878.3000000000002,59.64153846153845,39,0,241.0,271.0,271.0,241.0,1853.3000000000002,1903.3000000000002
37,9,286.0,1878.3000000000002,72.619,30,0,271.0,301.0,301.0,271.0,1853.3000000000002,1903.3000000000002
37,10,316.0,1878.3000000000002,71.30333333333333,24,0,301.0,331.0,331.0,301.0,1853.3000000000002,1903.3000000000002
37,11,346.0,1878.3000000000002,71.07692307692308,13,0,331.0,361.0,361.0,331.0,1853.3000000000002,1903.3000000000002
37,12,376.0,1878.3000000000002,65.084,20,0,361.0,391.0,391.0,361.0,1853.3000000000002,1903.3000000000002
37,13,406.0,1878.3000000000002,74.3085,20,0,391.0,421.0,421.0,391.0,1853.3000000000002,1903.3000000000002
37,14,436.0,1878.3000000000002,81.064,10,0,421.0,451.0,451.0,421.0,1853.3000000000002,1903.3000000000002
37,15,466.0,1878.3000000000002,77.27941176470588,17,0,451.0,481.0,481.0,451.0,1853.3000000000002,1903.3000000000002
37,16,496.0,1878.3000000000002,65.03526315789473,19,0,481.0,511.0,511.0,481.0,1853.3000000000002,1903.3000000000002
37,17,526.0,1878.3000000000002,59.905416666666675,48,0,511.0,541.0,541.0,511.0,1853.3000000000002,1903.3000000000002
37,18,556.0,1878.3000000000002,59.13700000000001,30,0,541.0,571.0,571.0,541.0,1853.3000000000002,1903.3000000000002
37,19,586.0,1878.3000000000002,60.5521052631579,38,0,571.0,601.0,601.0,571.0,1853.3000000000002,1903.3000000000002
37,20,616.0,1878.3000000000002,59.3997619047619,42,0,601.0,631.0,631.0,601.0,1853.3000000000002,1903.3000000000002
37,21,646.0,1878.3000000000002,56.923333333333325,45,0,631.0,661.0,661.0,631.0,1853.3000000000002,1903.3000000000002
37,22,676.0,1878.3000000000002,54.18652173913041,46,0,661.0,691.0,691.0,661.0,1853.3000000000002,1903.3000000000002
37,23,706.0,1878.3000000000002,45.67833333333333,54,0,691.0,721.0,721.0,691.0,1853.3000000000002,1903.3000000000002
37,24,736.0,1878.3000000000002,44.46120689655172,58,0,721.0,751.0,751.0,721.0,1853.3000000000002,1903.3000000000002
37,25,766.0,1878.3000000000002,47.12083333333334,48,0,751.0,781.0,781.0,751.0,1853.3000000000002,1903.3000000000002
37,26,796.0,1878.3000000000002,56.38740740740742,27,0,781.0,811.0,811.0,781.0,1853.3000000000002,1903.3000000000002
37,27,826.0,1878.3000000000002,51.16018181818184,55,0,811.0,841.0,841.0,811.0,1853.3000000000002,1903.3000000000002
37,28,856.0,1878.3000000000002,59.322803030303035,33,0,841.0,871.0,871.0,841.0,1853.3000000000002,1903.3000000000002
37,29,886.0,1878.3000000000002,61.79157894736843,38,0,871.0,901.0,901.0,871.0,1853.3000000000002,1903.3000000000002
37,30,916.0,1878.3000000000002,59.65735294117648,34,0,901.0,931.0,931.0,901.0,1853.3000000000002,1903.3000000000002
37,31,946.0,1878.3000000000002,54.90145833333333,48,0,931.0,961.0,961.0,931.0,1853.3000000000002,1903.3000000000002
37,32,976.0,1878.3000000000002,49.49228070175437,57,0,961.0,991.0,991.0,961.0,1853.3000000000002,1903.3000000000002
37,33,1006.0,1878.3000000000002,51.09791666666666,48,0,991.0,1021.0,1021.0,991.0,1853.3000000000002,1903.3000000000002
37,34,1036.0,1878.3000000000002,51.10239130434784,46,0,1021.0,1051.0,1051.0,1021.0,1853.3000000000002,1903.3000000000002
37,35,1066.0,1878.3000000000002,49.995,54,0,1051.0,1081.0,1081.0,1051.0,1853.3000000000002,1903.3000000000002
37,36,1096.0,1878.3000000000002,57.41575757575757,33,0,1081.0,1111.0,1111.0,1081.0,1853.3000000000002,1903.3000000000002
37,37,1126.0,1878.3000000000002,57.11222222222222,36,0,1111.0,1141.0,1141.0,1111.0,1853.3000000000002,1903.3000000000002
37,38,1156.0,1878.3000000000002,57.784592592592574,45,0,1141.0,1171.0,1171.0,1141.0,1853.3000000000002,1903.3000000000002
37,39,1186.0,1878.3000000000002,57.13,34,0,1171.0,1201.0,1201.0,1171.0,1853.3000000000002,1903.3000000000002
37,40,1216.0,1878.3000000000002,49.36540983606557,61,0,1201.0,1231.0,1231.0,1201.0,1853.3000000000002,1903.3000000000002
37,41,1246.0,1878.3000000000002,51.16394736842106,38,0,1231.0,1261.0,1261.0,1231.0,1853.3000000000002,1903.3000000000002
37,42,1276.0,1878.3000000000002,51.08367346938775,49,0,1261.0,1291.0,1291.0,1261.0,1853.3000000000002,1903.3000000000002
37,43,1306.0,1878.3000000000002,57.618125,32,0,1291.0,1321.0,1321.0,1291.0,1853.3000000000002,1903.3000000000002
37,44,1336.0,1878.3000000000002,54.35468750000001,32,0,1321.0,1351.0,1351.0,1321.0,1853.3000000000002,1903.3000000000002
37,45,1366.0,1878.3000000000002,49.69568181818182,44,0,1351.0,1381.0,1381.0,1351.0,1853.3000000000002,1903.3000000000002
37,46,1396.0,1878.3000000000002,55.92612903225808,31,0,1381.0,1411.0,1411.0,1381.0,1853.3000000000002,1903.3000000000002
37,47,1426.0,1878.3000000000002,53.434736842105266,38,0,1411.0,1441.0,1441.0,1411.0,1853.3000000000002,1903.3000000000002
37,48,1456.0,1878.3000000000002,53.87388888888888,54,0,1441.0,1471.0,1471.0,1441.0,1853.3000000000002,1903.3000000000002
37,49,1486.0,1878.3000000000002,50.138571428571424,49,0,1471.0,1501.0,1501.0,1471.0,1853.3000000000002,1903.3000000000002
37,50,1516.0,1878.3000000000002,52.305142857142854,35,0,1501.0,1531.0,1531.0,1501.0,1853.3000000000002,1903.3000000000002
37,51,1546.0,1878.3000000000002,46.00864864864865,37,0,1531.0,1561.0,1561.0,1531.0,1853.3000000000002,1903.3000000000002
37,52,1576.0,1878.3000000000002,45.62781818181818,55,0,1561.0,1591.0,1591.0,1561.0,1853.3000000000002,1903.3000000000002
37,53,1606.0,1878.3000000000002,51.172682926829275,41,0,1591.0,1621.0,1621.0,1591.0,1853.3000000000002,1903.3000000000002
37,54,1636.0,1878.3000000000002,54.6430612244898,49,0,1621.0,1651.0,1651.0,1621.0,1853.3000000000002,1903.3000000000002
37,55,1666.0,1878.3000000000002,50.12076923076924,39,0,1651.0,1681.0,1681.0,1651.0,1853.3000000000002,1903.3000000000002
37,56,1696.0,1878.3000000000002,47.58137254901961,51,0,1681.0,1711.0,1711.0,1681.0,1853.3000000000002,1903.3000000000002
37,57,1726.0,1878.3000000000002,51.42676470588236,34,0,1711.0,1741.0,1741.0,1711.0,1853.3000000000002,1903.3000000000002
37,58,1756.0,1878.3000000000002,54.94027027027026,37,0,1741.0,1771.0,1771.0,1741.0,1853.3000000000002,1903.3000000000002
37,59,1786.0,1878.3000000000002,51.442034883720936,43,0,1771.0,1801.0,1801.0,1771.0,1853.3000000000002,1903.3000000000002
37,60,1816.0,1878.3000000000002,51.98736842105264,38,0,1801.0,1831.0,1831.0,1801.0,1853.3000000000002,1903.3000000000002
37,61,1846.0,1878.3000000000002,56.09294117647059,34,0,1831.0,1861.0,1861.0,1831.0,1853.3000000000002,1903.3000000000002
37,62,1876.0,1878.3000000000002,54.84843749999999,32,0,1861.0,1891.0,1891.0,1861.0,1853.3000000000002,1903.3000000000002
37,63,1906.0,1878.3000000000002,58.258571428571436,28,0,1891.0,1921.0,1921.0,1891.0,1853.3000000000002,1903.3000000000002
37,64,1936.0,1878.3000000000002,62.0517391304348,23,0,1921.0,1951.0,1951.0,1921.0,1853.3000000000002,1903.3000000000002
37,65,1966.0,1878.3000000000002,55.89166666666668,36,0,1951.0,1981.0,1981.0,1951.0,1853.3000000000002,1903.3000000000002
37,66,1996.0,1878.3000000000002,49.76360000000002,50,0,1981.0,2011.0,2011.0,1981.0,1853.3000000000002,1903.3000000000002
37,67,2026.0,1878.3000000000002,54.510555555555555,36,0,2011.0,2041.0,2041.0,2011.0,1853.3000000000002,1903.3000000000002
37,68,2056.0,1878.3000000000002,55.712250000000004,40,0,2041.0,2071.0,2071.0,2041.0,1853.3000000000002,1903.3000000000002
37,69,2086.0,1878.3000000000002,49.887804878048776,41,0,2071.0,2101.0,2101.0,2071.0,1853.3000000000002,1903.3000000000002
37,70,2116.0,1878.3000000000002,51.91599999999999,35,0,2101.0,2131.0,2131.0,2101.0,1853.3000000000002,1903.3000000000002
37,71,2146.0,1878.3000000000002,53.45065476190476,42,0,2131.0,2161.0,2161.0,2131.0,1853.3000000000002,1903.3000000000002
37,72,2176.0,1878.3000000000002,56.54515151515153,33,0,2161.0,2191.0,2191.0,2161.0,1853.3000000000002,1903.3000000000002
37,73,2206.0,1878.3000000000002,53.77487804878048,41,0,2191.0,2221.0,2221.0,2191.0,1853.3000000000002,1903.3000000000002
37,74,2236.0,1878.3000000000002,53.33807692307693,26,0,2221.0,2251.0,2251.0,2221.0,1853.3000000000002,1903.3000000000002
37,75,2266.0,1878.3000000000002,50.2359090909091,44,0,2251.0,2281.0,2281.0,2251.0,1853.3000000000002,1903.3000000000002
37,76,2296.0,1878.3000000000002,49.05696969696969,33,0,2281.0,2311.0,2311.0,2281.0,1853.3000000000002,1903.3000000000002
37,77,2326.0,1878.3000000000002,47.20617021276595,47,0,2311.0,2341.0,2341.0,2311.0,1853.3000000000002,1903.3000000000002
37,78,2356.0,1878.3000000000002,52.59291666666666,42,0,2341.0,2371.0,2371.0,2341.0,1853.3000000000002,1903.3000000000002
37,79,2386.0,1878.3000000000002,57.13214285714285,28,0,2371.0,2401.0,2401.0,2371.0,1853.3000000000002,1903.3000000000002
37,80,2416.0,1878.3000000000002,49.57142857142857,42,0,2401.0,2431.0,2431.0,2401.0,1853.3000000000002,1903.3000000000002
37,81,2446.0,1878.3000000000002,49.739999999999995,36,0,2431.0,2461.0,2461.0,2431.0,1853.3000000000002,1903.3000000000002
37,82,2476.0,1878.3000000000002,55.2813888888889,36,0,2461.0,2491.0,2491.0,2461.0,1853.3000000000002,1903.3000000000002
37,83,2506.0,1878.3000000000002,55.291764705882365,34,0,2491.0,2521.0,2521.0,2491.0,1853.3000000000002,1903.3000000000002
37,84,2536.0,1878.3000000000002,55.438666666666656,30,0,2521.0,2551.0,2551.0,2521.0,1853.3000000000002,1903.3000000000002
37,85,2566.0,1878.3000000000002,55.484285714285704,42,0,2551.0,2581.0,2581.0,2551.0,1853.3000000000002,1903.3000000000002
37,86,2596.0,1878.3000000000002,48.2204761904762,42,0,2581.0,2611.0,2611.0,2581.0,1853.3000000000002,1903.3000000000002
37,87,2626.0,1878.3000000000002,52.7646875,32,0,2611.0,2641.0,2641.0,2611.0,1853.3000000000002,1903.3000000000002
37,88,2656.0,1878.3000000000002,52.794761904761906,42,0,2641.0,2671.0,2671.0,2641.0,1853.3000000000002,1903.3000000000002
37,89,2686.0,1878.3000000000002,51.869268292682925,41,0,2671.0,2701.0,2701.0,2671.0,1853.3000000000002,1903.3000000000002
37,90,2716.0,1878.3000000000002,51.83342857142858,35,0,2701.0,2731.0,2731.0,2701.0,1853.3000000000002,1903.3000000000002
37,91,2746.0,1878.3000000000002,52.600303030303046,33,0,2731.0,2761.0,2761.0,2731.0,1853.3000000000002,1903.3000000000002
37,92,2776.0,1878.3000000000002,50.489142857142845,35,0,2761.0,2791.0,2791.0,2761.0,1853.3000000000002,1903.3000000000002
37,93,2806.0,1878.3000000000002,42.48533333333333,45,0,2791.0,2821.0,2821.0,2791.0,1853.3000000000002,1903.3000000000002
37,94,2836.0,1878.3000000000002,51.09340425531916,47,0,2821.0,2851.0,2851.0,2821.0,1853.3000000000002,1903.3000000000002
37,95,2866.0,1878.3000000000002,49.1975,48,0,2851.0,2881.0,2881.0,2851.0,1853.3000000000002,1903.3000000000002
37,96,2896.0,1878.3000000000002,50.25035714285714,56,0,2881.0,2911.0,2911.0,2881.0,1853.3000000000002,1903.3000000000002
37,97,2926.0,1878.3000000000002,57.97454545454545,22,0,2911.0,2941.0,2941.0,2911.0,1853.3000000000002,1903.3000000000002
37,98,2956.0,1878.3000000000002,47.37644444444444,45,0,2941.0,2971.0,2971.0,2941.0,1853.3000000000002,1903.3000000000002
37,99,2986.0,1878.3000000000002,50.16372549019608,51,0,2971.0,3001.0,3001.0,2971.0,1853.3000000000002,1903.3000000000002
37,100,3016.0,1878.3000000000002,49.849166666666655,48,0,3001.0,3031.0,3031.0,3001.0,1853.3000000000002,1903.3000000000002
37,101,3046.0,1878.3000000000002,53.69162790697675,43,0,3031.0,3061.0,3061.0,3031.0,1853.3000000000002,1903.3000000000002
37,102,3076.0,1878.3000000000002,47.37437500000001,48,0,3061.0,3091.0,3091.0,3061.0,1853.3000000000002,1903.3000000000002
37,103,3106.0,1878.3000000000002,46.516500000000015,60,0,3091.0,3121.0,3121.0,3091.0,1853.3000000000002,1903.3000000000002
37,104,3136.0,1878.3000000000002,46.59987421383647,53,0,3121.0,3151.0,3151.0,3121.0,1853.3000000000002,1903.3000000000002
37,105,3166.0,1878.3000000000002,47.88279069767444,43,0,3151.0,3181.0,3181.0,3151.0,1853.3000000000002,1903.3000000000002
37,106,3196.0,1878.3000000000002,49.27681818181818,44,0,3181.0,3211.0,3211.0,3181.0,1853.3000000000002,1903.3000000000002
37,107,3226.0,1878.3000000000002,48.178064516129055,31,0,3211.0,3241.0,3241.0,3211.0,1853.3000000000002,1903.3000000000002
37,108,3256.0,1878.3000000000002,50.83729166666666,48,0,3241.0,3271.0,3271.0,3241.0,1853.3000000000002,1903.3000000000002
37,109,3286.0,1878.3000000000002,46.06783783783784,37,0,3271.0,3301.0,3301.0,3271.0,1853.3000000000002,1903.3000000000002
37,110,3316.0,1878.3000000000002,43.93375000000002,56,0,3301.0,3331.0,3331.0,3301.0,1853.3000000000002,1903.3000000000002
37,111,3346.0,1878.3000000000002,50.75714285714285,42,0,3331.0,3361.0,3361.0,3331.0,1853.3000000000002,1903.3000000000002
37,112,3376.0,1878.3000000000002,46.91208333333335,48,0,3361.0,3391.0,3391.0,3361.0,1853.3000000000002,1903.3000000000002
37,113,3406.0,1878.3000000000002,55.60659574468085,47,0,3391.0,3421.0,3421.0,3391.0,1853.3000000000002,1903.3000000000002
37,114,3436.0,1878.3000000000002,55.82108108108108,37,0,3421.0,3451.0,3451.0,3421.0,1853.3000000000002,1903.3000000000002
37,115,3466.0,1878.3000000000002,55.581315789473685,38,0,3451.0,3481.0,3481.0,3451.0,1853.3000000000002,1903.3000000000002
37,116,3496.0,1878.3000000000002,57.08617647058823,34,0,3481.0,3511.0,3511.0,3481.0,1853.3000000000002,1903.3000000000002
37,117,3526.0,1878.3000000000002,54.52942857142856,35,0,3511.0,3541.0,3541.0,3511.0,1853.3000000000002,1903.3000000000002
37,118,3556.0,1878.3000000000002,53.20999999999999,33,0,3541.0,3571.0,3571.0,3541.0,1853.3000000000002,1903.3000000000002
37,119,3586.0,1878.3000000000002,53.678260869565214,46,0,3571.0,3601.0,3601.0,3571.0,1853.3000000000002,1903.3000000000002
37,120,3616.0,1878.3000000000002,56.127250000000004,40,0,3601.0,3631.0,3631.0,3601.0,1853.3000000000002,1903.3000000000002
37,121,3646.0,1878.3000000000002,56.86384615384617,39,0,3631.0,3661.0,3661.0,3631.0,1853.3000000000002,1903.3000000000002
37,122,3676.0,1878.3000000000002,54.106666666666676,42,0,3661.0,3691.0,3691.0,3661.0,1853.3000000000002,1903.3000000000002
37,123,3706.0,1878.3000000000002,54.35309523809525,42,0,3691.0,3721.0,3721.0,3691.0,1853.3000000000002,1903.3000000000002
37,124,3736.0,1878.3000000000002,56.34750000000001,28,0,3721.0,3751.0,3751.0,3721.0,1853.3000000000002,1903.3000000000002
37,125,3766.0,1878.3000000000002,50.70379310344829,29,0,3751.0,3781.0,3781.0,3751.0,1853.3000000000002,1903.3000000000002
37,126,3796.0,1878.3000000000002,48.98598039215686,34,0,3781.0,3811.0,3811.0,3781.0,1853.3000000000002,1903.3000000000002
37,127,3826.0,1878.3000000000002,,0,0,3811.0,3841.0,3841.0,3811.0,1853.3000000000002,1903.3000000000002
38,0,16.0,1928.3000000000002,63.127307692307674,26,0,1.0,31.0,31.0,1.0,1903.3000000000002,1953.3000000000002
38,1,46.0,1928.3000000000002,66.26154135338345,38,0,31.0,61.0,61.0,31.0,1903.3000000000002,1953.3000000000002
38,2,76.0,1928.3000000000002,68.6895,20,0,61.0,91.0,91.0,61.0,1903.3000000000002,1953.3000000000002
38,3,106.0,1928.3000000000002,73.09947368421052,19,0,91.0,121.0,121.0,91.0,1903.3000000000002,1953.3000000000002
38,4,136.0,1928.3000000000002,74.53111111111112,18,0,121.0,151.0,151.0,121.0,1903.3000000000002,1953.3000000000002
38,5,166.0,1928.3000000000002,79.71750000000002,12,0,151.0,181.0,181.0,151.0,1903.3000000000002,1953.3000000000002
38,6,196.0,1928.3000000000002,57.634333333333345,30,0,181.0,211.0,211.0,181.0,1903.3000000000002,1953.3000000000002
38,7,226.0,1928.3000000000002,55.757333333333335,45,0,211.0,241.0,241.0,211.0,1903.3000000000002,1953.3000000000002
38,8,256.0,1928.3000000000002,59.04181818181819,44,0,241.0,271.0,271.0,241.0,1903.3000000000002,1953.3000000000002
38,9,286.0,1928.3000000000002,72.97,33,0,271.0,301.0,301.0,271.0,1903.3000000000002,1953.3000000000002
38,10,316.0,1928.3000000000002,71.83096774193548,31,0,301.0,331.0,331.0,301.0,1903.3000000000002,1953.3000000000002
38,11,346.0,1928.3000000000002,73.16666666666667,12,0,331.0,361.0,361.0,331.0,1903.3000000000002,1953.3000000000002
38,12,376.0,1928.3000000000002,64.98235294117649,17,0,361.0,391.0,391.0,361.0,1903.3000000000002,1953.3000000000002
38,13,406.0,1928.3000000000002,72.38,23,0,391.0,421.0,421.0,391.0,1903.3000000000002,1953.3000000000002
38,14,436.0,1928.3000000000002,81.18307692307691,13,0,421.0,451.0,451.0,421.0,1903.3000000000002,1953.3000000000002
38,15,466.0,1928.3000000000002,78.716875,16,0,451.0,481.0,481.0,451.0,1903.3000000000002,1953.3000000000002
38,16,496.0,1928.3000000000002,71.24328947368421,19,0,481.0,511.0,511.0,481.0,1903.3000000000002,1953.3000000000002
38,17,526.0,1928.3000000000002,61.13613636363636,44,0,511.0,541.0,541.0,511.0,1903.3000000000002,1953.3000000000002
38,18,556.0,1928.3000000000002,59.1853125,32,0,541.0,571.0,571.0,541.0,1903.3000000000002,1953.3000000000002
38,19,586.0,1928.3000000000002,61.23073170731706,41,0,571.0,601.0,601.0,571.0,1903.3000000000002,1953.3000000000002
38,20,616.0,1928.3000000000002,59.70297297297298,37,0,601.0,631.0,631.0,601.0,1903.3000000000002,1953.3000000000002
38,21,646.0,1928.3000000000002,57.27866666666666,45,0,631.0,661.0,661.0,631.0,1903.3000000000002,1953.3000000000002
38,22,676.0,1928.3000000000002,58.12250000000002,40,0,661.0,691.0,691.0,661.0,1903.3000000000002,1953.3000000000002
38,23,706.0,1928.3000000000002,48.17040816326529,49,0,691.0,721.0,721.0,691.0,1903.3000000000002,1953.3000000000002
38,24,736.0,1928.3000000000002,43.85868852459015,61,0,721.0,751.0,751.0,721.0,1903.3000000000002,1953.3000000000002
38,25,766.0,1928.3000000000002,46.13821428571429,56,0,751.0,781.0,781.0,751.0,1903.3000000000002,1953.3000000000002
38,26,796.0,1928.3000000000002,57.88321428571428,28,0,781.0,811.0,811.0,781.0,1903.3000000000002,1953.3000000000002
38,27,826.0,1928.3000000000002,52.85619999999999,50,0,811.0,841.0,841.0,811.0,1903.3000000000002,1953.3000000000002
38,28,856.0,1928.3000000000002,58.27485714285714,35,0,841.0,871.0,871.0,841.0,1903.3000000000002,1953.3000000000002
38,29,886.0,1928.3000000000002,62.97270270270271,37,0,871.0,901.0,901.0,871.0,1903.3000000000002,1953.3000000000002
38,30,916.0,1928.3000000000002,61.375000000000014,34,0,901.0,931.0,931.0,901.0,1903.3000000000002,1953.3000000000002
38,31,946.0,1928.3000000000002,57.1419512195122,41,0,931.0,961.0,961.0,931.0,1903.3000000000002,1953.3000000000002
38,32,976.0,1928.3000000000002,52.44755102040815,49,0,961.0,991.0,991.0,961.0,1903.3000000000002,1953.3000000000002
38,33,1006.0,1928.3000000000002,53.59271317829459,43,0,991.0,1021.0,1021.0,991.0,1903.3000000000002,1953.3000000000002
38,34,1036.0,1928.3000000000002,54.56651162790697,43,0,1021.0,1051.0,1051.0,1021.0,1903.3000000000002,1953.3000000000002
38,35,1066.0,1928.3000000000002,50.66745454545454,55,0,1051.0,1081.0,1081.0,1051.0,1903.3000000000002,1953.3000000000002
38,36,1096.0,1928.3000000000002,57.0874193548387,31,0,1081.0,1111.0,1111.0,1081.0,1903.3000000000002,1953.3000000000002
38,37,1126.0,1928.3000000000002,60.703999999999986,35,0,1111.0,1141.0,1141.0,1111.0,1903.3000000000002,1953.3000000000002
38,38,1156.0,1928.3000000000002,57.77386363636362,44,0,1141.0,1171.0,1171.0,1141.0,1903.3000000000002,1953.3000000000002
38,39,1186.0,1928.3000000000002,59.0574074074074,27,0,1171.0,1201.0,1201.0,1171.0,1903.3000000000002,1953.3000000000002
38,40,1216.0,1928.3000000000002,50.89825471698113,53,0,1201.0,1231.0,1231.0,1201.0,1903.3000000000002,1953.3000000000002
38,41,1246.0,1928.3000000000002,50.48382352941175,34,0,1231.0,1261.0,1261.0,1231.0,1903.3000000000002,1953.3000000000002
38,42,1276.0,1928.3000000000002,51.360208333333325,48,0,1261.0,1291.0,1291.0,1261.0,1903.3000000000002,1953.3000000000002
38,43,1306.0,1928.3000000000002,57.20447368421053,38,0,1291.0,1321.0,1321.0,1291.0,1903.3000000000002,1953.3000000000002
38,44,1336.0,1928.3000000000002,56.72027777777777,36,0,1321.0,1351.0,1351.0,1321.0,1903.3000000000002,1953.3000000000002
38,45,1366.0,1928.3000000000002,49.188510638297885,47,0,1351.0,1381.0,1381.0,1351.0,1903.3000000000002,1953.3000000000002
38,46,1396.0,1928.3000000000002,53.57486486486485,37,0,1381.0,1411.0,1411.0,1381.0,1903.3000000000002,1953.3000000000002
38,47,1426.0,1928.3000000000002,55.25411764705882,34,0,1411.0,1441.0,1441.0,1411.0,1903.3000000000002,1953.3000000000002
38,48,1456.0,1928.3000000000002,53.47516666666666,60,0,1441.0,1471.0,1471.0,1441.0,1903.3000000000002,1953.3000000000002
38,49,1486.0,1928.3000000000002,51.7934,50,0,1471.0,1501.0,1501.0,1471.0,1903.3000000000002,1953.3000000000002
38,50,1516.0,1928.3000000000002,52.845681818181816,44,0,1501.0,1531.0,1531.0,1501.0,1903.3000000000002,1953.3000000000002
38,51,1546.0,1928.3000000000002,49.04411764705883,34,0,1531.0,1561.0,1561.0,1531.0,1903.3000000000002,1953.3000000000002
38,52,1576.0,1928.3000000000002,42.356174242424245,66,0,1561.0,1591.0,1591.0,1561.0,1903.3000000000002,1953.3000000000002
38,53,1606.0,1928.3000000000002,49.29938775510206,49,0,1591.0,1621.0,1621.0,1591.0,1903.3000000000002,1953.3000000000002
38,54,1636.0,1928.3000000000002,54.62921568627454,51,0,1621.0,1651.0,1651.0,1621.0,1903.3000000000002,1953.3000000000002
38,55,1666.0,1928.3000000000002,46.42191489361703,47,0,1651.0,1681.0,1681.0,1651.0,1903.3000000000002,1953.3000000000002
38,56,1696.0,1928.3000000000002,41.74616666666667,60,0,1681.0,1711.0,1711.0,1681.0,1903.3000000000002,1953.3000000000002
38,57,1726.0,1928.3000000000002,47.93217391304349,46,0,1711.0,1741.0,1741.0,1711.0,1903.3000000000002,1953.3000000000002
38,58,1756.0,1928.3000000000002,56.02297297297296,37,0,1741.0,1771.0,1771.0,1741.0,1903.3000000000002,1953.3000000000002
38,59,1786.0,1928.3000000000002,52.41696808510637,47,0,1771.0,1801.0,1801.0,1771.0,1903.3000000000002,1953.3000000000002
38,60,1816.0,1928.3000000000002,53.83,43,0,1801.0,1831.0,1831.0,1801.0,1903.3000000000002,1953.3000000000002
38,61,1846.0,1928.3000000000002,56.12735294117646,34,0,1831.0,1861.0,1861.0,1831.0,1903.3000000000002,1953.3000000000002
38,62,1876.0,1928.3000000000002,55.61057142857144,35,0,1861.0,1891.0,1891.0,1861.0,1903.3000000000002,1953.3000000000002
38,63,1906.0,1928.3000000000002,58.53999999999999,29,0,1891.0,1921.0,1921.0,1891.0,1903.3000000000002,1953.3000000000002
38,64,1936.0,1928.3000000000002,61.892727272727264,33,0,1921.0,1951.0,1951.0,1921.0,1903.3000000000002,1953.3000000000002
38,65,1966.0,1928.3000000000002,56.634242424242416,33,0,1951.0,1981.0,1981.0,1951.0,1903.3000000000002,1953.3000000000002
38,66,1996.0,1928.3000000000002,50.1504,50,0,1981.0,2011.0,2011.0,1981.0,1903.3000000000002,1953.3000000000002
38,67,2026.0,1928.3000000000002,53.640487804878056,41,0,2011.0,2041.0,2041.0,2011.0,1903.3000000000002,1953.3000000000002
38,68,2056.0,1928.3000000000002,55.326097560975604,41,0,2041.0,2071.0,2071.0,2041.0,1903.3000000000002,1953.3000000000002
38,69,2086.0,1928.3000000000002,50.61689024390244,41,0,2071.0,2101.0,2101.0,2071.0,1903.3000000000002,1953.3000000000002
38,70,2116.0,1928.3000000000002,51.71157894736844,38,0,2101.0,2131.0,2131.0,2101.0,1903.3000000000002,1953.3000000000002
38,71,2146.0,1928.3000000000002,53.653333333333336,42,0,2131.0,2161.0,2161.0,2131.0,1903.3000000000002,1953.3000000000002
38,72,2176.0,1928.3000000000002,56.84647058823529,34,0,2161.0,2191.0,2191.0,2161.0,1903.3000000000002,1953.3000000000002
38,73,2206.0,1928.3000000000002,53.303260869565214,46,0,2191.0,2221.0,2221.0,2191.0,1903.3000000000002,1953.3000000000002
38,74,2236.0,1928.3000000000002,56.912307692307685,26,0,2221.0,2251.0,2251.0,2221.0,1903.3000000000002,1953.3000000000002
38,75,2266.0,1928.3000000000002,50.64936170212767,47,0,2251.0,2281.0,2281.0,2251.0,1903.3000000000002,1953.3000000000002
38,76,2296.0,1928.3000000000002,50.4454054054054,37,0,2281.0,2311.0,2311.0,2281.0,1903.3000000000002,1953.3000000000002
38,77,2326.0,1928.3000000000002,47.78142857142858,42,0,2311.0,2341.0,2341.0,2311.0,1903.3000000000002,1953.3000000000002
38,78,2356.0,1928.3000000000002,49.168571428571425,42,0,2341.0,2371.0,2371.0,2341.0,1903.3000000000002,1953.3000000000002
38,79,2386.0,1928.3000000000002,58.92642857142859,28,0,2371.0,2401.0,2401.0,2371.0,1903.3000000000002,1953.3000000000002
38,80,2416.0,1928.3000000000002,50.038157894736855,38,0,2401.0,2431.0,2431.0,2401.0,1903.3000000000002,1953.3000000000002
38,81,2446.0,1928.3000000000002,49.57417857142858,40,0,2431.0,2461.0,2461.0,2431.0,1903.3000000000002,1953.3000000000002
38,82,2476.0,1928.3000000000002,54.96605263157896,38,0,2461.0,2491.0,2491.0,2461.0,1903.3000000000002,1953.3000000000002
38,83,2506.0,1928.3000000000002,56.306000000000004,35,0,2491.0,2521.0,2521.0,2491.0,1903.3000000000002,1953.3000000000002
38,84,2536.0,1928.3000000000002,57.02583333333333,36,0,2521.0,2551.0,2551.0,2521.0,1903.3000000000002,1953.3000000000002
38,85,2566.0,1928.3000000000002,59.016888888888886,45,0,2551.0,2581.0,2581.0,2551.0,1903.3000000000002,1953.3000000000002
38,86,2596.0,1928.3000000000002,49.717209302325585,43,0,2581.0,2611.0,2611.0,2581.0,1903.3000000000002,1953.3000000000002
38,87,2626.0,1928.3000000000002,54.65742857142857,35,0,2611.0,2641.0,2641.0,2611.0,1903.3000000000002,1953.3000000000002
38,88,2656.0,1928.3000000000002,53.34620000000001,50,0,2641.0,2671.0,2671.0,2641.0,1903.3000000000002,1953.3000000000002
38,89,2686.0,1928.3000000000002,55.1985294117647,34,0,2671.0,2701.0,2701.0,2671.0,1903.3000000000002,1953.3000000000002
38,90,2716.0,1928.3000000000002,52.63931818181816,44,0,2701.0,2731.0,2731.0,2701.0,1903.3000000000002,1953.3000000000002
38,91,2746.0,1928.3000000000002,53.464,35,0,2731.0,2761.0,2761.0,2731.0,1903.3000000000002,1953.3000000000002
38,92,2776.0,1928.3000000000002,52.30588235294118,34,0,2761.0,2791.0,2791.0,2761.0,1903.3000000000002,1953.3000000000002
38,93,2806.0,1928.3000000000002,45.905454545454546,44,0,2791.0,2821.0,2821.0,2791.0,1903.3000000000002,1953.3000000000002
38,94,2836.0,1928.3000000000002,51.195,52,0,2821.0,2851.0,2851.0,2821.0,1903.3000000000002,1953.3000000000002
38,95,2866.0,1928.3000000000002,51.021333333333324,45,0,2851.0,2881.0,2881.0,2851.0,1903.3000000000002,1953.3000000000002
38,96,2896.0,1928.3000000000002,50.41126984126984,63,0,2881.0,2911.0,2911.0,2881.0,1903.3000000000002,1953.3000000000002
38,97,2926.0,1928.3000000000002,59.11448275862069,29,0,2911.0,2941.0,2941.0,2911.0,1903.3000000000002,1953.3000000000002
38,98,2956.0,1928.3000000000002,50.108666666666664,45,0,2941.0,2971.0,2971.0,2941.0,1903.3000000000002,1953.3000000000002
38,99,2986.0,1928.3000000000002,50.3595918367347,49,0,2971.0,3001.0,3001.0,2971.0,1903.3000000000002,1953.3000000000002
38,100,3016.0,1928.3000000000002,50.79735849056605,53,0,3001.0,3031.0,3031.0,3001.0,1903.3000000000002,1953.3000000000002
38,101,3046.0,1928.3000000000002,54.591363636363646,44,0,3031.0,3061.0,3061.0,3031.0,1903.3000000000002,1953.3000000000002
38,102,3076.0,1928.3000000000002,48.70380000000001,50,0,3061.0,3091.0,3091.0,3061.0,1903.3000000000002,1953.3000000000002
38,103,3106.0,1928.3000000000002,46.72435483870966,62,0,3091.0,3121.0,3121.0,3091.0,1903.3000000000002,1953.3000000000002
38,104,3136.0,1928.3000000000002,45.90814814814815,54,0,3121.0,3151.0,3151.0,3121.0,1903.3000000000002,1953.3000000000002
38,105,3166.0,1928.3000000000002,49.781320754716994,53,0,3151.0,3181.0,3181.0,3151.0,1903.3000000000002,1953.3000000000002
38,106,3196.0,1928.3000000000002,49.421521739130434,46,0,3181.0,3211.0,3211.0,3181.0,1903.3000000000002,1953.3000000000002
38,107,3226.0,1928.3000000000002,50.90277777777777,36,0,3211.0,3241.0,3241.0,3211.0,1903.3000000000002,1953.3000000000002
38,108,3256.0,1928.3000000000002,52.634666666666654,45,0,3241.0,3271.0,3271.0,3241.0,1903.3000000000002,1953.3000000000002
38,109,3286.0,1928.3000000000002,53.030645161290316,31,0,3271.0,3301.0,3301.0,3271.0,1903.3000000000002,1953.3000000000002
38,110,3316.0,1928.3000000000002,44.20216666666668,60,0,3301.0,3331.0,3331.0,3301.0,1903.3000000000002,1953.3000000000002
38,111,3346.0,1928.3000000000002,50.280000000000015,46,0,3331.0,3361.0,3361.0,3331.0,1903.3000000000002,1953.3000000000002
38,112,3376.0,1928.3000000000002,48.438,50,0,3361.0,3391.0,3391.0,3361.0,1903.3000000000002,1953.3000000000002
38,113,3406.0,1928.3000000000002,55.679583333333305,48,0,3391.0,3421.0,3421.0,3391.0,1903.3000000000002,1953.3000000000002
38,114,3436.0,1928.3000000000002,56.51268292682927,41,0,3421.0,3451.0,3451.0,3421.0,1903.3000000000002,1953.3000000000002
38,115,3466.0,1928.3000000000002,56.30619047619048,42,0,3451.0,3481.0,3481.0,3451.0,1903.3000000000002,1953.3000000000002
38,116,3496.0,1928.3000000000002,58.370465116279064,43,0,3481.0,3511.0,3511.0,3481.0,1903.3000000000002,1953.3000000000002
38,117,3526.0,1928.3000000000002,56.08324324324324,37,0,3511.0,3541.0,3541.0,3511.0,1903.3000000000002,1953.3000000000002
38,118,3556.0,1928.3000000000002,53.928378378378376,37,0,3541.0,3571.0,3571.0,3541.0,1903.3000000000002,1953.3000000000002
38,119,3586.0,1928.3000000000002,53.233877551020406,49,0,3571.0,3601.0,3601.0,3571.0,1903.3000000000002,1953.3000000000002
38,120,3616.0,1928.3000000000002,57.430681818181846,44,0,3601.0,3631.0,3631.0,3601.0,1903.3000000000002,1953.3000000000002
38,121,3646.0,1928.3000000000002,59.34853658536585,41,0,3631.0,3661.0,3661.0,3631.0,1903.3000000000002,1953.3000000000002
38,122,3676.0,1928.3000000000002,53.646341463414636,41,0,3661.0,3691.0,3691.0,3661.0,1903.3000000000002,1953.3000000000002
38,123,3706.0,1928.3000000000002,54.388604651162794,43,0,3691.0,3721.0,3721.0,3691.0,1903.3000000000002,1953.3000000000002
38,124,3736.0,1928.3000000000002,57.04225806451613,31,0,3721.0,3751.0,3751.0,3721.0,1903.3000000000002,1953.3000000000002
38,125,3766.0,1928.3000000000002,52.94142857142858,28,0,3751.0,3781.0,3781.0,3751.0,1903.3000000000002,1953.3000000000002
38,126,3796.0,1928.3000000000002,50.19499999999999,38,0,3781.0,3811.0,3811.0,3781.0,1903.3000000000002,1953.3000000000002
38,127,3826.0,1928.3000000000002,,0,0,3811.0,3841.0,3841.0,3811.0,1903.3000000000002,1953.3000000000002
39,0,16.0,1978.3000000000002,61.68320000000001,25,0,1.0,31.0,31.0,1.0,1953.3000000000002,2003.3000000000002
39,1,46.0,1978.3000000000002,65.69222222222223,45,0,31.0,61.0,61.0,31.0,1953.3000000000002,2003.3000000000002
39,2,76.0,1978.3000000000002,67.71588235294116,17,0,61.0,91.0,91.0,61.0,1953.3000000000002,2003.3000000000002
39,3,106.0,1978.3000000000002,71.28200000000001,20,0,91.0,121.0,121.0,91.0,1953.3000000000002,2003.3000000000002
39,4,136.0,1978.3000000000002,74.50130434782609,23,0,121.0,151.0,151.0,121.0,1953.3000000000002,2003.3000000000002
39,5,166.0,1978.3000000000002,79.16076923076922,13,0,151.0,181.0,181.0,151.0,1953.3000000000002,2003.3000000000002
39,6,196.0,1978.3000000000002,59.21541666666668,24,0,181.0,211.0,211.0,181.0,1953.3000000000002,2003.3000000000002
39,7,226.0,1978.3000000000002,53.92124999999999,56,0,211.0,241.0,241.0,211.0,1953.3000000000002,2003.3000000000002
39,8,256.0,1978.3000000000002,56.836170212765964,47,0,241.0,271.0,271.0,241.0,1953.3000000000002,2003.3000000000002
39,9,286.0,1978.3000000000002,73.16885416666668,24,0,271.0,301.0,301.0,271.0,1953.3000000000002,2003.3000000000002
39,10,316.0,1978.3000000000002,71.4862962962963,27,0,301.0,331.0,331.0,301.0,1953.3000000000002,2003.3000000000002
39,11,346.0,1978.3000000000002,75.3409090909091,11,0,331.0,361.0,361.0,331.0,1953.3000000000002,2003.3000000000002
39,12,376.0,1978.3000000000002,64.94875,16,0,361.0,391.0,391.0,361.0,1953.3000000000002,2003.3000000000002
39,13,406.0,1978.3000000000002,69.41846153846153,26,0,391.0,421.0,421.0,391.0,1953.3000000000002,2003.3000000000002
39,14,436.0,1978.3000000000002,78.22875,16,0,421.0,451.0,451.0,421.0,1953.3000000000002,2003.3000000000002
39,15,466.0,1978.3000000000002,77.51190476190477,21,0,451.0,481.0,481.0,451.0,1953.3000000000002,2003.3000000000002
39,16,496.0,1978.3000000000002,71.025,16,0,481.0,511.0,511.0,481.0,1953.3000000000002,2003.3000000000002
39,17,526.0,1978.3000000000002,60.974897959183664,49,0,511.0,541.0,541.0,511.0,1953.3000000000002,2003.3000000000002
39,18,556.0,1978.3000000000002,58.69343750000001,32,0,541.0,571.0,571.0,541.0,1953.3000000000002,2003.3000000000002
39,19,586.0,1978.3000000000002,59.248297872340416,47,0,571.0,601.0,601.0,571.0,1953.3000000000002,2003.3000000000002
39,20,616.0,1978.3000000000002,59.27947368421052,38,0,601.0,631.0,631.0,601.0,1953.3000000000002,2003.3000000000002
39,21,646.0,1978.3000000000002,55.63541666666666,48,0,631.0,661.0,661.0,631.0,1953.3000000000002,2003.3000000000002
39,22,676.0,1978.3000000000002,58.16850000000001,40,0,661.0,691.0,691.0,661.0,1953.3000000000002,2003.3000000000002
39,23,706.0,1978.3000000000002,47.71666666666667,51,0,691.0,721.0,721.0,691.0,1953.3000000000002,2003.3000000000002
39,24,736.0,1978.3000000000002,44.00149999999999,60,0,721.0,751.0,751.0,721.0,1953.3000000000002,2003.3000000000002
39,25,766.0,1978.3000000000002,44.140878938640135,67,0,751.0,781.0,781.0,751.0,1953.3000000000002,2003.3000000000002
39,26,796.0,1978.3000000000002,56.554050179211465,31,0,781.0,811.0,811.0,781.0,1953.3000000000002,2003.3000000000002
39,27,826.0,1978.3000000000002,53.52651428571428,50,0,811.0,841.0,841.0,811.0,1953.3000000000002,2003.3000000000002
39,28,856.0,1978.3000000000002,56.57863636363634,44,0,841.0,871.0,871.0,841.0,1953.3000000000002,2003.3000000000002
39,29,886.0,1978.3000000000002,62.360857142857135,35,0,871.0,901.0,901.0,871.0,1953.3000000000002,2003.3000000000002
39,30,916.0,1978.3000000000002,60.572162162162165,37,0,901.0,931.0,931.0,901.0,1953.3000000000002,2003.3000000000002
39,31,946.0,1978.3000000000002,57.88177777777777,45,0,931.0,961.0,961.0,931.0,1953.3000000000002,2003.3000000000002
39,32,976.0,1978.3000000000002,52.94648148148148,54,0,961.0,991.0,991.0,961.0,1953.3000000000002,2003.3000000000002
39,33,1006.0,1978.3000000000002,53.83617886178862,41,0,991.0,1021.0,1021.0,991.0,1953.3000000000002,2003.3000000000002
39,34,1036.0,1978.3000000000002,55.164509803921554,51,0,1021.0,1051.0,1051.0,1021.0,1953.3000000000002,2003.3000000000002
39,35,1066.0,1978.3000000000002,50.219814814814804,54,0,1051.0,1081.0,1081.0,1051.0,1953.3000000000002,2003.3000000000002
39,36,1096.0,1978.3000000000002,56.304285714285726,35,0,1081.0,1111.0,1111.0,1081.0,1953.3000000000002,2003.3000000000002
39,37,1126.0,1978.3000000000002,60.48189189189189,37,0,1111.0,1141.0,1141.0,1111.0,1953.3000000000002,2003.3000000000002
39,38,1156.0,1978.3000000000002,57.32,54,0,1141.0,1171.0,1171.0,1141.0,1953.3000000000002,2003.3000000000002
39,39,1186.0,1978.3000000000002,60.51296296296299,27,0,1171.0,1201.0,1201.0,1171.0,1953.3000000000002,2003.3000000000002
39,40,1216.0,1978.3000000000002,52.08076923076922,52,0,1201.0,1231.0,1231.0,1201.0,1953.3000000000002,2003.3000000000002
39,41,1246.0,1978.3000000000002,49.39024390243902,41,0,1231.0,1261.0,1261.0,1231.0,1953.3000000000002,2003.3000000000002
39,42,1276.0,1978.3000000000002,51.89173913043478,46,0,1261.0,1291.0,1291.0,1261.0,1953.3000000000002,2003.3000000000002
39,43,1306.0,1978.3000000000002,55.53512195121952,41,0,1291.0,1321.0,1321.0,1291.0,1953.3000000000002,2003.3000000000002
39,44,1336.0,1978.3000000000002,56.01513513513513,37,0,1321.0,1351.0,1351.0,1321.0,1953.3000000000002,2003.3000000000002
39,45,1366.0,1978.3000000000002,51.14726495726494,39,0,1351.0,1381.0,1381.0,1351.0,1953.3000000000002,2003.3000000000002
39,46,1396.0,1978.3000000000002,49.76441860465116,43,0,1381.0,1411.0,1411.0,1381.0,1953.3000000000002,2003.3000000000002
39,47,1426.0,1978.3000000000002,56.95697368421053,38,0,1411.0,1441.0,1441.0,1411.0,1953.3000000000002,2003.3000000000002
39,48,1456.0,1978.3000000000002,51.95813559322033,59,0,1441.0,1471.0,1471.0,1441.0,1953.3000000000002,2003.3000000000002
39,49,1486.0,1978.3000000000002,52.74195652173911,46,0,1471.0,1501.0,1501.0,1471.0,1953.3000000000002,2003.3000000000002
39,50,1516.0,1978.3000000000002,51.781956521739126,46,0,1501.0,1531.0,1531.0,1501.0,1953.3000000000002,2003.3000000000002
39,51,1546.0,1978.3000000000002,49.55379310344827,29,0,1531.0,1561.0,1561.0,1531.0,1953.3000000000002,2003.3000000000002
39,52,1576.0,1978.3000000000002,39.7359375,64,0,1561.0,1591.0,1591.0,1561.0,1953.3000000000002,2003.3000000000002
39,53,1606.0,1978.3000000000002,41.25482758620688,58,0,1591.0,1621.0,1621.0,1591.0,1953.3000000000002,2003.3000000000002
39,54,1636.0,1978.3000000000002,49.876842105263144,57,0,1621.0,1651.0,1651.0,1621.0,1953.3000000000002,2003.3000000000002
39,55,1666.0,1978.3000000000002,38.20241379310345,58,0,1651.0,1681.0,1681.0,1651.0,1953.3000000000002,2003.3000000000002
39,56,1696.0,1978.3000000000002,34.58785714285716,70,0,1681.0,1711.0,1711.0,1681.0,1953.3000000000002,2003.3000000000002
39,57,1726.0,1978.3000000000002,40.10454545454545,55,0,1711.0,1741.0,1741.0,1711.0,1953.3000000000002,2003.3000000000002
39,58,1756.0,1978.3000000000002,54.087857142857125,42,0,1741.0,1771.0,1771.0,1741.0,1953.3000000000002,2003.3000000000002
39,59,1786.0,1978.3000000000002,51.956875000000004,48,0,1771.0,1801.0,1801.0,1771.0,1953.3000000000002,2003.3000000000002
39,60,1816.0,1978.3000000000002,53.891351351351354,37,0,1801.0,1831.0,1831.0,1801.0,1953.3000000000002,2003.3000000000002
39,61,1846.0,1978.3000000000002,54.725277777777784,36,0,1831.0,1861.0,1861.0,1831.0,1953.3000000000002,2003.3000000000002
39,62,1876.0,1978.3000000000002,55.29513513513513,37,0,1861.0,1891.0,1891.0,1861.0,1953.3000000000002,2003.3000000000002
39,63,1906.0,1978.3000000000002,57.64272727272727,33,0,1891.0,1921.0,1921.0,1891.0,1953.3000000000002,2003.3000000000002
39,64,1936.0,1978.3000000000002,60.310344827586206,29,0,1921.0,1951.0,1951.0,1921.0,1953.3000000000002,2003.3000000000002
39,65,1966.0,1978.3000000000002,57.40696969696971,33,0,1951.0,1981.0,1981.0,1951.0,1953.3000000000002,2003.3000000000002
39,66,1996.0,1978.3000000000002,49.7136170212766,47,0,1981.0,2011.0,2011.0,1981.0,1953.3000000000002,2003.3000000000002
39,67,2026.0,1978.3000000000002,53.14953488372092,43,0,2011.0,2041.0,2041.0,2011.0,1953.3000000000002,2003.3000000000002
39,68,2056.0,1978.3000000000002,53.54133333333335,45,0,2041.0,2071.0,2071.0,2041.0,1953.3000000000002,2003.3000000000002
39,69,2086.0,1978.3000000000002,50.96333333333334,36,0,2071.0,2101.0,2101.0,2071.0,1953.3000000000002,2003.3000000000002
39,70,2116.0,1978.3000000000002,51.547380952380955,42,0,2101.0,2131.0,2131.0,2101.0,1953.3000000000002,2003.3000000000002
39,71,2146.0,1978.3000000000002,52.081500000000005,40,0,2131.0,2161.0,2161.0,2131.0,1953.3000000000002,2003.3000000000002
39,72,2176.0,1978.3000000000002,54.807073170731734,41,0,2161.0,2191.0,2191.0,2161.0,1953.3000000000002,2003.3000000000002
39,73,2206.0,1978.3000000000002,51.06704545454547,44,0,2191.0,2221.0,2221.0,2191.0,1953.3000000000002,2003.3000000000002
39,74,2236.0,1978.3000000000002,55.79571428571429,28,0,2221.0,2251.0,2251.0,2221.0,1953.3000000000002,2003.3000000000002
39,75,2266.0,1978.3000000000002,49.4078947368421,38,0,2251.0,2281.0,2281.0,2251.0,1953.3000000000002,2003.3000000000002
39,76,2296.0,1978.3000000000002,50.609566395663954,41,0,2281.0,2311.0,2311.0,2281.0,1953.3000000000002,2003.3000000000002
39,77,2326.0,1978.3000000000002,45.8902380952381,42,0,2311.0,2341.0,2341.0,2311.0,1953.3000000000002,2003.3000000000002
39,78,2356.0,1978.3000000000002,48.48195652173913,46,0,2341.0,2371.0,2371.0,2341.0,1953.3000000000002,2003.3000000000002
39,79,2386.0,1978.3000000000002,58.190775510204084,35,0,2371.0,2401.0,2401.0,2371.0,1953.3000000000002,2003.3000000000002
39,80,2416.0,1978.3000000000002,49.462258064516135,31,0,2401.0,2431.0,2431.0,2401.0,1953.3000000000002,2003.3000000000002
39,81,2446.0,1978.3000000000002,49.03237037037037,45,0,2431.0,2461.0,2461.0,2431.0,1953.3000000000002,2003.3000000000002
39,82,2476.0,1978.3000000000002,53.00272727272726,44,0,2461.0,2491.0,2491.0,2461.0,1953.3000000000002,2003.3000000000002
39,83,2506.0,1978.3000000000002,55.35552631578947,38,0,2491.0,2521.0,2521.0,2491.0,1953.3000000000002,2003.3000000000002
39,84,2536.0,1978.3000000000002,57.16852941176471,34,0,2521.0,2551.0,2551.0,2521.0,1953.3000000000002,2003.3000000000002
39,85,2566.0,1978.3000000000002,59.15119047619047,42,0,2551.0,2581.0,2581.0,2551.0,1953.3000000000002,2003.3000000000002
39,86,2596.0,1978.3000000000002,52.09578947368423,38,0,2581.0,2611.0,2611.0,2581.0,1953.3000000000002,2003.3000000000002
39,87,2626.0,1978.3000000000002,53.6592857142857,42,0,2611.0,2641.0,2641.0,2611.0,1953.3000000000002,2003.3000000000002
39,88,2656.0,1978.3000000000002,53.612051282051276,39,0,2641.0,2671.0,2671.0,2641.0,1953.3000000000002,2003.3000000000002
39,89,2686.0,1978.3000000000002,55.21411764705881,34,0,2671.0,2701.0,2701.0,2671.0,1953.3000000000002,2003.3000000000002
39,90,2716.0,1978.3000000000002,53.62951219512194,41,0,2701.0,2731.0,2731.0,2701.0,1953.3000000000002,2003.3000000000002
39,91,2746.0,1978.3000000000002,52.739090909090905,33,0,2731.0,2761.0,2761.0,2731.0,1953.3000000000002,2003.3000000000002
39,92,2776.0,1978.3000000000002,53.10235294117648,34,0,2761.0,2791.0,2791.0,2761.0,1953.3000000000002,2003.3000000000002
39,93,2806.0,1978.3000000000002,48.62916666666666,36,0,2791.0,2821.0,2821.0,2791.0,1953.3000000000002,2003.3000000000002
39,94,2836.0,1978.3000000000002,48.47134615384617,52,0,2821.0,2851.0,2851.0,2821.0,1953.3000000000002,2003.3000000000002
39,95,2866.0,1978.3000000000002,53.20490842490843,39,0,2851.0,2881.0,2881.0,2851.0,1953.3000000000002,2003.3000000000002
39,96,2896.0,1978.3000000000002,47.19203125000001,64,0,2881.0,2911.0,2911.0,2881.0,1953.3000000000002,2003.3000000000002
39,97,2926.0,1978.3000000000002,55.31705882352941,34,0,2911.0,2941.0,2941.0,2911.0,1953.3000000000002,2003.3000000000002
39,98,2956.0,1978.3000000000002,49.90277777777778,36,0,2941.0,2971.0,2971.0,2941.0,1953.3000000000002,2003.3000000000002
39,99,2986.0,1978.3000000000002,48.31173913043479,46,0,2971.0,3001.0,3001.0,2971.0,1953.3000000000002,2003.3000000000002
39,100,3016.0,1978.3000000000002,51.362500000000004,48,0,3001.0,3031.0,3031.0,3001.0,1953.3000000000002,2003.3000000000002
39,101,3046.0,1978.3000000000002,53.3395918367347,49,0,3031.0,3061.0,3061.0,3031.0,1953.3000000000002,2003.3000000000002
39,102,3076.0,1978.3000000000002,48.94738095238095,42,0,3061.0,3091.0,3091.0,3061.0,1953.3000000000002,2003.3000000000002
39,103,3106.0,1978.3000000000002,47.69814814814814,54,0,3091.0,3121.0,3121.0,3091.0,1953.3000000000002,2003.3000000000002
39,104,3136.0,1978.3000000000002,43.45059999999999,50,0,3121.0,3151.0,3151.0,3121.0,1953.3000000000002,2003.3000000000002
39,105,3166.0,1978.3000000000002,45.90035087719298,57,0,3151.0,3181.0,3181.0,3151.0,1953.3000000000002,2003.3000000000002
39,106,3196.0,1978.3000000000002,46.06266666666667,45,0,3181.0,3211.0,3211.0,3181.0,1953.3000000000002,2003.3000000000002
39,107,3226.0,1978.3000000000002,48.78023255813953,43,0,3211.0,3241.0,3241.0,3211.0,1953.3000000000002,2003.3000000000002
39,108,3256.0,1978.3000000000002,53.09254826254826,37,0,3241.0,3271.0,3271.0,3241.0,1953.3000000000002,2003.3000000000002
39,109,3286.0,1978.3000000000002,53.69566666666666,30,0,3271.0,3301.0,3301.0,3271.0,1953.3000000000002,2003.3000000000002
39,110,3316.0,1978.3000000000002,42.62775510204082,49,0,3301.0,3331.0,3331.0,3301.0,1953.3000000000002,2003.3000000000002
39,111,3346.0,1978.3000000000002,47.96060000000001,50,0,3331.0,3361.0,3361.0,3331.0,1953.3000000000002,2003.3000000000002
39,112,3376.0,1978.3000000000002,49.04630434782611,46,0,3361.0,3391.0,3391.0,3361.0,1953.3000000000002,2003.3000000000002
39,113,3406.0,1978.3000000000002,53.46999999999999,52,0,3391.0,3421.0,3421.0,3391.0,1953.3000000000002,2003.3000000000002
39,114,3436.0,1978.3000000000002,55.91567567567568,37,0,3421.0,3451.0,3451.0,3421.0,1953.3000000000002,2003.3000000000002
39,115,3466.0,1978.3000000000002,54.78850000000001,40,0,3451.0,3481.0,3481.0,3451.0,1953.3000000000002,2003.3000000000002
39,116,3496.0,1978.3000000000002,56.13305555555555,36,0,3481.0,3511.0,3511.0,3481.0,1953.3000000000002,2003.3000000000002
39,117,3526.0,1978.3000000000002,56.95,35,0,3511.0,3541.0,3541.0,3511.0,1953.3000000000002,2003.3000000000002
39,118,3556.0,1978.3000000000002,52.44052631578947,38,0,3541.0,3571.0,3571.0,3541.0,1953.3000000000002,2003.3000000000002
39,119,3586.0,1978.3000000000002,51.552,40,0,3571.0,3601.0,3601.0,3571.0,1953.3000000000002,2003.3000000000002
39,120,3616.0,1978.3000000000002,56.43880952380953,42,0,3601.0,3631.0,3631.0,3601.0,1953.3000000000002,2003.3000000000002
39,121,3646.0,1978.3000000000002,58.09785714285714,42,0,3631.0,3661.0,3661.0,3631.0,1953.3000000000002,2003.3000000000002
39,122,3676.0,1978.3000000000002,54.7981081081081,37,0,3661.0,3691.0,3691.0,3661.0,1953.3000000000002,2003.3000000000002
39,123,3706.0,1978.3000000000002,52.11355555555556,45,0,3691.0,3721.0,3721.0,3691.0,1953.3000000000002,2003.3000000000002
39,124,3736.0,1978.3000000000002,55.77733333333334,30,0,3721.0,3751.0,3751.0,3721.0,1953.3000000000002,2003.3000000000002
39,125,3766.0,1978.3000000000002,54.24839999999998,25,0,3751.0,3781.0,3781.0,3751.0,1953.3000000000002,2003.3000000000002
39,126,3796.0,1978.3000000000002,50.498055555555545,36,0,3781.0,3811.0,3811.0,3781.0,1953.3000000000002,2003.3000000000002
39,127,3826.0,1978.3000000000002,50.39666666666667,3,0,3811.0,3841.0,3841.0,3811.0,1953.3000000000002,2003.3000000000002
40,0,16.0,2028.3000000000002,58.48653846153846,26,0,1.0,31.0,31.0,1.0,2003.3000000000002,2053.3
40,1,46.0,2028.3000000000002,63.614146341463396,41,0,31.0,61.0,61.0,31.0,2003.3000000000002,2053.3
40,2,76.0,2028.3000000000002,66.11681818181818,22,0,61.0,91.0,91.0,61.0,2003.3000000000002,2053.3
40,3,106.0,2028.3000000000002,69.59315789473685,19,0,91.0,121.0,121.0,91.0,2003.3000000000002,2053.3
40,4,136.0,2028.3000000000002,73.45791666666668,24,0,121.0,151.0,151.0,121.0,2003.3000000000002,2053.3
40,5,166.0,2028.3000000000002,79.01,11,0,151.0,181.0,181.0,151.0,2003.3000000000002,2053.3
40,6,196.0,2028.3000000000002,61.51944444444444,18,0,181.0,211.0,211.0,181.0,2003.3000000000002,2053.3
40,7,226.0,2028.3000000000002,53.07084745762712,59,0,211.0,241.0,241.0,211.0,2003.3000000000002,2053.3
40,8,256.0,2028.3000000000002,54.2551923076923,52,0,241.0,271.0,271.0,241.0,2003.3000000000002,2053.3
40,9,286.0,2028.3000000000002,72.43148148148148,27,0,271.0,301.0,301.0,271.0,2003.3000000000002,2053.3
40,10,316.0,2028.3000000000002,70.34722222222223,36,0,301.0,331.0,331.0,301.0,2003.3000000000002,2053.3
40,11,346.0,2028.3000000000002,76.635,12,0,331.0,361.0,361.0,331.0,2003.3000000000002,2053.3
40,12,376.0,2028.3000000000002,64.93428571428572,21,0,361.0,391.0,391.0,361.0,2003.3000000000002,2053.3
40,13,406.0,2028.3000000000002,68.86476190476189,21,0,391.0,421.0,421.0,391.0,2003.3000000000002,2053.3
40,14,436.0,2028.3000000000002,76.2965,20,0,421.0,451.0,451.0,421.0,2003.3000000000002,2053.3
40,15,466.0,2028.3000000000002,74.03833333333334,18,0,451.0,481.0,481.0,451.0,2003.3000000000002,2053.3
40,16,496.0,2028.3000000000002,75.27928571428572,14,0,481.0,511.0,511.0,481.0,2003.3000000000002,2053.3
40,17,526.0,2028.3000000000002,57.433921568627454,51,0,511.0,541.0,541.0,511.0,2003.3000000000002,2053.3
40,18,556.0,2028.3000000000002,58.629999999999995,36,0,541.0,571.0,571.0,541.0,2003.3000000000002,2053.3
40,19,586.0,2028.3000000000002,56.411914893617016,47,0,571.0,601.0,601.0,571.0,2003.3000000000002,2053.3
40,20,616.0,2028.3000000000002,58.3409756097561,41,0,601.0,631.0,631.0,601.0,2003.3000000000002,2053.3
40,21,646.0,2028.3000000000002,55.00886792452829,53,0,631.0,661.0,661.0,631.0,2003.3000000000002,2053.3
40,22,676.0,2028.3000000000002,56.640888888888874,45,0,661.0,691.0,691.0,661.0,2003.3000000000002,2053.3
40,23,706.0,2028.3000000000002,46.28081967213115,61,0,691.0,721.0,721.0,691.0,2003.3000000000002,2053.3
40,24,736.0,2028.3000000000002,44.53307692307692,52,0,721.0,751.0,751.0,721.0,2003.3000000000002,2053.3
40,25,766.0,2028.3000000000002,44.22926470588237,68,0,751.0,781.0,781.0,751.0,2003.3000000000002,2053.3
40,26,796.0,2028.3000000000002,54.652820512820504,39,0,781.0,811.0,811.0,781.0,2003.3000000000002,2053.3
40,27,826.0,2028.3000000000002,53.979574468085126,47,0,811.0,841.0,841.0,811.0,2003.3000000000002,2053.3
40,28,856.0,2028.3000000000002,53.58211538461538,52,0,841.0,871.0,871.0,841.0,2003.3000000000002,2053.3
40,29,886.0,2028.3000000000002,60.733333333333334,39,0,871.0,901.0,901.0,871.0,2003.3000000000002,2053.3
40,30,916.0,2028.3000000000002,58.860540540540555,37,0,901.0,931.0,931.0,901.0,2003.3000000000002,2053.3
40,31,946.0,2028.3000000000002,57.36775510204082,49,0,931.0,961.0,961.0,931.0,2003.3000000000002,2053.3
40,32,976.0,2028.3000000000002,53.432708333333345,48,0,961.0,991.0,991.0,961.0,2003.3000000000002,2053.3
40,33,1006.0,2028.3000000000002,53.63734693877551,49,0,991.0,1021.0,1021.0,991.0,2003.3000000000002,2053.3
40,34,1036.0,2028.3000000000002,53.63244897959185,49,0,1021.0,1051.0,1051.0,1021.0,2003.3000000000002,2053.3
40,35,1066.0,2028.3000000000002,50.858192090395484,59,0,1051.0,1081.0,1081.0,1051.0,2003.3000000000002,2053.3
40,36,1096.0,2028.3000000000002,55.655581395348825,43,0,1081.0,1111.0,1111.0,1081.0,2003.3000000000002,2053.3
40,37,1126.0,2028.3000000000002,57.567352941176466,34,0,1111.0,1141.0,1141.0,1111.0,2003.3000000000002,2053.3
40,38,1156.0,2028.3000000000002,55.52251207729468,46,0,1141.0,1171.0,1171.0,1141.0,2003.3000000000002,2053.3
40,39,1186.0,2028.3000000000002,59.19781249999998,32,0,1171.0,1201.0,1201.0,1171.0,2003.3000000000002,2053.3
40,40,1216.0,2028.3000000000002,53.539821428571415,56,0,1201.0,1231.0,1231.0,1201.0,2003.3000000000002,2053.3
40,41,1246.0,2028.3000000000002,48.74140350877193,57,0,1231.0,1261.0,1261.0,1231.0,2003.3000000000002,2053.3
40,42,1276.0,2028.3000000000002,50.813506493506495,44,0,1261.0,1291.0,1291.0,1261.0,2003.3000000000002,2053.3
40,43,1306.0,2028.3000000000002,53.30046511627907,43,0,1291.0,1321.0,1321.0,1291.0,2003.3000000000002,2053.3
40,44,1336.0,2028.3000000000002,54.845121951219504,41,0,1321.0,1351.0,1351.0,1321.0,2003.3000000000002,2053.3
40,45,1366.0,2028.3000000000002,50.94800000000001,40,0,1351.0,1381.0,1381.0,1351.0,2003.3000000000002,2053.3
40,46,1396.0,2028.3000000000002,49.315869565217405,46,0,1381.0,1411.0,1411.0,1381.0,2003.3000000000002,2053.3
40,47,1426.0,2028.3000000000002,56.256562499999994,32,0,1411.0,1441.0,1441.0,1411.0,2003.3000000000002,2053.3
40,48,1456.0,2028.3000000000002,49.88641791044776,67,0,1441.0,1471.0,1471.0,1441.0,2003.3000000000002,2053.3
40,49,1486.0,2028.3000000000002,53.173125,48,0,1471.0,1501.0,1501.0,1471.0,2003.3000000000002,2053.3
40,50,1516.0,2028.3000000000002,50.17104166666667,48,0,1501.0,1531.0,1531.0,1501.0,2003.3000000000002,2053.3
40,51,1546.0,2028.3000000000002,52.06642857142858,28,0,1531.0,1561.0,1561.0,1531.0,2003.3000000000002,2053.3
40,52,1576.0,2028.3000000000002,42.484632768361585,59,0,1561.0,1591.0,1591.0,1561.0,2003.3000000000002,2053.3
40,53,1606.0,2028.3000000000002,38.770985915492965,71,0,1591.0,1621.0,1621.0,1591.0,2003.3000000000002,2053.3
40,54,1636.0,2028.3000000000002,44.595,58,0,1621.0,1651.0,1651.0,1621.0,2003.3000000000002,2053.3
40,55,1666.0,2028.3000000000002,31.63136363636363,66,0,1651.0,1681.0,1681.0,1651.0,2003.3000000000002,2053.3
40,56,1696.0,2028.3000000000002,33.72492537313434,67,0,1681.0,1711.0,1711.0,1681.0,2003.3000000000002,2053.3
40,57,1726.0,2028.3000000000002,37.549322033898314,59,0,1711.0,1741.0,1741.0,1711.0,2003.3000000000002,2053.3
40,58,1756.0,2028.3000000000002,50.70142857142858,49,0,1741.0,1771.0,1771.0,1741.0,2003.3000000000002,2053.3
40,59,1786.0,2028.3000000000002,51.03365853658537,41,0,1771.0,1801.0,1801.0,1771.0,2003.3000000000002,2053.3
40,60,1816.0,2028.3000000000002,53.51782608695652,46,0,1801.0,1831.0,1831.0,1801.0,2003.3000000000002,2053.3
40,61,1846.0,2028.3000000000002,54.040571428571425,35,0,1831.0,1861.0,1861.0,1831.0,2003.3000000000002,2053.3
40,62,1876.0,2028.3000000000002,54.71257142857143,35,0,1861.0,1891.0,1891.0,1861.0,2003.3000000000002,2053.3
40,63,1906.0,2028.3000000000002,55.52696969696969,33,0,1891.0,1921.0,1921.0,1891.0,2003.3000000000002,2053.3
40,64,1936.0,2028.3000000000002,60.54870967741935,31,0,1921.0,1951.0,1951.0,1921.0,2003.3000000000002,2053.3
40,65,1966.0,2028.3000000000002,57.30419354838709,31,0,1951.0,1981.0,1981.0,1951.0,2003.3000000000002,2053.3
40,66,1996.0,2028.3000000000002,49.837608695652186,46,0,1981.0,2011.0,2011.0,1981.0,2003.3000000000002,2053.3
40,67,2026.0,2028.3000000000002,52.84699999999998,40,0,2011.0,2041.0,2041.0,2011.0,2003.3000000000002,2053.3
40,68,2056.0,2028.3000000000002,52.637083333333344,48,0,2041.0,2071.0,2071.0,2041.0,2003.3000000000002,2053.3
40,69,2086.0,2028.3000000000002,51.87243243243244,37,0,2071.0,2101.0,2101.0,2071.0,2003.3000000000002,2053.3
40,70,2116.0,2028.3000000000002,50.01272727272726,44,0,2101.0,2131.0,2131.0,2101.0,2003.3000000000002,2053.3
40,71,2146.0,2028.3000000000002,49.472,35,0,2131.0,2161.0,2161.0,2131.0,2003.3000000000002,2053.3
40,72,2176.0,2028.3000000000002,53.69304347826087,46,0,2161.0,2191.0,2191.0,2161.0,2003.3000000000002,2053.3
40,73,2206.0,2028.3000000000002,49.64466666666667,45,0,2191.0,2221.0,2221.0,2191.0,2003.3000000000002,2053.3
40,74,2236.0,2028.3000000000002,51.77121951219512,41,0,2221.0,2251.0,2251.0,2221.0,2003.3000000000002,2053.3
40,75,2266.0,2028.3000000000002,49.222162162162164,37,0,2251.0,2281.0,2281.0,2251.0,2003.3000000000002,2053.3
40,76,2296.0,2028.3000000000002,52.46966666666666,30,0,2281.0,2311.0,2311.0,2281.0,2003.3000000000002,2053.3
40,77,2326.0,2028.3000000000002,44.36170212765956,47,0,2311.0,2341.0,2341.0,2311.0,2003.3000000000002,2053.3
40,78,2356.0,2028.3000000000002,48.7481818181818,44,0,2341.0,2371.0,2371.0,2341.0,2003.3000000000002,2053.3
40,79,2386.0,2028.3000000000002,56.18717948717949,39,0,2371.0,2401.0,2401.0,2371.0,2003.3000000000002,2053.3
40,80,2416.0,2028.3000000000002,50.67933333333334,30,0,2401.0,2431.0,2431.0,2401.0,2003.3000000000002,2053.3
40,81,2446.0,2028.3000000000002,46.58309523809525,42,0,2431.0,2461.0,2461.0,2431.0,2003.3000000000002,2053.3
40,82,2476.0,2028.3000000000002,49.26238095238093,42,0,2461.0,2491.0,2491.0,2461.0,2003.3000000000002,2053.3
40,83,2506.0,2028.3000000000002,53.44822222222221,45,0,2491.0,2521.0,2521.0,2491.0,2003.3000000000002,2053.3
40,84,2536.0,2028.3000000000002,56.747428571428564,35,0,2521.0,2551.0,2551.0,2521.0,2003.3000000000002,2053.3
40,85,2566.0,2028.3000000000002,58.74214285714286,42,0,2551.0,2581.0,2581.0,2551.0,2003.3000000000002,2053.3
40,86,2596.0,2028.3000000000002,51.678157894736835,38,0,2581.0,2611.0,2611.0,2581.0,2003.3000000000002,2053.3
40,87,2626.0,2028.3000000000002,51.02086956521738,46,0,2611.0,2641.0,2641.0,2611.0,2003.3000000000002,2053.3
40,88,2656.0,2028.3000000000002,53.187948717948714,39,0,2641.0,2671.0,2671.0,2641.0,2003.3000000000002,2053.3
40,89,2686.0,2028.3000000000002,54.04972972972971,37,0,2671.0,2701.0,2701.0,2671.0,2003.3000000000002,2053.3
40,90,2716.0,2028.3000000000002,53.58355555555556,45,0,2701.0,2731.0,2731.0,2701.0,2003.3000000000002,2053.3
40,91,2746.0,2028.3000000000002,53.1190322580645,31,0,2731.0,2761.0,2761.0,2731.0,2003.3000000000002,2053.3
40,92,2776.0,2028.3000000000002,52.91187500000001,32,0,2761.0,2791.0,2791.0,2761.0,2003.3000000000002,2053.3
40,93,2806.0,2028.3000000000002,51.297999999999995,35,0,2791.0,2821.0,2821.0,2791.0,2003.3000000000002,2053.3
40,94,2836.0,2028.3000000000002,48.052857142857135,49,0,2821.0,2851.0,2851.0,2821.0,2003.3000000000002,2053.3
40,95,2866.0,2028.3000000000002,52.26999999999999,46,0,2851.0,2881.0,2881.0,2851.0,2003.3000000000002,2053.3
40,96,2896.0,2028.3000000000002,48.14476923076924,65,0,2881.0,2911.0,2911.0,2881.0,2003.3000000000002,2053.3
40,97,2926.0,2028.3000000000002,51.84041666666666,48,0,2911.0,2941.0,2941.0,2911.0,2003.3000000000002,2053.3
40,98,2956.0,2028.3000000000002,50.945,36,0,2941.0,2971.0,2971.0,2941.0,2003.3000000000002,2053.3
40,99,2986.0,2028.3000000000002,47.53854166666665,48,0,2971.0,3001.0,3001.0,2971.0,2003.3000000000002,2053.3
40,100,3016.0,2028.3000000000002,51.57653846153846,52,0,3001.0,3031.0,3031.0,3001.0,2003.3000000000002,2053.3
40,101,3046.0,2028.3000000000002,51.63060606060605,44,0,3031.0,3061.0,3061.0,3031.0,2003.3000000000002,2053.3
40,102,3076.0,2028.3000000000002,49.377500000000026,44,0,3061.0,3091.0,3091.0,3061.0,2003.3000000000002,2053.3
40,103,3106.0,2028.3000000000002,48.31245283018867,53,0,3091.0,3121.0,3121.0,3091.0,2003.3000000000002,2053.3
40,104,3136.0,2028.3000000000002,44.18508771929825,57,0,3121.0,3151.0,3151.0,3121.0,2003.3000000000002,2053.3
40,105,3166.0,2028.3000000000002,44.95178571428573,56,0,3151.0,3181.0,3181.0,3151.0,2003.3000000000002,2053.3
40,106,3196.0,2028.3000000000002,45.78520000000001,50,0,3181.0,3211.0,3211.0,3181.0,2003.3000000000002,2053.3
40,107,3226.0,2028.3000000000002,47.05574468085107,47,0,3211.0,3241.0,3241.0,3211.0,2003.3000000000002,2053.3
40,108,3256.0,2028.3000000000002,53.589999999999996,36,0,3241.0,3271.0,3271.0,3241.0,2003.3000000000002,2053.3
40,109,3286.0,2028.3000000000002,52.29323529411765,34,0,3271.0,3301.0,3301.0,3271.0,2003.3000000000002,2053.3
40,110,3316.0,2028.3000000000002,44.8212765957447,47,0,3301.0,3331.0,3331.0,3301.0,2003.3000000000002,2053.3
40,111,3346.0,2028.3000000000002,44.53517241379309,58,0,3331.0,3361.0,3361.0,3331.0,2003.3000000000002,2053.3
40,112,3376.0,2028.3000000000002,49.78286458333333,48,0,3361.0,3391.0,3391.0,3361.0,2003.3000000000002,2053.3
40,113,3406.0,2028.3000000000002,50.82278846153846,52,0,3391.0,3421.0,3421.0,3391.0,2003.3000000000002,2053.3
40,114,3436.0,2028.3000000000002,55.71588235294117,34,0,3421.0,3451.0,3451.0,3421.0,2003.3000000000002,2053.3
40,115,3466.0,2028.3000000000002,53.42367346938775,49,0,3451.0,3481.0,3481.0,3451.0,2003.3000000000002,2053.3
40,116,3496.0,2028.3000000000002,55.01649999999999,40,0,3481.0,3511.0,3511.0,3481.0,2003.3000000000002,2053.3
40,117,3526.0,2028.3000000000002,55.94170731707319,41,0,3511.0,3541.0,3541.0,3511.0,2003.3000000000002,2053.3
40,118,3556.0,2028.3000000000002,51.831612903225796,31,0,3541.0,3571.0,3571.0,3541.0,2003.3000000000002,2053.3
40,119,3586.0,2028.3000000000002,50.56611111111111,54,0,3571.0,3601.0,3601.0,3571.0,2003.3000000000002,2053.3
40,120,3616.0,2028.3000000000002,55.3193023255814,43,0,3601.0,3631.0,3631.0,3601.0,2003.3000000000002,2053.3
40,121,3646.0,2028.3000000000002,56.43642857142858,42,0,3631.0,3661.0,3661.0,3631.0,2003.3000000000002,2053.3
40,122,3676.0,2028.3000000000002,55.04606060606061,33,0,3661.0,3691.0,3691.0,3661.0,2003.3000000000002,2053.3
40,123,3706.0,2028.3000000000002,50.77652777777778,48,0,3691.0,3721.0,3721.0,3691.0,2003.3000000000002,2053.3
40,124,3736.0,2028.3000000000002,53.032051282051285,39,0,3721.0,3751.0,3751.0,3721.0,2003.3000000000002,2053.3
40,125,3766.0,2028.3000000000002,56.661481481481495,27,0,3751.0,3781.0,3781.0,3751.0,2003.3000000000002,2053.3
40,126,3796.0,2028.3000000000002,52.26343750000001,32,0,3781.0,3811.0,3811.0,3781.0,2003.3000000000002,2053.3
40,127,3826.0,2028.3000000000002,47.94499999999999,12,0,3811.0,3841.0,3841.0,3811.0,2003.3000000000002,2053.3
41,0,16.0,2063.064285714285,58.35456790123457,9,0,1.0,31.0,31.0,1.0,2053.3,2072.82857142857
41,1,46.0,2063.064285714285,62.98594246031745,16,0,31.0,61.0,61.0,31.0,2053.3,2072.82857142857
41,2,76.0,2063.064285714285,65.39441666666667,10,0,61.0,91.0,91.0,61.0,2053.3,2072.82857142857
41,3,106.0,2063.064285714285,69.20046296296297,9,0,91.0,121.0,121.0,91.0,2053.3,2072.82857142857
41,4,136.0,2063.064285714285,73.95294146825395,8,0,121.0,151.0,151.0,121.0,2053.3,2072.82857142857
41,5,166.0,2063.064285714285,75.81347222222223,4,0,151.0,181.0,181.0,151.0,2053.3,2072.82857142857
41,6,196.0,2063.064285714285,60.29652777777777,4,0,181.0,211.0,211.0,181.0,2053.3,2072.82857142857
41,7,226.0,2063.064285714285,53.981450396825394,20,0,211.0,241.0,241.0,211.0,2053.3,2072.82857142857
41,8,256.0,2063.064285714285,54.1493364197531,18,0,241.0,271.0,271.0,241.0,2053.3,2072.82857142857
41,9,286.0,2063.064285714285,70.40436011904762,8,0,271.0,301.0,301.0,271.0,2053.3,2072.82857142857
41,10,316.0,2063.064285714285,70.11871693121692,12,0,301.0,331.0,331.0,301.0,2053.3,2072.82857142857
41,11,346.0,2063.064285714285,77.481,5,0,331.0,361.0,361.0,331.0,2053.3,2072.82857142857
41,12,376.0,2063.064285714285,62.013061224489796,7,0,361.0,391.0,391.0,361.0,2053.3,2072.82857142857
41,13,406.0,2063.064285714285,64.94488095238096,6,0,391.0,421.0,421.0,391.0,2053.3,2072.82857142857
41,14,436.0,2063.064285714285,74.22017857142856,8,0,421.0,451.0,451.0,421.0,2053.3,2072.82857142857
41,15,466.0,2063.064285714285,73.41102040816327,7,0,451.0,481.0,481.0,451.0,2053.3,2072.82857142857
41,16,496.0,2063.064285714285,76.35666666666667,4,0,481.0,511.0,511.0,481.0,2053.3,2072.82857142857
41,17,526.0,2063.064285714285,56.082879188712525,18,0,511.0,541.0,541.0,511.0,2053.3,2072.82857142857
41,18,556.0,2063.064285714285,59.83095238095238,14,0,541.0,571.0,571.0,541.0,2053.3,2072.82857142857
41,19,586.0,2063.064285714285,56.66418803418804,13,0,571.0,601.0,601.0,571.0,2053.3,2072.82857142857
41,20,616.0,2063.064285714285,57.22488425925928,12,0,601.0,631.0,631.0,601.0,2053.3,2072.82857142857
41,21,646.0,2063.064285714285,56.33820175438597,19,0,631.0,661.0,661.0,631.0,2053.3,2072.82857142857
41,22,676.0,2063.064285714285,56.16597222222221,16,0,661.0,691.0,691.0,661.0,2053.3,2072.82857142857
41,23,706.0,2063.064285714285,45.91955782312925,21,0,691.0,721.0,721.0,691.0,2053.3,2072.82857142857
41,24,736.0,2063.064285714285,44.531089285714295,20,0,721.0,751.0,751.0,721.0,2053.3,2072.82857142857
41,25,766.0,2063.064285714285,46.76002587991719,23,0,751.0,781.0,781.0,751.0,2053.3,2072.82857142857
41,26,796.0,2063.064285714285,52.640763888888884,16,0,781.0,811.0,811.0,781.0,2053.3,2072.82857142857
41,27,826.0,2063.064285714285,55.56507142857143,15,0,811.0,841.0,841.0,811.0,2053.3,2072.82857142857
41,28,856.0,2063.064285714285,53.535208333333344,20,0,841.0,871.0,871.0,841.0,2053.3,2072.82857142857
41,29,886.0,2063.064285714285,61.257488328664806,17,0,871.0,901.0,901.0,871.0,2053.3,2072.82857142857
41,30,916.0,2063.064285714285,59.39204232804233,15,0,901.0,931.0,931.0,901.0,2053.3,2072.82857142857
41,31,946.0,2063.064285714285,57.941455026455024,18,0,931.0,961.0,961.0,931.0,2053.3,2072.82857142857
41,32,976.0,2063.064285714285,54.06651171579743,21,0,961.0,991.0,991.0,961.0,2053.3,2072.82857142857
41,33,1006.0,2063.064285714285,54.12777777777779,15,0,991.0,1021.0,1021.0,991.0,2053.3,2072.82857142857
41,34,1036.0,2063.064285714285,55.21938095238096,20,0,1021.0,1051.0,1051.0,1021.0,2053.3,2072.82857142857
41,35,1066.0,2063.064285714285,53.02528571428571,15,0,1051.0,1081.0,1081.0,1051.0,2053.3,2072.82857142857
41,36,1096.0,2063.064285714285,54.91463718820863,14,0,1081.0,1111.0,1111.0,1081.0,2053.3,2072.82857142857
41,37,1126.0,2063.064285714285,56.48904761904763,13,0,1111.0,1141.0,1141.0,1111.0,2053.3,2072.82857142857
41,38,1156.0,2063.064285714285,56.124995039682545,16,0,1141.0,1171.0,1171.0,1141.0,2053.3,2072.82857142857
41,39,1186.0,2063.064285714285,57.7003373015873,14,0,1171.0,1201.0,1201.0,1171.0,2053.3,2072.82857142857
41,40,1216.0,2063.064285714285,55.28238095238095,17,0,1201.0,1231.0,1231.0,1201.0,2053.3,2072.82857142857
41,41,1246.0,2063.064285714285,49.47999164578112,19,0,1231.0,1261.0,1261.0,1231.0,2053.3,2072.82857142857
41,42,1276.0,2063.064285714285,50.91690170940171,13,0,1261.0,1291.0,1291.0,1261.0,2053.3,2072.82857142857
41,43,1306.0,2063.064285714285,53.44549019607844,17,0,1291.0,1321.0,1321.0,1291.0,2053.3,2072.82857142857
41,44,1336.0,2063.064285714285,55.464594017094015,13,0,1321.0,1351.0,1351.0,1321.0,2053.3,2072.82857142857
41,45,1366.0,2063.064285714285,52.99084415584416,11,0,1351.0,1381.0,1381.0,1351.0,2053.3,2072.82857142857
41,46,1396.0,2063.064285714285,50.61091736694679,17,0,1381.0,1411.0,1411.0,1381.0,2053.3,2072.82857142857
41,47,1426.0,2063.064285714285,55.96149999999999,15,0,1411.0,1441.0,1441.0,1411.0,2053.3,2072.82857142857
41,48,1456.0,2063.064285714285,50.32797619047617,22,0,1441.0,1471.0,1471.0,1441.0,2053.3,2072.82857142857
41,49,1486.0,2063.064285714285,53.35435463659148,19,0,1471.0,1501.0,1501.0,1471.0,2053.3,2072.82857142857
41,50,1516.0,2063.064285714285,50.450624999999995,20,0,1501.0,1531.0,1531.0,1501.0,2053.3,2072.82857142857
41,51,1546.0,2063.064285714285,52.20275974025974,11,0,1531.0,1561.0,1561.0,1531.0,2053.3,2072.82857142857
41,52,1576.0,2063.064285714285,44.54460978835977,24,0,1561.0,1591.0,1591.0,1561.0,2053.3,2072.82857142857
41,53,1606.0,2063.064285714285,40.57225672877848,23,0,1591.0,1621.0,1621.0,1591.0,2053.3,2072.82857142857
41,54,1636.0,2063.064285714285,42.313210835058655,23,0,1621.0,1651.0,1651.0,1621.0,2053.3,2072.82857142857
41,55,1666.0,2063.064285714285,31.293104761904765,25,0,1651.0,1681.0,1681.0,1651.0,2053.3,2072.82857142857
41,56,1696.0,2063.064285714285,36.665462962962955,24,0,1681.0,1711.0,1711.0,1681.0,2053.3,2072.82857142857
41,57,1726.0,2063.064285714285,37.287257142857136,25,0,1711.0,1741.0,1741.0,1711.0,2053.3,2072.82857142857
41,58,1756.0,2063.064285714285,48.31754385964911,19,0,1741.0,1771.0,1771.0,1741.0,2053.3,2072.82857142857
41,59,1786.0,2063.064285714285,51.29761204481794,17,0,1771.0,1801.0,1801.0,1771.0,2053.3,2072.82857142857
41,60,1816.0,2063.064285714285,53.371058201058204,15,0,1801.0,1831.0,1831.0,1801.0,2053.3,2072.82857142857
41,61,1846.0,2063.064285714285,54.2322544642857,16,0,1831.0,1861.0,1861.0,1831.0,2053.3,2072.82857142857
41,62,1876.0,2063.064285714285,54.97602564102563,13,0,1861.0,1891.0,1891.0,1861.0,2053.3,2072.82857142857
41,63,1906.0,2063.064285714285,55.236654456654456,13,0,1891.0,1921.0,1921.0,1891.0,2053.3,2072.82857142857
41,64,1936.0,2063.064285714285,61.49095238095238,10,0,1921.0,1951.0,1951.0,1921.0,2053.3,2072.82857142857
41,65,1966.0,2063.064285714285,57.58813852813852,11,0,1951.0,1981.0,1981.0,1951.0,2053.3,2072.82857142857
41,66,1996.0,2063.064285714285,50.45758928571429,20,0,1981.0,2011.0,2011.0,1981.0,2053.3,2072.82857142857
41,67,2026.0,2063.064285714285,52.317718253968245,16,0,2011.0,2041.0,2041.0,2011.0,2053.3,2072.82857142857
41,68,2056.0,2063.064285714285,52.415,18,0,2041.0,2071.0,2071.0,2041.0,2053.3,2072.82857142857
41,69,2086.0,2063.064285714285,53.82421428571429,10,0,2071.0,2101.0,2101.0,2071.0,2053.3,2072.82857142857
41,70,2116.0,2063.064285714285,50.32108395989974,19,0,2101.0,2131.0,2131.0,2101.0,2053.3,2072.82857142857
41,71,2146.0,2063.064285714285,49.49974603174602,15,0,2131.0,2161.0,2161.0,2131.0,2053.3,2072.82857142857
41,72,2176.0,2063.064285714285,51.351928104575165,17,0,2161.0,2191.0,2191.0,2161.0,2053.3,2072.82857142857
41,73,2206.0,2063.064285714285,50.22193121693121,18,0,2191.0,2221.0,2221.0,2191.0,2053.3,2072.82857142857
41,74,2236.0,2063.064285714285,48.12275321239607,21,0,2221.0,2251.0,2251.0,2221.0,2053.3,2072.82857142857
41,75,2266.0,2063.064285714285,47.57798611111111,12,0,2251.0,2281.0,2281.0,2251.0,2053.3,2072.82857142857
41,76,2296.0,2063.064285714285,52.508110119047615,16,0,2281.0,2311.0,2311.0,2281.0,2053.3,2072.82857142857
41,77,2326.0,2063.064285714285,44.963159486016636,21,0,2311.0,2341.0,2341.0,2311.0,2053.3,2072.82857142857
41,78,2356.0,2063.064285714285,48.20609623015874,16,0,2341.0,2371.0,2371.0,2341.0,2053.3,2072.82857142857
41,79,2386.0,2063.064285714285,53.940287114845944,17,0,2371.0,2401.0,2401.0,2371.0,2053.3,2072.82857142857
41,80,2416.0,2063.064285714285,52.903217893217885,11,0,2401.0,2431.0,2431.0,2401.0,2053.3,2072.82857142857
41,81,2446.0,2063.064285714285,46.708857142857134,15,0,2431.0,2461.0,2461.0,2431.0,2053.3,2072.82857142857
41,82,2476.0,2063.064285714285,46.816447368421045,19,0,2461.0,2491.0,2491.0,2461.0,2053.3,2072.82857142857
41,83,2506.0,2063.064285714285,51.769400584795314,19,0,2491.0,2521.0,2521.0,2491.0,2053.3,2072.82857142857
41,84,2536.0,2063.064285714285,55.892949735449726,15,0,2521.0,2551.0,2551.0,2521.0,2053.3,2072.82857142857
41,85,2566.0,2063.064285714285,58.03747023809523,16,0,2551.0,2581.0,2581.0,2551.0,2053.3,2072.82857142857
41,86,2596.0,2063.064285714285,52.291071428571435,13,0,2581.0,2611.0,2611.0,2581.0,2053.3,2072.82857142857
41,87,2626.0,2063.064285714285,50.15215277777778,20,0,2611.0,2641.0,2641.0,2611.0,2053.3,2072.82857142857
41,88,2656.0,2063.064285714285,53.82665445665445,13,0,2641.0,2671.0,2671.0,2641.0,2053.3,2072.82857142857
41,89,2686.0,2063.064285714285,52.092638888888885,16,0,2671.0,2701.0,2701.0,2671.0,2053.3,2072.82857142857
41,90,2716.0,2063.064285714285,55.22350446428571,16,0,2701.0,2731.0,2731.0,2701.0,2053.3,2072.82857142857
41,91,2746.0,2063.064285714285,52.7905772005772,11,0,2731.0,2761.0,2761.0,2731.0,2053.3,2072.82857142857
41,92,2776.0,2063.064285714285,52.99169576719577,15,0,2761.0,2791.0,2791.0,2761.0,2053.3,2072.82857142857
41,93,2806.0,2063.064285714285,53.25268518518519,12,0,2791.0,2821.0,2821.0,2791.0,2053.3,2072.82857142857
41,94,2836.0,2063.064285714285,49.645735449735454,15,0,2821.0,2851.0,2851.0,2821.0,2053.3,2072.82857142857
41,95,2866.0,2063.064285714285,52.33195767195768,18,0,2851.0,2881.0,2881.0,2851.0,2053.3,2072.82857142857
41,96,2896.0,2063.064285714285,48.85294168391995,23,0,2881.0,2911.0,2911.0,2881.0,2053.3,2072.82857142857
41,97,2926.0,2063.064285714285,50.128132936507924,20,0,2911.0,2941.0,2941.0,2911.0,2053.3,2072.82857142857
41,98,2956.0,2063.064285714285,51.219935064935065,11,0,2941.0,2971.0,2971.0,2941.0,2053.3,2072.82857142857
41,99,2986.0,2063.064285714285,47.317647058823525,17,0,2971.0,3001.0,3001.0,2971.0,2053.3,2072.82857142857
41,100,3016.0,2063.064285714285,52.619769119769124,22,0,3001.0,3031.0,3031.0,3001.0,2053.3,2072.82857142857
41,101,3046.0,2063.064285714285,51.64042857142857,20,0,3031.0,3061.0,3061.0,3031.0,2053.3,2072.82857142857
41,102,3076.0,2063.064285714285,50.24993197278912,14,0,3061.0,3091.0,3091.0,3061.0,2053.3,2072.82857142857
41,103,3106.0,2063.064285714285,48.91568542568544,22,0,3091.0,3121.0,3121.0,3091.0,2053.3,2072.82857142857
41,104,3136.0,2063.064285714285,44.701164021164026,18,0,3121.0,3151.0,3151.0,3121.0,2053.3,2072.82857142857
41,105,3166.0,2063.064285714285,43.56257142857142,25,0,3151.0,3181.0,3181.0,3151.0,2053.3,2072.82857142857
41,106,3196.0,2063.064285714285,45.56871848739496,17,0,3181.0,3211.0,3211.0,3181.0,2053.3,2072.82857142857
41,107,3226.0,2063.064285714285,45.738091060985795,19,0,3211.0,3241.0,3241.0,3211.0,2053.3,2072.82857142857
41,108,3256.0,2063.064285714285,54.90402777777778,12,0,3241.0,3271.0,3271.0,3241.0,2053.3,2072.82857142857
41,109,3286.0,2063.064285714285,51.76627289377289,13,0,3271.0,3301.0,3301.0,3271.0,2053.3,2072.82857142857
41,110,3316.0,2063.064285714285,50.05545454545456,11,0,3301.0,3331.0,3331.0,3301.0,2053.3,2072.82857142857
41,111,3346.0,2063.064285714285,41.592277432712216,23,0,3331.0,3361.0,3361.0,3331.0,2053.3,2072.82857142857
41,112,3376.0,2063.064285714285,49.978888888888896,13,0,3361.0,3391.0,3391.0,3361.0,2053.3,2072.82857142857
41,113,3406.0,2063.064285714285,49.496844193817886,19,0,3391.0,3421.0,3421.0,3391.0,2053.3,2072.82857142857
41,114,3436.0,2063.064285714285,55.830681216931225,12,0,3421.0,3451.0,3451.0,3421.0,2053.3,2072.82857142857
41,115,3466.0,2063.064285714285,51.969982363315694,18,0,3451.0,3481.0,3481.0,3451.0,2053.3,2072.82857142857
41,116,3496.0,2063.064285714285,55.69134615384615,13,0,3481.0,3511.0,3511.0,3481.0,2053.3,2072.82857142857
41,117,3526.0,2063.064285714285,56.369040404040405,11,0,3511.0,3541.0,3541.0,3511.0,2053.3,2072.82857142857
41,118,3556.0,2063.064285714285,53.30747023809523,12,0,3541.0,3571.0,3571.0,3541.0,2053.3,2072.82857142857
41,119,3586.0,2063.064285714285,51.93103703703705,15,0,3571.0,3601.0,3601.0,3571.0,2053.3,2072.82857142857
41,120,3616.0,2063.064285714285,53.46794708994709,15,0,3601.0,3631.0,3631.0,3601.0,2053.3,2072.82857142857
41,121,3646.0,2063.064285714285,55.606862745098034,17,0,3631.0,3661.0,3661.0,3631.0,2053.3,2072.82857142857
41,122,3676.0,2063.064285714285,56.058037240537246,13,0,3661.0,3691.0,3691.0,3661.0,2053.3,2072.82857142857
41,123,3706.0,2063.064285714285,51.61624999999999,12,0,3691.0,3721.0,3721.0,3691.0,2053.3,2072.82857142857
41,124,3736.0,2063.064285714285,49.4510873015873,15,0,3721.0,3751.0,3751.0,3721.0,2053.3,2072.82857142857
41,125,3766.0,2063.064285714285,57.537083333333335,8,0,3751.0,3781.0,3781.0,3751.0,2053.3,2072.82857142857
41,126,3796.0,2063.064285714285,52.63100529100527,15,0,3781.0,3811.0,3811.0,3781.0,2053.3,2072.82857142857
41,127,3826.0,2063.064285714285,48.06187499999999,4,0,3811.0,3841.0,3841.0,3811.0,2053.3,2072.82857142857
