space_index,time_index,time_center_s,location_center_m,speed_kmh,sample_count,filled,t_bottom_left_s,t_bottom_right_s,t_top_right_s,t_top_left_s,x_bottom_m,x_top_m
0,0,16.0,28.449999999999818,69.81493055555555,24,0,1.0,31.0,31.0,1.0,3.44999999999982,53.44999999999982
0,1,46.0,28.449999999999818,67.75880952380952,14,0,31.0,61.0,61.0,31.0,3.44999999999982,53.44999999999982
0,2,76.0,28.449999999999818,64.8177564102564,26,0,61.0,91.0,91.0,61.0,3.44999999999982,53.44999999999982
0,3,106.0,28.449999999999818,60.277727370227375,37,0,91.0,121.0,121.0,91.0,3.44999999999982,53.44999999999982
0,4,136.0,28.449999999999818,63.5861968766001,31,0,121.0,151.0,151.0,121.0,3.44999999999982,53.44999999999982
0,5,166.0,28.449999999999818,72.80146464646465,11,0,151.0,181.0,181.0,151.0,3.44999999999982,53.44999999999982
0,6,196.0,28.449999999999818,62.13243827160495,27,0,181.0,211.0,211.0,181.0,3.44999999999982,53.44999999999982
0,7,226.0,28.449999999999818,65.43568555008208,29,0,211.0,241.0,241.0,211.0,3.44999999999982,53.44999999999982
0,8,256.0,28.449999999999818,68.26451690821256,23,0,241.0,271.0,271.0,241.0,3.44999999999982,53.44999999999982
0,9,286.0,28.449999999999818,67.51881084656084,30,0,271.0,301.0,301.0,271.0,3.44999999999982,53.44999999999982
0,10,316.0,28.449999999999818,56.10204212454213,39,0,301.0,331.0,331.0,301.0,3.44999999999982,53.44999999999982
0,11,346.0,28.449999999999818,77.8070767195767,12,0,331.0,361.0,361.0,331.0,3.44999999999982,53.44999999999982
0,12,376.0,28.449999999999818,66.48586734693879,21,0,361.0,391.0,391.0,361.0,3.44999999999982,53.44999999999982
0,13,406.0,28.449999999999818,67.61620490620493,22,0,391.0,421.0,421.0,391.0,3.44999999999982,53.44999999999982
0,14,436.0,28.449999999999818,60.541743326118315,44,0,421.0,451.0,451.0,421.0,3.44999999999982,53.44999999999982
0,15,466.0,28.449999999999818,65.13325714285715,25,0,451.0,481.0,481.0,451.0,3.44999999999982,53.44999999999982
0,16,496.0,28.449999999999818,69.33076023391813,19,0,481.0,511.0,511.0,481.0,3.44999999999982,53.44999999999982
0,17,526.0,28.449999999999818,72.53605158730159,16,0,511.0,541.0,541.0,511.0,3.44999999999982,53.44999999999982
0,18,556.0,28.449999999999818,63.323339438339424,26,0,541.0,571.0,571.0,541.0,3.44999999999982,53.44999999999982
0,19,586.0,28.449999999999818,65.75894179894179,21,0,571.0,601.0,601.0,571.0,3.44999999999982,53.44999999999982
0,20,616.0,28.449999999999818,64.79298245614035,19,0,601.0,631.0,631.0,601.0,3.44999999999982,53.44999999999982
0,21,646.0,28.449999999999818,64.34776785714284,28,0,631.0,661.0,661.0,631.0,3.44999999999982,53.44999999999982
0,22,676.0,28.449999999999818,68.84490842490843,13,0,661.0,691.0,691.0,661.0,3.44999999999982,53.44999999999982
0,23,706.0,28.449999999999818,69.98985294117647,17,0,691.0,721.0,721.0,691.0,3.44999999999982,53.44999999999982
0,24,736.0,28.449999999999818,61.82417989417988,27,0,721.0,751.0,751.0,721.0,3.44999999999982,53.44999999999982
0,25,766.0,28.449999999999818,60.226777087646646,23,0,751.0,781.0,781.0,751.0,3.44999999999982,53.44999999999982
0,26,796.0,28.449999999999818,61.3430612244898,28,0,781.0,811.0,811.0,781.0,3.44999999999982,53.44999999999982
0,27,826.0,28.449999999999818,65.69062216553287,28,0,811.0,841.0,841.0,811.0,3.44999999999982,53.44999999999982
0,28,856.0,28.449999999999818,58.320706349206354,35,0,841.0,871.0,871.0,841.0,3.44999999999982,53.44999999999982
0,29,886.0,28.449999999999818,55.471974448315905,41,0,871.0,901.0,901.0,871.0,3.44999999999982,53.44999999999982
0,30,916.0,28.449999999999818,59.283089225589215,33,0,901.0,931.0,931.0,901.0,3.44999999999982,53.44999999999982
0,31,946.0,28.449999999999818,67.298059732665,19,0,931.0,961.0,961.0,931.0,3.44999999999982,53.44999999999982
0,32,976.0,28.449999999999818,62.546419753086425,27,0,961.0,991.0,991.0,961.0,3.44999999999982,53.44999999999982
0,33,1006.0,28.449999999999818,67.71020923520925,22,0,991.0,1021.0,1021.0,991.0,3.44999999999982,53.44999999999982
0,34,1036.0,28.449999999999818,71.70829629629631,15,0,1021.0,1051.0,1051.0,1021.0,3.44999999999982,53.44999999999982
0,35,1066.0,28.449999999999818,68.47328320802004,19,0,1051.0,1081.0,1081.0,1051.0,3.44999999999982,53.44999999999982
0,36,1096.0,28.449999999999818,67.44853535353536,22,0,1081.0,1111.0,1111.0,1081.0,3.44999999999982,53.44999999999982
0,37,1126.0,28.449999999999818,67.0297802197802,13,0,1111.0,1141.0,1141.0,1111.0,3.44999999999982,53.44999999999982
0,38,1156.0,28.449999999999818,64.62557907113462,27,0,1141.0,1171.0,1171.0,1141.0,3.44999999999982,53.44999999999982
0,39,1186.0,28.449999999999818,66.08254901960784,17,0,1171.0,1201.0,1201.0,1171.0,3.44999999999982,53.44999999999982
0,40,1216.0,28.449999999999818,62.845310618500264,29,0,1201.0,1231.0,1231.0,1201.0,3.44999999999982,53.44999999999982
0,41,1246.0,28.449999999999818,61.74892063492063,15,0,1231.0,1261.0,1261.0,1231.0,3.44999999999982,53.44999999999982
0,42,1276.0,28.449999999999818,61.136214896214895,26,0,1261.0,1291.0,1291.0,1261.0,3.44999999999982,53.44999999999982
0,43,1306.0,28.449999999999818,62.44597777777779,25,0,1291.0,1321.0,1321.0,1291.0,3.44999999999982,53.44999999999982
0,44,1336.0,28.449999999999818,66.75241587301589,25,0,1321.0,1351.0,1351.0,1321.0,3.44999999999982,53.44999999999982
0,45,1366.0,28.449999999999818,60.94155529953917,31,0,1351.0,1381.0,1381.0,1351.0,3.44999999999982,53.44999999999982
0,46,1396.0,28.449999999999818,65.61048185941041,28,0,1381.0,1411.0,1411.0,1381.0,3.44999999999982,53.44999999999982
0,47,1426.0,28.449999999999818,71.31960526315791,19,0,1411.0,1441.0,1441.0,1411.0,3.44999999999982,53.44999999999982
0,48,1456.0,28.449999999999818,70.26883040935672,19,0,1441.0,1471.0,1471.0,1441.0,3.44999999999982,53.44999999999982
0,49,1486.0,28.449999999999818,64.65385416666666,32,0,1471.0,1501.0,1501.0,1471.0,3.44999999999982,53.44999999999982
0,50,1516.0,28.449999999999818,62.6248201058201,30,0,1501.0,1531.0,1531.0,1501.0,3.44999999999982,53.44999999999982
0,51,1546.0,28.449999999999818,76.95186507936508,23,0,1531.0,1561.0,1561.0,1531.0,3.44999999999982,53.44999999999982
0,52,1576.0,28.449999999999818,68.23148496240601,19,0,1561.0,1591.0,1591.0,1561.0,3.44999999999982,53.44999999999982
0,53,1606.0,28.449999999999818,63.99497448979592,14,0,1591.0,1621.0,1621.0,1591.0,3.44999999999982,53.44999999999982
0,54,1636.0,28.449999999999818,66.9156216931217,21,0,1621.0,1651.0,1651.0,1621.0,3.44999999999982,53.44999999999982
0,55,1666.0,28.449999999999818,63.27065396825397,25,0,1651.0,1681.0,1681.0,1651.0,3.44999999999982,53.44999999999982
0,56,1696.0,28.449999999999818,66.1341507936508,25,0,1681.0,1711.0,1711.0,1681.0,3.44999999999982,53.44999999999982
0,57,1726.0,28.449999999999818,61.73542717086834,34,0,1711.0,1741.0,1741.0,1711.0,3.44999999999982,53.44999999999982
0,58,1756.0,28.449999999999818,64.55680952380953,20,0,1741.0,1771.0,1771.0,1741.0,3.44999999999982,53.44999999999982
0,59,1786.0,28.449999999999818,66.96087777777778,25,0,1771.0,1801.0,1801.0,1771.0,3.44999999999982,53.44999999999982
0,60,1816.0,28.449999999999818,61.53418803418803,26,0,1801.0,1831.0,1831.0,1801.0,3.44999999999982,53.44999999999982
0,61,1846.0,28.449999999999818,67.23233371126227,21,0,1831.0,1861.0,1861.0,1831.0,3.44999999999982,53.44999999999982
0,62,1876.0,28.449999999999818,69.27307341269841,20,0,1861.0,1891.0,1891.0,1861.0,3.44999999999982,53.44999999999982
0,63,1906.0,28.449999999999818,63.25379251700681,21,0,1891.0,1921.0,1921.0,1891.0,3.44999999999982,53.44999999999982
0,64,1936.0,28.449999999999818,68.32180672268908,17,0,1921.0,1951.0,1951.0,1921.0,3.44999999999982,53.44999999999982
0,65,1966.0,28.449999999999818,64.30040935672513,19,0,1951.0,1981.0,1981.0,1951.0,3.44999999999982,53.44999999999982
0,66,1996.0,28.449999999999818,57.99736507936506,35,0,1981.0,2011.0,2011.0,1981.0,3.44999999999982,53.44999999999982
0,67,2026.0,28.449999999999818,58.05416666666666,15,0,2011.0,2041.0,2041.0,2011.0,3.44999999999982,53.44999999999982
0,68,2056.0,28.449999999999818,58.809044566544564,39,0,2041.0,2071.0,2071.0,2041.0,3.44999999999982,53.44999999999982
0,69,2086.0,28.449999999999818,54.00697994987469,38,0,2071.0,2101.0,2101.0,2071.0,3.44999999999982,53.44999999999982
0,70,2116.0,28.449999999999818,55.00945644149131,43,0,2101.0,2131.0,2131.0,2101.0,3.44999999999982,53.44999999999982
0,71,2146.0,28.449999999999818,57.08721685971685,37,0,2131.0,2161.0,2161.0,2131.0,3.44999999999982,53.44999999999982
0,72,2176.0,28.449999999999818,66.82111111111111,25,0,2161.0,2191.0,2191.0,2161.0,3.44999999999982,53.44999999999982
0,73,2206.0,28.449999999999818,62.309428571428576,20,0,2191.0,2221.0,2221.0,2191.0,3.44999999999982,53.44999999999982
0,74,2236.0,28.449999999999818,58.69693877551021,14,0,2221.0,2251.0,2251.0,2221.0,3.44999999999982,53.44999999999982
0,75,2266.0,28.449999999999818,58.324196428571426,28,0,2251.0,2281.0,2281.0,2251.0,3.44999999999982,53.44999999999982
0,76,2296.0,28.449999999999818,63.842702020202026,33,0,2281.0,2311.0,2311.0,2281.0,3.44999999999982,53.44999999999982
0,77,2326.0,28.449999999999818,70.11166666666665,10,0,2311.0,2341.0,2341.0,2311.0,3.44999999999982,53.44999999999982
0,78,2356.0,28.449999999999818,57.82794047619048,40,0,2341.0,2371.0,2371.0,2341.0,3.44999999999982,53.44999999999982
0,79,2386.0,28.449999999999818,61.48834101382489,31,0,2371.0,2401.0,2401.0,2371.0,3.44999999999982,53.44999999999982
0,80,2416.0,28.449999999999818,67.65441520467836,19,0,2401.0,2431.0,2431.0,2401.0,3.44999999999982,53.44999999999982
0,81,2446.0,28.449999999999818,69.0282264957265,13,0,2431.0,2461.0,2461.0,2431.0,3.44999999999982,53.44999999999982
0,82,2476.0,28.449999999999818,64.73639846743295,29,0,2461.0,2491.0,2491.0,2461.0,3.44999999999982,53.44999999999982
0,83,2506.0,28.449999999999818,65.9514880952381,24,0,2491.0,2521.0,2521.0,2491.0,3.44999999999982,53.44999999999982
0,84,2536.0,28.449999999999818,64.8670989229025,28,0,2521.0,2551.0,2551.0,2521.0,3.44999999999982,53.44999999999982
0,85,2566.0,28.449999999999818,63.890730994152065,19,0,2551.0,2581.0,2581.0,2551.0,3.44999999999982,53.44999999999982
0,86,2596.0,28.449999999999818,55.04307486057487,37,0,2581.0,2611.0,2611.0,2581.0,3.44999999999982,53.44999999999982
0,87,2626.0,28.449999999999818,64.63399176954734,27,0,2611.0,2641.0,2641.0,2611.0,3.44999999999982,53.44999999999982
0,88,2656.0,28.449999999999818,76.5771527777778,8,0,2641.0,2671.0,2671.0,2641.0,3.44999999999982,53.44999999999982
0,89,2686.0,28.449999999999818,66.48878086419754,18,0,2671.0,2701.0,2701.0,2671.0,3.44999999999982,53.44999999999982
0,90,2716.0,28.449999999999818,53.81947044334975,29,0,2701.0,2731.0,2731.0,2701.0,3.44999999999982,53.44999999999982
0,91,2746.0,28.449999999999818,59.6433717357911,31,0,2731.0,2761.0,2761.0,2731.0,3.44999999999982,53.44999999999982
0,92,2776.0,28.449999999999818,63.85321995464853,21,0,2761.0,2791.0,2791.0,2761.0,3.44999999999982,53.44999999999982
0,93,2806.0,28.449999999999818,57.59067365835224,42,0,2791.0,2821.0,2821.0,2791.0,3.44999999999982,53.44999999999982
0,94,2836.0,28.449999999999818,63.98712643678161,29,0,2821.0,2851.0,2851.0,2821.0,3.44999999999982,53.44999999999982
0,95,2866.0,28.449999999999818,65.49867494824016,23,0,2851.0,2881.0,2881.0,2851.0,3.44999999999982,53.44999999999982
0,96,2896.0,28.449999999999818,69.58670634920637,20,0,2881.0,2911.0,2911.0,2881.0,3.44999999999982,53.44999999999982
0,97,2926.0,28.449999999999818,66.29810744810744,26,0,2911.0,2941.0,2941.0,2911.0,3.44999999999982,53.44999999999982
0,98,2956.0,28.449999999999818,60.715714285714284,31,0,2941.0,2971.0,2971.0,2941.0,3.44999999999982,53.44999999999982
0,99,2986.0,28.449999999999818,57.29428571428571,25,0,2971.0,3001.0,3001.0,2971.0,3.44999999999982,53.44999999999982
0,100,3016.0,28.449999999999818,57.71378339140534,41,0,3001.0,3031.0,3031.0,3001.0,3.44999999999982,53.44999999999982
0,101,3046.0,28.449999999999818,55.03123015873017,26,0,3031.0,3061.0,3061.0,3031.0,3.44999999999982,53.44999999999982
0,102,3076.0,28.449999999999818,50.11200345950347,39,0,3061.0,3091.0,3091.0,3061.0,3.44999999999982,53.44999999999982
0,103,3106.0,28.449999999999818,53.84162962962962,30,0,3091.0,3121.0,3121.0,3091.0,3.44999999999982,53.44999999999982
0,104,3136.0,28.449999999999818,46.77510416666666,32,0,3121.0,3151.0,3151.0,3121.0,3.44999999999982,53.44999999999982
0,105,3166.0,28.449999999999818,49.61244152046784,38,0,3151.0,3181.0,3181.0,3151.0,3.44999999999982,53.44999999999982
0,106,3196.0,28.449999999999818,51.30783783783784,37,0,3181.0,3211.0,3211.0,3181.0,3.44999999999982,53.44999999999982
0,107,3226.0,28.449999999999818,43.85882707570208,52,0,3211.0,3241.0,3241.0,3211.0,3.44999999999982,53.44999999999982
0,108,3256.0,28.449999999999818,34.63858024691358,36,0,3241.0,3271.0,3271.0,3241.0,3.44999999999982,53.44999999999982
0,109,3286.0,28.449999999999818,25.15563492063492,56,0,3271.0,3301.0,3301.0,3271.0,3.44999999999982,53.44999999999982
0,110,3316.0,28.449999999999818,17.63068783068783,63,0,3301.0,3331.0,3331.0,3301.0,3.44999999999982,53.44999999999982
0,111,3346.0,28.449999999999818,19.442941520467834,95,0,3331.0,3361.0,3361.0,3331.0,3.44999999999982,53.44999999999982
0,112,3376.0,28.449999999999818,22.6583781033781,78,0,3361.0,3391.0,3391.0,3361.0,3.44999999999982,53.44999999999982
0,113,3406.0,28.449999999999818,33.4075105406746,64,0,3391.0,3421.0,3421.0,3391.0,3.44999999999982,53.44999999999982
0,114,3436.0,28.449999999999818,38.57097286226319,62,0,3421.0,3451.0,3451.0,3421.0,3.44999999999982,53.44999999999982
0,115,3466.0,28.449999999999818,27.084494195688233,67,0,3451.0,3481.0,3481.0,3451.0,3.44999999999982,53.44999999999982
0,116,3496.0,28.449999999999818,23.20977513227513,75,0,3481.0,3511.0,3511.0,3481.0,3.44999999999982,53.44999999999982
0,117,3526.0,28.449999999999818,22.22416284184356,83,0,3511.0,3541.0,3541.0,3511.0,3.44999999999982,53.44999999999982
0,118,3556.0,28.449999999999818,18.046217372134045,90,0,3541.0,3571.0,3571.0,3541.0,3.44999999999982,53.44999999999982
0,119,3586.0,28.449999999999818,30.31748221127532,58,0,3571.0,3601.0,3601.0,3571.0,3.44999999999982,53.44999999999982
0,120,3616.0,28.449999999999818,33.00638095238095,15,0,3601.0,3631.0,3631.0,3601.0,3.44999999999982,53.44999999999982
0,121,3646.0,28.449999999999818,,0,0,3631.0,3661.0,3661.0,3631.0,3.44999999999982,53.44999999999982
0,122,3676.0,28.449999999999818,,0,0,3661.0,3691.0,3691.0,3661.0,3.44999999999982,53.44999999999982
0,123,3706.0,28.449999999999818,,0,0,3691.0,3721.0,3721.0,3691.0,3.44999999999982,53.44999999999982
0,124,3736.0,28.449999999999818,,0,0,3721.0,3751.0,3751.0,3721.0,3.44999999999982,53.44999999999982
0,125,3766.0,28.449999999999818,,0,0,3751.0,3781.0,3781.0,3751.0,3.44999999999982,53.44999999999982
0,126,3796.0,28.449999999999818,,0,0,3781.0,3811.0,3811.0,3781.0,3.44999999999982,53.44999999999982
0,127,3826.0,28.449999999999818,,0,0,3811.0,3841.0,3841.0,3811.0,3.44999999999982,53.44999999999982
0,128,3856.0,28.449999999999818,,0,0,3841.0,3871.0,3871.0,3841.0,3.44999999999982,53.44999999999982
0,129,3886.0,28.449999999999818,,0,0,3871.0,3901.0,3901.0,3871.0,3.44999999999982,53.44999999999982
1,0,16.0,78.44999999999982,69.14520000000002,25,0,1.0,31.0,31.0,1.0,53.44999999999982,103.44999999999982
1,1,46.0,78.44999999999982,67.85933333333334,15,0,31.0,61.0,61.0,31.0,53.44999999999982,103.44999999999982
1,2,76.0,78.44999999999982,63.9172,25,0,61.0,91.0,91.0,61.0,53.44999999999982,103.44999999999982
1,3,106.0,78.44999999999982,60.9590243902439,41,0,91.0,121.0,121.0,91.0,53.44999999999982,103.44999999999982
1,4,136.0,78.44999999999982,62.36741935483874,31,0,121.0,151.0,151.0,121.0,53.44999999999982,103.44999999999982
1,5,166.0,78.44999999999982,76.61181818181821,11,0,151.0,181.0,181.0,151.0,53.44999999999982,103.44999999999982
1,6,196.0,78.44999999999982,61.08156249999999,32,0,181.0,211.0,211.0,181.0,53.44999999999982,103.44999999999982
1,7,226.0,78.44999999999982,62.96419354838709,31,0,211.0,241.0,241.0,211.0,53.44999999999982,103.44999999999982
1,8,256.0,78.44999999999982,67.75499999999998,24,0,241.0,271.0,271.0,241.0,53.44999999999982,103.44999999999982
1,9,286.0,78.44999999999982,68.558125,32,0,271.0,301.0,301.0,271.0,53.44999999999982,103.44999999999982
1,10,316.0,78.44999999999982,57.74621621621623,37,0,301.0,331.0,331.0,301.0,53.44999999999982,103.44999999999982
1,11,346.0,78.44999999999982,75.51714285714286,14,0,331.0,361.0,361.0,331.0,53.44999999999982,103.44999999999982
1,12,376.0,78.44999999999982,67.52347826086955,23,0,361.0,391.0,391.0,361.0,53.44999999999982,103.44999999999982
1,13,406.0,78.44999999999982,67.7148275862069,29,0,391.0,421.0,421.0,391.0,53.44999999999982,103.44999999999982
1,14,436.0,78.44999999999982,61.17288888888889,45,0,421.0,451.0,451.0,421.0,53.44999999999982,103.44999999999982
1,15,466.0,78.44999999999982,64.19515151515152,33,0,451.0,481.0,481.0,451.0,53.44999999999982,103.44999999999982
1,16,496.0,78.44999999999982,70.05259259259259,27,0,481.0,511.0,511.0,481.0,53.44999999999982,103.44999999999982
1,17,526.0,78.44999999999982,72.31105263157895,19,0,511.0,541.0,541.0,511.0,53.44999999999982,103.44999999999982
1,18,556.0,78.44999999999982,63.97172413793103,29,0,541.0,571.0,571.0,541.0,53.44999999999982,103.44999999999982
1,19,586.0,78.44999999999982,63.84931034482758,29,0,571.0,601.0,601.0,571.0,53.44999999999982,103.44999999999982
1,20,616.0,78.44999999999982,66.12079999999999,25,0,601.0,631.0,631.0,601.0,53.44999999999982,103.44999999999982
1,21,646.0,78.44999999999982,62.56513513513512,37,0,631.0,661.0,661.0,631.0,53.44999999999982,103.44999999999982
1,22,676.0,78.44999999999982,69.01142857142857,21,0,661.0,691.0,691.0,661.0,53.44999999999982,103.44999999999982
1,23,706.0,78.44999999999982,68.57615384615386,26,0,691.0,721.0,721.0,691.0,53.44999999999982,103.44999999999982
1,24,736.0,78.44999999999982,62.581612903225796,31,0,721.0,751.0,751.0,721.0,53.44999999999982,103.44999999999982
1,25,766.0,78.44999999999982,62.02451612903225,31,0,751.0,781.0,781.0,751.0,53.44999999999982,103.44999999999982
1,26,796.0,78.44999999999982,60.27945945945945,37,0,781.0,811.0,811.0,781.0,53.44999999999982,103.44999999999982
1,27,826.0,78.44999999999982,66.32382352941175,34,0,811.0,841.0,841.0,811.0,53.44999999999982,103.44999999999982
1,28,856.0,78.44999999999982,59.473170731707306,41,0,841.0,871.0,871.0,841.0,53.44999999999982,103.44999999999982
1,29,886.0,78.44999999999982,56.48962962962963,54,0,871.0,901.0,901.0,871.0,53.44999999999982,103.44999999999982
1,30,916.0,78.44999999999982,58.578500000000005,40,0,901.0,931.0,931.0,901.0,53.44999999999982,103.44999999999982
1,31,946.0,78.44999999999982,66.36821428571429,28,0,931.0,961.0,961.0,931.0,53.44999999999982,103.44999999999982
1,32,976.0,78.44999999999982,62.68935483870968,31,0,961.0,991.0,991.0,961.0,53.44999999999982,103.44999999999982
1,33,1006.0,78.44999999999982,67.0917857142857,28,0,991.0,1021.0,1021.0,991.0,53.44999999999982,103.44999999999982
1,34,1036.0,78.44999999999982,74.58050000000001,20,0,1021.0,1051.0,1051.0,1021.0,53.44999999999982,103.44999999999982
1,35,1066.0,78.44999999999982,68.22296296296297,27,0,1051.0,1081.0,1081.0,1051.0,53.44999999999982,103.44999999999982
1,36,1096.0,78.44999999999982,66.47310344827585,29,0,1081.0,1111.0,1111.0,1081.0,53.44999999999982,103.44999999999982
1,37,1126.0,78.44999999999982,67.3975,16,0,1111.0,1141.0,1141.0,1111.0,53.44999999999982,103.44999999999982
1,38,1156.0,78.44999999999982,64.21,32,0,1141.0,1171.0,1171.0,1141.0,53.44999999999982,103.44999999999982
1,39,1186.0,78.44999999999982,67.41666666666667,15,0,1171.0,1201.0,1201.0,1171.0,53.44999999999982,103.44999999999982
1,40,1216.0,78.44999999999982,63.14162162162163,37,0,1201.0,1231.0,1231.0,1201.0,53.44999999999982,103.44999999999982
1,41,1246.0,78.44999999999982,60.48842105263158,19,0,1231.0,1261.0,1261.0,1231.0,53.44999999999982,103.44999999999982
1,42,1276.0,78.44999999999982,63.33666666666665,27,0,1261.0,1291.0,1291.0,1261.0,53.44999999999982,103.44999999999982
1,43,1306.0,78.44999999999982,60.956285714285706,35,0,1291.0,1321.0,1321.0,1291.0,53.44999999999982,103.44999999999982
1,44,1336.0,78.44999999999982,66.71931034482758,29,0,1321.0,1351.0,1351.0,1321.0,53.44999999999982,103.44999999999982
1,45,1366.0,78.44999999999982,60.45000000000002,37,0,1351.0,1381.0,1381.0,1351.0,53.44999999999982,103.44999999999982
1,46,1396.0,78.44999999999982,65.13322580645159,31,0,1381.0,1411.0,1411.0,1381.0,53.44999999999982,103.44999999999982
1,47,1426.0,78.44999999999982,71.37363636363636,22,0,1411.0,1441.0,1441.0,1411.0,53.44999999999982,103.44999999999982
1,48,1456.0,78.44999999999982,71.07964285714283,28,0,1441.0,1471.0,1471.0,1441.0,53.44999999999982,103.44999999999982
1,49,1486.0,78.44999999999982,63.529374999999995,32,0,1471.0,1501.0,1501.0,1471.0,53.44999999999982,103.44999999999982
1,50,1516.0,78.44999999999982,63.74722222222223,36,0,1501.0,1531.0,1531.0,1501.0,53.44999999999982,103.44999999999982
1,51,1546.0,78.44999999999982,75.64,24,0,1531.0,1561.0,1561.0,1531.0,53.44999999999982,103.44999999999982
1,52,1576.0,78.44999999999982,71.5907142857143,28,0,1561.0,1591.0,1591.0,1561.0,53.44999999999982,103.44999999999982
1,53,1606.0,78.44999999999982,64.53421052631579,19,0,1591.0,1621.0,1621.0,1591.0,53.44999999999982,103.44999999999982
1,54,1636.0,78.44999999999982,66.6517857142857,28,0,1621.0,1651.0,1651.0,1621.0,53.44999999999982,103.44999999999982
1,55,1666.0,78.44999999999982,62.7456,25,0,1651.0,1681.0,1681.0,1651.0,53.44999999999982,103.44999999999982
1,56,1696.0,78.44999999999982,66.74258064516128,31,0,1681.0,1711.0,1711.0,1681.0,53.44999999999982,103.44999999999982
1,57,1726.0,78.44999999999982,60.12949999999999,40,0,1711.0,1741.0,1741.0,1711.0,53.44999999999982,103.44999999999982
1,58,1756.0,78.44999999999982,67.1925,28,0,1741.0,1771.0,1771.0,1741.0,53.44999999999982,103.44999999999982
1,59,1786.0,78.44999999999982,67.17352941176469,34,0,1771.0,1801.0,1801.0,1771.0,53.44999999999982,103.44999999999982
1,60,1816.0,78.44999999999982,61.3825806451613,31,0,1801.0,1831.0,1831.0,1801.0,53.44999999999982,103.44999999999982
1,61,1846.0,78.44999999999982,66.46000000000002,27,0,1831.0,1861.0,1861.0,1831.0,53.44999999999982,103.44999999999982
1,62,1876.0,78.44999999999982,66.97115384615385,26,0,1861.0,1891.0,1891.0,1861.0,53.44999999999982,103.44999999999982
1,63,1906.0,78.44999999999982,65.33309523809524,28,0,1891.0,1921.0,1921.0,1891.0,53.44999999999982,103.44999999999982
1,64,1936.0,78.44999999999982,69.35600000000001,15,0,1921.0,1951.0,1951.0,1921.0,53.44999999999982,103.44999999999982
1,65,1966.0,78.44999999999982,65.97880000000002,25,0,1951.0,1981.0,1981.0,1951.0,53.44999999999982,103.44999999999982
1,66,1996.0,78.44999999999982,59.261190476190485,42,0,1981.0,2011.0,2011.0,1981.0,53.44999999999982,103.44999999999982
1,67,2026.0,78.44999999999982,57.794166666666655,12,0,2011.0,2041.0,2041.0,2011.0,53.44999999999982,103.44999999999982
1,68,2056.0,78.44999999999982,58.477244897959174,42,0,2041.0,2071.0,2071.0,2041.0,53.44999999999982,103.44999999999982
1,69,2086.0,78.44999999999982,54.80386363636364,44,0,2071.0,2101.0,2101.0,2071.0,53.44999999999982,103.44999999999982
1,70,2116.0,78.44999999999982,56.6822448979592,49,0,2101.0,2131.0,2131.0,2101.0,53.44999999999982,103.44999999999982
1,71,2146.0,78.44999999999982,58.20585365853661,41,0,2131.0,2161.0,2161.0,2131.0,53.44999999999982,103.44999999999982
1,72,2176.0,78.44999999999982,65.24774193548386,31,0,2161.0,2191.0,2191.0,2161.0,53.44999999999982,103.44999999999982
1,73,2206.0,78.44999999999982,63.71916666666666,24,0,2191.0,2221.0,2221.0,2191.0,53.44999999999982,103.44999999999982
1,74,2236.0,78.44999999999982,58.83631578947369,19,0,2221.0,2251.0,2251.0,2221.0,53.44999999999982,103.44999999999982
1,75,2266.0,78.44999999999982,58.800625000000004,32,0,2251.0,2281.0,2281.0,2251.0,53.44999999999982,103.44999999999982
1,76,2296.0,78.44999999999982,63.151951219512206,41,0,2281.0,2311.0,2311.0,2281.0,53.44999999999982,103.44999999999982
1,77,2326.0,78.44999999999982,70.52133333333335,15,0,2311.0,2341.0,2341.0,2311.0,53.44999999999982,103.44999999999982
1,78,2356.0,78.44999999999982,59.2334090909091,44,0,2341.0,2371.0,2371.0,2341.0,53.44999999999982,103.44999999999982
1,79,2386.0,78.44999999999982,59.99166666666667,42,0,2371.0,2401.0,2401.0,2371.0,53.44999999999982,103.44999999999982
1,80,2416.0,78.44999999999982,66.12086956521738,23,0,2401.0,2431.0,2431.0,2401.0,53.44999999999982,103.44999999999982
1,81,2446.0,78.44999999999982,70.27565217391304,23,0,2431.0,2461.0,2461.0,2431.0,53.44999999999982,103.44999999999982
1,82,2476.0,78.44999999999982,65.0875,32,0,2461.0,2491.0,2491.0,2461.0,53.44999999999982,103.44999999999982
1,83,2506.0,78.44999999999982,65.21822580645161,31,0,2491.0,2521.0,2521.0,2491.0,53.44999999999982,103.44999999999982
1,84,2536.0,78.44999999999982,67.81882352941179,34,0,2521.0,2551.0,2551.0,2521.0,53.44999999999982,103.44999999999982
1,85,2566.0,78.44999999999982,63.37285714285714,28,0,2551.0,2581.0,2581.0,2551.0,53.44999999999982,103.44999999999982
1,86,2596.0,78.44999999999982,51.430277777777775,36,0,2581.0,2611.0,2611.0,2581.0,53.44999999999982,103.44999999999982
1,87,2626.0,78.44999999999982,62.083870967741944,31,0,2611.0,2641.0,2641.0,2611.0,53.44999999999982,103.44999999999982
1,88,2656.0,78.44999999999982,75.23615384615383,13,0,2641.0,2671.0,2671.0,2641.0,53.44999999999982,103.44999999999982
1,89,2686.0,78.44999999999982,67.00555555555555,18,0,2671.0,2701.0,2701.0,2671.0,53.44999999999982,103.44999999999982
1,90,2716.0,78.44999999999982,52.93257142857143,35,0,2701.0,2731.0,2731.0,2701.0,53.44999999999982,103.44999999999982
1,91,2746.0,78.44999999999982,58.71833333333333,30,0,2731.0,2761.0,2761.0,2731.0,53.44999999999982,103.44999999999982
1,92,2776.0,78.44999999999982,64.35681818181818,22,0,2761.0,2791.0,2791.0,2761.0,53.44999999999982,103.44999999999982
1,93,2806.0,78.44999999999982,57.890200000000014,50,0,2791.0,2821.0,2821.0,2791.0,53.44999999999982,103.44999999999982
1,94,2836.0,78.44999999999982,59.393243243243234,37,0,2821.0,2851.0,2851.0,2821.0,53.44999999999982,103.44999999999982
1,95,2866.0,78.44999999999982,64.97227272727274,22,0,2851.0,2881.0,2881.0,2851.0,53.44999999999982,103.44999999999982
1,96,2896.0,78.44999999999982,69.7675,20,0,2881.0,2911.0,2911.0,2881.0,53.44999999999982,103.44999999999982
1,97,2926.0,78.44999999999982,67.34888888888891,27,0,2911.0,2941.0,2941.0,2911.0,53.44999999999982,103.44999999999982
1,98,2956.0,78.44999999999982,61.34628571428571,35,0,2941.0,2971.0,2971.0,2941.0,53.44999999999982,103.44999999999982
1,99,2986.0,78.44999999999982,58.82153846153847,26,0,2971.0,3001.0,3001.0,2971.0,53.44999999999982,103.44999999999982
1,100,3016.0,78.44999999999982,57.023695652173906,46,0,3001.0,3031.0,3031.0,3001.0,53.44999999999982,103.44999999999982
1,101,3046.0,78.44999999999982,51.84472222222221,36,0,3031.0,3061.0,3061.0,3031.0,53.44999999999982,103.44999999999982
1,102,3076.0,78.44999999999982,43.10423076923077,52,0,3061.0,3091.0,3091.0,3061.0,53.44999999999982,103.44999999999982
1,103,3106.0,78.44999999999982,46.549333333333315,45,0,3091.0,3121.0,3121.0,3091.0,53.44999999999982,103.44999999999982
1,104,3136.0,78.44999999999982,43.12295454545455,44,0,3121.0,3151.0,3151.0,3121.0,53.44999999999982,103.44999999999982
1,105,3166.0,78.44999999999982,44.888297872340424,47,0,3151.0,3181.0,3181.0,3151.0,53.44999999999982,103.44999999999982
1,106,3196.0,78.44999999999982,44.583400000000005,50,0,3181.0,3211.0,3211.0,3181.0,53.44999999999982,103.44999999999982
1,107,3226.0,78.44999999999982,36.14904761904763,63,0,3211.0,3241.0,3241.0,3211.0,53.44999999999982,103.44999999999982
1,108,3256.0,78.44999999999982,28.138415637860085,54,0,3241.0,3271.0,3271.0,3241.0,53.44999999999982,103.44999999999982
1,109,3286.0,78.44999999999982,21.50323943661972,71,0,3271.0,3301.0,3301.0,3271.0,53.44999999999982,103.44999999999982
1,110,3316.0,78.44999999999982,16.644933333333338,75,0,3301.0,3331.0,3331.0,3301.0,53.44999999999982,103.44999999999982
1,111,3346.0,78.44999999999982,19.36388235294117,85,0,3331.0,3361.0,3361.0,3331.0,53.44999999999982,103.44999999999982
1,112,3376.0,78.44999999999982,24.119655172413783,87,0,3361.0,3391.0,3391.0,3361.0,53.44999999999982,103.44999999999982
1,113,3406.0,78.44999999999982,31.943749999999994,64,0,3391.0,3421.0,3421.0,3391.0,53.44999999999982,103.44999999999982
1,114,3436.0,78.44999999999982,32.60034883720932,86,0,3421.0,3451.0,3451.0,3421.0,53.44999999999982,103.44999999999982
1,115,3466.0,78.44999999999982,22.95947368421052,76,0,3451.0,3481.0,3481.0,3451.0,53.44999999999982,103.44999999999982
1,116,3496.0,78.44999999999982,25.707297297297284,74,0,3481.0,3511.0,3511.0,3481.0,53.44999999999982,103.44999999999982
1,117,3526.0,78.44999999999982,22.28717948717949,78,0,3511.0,3541.0,3541.0,3511.0,53.44999999999982,103.44999999999982
1,118,3556.0,78.44999999999982,20.5935064935065,77,0,3541.0,3571.0,3571.0,3541.0,53.44999999999982,103.44999999999982
1,119,3586.0,78.44999999999982,30.639152542372873,59,0,3571.0,3601.0,3601.0,3571.0,53.44999999999982,103.44999999999982
1,120,3616.0,78.44999999999982,32.15181818181818,22,0,3601.0,3631.0,3631.0,3601.0,53.44999999999982,103.44999999999982
1,121,3646.0,78.44999999999982,,0,0,3631.0,3661.0,3661.0,3631.0,53.44999999999982,103.44999999999982
1,122,3676.0,78.44999999999982,,0,0,3661.0,3691.0,3691.0,3661.0,53.44999999999982,103.44999999999982
1,123,3706.0,78.44999999999982,,0,0,3691.0,3721.0,3721.0,3691.0,53.44999999999982,103.44999999999982
1,124,3736.0,78.44999999999982,,0,0,3721.0,3751.0,3751.0,3721.0,53.44999999999982,103.44999999999982
1,125,3766.0,78.44999999999982,,0,0,3751.0,3781.0,3781.0,3751.0,53.44999999999982,103.44999999999982
1,126,3796.0,78.44999999999982,,0,0,3781.0,3811.0,3811.0,3781.0,53.44999999999982,103.44999999999982
1,127,3826.0,78.44999999999982,,0,0,3811.0,3841.0,3841.0,3811.0,53.44999999999982,103.44999999999982
1,128,3856.0,78.44999999999982,,0,0,3841.0,3871.0,3871.0,3841.0,53.44999999999982,103.44999999999982
1,129,3886.0,78.44999999999982,,0,0,3871.0,3901.0,3901.0,3871.0,53.44999999999982,103.44999999999982
2,0,16.0,128.44999999999982,68.24962962962962,27,0,1.0,31.0,31.0,1.0,103.44999999999982,153.44999999999982
2,1,46.0,128.44999999999982,69.78285714285714,14,0,31.0,61.0,61.0,31.0,103.44999999999982,153.44999999999982
2,2,76.0,128.44999999999982,63.29517241379311,29,0,61.0,91.0,91.0,61.0,103.44999999999982,153.44999999999982
2,3,106.0,128.44999999999982,61.16761904761903,42,0,91.0,121.0,121.0,91.0,103.44999999999982,153.44999999999982
2,4,136.0,128.44999999999982,60.8137142857143,35,0,121.0,151.0,151.0,121.0,103.44999999999982,153.44999999999982
2,5,166.0,128.44999999999982,78.71624999999999,8,0,151.0,181.0,181.0,151.0,103.44999999999982,153.44999999999982
2,6,196.0,128.44999999999982,60.509,30,0,181.0,211.0,211.0,181.0,103.44999999999982,153.44999999999982
2,7,226.0,128.44999999999982,62.10612903225806,31,0,211.0,241.0,241.0,211.0,103.44999999999982,153.44999999999982
2,8,256.0,128.44999999999982,68.11115384615383,26,0,241.0,271.0,271.0,241.0,103.44999999999982,153.44999999999982
2,9,286.0,128.44999999999982,68.44666666666667,30,0,271.0,301.0,301.0,271.0,103.44999999999982,153.44999999999982
2,10,316.0,128.44999999999982,59.184761904761885,42,0,301.0,331.0,331.0,301.0,103.44999999999982,153.44999999999982
2,11,346.0,128.44999999999982,71.67944444444444,18,0,331.0,361.0,361.0,331.0,103.44999999999982,153.44999999999982
2,12,376.0,128.44999999999982,67.06777777777778,18,0,361.0,391.0,391.0,361.0,103.44999999999982,153.44999999999982
2,13,406.0,128.44999999999982,67.15370370370371,27,0,391.0,421.0,421.0,391.0,103.44999999999982,153.44999999999982
2,14,436.0,128.44999999999982,60.32622222222223,45,0,421.0,451.0,451.0,421.0,103.44999999999982,153.44999999999982
2,15,466.0,128.44999999999982,62.07382352941177,34,0,451.0,481.0,481.0,451.0,103.44999999999982,153.44999999999982
2,16,496.0,128.44999999999982,70.4744,25,0,481.0,511.0,511.0,481.0,103.44999999999982,153.44999999999982
2,17,526.0,128.44999999999982,67.56153846153846,26,0,511.0,541.0,541.0,511.0,103.44999999999982,153.44999999999982
2,18,556.0,128.44999999999982,62.38875,32,0,541.0,571.0,571.0,541.0,103.44999999999982,153.44999999999982
2,19,586.0,128.44999999999982,61.75484848484849,33,0,571.0,601.0,601.0,571.0,103.44999999999982,153.44999999999982
2,20,616.0,128.44999999999982,65.11952380952383,21,0,601.0,631.0,631.0,601.0,103.44999999999982,153.44999999999982
2,21,646.0,128.44999999999982,60.622857142857164,35,0,631.0,661.0,661.0,631.0,103.44999999999982,153.44999999999982
2,22,676.0,128.44999999999982,66.96826086956521,23,0,661.0,691.0,691.0,661.0,103.44999999999982,153.44999999999982
2,23,706.0,128.44999999999982,66.86857142857143,28,0,691.0,721.0,721.0,691.0,103.44999999999982,153.44999999999982
2,24,736.0,128.44999999999982,62.10653846153847,26,0,721.0,751.0,751.0,721.0,103.44999999999982,153.44999999999982
2,25,766.0,128.44999999999982,61.185806451612905,31,0,751.0,781.0,781.0,751.0,103.44999999999982,153.44999999999982
2,26,796.0,128.44999999999982,59.71775000000001,40,0,781.0,811.0,811.0,781.0,103.44999999999982,153.44999999999982
2,27,826.0,128.44999999999982,62.61102564102565,39,0,811.0,841.0,841.0,811.0,103.44999999999982,153.44999999999982
2,28,856.0,128.44999999999982,58.44214285714286,42,0,841.0,871.0,871.0,841.0,103.44999999999982,153.44999999999982
2,29,886.0,128.44999999999982,56.265416666666674,48,0,871.0,901.0,901.0,871.0,103.44999999999982,153.44999999999982
2,30,916.0,128.44999999999982,56.192727272727275,44,0,901.0,931.0,931.0,901.0,103.44999999999982,153.44999999999982
2,31,946.0,128.44999999999982,61.65454545454545,33,0,931.0,961.0,961.0,931.0,103.44999999999982,153.44999999999982
2,32,976.0,128.44999999999982,60.97466666666666,30,0,961.0,991.0,991.0,961.0,103.44999999999982,153.44999999999982
2,33,1006.0,128.44999999999982,65.58481481481482,27,0,991.0,1021.0,1021.0,991.0,103.44999999999982,153.44999999999982
2,34,1036.0,128.44999999999982,71.90333333333334,24,0,1021.0,1051.0,1051.0,1021.0,103.44999999999982,153.44999999999982
2,35,1066.0,128.44999999999982,66.53083333333332,24,0,1051.0,1081.0,1081.0,1051.0,103.44999999999982,153.44999999999982
2,36,1096.0,128.44999999999982,64.90249999999999,28,0,1081.0,1111.0,1111.0,1081.0,103.44999999999982,153.44999999999982
2,37,1126.0,128.44999999999982,67.08526315789473,19,0,1111.0,1141.0,1141.0,1111.0,103.44999999999982,153.44999999999982
2,38,1156.0,128.44999999999982,64.41551724137929,29,0,1141.0,1171.0,1171.0,1141.0,103.44999999999982,153.44999999999982
2,39,1186.0,128.44999999999982,64.40772727272727,22,0,1171.0,1201.0,1201.0,1171.0,103.44999999999982,153.44999999999982
2,40,1216.0,128.44999999999982,62.53594594594597,37,0,1201.0,1231.0,1231.0,1201.0,103.44999999999982,153.44999999999982
2,41,1246.0,128.44999999999982,59.00538461538462,13,0,1231.0,1261.0,1261.0,1231.0,103.44999999999982,153.44999999999982
2,42,1276.0,128.44999999999982,62.56483870967744,31,0,1261.0,1291.0,1291.0,1261.0,103.44999999999982,153.44999999999982
2,43,1306.0,128.44999999999982,57.43085714285714,35,0,1291.0,1321.0,1321.0,1291.0,103.44999999999982,153.44999999999982
2,44,1336.0,128.44999999999982,65.57764705882353,34,0,1321.0,1351.0,1351.0,1321.0,103.44999999999982,153.44999999999982
2,45,1366.0,128.44999999999982,59.98433333333333,30,0,1351.0,1381.0,1381.0,1351.0,103.44999999999982,153.44999999999982
2,46,1396.0,128.44999999999982,63.730857142857154,35,0,1381.0,1411.0,1411.0,1381.0,103.44999999999982,153.44999999999982
2,47,1426.0,128.44999999999982,71.54666666666668,21,0,1411.0,1441.0,1441.0,1411.0,103.44999999999982,153.44999999999982
2,48,1456.0,128.44999999999982,68.7906896551724,29,0,1441.0,1471.0,1471.0,1441.0,103.44999999999982,153.44999999999982
2,49,1486.0,128.44999999999982,64.72241379310346,29,0,1471.0,1501.0,1501.0,1471.0,103.44999999999982,153.44999999999982
2,50,1516.0,128.44999999999982,62.63853658536586,41,0,1501.0,1531.0,1531.0,1501.0,103.44999999999982,153.44999999999982
2,51,1546.0,128.44999999999982,73.50961538461537,26,0,1531.0,1561.0,1561.0,1531.0,103.44999999999982,153.44999999999982
2,52,1576.0,128.44999999999982,71.3276923076923,26,0,1561.0,1591.0,1591.0,1561.0,103.44999999999982,153.44999999999982
2,53,1606.0,128.44999999999982,64.28,20,0,1591.0,1621.0,1621.0,1591.0,103.44999999999982,153.44999999999982
2,54,1636.0,128.44999999999982,64.94656250000001,32,0,1621.0,1651.0,1651.0,1621.0,103.44999999999982,153.44999999999982
2,55,1666.0,128.44999999999982,62.733152173913034,23,0,1651.0,1681.0,1681.0,1651.0,103.44999999999982,153.44999999999982
2,56,1696.0,128.44999999999982,66.01151515151516,33,0,1681.0,1711.0,1711.0,1681.0,103.44999999999982,153.44999999999982
2,57,1726.0,128.44999999999982,58.76071428571429,42,0,1711.0,1741.0,1741.0,1711.0,103.44999999999982,153.44999999999982
2,58,1756.0,128.44999999999982,64.85357142857143,28,0,1741.0,1771.0,1771.0,1741.0,103.44999999999982,153.44999999999982
2,59,1786.0,128.44999999999982,66.87416666666667,36,0,1771.0,1801.0,1801.0,1771.0,103.44999999999982,153.44999999999982
2,60,1816.0,128.44999999999982,62.462925925925916,30,0,1801.0,1831.0,1831.0,1801.0,103.44999999999982,153.44999999999982
2,61,1846.0,128.44999999999982,63.15470588235295,34,0,1831.0,1861.0,1861.0,1831.0,103.44999999999982,153.44999999999982
2,62,1876.0,128.44999999999982,65.35,27,0,1861.0,1891.0,1891.0,1861.0,103.44999999999982,153.44999999999982
2,63,1906.0,128.44999999999982,65.14791666666667,24,0,1891.0,1921.0,1921.0,1891.0,103.44999999999982,153.44999999999982
2,64,1936.0,128.44999999999982,65.39631578947369,19,0,1921.0,1951.0,1951.0,1921.0,103.44999999999982,153.44999999999982
2,65,1966.0,128.44999999999982,66.01142857142857,21,0,1951.0,1981.0,1981.0,1951.0,103.44999999999982,153.44999999999982
2,66,1996.0,128.44999999999982,58.46608695652177,46,0,1981.0,2011.0,2011.0,1981.0,103.44999999999982,153.44999999999982
2,67,2026.0,128.44999999999982,60.81266666666668,10,0,2011.0,2041.0,2041.0,2011.0,103.44999999999982,153.44999999999982
2,68,2056.0,128.44999999999982,56.77589743589743,39,0,2041.0,2071.0,2071.0,2041.0,103.44999999999982,153.44999999999982
2,69,2086.0,128.44999999999982,53.692307692307686,52,0,2071.0,2101.0,2101.0,2071.0,103.44999999999982,153.44999999999982
2,70,2116.0,128.44999999999982,56.4129268292683,41,0,2101.0,2131.0,2131.0,2101.0,103.44999999999982,153.44999999999982
2,71,2146.0,128.44999999999982,57.46624999999998,48,0,2131.0,2161.0,2161.0,2131.0,103.44999999999982,153.44999999999982
2,72,2176.0,128.44999999999982,62.31842105263158,38,0,2161.0,2191.0,2191.0,2161.0,103.44999999999982,153.44999999999982
2,73,2206.0,128.44999999999982,63.92499999999999,26,0,2191.0,2221.0,2221.0,2191.0,103.44999999999982,153.44999999999982
2,74,2236.0,128.44999999999982,57.79772727272727,22,0,2221.0,2251.0,2251.0,2221.0,103.44999999999982,153.44999999999982
2,75,2266.0,128.44999999999982,57.12172413793103,29,0,2251.0,2281.0,2281.0,2251.0,103.44999999999982,153.44999999999982
2,76,2296.0,128.44999999999982,59.3871111111111,45,0,2281.0,2311.0,2311.0,2281.0,103.44999999999982,153.44999999999982
2,77,2326.0,128.44999999999982,69.7346052631579,19,0,2311.0,2341.0,2341.0,2311.0,103.44999999999982,153.44999999999982
2,78,2356.0,128.44999999999982,60.1172972972973,37,0,2341.0,2371.0,2371.0,2341.0,103.44999999999982,153.44999999999982
2,79,2386.0,128.44999999999982,57.385555555555555,45,0,2371.0,2401.0,2401.0,2371.0,103.44999999999982,153.44999999999982
2,80,2416.0,128.44999999999982,65.23227272727273,22,0,2401.0,2431.0,2431.0,2401.0,103.44999999999982,153.44999999999982
2,81,2446.0,128.44999999999982,68.86807692307693,26,0,2431.0,2461.0,2461.0,2431.0,103.44999999999982,153.44999999999982
2,82,2476.0,128.44999999999982,64.6696551724138,29,0,2461.0,2491.0,2491.0,2461.0,103.44999999999982,153.44999999999982
2,83,2506.0,128.44999999999982,64.71882352941176,34,0,2491.0,2521.0,2521.0,2491.0,103.44999999999982,153.44999999999982
2,84,2536.0,128.44999999999982,66.54233333333333,30,0,2521.0,2551.0,2551.0,2521.0,103.44999999999982,153.44999999999982
2,85,2566.0,128.44999999999982,62.681250000000006,32,0,2551.0,2581.0,2581.0,2551.0,103.44999999999982,153.44999999999982
2,86,2596.0,128.44999999999982,48.21375000000001,32,0,2581.0,2611.0,2611.0,2581.0,103.44999999999982,153.44999999999982
2,87,2626.0,128.44999999999982,56.758461538461546,39,0,2611.0,2641.0,2641.0,2611.0,103.44999999999982,153.44999999999982
2,88,2656.0,128.44999999999982,74.80785714285715,14,0,2641.0,2671.0,2671.0,2641.0,103.44999999999982,153.44999999999982
2,89,2686.0,128.44999999999982,67.52954545454546,22,0,2671.0,2701.0,2701.0,2671.0,103.44999999999982,153.44999999999982
2,90,2716.0,128.44999999999982,53.220603448275874,29,0,2701.0,2731.0,2731.0,2701.0,103.44999999999982,153.44999999999982
2,91,2746.0,128.44999999999982,56.38114285714285,35,0,2731.0,2761.0,2761.0,2731.0,103.44999999999982,153.44999999999982
2,92,2776.0,128.44999999999982,62.488846153846175,26,0,2761.0,2791.0,2791.0,2761.0,103.44999999999982,153.44999999999982
2,93,2806.0,128.44999999999982,57.52463414634148,41,0,2791.0,2821.0,2821.0,2791.0,103.44999999999982,153.44999999999982
2,94,2836.0,128.44999999999982,58.20651162790698,43,0,2821.0,2851.0,2851.0,2821.0,103.44999999999982,153.44999999999982
2,95,2866.0,128.44999999999982,64.40333333333332,24,0,2851.0,2881.0,2881.0,2851.0,103.44999999999982,153.44999999999982
2,96,2896.0,128.44999999999982,68.4576,25,0,2881.0,2911.0,2911.0,2881.0,103.44999999999982,153.44999999999982
2,97,2926.0,128.44999999999982,66.7174074074074,27,0,2911.0,2941.0,2941.0,2911.0,103.44999999999982,153.44999999999982
2,98,2956.0,128.44999999999982,61.29216216216217,37,0,2941.0,2971.0,2971.0,2941.0,103.44999999999982,153.44999999999982
2,99,2986.0,128.44999999999982,57.674814814814816,27,0,2971.0,3001.0,3001.0,2971.0,103.44999999999982,153.44999999999982
2,100,3016.0,128.44999999999982,55.162978723404265,47,0,3001.0,3031.0,3031.0,3001.0,103.44999999999982,153.44999999999982
2,101,3046.0,128.44999999999982,41.97574468085105,47,0,3031.0,3061.0,3061.0,3031.0,103.44999999999982,153.44999999999982
2,102,3076.0,128.44999999999982,37.50764705882352,51,0,3061.0,3091.0,3091.0,3061.0,103.44999999999982,153.44999999999982
2,103,3106.0,128.44999999999982,38.15189655172414,58,0,3091.0,3121.0,3121.0,3091.0,103.44999999999982,153.44999999999982
2,104,3136.0,128.44999999999982,40.43646341463415,41,0,3121.0,3151.0,3151.0,3121.0,103.44999999999982,153.44999999999982
2,105,3166.0,128.44999999999982,41.05192307692308,52,0,3151.0,3181.0,3181.0,3151.0,103.44999999999982,153.44999999999982
2,106,3196.0,128.44999999999982,36.058000000000014,65,0,3181.0,3211.0,3211.0,3181.0,103.44999999999982,153.44999999999982
2,107,3226.0,128.44999999999982,32.795645161290324,62,0,3211.0,3241.0,3241.0,3211.0,103.44999999999982,153.44999999999982
2,108,3256.0,128.44999999999982,23.433970588235297,68,0,3241.0,3271.0,3271.0,3241.0,103.44999999999982,153.44999999999982
2,109,3286.0,128.44999999999982,18.965416666666673,72,0,3271.0,3301.0,3301.0,3271.0,103.44999999999982,153.44999999999982
2,110,3316.0,128.44999999999982,14.772500000000003,96,0,3301.0,3331.0,3331.0,3301.0,103.44999999999982,153.44999999999982
2,111,3346.0,128.44999999999982,20.650500000000008,60,0,3331.0,3361.0,3361.0,3331.0,103.44999999999982,153.44999999999982
2,112,3376.0,128.44999999999982,23.399326923076917,104,0,3361.0,3391.0,3391.0,3361.0,103.44999999999982,153.44999999999982
2,113,3406.0,128.44999999999982,29.723150684931507,73,0,3391.0,3421.0,3421.0,3391.0,103.44999999999982,153.44999999999982
2,114,3436.0,128.44999999999982,25.900659340659335,91,0,3421.0,3451.0,3451.0,3421.0,103.44999999999982,153.44999999999982
2,115,3466.0,128.44999999999982,22.46555555555556,81,0,3451.0,3481.0,3481.0,3451.0,103.44999999999982,153.44999999999982
2,116,3496.0,128.44999999999982,28.436621621621633,74,0,3481.0,3511.0,3511.0,3481.0,103.44999999999982,153.44999999999982
2,117,3526.0,128.44999999999982,23.101857142857153,70,0,3511.0,3541.0,3541.0,3511.0,103.44999999999982,153.44999999999982
2,118,3556.0,128.44999999999982,21.131917808219175,73,0,3541.0,3571.0,3571.0,3541.0,103.44999999999982,153.44999999999982
2,119,3586.0,128.44999999999982,29.938126984126992,70,0,3571.0,3601.0,3601.0,3571.0,103.44999999999982,153.44999999999982
2,120,3616.0,128.44999999999982,29.568648648648654,37,0,3601.0,3631.0,3631.0,3601.0,103.44999999999982,153.44999999999982
2,121,3646.0,128.44999999999982,,0,0,3631.0,3661.0,3661.0,3631.0,103.44999999999982,153.44999999999982
2,122,3676.0,128.44999999999982,,0,0,3661.0,3691.0,3691.0,3661.0,103.44999999999982,153.44999999999982
2,123,3706.0,128.44999999999982,,0,0,3691.0,3721.0,3721.0,3691.0,103.44999999999982,153.44999999999982
2,124,3736.0,128.44999999999982,,0,0,3721.0,3751.0,3751.0,3721.0,103.44999999999982,153.44999999999982
2,125,3766.0,128.44999999999982,,0,0,3751.0,3781.0,3781.0,3751.0,103.44999999999982,153.44999999999982
2,126,3796.0,128.44999999999982,,0,0,3781.0,3811.0,3811.0,3781.0,103.44999999999982,153.44999999999982
2,127,3826.0,128.44999999999982,,0,0,3811.0,3841.0,3841.0,3811.0,103.44999999999982,153.44999999999982
2,128,3856.0,128.44999999999982,,0,0,3841.0,3871.0,3871.0,3841.0,103.44999999999982,153.44999999999982
2,129,3886.0,128.44999999999982,,0,0,3871.0,3901.0,3901.0,3871.0,103.44999999999982,153.44999999999982
3,0,16.0,178.44999999999982,65.78565217391305,23,0,1.0,31.0,31.0,1.0,153.44999999999982,203.44999999999982
3,1,46.0,178.44999999999982,70.696875,16,0,31.0,61.0,61.0,31.0,153.44999999999982,203.44999999999982
3,2,76.0,178.44999999999982,61.82321428571429,28,0,61.0,91.0,91.0,61.0,153.44999999999982,203.44999999999982
3,3,106.0,178.44999999999982,60.65466666666668,45,0,91.0,121.0,121.0,91.0,153.44999999999982,203.44999999999982
3,4,136.0,178.44999999999982,58.16885714285714,35,0,121.0,151.0,151.0,121.0,153.44999999999982,203.44999999999982
3,5,166.0,178.44999999999982,75.78454545454544,11,0,151.0,181.0,181.0,151.0,153.44999999999982,203.44999999999982
3,6,196.0,178.44999999999982,60.10839999999998,25,0,181.0,211.0,211.0,181.0,153.44999999999982,203.44999999999982
3,7,226.0,178.44999999999982,58.79806451612904,31,0,211.0,241.0,241.0,211.0,153.44999999999982,203.44999999999982
3,8,256.0,178.44999999999982,66.04181818181817,22,0,241.0,271.0,271.0,241.0,153.44999999999982,203.44999999999982
3,9,286.0,178.44999999999982,66.4740625,32,0,271.0,301.0,301.0,271.0,153.44999999999982,203.44999999999982
3,10,316.0,178.44999999999982,58.25437500000001,32,0,301.0,331.0,331.0,301.0,153.44999999999982,203.44999999999982
3,11,346.0,178.44999999999982,67.6842857142857,21,0,331.0,361.0,361.0,331.0,153.44999999999982,203.44999999999982
3,12,376.0,178.44999999999982,67.19250000000001,12,0,361.0,391.0,391.0,361.0,153.44999999999982,203.44999999999982
3,13,406.0,178.44999999999982,65.0712,25,0,391.0,421.0,421.0,391.0,153.44999999999982,203.44999999999982
3,14,436.0,178.44999999999982,59.65594594594596,37,0,421.0,451.0,451.0,421.0,153.44999999999982,203.44999999999982
3,15,466.0,178.44999999999982,60.17948717948718,39,0,451.0,481.0,481.0,451.0,153.44999999999982,203.44999999999982
3,16,496.0,178.44999999999982,70.28879227053139,23,0,481.0,511.0,511.0,481.0,153.44999999999982,203.44999999999982
3,17,526.0,178.44999999999982,65.94857142857141,28,0,511.0,541.0,541.0,511.0,153.44999999999982,203.44999999999982
3,18,556.0,178.44999999999982,61.86263157894737,19,0,541.0,571.0,571.0,541.0,153.44999999999982,203.44999999999982
3,19,586.0,178.44999999999982,60.353333333333346,33,0,571.0,601.0,601.0,571.0,153.44999999999982,203.44999999999982
3,20,616.0,178.44999999999982,64.40588235294118,17,0,601.0,631.0,631.0,601.0,153.44999999999982,203.44999999999982
3,21,646.0,178.44999999999982,59.72594594594594,37,0,631.0,661.0,661.0,631.0,153.44999999999982,203.44999999999982
3,22,676.0,178.44999999999982,65.79736842105262,19,0,661.0,691.0,691.0,661.0,153.44999999999982,203.44999999999982
3,23,706.0,178.44999999999982,65.72500000000001,16,0,691.0,721.0,721.0,691.0,153.44999999999982,203.44999999999982
3,24,736.0,178.44999999999982,62.46142857142856,28,0,721.0,751.0,751.0,721.0,153.44999999999982,203.44999999999982
3,25,766.0,178.44999999999982,59.3864,25,0,751.0,781.0,781.0,751.0,153.44999999999982,203.44999999999982
3,26,796.0,178.44999999999982,60.08611111111111,36,0,781.0,811.0,811.0,781.0,153.44999999999982,203.44999999999982
3,27,826.0,178.44999999999982,59.662564102564104,39,0,811.0,841.0,841.0,811.0,153.44999999999982,203.44999999999982
3,28,856.0,178.44999999999982,57.224749999999986,40,0,841.0,871.0,871.0,841.0,153.44999999999982,203.44999999999982
3,29,886.0,178.44999999999982,56.30260869565217,46,0,871.0,901.0,901.0,871.0,153.44999999999982,203.44999999999982
3,30,916.0,178.44999999999982,54.32309523809524,42,0,901.0,931.0,931.0,901.0,153.44999999999982,203.44999999999982
3,31,946.0,178.44999999999982,56.9660606060606,33,0,931.0,961.0,961.0,931.0,153.44999999999982,203.44999999999982
3,32,976.0,178.44999999999982,58.74172413793104,29,0,961.0,991.0,991.0,961.0,153.44999999999982,203.44999999999982
3,33,1006.0,178.44999999999982,63.793,30,0,991.0,1021.0,1021.0,991.0,153.44999999999982,203.44999999999982
3,34,1036.0,178.44999999999982,70.69346153846153,26,0,1021.0,1051.0,1051.0,1021.0,153.44999999999982,203.44999999999982
3,35,1066.0,178.44999999999982,65.13666666666666,21,0,1051.0,1081.0,1081.0,1051.0,153.44999999999982,203.44999999999982
3,36,1096.0,178.44999999999982,64.13133333333334,30,0,1081.0,1111.0,1111.0,1081.0,153.44999999999982,203.44999999999982
3,37,1126.0,178.44999999999982,64.60549999999998,20,0,1111.0,1141.0,1141.0,1111.0,153.44999999999982,203.44999999999982
3,38,1156.0,178.44999999999982,65.40962962962963,27,0,1141.0,1171.0,1171.0,1141.0,153.44999999999982,203.44999999999982
3,39,1186.0,178.44999999999982,60.58566666666668,30,0,1171.0,1201.0,1201.0,1171.0,153.44999999999982,203.44999999999982
3,40,1216.0,178.44999999999982,59.752500000000005,36,0,1201.0,1231.0,1231.0,1201.0,153.44999999999982,203.44999999999982
3,41,1246.0,178.44999999999982,58.91615384615383,13,0,1231.0,1261.0,1261.0,1231.0,153.44999999999982,203.44999999999982
3,42,1276.0,178.44999999999982,61.71093750000001,32,0,1261.0,1291.0,1291.0,1261.0,153.44999999999982,203.44999999999982
3,43,1306.0,178.44999999999982,57.14057142857142,35,0,1291.0,1321.0,1321.0,1291.0,153.44999999999982,203.44999999999982
3,44,1336.0,178.44999999999982,61.65647058823529,34,0,1321.0,1351.0,1351.0,1321.0,153.44999999999982,203.44999999999982
3,45,1366.0,178.44999999999982,60.393750000000004,32,0,1351.0,1381.0,1381.0,1351.0,153.44999999999982,203.44999999999982
3,46,1396.0,178.44999999999982,63.09000000000002,35,0,1381.0,1411.0,1411.0,1381.0,153.44999999999982,203.44999999999982
3,47,1426.0,178.44999999999982,71.51222222222223,18,0,1411.0,1441.0,1441.0,1411.0,153.44999999999982,203.44999999999982
3,48,1456.0,178.44999999999982,67.01129032258066,31,0,1441.0,1471.0,1471.0,1441.0,153.44999999999982,203.44999999999982
3,49,1486.0,178.44999999999982,64.54961538461536,26,0,1471.0,1501.0,1501.0,1471.0,153.44999999999982,203.44999999999982
3,50,1516.0,178.44999999999982,61.14641114982578,41,0,1501.0,1531.0,1531.0,1501.0,153.44999999999982,203.44999999999982
3,51,1546.0,178.44999999999982,71.08785714285713,28,0,1531.0,1561.0,1561.0,1531.0,153.44999999999982,203.44999999999982
3,52,1576.0,178.44999999999982,69.86961538461539,26,0,1561.0,1591.0,1591.0,1561.0,153.44999999999982,203.44999999999982
3,53,1606.0,178.44999999999982,63.72818181818181,22,0,1591.0,1621.0,1621.0,1591.0,153.44999999999982,203.44999999999982
3,54,1636.0,178.44999999999982,62.53965517241378,29,0,1621.0,1651.0,1651.0,1621.0,153.44999999999982,203.44999999999982
3,55,1666.0,178.44999999999982,61.86666666666666,21,0,1651.0,1681.0,1681.0,1651.0,153.44999999999982,203.44999999999982
3,56,1696.0,178.44999999999982,63.47735294117647,34,0,1681.0,1711.0,1711.0,1681.0,153.44999999999982,203.44999999999982
3,57,1726.0,178.44999999999982,55.63418604651164,43,0,1711.0,1741.0,1741.0,1711.0,153.44999999999982,203.44999999999982
3,58,1756.0,178.44999999999982,63.634687499999984,32,0,1741.0,1771.0,1771.0,1741.0,153.44999999999982,203.44999999999982
3,59,1786.0,178.44999999999982,65.81647058823529,34,0,1771.0,1801.0,1801.0,1771.0,153.44999999999982,203.44999999999982
3,60,1816.0,178.44999999999982,61.276363636363634,22,0,1801.0,1831.0,1831.0,1801.0,153.44999999999982,203.44999999999982
3,61,1846.0,178.44999999999982,58.53641025641026,39,0,1831.0,1861.0,1861.0,1831.0,153.44999999999982,203.44999999999982
3,62,1876.0,178.44999999999982,64.53730769230768,26,0,1861.0,1891.0,1891.0,1861.0,153.44999999999982,203.44999999999982
3,63,1906.0,178.44999999999982,64.18181818181819,22,0,1891.0,1921.0,1921.0,1891.0,153.44999999999982,203.44999999999982
3,64,1936.0,178.44999999999982,62.28652173913042,23,0,1921.0,1951.0,1951.0,1921.0,153.44999999999982,203.44999999999982
3,65,1966.0,178.44999999999982,68.24333333333334,18,0,1951.0,1981.0,1981.0,1951.0,153.44999999999982,203.44999999999982
3,66,1996.0,178.44999999999982,58.00634146341464,41,0,1981.0,2011.0,2011.0,1981.0,153.44999999999982,203.44999999999982
3,67,2026.0,178.44999999999982,59.05166666666668,12,0,2011.0,2041.0,2041.0,2011.0,153.44999999999982,203.44999999999982
3,68,2056.0,178.44999999999982,54.28305555555554,36,0,2041.0,2071.0,2071.0,2041.0,153.44999999999982,203.44999999999982
3,69,2086.0,178.44999999999982,52.1211320754717,53,0,2071.0,2101.0,2101.0,2071.0,153.44999999999982,203.44999999999982
3,70,2116.0,178.44999999999982,55.894285714285715,42,0,2101.0,2131.0,2131.0,2101.0,153.44999999999982,203.44999999999982
3,71,2146.0,178.44999999999982,56.644791666666684,48,0,2131.0,2161.0,2161.0,2131.0,153.44999999999982,203.44999999999982
3,72,2176.0,178.44999999999982,58.75285714285714,35,0,2161.0,2191.0,2191.0,2161.0,153.44999999999982,203.44999999999982
3,73,2206.0,178.44999999999982,62.52617283950617,27,0,2191.0,2221.0,2221.0,2191.0,153.44999999999982,203.44999999999982
3,74,2236.0,178.44999999999982,57.11423076923076,26,0,2221.0,2251.0,2251.0,2221.0,153.44999999999982,203.44999999999982
3,75,2266.0,178.44999999999982,56.61307692307693,26,0,2251.0,2281.0,2281.0,2251.0,153.44999999999982,203.44999999999982
3,76,2296.0,178.44999999999982,56.296996336996344,39,0,2281.0,2311.0,2311.0,2281.0,153.44999999999982,203.44999999999982
3,77,2326.0,178.44999999999982,68.92631578947369,19,0,2311.0,2341.0,2341.0,2311.0,153.44999999999982,203.44999999999982
3,78,2356.0,178.44999999999982,60.99941176470588,34,0,2341.0,2371.0,2371.0,2341.0,153.44999999999982,203.44999999999982
3,79,2386.0,178.44999999999982,56.26520833333333,48,0,2371.0,2401.0,2401.0,2371.0,153.44999999999982,203.44999999999982
3,80,2416.0,178.44999999999982,61.21535714285715,28,0,2401.0,2431.0,2431.0,2401.0,153.44999999999982,203.44999999999982
3,81,2446.0,178.44999999999982,67.64304347826086,23,0,2431.0,2461.0,2461.0,2431.0,153.44999999999982,203.44999999999982
3,82,2476.0,178.44999999999982,63.57437500000001,32,0,2461.0,2491.0,2491.0,2461.0,153.44999999999982,203.44999999999982
3,83,2506.0,178.44999999999982,64.10882352941177,34,0,2491.0,2521.0,2521.0,2491.0,153.44999999999982,203.44999999999982
3,84,2536.0,178.44999999999982,65.44428571428571,28,0,2521.0,2551.0,2551.0,2521.0,153.44999999999982,203.44999999999982
3,85,2566.0,178.44999999999982,61.07733333333333,30,0,2551.0,2581.0,2581.0,2551.0,153.44999999999982,203.44999999999982
3,86,2596.0,178.44999999999982,53.36909090909091,22,0,2581.0,2611.0,2611.0,2581.0,153.44999999999982,203.44999999999982
3,87,2626.0,178.44999999999982,51.3709756097561,41,0,2611.0,2641.0,2641.0,2611.0,153.44999999999982,203.44999999999982
3,88,2656.0,178.44999999999982,71.805625,16,0,2641.0,2671.0,2671.0,2641.0,153.44999999999982,203.44999999999982
3,89,2686.0,178.44999999999982,67.06187969924811,19,0,2671.0,2701.0,2701.0,2671.0,153.44999999999982,203.44999999999982
3,90,2716.0,178.44999999999982,53.89227272727272,22,0,2701.0,2731.0,2731.0,2701.0,153.44999999999982,203.44999999999982
3,91,2746.0,178.44999999999982,54.328947368421055,38,0,2731.0,2761.0,2761.0,2731.0,153.44999999999982,203.44999999999982
3,92,2776.0,178.44999999999982,59.34535714285716,28,0,2761.0,2791.0,2791.0,2761.0,153.44999999999982,203.44999999999982
3,93,2806.0,178.44999999999982,57.598378378378385,37,0,2791.0,2821.0,2821.0,2791.0,153.44999999999982,203.44999999999982
3,94,2836.0,178.44999999999982,56.87666666666665,45,0,2821.0,2851.0,2851.0,2821.0,153.44999999999982,203.44999999999982
3,95,2866.0,178.44999999999982,61.88857142857143,21,0,2851.0,2881.0,2881.0,2851.0,153.44999999999982,203.44999999999982
3,96,2896.0,178.44999999999982,65.18064516129031,31,0,2881.0,2911.0,2911.0,2881.0,153.44999999999982,203.44999999999982
3,97,2926.0,178.44999999999982,65.45032258064516,31,0,2911.0,2941.0,2941.0,2911.0,153.44999999999982,203.44999999999982
3,98,2956.0,178.44999999999982,59.448666666666675,30,0,2941.0,2971.0,2971.0,2941.0,153.44999999999982,203.44999999999982
3,99,2986.0,178.44999999999982,59.28615384615385,26,0,2971.0,3001.0,3001.0,2971.0,153.44999999999982,203.44999999999982
3,100,3016.0,178.44999999999982,52.50261904761906,42,0,3001.0,3031.0,3031.0,3001.0,153.44999999999982,203.44999999999982
3,101,3046.0,178.44999999999982,35.194,50,0,3031.0,3061.0,3061.0,3031.0,153.44999999999982,203.44999999999982
3,102,3076.0,178.44999999999982,34.0787037037037,54,0,3061.0,3091.0,3091.0,3061.0,153.44999999999982,203.44999999999982
3,103,3106.0,178.44999999999982,33.75350877192983,57,0,3091.0,3121.0,3121.0,3091.0,153.44999999999982,203.44999999999982
3,104,3136.0,178.44999999999982,37.084285714285706,49,0,3121.0,3151.0,3151.0,3121.0,153.44999999999982,203.44999999999982
3,105,3166.0,178.44999999999982,39.640638297872336,47,0,3151.0,3181.0,3181.0,3151.0,153.44999999999982,203.44999999999982
3,106,3196.0,178.44999999999982,29.986,65,0,3181.0,3211.0,3211.0,3181.0,153.44999999999982,203.44999999999982
3,107,3226.0,178.44999999999982,30.609500000000008,60,0,3211.0,3241.0,3241.0,3211.0,153.44999999999982,203.44999999999982
3,108,3256.0,178.44999999999982,24.045797101449274,69,0,3241.0,3271.0,3271.0,3241.0,153.44999999999982,203.44999999999982
3,109,3286.0,178.44999999999982,20.532083333333336,72,0,3271.0,3301.0,3301.0,3271.0,153.44999999999982,203.44999999999982
3,110,3316.0,178.44999999999982,15.578295454545458,88,0,3301.0,3331.0,3331.0,3301.0,153.44999999999982,203.44999999999982
3,111,3346.0,178.44999999999982,23.443225806451604,62,0,3331.0,3361.0,3361.0,3331.0,153.44999999999982,203.44999999999982
3,112,3376.0,178.44999999999982,26.595555555555553,81,0,3361.0,3391.0,3391.0,3361.0,153.44999999999982,203.44999999999982
3,113,3406.0,178.44999999999982,28.901898734177216,79,0,3391.0,3421.0,3421.0,3391.0,153.44999999999982,203.44999999999982
3,114,3436.0,178.44999999999982,26.141891891891895,74,0,3421.0,3451.0,3451.0,3421.0,153.44999999999982,203.44999999999982
3,115,3466.0,178.44999999999982,27.911142857142853,70,0,3451.0,3481.0,3481.0,3451.0,153.44999999999982,203.44999999999982
3,116,3496.0,178.44999999999982,33.86859649122807,57,0,3481.0,3511.0,3511.0,3481.0,153.44999999999982,203.44999999999982
3,117,3526.0,178.44999999999982,26.685000000000002,48,0,3511.0,3541.0,3541.0,3511.0,153.44999999999982,203.44999999999982
3,118,3556.0,178.44999999999982,25.086440677966113,59,0,3541.0,3571.0,3571.0,3541.0,153.44999999999982,203.44999999999982
3,119,3586.0,178.44999999999982,29.96765624999999,64,0,3571.0,3601.0,3601.0,3571.0,153.44999999999982,203.44999999999982
3,120,3616.0,178.44999999999982,30.490681818181816,44,0,3601.0,3631.0,3631.0,3601.0,153.44999999999982,203.44999999999982
3,121,3646.0,178.44999999999982,,0,0,3631.0,3661.0,3661.0,3631.0,153.44999999999982,203.44999999999982
3,122,3676.0,178.44999999999982,,0,0,3661.0,3691.0,3691.0,3661.0,153.44999999999982,203.44999999999982
3,123,3706.0,178.44999999999982,,0,0,3691.0,3721.0,3721.0,3691.0,153.44999999999982,203.44999999999982
3,124,3736.0,178.44999999999982,,0,0,3721.0,3751.0,3751.0,3721.0,153.44999999999982,203.44999999999982
3,125,3766.0,178.44999999999982,,0,0,3751.0,3781.0,3781.0,3751.0,153.44999999999982,203.44999999999982
3,126,3796.0,178.44999999999982,,0,0,3781.0,3811.0,3811.0,3781.0,153.44999999999982,203.44999999999982
3,127,3826.0,178.44999999999982,,0,0,3811.0,3841.0,3841.0,3811.0,153.44999999999982,203.44999999999982
3,128,3856.0,178.44999999999982,,0,0,3841.0,3871.0,3871.0,3841.0,153.44999999999982,203.44999999999982
3,129,3886.0,178.44999999999982,,0,0,3871.0,3901.0,3901.0,3871.0,153.44999999999982,203.44999999999982
4,0,16.0,228.44999999999982,65.4825,24,0,1.0,31.0,31.0,1.0,203.44999999999982,253.44999999999982
4,1,46.0,228.44999999999982,70.30157894736843,19,0,31.0,61.0,61.0,31.0,203.44999999999982,253.44999999999982
4,2,76.0,228.44999999999982,62.65956521739129,23,0,61.0,91.0,91.0,61.0,203.44999999999982,253.44999999999982
4,3,106.0,228.44999999999982,60.8502380952381,42,0,91.0,121.0,121.0,91.0,203.44999999999982,253.44999999999982
4,4,136.0,228.44999999999982,58.79828571428572,35,0,121.0,151.0,151.0,121.0,203.44999999999982,253.44999999999982
4,5,166.0,228.44999999999982,70.85133333333333,15,0,151.0,181.0,181.0,151.0,203.44999999999982,253.44999999999982
4,6,196.0,228.44999999999982,61.466666666666676,21,0,181.0,211.0,211.0,181.0,203.44999999999982,253.44999999999982
4,7,226.0,228.44999999999982,59.60771428571427,35,0,211.0,241.0,241.0,211.0,203.44999999999982,253.44999999999982
4,8,256.0,228.44999999999982,66.45120000000001,25,0,241.0,271.0,271.0,241.0,203.44999999999982,253.44999999999982
4,9,286.0,228.44999999999982,68.49454545454546,33,0,271.0,301.0,301.0,271.0,203.44999999999982,253.44999999999982
4,10,316.0,228.44999999999982,58.866315789473674,38,0,301.0,331.0,331.0,301.0,203.44999999999982,253.44999999999982
4,11,346.0,228.44999999999982,65.02923076923076,26,0,331.0,361.0,361.0,331.0,203.44999999999982,253.44999999999982
4,12,376.0,228.44999999999982,68.434,15,0,361.0,391.0,391.0,361.0,203.44999999999982,253.44999999999982
4,13,406.0,228.44999999999982,65.63866666666667,30,0,391.0,421.0,421.0,391.0,203.44999999999982,253.44999999999982
4,14,436.0,228.44999999999982,60.54486486486485,37,0,421.0,451.0,451.0,421.0,203.44999999999982,253.44999999999982
4,15,466.0,228.44999999999982,59.888222222222225,45,0,451.0,481.0,481.0,451.0,203.44999999999982,253.44999999999982
4,16,496.0,228.44999999999982,67.73954545454545,22,0,481.0,511.0,511.0,481.0,203.44999999999982,253.44999999999982
4,17,526.0,228.44999999999982,66.37892857142856,32,0,511.0,541.0,541.0,511.0,203.44999999999982,253.44999999999982
4,18,556.0,228.44999999999982,62.494736842105254,19,0,541.0,571.0,571.0,541.0,203.44999999999982,253.44999999999982
4,19,586.0,228.44999999999982,60.70230769230769,39,0,571.0,601.0,601.0,571.0,203.44999999999982,253.44999999999982
4,20,616.0,228.44999999999982,63.30882352941177,17,0,601.0,631.0,631.0,601.0,203.44999999999982,253.44999999999982
4,21,646.0,228.44999999999982,60.18153846153846,39,0,631.0,661.0,661.0,631.0,203.44999999999982,253.44999999999982
4,22,676.0,228.44999999999982,65.99319999999999,25,0,661.0,691.0,691.0,661.0,203.44999999999982,253.44999999999982
4,23,706.0,228.44999999999982,66.51294117647058,17,0,691.0,721.0,721.0,691.0,203.44999999999982,253.44999999999982
4,24,736.0,228.44999999999982,63.653,30,0,721.0,751.0,751.0,721.0,203.44999999999982,253.44999999999982
4,25,766.0,228.44999999999982,61.427916666666675,24,0,751.0,781.0,781.0,751.0,203.44999999999982,253.44999999999982
4,26,796.0,228.44999999999982,60.66105263157897,38,0,781.0,811.0,811.0,781.0,203.44999999999982,253.44999999999982
4,27,826.0,228.44999999999982,59.82454545454547,44,0,811.0,841.0,841.0,811.0,203.44999999999982,253.44999999999982
4,28,856.0,228.44999999999982,59.048285714285704,35,0,841.0,871.0,871.0,841.0,203.44999999999982,253.44999999999982
4,29,886.0,228.44999999999982,57.75512195121952,41,0,871.0,901.0,901.0,871.0,203.44999999999982,253.44999999999982
4,30,916.0,228.44999999999982,53.76541666666668,48,0,901.0,931.0,931.0,901.0,203.44999999999982,253.44999999999982
4,31,946.0,228.44999999999982,54.62352941176469,34,0,931.0,961.0,961.0,931.0,203.44999999999982,253.44999999999982
4,32,976.0,228.44999999999982,61.18192307692308,26,0,961.0,991.0,991.0,961.0,203.44999999999982,253.44999999999982
4,33,1006.0,228.44999999999982,62.55289473684211,38,0,991.0,1021.0,1021.0,991.0,203.44999999999982,253.44999999999982
4,34,1036.0,228.44999999999982,70.40363636363635,22,0,1021.0,1051.0,1051.0,1021.0,203.44999999999982,253.44999999999982
4,35,1066.0,228.44999999999982,65.70529411764706,17,0,1051.0,1081.0,1081.0,1051.0,203.44999999999982,253.44999999999982
4,36,1096.0,228.44999999999982,64.11419354838709,31,0,1081.0,1111.0,1111.0,1081.0,203.44999999999982,253.44999999999982
4,37,1126.0,228.44999999999982,64.84058823529413,17,0,1111.0,1141.0,1141.0,1111.0,203.44999999999982,253.44999999999982
4,38,1156.0,228.44999999999982,66.63380952380953,21,0,1141.0,1171.0,1171.0,1141.0,203.44999999999982,253.44999999999982
4,39,1186.0,228.44999999999982,61.21828571428572,35,0,1171.0,1201.0,1201.0,1171.0,203.44999999999982,253.44999999999982
4,40,1216.0,228.44999999999982,59.914666666666676,30,0,1201.0,1231.0,1231.0,1201.0,203.44999999999982,253.44999999999982
4,41,1246.0,228.44999999999982,63.111250000000005,16,0,1231.0,1261.0,1261.0,1231.0,203.44999999999982,253.44999999999982
4,42,1276.0,228.44999999999982,61.034848484848496,33,0,1261.0,1291.0,1291.0,1261.0,203.44999999999982,253.44999999999982
4,43,1306.0,228.44999999999982,56.870909090909095,33,0,1291.0,1321.0,1321.0,1291.0,203.44999999999982,253.44999999999982
4,44,1336.0,228.44999999999982,60.91727272727273,33,0,1321.0,1351.0,1351.0,1321.0,203.44999999999982,253.44999999999982
4,45,1366.0,228.44999999999982,61.28580645161291,31,0,1351.0,1381.0,1381.0,1351.0,203.44999999999982,253.44999999999982
4,46,1396.0,228.44999999999982,62.30157894736841,38,0,1381.0,1411.0,1411.0,1381.0,203.44999999999982,253.44999999999982
4,47,1426.0,228.44999999999982,68.91842105263159,19,0,1411.0,1441.0,1441.0,1411.0,203.44999999999982,253.44999999999982
4,48,1456.0,228.44999999999982,65.9284375,32,0,1441.0,1471.0,1471.0,1441.0,203.44999999999982,253.44999999999982
4,49,1486.0,228.44999999999982,67.01916666666666,24,0,1471.0,1501.0,1501.0,1471.0,203.44999999999982,253.44999999999982
4,50,1516.0,228.44999999999982,59.86085714285715,35,0,1501.0,1531.0,1531.0,1501.0,203.44999999999982,253.44999999999982
4,51,1546.0,228.44999999999982,68.54233333333333,30,0,1531.0,1561.0,1561.0,1531.0,203.44999999999982,253.44999999999982
4,52,1576.0,228.44999999999982,68.65729999999999,25,0,1561.0,1591.0,1591.0,1561.0,203.44999999999982,253.44999999999982
4,53,1606.0,228.44999999999982,64.62439999999998,25,0,1591.0,1621.0,1621.0,1591.0,203.44999999999982,253.44999999999982
4,54,1636.0,228.44999999999982,61.7976923076923,26,0,1621.0,1651.0,1651.0,1621.0,203.44999999999982,253.44999999999982
4,55,1666.0,228.44999999999982,61.71049999999999,20,0,1651.0,1681.0,1681.0,1651.0,203.44999999999982,253.44999999999982
4,56,1696.0,228.44999999999982,63.094193548387096,31,0,1681.0,1711.0,1711.0,1681.0,203.44999999999982,253.44999999999982
4,57,1726.0,228.44999999999982,56.75007575757575,44,0,1711.0,1741.0,1741.0,1711.0,203.44999999999982,253.44999999999982
4,58,1756.0,228.44999999999982,62.68035714285714,28,0,1741.0,1771.0,1771.0,1741.0,203.44999999999982,253.44999999999982
4,59,1786.0,228.44999999999982,66.0367857142857,28,0,1771.0,1801.0,1801.0,1771.0,203.44999999999982,253.44999999999982
4,60,1816.0,228.44999999999982,67.5085294117647,17,0,1801.0,1831.0,1831.0,1801.0,203.44999999999982,253.44999999999982
4,61,1846.0,228.44999999999982,57.555348837209294,43,0,1831.0,1861.0,1861.0,1831.0,203.44999999999982,253.44999999999982
4,62,1876.0,228.44999999999982,64.4276923076923,26,0,1861.0,1891.0,1891.0,1861.0,203.44999999999982,253.44999999999982
4,63,1906.0,228.44999999999982,65.37972789115645,21,0,1891.0,1921.0,1921.0,1891.0,203.44999999999982,253.44999999999982
4,64,1936.0,228.44999999999982,60.9575,24,0,1921.0,1951.0,1951.0,1921.0,203.44999999999982,253.44999999999982
4,65,1966.0,228.44999999999982,75.14500000000001,10,0,1951.0,1981.0,1981.0,1951.0,203.44999999999982,253.44999999999982
4,66,1996.0,228.44999999999982,58.27006578947369,38,0,1981.0,2011.0,2011.0,1981.0,203.44999999999982,253.44999999999982
4,67,2026.0,228.44999999999982,60.638888888888886,18,0,2011.0,2041.0,2041.0,2011.0,203.44999999999982,253.44999999999982
4,68,2056.0,228.44999999999982,54.2715918367347,35,0,2041.0,2071.0,2071.0,2041.0,203.44999999999982,253.44999999999982
4,69,2086.0,228.44999999999982,52.90807692307692,52,0,2071.0,2101.0,2101.0,2071.0,203.44999999999982,253.44999999999982
4,70,2116.0,228.44999999999982,54.96522727272727,44,0,2101.0,2131.0,2131.0,2101.0,203.44999999999982,253.44999999999982
4,71,2146.0,228.44999999999982,58.52903703703703,45,0,2131.0,2161.0,2161.0,2131.0,203.44999999999982,253.44999999999982
4,72,2176.0,228.44999999999982,58.59121951219512,41,0,2161.0,2191.0,2191.0,2161.0,203.44999999999982,253.44999999999982
4,73,2206.0,228.44999999999982,60.877916666666664,24,0,2191.0,2221.0,2221.0,2191.0,203.44999999999982,253.44999999999982
4,74,2236.0,228.44999999999982,57.90235294117647,34,0,2221.0,2251.0,2251.0,2221.0,203.44999999999982,253.44999999999982
4,75,2266.0,228.44999999999982,56.685909090909085,22,0,2251.0,2281.0,2281.0,2251.0,203.44999999999982,253.44999999999982
4,76,2296.0,228.44999999999982,53.947999999999986,45,0,2281.0,2311.0,2311.0,2281.0,203.44999999999982,253.44999999999982
4,77,2326.0,228.44999999999982,67.3077777777778,18,0,2311.0,2341.0,2341.0,2311.0,203.44999999999982,253.44999999999982
4,78,2356.0,228.44999999999982,62.760344827586216,29,0,2341.0,2371.0,2371.0,2341.0,203.44999999999982,253.44999999999982
4,79,2386.0,228.44999999999982,54.681250000000006,48,0,2371.0,2401.0,2401.0,2371.0,203.44999999999982,253.44999999999982
4,80,2416.0,228.44999999999982,60.04085714285715,35,0,2401.0,2431.0,2431.0,2401.0,203.44999999999982,253.44999999999982
4,81,2446.0,228.44999999999982,67.96227272727275,22,0,2431.0,2461.0,2461.0,2431.0,203.44999999999982,253.44999999999982
4,82,2476.0,228.44999999999982,63.80407407407407,27,0,2461.0,2491.0,2491.0,2461.0,203.44999999999982,253.44999999999982
4,83,2506.0,228.44999999999982,64.2123076923077,39,0,2491.0,2521.0,2521.0,2491.0,203.44999999999982,253.44999999999982
4,84,2536.0,228.44999999999982,67.058,25,0,2521.0,2551.0,2551.0,2521.0,203.44999999999982,253.44999999999982
4,85,2566.0,228.44999999999982,61.23241379310345,29,0,2551.0,2581.0,2581.0,2551.0,203.44999999999982,253.44999999999982
4,86,2596.0,228.44999999999982,59.27869565217391,23,0,2581.0,2611.0,2611.0,2581.0,203.44999999999982,253.44999999999982
4,87,2626.0,228.44999999999982,51.89075000000001,40,0,2611.0,2641.0,2641.0,2611.0,203.44999999999982,253.44999999999982
4,88,2656.0,228.44999999999982,73.03600000000002,15,0,2641.0,2671.0,2671.0,2641.0,203.44999999999982,253.44999999999982
4,89,2686.0,228.44999999999982,69.33142857142857,21,0,2671.0,2701.0,2701.0,2671.0,203.44999999999982,253.44999999999982
4,90,2716.0,228.44999999999982,57.16888888888889,18,0,2701.0,2731.0,2731.0,2701.0,203.44999999999982,253.44999999999982
4,91,2746.0,228.44999999999982,52.284418604651165,43,0,2731.0,2761.0,2761.0,2731.0,203.44999999999982,253.44999999999982
4,92,2776.0,228.44999999999982,57.99533333333332,30,0,2761.0,2791.0,2791.0,2761.0,203.44999999999982,253.44999999999982
4,93,2806.0,228.44999999999982,58.51117647058823,34,0,2791.0,2821.0,2821.0,2791.0,203.44999999999982,253.44999999999982
4,94,2836.0,228.44999999999982,57.11711111111112,45,0,2821.0,2851.0,2851.0,2821.0,203.44999999999982,253.44999999999982
4,95,2866.0,228.44999999999982,60.76619047619048,21,0,2851.0,2881.0,2881.0,2851.0,203.44999999999982,253.44999999999982
4,96,2896.0,228.44999999999982,64.04400000000001,30,0,2881.0,2911.0,2911.0,2881.0,203.44999999999982,253.44999999999982
4,97,2926.0,228.44999999999982,65.71586206896552,29,0,2911.0,2941.0,2941.0,2911.0,203.44999999999982,253.44999999999982
4,98,2956.0,228.44999999999982,59.17000000000001,31,0,2941.0,2971.0,2971.0,2941.0,203.44999999999982,253.44999999999982
4,99,2986.0,228.44999999999982,58.38233333333333,30,0,2971.0,3001.0,3001.0,2971.0,203.44999999999982,253.44999999999982
4,100,3016.0,228.44999999999982,52.52604651162792,43,0,3001.0,3031.0,3031.0,3001.0,203.44999999999982,253.44999999999982
4,101,3046.0,228.44999999999982,35.91396226415094,53,0,3031.0,3061.0,3061.0,3031.0,203.44999999999982,253.44999999999982
4,102,3076.0,228.44999999999982,31.818679245283008,53,0,3061.0,3091.0,3091.0,3061.0,203.44999999999982,253.44999999999982
4,103,3106.0,228.44999999999982,30.604032258064514,62,0,3091.0,3121.0,3121.0,3091.0,203.44999999999982,253.44999999999982
4,104,3136.0,228.44999999999982,29.23384615384614,65,0,3121.0,3151.0,3151.0,3121.0,203.44999999999982,253.44999999999982
4,105,3166.0,228.44999999999982,39.54642857142858,56,0,3151.0,3181.0,3181.0,3151.0,203.44999999999982,253.44999999999982
4,106,3196.0,228.44999999999982,31.08103448275863,58,0,3181.0,3211.0,3211.0,3181.0,203.44999999999982,253.44999999999982
4,107,3226.0,228.44999999999982,25.513571428571417,70,0,3211.0,3241.0,3241.0,3211.0,203.44999999999982,253.44999999999982
4,108,3256.0,228.44999999999982,20.449113924050636,79,0,3241.0,3271.0,3271.0,3241.0,203.44999999999982,253.44999999999982
4,109,3286.0,228.44999999999982,15.178271604938269,81,0,3271.0,3301.0,3301.0,3271.0,203.44999999999982,253.44999999999982
4,110,3316.0,228.44999999999982,19.663999999999994,65,0,3301.0,3331.0,3331.0,3301.0,203.44999999999982,253.44999999999982
4,111,3346.0,228.44999999999982,27.37816666666668,60,0,3331.0,3361.0,3361.0,3331.0,203.44999999999982,253.44999999999982
4,112,3376.0,228.44999999999982,26.826865671641787,67,0,3361.0,3391.0,3391.0,3361.0,203.44999999999982,253.44999999999982
4,113,3406.0,228.44999999999982,24.146774193548392,93,0,3391.0,3421.0,3421.0,3391.0,203.44999999999982,253.44999999999982
4,114,3436.0,228.44999999999982,23.91317647058823,85,0,3421.0,3451.0,3451.0,3421.0,203.44999999999982,253.44999999999982
4,115,3466.0,228.44999999999982,33.37890625000001,64,0,3451.0,3481.0,3481.0,3451.0,203.44999999999982,253.44999999999982
4,116,3496.0,228.44999999999982,34.33836065573771,61,0,3481.0,3511.0,3511.0,3481.0,203.44999999999982,253.44999999999982
4,117,3526.0,228.44999999999982,26.27254545454545,55,0,3511.0,3541.0,3541.0,3511.0,203.44999999999982,253.44999999999982
4,118,3556.0,228.44999999999982,27.49546874999999,64,0,3541.0,3571.0,3571.0,3541.0,203.44999999999982,253.44999999999982
4,119,3586.0,228.44999999999982,24.64123287671233,73,0,3571.0,3601.0,3601.0,3571.0,203.44999999999982,253.44999999999982
4,120,3616.0,228.44999999999982,25.338437500000005,64,0,3601.0,3631.0,3631.0,3601.0,203.44999999999982,253.44999999999982
4,121,3646.0,228.44999999999982,23.755000000000003,10,0,3631.0,3661.0,3661.0,3631.0,203.44999999999982,253.44999999999982
4,122,3676.0,228.44999999999982,,0,0,3661.0,3691.0,3691.0,3661.0,203.44999999999982,253.44999999999982
4,123,3706.0,228.44999999999982,,0,0,3691.0,3721.0,3721.0,3691.0,203.44999999999982,253.44999999999982
4,124,3736.0,228.44999999999982,,0,0,3721.0,3751.0,3751.0,3721.0,203.44999999999982,253.44999999999982
4,125,3766.0,228.44999999999982,,0,0,3751.0,3781.0,3781.0,3751.0,203.44999999999982,253.44999999999982
4,126,3796.0,228.44999999999982,,0,0,3781.0,3811.0,3811.0,3781.0,203.44999999999982,253.44999999999982
4,127,3826.0,228.44999999999982,,0,0,3811.0,3841.0,3841.0,3811.0,203.44999999999982,253.44999999999982
4,128,3856.0,228.44999999999982,,0,0,3841.0,3871.0,3871.0,3841.0,203.44999999999982,253.44999999999982
4,129,3886.0,228.44999999999982,,0,0,3871.0,3901.0,3901.0,3871.0,203.44999999999982,253.44999999999982
5,0,16.0,278.4499999999998,63.0235,20,0,1.0,31.0,31.0,1.0,253.44999999999982,303.4499999999998
5,1,46.0,278.4499999999998,68.94578947368423,19,0,31.0,61.0,61.0,31.0,253.44999999999982,303.4499999999998
5,2,76.0,278.4499999999998,64.13833333333334,24,0,61.0,91.0,91.0,61.0,253.44999999999982,303.4499999999998
5,3,106.0,278.4499999999998,60.536904761904765,42,0,91.0,121.0,121.0,91.0,253.44999999999982,303.4499999999998
5,4,136.0,278.4499999999998,59.73181818181819,33,0,121.0,151.0,151.0,121.0,253.44999999999982,303.4499999999998
5,5,166.0,278.4499999999998,64.02526315789474,19,0,151.0,181.0,181.0,151.0,253.44999999999982,303.4499999999998
5,6,196.0,278.4499999999998,59.63777777777778,18,0,181.0,211.0,211.0,181.0,253.44999999999982,303.4499999999998
5,7,226.0,278.4499999999998,58.41771428571429,35,0,211.0,241.0,241.0,211.0,253.44999999999982,303.4499999999998
5,8,256.0,278.4499999999998,66.04807692307693,26,0,241.0,271.0,271.0,241.0,253.44999999999982,303.4499999999998
5,9,286.0,278.4499999999998,68.59739130434782,23,0,271.0,301.0,301.0,271.0,253.44999999999982,303.4499999999998
5,10,316.0,278.4499999999998,58.85388888888888,36,0,301.0,331.0,331.0,301.0,253.44999999999982,303.4499999999998
5,11,346.0,278.4499999999998,59.936428571428564,28,0,331.0,361.0,361.0,331.0,253.44999999999982,303.4499999999998
5,12,376.0,278.4499999999998,69.4309090909091,11,0,361.0,391.0,391.0,361.0,253.44999999999982,303.4499999999998
5,13,406.0,278.4499999999998,64.99166666666666,24,0,391.0,421.0,421.0,391.0,253.44999999999982,303.4499999999998
5,14,436.0,278.4499999999998,59.22677419354839,31,0,421.0,451.0,451.0,421.0,253.44999999999982,303.4499999999998
5,15,466.0,278.4499999999998,59.12630434782608,46,0,451.0,481.0,481.0,451.0,253.44999999999982,303.4499999999998
5,16,496.0,278.4499999999998,65.3960606060606,22,0,481.0,511.0,511.0,481.0,253.44999999999982,303.4499999999998
5,17,526.0,278.4499999999998,63.512413793103455,29,0,511.0,541.0,541.0,511.0,253.44999999999982,303.4499999999998
5,18,556.0,278.4499999999998,66.446,20,0,541.0,571.0,571.0,541.0,253.44999999999982,303.4499999999998
5,19,586.0,278.4499999999998,61.493714285714276,35,0,571.0,601.0,601.0,571.0,253.44999999999982,303.4499999999998
5,20,616.0,278.4499999999998,62.356666666666655,18,0,601.0,631.0,631.0,601.0,253.44999999999982,303.4499999999998
5,21,646.0,278.4499999999998,60.876285714285714,35,0,631.0,661.0,661.0,631.0,253.44999999999982,303.4499999999998
5,22,676.0,278.4499999999998,64.81217391304348,23,0,661.0,691.0,691.0,661.0,253.44999999999982,303.4499999999998
5,23,706.0,278.4499999999998,66.19866666666667,15,0,691.0,721.0,721.0,691.0,253.44999999999982,303.4499999999998
5,24,736.0,278.4499999999998,64.53630952380952,28,0,721.0,751.0,751.0,721.0,253.44999999999982,303.4499999999998
5,25,766.0,278.4499999999998,63.62641975308642,18,0,751.0,781.0,781.0,751.0,253.44999999999982,303.4499999999998
5,26,796.0,278.4499999999998,59.9814705882353,34,0,781.0,811.0,811.0,781.0,253.44999999999982,303.4499999999998
5,27,826.0,278.4499999999998,58.11666666666666,45,0,811.0,841.0,841.0,811.0,253.44999999999982,303.4499999999998
5,28,856.0,278.4499999999998,59.256129032258066,31,0,841.0,871.0,871.0,841.0,253.44999999999982,303.4499999999998
5,29,886.0,278.4499999999998,58.801666666666655,36,0,871.0,901.0,901.0,871.0,253.44999999999982,303.4499999999998
5,30,916.0,278.4499999999998,53.07059999999999,50,0,901.0,931.0,931.0,901.0,253.44999999999982,303.4499999999998
5,31,946.0,278.4499999999998,51.95806451612903,31,0,931.0,961.0,961.0,931.0,253.44999999999982,303.4499999999998
5,32,976.0,278.4499999999998,61.81041666666667,24,0,961.0,991.0,991.0,961.0,253.44999999999982,303.4499999999998
5,33,1006.0,278.4499999999998,60.754999999999995,36,0,991.0,1021.0,1021.0,991.0,253.44999999999982,303.4499999999998
5,34,1036.0,278.4499999999998,69.64076923076922,26,0,1021.0,1051.0,1051.0,1021.0,253.44999999999982,303.4499999999998
5,35,1066.0,278.4499999999998,67.62916666666668,12,0,1051.0,1081.0,1081.0,1051.0,253.44999999999982,303.4499999999998
5,36,1096.0,278.4499999999998,64.03142857142858,35,0,1081.0,1111.0,1111.0,1081.0,253.44999999999982,303.4499999999998
5,37,1126.0,278.4499999999998,64.92,16,0,1111.0,1141.0,1141.0,1111.0,253.44999999999982,303.4499999999998
5,38,1156.0,278.4499999999998,67.2371,25,0,1141.0,1171.0,1171.0,1141.0,253.44999999999982,303.4499999999998
5,39,1186.0,278.4499999999998,60.63823529411764,34,0,1171.0,1201.0,1201.0,1171.0,253.44999999999982,303.4499999999998
5,40,1216.0,278.4499999999998,60.318518518518516,27,0,1201.0,1231.0,1231.0,1201.0,253.44999999999982,303.4499999999998
5,41,1246.0,278.4499999999998,64.38666666666667,15,0,1231.0,1261.0,1261.0,1231.0,253.44999999999982,303.4499999999998
5,42,1276.0,278.4499999999998,61.25235294117647,34,0,1261.0,1291.0,1291.0,1261.0,253.44999999999982,303.4499999999998
5,43,1306.0,278.4499999999998,56.21566666666666,30,0,1291.0,1321.0,1321.0,1291.0,253.44999999999982,303.4499999999998
5,44,1336.0,278.4499999999998,61.877187500000005,32,0,1321.0,1351.0,1351.0,1321.0,253.44999999999982,303.4499999999998
5,45,1366.0,278.4499999999998,63.444687500000015,32,0,1351.0,1381.0,1381.0,1351.0,253.44999999999982,303.4499999999998
5,46,1396.0,278.4499999999998,61.49371428571429,35,0,1381.0,1411.0,1411.0,1381.0,253.44999999999982,303.4499999999998
5,47,1426.0,278.4499999999998,68.33722222222222,18,0,1411.0,1441.0,1441.0,1411.0,253.44999999999982,303.4499999999998
5,48,1456.0,278.4499999999998,67.09750000000001,28,0,1441.0,1471.0,1471.0,1441.0,253.44999999999982,303.4499999999998
5,49,1486.0,278.4499999999998,67.28958333333334,24,0,1471.0,1501.0,1501.0,1471.0,253.44999999999982,303.4499999999998
5,50,1516.0,278.4499999999998,60.426944444444445,36,0,1501.0,1531.0,1531.0,1501.0,253.44999999999982,303.4499999999998
5,51,1546.0,278.4499999999998,66.54215053763441,31,0,1531.0,1561.0,1561.0,1531.0,253.44999999999982,303.4499999999998
5,52,1576.0,278.4499999999998,66.328125,16,0,1561.0,1591.0,1591.0,1561.0,253.44999999999982,303.4499999999998
5,53,1606.0,278.4499999999998,65.68375,24,0,1591.0,1621.0,1621.0,1591.0,253.44999999999982,303.4499999999998
5,54,1636.0,278.4499999999998,61.63777777777778,27,0,1621.0,1651.0,1651.0,1621.0,253.44999999999982,303.4499999999998
5,55,1666.0,278.4499999999998,62.682500000000005,20,0,1651.0,1681.0,1681.0,1651.0,253.44999999999982,303.4499999999998
5,56,1696.0,278.4499999999998,62.90133333333334,30,0,1681.0,1711.0,1711.0,1681.0,253.44999999999982,303.4499999999998
5,57,1726.0,278.4499999999998,60.640625,32,0,1711.0,1741.0,1741.0,1711.0,253.44999999999982,303.4499999999998
5,58,1756.0,278.4499999999998,60.856874999999995,32,0,1741.0,1771.0,1771.0,1741.0,253.44999999999982,303.4499999999998
5,59,1786.0,278.4499999999998,65.924375,32,0,1771.0,1801.0,1801.0,1771.0,253.44999999999982,303.4499999999998
5,60,1816.0,278.4499999999998,69.2825,16,0,1801.0,1831.0,1831.0,1801.0,253.44999999999982,303.4499999999998
5,61,1846.0,278.4499999999998,58.25274999999999,40,0,1831.0,1861.0,1861.0,1831.0,253.44999999999982,303.4499999999998
5,62,1876.0,278.4499999999998,62.52269230769231,26,0,1861.0,1891.0,1891.0,1861.0,253.44999999999982,303.4499999999998
5,63,1906.0,278.4499999999998,65.6510344827586,29,0,1891.0,1921.0,1921.0,1891.0,253.44999999999982,303.4499999999998
5,64,1936.0,278.4499999999998,60.40826086956522,23,0,1921.0,1951.0,1951.0,1921.0,253.44999999999982,303.4499999999998
5,65,1966.0,278.4499999999998,72.17461538461538,13,0,1951.0,1981.0,1981.0,1951.0,253.44999999999982,303.4499999999998
5,66,1996.0,278.4499999999998,59.41277777777777,36,0,1981.0,2011.0,2011.0,1981.0,253.44999999999982,303.4499999999998
5,67,2026.0,278.4499999999998,59.398421052631576,19,0,2011.0,2041.0,2041.0,2011.0,253.44999999999982,303.4499999999998
5,68,2056.0,278.4499999999998,53.57137931034484,29,0,2041.0,2071.0,2071.0,2041.0,253.44999999999982,303.4499999999998
5,69,2086.0,278.4499999999998,52.777872340425525,47,0,2071.0,2101.0,2101.0,2071.0,253.44999999999982,303.4499999999998
5,70,2116.0,278.4499999999998,52.94333333333333,43,0,2101.0,2131.0,2131.0,2101.0,253.44999999999982,303.4499999999998
5,71,2146.0,278.4499999999998,59.58571428571428,42,0,2131.0,2161.0,2161.0,2131.0,253.44999999999982,303.4499999999998
5,72,2176.0,278.4499999999998,57.89227272727273,44,0,2161.0,2191.0,2191.0,2161.0,253.44999999999982,303.4499999999998
5,73,2206.0,278.4499999999998,59.8355172413793,29,0,2191.0,2221.0,2221.0,2191.0,253.44999999999982,303.4499999999998
5,74,2236.0,278.4499999999998,57.27033333333333,30,0,2221.0,2251.0,2251.0,2221.0,253.44999999999982,303.4499999999998
5,75,2266.0,278.4499999999998,55.400625,16,0,2251.0,2281.0,2281.0,2251.0,253.44999999999982,303.4499999999998
5,76,2296.0,278.4499999999998,53.60086956521738,46,0,2281.0,2311.0,2311.0,2281.0,253.44999999999982,303.4499999999998
5,77,2326.0,278.4499999999998,66.02157894736843,19,0,2311.0,2341.0,2341.0,2311.0,253.44999999999982,303.4499999999998
5,78,2356.0,278.4499999999998,61.90080000000001,25,0,2341.0,2371.0,2371.0,2341.0,253.44999999999982,303.4499999999998
5,79,2386.0,278.4499999999998,52.3908695652174,46,0,2371.0,2401.0,2401.0,2371.0,253.44999999999982,303.4499999999998
5,80,2416.0,278.4499999999998,59.3207894736842,38,0,2401.0,2431.0,2431.0,2401.0,253.44999999999982,303.4499999999998
5,81,2446.0,278.4499999999998,67.53479999999999,25,0,2431.0,2461.0,2461.0,2431.0,253.44999999999982,303.4499999999998
5,82,2476.0,278.4499999999998,63.88888888888888,27,0,2461.0,2491.0,2491.0,2461.0,253.44999999999982,303.4499999999998
5,83,2506.0,278.4499999999998,63.63432432432432,37,0,2491.0,2521.0,2521.0,2491.0,253.44999999999982,303.4499999999998
5,84,2536.0,278.4499999999998,67.74217391304349,23,0,2521.0,2551.0,2551.0,2521.0,253.44999999999982,303.4499999999998
5,85,2566.0,278.4499999999998,60.041328125000014,32,0,2551.0,2581.0,2581.0,2551.0,253.44999999999982,303.4499999999998
5,86,2596.0,278.4499999999998,60.59125000000001,16,0,2581.0,2611.0,2611.0,2581.0,253.44999999999982,303.4499999999998
5,87,2626.0,278.4499999999998,54.05021739130434,46,0,2611.0,2641.0,2641.0,2611.0,253.44999999999982,303.4499999999998
5,88,2656.0,278.4499999999998,74.04555555555555,18,0,2641.0,2671.0,2671.0,2641.0,253.44999999999982,303.4499999999998
5,89,2686.0,278.4499999999998,69.06105263157895,19,0,2671.0,2701.0,2701.0,2671.0,253.44999999999982,303.4499999999998
5,90,2716.0,278.4499999999998,65.3507142857143,14,0,2701.0,2731.0,2731.0,2701.0,253.44999999999982,303.4499999999998
5,91,2746.0,278.4499999999998,49.63163265306121,49,0,2731.0,2761.0,2761.0,2731.0,253.44999999999982,303.4499999999998
5,92,2776.0,278.4499999999998,56.725312499999994,32,0,2761.0,2791.0,2791.0,2761.0,253.44999999999982,303.4499999999998
5,93,2806.0,278.4499999999998,57.49545454545454,33,0,2791.0,2821.0,2821.0,2791.0,253.44999999999982,303.4499999999998
5,94,2836.0,278.4499999999998,56.38891304347826,46,0,2821.0,2851.0,2851.0,2821.0,253.44999999999982,303.4499999999998
5,95,2866.0,278.4499999999998,58.51583333333334,24,0,2851.0,2881.0,2881.0,2851.0,253.44999999999982,303.4499999999998
5,96,2896.0,278.4499999999998,63.97000000000001,34,0,2881.0,2911.0,2911.0,2881.0,253.44999999999982,303.4499999999998
5,97,2926.0,278.4499999999998,63.666521739130424,23,0,2911.0,2941.0,2941.0,2911.0,253.44999999999982,303.4499999999998
5,98,2956.0,278.4499999999998,58.67218749999999,32,0,2941.0,2971.0,2971.0,2941.0,253.44999999999982,303.4499999999998
5,99,2986.0,278.4499999999998,57.99620689655172,29,0,2971.0,3001.0,3001.0,2971.0,253.44999999999982,303.4499999999998
5,100,3016.0,278.4499999999998,51.726285714285716,35,0,3001.0,3031.0,3031.0,3001.0,253.44999999999982,303.4499999999998
5,101,3046.0,278.4499999999998,34.52883333333333,60,0,3031.0,3061.0,3061.0,3031.0,253.44999999999982,303.4499999999998
5,102,3076.0,278.4499999999998,34.15224489795918,49,0,3061.0,3091.0,3091.0,3061.0,253.44999999999982,303.4499999999998
5,103,3106.0,278.4499999999998,34.690000000000005,53,0,3091.0,3121.0,3121.0,3091.0,253.44999999999982,303.4499999999998
5,104,3136.0,278.4499999999998,31.56490196078431,51,0,3121.0,3151.0,3151.0,3121.0,253.44999999999982,303.4499999999998
5,105,3166.0,278.4499999999998,37.177818181818175,55,0,3151.0,3181.0,3181.0,3151.0,253.44999999999982,303.4499999999998
5,106,3196.0,278.4499999999998,31.159636363636363,55,0,3181.0,3211.0,3211.0,3181.0,253.44999999999982,303.4499999999998
5,107,3226.0,278.4499999999998,26.525384615384617,65,0,3211.0,3241.0,3241.0,3211.0,253.44999999999982,303.4499999999998
5,108,3256.0,278.4499999999998,19.75811594202898,69,0,3241.0,3271.0,3271.0,3241.0,253.44999999999982,303.4499999999998
5,109,3286.0,278.4499999999998,19.663030303030308,66,0,3271.0,3301.0,3301.0,3271.0,253.44999999999982,303.4499999999998
5,110,3316.0,278.4499999999998,27.12159090909091,44,0,3301.0,3331.0,3331.0,3301.0,253.44999999999982,303.4499999999998
5,111,3346.0,278.4499999999998,31.2298,50,0,3331.0,3361.0,3361.0,3331.0,253.44999999999982,303.4499999999998
5,112,3376.0,278.4499999999998,33.689215686274515,51,0,3361.0,3391.0,3391.0,3361.0,253.44999999999982,303.4499999999998
5,113,3406.0,278.4499999999998,30.62909090909091,66,0,3391.0,3421.0,3421.0,3391.0,253.44999999999982,303.4499999999998
5,114,3436.0,278.4499999999998,25.276410256410266,78,0,3421.0,3451.0,3451.0,3421.0,253.44999999999982,303.4499999999998
5,115,3466.0,278.4499999999998,33.37811594202899,69,0,3451.0,3481.0,3481.0,3451.0,253.44999999999982,303.4499999999998
5,116,3496.0,278.4499999999998,33.496792452830185,53,0,3481.0,3511.0,3511.0,3481.0,253.44999999999982,303.4499999999998
5,117,3526.0,278.4499999999998,24.1125,68,0,3511.0,3541.0,3541.0,3511.0,253.44999999999982,303.4499999999998
5,118,3556.0,278.4499999999998,26.545833333333327,60,0,3541.0,3571.0,3571.0,3541.0,253.44999999999982,303.4499999999998
5,119,3586.0,278.4499999999998,23.732816901408444,71,0,3571.0,3601.0,3601.0,3571.0,253.44999999999982,303.4499999999998
5,120,3616.0,278.4499999999998,23.15613333333333,75,0,3601.0,3631.0,3631.0,3601.0,253.44999999999982,303.4499999999998
5,121,3646.0,278.4499999999998,29.26,14,0,3631.0,3661.0,3661.0,3631.0,253.44999999999982,303.4499999999998
5,122,3676.0,278.4499999999998,,0,0,3661.0,3691.0,3691.0,3661.0,253.44999999999982,303.4499999999998
5,123,3706.0,278.4499999999998,,0,0,3691.0,3721.0,3721.0,3691.0,253.44999999999982,303.4499999999998
5,124,3736.0,278.4499999999998,,0,0,3721.0,3751.0,3751.0,3721.0,253.44999999999982,303.4499999999998
5,125,3766.0,278.4499999999998,,0,0,3751.0,3781.0,3781.0,3751.0,253.44999999999982,303.4499999999998
5,126,3796.0,278.4499999999998,,0,0,3781.0,3811.0,3811.0,3781.0,253.44999999999982,303.4499999999998
5,127,3826.0,278.4499999999998,,0,0,3811.0,3841.0,3841.0,3811.0,253.44999999999982,303.4499999999998
5,128,3856.0,278.4499999999998,,0,0,3841.0,3871.0,3871.0,3841.0,253.44999999999982,303.4499999999998
5,129,3886.0,278.4499999999998,,0,0,3871.0,3901.0,3901.0,3871.0,253.44999999999982,303.4499999999998
6,0,16.0,328.4499999999998,65.12304347826088,23,0,1.0,31.0,31.0,1.0,303.4499999999998,353.4499999999998
6,1,46.0,328.4499999999998,71.51619047619049,21,0,31.0,61.0,61.0,31.0,303.4499999999998,353.4499999999998
6,2,76.0,328.4499999999998,65.44238095238094,21,0,61.0,91.0,91.0,61.0,303.4499999999998,353.4499999999998
6,3,106.0,328.4499999999998,62.26054054054051,37,0,91.0,121.0,121.0,91.0,303.4499999999998,353.4499999999998
6,4,136.0,328.4499999999998,62.915,32,0,121.0,151.0,151.0,121.0,303.4499999999998,353.4499999999998
6,5,166.0,328.4499999999998,64.25545454545453,22,0,151.0,181.0,181.0,151.0,303.4499999999998,353.4499999999998
6,6,196.0,328.4499999999998,62.86895424836602,17,0,181.0,211.0,211.0,181.0,303.4499999999998,353.4499999999998
6,7,226.0,328.4499999999998,60.05125,32,0,211.0,241.0,241.0,211.0,303.4499999999998,353.4499999999998
6,8,256.0,328.4499999999998,66.04241379310345,29,0,241.0,271.0,271.0,241.0,303.4499999999998,353.4499999999998
6,9,286.0,328.4499999999998,70.355,22,0,271.0,301.0,301.0,271.0,303.4499999999998,353.4499999999998
6,10,316.0,328.4499999999998,60.50823529411764,34,0,301.0,331.0,331.0,301.0,303.4499999999998,353.4499999999998
6,11,346.0,328.4499999999998,60.528235294117664,34,0,331.0,361.0,361.0,331.0,303.4499999999998,353.4499999999998
6,12,376.0,328.4499999999998,72.1490909090909,11,0,361.0,391.0,391.0,361.0,303.4499999999998,353.4499999999998
6,13,406.0,328.4499999999998,67.81130434782607,23,0,391.0,421.0,421.0,391.0,303.4499999999998,353.4499999999998
6,14,436.0,328.4499999999998,59.56068965517241,29,0,421.0,451.0,451.0,421.0,303.4499999999998,353.4499999999998
6,15,466.0,328.4499999999998,60.70692307692306,52,0,451.0,481.0,481.0,451.0,303.4499999999998,353.4499999999998
6,16,496.0,328.4499999999998,64.47666666666667,24,0,481.0,511.0,511.0,481.0,303.4499999999998,353.4499999999998
6,17,526.0,328.4499999999998,65.30310344827585,29,0,511.0,541.0,541.0,511.0,303.4499999999998,353.4499999999998
6,18,556.0,328.4499999999998,71.88699999999999,20,0,541.0,571.0,571.0,541.0,303.4499999999998,353.4499999999998
6,19,586.0,328.4499999999998,62.80781250000001,32,0,571.0,601.0,601.0,571.0,303.4499999999998,353.4499999999998
6,20,616.0,328.4499999999998,62.7375,20,0,601.0,631.0,631.0,601.0,303.4499999999998,353.4499999999998
6,21,646.0,328.4499999999998,62.57736842105263,38,0,631.0,661.0,661.0,631.0,303.4499999999998,353.4499999999998
6,22,676.0,328.4499999999998,66.5340625,24,0,661.0,691.0,691.0,661.0,303.4499999999998,353.4499999999998
6,23,706.0,328.4499999999998,66.17941176470588,17,0,691.0,721.0,721.0,691.0,303.4499999999998,353.4499999999998
6,24,736.0,328.4499999999998,65.12913043478262,23,0,721.0,751.0,751.0,721.0,303.4499999999998,353.4499999999998
6,25,766.0,328.4499999999998,65.68238636363635,22,0,751.0,781.0,781.0,751.0,303.4499999999998,353.4499999999998
6,26,796.0,328.4499999999998,62.46805555555555,36,0,781.0,811.0,811.0,781.0,303.4499999999998,353.4499999999998
6,27,826.0,328.4499999999998,59.50586956521739,46,0,811.0,841.0,841.0,811.0,303.4499999999998,353.4499999999998
6,28,856.0,328.4499999999998,60.998571428571424,35,0,841.0,871.0,871.0,841.0,303.4499999999998,353.4499999999998
6,29,886.0,328.4499999999998,60.63564102564102,39,0,871.0,901.0,901.0,871.0,303.4499999999998,353.4499999999998
6,30,916.0,328.4499999999998,54.07446808510638,47,0,901.0,931.0,931.0,901.0,303.4499999999998,353.4499999999998
6,31,946.0,328.4499999999998,53.33878787878788,33,0,931.0,961.0,961.0,931.0,303.4499999999998,353.4499999999998
6,32,976.0,328.4499999999998,63.285172413793106,29,0,961.0,991.0,991.0,961.0,303.4499999999998,353.4499999999998
6,33,1006.0,328.4499999999998,61.70552631578947,38,0,991.0,1021.0,1021.0,991.0,303.4499999999998,353.4499999999998
6,34,1036.0,328.4499999999998,70.0548,25,0,1021.0,1051.0,1051.0,1021.0,303.4499999999998,353.4499999999998
6,35,1066.0,328.4499999999998,70.01166666666666,12,0,1051.0,1081.0,1081.0,1051.0,303.4499999999998,353.4499999999998
6,36,1096.0,328.4499999999998,65.67057142857142,35,0,1081.0,1111.0,1111.0,1081.0,303.4499999999998,353.4499999999998
6,37,1126.0,328.4499999999998,65.98764705882353,17,0,1111.0,1141.0,1141.0,1111.0,303.4499999999998,353.4499999999998
6,38,1156.0,328.4499999999998,67.65928571428573,28,0,1141.0,1171.0,1171.0,1141.0,303.4499999999998,353.4499999999998
6,39,1186.0,328.4499999999998,63.199166666666684,36,0,1171.0,1201.0,1201.0,1171.0,303.4499999999998,353.4499999999998
6,40,1216.0,328.4499999999998,59.23378787878787,22,0,1201.0,1231.0,1231.0,1201.0,303.4499999999998,353.4499999999998
6,41,1246.0,328.4499999999998,64.35578947368421,19,0,1231.0,1261.0,1261.0,1231.0,303.4499999999998,353.4499999999998
6,42,1276.0,328.4499999999998,64.61806451612904,31,0,1261.0,1291.0,1291.0,1261.0,303.4499999999998,353.4499999999998
6,43,1306.0,328.4499999999998,57.78628571428571,35,0,1291.0,1321.0,1321.0,1291.0,303.4499999999998,353.4499999999998
6,44,1336.0,328.4499999999998,62.925806451612914,31,0,1321.0,1351.0,1351.0,1321.0,303.4499999999998,353.4499999999998
6,45,1366.0,328.4499999999998,63.22833333333334,30,0,1351.0,1381.0,1381.0,1351.0,303.4499999999998,353.4499999999998
6,46,1396.0,328.4499999999998,63.10945945945945,37,0,1381.0,1411.0,1411.0,1381.0,303.4499999999998,353.4499999999998
6,47,1426.0,328.4499999999998,69.83607142857142,28,0,1411.0,1441.0,1441.0,1411.0,303.4499999999998,353.4499999999998
6,48,1456.0,328.4499999999998,70.15333333333335,21,0,1441.0,1471.0,1471.0,1441.0,303.4499999999998,353.4499999999998
6,49,1486.0,328.4499999999998,69.36083333333335,24,0,1471.0,1501.0,1501.0,1471.0,303.4499999999998,353.4499999999998
6,50,1516.0,328.4499999999998,62.34714285714286,35,0,1501.0,1531.0,1531.0,1501.0,303.4499999999998,353.4499999999998
6,51,1546.0,328.4499999999998,65.91143369175627,31,0,1531.0,1561.0,1561.0,1531.0,303.4499999999998,353.4499999999998
6,52,1576.0,328.4499999999998,69.22,17,0,1561.0,1591.0,1591.0,1561.0,303.4499999999998,353.4499999999998
6,53,1606.0,328.4499999999998,66.66782608695652,23,0,1591.0,1621.0,1621.0,1591.0,303.4499999999998,353.4499999999998
6,54,1636.0,328.4499999999998,63.84142857142857,28,0,1621.0,1651.0,1651.0,1621.0,303.4499999999998,353.4499999999998
6,55,1666.0,328.4499999999998,64.39434782608696,23,0,1651.0,1681.0,1681.0,1651.0,303.4499999999998,353.4499999999998
6,56,1696.0,328.4499999999998,64.00071428571428,28,0,1681.0,1711.0,1711.0,1681.0,303.4499999999998,353.4499999999998
6,57,1726.0,328.4499999999998,63.59344827586207,29,0,1711.0,1741.0,1741.0,1711.0,303.4499999999998,353.4499999999998
6,58,1756.0,328.4499999999998,61.89633333333333,30,0,1741.0,1771.0,1771.0,1741.0,303.4499999999998,353.4499999999998
6,59,1786.0,328.4499999999998,66.27655172413792,29,0,1771.0,1801.0,1801.0,1771.0,303.4499999999998,353.4499999999998
6,60,1816.0,328.4499999999998,72.523125,16,0,1801.0,1831.0,1831.0,1801.0,303.4499999999998,353.4499999999998
6,61,1846.0,328.4499999999998,60.423076923076934,39,0,1831.0,1861.0,1861.0,1831.0,303.4499999999998,353.4499999999998
6,62,1876.0,328.4499999999998,63.37791666666666,24,0,1861.0,1891.0,1891.0,1861.0,303.4499999999998,353.4499999999998
6,63,1906.0,328.4499999999998,66.24999999999999,26,0,1891.0,1921.0,1921.0,1891.0,303.4499999999998,353.4499999999998
6,64,1936.0,328.4499999999998,63.20159999999999,25,0,1921.0,1951.0,1951.0,1921.0,303.4499999999998,353.4499999999998
6,65,1966.0,328.4499999999998,75.55100000000002,10,0,1951.0,1981.0,1981.0,1951.0,303.4499999999998,353.4499999999998
6,66,1996.0,328.4499999999998,64.32259259259257,27,0,1981.0,2011.0,2011.0,1981.0,303.4499999999998,353.4499999999998
6,67,2026.0,328.4499999999998,56.63733333333333,30,0,2011.0,2041.0,2041.0,2011.0,303.4499999999998,353.4499999999998
6,68,2056.0,328.4499999999998,57.652608695652155,23,0,2041.0,2071.0,2071.0,2041.0,303.4499999999998,353.4499999999998
6,69,2086.0,328.4499999999998,54.48901960784314,51,0,2071.0,2101.0,2101.0,2071.0,303.4499999999998,353.4499999999998
6,70,2116.0,328.4499999999998,52.72048780487805,41,0,2101.0,2131.0,2131.0,2101.0,303.4499999999998,353.4499999999998
6,71,2146.0,328.4499999999998,61.36800000000001,45,0,2131.0,2161.0,2161.0,2131.0,303.4499999999998,353.4499999999998
6,72,2176.0,328.4499999999998,60.64083333333334,36,0,2161.0,2191.0,2191.0,2161.0,303.4499999999998,353.4499999999998
6,73,2206.0,328.4499999999998,63.81999999999999,32,0,2191.0,2221.0,2221.0,2191.0,303.4499999999998,353.4499999999998
6,74,2236.0,328.4499999999998,57.751379310344824,29,0,2221.0,2251.0,2251.0,2221.0,303.4499999999998,353.4499999999998
6,75,2266.0,328.4499999999998,60.07875,16,0,2251.0,2281.0,2281.0,2251.0,303.4499999999998,353.4499999999998
6,76,2296.0,328.4499999999998,56.68261904761904,42,0,2281.0,2311.0,2311.0,2281.0,303.4499999999998,353.4499999999998
6,77,2326.0,328.4499999999998,65.0025,24,0,2311.0,2341.0,2341.0,2311.0,303.4499999999998,353.4499999999998
6,78,2356.0,328.4499999999998,64.62363636363638,22,0,2341.0,2371.0,2371.0,2341.0,303.4499999999998,353.4499999999998
6,79,2386.0,328.4499999999998,53.81372093023256,43,0,2371.0,2401.0,2401.0,2371.0,303.4499999999998,353.4499999999998
6,80,2416.0,328.4499999999998,60.027058823529416,34,0,2401.0,2431.0,2431.0,2401.0,303.4499999999998,353.4499999999998
6,81,2446.0,328.4499999999998,67.64159999999998,25,0,2431.0,2461.0,2461.0,2431.0,303.4499999999998,353.4499999999998
6,82,2476.0,328.4499999999998,66.23736263736264,26,0,2461.0,2491.0,2491.0,2461.0,303.4499999999998,353.4499999999998
6,83,2506.0,328.4499999999998,65.4088888888889,36,0,2491.0,2521.0,2521.0,2491.0,303.4499999999998,353.4499999999998
6,84,2536.0,328.4499999999998,68.94399999999999,25,0,2521.0,2551.0,2551.0,2521.0,303.4499999999998,353.4499999999998
6,85,2566.0,328.4499999999998,62.40896551724137,29,0,2551.0,2581.0,2581.0,2551.0,303.4499999999998,353.4499999999998
6,86,2596.0,328.4499999999998,63.881249999999994,16,0,2581.0,2611.0,2611.0,2581.0,303.4499999999998,353.4499999999998
6,87,2626.0,328.4499999999998,57.091860465116284,43,0,2611.0,2641.0,2641.0,2611.0,303.4499999999998,353.4499999999998
6,88,2656.0,328.4499999999998,74.40833333333335,18,0,2641.0,2671.0,2671.0,2641.0,303.4499999999998,353.4499999999998
6,89,2686.0,328.4499999999998,70.48588235294116,17,0,2671.0,2701.0,2701.0,2671.0,303.4499999999998,353.4499999999998
6,90,2716.0,328.4499999999998,74.50444444444446,9,0,2701.0,2731.0,2731.0,2701.0,303.4499999999998,353.4499999999998
6,91,2746.0,328.4499999999998,47.14960784313725,51,0,2731.0,2761.0,2761.0,2731.0,303.4499999999998,353.4499999999998
6,92,2776.0,328.4499999999998,56.52351351351352,37,0,2761.0,2791.0,2791.0,2761.0,303.4499999999998,353.4499999999998
6,93,2806.0,328.4499999999998,59.47,32,0,2791.0,2821.0,2821.0,2791.0,303.4499999999998,353.4499999999998
6,94,2836.0,328.4499999999998,58.20767441860465,43,0,2821.0,2851.0,2851.0,2821.0,303.4499999999998,353.4499999999998
6,95,2866.0,328.4499999999998,59.894444444444446,27,0,2851.0,2881.0,2881.0,2851.0,303.4499999999998,353.4499999999998
6,96,2896.0,328.4499999999998,66.00733333333332,30,0,2881.0,2911.0,2911.0,2881.0,303.4499999999998,353.4499999999998
6,97,2926.0,328.4499999999998,65.13434782608697,23,0,2911.0,2941.0,2941.0,2911.0,303.4499999999998,353.4499999999998
6,98,2956.0,328.4499999999998,58.99066666666666,30,0,2941.0,2971.0,2971.0,2941.0,303.4499999999998,353.4499999999998
6,99,2986.0,328.4499999999998,59.94827586206897,29,0,2971.0,3001.0,3001.0,2971.0,303.4499999999998,353.4499999999998
6,100,3016.0,328.4499999999998,55.11766666666666,30,0,3001.0,3031.0,3031.0,3001.0,303.4499999999998,353.4499999999998
6,101,3046.0,328.4499999999998,34.1101724137931,58,0,3031.0,3061.0,3061.0,3031.0,303.4499999999998,353.4499999999998
6,102,3076.0,328.4499999999998,37.00000000000001,44,0,3061.0,3091.0,3091.0,3061.0,303.4499999999998,353.4499999999998
6,103,3106.0,328.4499999999998,36.23166666666666,54,0,3091.0,3121.0,3121.0,3091.0,303.4499999999998,353.4499999999998
6,104,3136.0,328.4499999999998,35.72036363636363,55,0,3121.0,3151.0,3151.0,3121.0,303.4499999999998,353.4499999999998
6,105,3166.0,328.4499999999998,37.619259259259266,54,0,3151.0,3181.0,3181.0,3151.0,303.4499999999998,353.4499999999998
6,106,3196.0,328.4499999999998,32.96285714285714,57,0,3181.0,3211.0,3211.0,3181.0,303.4499999999998,353.4499999999998
6,107,3226.0,328.4499999999998,28.88482142857142,56,0,3211.0,3241.0,3241.0,3211.0,303.4499999999998,353.4499999999998
6,108,3256.0,328.4499999999998,20.2945054945055,91,0,3241.0,3271.0,3271.0,3241.0,303.4499999999998,353.4499999999998
6,109,3286.0,328.4499999999998,24.808888888888887,63,0,3271.0,3301.0,3301.0,3271.0,303.4499999999998,353.4499999999998
6,110,3316.0,328.4499999999998,33.28102564102564,39,0,3301.0,3331.0,3331.0,3301.0,303.4499999999998,353.4499999999998
6,111,3346.0,328.4499999999998,36.58234042553191,47,0,3331.0,3361.0,3361.0,3331.0,303.4499999999998,353.4499999999998
6,112,3376.0,328.4499999999998,39.72999999999999,35,0,3361.0,3391.0,3391.0,3361.0,303.4499999999998,353.4499999999998
6,113,3406.0,328.4499999999998,38.24818181818182,55,0,3391.0,3421.0,3421.0,3391.0,303.4499999999998,353.4499999999998
6,114,3436.0,328.4499999999998,35.268333333333324,54,0,3421.0,3451.0,3451.0,3421.0,303.4499999999998,353.4499999999998
6,115,3466.0,328.4499999999998,35.00746268656716,67,0,3451.0,3481.0,3481.0,3451.0,303.4499999999998,353.4499999999998
6,116,3496.0,328.4499999999998,30.130178571428576,56,0,3481.0,3511.0,3511.0,3481.0,303.4499999999998,353.4499999999998
6,117,3526.0,328.4499999999998,25.162702702702703,74,0,3511.0,3541.0,3541.0,3511.0,303.4499999999998,353.4499999999998
6,118,3556.0,328.4499999999998,26.49737704918033,61,0,3541.0,3571.0,3571.0,3541.0,303.4499999999998,353.4499999999998
6,119,3586.0,328.4499999999998,25.267692307692304,65,0,3571.0,3601.0,3601.0,3571.0,303.4499999999998,353.4499999999998
6,120,3616.0,328.4499999999998,26.491724137931033,58,0,3601.0,3631.0,3631.0,3601.0,303.4499999999998,353.4499999999998
6,121,3646.0,328.4499999999998,35.09518518518518,27,0,3631.0,3661.0,3661.0,3631.0,303.4499999999998,353.4499999999998
6,122,3676.0,328.4499999999998,,0,0,3661.0,3691.0,3691.0,3661.0,303.4499999999998,353.4499999999998
6,123,3706.0,328.4499999999998,,0,0,3691.0,3721.0,3721.0,3691.0,303.4499999999998,353.4499999999998
6,124,3736.0,328.4499999999998,,0,0,3721.0,3751.0,3751.0,3721.0,303.4499999999998,353.4499999999998
6,125,3766.0,328.4499999999998,,0,0,3751.0,3781.0,3781.0,3751.0,303.4499999999998,353.4499999999998
6,126,3796.0,328.4499999999998,,0,0,3781.0,3811.0,3811.0,3781.0,303.4499999999998,353.4499999999998
6,127,3826.0,328.4499999999998,,0,0,3811.0,3841.0,3841.0,3811.0,303.4499999999998,353.4499999999998
6,128,3856.0,328.4499999999998,,0,0,3841.0,3871.0,3871.0,3841.0,303.4499999999998,353.4499999999998
6,129,3886.0,328.4499999999998,,0,0,3871.0,3901.0,3901.0,3871.0,303.4499999999998,353.4499999999998
7,0,16.0,378.4499999999998,65.61084415584416,22,0,1.0,31.0,31.0,1.0,353.4499999999998,403.4499999999998
7,1,46.0,378.4499999999998,71.11956521739128,23,0,31.0,61.0,61.0,31.0,353.4499999999998,403.4499999999998
7,2,76.0,378.4499999999998,65.2945,20,0,61.0,91.0,91.0,61.0,353.4499999999998,403.4499999999998
7,3,106.0,378.4499999999998,62.67666666666667,36,0,91.0,121.0,121.0,91.0,353.4499999999998,403.4499999999998
7,4,136.0,378.4499999999998,62.787499999999994,32,0,121.0,151.0,151.0,121.0,353.4499999999998,403.4499999999998
7,5,166.0,378.4499999999998,64.59615384615384,26,0,151.0,181.0,181.0,151.0,353.4499999999998,403.4499999999998
7,6,196.0,378.4499999999998,65.71933333333334,15,0,181.0,211.0,211.0,181.0,353.4499999999998,403.4499999999998
7,7,226.0,378.4499999999998,60.361,30,0,211.0,241.0,241.0,211.0,353.4499999999998,403.4499999999998
7,8,256.0,378.4499999999998,64.25894736842105,38,0,241.0,271.0,271.0,241.0,353.4499999999998,403.4499999999998
7,9,286.0,378.4499999999998,69.52999999999999,24,0,271.0,301.0,301.0,271.0,353.4499999999998,403.4499999999998
7,10,316.0,378.4499999999998,61.135172413793114,29,0,301.0,331.0,331.0,301.0,353.4499999999998,403.4499999999998
7,11,346.0,378.4499999999998,60.461666666666666,36,0,331.0,361.0,361.0,331.0,353.4499999999998,403.4499999999998
7,12,376.0,378.4499999999998,72.39,7,0,361.0,391.0,391.0,361.0,353.4499999999998,403.4499999999998
7,13,406.0,378.4499999999998,67.44439999999997,25,0,391.0,421.0,421.0,391.0,353.4499999999998,403.4499999999998
7,14,436.0,378.4499999999998,60.795517241379315,29,0,421.0,451.0,451.0,421.0,353.4499999999998,403.4499999999998
7,15,466.0,378.4499999999998,60.30777777777779,54,0,451.0,481.0,481.0,451.0,353.4499999999998,403.4499999999998
7,16,496.0,378.4499999999998,63.08444444444446,27,0,481.0,511.0,511.0,481.0,353.4499999999998,403.4499999999998
7,17,526.0,378.4499999999998,60.30740740740739,27,0,511.0,541.0,541.0,511.0,353.4499999999998,403.4499999999998
7,18,556.0,378.4499999999998,70.51533333333332,15,0,541.0,571.0,571.0,541.0,353.4499999999998,403.4499999999998
7,19,586.0,378.4499999999998,62.897187499999994,32,0,571.0,601.0,601.0,571.0,353.4499999999998,403.4499999999998
7,20,616.0,378.4499999999998,65.55416666666667,21,0,601.0,631.0,631.0,601.0,353.4499999999998,403.4499999999998
7,21,646.0,378.4499999999998,62.36555555555557,36,0,631.0,661.0,661.0,631.0,353.4499999999998,403.4499999999998
7,22,676.0,378.4499999999998,66.07375,24,0,661.0,691.0,691.0,661.0,353.4499999999998,403.4499999999998
7,23,706.0,378.4499999999998,64.71799999999999,20,0,691.0,721.0,721.0,691.0,353.4499999999998,403.4499999999998
7,24,736.0,378.4499999999998,64.91058823529411,17,0,721.0,751.0,751.0,721.0,353.4499999999998,403.4499999999998
7,25,766.0,378.4499999999998,65.3647619047619,21,0,751.0,781.0,781.0,751.0,353.4499999999998,403.4499999999998
7,26,796.0,378.4499999999998,60.74685714285715,35,0,781.0,811.0,811.0,781.0,353.4499999999998,403.4499999999998
7,27,826.0,378.4499999999998,61.65926829268293,41,0,811.0,841.0,841.0,811.0,353.4499999999998,403.4499999999998
7,28,856.0,378.4499999999998,60.489,40,0,841.0,871.0,871.0,841.0,353.4499999999998,403.4499999999998
7,29,886.0,378.4499999999998,61.18828571428573,35,0,871.0,901.0,901.0,871.0,353.4499999999998,403.4499999999998
7,30,916.0,378.4499999999998,55.105652173913036,46,0,901.0,931.0,931.0,901.0,353.4499999999998,403.4499999999998
7,31,946.0,378.4499999999998,53.91243243243244,37,0,931.0,961.0,961.0,931.0,353.4499999999998,403.4499999999998
7,32,976.0,378.4499999999998,63.725,28,0,961.0,991.0,991.0,961.0,353.4499999999998,403.4499999999998
7,33,1006.0,378.4499999999998,61.361282051282046,39,0,991.0,1021.0,1021.0,991.0,353.4499999999998,403.4499999999998
7,34,1036.0,378.4499999999998,67.26602564102565,26,0,1021.0,1051.0,1051.0,1021.0,353.4499999999998,403.4499999999998
7,35,1066.0,378.4499999999998,71.2,14,0,1051.0,1081.0,1081.0,1051.0,353.4499999999998,403.4499999999998
7,36,1096.0,378.4499999999998,66.91793103448275,29,0,1081.0,1111.0,1111.0,1081.0,353.4499999999998,403.4499999999998
7,37,1126.0,378.4499999999998,63.93545454545456,22,0,1111.0,1141.0,1141.0,1111.0,353.4499999999998,403.4499999999998
7,38,1156.0,378.4499999999998,67.62260869565218,23,0,1141.0,1171.0,1171.0,1141.0,353.4499999999998,403.4499999999998
7,39,1186.0,378.4499999999998,63.541249999999984,32,0,1171.0,1201.0,1201.0,1171.0,353.4499999999998,403.4499999999998
7,40,1216.0,378.4499999999998,58.76478260869564,23,0,1201.0,1231.0,1231.0,1201.0,353.4499999999998,403.4499999999998
7,41,1246.0,378.4499999999998,64.59105263157895,19,0,1231.0,1261.0,1261.0,1231.0,353.4499999999998,403.4499999999998
7,42,1276.0,378.4499999999998,64.82374999999999,32,0,1261.0,1291.0,1291.0,1261.0,353.4499999999998,403.4499999999998
7,43,1306.0,378.4499999999998,59.183548387096785,31,0,1291.0,1321.0,1321.0,1291.0,353.4499999999998,403.4499999999998
7,44,1336.0,378.4499999999998,63.25296296296297,27,0,1321.0,1351.0,1351.0,1321.0,353.4499999999998,403.4499999999998
7,45,1366.0,378.4499999999998,61.27750000000001,40,0,1351.0,1381.0,1381.0,1351.0,353.4499999999998,403.4499999999998
7,46,1396.0,378.4499999999998,62.55,37,0,1381.0,1411.0,1411.0,1381.0,353.4499999999998,403.4499999999998
7,47,1426.0,378.4499999999998,69.86400000000002,25,0,1411.0,1441.0,1441.0,1411.0,353.4499999999998,403.4499999999998
7,48,1456.0,378.4499999999998,69.70349999999999,20,0,1441.0,1471.0,1471.0,1441.0,353.4499999999998,403.4499999999998
7,49,1486.0,378.4499999999998,69.0547619047619,21,0,1471.0,1501.0,1501.0,1471.0,353.4499999999998,403.4499999999998
7,50,1516.0,378.4499999999998,64.48200000000001,40,0,1501.0,1531.0,1531.0,1501.0,353.4499999999998,403.4499999999998
7,51,1546.0,378.4499999999998,63.273030303030296,33,0,1531.0,1561.0,1561.0,1531.0,353.4499999999998,403.4499999999998
7,52,1576.0,378.4499999999998,71.586,15,0,1561.0,1591.0,1591.0,1561.0,353.4499999999998,403.4499999999998
7,53,1606.0,378.4499999999998,66.46000000000001,29,0,1591.0,1621.0,1621.0,1591.0,353.4499999999998,403.4499999999998
7,54,1636.0,378.4499999999998,64.57416666666667,24,0,1621.0,1651.0,1651.0,1621.0,353.4499999999998,403.4499999999998
7,55,1666.0,378.4499999999998,64.17333333333333,27,0,1651.0,1681.0,1681.0,1651.0,353.4499999999998,403.4499999999998
7,56,1696.0,378.4499999999998,63.35142857142858,28,0,1681.0,1711.0,1711.0,1681.0,353.4499999999998,403.4499999999998
7,57,1726.0,378.4499999999998,64.40535714285714,28,0,1711.0,1741.0,1741.0,1711.0,353.4499999999998,403.4499999999998
7,58,1756.0,378.4499999999998,63.33785714285714,28,0,1741.0,1771.0,1771.0,1741.0,353.4499999999998,403.4499999999998
7,59,1786.0,378.4499999999998,65.07333333333334,33,0,1771.0,1801.0,1801.0,1771.0,353.4499999999998,403.4499999999998
7,60,1816.0,378.4499999999998,71.765,22,0,1801.0,1831.0,1831.0,1801.0,353.4499999999998,403.4499999999998
7,61,1846.0,378.4499999999998,60.238857142857135,35,0,1831.0,1861.0,1861.0,1831.0,353.4499999999998,403.4499999999998
7,62,1876.0,378.4499999999998,64.63769230769232,26,0,1861.0,1891.0,1891.0,1861.0,353.4499999999998,403.4499999999998
7,63,1906.0,378.4499999999998,65.76965517241382,29,0,1891.0,1921.0,1921.0,1891.0,353.4499999999998,403.4499999999998
7,64,1936.0,378.4499999999998,62.87461538461538,26,0,1921.0,1951.0,1951.0,1921.0,353.4499999999998,403.4499999999998
7,65,1966.0,378.4499999999998,71.18928571428572,14,0,1951.0,1981.0,1981.0,1951.0,353.4499999999998,403.4499999999998
7,66,1996.0,378.4499999999998,66.57090909090908,22,0,1981.0,2011.0,2011.0,1981.0,353.4499999999998,403.4499999999998
7,67,2026.0,378.4499999999998,55.006052631578946,38,0,2011.0,2041.0,2041.0,2011.0,353.4499999999998,403.4499999999998
7,68,2056.0,378.4499999999998,59.666875,16,0,2041.0,2071.0,2071.0,2041.0,353.4499999999998,403.4499999999998
7,69,2086.0,378.4499999999998,54.81583333333335,48,0,2071.0,2101.0,2101.0,2071.0,353.4499999999998,403.4499999999998
7,70,2116.0,378.4499999999998,55.15564102564103,39,0,2101.0,2131.0,2131.0,2101.0,353.4499999999998,403.4499999999998
7,71,2146.0,378.4499999999998,59.22708333333335,48,0,2131.0,2161.0,2161.0,2131.0,353.4499999999998,403.4499999999998
7,72,2176.0,378.4499999999998,61.056111111111136,36,0,2161.0,2191.0,2191.0,2161.0,353.4499999999998,403.4499999999998
7,73,2206.0,378.4499999999998,63.00083333333331,36,0,2191.0,2221.0,2221.0,2191.0,353.4499999999998,403.4499999999998
7,74,2236.0,378.4499999999998,59.70970588235294,34,0,2221.0,2251.0,2251.0,2221.0,353.4499999999998,403.4499999999998
7,75,2266.0,378.4499999999998,60.682727272727284,11,0,2251.0,2281.0,2281.0,2251.0,353.4499999999998,403.4499999999998
7,76,2296.0,378.4499999999998,58.56875,40,0,2281.0,2311.0,2311.0,2281.0,353.4499999999998,403.4499999999998
7,77,2326.0,378.4499999999998,62.54559523809523,28,0,2311.0,2341.0,2341.0,2311.0,353.4499999999998,403.4499999999998
7,78,2356.0,378.4499999999998,64.49904761904762,21,0,2341.0,2371.0,2371.0,2341.0,353.4499999999998,403.4499999999998
7,79,2386.0,378.4499999999998,54.604523809523805,42,0,2371.0,2401.0,2401.0,2371.0,353.4499999999998,403.4499999999998
7,80,2416.0,378.4499999999998,59.525151515151514,33,0,2401.0,2431.0,2431.0,2401.0,353.4499999999998,403.4499999999998
7,81,2446.0,378.4499999999998,64.67464285714287,28,0,2431.0,2461.0,2461.0,2431.0,353.4499999999998,403.4499999999998
7,82,2476.0,378.4499999999998,67.3468181818182,22,0,2461.0,2491.0,2491.0,2461.0,353.4499999999998,403.4499999999998
7,83,2506.0,378.4499999999998,66.21297297297296,37,0,2491.0,2521.0,2521.0,2491.0,353.4499999999998,403.4499999999998
7,84,2536.0,378.4499999999998,68.77866666666665,30,0,2521.0,2551.0,2551.0,2521.0,353.4499999999998,403.4499999999998
7,85,2566.0,378.4499999999998,62.42692307692308,26,0,2551.0,2581.0,2581.0,2551.0,353.4499999999998,403.4499999999998
7,86,2596.0,378.4499999999998,62.762000000000015,20,0,2581.0,2611.0,2611.0,2581.0,353.4499999999998,403.4499999999998
7,87,2626.0,378.4499999999998,58.980232558139534,43,0,2611.0,2641.0,2641.0,2611.0,353.4499999999998,403.4499999999998
7,88,2656.0,378.4499999999998,72.9095,20,0,2641.0,2671.0,2671.0,2641.0,353.4499999999998,403.4499999999998
7,89,2686.0,378.4499999999998,70.44947368421053,19,0,2671.0,2701.0,2701.0,2671.0,353.4499999999998,403.4499999999998
7,90,2716.0,378.4499999999998,75.54307692307691,13,0,2701.0,2731.0,2731.0,2701.0,353.4499999999998,403.4499999999998
7,91,2746.0,378.4499999999998,48.4635460992908,47,0,2731.0,2761.0,2761.0,2731.0,353.4499999999998,403.4499999999998
7,92,2776.0,378.4499999999998,54.48282051282051,39,0,2761.0,2791.0,2791.0,2761.0,353.4499999999998,403.4499999999998
7,93,2806.0,378.4499999999998,59.83633333333334,30,0,2791.0,2821.0,2821.0,2791.0,353.4499999999998,403.4499999999998
7,94,2836.0,378.4499999999998,58.055714285714274,49,0,2821.0,2851.0,2851.0,2821.0,353.4499999999998,403.4499999999998
7,95,2866.0,378.4499999999998,59.84310344827585,29,0,2851.0,2881.0,2881.0,2851.0,353.4499999999998,403.4499999999998
7,96,2896.0,378.4499999999998,66.11896551724138,29,0,2881.0,2911.0,2911.0,2881.0,353.4499999999998,403.4499999999998
7,97,2926.0,378.4499999999998,65.545,20,0,2911.0,2941.0,2941.0,2911.0,353.4499999999998,403.4499999999998
7,98,2956.0,378.4499999999998,57.17558823529412,34,0,2941.0,2971.0,2971.0,2941.0,353.4499999999998,403.4499999999998
7,99,2986.0,378.4499999999998,59.97125,32,0,2971.0,3001.0,3001.0,2971.0,353.4499999999998,403.4499999999998
7,100,3016.0,378.4499999999998,54.78483870967742,31,0,3001.0,3031.0,3031.0,3001.0,353.4499999999998,403.4499999999998
7,101,3046.0,378.4499999999998,38.709399999999995,50,0,3031.0,3061.0,3061.0,3031.0,353.4499999999998,403.4499999999998
7,102,3076.0,378.4499999999998,35.32224489795918,49,0,3061.0,3091.0,3091.0,3061.0,353.4499999999998,403.4499999999998
7,103,3106.0,378.4499999999998,30.995737704918035,61,0,3091.0,3121.0,3121.0,3091.0,353.4499999999998,403.4499999999998
7,104,3136.0,378.4499999999998,37.269999999999996,50,0,3121.0,3151.0,3151.0,3121.0,353.4499999999998,403.4499999999998
7,105,3166.0,378.4499999999998,37.9990566037736,53,0,3151.0,3181.0,3181.0,3151.0,353.4499999999998,403.4499999999998
7,106,3196.0,378.4499999999998,33.52637931034482,58,0,3181.0,3211.0,3211.0,3181.0,353.4499999999998,403.4499999999998
7,107,3226.0,378.4499999999998,23.446455696202523,79,0,3211.0,3241.0,3241.0,3211.0,353.4499999999998,403.4499999999998
7,108,3256.0,378.4499999999998,15.077368421052629,95,0,3241.0,3271.0,3271.0,3241.0,353.4499999999998,403.4499999999998
7,109,3286.0,378.4499999999998,29.638644067796612,59,0,3271.0,3301.0,3301.0,3271.0,353.4499999999998,403.4499999999998
7,110,3316.0,378.4499999999998,33.9454761904762,42,0,3301.0,3331.0,3331.0,3301.0,353.4499999999998,403.4499999999998
7,111,3346.0,378.4499999999998,38.45104166666666,48,0,3331.0,3361.0,3361.0,3331.0,353.4499999999998,403.4499999999998
7,112,3376.0,378.4499999999998,42.09944444444445,36,0,3361.0,3391.0,3391.0,3361.0,353.4499999999998,403.4499999999998
7,113,3406.0,378.4499999999998,43.78381818181818,55,0,3391.0,3421.0,3421.0,3391.0,353.4499999999998,403.4499999999998
7,114,3436.0,378.4499999999998,42.15282608695652,46,0,3421.0,3451.0,3451.0,3421.0,353.4499999999998,403.4499999999998
7,115,3466.0,378.4499999999998,36.605,62,0,3451.0,3481.0,3481.0,3451.0,353.4499999999998,403.4499999999998
7,116,3496.0,378.4499999999998,28.510634920634914,63,0,3481.0,3511.0,3511.0,3481.0,353.4499999999998,403.4499999999998
7,117,3526.0,378.4499999999998,20.072826086956518,92,0,3511.0,3541.0,3541.0,3511.0,353.4499999999998,403.4499999999998
7,118,3556.0,378.4499999999998,25.185245901639348,61,0,3541.0,3571.0,3571.0,3541.0,353.4499999999998,403.4499999999998
7,119,3586.0,378.4499999999998,24.048450704225356,71,0,3571.0,3601.0,3601.0,3571.0,353.4499999999998,403.4499999999998
7,120,3616.0,378.4499999999998,30.371617647058837,68,0,3601.0,3631.0,3631.0,3601.0,353.4499999999998,403.4499999999998
7,121,3646.0,378.4499999999998,38.125483870967734,31,0,3631.0,3661.0,3661.0,3631.0,353.4499999999998,403.4499999999998
7,122,3676.0,378.4499999999998,,0,0,3661.0,3691.0,3691.0,3661.0,353.4499999999998,403.4499999999998
7,123,3706.0,378.4499999999998,,0,0,3691.0,3721.0,3721.0,3691.0,353.4499999999998,403.4499999999998
7,124,3736.0,378.4499999999998,,0,0,3721.0,3751.0,3751.0,3721.0,353.4499999999998,403.4499999999998
7,125,3766.0,378.4499999999998,,0,0,3751.0,3781.0,3781.0,3751.0,353.4499999999998,403.4499999999998
7,126,3796.0,378.4499999999998,,0,0,3781.0,3811.0,3811.0,3781.0,353.4499999999998,403.4499999999998
7,127,3826.0,378.4499999999998,,0,0,3811.0,3841.0,3841.0,3811.0,353.4499999999998,403.4499999999998
7,128,3856.0,378.4499999999998,,0,0,3841.0,3871.0,3871.0,3841.0,353.4499999999998,403.4499999999998
7,129,3886.0,378.4499999999998,,0,0,3871.0,3901.0,3901.0,3871.0,353.4499999999998,403.4499999999998
8,0,16.0,428.4499999999998,65.09857142857143,21,0,1.0,31.0,31.0,1.0,403.4499999999998,453.4499999999998
8,1,46.0,428.4499999999998,69.3414814814815,27,0,31.0,61.0,61.0,31.0,403.4499999999998,453.4499999999998
8,2,76.0,428.4499999999998,65.0621052631579,19,0,61.0,91.0,91.0,61.0,403.4499999999998,453.4499999999998
8,3,106.0,428.4499999999998,61.6658064516129,31,0,91.0,121.0,121.0,91.0,403.4499999999998,453.4499999999998
8,4,136.0,428.4499999999998,61.31875,32,0,121.0,151.0,151.0,121.0,403.4499999999998,453.4499999999998
8,5,166.0,428.4499999999998,61.58115384615384,26,0,151.0,181.0,181.0,151.0,403.4499999999998,453.4499999999998
8,6,196.0,428.4499999999998,67.07916666666667,12,0,181.0,211.0,211.0,181.0,403.4499999999998,453.4499999999998
8,7,226.0,428.4499999999998,58.960322580645155,31,0,211.0,241.0,241.0,211.0,403.4499999999998,453.4499999999998
8,8,256.0,428.4499999999998,61.685833333333335,36,0,241.0,271.0,271.0,241.0,403.4499999999998,453.4499999999998
8,9,286.0,428.4499999999998,66.9304,25,0,271.0,301.0,301.0,271.0,403.4499999999998,453.4499999999998
8,10,316.0,428.4499999999998,61.305600000000005,25,0,301.0,331.0,331.0,301.0,403.4499999999998,453.4499999999998
8,11,346.0,428.4499999999998,58.0159126984127,36,0,331.0,361.0,361.0,331.0,403.4499999999998,453.4499999999998
8,12,376.0,428.4499999999998,70.5123076923077,13,0,361.0,391.0,391.0,361.0,403.4499999999998,453.4499999999998
8,13,406.0,428.4499999999998,64.66176470588235,17,0,391.0,421.0,421.0,391.0,403.4499999999998,453.4499999999998
8,14,436.0,428.4499999999998,61.525862068965516,29,0,421.0,451.0,451.0,421.0,403.4499999999998,453.4499999999998
8,15,466.0,428.4499999999998,57.82518518518518,54,0,451.0,481.0,481.0,451.0,403.4499999999998,453.4499999999998
8,16,496.0,428.4499999999998,58.52275862068966,29,0,481.0,511.0,511.0,481.0,403.4499999999998,453.4499999999998
8,17,526.0,428.4499999999998,58.593235294117655,34,0,511.0,541.0,541.0,511.0,403.4499999999998,453.4499999999998
8,18,556.0,428.4499999999998,68.67444444444443,18,0,541.0,571.0,571.0,541.0,403.4499999999998,453.4499999999998
8,19,586.0,428.4499999999998,59.95666666666667,36,0,571.0,601.0,601.0,571.0,403.4499999999998,453.4499999999998
8,20,616.0,428.4499999999998,60.03888888888889,18,0,601.0,631.0,631.0,601.0,403.4499999999998,453.4499999999998
8,21,646.0,428.4499999999998,60.986500000000035,40,0,631.0,661.0,661.0,631.0,403.4499999999998,453.4499999999998
8,22,676.0,428.4499999999998,64.56678571428571,28,0,661.0,691.0,691.0,661.0,403.4499999999998,453.4499999999998
8,23,706.0,428.4499999999998,61.60956521739129,23,0,691.0,721.0,721.0,691.0,403.4499999999998,453.4499999999998
8,24,736.0,428.4499999999998,65.13470588235293,17,0,721.0,751.0,751.0,721.0,403.4499999999998,453.4499999999998
8,25,766.0,428.4499999999998,61.87142857142856,28,0,751.0,781.0,781.0,751.0,403.4499999999998,453.4499999999998
8,26,796.0,428.4499999999998,60.03578947368421,38,0,781.0,811.0,811.0,781.0,403.4499999999998,453.4499999999998
8,27,826.0,428.4499999999998,60.78648648648648,37,0,811.0,841.0,841.0,811.0,403.4499999999998,453.4499999999998
8,28,856.0,428.4499999999998,59.454102564102556,39,0,841.0,871.0,871.0,841.0,403.4499999999998,453.4499999999998
8,29,886.0,428.4499999999998,59.81513513513513,37,0,871.0,901.0,901.0,871.0,403.4499999999998,453.4499999999998
8,30,916.0,428.4499999999998,55.0504347826087,46,0,901.0,931.0,931.0,901.0,403.4499999999998,453.4499999999998
8,31,946.0,428.4499999999998,52.84775,40,0,931.0,961.0,961.0,931.0,403.4499999999998,453.4499999999998
8,32,976.0,428.4499999999998,61.0341935483871,31,0,961.0,991.0,991.0,961.0,403.4499999999998,453.4499999999998
8,33,1006.0,428.4499999999998,58.611538461538444,39,0,991.0,1021.0,1021.0,991.0,403.4499999999998,453.4499999999998
8,34,1036.0,428.4499999999998,63.11845238095237,28,0,1021.0,1051.0,1051.0,1021.0,403.4499999999998,453.4499999999998
8,35,1066.0,428.4499999999998,68.89200000000001,10,0,1051.0,1081.0,1081.0,1051.0,403.4499999999998,453.4499999999998
8,36,1096.0,428.4499999999998,64.79519841269841,36,0,1081.0,1111.0,1111.0,1081.0,403.4499999999998,453.4499999999998
8,37,1126.0,428.4499999999998,59.864615384615384,26,0,1111.0,1141.0,1141.0,1111.0,403.4499999999998,453.4499999999998
8,38,1156.0,428.4499999999998,64.23499999999999,26,0,1141.0,1171.0,1171.0,1141.0,403.4499999999998,453.4499999999998
8,39,1186.0,428.4499999999998,61.44818181818181,33,0,1171.0,1201.0,1201.0,1171.0,403.4499999999998,453.4499999999998
8,40,1216.0,428.4499999999998,56.983809523809526,21,0,1201.0,1231.0,1231.0,1201.0,403.4499999999998,453.4499999999998
8,41,1246.0,428.4499999999998,61.69107142857143,28,0,1231.0,1261.0,1261.0,1231.0,403.4499999999998,453.4499999999998
8,42,1276.0,428.4499999999998,59.77916666666665,24,0,1261.0,1291.0,1291.0,1261.0,403.4499999999998,453.4499999999998
8,43,1306.0,428.4499999999998,58.78187499999998,32,0,1291.0,1321.0,1321.0,1291.0,403.4499999999998,453.4499999999998
8,44,1336.0,428.4499999999998,60.55275862068966,29,0,1321.0,1351.0,1351.0,1321.0,403.4499999999998,453.4499999999998
8,45,1366.0,428.4499999999998,58.82,41,0,1351.0,1381.0,1381.0,1351.0,403.4499999999998,453.4499999999998
8,46,1396.0,428.4499999999998,60.32869565217393,46,0,1381.0,1411.0,1411.0,1381.0,403.4499999999998,453.4499999999998
8,47,1426.0,428.4499999999998,66.43760000000002,25,0,1411.0,1441.0,1441.0,1411.0,403.4499999999998,453.4499999999998
8,48,1456.0,428.4499999999998,68.4747619047619,21,0,1441.0,1471.0,1471.0,1441.0,403.4499999999998,453.4499999999998
8,49,1486.0,428.4499999999998,65.12000000000002,23,0,1471.0,1501.0,1501.0,1471.0,403.4499999999998,453.4499999999998
8,50,1516.0,428.4499999999998,61.87157894736843,38,0,1501.0,1531.0,1531.0,1501.0,403.4499999999998,453.4499999999998
8,51,1546.0,428.4499999999998,60.61194444444445,36,0,1531.0,1561.0,1561.0,1531.0,403.4499999999998,453.4499999999998
8,52,1576.0,428.4499999999998,72.1957894736842,19,0,1561.0,1591.0,1591.0,1561.0,403.4499999999998,453.4499999999998
8,53,1606.0,428.4499999999998,64.51586206896553,29,0,1591.0,1621.0,1621.0,1591.0,403.4499999999998,453.4499999999998
8,54,1636.0,428.4499999999998,62.328571428571436,21,0,1621.0,1651.0,1651.0,1621.0,403.4499999999998,453.4499999999998
8,55,1666.0,428.4499999999998,62.355000000000004,20,0,1651.0,1681.0,1681.0,1651.0,403.4499999999998,453.4499999999998
8,56,1696.0,428.4499999999998,61.59423076923079,26,0,1681.0,1711.0,1711.0,1681.0,403.4499999999998,453.4499999999998
8,57,1726.0,428.4499999999998,63.144,35,0,1711.0,1741.0,1741.0,1711.0,403.4499999999998,453.4499999999998
8,58,1756.0,428.4499999999998,60.52181818181819,33,0,1741.0,1771.0,1771.0,1741.0,403.4499999999998,453.4499999999998
8,59,1786.0,428.4499999999998,61.79580645161291,31,0,1771.0,1801.0,1801.0,1771.0,403.4499999999998,453.4499999999998
8,60,1816.0,428.4499999999998,67.98296296296296,27,0,1801.0,1831.0,1831.0,1801.0,403.4499999999998,453.4499999999998
8,61,1846.0,428.4499999999998,58.26941176470587,34,0,1831.0,1861.0,1861.0,1831.0,403.4499999999998,453.4499999999998
8,62,1876.0,428.4499999999998,61.23806451612902,31,0,1861.0,1891.0,1891.0,1861.0,403.4499999999998,453.4499999999998
8,63,1906.0,428.4499999999998,63.30874999999999,32,0,1891.0,1921.0,1921.0,1891.0,403.4499999999998,453.4499999999998
8,64,1936.0,428.4499999999998,60.83909090909091,22,0,1921.0,1951.0,1951.0,1921.0,403.4499999999998,453.4499999999998
8,65,1966.0,428.4499999999998,66.13157894736844,19,0,1951.0,1981.0,1981.0,1951.0,403.4499999999998,453.4499999999998
8,66,1996.0,428.4499999999998,70.44958333333332,24,0,1981.0,2011.0,2011.0,1981.0,403.4499999999998,453.4499999999998
8,67,2026.0,428.4499999999998,53.484117647058824,34,0,2011.0,2041.0,2041.0,2011.0,403.4499999999998,453.4499999999998
8,68,2056.0,428.4499999999998,57.45076923076924,13,0,2041.0,2071.0,2071.0,2041.0,403.4499999999998,453.4499999999998
8,69,2086.0,428.4499999999998,55.65933333333332,45,0,2071.0,2101.0,2101.0,2071.0,403.4499999999998,453.4499999999998
8,70,2116.0,428.4499999999998,55.09864864864865,37,0,2101.0,2131.0,2131.0,2101.0,403.4499999999998,453.4499999999998
8,71,2146.0,428.4499999999998,56.35,49,0,2131.0,2161.0,2161.0,2131.0,403.4499999999998,453.4499999999998
8,72,2176.0,428.4499999999998,58.339749999999995,40,0,2161.0,2191.0,2191.0,2161.0,403.4499999999998,453.4499999999998
8,73,2206.0,428.4499999999998,62.049749999999996,40,0,2191.0,2221.0,2221.0,2191.0,403.4499999999998,453.4499999999998
8,74,2236.0,428.4499999999998,58.103750000000005,32,0,2221.0,2251.0,2251.0,2221.0,403.4499999999998,453.4499999999998
8,75,2266.0,428.4499999999998,58.705,10,0,2251.0,2281.0,2281.0,2251.0,403.4499999999998,453.4499999999998
8,76,2296.0,428.4499999999998,57.811627906976746,43,0,2281.0,2311.0,2311.0,2281.0,403.4499999999998,453.4499999999998
8,77,2326.0,428.4499999999998,58.2603448275862,29,0,2311.0,2341.0,2341.0,2311.0,403.4499999999998,453.4499999999998
8,78,2356.0,428.4499999999998,59.97315789473684,19,0,2341.0,2371.0,2371.0,2341.0,403.4499999999998,453.4499999999998
8,79,2386.0,428.4499999999998,54.62232558139535,43,0,2371.0,2401.0,2401.0,2371.0,403.4499999999998,453.4499999999998
8,80,2416.0,428.4499999999998,56.52971428571429,35,0,2401.0,2431.0,2431.0,2401.0,403.4499999999998,453.4499999999998
8,81,2446.0,428.4499999999998,61.39346153846156,26,0,2431.0,2461.0,2461.0,2431.0,403.4499999999998,453.4499999999998
8,82,2476.0,428.4499999999998,63.5656,25,0,2461.0,2491.0,2491.0,2461.0,403.4499999999998,453.4499999999998
8,83,2506.0,428.4499999999998,64.11410256410255,39,0,2491.0,2521.0,2521.0,2491.0,403.4499999999998,453.4499999999998
8,84,2536.0,428.4499999999998,67.45421052631578,19,0,2521.0,2551.0,2551.0,2521.0,403.4499999999998,453.4499999999998
8,85,2566.0,428.4499999999998,59.94971428571428,35,0,2551.0,2581.0,2581.0,2551.0,403.4499999999998,453.4499999999998
8,86,2596.0,428.4499999999998,59.40529411764706,17,0,2581.0,2611.0,2611.0,2581.0,403.4499999999998,453.4499999999998
8,87,2626.0,428.4499999999998,57.107948717948716,39,0,2611.0,2641.0,2641.0,2611.0,403.4499999999998,453.4499999999998
8,88,2656.0,428.4499999999998,67.07933333333334,30,0,2641.0,2671.0,2671.0,2641.0,403.4499999999998,453.4499999999998
8,89,2686.0,428.4499999999998,68.429375,16,0,2671.0,2701.0,2701.0,2671.0,403.4499999999998,453.4499999999998
8,90,2716.0,428.4499999999998,71.09733333333335,15,0,2701.0,2731.0,2731.0,2701.0,403.4499999999998,453.4499999999998
8,91,2746.0,428.4499999999998,47.39545454545455,44,0,2731.0,2761.0,2761.0,2731.0,403.4499999999998,453.4499999999998
8,92,2776.0,428.4499999999998,51.073,40,0,2761.0,2791.0,2791.0,2761.0,403.4499999999998,453.4499999999998
8,93,2806.0,428.4499999999998,59.209555555555546,35,0,2791.0,2821.0,2821.0,2791.0,403.4499999999998,453.4499999999998
8,94,2836.0,428.4499999999998,56.27555555555555,45,0,2821.0,2851.0,2851.0,2821.0,403.4499999999998,453.4499999999998
8,95,2866.0,428.4499999999998,57.23333333333332,27,0,2851.0,2881.0,2881.0,2851.0,403.4499999999998,453.4499999999998
8,96,2896.0,428.4499999999998,62.69374999999999,32,0,2881.0,2911.0,2911.0,2881.0,403.4499999999998,453.4499999999998
8,97,2926.0,428.4499999999998,59.92370370370372,27,0,2911.0,2941.0,2941.0,2911.0,403.4499999999998,453.4499999999998
8,98,2956.0,428.4499999999998,53.50594594594595,37,0,2941.0,2971.0,2971.0,2941.0,403.4499999999998,453.4499999999998
8,99,2986.0,428.4499999999998,56.74195121951219,41,0,2971.0,3001.0,3001.0,2971.0,403.4499999999998,453.4499999999998
8,100,3016.0,428.4499999999998,49.47176470588235,34,0,3001.0,3031.0,3031.0,3001.0,403.4499999999998,453.4499999999998
8,101,3046.0,428.4499999999998,39.0522,50,0,3031.0,3061.0,3061.0,3031.0,403.4499999999998,453.4499999999998
8,102,3076.0,428.4499999999998,30.933508771929816,57,0,3061.0,3091.0,3091.0,3061.0,403.4499999999998,453.4499999999998
8,103,3106.0,428.4499999999998,25.78777777777777,72,0,3091.0,3121.0,3121.0,3091.0,403.4499999999998,453.4499999999998
8,104,3136.0,428.4499999999998,36.778947368421036,57,0,3121.0,3151.0,3151.0,3121.0,403.4499999999998,453.4499999999998
8,105,3166.0,428.4499999999998,35.08000000000001,54,0,3151.0,3181.0,3181.0,3151.0,403.4499999999998,453.4499999999998
8,106,3196.0,428.4499999999998,29.805,70,0,3181.0,3211.0,3211.0,3181.0,403.4499999999998,453.4499999999998
8,107,3226.0,428.4499999999998,18.786831683168312,101,0,3211.0,3241.0,3241.0,3211.0,403.4499999999998,453.4499999999998
8,108,3256.0,428.4499999999998,20.431298701298697,77,0,3241.0,3271.0,3271.0,3241.0,403.4499999999998,453.4499999999998
8,109,3286.0,428.4499999999998,31.67709677419354,62,0,3271.0,3301.0,3301.0,3271.0,403.4499999999998,453.4499999999998
8,110,3316.0,428.4499999999998,31.659523809523815,42,0,3301.0,3331.0,3331.0,3301.0,403.4499999999998,453.4499999999998
8,111,3346.0,428.4499999999998,36.76304347826086,46,0,3331.0,3361.0,3361.0,3331.0,403.4499999999998,453.4499999999998
8,112,3376.0,428.4499999999998,40.401388888888874,36,0,3361.0,3391.0,3391.0,3361.0,403.4499999999998,453.4499999999998
8,113,3406.0,428.4499999999998,45.94259999999999,50,0,3391.0,3421.0,3421.0,3391.0,403.4499999999998,453.4499999999998
8,114,3436.0,428.4499999999998,43.6472340425532,47,0,3421.0,3451.0,3451.0,3421.0,403.4499999999998,453.4499999999998
8,115,3466.0,428.4499999999998,34.61101694915253,59,0,3451.0,3481.0,3481.0,3451.0,403.4499999999998,453.4499999999998
8,116,3496.0,428.4499999999998,20.00910112359551,89,0,3481.0,3511.0,3511.0,3481.0,403.4499999999998,453.4499999999998
8,117,3526.0,428.4499999999998,18.90414893617022,94,0,3511.0,3541.0,3541.0,3511.0,403.4499999999998,453.4499999999998
8,118,3556.0,428.4499999999998,20.721571428571433,70,0,3541.0,3571.0,3571.0,3541.0,403.4499999999998,453.4499999999998
8,119,3586.0,428.4499999999998,20.275862068965516,87,0,3571.0,3601.0,3601.0,3571.0,403.4499999999998,453.4499999999998
8,120,3616.0,428.4499999999998,31.287666666666674,60,0,3601.0,3631.0,3631.0,3601.0,403.4499999999998,453.4499999999998
8,121,3646.0,428.4499999999998,37.439782608695644,46,0,3631.0,3661.0,3661.0,3631.0,403.4499999999998,453.4499999999998
8,122,3676.0,428.4499999999998,,0,0,3661.0,3691.0,3691.0,3661.0,403.4499999999998,453.4499999999998
8,123,3706.0,428.4499999999998,,0,0,3691.0,3721.0,3721.0,3691.0,403.4499999999998,453.4499999999998
8,124,3736.0,428.4499999999998,,0,0,3721.0,3751.0,3751.0,3721.0,403.4499999999998,453.4499999999998
8,125,3766.0,428.4499999999998,,0,0,3751.0,3781.0,3781.0,3751.0,403.4499999999998,453.4499999999998
8,126,3796.0,428.4499999999998,,0,0,3781.0,3811.0,3811.0,3781.0,403.4499999999998,453.4499999999998
8,127,3826.0,428.4499999999998,,0,0,3811.0,3841.0,3841.0,3811.0,403.4499999999998,453.4499999999998
8,128,3856.0,428.4499999999998,,0,0,3841.0,3871.0,3871.0,3841.0,403.4499999999998,453.4499999999998
8,129,3886.0,428.4499999999998,,0,0,3871.0,3901.0,3901.0,3871.0,403.4499999999998,453.4499999999998
9,0,16.0,478.4499999999998,67.60777777777778,18,0,1.0,31.0,31.0,1.0,453.4499999999998,503.4499999999998
9,1,46.0,478.4499999999998,69.10233333333333,30,0,31.0,61.0,61.0,31.0,453.4499999999998,503.4499999999998
9,2,76.0,478.4499999999998,67.67333333333333,18,0,61.0,91.0,91.0,61.0,453.4499999999998,503.4499999999998
9,3,106.0,478.4499999999998,63.78499999999998,26,0,91.0,121.0,121.0,91.0,453.4499999999998,503.4499999999998
9,4,136.0,478.4499999999998,64.31871794871797,39,0,121.0,151.0,151.0,121.0,453.4499999999998,503.4499999999998
9,5,166.0,478.4499999999998,64.58250000000001,29,0,151.0,181.0,181.0,151.0,453.4499999999998,503.4499999999998
9,6,196.0,478.4499999999998,71.80181818181818,11,0,181.0,211.0,211.0,181.0,453.4499999999998,503.4499999999998
9,7,226.0,478.4499999999998,61.53241379310346,29,0,211.0,241.0,241.0,211.0,453.4499999999998,503.4499999999998
9,8,256.0,478.4499999999998,63.54157894736843,38,0,241.0,271.0,271.0,241.0,453.4499999999998,503.4499999999998
9,9,286.0,478.4499999999998,67.4716,25,0,271.0,301.0,301.0,271.0,453.4499999999998,503.4499999999998
9,10,316.0,478.4499999999998,64.96319999999999,25,0,301.0,331.0,331.0,301.0,453.4499999999998,503.4499999999998
9,11,346.0,478.4499999999998,59.07447368421054,38,0,331.0,361.0,361.0,331.0,453.4499999999998,503.4499999999998
9,12,376.0,478.4499999999998,71.65666666666668,12,0,361.0,391.0,391.0,361.0,453.4499999999998,503.4499999999998
9,13,406.0,478.4499999999998,66.79777777777778,18,0,391.0,421.0,421.0,391.0,453.4499999999998,503.4499999999998
9,14,436.0,478.4499999999998,64.69416666666667,24,0,421.0,451.0,451.0,421.0,453.4499999999998,503.4499999999998
9,15,466.0,478.4499999999998,59.832115384615385,52,0,451.0,481.0,481.0,451.0,453.4499999999998,503.4499999999998
9,16,496.0,478.4499999999998,61.70133333333334,30,0,481.0,511.0,511.0,481.0,453.4499999999998,503.4499999999998
9,17,526.0,478.4499999999998,62.88958333333332,24,0,511.0,541.0,541.0,511.0,453.4499999999998,503.4499999999998
9,18,556.0,478.4499999999998,69.34473684210526,19,0,541.0,571.0,571.0,541.0,453.4499999999998,503.4499999999998
9,19,586.0,478.4499999999998,62.47499999999999,34,0,571.0,601.0,601.0,571.0,453.4499999999998,503.4499999999998
9,20,616.0,478.4499999999998,61.6888,25,0,601.0,631.0,631.0,601.0,453.4499999999998,503.4499999999998
9,21,646.0,478.4499999999998,62.99212121212122,33,0,631.0,661.0,661.0,631.0,453.4499999999998,503.4499999999998
9,22,676.0,478.4499999999998,65.4911111111111,27,0,661.0,691.0,691.0,661.0,453.4499999999998,503.4499999999998
9,23,706.0,478.4499999999998,64.47590909090907,22,0,691.0,721.0,721.0,691.0,453.4499999999998,503.4499999999998
9,24,736.0,478.4499999999998,68.19999999999999,12,0,721.0,751.0,751.0,721.0,453.4499999999998,503.4499999999998
9,25,766.0,478.4499999999998,62.731034482758616,29,0,751.0,781.0,781.0,751.0,453.4499999999998,503.4499999999998
9,26,796.0,478.4499999999998,62.107647058823524,34,0,781.0,811.0,811.0,781.0,453.4499999999998,503.4499999999998
9,27,826.0,478.4499999999998,62.08166666666667,36,0,811.0,841.0,841.0,811.0,453.4499999999998,503.4499999999998
9,28,856.0,478.4499999999998,61.38099999999999,40,0,841.0,871.0,871.0,841.0,453.4499999999998,503.4499999999998
9,29,886.0,478.4499999999998,63.339687500000004,32,0,871.0,901.0,901.0,871.0,453.4499999999998,503.4499999999998
9,30,916.0,478.4499999999998,58.72139534883722,43,0,901.0,931.0,931.0,901.0,453.4499999999998,503.4499999999998
9,31,946.0,478.4499999999998,57.266944444444434,36,0,931.0,961.0,961.0,931.0,453.4499999999998,503.4499999999998
9,32,976.0,478.4499999999998,63.55433862433862,27,0,961.0,991.0,991.0,961.0,453.4499999999998,503.4499999999998
9,33,1006.0,478.4499999999998,61.942727272727254,33,0,991.0,1021.0,1021.0,991.0,453.4499999999998,503.4499999999998
9,34,1036.0,478.4499999999998,62.134285714285724,28,0,1021.0,1051.0,1051.0,1021.0,453.4499999999998,503.4499999999998
9,35,1066.0,478.4499999999998,69.42,16,0,1051.0,1081.0,1081.0,1051.0,453.4499999999998,503.4499999999998
9,36,1096.0,478.4499999999998,66.58259259259259,27,0,1081.0,1111.0,1111.0,1081.0,453.4499999999998,503.4499999999998
9,37,1126.0,478.4499999999998,63.76074074074074,27,0,1111.0,1141.0,1141.0,1111.0,453.4499999999998,503.4499999999998
9,38,1156.0,478.4499999999998,67.39772727272727,22,0,1141.0,1171.0,1171.0,1141.0,453.4499999999998,503.4499999999998
9,39,1186.0,478.4499999999998,65.14666666666666,36,0,1171.0,1201.0,1201.0,1171.0,453.4499999999998,503.4499999999998
9,40,1216.0,478.4499999999998,62.13857142857142,14,0,1201.0,1231.0,1231.0,1201.0,453.4499999999998,503.4499999999998
9,41,1246.0,478.4499999999998,62.639999999999986,33,0,1231.0,1261.0,1261.0,1231.0,453.4499999999998,503.4499999999998
9,42,1276.0,478.4499999999998,61.83000000000001,21,0,1261.0,1291.0,1291.0,1261.0,453.4499999999998,503.4499999999998
9,43,1306.0,478.4499999999998,64.18148148148146,27,0,1291.0,1321.0,1321.0,1291.0,453.4499999999998,503.4499999999998
9,44,1336.0,478.4499999999998,61.789,30,0,1321.0,1351.0,1351.0,1321.0,453.4499999999998,503.4499999999998
9,45,1366.0,478.4499999999998,61.40685714285715,35,0,1351.0,1381.0,1381.0,1351.0,453.4499999999998,503.4499999999998
9,46,1396.0,478.4499999999998,62.9123076923077,39,0,1381.0,1411.0,1411.0,1381.0,453.4499999999998,503.4499999999998
9,47,1426.0,478.4499999999998,67.67031250000001,32,0,1411.0,1441.0,1441.0,1411.0,453.4499999999998,503.4499999999998
9,48,1456.0,478.4499999999998,71.23052631578948,19,0,1441.0,1471.0,1471.0,1441.0,453.4499999999998,503.4499999999998
9,49,1486.0,478.4499999999998,69.18,25,0,1471.0,1501.0,1501.0,1471.0,453.4499999999998,503.4499999999998
9,50,1516.0,478.4499999999998,64.59405405405406,37,0,1501.0,1531.0,1531.0,1501.0,453.4499999999998,503.4499999999998
9,51,1546.0,478.4499999999998,64.21882352941175,34,0,1531.0,1561.0,1561.0,1531.0,453.4499999999998,503.4499999999998
9,52,1576.0,478.4499999999998,75.76733333333333,15,0,1561.0,1591.0,1591.0,1561.0,453.4499999999998,503.4499999999998
9,53,1606.0,478.4499999999998,68.51799999999999,25,0,1591.0,1621.0,1621.0,1591.0,453.4499999999998,503.4499999999998
9,54,1636.0,478.4499999999998,63.964761904761914,21,0,1621.0,1651.0,1651.0,1621.0,453.4499999999998,503.4499999999998
9,55,1666.0,478.4499999999998,65.98772727272727,22,0,1651.0,1681.0,1681.0,1651.0,453.4499999999998,503.4499999999998
9,56,1696.0,478.4499999999998,63.91894736842105,19,0,1681.0,1711.0,1711.0,1681.0,453.4499999999998,503.4499999999998
9,57,1726.0,478.4499999999998,65.81393939393939,33,0,1711.0,1741.0,1741.0,1711.0,453.4499999999998,503.4499999999998
9,58,1756.0,478.4499999999998,63.85424242424243,33,0,1741.0,1771.0,1771.0,1741.0,453.4499999999998,503.4499999999998
9,59,1786.0,478.4499999999998,63.1928,25,0,1771.0,1801.0,1801.0,1771.0,453.4499999999998,503.4499999999998
9,60,1816.0,478.4499999999998,70.39241379310346,29,0,1801.0,1831.0,1831.0,1801.0,453.4499999999998,503.4499999999998
9,61,1846.0,478.4499999999998,59.67500000000002,32,0,1831.0,1861.0,1861.0,1831.0,453.4499999999998,503.4499999999998
9,62,1876.0,478.4499999999998,63.61391304347828,23,0,1861.0,1891.0,1891.0,1861.0,453.4499999999998,503.4499999999998
9,63,1906.0,478.4499999999998,65.56214285714286,28,0,1891.0,1921.0,1921.0,1891.0,453.4499999999998,503.4499999999998
9,64,1936.0,478.4499999999998,64.7904761904762,21,0,1921.0,1951.0,1951.0,1921.0,453.4499999999998,503.4499999999998
9,65,1966.0,478.4499999999998,67.72714285714287,21,0,1951.0,1981.0,1981.0,1951.0,453.4499999999998,503.4499999999998
9,66,1996.0,478.4499999999998,71.82750000000001,16,0,1981.0,2011.0,2011.0,1981.0,453.4499999999998,503.4499999999998
9,67,2026.0,478.4499999999998,56.86382352941176,34,0,2011.0,2041.0,2041.0,2011.0,453.4499999999998,503.4499999999998
9,68,2056.0,478.4499999999998,59.979166666666686,12,0,2041.0,2071.0,2071.0,2041.0,453.4499999999998,503.4499999999998
9,69,2086.0,478.4499999999998,60.391,40,0,2071.0,2101.0,2101.0,2071.0,453.4499999999998,503.4499999999998
9,70,2116.0,478.4499999999998,59.39588235294118,34,0,2101.0,2131.0,2131.0,2101.0,453.4499999999998,503.4499999999998
9,71,2146.0,478.4499999999998,59.83813953488373,43,0,2131.0,2161.0,2161.0,2131.0,453.4499999999998,503.4499999999998
9,72,2176.0,478.4499999999998,62.08081081081082,37,0,2161.0,2191.0,2191.0,2161.0,453.4499999999998,503.4499999999998
9,73,2206.0,478.4499999999998,65.063,40,0,2191.0,2221.0,2221.0,2191.0,453.4499999999998,503.4499999999998
9,74,2236.0,478.4499999999998,62.297307692307704,26,0,2221.0,2251.0,2251.0,2221.0,453.4499999999998,503.4499999999998
9,75,2266.0,478.4499999999998,62.04833333333332,12,0,2251.0,2281.0,2281.0,2251.0,453.4499999999998,503.4499999999998
9,76,2296.0,478.4499999999998,59.64593750000002,32,0,2281.0,2311.0,2311.0,2281.0,453.4499999999998,503.4499999999998
9,77,2326.0,478.4499999999998,60.13741935483873,31,0,2311.0,2341.0,2341.0,2311.0,453.4499999999998,503.4499999999998
9,78,2356.0,478.4499999999998,61.78388888888888,18,0,2341.0,2371.0,2371.0,2341.0,453.4499999999998,503.4499999999998
9,79,2386.0,478.4499999999998,59.62166666666667,36,0,2371.0,2401.0,2401.0,2371.0,453.4499999999998,503.4499999999998
9,80,2416.0,478.4499999999998,59.20500000000001,42,0,2401.0,2431.0,2431.0,2401.0,453.4499999999998,503.4499999999998
9,81,2446.0,478.4499999999998,65.26190476190476,21,0,2431.0,2461.0,2461.0,2431.0,453.4499999999998,503.4499999999998
9,82,2476.0,478.4499999999998,65.52684210526316,19,0,2461.0,2491.0,2491.0,2461.0,453.4499999999998,503.4499999999998
9,83,2506.0,478.4499999999998,65.95999999999997,35,0,2491.0,2521.0,2521.0,2491.0,453.4499999999998,503.4499999999998
9,84,2536.0,478.4499999999998,70.72454545454546,22,0,2521.0,2551.0,2551.0,2521.0,453.4499999999998,503.4499999999998
9,85,2566.0,478.4499999999998,62.047000000000004,30,0,2551.0,2581.0,2581.0,2551.0,453.4499999999998,503.4499999999998
9,86,2596.0,478.4499999999998,62.022380952380956,21,0,2581.0,2611.0,2611.0,2581.0,453.4499999999998,503.4499999999998
9,87,2626.0,478.4499999999998,61.24290322580646,31,0,2611.0,2641.0,2641.0,2611.0,453.4499999999998,503.4499999999998
9,88,2656.0,478.4499999999998,67.26759999999999,25,0,2641.0,2671.0,2671.0,2641.0,453.4499999999998,503.4499999999998
9,89,2686.0,478.4499999999998,72.38466666666667,15,0,2671.0,2701.0,2701.0,2671.0,453.4499999999998,503.4499999999998
9,90,2716.0,478.4499999999998,69.85249999999999,20,0,2701.0,2731.0,2731.0,2701.0,453.4499999999998,503.4499999999998
9,91,2746.0,478.4499999999998,52.496764705882335,34,0,2731.0,2761.0,2761.0,2731.0,453.4499999999998,503.4499999999998
9,92,2776.0,478.4499999999998,54.63394736842105,38,0,2761.0,2791.0,2791.0,2761.0,453.4499999999998,503.4499999999998
9,93,2806.0,478.4499999999998,60.76733333333333,30,0,2791.0,2821.0,2821.0,2791.0,453.4499999999998,503.4499999999998
9,94,2836.0,478.4499999999998,58.833478260869576,46,0,2821.0,2851.0,2851.0,2821.0,453.4499999999998,503.4499999999998
9,95,2866.0,478.4499999999998,60.81884615384615,26,0,2851.0,2881.0,2881.0,2851.0,453.4499999999998,503.4499999999998
9,96,2896.0,478.4499999999998,63.532121212121226,33,0,2881.0,2911.0,2911.0,2881.0,453.4499999999998,503.4499999999998
9,97,2926.0,478.4499999999998,55.27970588235294,34,0,2911.0,2941.0,2941.0,2911.0,453.4499999999998,503.4499999999998
9,98,2956.0,478.4499999999998,52.232333333333344,30,0,2941.0,2971.0,2971.0,2941.0,453.4499999999998,503.4499999999998
9,99,2986.0,478.4499999999998,56.20146341463413,41,0,2971.0,3001.0,3001.0,2971.0,453.4499999999998,503.4499999999998
9,100,3016.0,478.4499999999998,45.472857142857144,35,0,3001.0,3031.0,3031.0,3001.0,453.4499999999998,503.4499999999998
9,101,3046.0,478.4499999999998,39.65423076923078,52,0,3031.0,3061.0,3061.0,3031.0,453.4499999999998,503.4499999999998
9,102,3076.0,478.4499999999998,23.173999999999996,80,0,3061.0,3091.0,3091.0,3061.0,453.4499999999998,503.4499999999998
9,103,3106.0,478.4499999999998,23.021333333333335,75,0,3091.0,3121.0,3121.0,3091.0,453.4499999999998,503.4499999999998
9,104,3136.0,478.4499999999998,36.535322580645165,62,0,3121.0,3151.0,3151.0,3121.0,453.4499999999998,503.4499999999998
9,105,3166.0,478.4499999999998,29.00923076923077,65,0,3151.0,3181.0,3181.0,3151.0,453.4499999999998,503.4499999999998
9,106,3196.0,478.4499999999998,20.796989247311824,93,0,3181.0,3211.0,3211.0,3181.0,453.4499999999998,503.4499999999998
9,107,3226.0,478.4499999999998,11.461834862385324,109,0,3211.0,3241.0,3241.0,3211.0,453.4499999999998,503.4499999999998
9,108,3256.0,478.4499999999998,30.98483333333333,60,0,3241.0,3271.0,3271.0,3241.0,453.4499999999998,503.4499999999998
9,109,3286.0,478.4499999999998,32.837272727272726,55,0,3271.0,3301.0,3301.0,3271.0,453.4499999999998,503.4499999999998
9,110,3316.0,478.4499999999998,34.30591836734693,49,0,3301.0,3331.0,3331.0,3301.0,453.4499999999998,503.4499999999998
9,111,3346.0,478.4499999999998,38.61302325581394,43,0,3331.0,3361.0,3361.0,3331.0,453.4499999999998,503.4499999999998
9,112,3376.0,478.4499999999998,38.87574468085108,47,0,3361.0,3391.0,3391.0,3361.0,453.4499999999998,503.4499999999998
9,113,3406.0,478.4499999999998,50.16565217391305,46,0,3391.0,3421.0,3421.0,3391.0,453.4499999999998,503.4499999999998
9,114,3436.0,478.4499999999998,42.72942307692306,52,0,3421.0,3451.0,3451.0,3421.0,453.4499999999998,503.4499999999998
9,115,3466.0,478.4499999999998,28.07863636363635,66,0,3451.0,3481.0,3481.0,3451.0,453.4499999999998,503.4499999999998
9,116,3496.0,478.4499999999998,12.513969465648854,131,0,3481.0,3511.0,3511.0,3481.0,453.4499999999998,503.4499999999998
9,117,3526.0,478.4499999999998,18.087525773195875,97,0,3511.0,3541.0,3541.0,3511.0,453.4499999999998,503.4499999999998
9,118,3556.0,478.4499999999998,15.929259259259263,108,0,3541.0,3571.0,3571.0,3541.0,453.4499999999998,503.4499999999998
9,119,3586.0,478.4499999999998,23.992638888888887,72,0,3571.0,3601.0,3601.0,3571.0,453.4499999999998,503.4499999999998
9,120,3616.0,478.4499999999998,34.76749999999999,64,0,3601.0,3631.0,3631.0,3601.0,453.4499999999998,503.4499999999998
9,121,3646.0,478.4499999999998,34.01679245283018,53,0,3631.0,3661.0,3661.0,3631.0,453.4499999999998,503.4499999999998
9,122,3676.0,478.4499999999998,24.725,4,0,3661.0,3691.0,3691.0,3661.0,453.4499999999998,503.4499999999998
9,123,3706.0,478.4499999999998,,0,0,3691.0,3721.0,3721.0,3691.0,453.4499999999998,503.4499999999998
9,124,3736.0,478.4499999999998,,0,0,3721.0,3751.0,3751.0,3721.0,453.4499999999998,503.4499999999998
9,125,3766.0,478.4499999999998,,0,0,3751.0,3781.0,3781.0,3751.0,453.4499999999998,503.4499999999998
9,126,3796.0,478.4499999999998,,0,0,3781.0,3811.0,3811.0,3781.0,453.4499999999998,503.4499999999998
9,127,3826.0,478.4499999999998,,0,0,3811.0,3841.0,3841.0,3811.0,453.4499999999998,503.4499999999998
9,128,3856.0,478.4499999999998,,0,0,3841.0,3871.0,3871.0,3841.0,453.4499999999998,503.4499999999998
9,129,3886.0,478.4499999999998,,0,0,3871.0,3901.0,3901.0,3871.0,453.4499999999998,503.4499999999998
10,0,16.0,528.4499999999998,69.36944444444444,18,0,1.0,31.0,31.0,1.0,503.4499999999998,553.4499999999998
10,1,46.0,528.4499999999998,71.05259259259259,27,0,31.0,61.0,61.0,31.0,503.4499999999998,553.4499999999998
10,2,76.0,528.4499999999998,69.95235294117647,17,0,61.0,91.0,91.0,61.0,503.4499999999998,553.4499999999998
10,3,106.0,528.4499999999998,66.68384615384613,26,0,91.0,121.0,121.0,91.0,503.4499999999998,553.4499999999998
10,4,136.0,528.4499999999998,66.28628571428573,35,0,121.0,151.0,151.0,121.0,503.4499999999998,553.4499999999998
10,5,166.0,528.4499999999998,64.83800000000001,25,0,151.0,181.0,181.0,151.0,503.4499999999998,553.4499999999998
10,6,196.0,528.4499999999998,76.23500000000001,8,0,181.0,211.0,211.0,181.0,503.4499999999998,553.4499999999998
10,7,226.0,528.4499999999998,64.64241379310346,29,0,211.0,241.0,241.0,211.0,503.4499999999998,553.4499999999998
10,8,256.0,528.4499999999998,65.7437142857143,35,0,241.0,271.0,271.0,241.0,503.4499999999998,553.4499999999998
10,9,286.0,528.4499999999998,68.76285714285714,21,0,271.0,301.0,301.0,271.0,503.4499999999998,553.4499999999998
10,10,316.0,528.4499999999998,67.32476190476193,21,0,301.0,331.0,331.0,301.0,503.4499999999998,553.4499999999998
10,11,346.0,528.4499999999998,60.811666666666675,30,0,331.0,361.0,361.0,331.0,503.4499999999998,553.4499999999998
10,12,376.0,528.4499999999998,76.55583333333334,12,0,361.0,391.0,391.0,361.0,503.4499999999998,553.4499999999998
10,13,406.0,528.4499999999998,69.692,15,0,391.0,421.0,421.0,391.0,503.4499999999998,553.4499999999998
10,14,436.0,528.4499999999998,68.83624999999999,24,0,421.0,451.0,451.0,421.0,503.4499999999998,553.4499999999998
10,15,466.0,528.4499999999998,62.167254901960796,51,0,451.0,481.0,481.0,451.0,503.4499999999998,553.4499999999998
10,16,496.0,528.4499999999998,63.154375,32,0,481.0,511.0,511.0,481.0,503.4499999999998,553.4499999999998
10,17,526.0,528.4499999999998,66.70277777777778,18,0,511.0,541.0,541.0,511.0,503.4499999999998,553.4499999999998
10,18,556.0,528.4499999999998,68.63136363636364,22,0,541.0,571.0,571.0,541.0,503.4499999999998,553.4499999999998
10,19,586.0,528.4499999999998,64.74218750000001,32,0,571.0,601.0,601.0,571.0,503.4499999999998,553.4499999999998
10,20,616.0,528.4499999999998,63.79074074074072,27,0,601.0,631.0,631.0,601.0,503.4499999999998,553.4499999999998
10,21,646.0,528.4499999999998,64.38571428571429,28,0,631.0,661.0,661.0,631.0,503.4499999999998,553.4499999999998
10,22,676.0,528.4499999999998,67.19481481481483,27,0,661.0,691.0,691.0,661.0,503.4499999999998,553.4499999999998
10,23,706.0,528.4499999999998,67.83565217391305,23,0,691.0,721.0,721.0,691.0,503.4499999999998,553.4499999999998
10,24,736.0,528.4499999999998,69.09666666666666,15,0,721.0,751.0,751.0,721.0,503.4499999999998,553.4499999999998
10,25,766.0,528.4499999999998,63.73357142857143,28,0,751.0,781.0,781.0,751.0,503.4499999999998,553.4499999999998
10,26,796.0,528.4499999999998,64.94586206896551,29,0,781.0,811.0,811.0,781.0,503.4499999999998,553.4499999999998
10,27,826.0,528.4499999999998,64.14205882352941,34,0,811.0,841.0,841.0,811.0,503.4499999999998,553.4499999999998
10,28,856.0,528.4499999999998,63.3378125,32,0,841.0,871.0,871.0,841.0,503.4499999999998,553.4499999999998
10,29,886.0,528.4499999999998,67.00212121212121,33,0,871.0,901.0,901.0,871.0,503.4499999999998,553.4499999999998
10,30,916.0,528.4499999999998,62.181794871794864,39,0,901.0,931.0,931.0,901.0,503.4499999999998,553.4499999999998
10,31,946.0,528.4499999999998,60.51181818181817,33,0,931.0,961.0,961.0,931.0,503.4499999999998,553.4499999999998
10,32,976.0,528.4499999999998,66.35142857142857,28,0,961.0,991.0,991.0,961.0,503.4499999999998,553.4499999999998
10,33,1006.0,528.4499999999998,63.96625,32,0,991.0,1021.0,1021.0,991.0,503.4499999999998,553.4499999999998
10,34,1036.0,528.4499999999998,65.53478260869565,23,0,1021.0,1051.0,1051.0,1021.0,503.4499999999998,553.4499999999998
10,35,1066.0,528.4499999999998,70.42941176470588,17,0,1051.0,1081.0,1081.0,1051.0,503.4499999999998,553.4499999999998
10,36,1096.0,528.4499999999998,67.5907142857143,28,0,1081.0,1111.0,1111.0,1081.0,503.4499999999998,553.4499999999998
10,37,1126.0,528.4499999999998,65.89387096774193,31,0,1111.0,1141.0,1141.0,1111.0,503.4499999999998,553.4499999999998
10,38,1156.0,528.4499999999998,68.63733333333333,15,0,1141.0,1171.0,1171.0,1141.0,503.4499999999998,553.4499999999998
10,39,1186.0,528.4499999999998,66.9439393939394,33,0,1171.0,1201.0,1201.0,1171.0,503.4499999999998,553.4499999999998
10,40,1216.0,528.4499999999998,66.52545454545454,11,0,1201.0,1231.0,1231.0,1201.0,503.4499999999998,553.4499999999998
10,41,1246.0,528.4499999999998,61.92777777777778,36,0,1231.0,1261.0,1261.0,1231.0,503.4499999999998,553.4499999999998
10,42,1276.0,528.4499999999998,64.62608695652175,23,0,1261.0,1291.0,1291.0,1261.0,503.4499999999998,553.4499999999998
10,43,1306.0,528.4499999999998,67.80375,24,0,1291.0,1321.0,1321.0,1291.0,503.4499999999998,553.4499999999998
10,44,1336.0,528.4499999999998,61.9405714285714,35,0,1321.0,1351.0,1351.0,1321.0,503.4499999999998,553.4499999999998
10,45,1366.0,528.4499999999998,62.28294117647059,34,0,1351.0,1381.0,1381.0,1351.0,503.4499999999998,553.4499999999998
10,46,1396.0,528.4499999999998,63.55515151515152,33,0,1381.0,1411.0,1411.0,1381.0,503.4499999999998,553.4499999999998
10,47,1426.0,528.4499999999998,67.905,28,0,1411.0,1441.0,1441.0,1411.0,503.4499999999998,553.4499999999998
10,48,1456.0,528.4499999999998,72.56761904761905,21,0,1441.0,1471.0,1471.0,1441.0,503.4499999999998,553.4499999999998
10,49,1486.0,528.4499999999998,69.3515,20,0,1471.0,1501.0,1501.0,1471.0,503.4499999999998,553.4499999999998
10,50,1516.0,528.4499999999998,65.96617647058825,34,0,1501.0,1531.0,1531.0,1501.0,503.4499999999998,553.4499999999998
10,51,1546.0,528.4499999999998,64.6096875,32,0,1531.0,1561.0,1561.0,1531.0,503.4499999999998,553.4499999999998
10,52,1576.0,528.4499999999998,74.807,20,0,1561.0,1591.0,1591.0,1561.0,503.4499999999998,553.4499999999998
10,53,1606.0,528.4499999999998,69.76807692307692,26,0,1591.0,1621.0,1621.0,1591.0,503.4499999999998,553.4499999999998
10,54,1636.0,528.4499999999998,64.59411764705882,17,0,1621.0,1651.0,1651.0,1621.0,503.4499999999998,553.4499999999998
10,55,1666.0,528.4499999999998,68.15961538461539,26,0,1651.0,1681.0,1681.0,1651.0,503.4499999999998,553.4499999999998
10,56,1696.0,528.4499999999998,64.20619047619047,21,0,1681.0,1711.0,1711.0,1681.0,503.4499999999998,553.4499999999998
10,57,1726.0,528.4499999999998,66.2944117647059,34,0,1711.0,1741.0,1741.0,1711.0,503.4499999999998,553.4499999999998
10,58,1756.0,528.4499999999998,64.97399999999999,30,0,1741.0,1771.0,1771.0,1741.0,503.4499999999998,553.4499999999998
10,59,1786.0,528.4499999999998,62.74307692307693,26,0,1771.0,1801.0,1801.0,1771.0,503.4499999999998,553.4499999999998
10,60,1816.0,528.4499999999998,70.93833333333333,30,0,1801.0,1831.0,1831.0,1801.0,503.4499999999998,553.4499999999998
10,61,1846.0,528.4499999999998,60.11749999999999,32,0,1831.0,1861.0,1861.0,1831.0,503.4499999999998,553.4499999999998
10,62,1876.0,528.4499999999998,64.55846153846154,26,0,1861.0,1891.0,1891.0,1861.0,503.4499999999998,553.4499999999998
10,63,1906.0,528.4499999999998,65.69848484848484,33,0,1891.0,1921.0,1921.0,1891.0,503.4499999999998,553.4499999999998
10,64,1936.0,528.4499999999998,66.263125,16,0,1921.0,1951.0,1951.0,1921.0,503.4499999999998,553.4499999999998
10,65,1966.0,528.4499999999998,66.894,20,0,1951.0,1981.0,1981.0,1951.0,503.4499999999998,553.4499999999998
10,66,1996.0,528.4499999999998,74.11789473684212,19,0,1981.0,2011.0,2011.0,1981.0,503.4499999999998,553.4499999999998
10,67,2026.0,528.4499999999998,58.73060606060605,33,0,2011.0,2041.0,2041.0,2011.0,503.4499999999998,553.4499999999998
10,68,2056.0,528.4499999999998,63.00076923076924,13,0,2041.0,2071.0,2071.0,2041.0,503.4499999999998,553.4499999999998
10,69,2086.0,528.4499999999998,61.73687499999999,32,0,2071.0,2101.0,2101.0,2071.0,503.4499999999998,553.4499999999998
10,70,2116.0,528.4499999999998,60.663124999999994,32,0,2101.0,2131.0,2131.0,2101.0,503.4499999999998,553.4499999999998
10,71,2146.0,528.4499999999998,61.78372093023256,43,0,2131.0,2161.0,2161.0,2131.0,503.4499999999998,553.4499999999998
10,72,2176.0,528.4499999999998,64.62410256410259,39,0,2161.0,2191.0,2191.0,2161.0,503.4499999999998,553.4499999999998
10,73,2206.0,528.4499999999998,66.63382352941177,34,0,2191.0,2221.0,2221.0,2191.0,503.4499999999998,553.4499999999998
10,74,2236.0,528.4499999999998,65.082,25,0,2221.0,2251.0,2251.0,2221.0,503.4499999999998,553.4499999999998
10,75,2266.0,528.4499999999998,62.49066666666667,15,0,2251.0,2281.0,2281.0,2251.0,503.4499999999998,553.4499999999998
10,76,2296.0,528.4499999999998,61.189677419354844,31,0,2281.0,2311.0,2311.0,2281.0,503.4499999999998,553.4499999999998
10,77,2326.0,528.4499999999998,59.8861111111111,36,0,2311.0,2341.0,2341.0,2311.0,503.4499999999998,553.4499999999998
10,78,2356.0,528.4499999999998,61.162777777777784,18,0,2341.0,2371.0,2371.0,2341.0,503.4499999999998,553.4499999999998
10,79,2386.0,528.4499999999998,62.60571428571428,35,0,2371.0,2401.0,2401.0,2371.0,503.4499999999998,553.4499999999998
10,80,2416.0,528.4499999999998,59.77568181818183,44,0,2401.0,2431.0,2431.0,2401.0,503.4499999999998,553.4499999999998
10,81,2446.0,528.4499999999998,66.46333333333332,24,0,2431.0,2461.0,2461.0,2431.0,503.4499999999998,553.4499999999998
10,82,2476.0,528.4499999999998,68.09095238095239,21,0,2461.0,2491.0,2491.0,2461.0,503.4499999999998,553.4499999999998
10,83,2506.0,528.4499999999998,65.21121212121211,33,0,2491.0,2521.0,2521.0,2491.0,503.4499999999998,553.4499999999998
10,84,2536.0,528.4499999999998,71.11166666666666,24,0,2521.0,2551.0,2551.0,2521.0,503.4499999999998,553.4499999999998
10,85,2566.0,528.4499999999998,63.665,28,0,2551.0,2581.0,2581.0,2551.0,503.4499999999998,553.4499999999998
10,86,2596.0,528.4499999999998,63.064090909090915,22,0,2581.0,2611.0,2611.0,2581.0,503.4499999999998,553.4499999999998
10,87,2626.0,528.4499999999998,62.63928571428571,28,0,2611.0,2641.0,2641.0,2611.0,503.4499999999998,553.4499999999998
10,88,2656.0,528.4499999999998,67.92657142857142,35,0,2641.0,2671.0,2671.0,2641.0,503.4499999999998,553.4499999999998
10,89,2686.0,528.4499999999998,71.43642857142856,14,0,2671.0,2701.0,2701.0,2671.0,503.4499999999998,553.4499999999998
10,90,2716.0,528.4499999999998,63.574999999999996,22,0,2701.0,2731.0,2731.0,2701.0,503.4499999999998,553.4499999999998
10,91,2746.0,528.4499999999998,55.45303030303031,33,0,2731.0,2761.0,2761.0,2731.0,503.4499999999998,553.4499999999998
10,92,2776.0,528.4499999999998,54.983720930232565,43,0,2761.0,2791.0,2791.0,2761.0,503.4499999999998,553.4499999999998
10,93,2806.0,528.4499999999998,63.8709090909091,22,0,2791.0,2821.0,2821.0,2791.0,503.4499999999998,553.4499999999998
10,94,2836.0,528.4499999999998,58.69288888888889,45,0,2821.0,2851.0,2851.0,2821.0,503.4499999999998,553.4499999999998
10,95,2866.0,528.4499999999998,62.02965517241378,29,0,2851.0,2881.0,2881.0,2851.0,503.4499999999998,553.4499999999998
10,96,2896.0,528.4499999999998,59.915,30,0,2881.0,2911.0,2911.0,2881.0,503.4499999999998,553.4499999999998
10,97,2926.0,528.4499999999998,49.11485714285714,35,0,2911.0,2941.0,2941.0,2911.0,503.4499999999998,553.4499999999998
10,98,2956.0,528.4499999999998,47.90647058823529,34,0,2941.0,2971.0,2971.0,2941.0,503.4499999999998,553.4499999999998
10,99,2986.0,528.4499999999998,52.013111111111115,45,0,2971.0,3001.0,3001.0,2971.0,503.4499999999998,553.4499999999998
10,100,3016.0,528.4499999999998,43.0723015873016,42,0,3001.0,3031.0,3031.0,3001.0,503.4499999999998,553.4499999999998
10,101,3046.0,528.4499999999998,30.50985714285715,70,0,3031.0,3061.0,3061.0,3031.0,503.4499999999998,553.4499999999998
10,102,3076.0,528.4499999999998,18.226732673267325,101,0,3061.0,3091.0,3091.0,3061.0,503.4499999999998,553.4499999999998
10,103,3106.0,528.4499999999998,27.824098360655743,61,0,3091.0,3121.0,3121.0,3091.0,503.4499999999998,553.4499999999998
10,104,3136.0,528.4499999999998,31.10756410256411,78,0,3121.0,3151.0,3151.0,3121.0,503.4499999999998,553.4499999999998
10,105,3166.0,528.4499999999998,18.595000000000006,94,0,3151.0,3181.0,3181.0,3151.0,503.4499999999998,553.4499999999998
10,106,3196.0,528.4499999999998,17.434893617021274,94,0,3181.0,3211.0,3211.0,3181.0,503.4499999999998,553.4499999999998
10,107,3226.0,528.4499999999998,17.39306818181818,88,0,3211.0,3241.0,3241.0,3211.0,503.4499999999998,553.4499999999998
10,108,3256.0,528.4499999999998,33.43689655172414,58,0,3241.0,3271.0,3271.0,3241.0,503.4499999999998,553.4499999999998
10,109,3286.0,528.4499999999998,31.651052631578946,57,0,3271.0,3301.0,3301.0,3271.0,503.4499999999998,553.4499999999998
10,110,3316.0,528.4499999999998,33.06593220338983,59,0,3301.0,3331.0,3331.0,3301.0,503.4499999999998,553.4499999999998
10,111,3346.0,528.4499999999998,35.73500000000001,46,0,3331.0,3361.0,3361.0,3331.0,503.4499999999998,553.4499999999998
10,112,3376.0,528.4499999999998,36.10470588235294,51,0,3361.0,3391.0,3391.0,3361.0,503.4499999999998,553.4499999999998
10,113,3406.0,528.4499999999998,46.79690476190477,42,0,3391.0,3421.0,3421.0,3391.0,503.4499999999998,553.4499999999998
10,114,3436.0,528.4499999999998,36.55906249999998,64,0,3421.0,3451.0,3451.0,3421.0,503.4499999999998,553.4499999999998
10,115,3466.0,528.4499999999998,20.619358974358974,78,0,3451.0,3481.0,3481.0,3451.0,503.4499999999998,553.4499999999998
10,116,3496.0,528.4499999999998,11.773790322580643,124,0,3481.0,3511.0,3511.0,3481.0,503.4499999999998,553.4499999999998
10,117,3526.0,528.4499999999998,18.365049504950495,101,0,3511.0,3541.0,3541.0,3511.0,503.4499999999998,553.4499999999998
10,118,3556.0,528.4499999999998,17.009729729729727,111,0,3541.0,3571.0,3571.0,3541.0,503.4499999999998,553.4499999999998
10,119,3586.0,528.4499999999998,26.566521739130437,69,0,3571.0,3601.0,3601.0,3571.0,503.4499999999998,553.4499999999998
10,120,3616.0,528.4499999999998,32.194179104477605,67,0,3601.0,3631.0,3631.0,3601.0,503.4499999999998,553.4499999999998
10,121,3646.0,528.4499999999998,28.16878787878787,66,0,3631.0,3661.0,3661.0,3631.0,503.4499999999998,553.4499999999998
10,122,3676.0,528.4499999999998,23.105882352941176,17,0,3661.0,3691.0,3691.0,3661.0,503.4499999999998,553.4499999999998
10,123,3706.0,528.4499999999998,,0,0,3691.0,3721.0,3721.0,3691.0,503.4499999999998,553.4499999999998
10,124,3736.0,528.4499999999998,,0,0,3721.0,3751.0,3751.0,3721.0,503.4499999999998,553.4499999999998
10,125,3766.0,528.4499999999998,,0,0,3751.0,3781.0,3781.0,3751.0,503.4499999999998,553.4499999999998
10,126,3796.0,528.4499999999998,,0,0,3781.0,3811.0,3811.0,3781.0,503.4499999999998,553.4499999999998
10,127,3826.0,528.4499999999998,,0,0,3811.0,3841.0,3841.0,3811.0,503.4499999999998,553.4499999999998
10,128,3856.0,528.4499999999998,,0,0,3841.0,3871.0,3871.0,3841.0,503.4499999999998,553.4499999999998
10,129,3886.0,528.4499999999998,,0,0,3871.0,3901.0,3901.0,3871.0,503.4499999999998,553.4499999999998
11,0,16.0,578.4499999999998,66.63,23,0,1.0,31.0,31.0,1.0,553.4499999999998,603.4499999999998
11,1,46.0,578.4499999999998,69.83241379310346,29,0,31.0,61.0,61.0,31.0,553.4499999999998,603.4499999999998
11,2,76.0,578.4499999999998,69.77533333333334,15,0,61.0,91.0,91.0,61.0,553.4499999999998,603.4499999999998
11,3,106.0,578.4499999999998,66.94920634920635,27,0,91.0,121.0,121.0,91.0,553.4499999999998,603.4499999999998
11,4,136.0,578.4499999999998,67.42638888888888,36,0,121.0,151.0,151.0,121.0,553.4499999999998,603.4499999999998
11,5,166.0,578.4499999999998,63.78851851851851,27,0,151.0,181.0,181.0,151.0,553.4499999999998,603.4499999999998
11,6,196.0,578.4499999999998,79.47899999999998,10,0,181.0,211.0,211.0,181.0,553.4499999999998,603.4499999999998
11,7,226.0,578.4499999999998,64.87557692307692,26,0,211.0,241.0,241.0,211.0,553.4499999999998,603.4499999999998
11,8,256.0,578.4499999999998,66.61459459459459,37,0,241.0,271.0,271.0,241.0,553.4499999999998,603.4499999999998
11,9,286.0,578.4499999999998,68.66772727272729,22,0,271.0,301.0,301.0,271.0,553.4499999999998,603.4499999999998
11,10,316.0,578.4499999999998,68.40038461538462,26,0,301.0,331.0,331.0,301.0,553.4499999999998,603.4499999999998
11,11,346.0,578.4499999999998,61.42472222222222,36,0,331.0,361.0,361.0,331.0,553.4499999999998,603.4499999999998
11,12,376.0,578.4499999999998,75.07,11,0,361.0,391.0,391.0,361.0,553.4499999999998,603.4499999999998
11,13,406.0,578.4499999999998,70.604375,16,0,391.0,421.0,421.0,391.0,553.4499999999998,603.4499999999998
11,14,436.0,578.4499999999998,69.87869565217392,23,0,421.0,451.0,451.0,421.0,553.4499999999998,603.4499999999998
11,15,466.0,578.4499999999998,62.64173913043478,46,0,451.0,481.0,481.0,451.0,553.4499999999998,603.4499999999998
11,16,496.0,578.4499999999998,61.932727272727284,33,0,481.0,511.0,511.0,481.0,553.4499999999998,603.4499999999998
11,17,526.0,578.4499999999998,67.722,20,0,511.0,541.0,541.0,511.0,553.4499999999998,603.4499999999998
11,18,556.0,578.4499999999998,67.51545454545456,22,0,541.0,571.0,571.0,541.0,553.4499999999998,603.4499999999998
11,19,586.0,578.4499999999998,64.2907142857143,28,0,571.0,601.0,601.0,571.0,553.4499999999998,603.4499999999998
11,20,616.0,578.4499999999998,65.9413793103448,29,0,601.0,631.0,631.0,601.0,553.4499999999998,603.4499999999998
11,21,646.0,578.4499999999998,64.93148148148148,27,0,631.0,661.0,661.0,631.0,553.4499999999998,603.4499999999998
11,22,676.0,578.4499999999998,66.55071428571429,28,0,661.0,691.0,691.0,661.0,553.4499999999998,603.4499999999998
11,23,706.0,578.4499999999998,69.0411111111111,18,0,691.0,721.0,721.0,691.0,553.4499999999998,603.4499999999998
11,24,736.0,578.4499999999998,67.25062499999999,16,0,721.0,751.0,751.0,721.0,553.4499999999998,603.4499999999998
11,25,766.0,578.4499999999998,63.1104,25,0,751.0,781.0,781.0,751.0,553.4499999999998,603.4499999999998
11,26,796.0,578.4499999999998,63.721250000000005,24,0,781.0,811.0,811.0,781.0,553.4499999999998,603.4499999999998
11,27,826.0,578.4499999999998,64.145,34,0,811.0,841.0,841.0,811.0,553.4499999999998,603.4499999999998
11,28,856.0,578.4499999999998,64.60125,32,0,841.0,871.0,871.0,841.0,553.4499999999998,603.4499999999998
11,29,886.0,578.4499999999998,65.87187499999999,32,0,871.0,901.0,901.0,871.0,553.4499999999998,603.4499999999998
11,30,916.0,578.4499999999998,61.91975609756098,41,0,901.0,931.0,931.0,901.0,553.4499999999998,603.4499999999998
11,31,946.0,578.4499999999998,57.81837209302328,43,0,931.0,961.0,961.0,931.0,553.4499999999998,603.4499999999998
11,32,976.0,578.4499999999998,64.76257142857142,35,0,961.0,991.0,991.0,961.0,553.4499999999998,603.4499999999998
11,33,1006.0,578.4499999999998,62.43709677419355,31,0,991.0,1021.0,1021.0,991.0,553.4499999999998,603.4499999999998
11,34,1036.0,578.4499999999998,63.83344827586206,29,0,1021.0,1051.0,1051.0,1021.0,553.4499999999998,603.4499999999998
11,35,1066.0,578.4499999999998,67.73941176470588,17,0,1051.0,1081.0,1081.0,1051.0,553.4499999999998,603.4499999999998
11,36,1096.0,578.4499999999998,67.38083333333333,24,0,1081.0,1111.0,1111.0,1081.0,553.4499999999998,603.4499999999998
11,37,1126.0,578.4499999999998,64.17864864864865,37,0,1111.0,1141.0,1141.0,1111.0,553.4499999999998,603.4499999999998
11,38,1156.0,578.4499999999998,68.48750000000001,12,0,1141.0,1171.0,1171.0,1141.0,553.4499999999998,603.4499999999998
11,39,1186.0,578.4499999999998,67.5325,36,0,1171.0,1201.0,1201.0,1171.0,553.4499999999998,603.4499999999998
11,40,1216.0,578.4499999999998,63.85176470588235,17,0,1201.0,1231.0,1231.0,1201.0,553.4499999999998,603.4499999999998
11,41,1246.0,578.4499999999998,61.19675675675675,37,0,1231.0,1261.0,1261.0,1231.0,553.4499999999998,603.4499999999998
11,42,1276.0,578.4499999999998,61.37000000000001,19,0,1261.0,1291.0,1291.0,1261.0,553.4499999999998,603.4499999999998
11,43,1306.0,578.4499999999998,67.54800000000002,25,0,1291.0,1321.0,1321.0,1291.0,553.4499999999998,603.4499999999998
11,44,1336.0,578.4499999999998,58.093846153846165,39,0,1321.0,1351.0,1351.0,1321.0,553.4499999999998,603.4499999999998
11,45,1366.0,578.4499999999998,64.05205128205128,39,0,1351.0,1381.0,1381.0,1351.0,553.4499999999998,603.4499999999998
11,46,1396.0,578.4499999999998,62.84542857142859,35,0,1381.0,1411.0,1411.0,1381.0,553.4499999999998,603.4499999999998
11,47,1426.0,578.4499999999998,66.55724137931036,29,0,1411.0,1441.0,1441.0,1411.0,553.4499999999998,603.4499999999998
11,48,1456.0,578.4499999999998,71.95791666666668,24,0,1441.0,1471.0,1471.0,1441.0,553.4499999999998,603.4499999999998
11,49,1486.0,578.4499999999998,68.76954545454547,22,0,1471.0,1501.0,1501.0,1471.0,553.4499999999998,603.4499999999998
11,50,1516.0,578.4499999999998,65.2415625,32,0,1501.0,1531.0,1531.0,1501.0,553.4499999999998,603.4499999999998
11,51,1546.0,578.4499999999998,63.577999999999996,30,0,1531.0,1561.0,1561.0,1531.0,553.4499999999998,603.4499999999998
11,52,1576.0,578.4499999999998,72.78875000000001,24,0,1561.0,1591.0,1591.0,1561.0,553.4499999999998,603.4499999999998
11,53,1606.0,578.4499999999998,69.33428571428571,21,0,1591.0,1621.0,1621.0,1591.0,553.4499999999998,603.4499999999998
11,54,1636.0,578.4499999999998,64.453125,16,0,1621.0,1651.0,1651.0,1621.0,553.4499999999998,603.4499999999998
11,55,1666.0,578.4499999999998,65.8192,25,0,1651.0,1681.0,1681.0,1651.0,553.4499999999998,603.4499999999998
11,56,1696.0,578.4499999999998,62.421666666666674,24,0,1681.0,1711.0,1711.0,1681.0,553.4499999999998,603.4499999999998
11,57,1726.0,578.4499999999998,65.44705882352942,34,0,1711.0,1741.0,1741.0,1711.0,553.4499999999998,603.4499999999998
11,58,1756.0,578.4499999999998,65.01105263157895,38,0,1741.0,1771.0,1771.0,1741.0,553.4499999999998,603.4499999999998
11,59,1786.0,578.4499999999998,60.898214285714275,28,0,1771.0,1801.0,1801.0,1771.0,553.4499999999998,603.4499999999998
11,60,1816.0,578.4499999999998,68.93641025641026,39,0,1801.0,1831.0,1831.0,1801.0,553.4499999999998,603.4499999999998
11,61,1846.0,578.4499999999998,59.340625,32,0,1831.0,1861.0,1861.0,1831.0,553.4499999999998,603.4499999999998
11,62,1876.0,578.4499999999998,62.6896,25,0,1861.0,1891.0,1891.0,1861.0,553.4499999999998,603.4499999999998
11,63,1906.0,578.4499999999998,62.41314285714289,35,0,1891.0,1921.0,1921.0,1891.0,553.4499999999998,603.4499999999998
11,64,1936.0,578.4499999999998,65.82639999999999,25,0,1921.0,1951.0,1951.0,1921.0,553.4499999999998,603.4499999999998
11,65,1966.0,578.4499999999998,64.854,20,0,1951.0,1981.0,1981.0,1951.0,553.4499999999998,603.4499999999998
11,66,1996.0,578.4499999999998,72.7345,20,0,1981.0,2011.0,2011.0,1981.0,553.4499999999998,603.4499999999998
11,67,2026.0,578.4499999999998,58.561538461538476,39,0,2011.0,2041.0,2041.0,2011.0,553.4499999999998,603.4499999999998
11,68,2056.0,578.4499999999998,65.10454545454546,11,0,2041.0,2071.0,2071.0,2041.0,553.4499999999998,603.4499999999998
11,69,2086.0,578.4499999999998,59.72342857142856,35,0,2071.0,2101.0,2101.0,2071.0,553.4499999999998,603.4499999999998
11,70,2116.0,578.4499999999998,59.40785714285713,42,0,2101.0,2131.0,2131.0,2101.0,553.4499999999998,603.4499999999998
11,71,2146.0,578.4499999999998,61.085000000000015,42,0,2131.0,2161.0,2161.0,2131.0,553.4499999999998,603.4499999999998
11,72,2176.0,578.4499999999998,63.03210526315789,38,0,2161.0,2191.0,2191.0,2161.0,553.4499999999998,603.4499999999998
11,73,2206.0,578.4499999999998,64.5436956521739,46,0,2191.0,2221.0,2221.0,2191.0,553.4499999999998,603.4499999999998
11,74,2236.0,578.4499999999998,61.96333333333334,29,0,2221.0,2251.0,2251.0,2221.0,553.4499999999998,603.4499999999998
11,75,2266.0,578.4499999999998,61.25611111111112,18,0,2251.0,2281.0,2281.0,2251.0,553.4499999999998,603.4499999999998
11,76,2296.0,578.4499999999998,56.796764705882346,34,0,2281.0,2311.0,2311.0,2281.0,553.4499999999998,603.4499999999998
11,77,2326.0,578.4499999999998,52.09915555555556,50,0,2311.0,2341.0,2341.0,2311.0,553.4499999999998,603.4499999999998
11,78,2356.0,578.4499999999998,57.651578947368414,19,0,2341.0,2371.0,2371.0,2341.0,553.4499999999998,603.4499999999998
11,79,2386.0,578.4499999999998,62.26,32,0,2371.0,2401.0,2401.0,2371.0,553.4499999999998,603.4499999999998
11,80,2416.0,578.4499999999998,56.232826086956514,46,0,2401.0,2431.0,2431.0,2401.0,553.4499999999998,603.4499999999998
11,81,2446.0,578.4499999999998,62.69931034482759,29,0,2431.0,2461.0,2461.0,2431.0,553.4499999999998,603.4499999999998
11,82,2476.0,578.4499999999998,63.22863636363636,22,0,2461.0,2491.0,2491.0,2461.0,553.4499999999998,603.4499999999998
11,83,2506.0,578.4499999999998,61.1405128205128,39,0,2491.0,2521.0,2521.0,2491.0,553.4499999999998,603.4499999999998
11,84,2536.0,578.4499999999998,68.82885714285713,35,0,2521.0,2551.0,2551.0,2521.0,553.4499999999998,603.4499999999998
11,85,2566.0,578.4499999999998,61.952,25,0,2551.0,2581.0,2581.0,2551.0,553.4499999999998,603.4499999999998
11,86,2596.0,578.4499999999998,59.56612903225806,31,0,2581.0,2611.0,2611.0,2581.0,553.4499999999998,603.4499999999998
11,87,2626.0,578.4499999999998,58.14304347826088,23,0,2611.0,2641.0,2641.0,2611.0,553.4499999999998,603.4499999999998
11,88,2656.0,578.4499999999998,62.90351351351352,37,0,2641.0,2671.0,2671.0,2641.0,553.4499999999998,603.4499999999998
11,89,2686.0,578.4499999999998,66.41071428571429,14,0,2671.0,2701.0,2701.0,2671.0,553.4499999999998,603.4499999999998
11,90,2716.0,578.4499999999998,52.266989247311834,31,0,2701.0,2731.0,2731.0,2701.0,553.4499999999998,603.4499999999998
11,91,2746.0,578.4499999999998,57.02761904761904,21,0,2731.0,2761.0,2761.0,2731.0,553.4499999999998,603.4499999999998
11,92,2776.0,578.4499999999998,53.24409090909091,44,0,2761.0,2791.0,2791.0,2761.0,553.4499999999998,603.4499999999998
11,93,2806.0,578.4499999999998,61.07499999999998,30,0,2791.0,2821.0,2821.0,2791.0,553.4499999999998,603.4499999999998
11,94,2836.0,578.4499999999998,56.48044444444442,45,0,2821.0,2851.0,2851.0,2821.0,553.4499999999998,603.4499999999998
11,95,2866.0,578.4499999999998,60.87473684210524,38,0,2851.0,2881.0,2881.0,2851.0,553.4499999999998,603.4499999999998
11,96,2896.0,578.4499999999998,53.81033333333335,30,0,2881.0,2911.0,2911.0,2881.0,553.4499999999998,603.4499999999998
11,97,2926.0,578.4499999999998,43.22075,40,0,2911.0,2941.0,2941.0,2911.0,553.4499999999998,603.4499999999998
11,98,2956.0,578.4499999999998,43.60044444444444,45,0,2941.0,2971.0,2971.0,2941.0,553.4499999999998,603.4499999999998
11,99,2986.0,578.4499999999998,46.63851063829788,47,0,2971.0,3001.0,3001.0,2971.0,553.4499999999998,603.4499999999998
11,100,3016.0,578.4499999999998,40.492040816326536,49,0,3001.0,3031.0,3031.0,3001.0,553.4499999999998,603.4499999999998
11,101,3046.0,578.4499999999998,20.276024096385544,83,0,3031.0,3061.0,3061.0,3031.0,553.4499999999998,603.4499999999998
11,102,3076.0,578.4499999999998,25.86189189189189,74,0,3061.0,3091.0,3091.0,3061.0,553.4499999999998,603.4499999999998
11,103,3106.0,578.4499999999998,27.619677419354847,62,0,3091.0,3121.0,3121.0,3091.0,553.4499999999998,603.4499999999998
11,104,3136.0,578.4499999999998,22.035326086956523,92,0,3121.0,3151.0,3151.0,3121.0,553.4499999999998,603.4499999999998
11,105,3166.0,578.4499999999998,14.705225225225233,111,0,3151.0,3181.0,3181.0,3151.0,553.4499999999998,603.4499999999998
11,106,3196.0,578.4499999999998,15.307052631578946,95,0,3181.0,3211.0,3211.0,3181.0,553.4499999999998,603.4499999999998
11,107,3226.0,578.4499999999998,21.357710843373496,83,0,3211.0,3241.0,3241.0,3211.0,553.4499999999998,603.4499999999998
11,108,3256.0,578.4499999999998,27.632054794520545,73,0,3241.0,3271.0,3271.0,3241.0,553.4499999999998,603.4499999999998
11,109,3286.0,578.4499999999998,26.833943661971833,71,0,3271.0,3301.0,3301.0,3271.0,553.4499999999998,603.4499999999998
11,110,3316.0,578.4499999999998,29.199027777777783,72,0,3301.0,3331.0,3331.0,3301.0,553.4499999999998,603.4499999999998
11,111,3346.0,578.4499999999998,30.371764705882352,51,0,3331.0,3361.0,3361.0,3331.0,553.4499999999998,603.4499999999998
11,112,3376.0,578.4499999999998,33.327547169811325,53,0,3361.0,3391.0,3391.0,3361.0,553.4499999999998,603.4499999999998
11,113,3406.0,578.4499999999998,37.597166666666666,60,0,3391.0,3421.0,3421.0,3391.0,553.4499999999998,603.4499999999998
11,114,3436.0,578.4499999999998,30.6169014084507,71,0,3421.0,3451.0,3451.0,3421.0,553.4499999999998,603.4499999999998
11,115,3466.0,578.4499999999998,10.230232558139537,129,0,3451.0,3481.0,3481.0,3451.0,553.4499999999998,603.4499999999998
11,116,3496.0,578.4499999999998,12.582242990654212,107,0,3481.0,3511.0,3511.0,3481.0,553.4499999999998,603.4499999999998
11,117,3526.0,578.4499999999998,16.68820754716982,106,0,3511.0,3541.0,3541.0,3511.0,553.4499999999998,603.4499999999998
11,118,3556.0,578.4499999999998,17.806907216494842,97,0,3541.0,3571.0,3571.0,3541.0,553.4499999999998,603.4499999999998
11,119,3586.0,578.4499999999998,27.370519480519476,77,0,3571.0,3601.0,3601.0,3571.0,553.4499999999998,603.4499999999998
11,120,3616.0,578.4499999999998,27.834571428571422,70,0,3601.0,3631.0,3631.0,3601.0,553.4499999999998,603.4499999999998
11,121,3646.0,578.4499999999998,23.14906976744187,86,0,3631.0,3661.0,3661.0,3631.0,553.4499999999998,603.4499999999998
11,122,3676.0,578.4499999999998,25.210357142857145,28,0,3661.0,3691.0,3691.0,3661.0,553.4499999999998,603.4499999999998
11,123,3706.0,578.4499999999998,,0,0,3691.0,3721.0,3721.0,3691.0,553.4499999999998,603.4499999999998
11,124,3736.0,578.4499999999998,,0,0,3721.0,3751.0,3751.0,3721.0,553.4499999999998,603.4499999999998
11,125,3766.0,578.4499999999998,,0,0,3751.0,3781.0,3781.0,3751.0,553.4499999999998,603.4499999999998
11,126,3796.0,578.4499999999998,,0,0,3781.0,3811.0,3811.0,3781.0,553.4499999999998,603.4499999999998
11,127,3826.0,578.4499999999998,,0,0,3811.0,3841.0,3841.0,3811.0,553.4499999999998,603.4499999999998
11,128,3856.0,578.4499999999998,,0,0,3841.0,3871.0,3871.0,3841.0,553.4499999999998,603.4499999999998
11,129,3886.0,578.4499999999998,,0,0,3871.0,3901.0,3901.0,3871.0,553.4499999999998,603.4499999999998
12,0,16.0,628.4499999999998,65.86444444444444,27,0,1.0,31.0,31.0,1.0,603.4499999999998,653.4499999999998
12,1,46.0,628.4499999999998,68.39612903225806,31,0,31.0,61.0,61.0,31.0,603.4499999999998,653.4499999999998
12,2,76.0,628.4499999999998,69.80000000000001,13,0,61.0,91.0,91.0,61.0,603.4499999999998,653.4499999999998
12,3,106.0,628.4499999999998,66.58791666666666,24,0,91.0,121.0,121.0,91.0,603.4499999999998,653.4499999999998
12,4,136.0,628.4499999999998,66.50230769230771,39,0,121.0,151.0,151.0,121.0,603.4499999999998,653.4499999999998
12,5,166.0,628.4499999999998,62.87310344827585,29,0,151.0,181.0,181.0,151.0,603.4499999999998,653.4499999999998
12,6,196.0,628.4499999999998,76.65555555555554,9,0,181.0,211.0,211.0,181.0,603.4499999999998,653.4499999999998
12,7,226.0,628.4499999999998,65.41111111111111,27,0,211.0,241.0,241.0,211.0,603.4499999999998,653.4499999999998
12,8,256.0,628.4499999999998,65.30677419354839,31,0,241.0,271.0,271.0,241.0,603.4499999999998,653.4499999999998
12,9,286.0,628.4499999999998,67.29652173913043,23,0,271.0,301.0,301.0,271.0,603.4499999999998,653.4499999999998
12,10,316.0,628.4499999999998,67.90392857142857,28,0,301.0,331.0,331.0,301.0,603.4499999999998,653.4499999999998
12,11,346.0,628.4499999999998,62.70407894736842,38,0,331.0,361.0,361.0,331.0,603.4499999999998,653.4499999999998
12,12,376.0,628.4499999999998,71.11076923076924,13,0,361.0,391.0,391.0,361.0,603.4499999999998,653.4499999999998
12,13,406.0,628.4499999999998,71.28,16,0,391.0,421.0,421.0,391.0,603.4499999999998,653.4499999999998
12,14,436.0,628.4499999999998,69.10269230769231,26,0,421.0,451.0,451.0,421.0,603.4499999999998,653.4499999999998
12,15,466.0,628.4499999999998,61.459761904761905,42,0,451.0,481.0,481.0,451.0,603.4499999999998,653.4499999999998
12,16,496.0,628.4499999999998,61.02861111111112,36,0,481.0,511.0,511.0,481.0,603.4499999999998,653.4499999999998
12,17,526.0,628.4499999999998,67.68652173913043,23,0,511.0,541.0,541.0,511.0,603.4499999999998,653.4499999999998
12,18,556.0,628.4499999999998,66.725,24,0,541.0,571.0,571.0,541.0,603.4499999999998,653.4499999999998
12,19,586.0,628.4499999999998,63.153214285714284,28,0,571.0,601.0,601.0,571.0,603.4499999999998,653.4499999999998
12,20,616.0,628.4499999999998,65.78960000000001,25,0,601.0,631.0,631.0,601.0,603.4499999999998,653.4499999999998
12,21,646.0,628.4499999999998,63.78653846153846,26,0,631.0,661.0,661.0,631.0,603.4499999999998,653.4499999999998
12,22,676.0,628.4499999999998,64.86999999999999,35,0,661.0,691.0,691.0,661.0,603.4499999999998,653.4499999999998
12,23,706.0,628.4499999999998,67.75944444444445,18,0,691.0,721.0,721.0,691.0,603.4499999999998,653.4499999999998
12,24,736.0,628.4499999999998,66.54238095238095,21,0,721.0,751.0,751.0,721.0,603.4499999999998,653.4499999999998
12,25,766.0,628.4499999999998,61.43074074074075,27,0,751.0,781.0,781.0,751.0,603.4499999999998,653.4499999999998
12,26,796.0,628.4499999999998,62.96880000000001,25,0,781.0,811.0,811.0,781.0,603.4499999999998,653.4499999999998
12,27,826.0,628.4499999999998,63.56878048780487,41,0,811.0,841.0,841.0,811.0,603.4499999999998,653.4499999999998
12,28,856.0,628.4499999999998,64.4853125,32,0,841.0,871.0,871.0,841.0,603.4499999999998,653.4499999999998
12,29,886.0,628.4499999999998,64.2345,40,0,871.0,901.0,901.0,871.0,603.4499999999998,653.4499999999998
12,30,916.0,628.4499999999998,63.51916666666669,36,0,901.0,931.0,931.0,901.0,603.4499999999998,653.4499999999998
12,31,946.0,628.4499999999998,57.84378378378379,37,0,931.0,961.0,961.0,931.0,603.4499999999998,653.4499999999998
12,32,976.0,628.4499999999998,63.488333333333344,36,0,961.0,991.0,991.0,961.0,603.4499999999998,653.4499999999998
12,33,1006.0,628.4499999999998,63.48719999999999,25,0,991.0,1021.0,1021.0,991.0,603.4499999999998,653.4499999999998
12,34,1036.0,628.4499999999998,65.4292,25,0,1021.0,1051.0,1051.0,1021.0,603.4499999999998,653.4499999999998
12,35,1066.0,628.4499999999998,69.01133333333334,15,0,1051.0,1081.0,1081.0,1051.0,603.4499999999998,653.4499999999998
12,36,1096.0,628.4499999999998,68.03347826086956,23,0,1081.0,1111.0,1111.0,1081.0,603.4499999999998,653.4499999999998
12,37,1126.0,628.4499999999998,65.86310344827585,29,0,1111.0,1141.0,1141.0,1111.0,603.4499999999998,653.4499999999998
12,38,1156.0,628.4499999999998,71.02,11,0,1141.0,1171.0,1171.0,1141.0,603.4499999999998,653.4499999999998
12,39,1186.0,628.4499999999998,70.46107142857144,28,0,1171.0,1201.0,1201.0,1171.0,603.4499999999998,653.4499999999998
12,40,1216.0,628.4499999999998,65.31545454545454,22,0,1201.0,1231.0,1231.0,1201.0,603.4499999999998,653.4499999999998
12,41,1246.0,628.4499999999998,61.0909090909091,33,0,1231.0,1261.0,1261.0,1231.0,603.4499999999998,653.4499999999998
12,42,1276.0,628.4499999999998,63.377692307692314,13,0,1261.0,1291.0,1291.0,1261.0,603.4499999999998,653.4499999999998
12,43,1306.0,628.4499999999998,66.9762962962963,27,0,1291.0,1321.0,1321.0,1291.0,603.4499999999998,653.4499999999998
12,44,1336.0,628.4499999999998,59.79312500000002,32,0,1321.0,1351.0,1351.0,1321.0,603.4499999999998,653.4499999999998
12,45,1366.0,628.4499999999998,65.2275,32,0,1351.0,1381.0,1381.0,1351.0,603.4499999999998,653.4499999999998
12,46,1396.0,628.4499999999998,64.75000000000001,29,0,1381.0,1411.0,1411.0,1381.0,603.4499999999998,653.4499999999998
12,47,1426.0,628.4499999999998,68.0403125,32,0,1411.0,1441.0,1441.0,1411.0,603.4499999999998,653.4499999999998
12,48,1456.0,628.4499999999998,73.32649999999998,20,0,1441.0,1471.0,1471.0,1441.0,603.4499999999998,653.4499999999998
12,49,1486.0,628.4499999999998,70.12238095238095,21,0,1471.0,1501.0,1501.0,1471.0,603.4499999999998,653.4499999999998
12,50,1516.0,628.4499999999998,66.77740740740744,27,0,1501.0,1531.0,1531.0,1501.0,603.4499999999998,653.4499999999998
12,51,1546.0,628.4499999999998,66.41241379310345,29,0,1531.0,1561.0,1561.0,1531.0,603.4499999999998,653.4499999999998
12,52,1576.0,628.4499999999998,72.37375000000002,24,0,1561.0,1591.0,1591.0,1561.0,603.4499999999998,653.4499999999998
12,53,1606.0,628.4499999999998,71.37714285714284,21,0,1591.0,1621.0,1621.0,1591.0,603.4499999999998,653.4499999999998
12,54,1636.0,628.4499999999998,67.98384615384614,13,0,1621.0,1651.0,1651.0,1621.0,603.4499999999998,653.4499999999998
12,55,1666.0,628.4499999999998,67.86862068965519,29,0,1651.0,1681.0,1681.0,1651.0,603.4499999999998,653.4499999999998
12,56,1696.0,628.4499999999998,62.69333333333334,15,0,1681.0,1711.0,1711.0,1681.0,603.4499999999998,653.4499999999998
12,57,1726.0,628.4499999999998,67.09137931034483,29,0,1711.0,1741.0,1741.0,1711.0,603.4499999999998,653.4499999999998
12,58,1756.0,628.4499999999998,67.37,27,0,1741.0,1771.0,1771.0,1741.0,603.4499999999998,653.4499999999998
12,59,1786.0,628.4499999999998,62.96851851851852,27,0,1771.0,1801.0,1801.0,1771.0,603.4499999999998,653.4499999999998
12,60,1816.0,628.4499999999998,67.38242424242424,33,0,1801.0,1831.0,1831.0,1801.0,603.4499999999998,653.4499999999998
12,61,1846.0,628.4499999999998,59.334090909090925,22,0,1831.0,1861.0,1861.0,1831.0,603.4499999999998,653.4499999999998
12,62,1876.0,628.4499999999998,62.61068965517241,29,0,1861.0,1891.0,1891.0,1861.0,603.4499999999998,653.4499999999998
12,63,1906.0,628.4499999999998,63.05866666666667,30,0,1891.0,1921.0,1921.0,1891.0,603.4499999999998,653.4499999999998
12,64,1936.0,628.4499999999998,66.921,20,0,1921.0,1951.0,1951.0,1921.0,603.4499999999998,653.4499999999998
12,65,1966.0,628.4499999999998,64.21913043478261,23,0,1951.0,1981.0,1981.0,1951.0,603.4499999999998,653.4499999999998
12,66,1996.0,628.4499999999998,74.72555555555556,18,0,1981.0,2011.0,2011.0,1981.0,603.4499999999998,653.4499999999998
12,67,2026.0,628.4499999999998,59.232249999999986,40,0,2011.0,2041.0,2041.0,2011.0,603.4499999999998,653.4499999999998
12,68,2056.0,628.4499999999998,62.193636363636365,11,0,2041.0,2071.0,2071.0,2041.0,603.4499999999998,653.4499999999998
12,69,2086.0,628.4499999999998,60.63114285714285,35,0,2071.0,2101.0,2101.0,2071.0,603.4499999999998,653.4499999999998
12,70,2116.0,628.4499999999998,59.47292682926829,41,0,2101.0,2131.0,2131.0,2101.0,603.4499999999998,653.4499999999998
12,71,2146.0,628.4499999999998,62.11685714285715,35,0,2131.0,2161.0,2161.0,2131.0,603.4499999999998,653.4499999999998
12,72,2176.0,628.4499999999998,63.36435897435898,39,0,2161.0,2191.0,2191.0,2161.0,603.4499999999998,653.4499999999998
12,73,2206.0,628.4499999999998,63.225238095238126,42,0,2191.0,2221.0,2221.0,2191.0,603.4499999999998,653.4499999999998
12,74,2236.0,628.4499999999998,61.40304347826086,23,0,2221.0,2251.0,2251.0,2221.0,603.4499999999998,653.4499999999998
12,75,2266.0,628.4499999999998,59.91413793103449,29,0,2251.0,2281.0,2281.0,2251.0,603.4499999999998,653.4499999999998
12,76,2296.0,628.4499999999998,49.74029411764707,34,0,2281.0,2311.0,2311.0,2281.0,603.4499999999998,653.4499999999998
12,77,2326.0,628.4499999999998,41.16650793650794,63,0,2311.0,2341.0,2341.0,2311.0,603.4499999999998,653.4499999999998
12,78,2356.0,628.4499999999998,54.722500000000004,28,0,2341.0,2371.0,2371.0,2341.0,603.4499999999998,653.4499999999998
12,79,2386.0,628.4499999999998,62.88129032258063,31,0,2371.0,2401.0,2401.0,2371.0,603.4499999999998,653.4499999999998
12,80,2416.0,628.4499999999998,54.79404255319148,47,0,2401.0,2431.0,2431.0,2401.0,603.4499999999998,653.4499999999998
12,81,2446.0,628.4499999999998,55.506249999999994,32,0,2431.0,2461.0,2461.0,2431.0,603.4499999999998,653.4499999999998
12,82,2476.0,628.4499999999998,55.42366666666665,30,0,2461.0,2491.0,2491.0,2461.0,603.4499999999998,653.4499999999998
12,83,2506.0,628.4499999999998,56.865588235294126,34,0,2491.0,2521.0,2521.0,2491.0,603.4499999999998,653.4499999999998
12,84,2536.0,628.4499999999998,63.75023809523809,42,0,2521.0,2551.0,2551.0,2521.0,603.4499999999998,653.4499999999998
12,85,2566.0,628.4499999999998,62.86857142857141,21,0,2551.0,2581.0,2581.0,2551.0,603.4499999999998,653.4499999999998
12,86,2596.0,628.4499999999998,55.40297297297298,37,0,2581.0,2611.0,2611.0,2581.0,603.4499999999998,653.4499999999998
12,87,2626.0,628.4499999999998,52.045343915343906,27,0,2611.0,2641.0,2641.0,2611.0,603.4499999999998,653.4499999999998
12,88,2656.0,628.4499999999998,52.535599999999995,50,0,2641.0,2671.0,2671.0,2641.0,603.4499999999998,653.4499999999998
12,89,2686.0,628.4499999999998,66.4734126984127,14,0,2671.0,2701.0,2701.0,2671.0,603.4499999999998,653.4499999999998
12,90,2716.0,628.4499999999998,49.997692307692304,26,0,2701.0,2731.0,2731.0,2701.0,603.4499999999998,653.4499999999998
12,91,2746.0,628.4499999999998,57.80111111111111,18,0,2731.0,2761.0,2761.0,2731.0,603.4499999999998,653.4499999999998
12,92,2776.0,628.4499999999998,52.94679245283019,53,0,2761.0,2791.0,2791.0,2761.0,603.4499999999998,653.4499999999998
12,93,2806.0,628.4499999999998,58.379999999999995,35,0,2791.0,2821.0,2821.0,2791.0,603.4499999999998,653.4499999999998
12,94,2836.0,628.4499999999998,56.41214285714285,42,0,2821.0,2851.0,2851.0,2821.0,603.4499999999998,653.4499999999998
12,95,2866.0,628.4499999999998,58.943749999999994,48,0,2851.0,2881.0,2881.0,2851.0,603.4499999999998,653.4499999999998
12,96,2896.0,628.4499999999998,48.23361111111111,36,0,2881.0,2911.0,2911.0,2881.0,603.4499999999998,653.4499999999998
12,97,2926.0,628.4499999999998,42.48756756756755,37,0,2911.0,2941.0,2941.0,2911.0,603.4499999999998,653.4499999999998
12,98,2956.0,628.4499999999998,44.7590909090909,44,0,2941.0,2971.0,2971.0,2941.0,603.4499999999998,653.4499999999998
12,99,2986.0,628.4499999999998,43.64760869565217,46,0,2971.0,3001.0,3001.0,2971.0,603.4499999999998,653.4499999999998
12,100,3016.0,628.4499999999998,32.841875,64,0,3001.0,3031.0,3031.0,3001.0,603.4499999999998,653.4499999999998
12,101,3046.0,628.4499999999998,16.615000000000006,80,0,3031.0,3061.0,3061.0,3031.0,603.4499999999998,653.4499999999998
12,102,3076.0,628.4499999999998,27.370750000000005,80,0,3061.0,3091.0,3091.0,3061.0,603.4499999999998,653.4499999999998
12,103,3106.0,628.4499999999998,26.33830612244899,70,0,3091.0,3121.0,3121.0,3091.0,603.4499999999998,653.4499999999998
12,104,3136.0,628.4499999999998,17.614950495049506,101,0,3121.0,3151.0,3151.0,3121.0,603.4499999999998,653.4499999999998
12,105,3166.0,628.4499999999998,18.49921348314607,89,0,3151.0,3181.0,3181.0,3151.0,603.4499999999998,653.4499999999998
12,106,3196.0,628.4499999999998,15.74538461538461,91,0,3181.0,3211.0,3211.0,3181.0,603.4499999999998,653.4499999999998
12,107,3226.0,628.4499999999998,22.976760563380275,71,0,3211.0,3241.0,3241.0,3211.0,603.4499999999998,653.4499999999998
12,108,3256.0,628.4499999999998,18.569611650485438,103,0,3241.0,3271.0,3271.0,3241.0,603.4499999999998,653.4499999999998
12,109,3286.0,628.4499999999998,20.100874704491726,94,0,3271.0,3301.0,3301.0,3271.0,603.4499999999998,653.4499999999998
12,110,3316.0,628.4499999999998,26.6932911392405,79,0,3301.0,3331.0,3331.0,3301.0,603.4499999999998,653.4499999999998
12,111,3346.0,628.4499999999998,25.688153846153845,65,0,3331.0,3361.0,3361.0,3331.0,603.4499999999998,653.4499999999998
12,112,3376.0,628.4499999999998,29.79984375,64,0,3361.0,3391.0,3391.0,3361.0,603.4499999999998,653.4499999999998
12,113,3406.0,628.4499999999998,29.4089705882353,68,0,3391.0,3421.0,3421.0,3391.0,603.4499999999998,653.4499999999998
12,114,3436.0,628.4499999999998,22.218863636363633,88,0,3421.0,3451.0,3451.0,3421.0,603.4499999999998,653.4499999999998
12,115,3466.0,628.4499999999998,12.632886597938143,97,0,3451.0,3481.0,3481.0,3451.0,603.4499999999998,653.4499999999998
12,116,3496.0,628.4499999999998,16.890337078651683,89,0,3481.0,3511.0,3511.0,3481.0,603.4499999999998,653.4499999999998
12,117,3526.0,628.4499999999998,18.204166666666666,108,0,3511.0,3541.0,3541.0,3511.0,603.4499999999998,653.4499999999998
12,118,3556.0,628.4499999999998,20.567804878048776,82,0,3541.0,3571.0,3571.0,3541.0,603.4499999999998,653.4499999999998
12,119,3586.0,628.4499999999998,26.914625,80,0,3571.0,3601.0,3601.0,3571.0,603.4499999999998,653.4499999999998
12,120,3616.0,628.4499999999998,27.655147058823523,68,0,3601.0,3631.0,3631.0,3601.0,603.4499999999998,653.4499999999998
12,121,3646.0,628.4499999999998,26.04818181818182,77,0,3631.0,3661.0,3661.0,3631.0,603.4499999999998,653.4499999999998
12,122,3676.0,628.4499999999998,26.06148936170214,47,0,3661.0,3691.0,3691.0,3661.0,603.4499999999998,653.4499999999998
12,123,3706.0,628.4499999999998,,0,0,3691.0,3721.0,3721.0,3691.0,603.4499999999998,653.4499999999998
12,124,3736.0,628.4499999999998,,0,0,3721.0,3751.0,3751.0,3721.0,603.4499999999998,653.4499999999998
12,125,3766.0,628.4499999999998,,0,0,3751.0,3781.0,3781.0,3751.0,603.4499999999998,653.4499999999998
12,126,3796.0,628.4499999999998,,0,0,3781.0,3811.0,3811.0,3781.0,603.4499999999998,653.4499999999998
12,127,3826.0,628.4499999999998,,0,0,3811.0,3841.0,3841.0,3811.0,603.4499999999998,653.4499999999998
12,128,3856.0,628.4499999999998,,0,0,3841.0,3871.0,3871.0,3841.0,603.4499999999998,653.4499999999998
12,129,3886.0,628.4499999999998,,0,0,3871.0,3901.0,3901.0,3871.0,603.4499999999998,653.4499999999998
13,0,16.0,678.4499999999998,68.03041666666667,24,0,1.0,31.0,31.0,1.0,653.4499999999998,703.4499999999998
13,1,46.0,678.4499999999998,70.51692307692306,26,0,31.0,61.0,61.0,31.0,653.4499999999998,703.4499999999998
13,2,76.0,678.4499999999998,72.533,10,0,61.0,91.0,91.0,61.0,653.4499999999998,703.4499999999998
13,3,106.0,678.4499999999998,69.3982608695652,23,0,91.0,121.0,121.0,91.0,653.4499999999998,703.4499999999998
13,4,136.0,678.4499999999998,68.5397142857143,35,0,121.0,151.0,151.0,121.0,653.4499999999998,703.4499999999998
13,5,166.0,678.4499999999998,64.30037037037037,27,0,151.0,181.0,181.0,151.0,653.4499999999998,703.4499999999998
13,6,196.0,678.4499999999998,77.4342857142857,7,0,181.0,211.0,211.0,181.0,653.4499999999998,703.4499999999998
13,7,226.0,678.4499999999998,68.29050000000002,20,0,211.0,241.0,241.0,211.0,653.4499999999998,703.4499999999998
13,8,256.0,678.4499999999998,67.29250000000002,30,0,241.0,271.0,271.0,241.0,653.4499999999998,703.4499999999998
13,9,286.0,678.4499999999998,70.263,20,0,271.0,301.0,301.0,271.0,653.4499999999998,703.4499999999998
13,10,316.0,678.4499999999998,69.98555555555556,27,0,301.0,331.0,331.0,301.0,653.4499999999998,703.4499999999998
13,11,346.0,678.4499999999998,65.97545454545454,33,0,331.0,361.0,361.0,331.0,653.4499999999998,703.4499999999998
13,12,376.0,678.4499999999998,69.59823529411764,17,0,361.0,391.0,391.0,361.0,653.4499999999998,703.4499999999998
13,13,406.0,678.4499999999998,74.72533333333332,15,0,391.0,421.0,421.0,391.0,653.4499999999998,703.4499999999998
13,14,436.0,678.4499999999998,71.5590476190476,21,0,421.0,451.0,451.0,421.0,653.4499999999998,703.4499999999998
13,15,466.0,678.4499999999998,64.1076923076923,39,0,451.0,481.0,481.0,451.0,653.4499999999998,703.4499999999998
13,16,496.0,678.4499999999998,63.35055555555555,36,0,481.0,511.0,511.0,481.0,653.4499999999998,703.4499999999998
13,17,526.0,678.4499999999998,70.9275,20,0,511.0,541.0,541.0,511.0,653.4499999999998,703.4499999999998
13,18,556.0,678.4499999999998,69.53125000000001,24,0,541.0,571.0,571.0,541.0,653.4499999999998,703.4499999999998
13,19,586.0,678.4499999999998,65.61296296296297,27,0,571.0,601.0,601.0,571.0,653.4499999999998,703.4499999999998
13,20,616.0,678.4499999999998,67.31516129032256,31,0,601.0,631.0,631.0,601.0,653.4499999999998,703.4499999999998
13,21,646.0,678.4499999999998,64.5947619047619,21,0,631.0,661.0,661.0,631.0,653.4499999999998,703.4499999999998
13,22,676.0,678.4499999999998,65.39750000000001,32,0,661.0,691.0,691.0,661.0,653.4499999999998,703.4499999999998
13,23,706.0,678.4499999999998,71.03954545454543,22,0,691.0,721.0,721.0,691.0,653.4499999999998,703.4499999999998
13,24,736.0,678.4499999999998,69.46409090909091,22,0,721.0,751.0,751.0,721.0,653.4499999999998,703.4499999999998
13,25,766.0,678.4499999999998,62.01904761904761,21,0,751.0,781.0,781.0,751.0,653.4499999999998,703.4499999999998
13,26,796.0,678.4499999999998,66.16052631578948,19,0,781.0,811.0,811.0,781.0,653.4499999999998,703.4499999999998
13,27,826.0,678.4499999999998,65.76486486486486,37,0,811.0,841.0,841.0,811.0,653.4499999999998,703.4499999999998
13,28,856.0,678.4499999999998,66.40833333333333,36,0,841.0,871.0,871.0,841.0,653.4499999999998,703.4499999999998
13,29,886.0,678.4499999999998,65.06794117647058,34,0,871.0,901.0,901.0,871.0,653.4499999999998,703.4499999999998
13,30,916.0,678.4499999999998,65.78675675675676,37,0,901.0,931.0,931.0,901.0,653.4499999999998,703.4499999999998
13,31,946.0,678.4499999999998,59.444166666666675,36,0,931.0,961.0,961.0,931.0,653.4499999999998,703.4499999999998
13,32,976.0,678.4499999999998,63.77588235294118,34,0,961.0,991.0,991.0,961.0,653.4499999999998,703.4499999999998
13,33,1006.0,678.4499999999998,64.68192307692308,26,0,991.0,1021.0,1021.0,991.0,653.4499999999998,703.4499999999998
13,34,1036.0,678.4499999999998,66.42835390946503,27,0,1021.0,1051.0,1051.0,1021.0,653.4499999999998,703.4499999999998
13,35,1066.0,678.4499999999998,73.2666666666667,18,0,1051.0,1081.0,1081.0,1051.0,653.4499999999998,703.4499999999998
13,36,1096.0,678.4499999999998,70.2225,24,0,1081.0,1111.0,1111.0,1081.0,653.4499999999998,703.4499999999998
13,37,1126.0,678.4499999999998,67.95599999999999,35,0,1111.0,1141.0,1141.0,1111.0,653.4499999999998,703.4499999999998
13,38,1156.0,678.4499999999998,72.23066666666666,15,0,1141.0,1171.0,1171.0,1141.0,653.4499999999998,703.4499999999998
13,39,1186.0,678.4499999999998,74.63959999999997,25,0,1171.0,1201.0,1201.0,1171.0,653.4499999999998,703.4499999999998
13,40,1216.0,678.4499999999998,65.46041666666666,24,0,1201.0,1231.0,1231.0,1201.0,653.4499999999998,703.4499999999998
13,41,1246.0,678.4499999999998,60.152499999999996,36,0,1231.0,1261.0,1261.0,1231.0,653.4499999999998,703.4499999999998
13,42,1276.0,678.4499999999998,67.00692307692307,13,0,1261.0,1291.0,1291.0,1261.0,653.4499999999998,703.4499999999998
13,43,1306.0,678.4499999999998,68.50312500000001,32,0,1291.0,1321.0,1321.0,1291.0,653.4499999999998,703.4499999999998
13,44,1336.0,678.4499999999998,61.61515151515151,33,0,1321.0,1351.0,1351.0,1321.0,653.4499999999998,703.4499999999998
13,45,1366.0,678.4499999999998,66.35727272727271,33,0,1351.0,1381.0,1381.0,1351.0,653.4499999999998,703.4499999999998
13,46,1396.0,678.4499999999998,67.90190476190476,28,0,1381.0,1411.0,1411.0,1381.0,653.4499999999998,703.4499999999998
13,47,1426.0,678.4499999999998,70.02032258064519,31,0,1411.0,1441.0,1441.0,1411.0,653.4499999999998,703.4499999999998
13,48,1456.0,678.4499999999998,76.04833333333333,18,0,1441.0,1471.0,1471.0,1441.0,653.4499999999998,703.4499999999998
13,49,1486.0,678.4499999999998,72.47608695652173,23,0,1471.0,1501.0,1501.0,1471.0,653.4499999999998,703.4499999999998
13,50,1516.0,678.4499999999998,68.6805,20,0,1501.0,1531.0,1531.0,1501.0,653.4499999999998,703.4499999999998
13,51,1546.0,678.4499999999998,69.91379310344828,29,0,1531.0,1561.0,1561.0,1531.0,653.4499999999998,703.4499999999998
13,52,1576.0,678.4499999999998,73.95807692307692,26,0,1561.0,1591.0,1591.0,1561.0,653.4499999999998,703.4499999999998
13,53,1606.0,678.4499999999998,74.97631578947369,19,0,1591.0,1621.0,1621.0,1591.0,653.4499999999998,703.4499999999998
13,54,1636.0,678.4499999999998,71.82125,16,0,1621.0,1651.0,1651.0,1621.0,653.4499999999998,703.4499999999998
13,55,1666.0,678.4499999999998,69.02777777777777,27,0,1651.0,1681.0,1681.0,1651.0,653.4499999999998,703.4499999999998
13,56,1696.0,678.4499999999998,64.71866666666666,15,0,1681.0,1711.0,1711.0,1681.0,653.4499999999998,703.4499999999998
13,57,1726.0,678.4499999999998,68.80062499999998,32,0,1711.0,1741.0,1741.0,1711.0,653.4499999999998,703.4499999999998
13,58,1756.0,678.4499999999998,71.07758620689656,29,0,1741.0,1771.0,1771.0,1741.0,653.4499999999998,703.4499999999998
13,59,1786.0,678.4499999999998,65.96866666666666,30,0,1771.0,1801.0,1801.0,1771.0,653.4499999999998,703.4499999999998
13,60,1816.0,678.4499999999998,69.76485714285714,35,0,1801.0,1831.0,1831.0,1801.0,653.4499999999998,703.4499999999998
13,61,1846.0,678.4499999999998,64.51882352941176,17,0,1831.0,1861.0,1861.0,1831.0,653.4499999999998,703.4499999999998
13,62,1876.0,678.4499999999998,63.787499999999994,36,0,1861.0,1891.0,1891.0,1861.0,653.4499999999998,703.4499999999998
13,63,1906.0,678.4499999999998,66.51321428571428,28,0,1891.0,1921.0,1921.0,1891.0,653.4499999999998,703.4499999999998
13,64,1936.0,678.4499999999998,71.90199999999999,15,0,1921.0,1951.0,1951.0,1921.0,653.4499999999998,703.4499999999998
13,65,1966.0,678.4499999999998,66.25458333333334,24,0,1951.0,1981.0,1981.0,1951.0,653.4499999999998,703.4499999999998
13,66,1996.0,678.4499999999998,81.184,15,0,1981.0,2011.0,2011.0,1981.0,653.4499999999998,703.4499999999998
13,67,2026.0,678.4499999999998,59.87705882352941,34,0,2011.0,2041.0,2041.0,2011.0,653.4499999999998,703.4499999999998
13,68,2056.0,678.4499999999998,64.22785714285713,14,0,2041.0,2071.0,2071.0,2041.0,653.4499999999998,703.4499999999998
13,69,2086.0,678.4499999999998,63.50615384615384,26,0,2071.0,2101.0,2101.0,2071.0,653.4499999999998,703.4499999999998
13,70,2116.0,678.4499999999998,61.93382352941177,34,0,2101.0,2131.0,2131.0,2101.0,653.4499999999998,703.4499999999998
13,71,2146.0,678.4499999999998,64.7788888888889,36,0,2131.0,2161.0,2161.0,2131.0,653.4499999999998,703.4499999999998
13,72,2176.0,678.4499999999998,67.39916666666666,36,0,2161.0,2191.0,2191.0,2161.0,653.4499999999998,703.4499999999998
13,73,2206.0,678.4499999999998,65.54188034188034,39,0,2191.0,2221.0,2221.0,2191.0,653.4499999999998,703.4499999999998
13,74,2236.0,678.4499999999998,65.27409090909092,22,0,2221.0,2251.0,2251.0,2221.0,653.4499999999998,703.4499999999998
13,75,2266.0,678.4499999999998,59.18918918918918,37,0,2251.0,2281.0,2281.0,2251.0,653.4499999999998,703.4499999999998
13,76,2296.0,678.4499999999998,44.97481481481482,30,0,2281.0,2311.0,2311.0,2281.0,653.4499999999998,703.4499999999998
13,77,2326.0,678.4499999999998,37.32809523809525,63,0,2311.0,2341.0,2341.0,2311.0,653.4499999999998,703.4499999999998
13,78,2356.0,678.4499999999998,48.38548387096775,31,0,2341.0,2371.0,2371.0,2341.0,653.4499999999998,703.4499999999998
13,79,2386.0,678.4499999999998,65.2996551724138,29,0,2371.0,2401.0,2401.0,2371.0,653.4499999999998,703.4499999999998
13,80,2416.0,678.4499999999998,58.3892105263158,38,0,2401.0,2431.0,2431.0,2401.0,653.4499999999998,703.4499999999998
13,81,2446.0,678.4499999999998,49.97622222222224,45,0,2431.0,2461.0,2461.0,2431.0,653.4499999999998,703.4499999999998
13,82,2476.0,678.4499999999998,46.208918918918926,37,0,2461.0,2491.0,2491.0,2461.0,653.4499999999998,703.4499999999998
13,83,2506.0,678.4499999999998,52.044444444444444,45,0,2491.0,2521.0,2521.0,2491.0,653.4499999999998,703.4499999999998
13,84,2536.0,678.4499999999998,61.91789473684209,38,0,2521.0,2551.0,2551.0,2521.0,653.4499999999998,703.4499999999998
13,85,2566.0,678.4499999999998,65.14160714285715,24,0,2551.0,2581.0,2581.0,2551.0,653.4499999999998,703.4499999999998
13,86,2596.0,678.4499999999998,52.31146341463415,41,0,2581.0,2611.0,2611.0,2581.0,653.4499999999998,703.4499999999998
13,87,2626.0,678.4499999999998,51.37079999999999,25,0,2611.0,2641.0,2641.0,2611.0,653.4499999999998,703.4499999999998
13,88,2656.0,678.4499999999998,45.90381818181819,55,0,2641.0,2671.0,2671.0,2641.0,653.4499999999998,703.4499999999998
13,89,2686.0,678.4499999999998,52.77454545454545,11,0,2671.0,2701.0,2701.0,2671.0,653.4499999999998,703.4499999999998
13,90,2716.0,678.4499999999998,49.733020833333335,24,0,2701.0,2731.0,2731.0,2701.0,653.4499999999998,703.4499999999998
13,91,2746.0,678.4499999999998,62.19153846153847,13,0,2731.0,2761.0,2761.0,2731.0,653.4499999999998,703.4499999999998
13,92,2776.0,678.4499999999998,54.09249999999998,44,0,2761.0,2791.0,2791.0,2761.0,653.4499999999998,703.4499999999998
13,93,2806.0,678.4499999999998,55.700256410256394,39,0,2791.0,2821.0,2821.0,2791.0,653.4499999999998,703.4499999999998
13,94,2836.0,678.4499999999998,57.873333333333335,36,0,2821.0,2851.0,2851.0,2821.0,653.4499999999998,703.4499999999998
13,95,2866.0,678.4499999999998,55.91384615384615,52,0,2851.0,2881.0,2881.0,2851.0,653.4499999999998,703.4499999999998
13,96,2896.0,678.4499999999998,45.508750000000006,38,0,2881.0,2911.0,2911.0,2881.0,653.4499999999998,703.4499999999998
13,97,2926.0,678.4499999999998,46.22999999999999,40,0,2911.0,2941.0,2941.0,2911.0,653.4499999999998,703.4499999999998
13,98,2956.0,678.4499999999998,46.512564102564106,39,0,2941.0,2971.0,2971.0,2941.0,653.4499999999998,703.4499999999998
13,99,2986.0,678.4499999999998,43.73130434782608,46,0,2971.0,3001.0,3001.0,2971.0,653.4499999999998,703.4499999999998
13,100,3016.0,678.4499999999998,25.714571428571432,70,0,3001.0,3031.0,3031.0,3001.0,653.4499999999998,703.4499999999998
13,101,3046.0,678.4499999999998,19.6252,75,0,3031.0,3061.0,3061.0,3031.0,653.4499999999998,703.4499999999998
13,102,3076.0,678.4499999999998,32.24779411764706,68,0,3061.0,3091.0,3091.0,3061.0,653.4499999999998,703.4499999999998
13,103,3106.0,678.4499999999998,26.968923076923073,65,0,3091.0,3121.0,3121.0,3091.0,653.4499999999998,703.4499999999998
13,104,3136.0,678.4499999999998,21.541578947368432,76,0,3121.0,3151.0,3151.0,3121.0,653.4499999999998,703.4499999999998
13,105,3166.0,678.4499999999998,27.365,64,0,3151.0,3181.0,3181.0,3151.0,653.4499999999998,703.4499999999998
13,106,3196.0,678.4499999999998,22.209722222222226,72,0,3181.0,3211.0,3211.0,3181.0,653.4499999999998,703.4499999999998
13,107,3226.0,678.4499999999998,28.13174603174603,63,0,3211.0,3241.0,3241.0,3211.0,653.4499999999998,703.4499999999998
13,108,3256.0,678.4499999999998,24.07121621621621,74,0,3241.0,3271.0,3271.0,3241.0,653.4499999999998,703.4499999999998
13,109,3286.0,678.4499999999998,27.151304347826084,69,0,3271.0,3301.0,3301.0,3271.0,653.4499999999998,703.4499999999998
13,110,3316.0,678.4499999999998,25.94202898550724,69,0,3301.0,3331.0,3331.0,3301.0,653.4499999999998,703.4499999999998
13,111,3346.0,678.4499999999998,27.11816666666666,60,0,3331.0,3361.0,3361.0,3331.0,653.4499999999998,703.4499999999998
13,112,3376.0,678.4499999999998,30.019846153846153,65,0,3361.0,3391.0,3391.0,3361.0,653.4499999999998,703.4499999999998
13,113,3406.0,678.4499999999998,26.58739130434782,69,0,3391.0,3421.0,3421.0,3391.0,653.4499999999998,703.4499999999998
13,114,3436.0,678.4499999999998,19.804599999999997,100,0,3421.0,3451.0,3451.0,3421.0,653.4499999999998,703.4499999999998
13,115,3466.0,678.4499999999998,14.060918367346941,98,0,3451.0,3481.0,3481.0,3451.0,653.4499999999998,703.4499999999998
13,116,3496.0,678.4499999999998,17.74,84,0,3481.0,3511.0,3511.0,3481.0,653.4499999999998,703.4499999999998
13,117,3526.0,678.4499999999998,21.319767441860467,86,0,3511.0,3541.0,3541.0,3511.0,653.4499999999998,703.4499999999998
13,118,3556.0,678.4499999999998,23.39851851851851,81,0,3541.0,3571.0,3571.0,3541.0,653.4499999999998,703.4499999999998
13,119,3586.0,678.4499999999998,29.27776315789474,76,0,3571.0,3601.0,3601.0,3571.0,653.4499999999998,703.4499999999998
13,120,3616.0,678.4499999999998,27.00736111111111,72,0,3601.0,3631.0,3631.0,3601.0,653.4499999999998,703.4499999999998
13,121,3646.0,678.4499999999998,30.83142857142857,63,0,3631.0,3661.0,3661.0,3631.0,653.4499999999998,703.4499999999998
13,122,3676.0,678.4499999999998,26.942704918032796,61,0,3661.0,3691.0,3691.0,3661.0,653.4499999999998,703.4499999999998
13,123,3706.0,678.4499999999998,12.43,2,0,3691.0,3721.0,3721.0,3691.0,653.4499999999998,703.4499999999998
13,124,3736.0,678.4499999999998,,0,0,3721.0,3751.0,3751.0,3721.0,653.4499999999998,703.4499999999998
13,125,3766.0,678.4499999999998,,0,0,3751.0,3781.0,3781.0,3751.0,653.4499999999998,703.4499999999998
13,126,3796.0,678.4499999999998,,0,0,3781.0,3811.0,3811.0,3781.0,653.4499999999998,703.4499999999998
13,127,3826.0,678.4499999999998,,0,0,3811.0,3841.0,3841.0,3811.0,653.4499999999998,703.4499999999998
13,128,3856.0,678.4499999999998,,0,0,3841.0,3871.0,3871.0,3841.0,653.4499999999998,703.4499999999998
13,129,3886.0,678.4499999999998,,0,0,3871.0,3901.0,3901.0,3871.0,653.4499999999998,703.4499999999998
14,0,16.0,728.4499999999998,63.459166666666654,24,0,1.0,31.0,31.0,1.0,703.4499999999998,753.4499999999998
14,1,46.0,728.4499999999998,67.64699999999999,30,0,31.0,61.0,61.0,31.0,703.4499999999998,753.4499999999998
14,2,76.0,728.4499999999998,68.835,14,0,61.0,91.0,91.0,61.0,703.4499999999998,753.4499999999998
14,3,106.0,728.4499999999998,63.7704,25,0,91.0,121.0,121.0,91.0,703.4499999999998,753.4499999999998
14,4,136.0,728.4499999999998,65.16102564102563,39,0,121.0,151.0,151.0,121.0,703.4499999999998,753.4499999999998
14,5,166.0,728.4499999999998,61.17896551724137,29,0,151.0,181.0,181.0,151.0,703.4499999999998,753.4499999999998
14,6,196.0,728.4499999999998,69.26846153846154,13,0,181.0,211.0,211.0,181.0,703.4499999999998,753.4499999999998
14,7,226.0,728.4499999999998,68.0257142857143,21,0,211.0,241.0,241.0,211.0,703.4499999999998,753.4499999999998
14,8,256.0,728.4499999999998,64.63689655172412,29,0,241.0,271.0,271.0,241.0,703.4499999999998,753.4499999999998
14,9,286.0,728.4499999999998,64.372,25,0,271.0,301.0,301.0,271.0,703.4499999999998,753.4499999999998
14,10,316.0,728.4499999999998,67.54357142857143,28,0,301.0,331.0,331.0,301.0,703.4499999999998,753.4499999999998
14,11,346.0,728.4499999999998,63.00342857142858,35,0,331.0,361.0,361.0,331.0,703.4499999999998,753.4499999999998
14,12,376.0,728.4499999999998,65.24454545454545,22,0,361.0,391.0,391.0,361.0,703.4499999999998,753.4499999999998
14,13,406.0,728.4499999999998,72.57666666666667,12,0,391.0,421.0,421.0,391.0,703.4499999999998,753.4499999999998
14,14,436.0,728.4499999999998,67.85038461538463,26,0,421.0,451.0,451.0,421.0,703.4499999999998,753.4499999999998
14,15,466.0,728.4499999999998,60.09121212121212,33,0,451.0,481.0,481.0,451.0,703.4499999999998,753.4499999999998
14,16,496.0,728.4499999999998,59.81217391304347,46,0,481.0,511.0,511.0,481.0,703.4499999999998,753.4499999999998
14,17,526.0,728.4499999999998,68.53470588235292,17,0,511.0,541.0,541.0,511.0,703.4499999999998,753.4499999999998
14,18,556.0,728.4499999999998,69.41814814814813,27,0,541.0,571.0,571.0,541.0,703.4499999999998,753.4499999999998
14,19,586.0,728.4499999999998,62.63439153439155,21,0,571.0,601.0,601.0,571.0,703.4499999999998,753.4499999999998
14,20,616.0,728.4499999999998,64.06243243243243,37,0,601.0,631.0,631.0,601.0,703.4499999999998,753.4499999999998
14,21,646.0,728.4499999999998,62.69499999999999,20,0,631.0,661.0,661.0,631.0,703.4499999999998,753.4499999999998
14,22,676.0,728.4499999999998,61.44416666666666,36,0,661.0,691.0,691.0,661.0,703.4499999999998,753.4499999999998
14,23,706.0,728.4499999999998,67.91913043478259,23,0,691.0,721.0,721.0,691.0,703.4499999999998,753.4499999999998
14,24,736.0,728.4499999999998,66.07857142857144,21,0,721.0,751.0,751.0,721.0,703.4499999999998,753.4499999999998
14,25,766.0,728.4499999999998,62.81287619047619,25,0,751.0,781.0,781.0,751.0,703.4499999999998,753.4499999999998
14,26,796.0,728.4499999999998,63.73200000000001,20,0,781.0,811.0,811.0,781.0,703.4499999999998,753.4499999999998
14,27,826.0,728.4499999999998,63.10729729729731,37,0,811.0,841.0,841.0,811.0,703.4499999999998,753.4499999999998
14,28,856.0,728.4499999999998,62.89595238095237,42,0,841.0,871.0,871.0,841.0,703.4499999999998,753.4499999999998
14,29,886.0,728.4499999999998,62.39000000000002,34,0,871.0,901.0,901.0,871.0,703.4499999999998,753.4499999999998
14,30,916.0,728.4499999999998,62.02924999999999,40,0,901.0,931.0,931.0,901.0,703.4499999999998,753.4499999999998
14,31,946.0,728.4499999999998,56.632499999999986,44,0,931.0,961.0,961.0,931.0,703.4499999999998,753.4499999999998
14,32,976.0,728.4499999999998,60.011875,32,0,961.0,991.0,991.0,961.0,703.4499999999998,753.4499999999998
14,33,1006.0,728.4499999999998,60.63642857142857,28,0,991.0,1021.0,1021.0,991.0,703.4499999999998,753.4499999999998
14,34,1036.0,728.4499999999998,62.056486486486506,37,0,1021.0,1051.0,1051.0,1021.0,703.4499999999998,753.4499999999998
14,35,1066.0,728.4499999999998,70.30449999999999,20,0,1051.0,1081.0,1081.0,1051.0,703.4499999999998,753.4499999999998
14,36,1096.0,728.4499999999998,68.6091304347826,23,0,1081.0,1111.0,1111.0,1081.0,703.4499999999998,753.4499999999998
14,37,1126.0,728.4499999999998,66.07000000000001,32,0,1111.0,1141.0,1141.0,1111.0,703.4499999999998,753.4499999999998
14,38,1156.0,728.4499999999998,67.76611111111112,18,0,1141.0,1171.0,1171.0,1141.0,703.4499999999998,753.4499999999998
14,39,1186.0,728.4499999999998,73.6576,25,0,1171.0,1201.0,1201.0,1171.0,703.4499999999998,753.4499999999998
14,40,1216.0,728.4499999999998,62.118787878787884,33,0,1201.0,1231.0,1231.0,1201.0,703.4499999999998,753.4499999999998
14,41,1246.0,728.4499999999998,57.78470588235294,34,0,1231.0,1261.0,1261.0,1231.0,703.4499999999998,753.4499999999998
14,42,1276.0,728.4499999999998,68.59450000000001,10,0,1261.0,1291.0,1291.0,1261.0,703.4499999999998,753.4499999999998
14,43,1306.0,728.4499999999998,62.32055555555554,36,0,1291.0,1321.0,1321.0,1291.0,703.4499999999998,753.4499999999998
14,44,1336.0,728.4499999999998,58.69624999999999,32,0,1321.0,1351.0,1351.0,1321.0,703.4499999999998,753.4499999999998
14,45,1366.0,728.4499999999998,62.28467320261437,34,0,1351.0,1381.0,1381.0,1351.0,703.4499999999998,753.4499999999998
14,46,1396.0,728.4499999999998,65.42709677419354,31,0,1381.0,1411.0,1411.0,1381.0,703.4499999999998,753.4499999999998
14,47,1426.0,728.4499999999998,66.16810810810811,37,0,1411.0,1441.0,1441.0,1411.0,703.4499999999998,753.4499999999998
14,48,1456.0,728.4499999999998,72.09222222222222,18,0,1441.0,1471.0,1471.0,1441.0,703.4499999999998,753.4499999999998
14,49,1486.0,728.4499999999998,69.96655172413793,29,0,1471.0,1501.0,1501.0,1471.0,703.4499999999998,753.4499999999998
14,50,1516.0,728.4499999999998,66.03875000000001,24,0,1501.0,1531.0,1531.0,1501.0,703.4499999999998,753.4499999999998
14,51,1546.0,728.4499999999998,67.4009375,32,0,1531.0,1561.0,1561.0,1531.0,703.4499999999998,753.4499999999998
14,52,1576.0,728.4499999999998,67.80172413793103,29,0,1561.0,1591.0,1591.0,1561.0,703.4499999999998,753.4499999999998
14,53,1606.0,728.4499999999998,70.60590909090908,22,0,1591.0,1621.0,1621.0,1591.0,703.4499999999998,753.4499999999998
14,54,1636.0,728.4499999999998,69.294,20,0,1621.0,1651.0,1651.0,1621.0,703.4499999999998,753.4499999999998
14,55,1666.0,728.4499999999998,65.81354838709679,31,0,1651.0,1681.0,1681.0,1651.0,703.4499999999998,753.4499999999998
14,56,1696.0,728.4499999999998,62.878947368421066,19,0,1681.0,1711.0,1711.0,1681.0,703.4499999999998,753.4499999999998
14,57,1726.0,728.4499999999998,65.41885714285714,35,0,1711.0,1741.0,1741.0,1711.0,703.4499999999998,753.4499999999998
14,58,1756.0,728.4499999999998,67.45379310344825,29,0,1741.0,1771.0,1771.0,1741.0,703.4499999999998,753.4499999999998
14,59,1786.0,728.4499999999998,63.92948148148149,30,0,1771.0,1801.0,1801.0,1771.0,703.4499999999998,753.4499999999998
14,60,1816.0,728.4499999999998,65.83057142857142,35,0,1801.0,1831.0,1831.0,1801.0,703.4499999999998,753.4499999999998
14,61,1846.0,728.4499999999998,64.88733333333333,15,0,1831.0,1861.0,1861.0,1831.0,703.4499999999998,753.4499999999998
14,62,1876.0,728.4499999999998,59.69222222222223,45,0,1861.0,1891.0,1891.0,1861.0,703.4499999999998,753.4499999999998
14,63,1906.0,728.4499999999998,64.38875000000003,24,0,1891.0,1921.0,1921.0,1891.0,703.4499999999998,753.4499999999998
14,64,1936.0,728.4499999999998,68.03470588235295,17,0,1921.0,1951.0,1951.0,1921.0,703.4499999999998,753.4499999999998
14,65,1966.0,728.4499999999998,65.4031111111111,30,0,1951.0,1981.0,1981.0,1951.0,703.4499999999998,753.4499999999998
14,66,1996.0,728.4499999999998,78.52588235294117,17,0,1981.0,2011.0,2011.0,1981.0,703.4499999999998,753.4499999999998
14,67,2026.0,728.4499999999998,57.98266666666668,30,0,2011.0,2041.0,2041.0,2011.0,703.4499999999998,753.4499999999998
14,68,2056.0,728.4499999999998,59.8325,20,0,2041.0,2071.0,2071.0,2041.0,703.4499999999998,753.4499999999998
14,69,2086.0,728.4499999999998,61.68714285714286,28,0,2071.0,2101.0,2101.0,2071.0,703.4499999999998,753.4499999999998
14,70,2116.0,728.4499999999998,59.855000000000004,38,0,2101.0,2131.0,2131.0,2101.0,703.4499999999998,753.4499999999998
14,71,2146.0,728.4499999999998,61.924444444444426,36,0,2131.0,2161.0,2161.0,2131.0,703.4499999999998,753.4499999999998
14,72,2176.0,728.4499999999998,64.9077777777778,36,0,2161.0,2191.0,2191.0,2161.0,703.4499999999998,753.4499999999998
14,73,2206.0,728.4499999999998,62.75914285714285,35,0,2191.0,2221.0,2221.0,2191.0,703.4499999999998,753.4499999999998
14,74,2236.0,728.4499999999998,64.71354838709678,31,0,2221.0,2251.0,2251.0,2221.0,703.4499999999998,753.4499999999998
14,75,2266.0,728.4499999999998,52.656904761904755,42,0,2251.0,2281.0,2281.0,2251.0,703.4499999999998,753.4499999999998
14,76,2296.0,728.4499999999998,43.8578125,32,0,2281.0,2311.0,2311.0,2281.0,703.4499999999998,753.4499999999998
14,77,2326.0,728.4499999999998,35.760000000000005,66,0,2311.0,2341.0,2341.0,2311.0,703.4499999999998,753.4499999999998
14,78,2356.0,728.4499999999998,40.90333333333334,39,0,2341.0,2371.0,2371.0,2341.0,703.4499999999998,753.4499999999998
14,79,2386.0,728.4499999999998,61.742068965517255,29,0,2371.0,2401.0,2401.0,2371.0,703.4499999999998,753.4499999999998
14,80,2416.0,728.4499999999998,55.570465116279074,43,0,2401.0,2431.0,2431.0,2401.0,703.4499999999998,753.4499999999998
14,81,2446.0,728.4499999999998,43.397777777777776,54,0,2431.0,2461.0,2461.0,2431.0,703.4499999999998,753.4499999999998
14,82,2476.0,728.4499999999998,34.59418604651162,43,0,2461.0,2491.0,2491.0,2461.0,703.4499999999998,753.4499999999998
14,83,2506.0,728.4499999999998,44.22085106382977,47,0,2491.0,2521.0,2521.0,2491.0,703.4499999999998,753.4499999999998
14,84,2536.0,728.4499999999998,55.698333333333345,45,0,2521.0,2551.0,2551.0,2521.0,703.4499999999998,753.4499999999998
14,85,2566.0,728.4499999999998,62.68523809523809,21,0,2551.0,2581.0,2581.0,2551.0,703.4499999999998,753.4499999999998
14,86,2596.0,728.4499999999998,48.413513513513514,37,0,2581.0,2611.0,2611.0,2581.0,703.4499999999998,753.4499999999998
14,87,2626.0,728.4499999999998,49.133,30,0,2611.0,2641.0,2641.0,2611.0,703.4499999999998,753.4499999999998
14,88,2656.0,728.4499999999998,41.70660714285714,56,0,2641.0,2671.0,2671.0,2641.0,703.4499999999998,753.4499999999998
14,89,2686.0,728.4499999999998,44.54318181818182,22,0,2671.0,2701.0,2701.0,2671.0,703.4499999999998,753.4499999999998
14,90,2716.0,728.4499999999998,50.55782608695652,23,0,2701.0,2731.0,2731.0,2701.0,703.4499999999998,753.4499999999998
14,91,2746.0,728.4499999999998,65.49181818181818,11,0,2731.0,2761.0,2761.0,2731.0,703.4499999999998,753.4499999999998
14,92,2776.0,728.4499999999998,49.54680851063831,47,0,2761.0,2791.0,2791.0,2761.0,703.4499999999998,753.4499999999998
14,93,2806.0,728.4499999999998,48.55694444444445,36,0,2791.0,2821.0,2821.0,2791.0,703.4499999999998,753.4499999999998
14,94,2836.0,728.4499999999998,53.396410256410256,39,0,2821.0,2851.0,2851.0,2821.0,703.4499999999998,753.4499999999998
14,95,2866.0,728.4499999999998,46.709107142857135,56,0,2851.0,2881.0,2881.0,2851.0,703.4499999999998,753.4499999999998
14,96,2896.0,728.4499999999998,40.039069767441866,43,0,2881.0,2911.0,2911.0,2881.0,703.4499999999998,753.4499999999998
14,97,2926.0,728.4499999999998,46.4578947368421,38,0,2911.0,2941.0,2941.0,2911.0,703.4499999999998,753.4499999999998
14,98,2956.0,728.4499999999998,40.872439024390246,41,0,2941.0,2971.0,2971.0,2941.0,703.4499999999998,753.4499999999998
14,99,2986.0,728.4499999999998,36.00563636363637,55,0,2971.0,3001.0,3001.0,2971.0,703.4499999999998,753.4499999999998
14,100,3016.0,728.4499999999998,21.879452054794527,73,0,3001.0,3031.0,3031.0,3001.0,703.4499999999998,753.4499999999998
14,101,3046.0,728.4499999999998,21.866962025316457,79,0,3031.0,3061.0,3061.0,3031.0,703.4499999999998,753.4499999999998
14,102,3076.0,728.4499999999998,29.62791044776119,67,0,3061.0,3091.0,3091.0,3061.0,703.4499999999998,753.4499999999998
14,103,3106.0,728.4499999999998,25.612835820895523,67,0,3091.0,3121.0,3121.0,3091.0,703.4499999999998,753.4499999999998
14,104,3136.0,728.4499999999998,25.483793103448274,58,0,3121.0,3151.0,3151.0,3121.0,703.4499999999998,753.4499999999998
14,105,3166.0,728.4499999999998,23.964567901234574,81,0,3151.0,3181.0,3181.0,3151.0,703.4499999999998,753.4499999999998
14,106,3196.0,728.4499999999998,22.110277777777775,72,0,3181.0,3211.0,3211.0,3181.0,703.4499999999998,753.4499999999998
14,107,3226.0,728.4499999999998,27.962606516290723,57,0,3211.0,3241.0,3241.0,3211.0,703.4499999999998,753.4499999999998
14,108,3256.0,728.4499999999998,29.286666666666665,57,0,3241.0,3271.0,3271.0,3241.0,703.4499999999998,753.4499999999998
14,109,3286.0,728.4499999999998,31.424642857142857,56,0,3271.0,3301.0,3301.0,3271.0,703.4499999999998,753.4499999999998
14,110,3316.0,728.4499999999998,31.203392857142852,56,0,3301.0,3331.0,3331.0,3301.0,703.4499999999998,753.4499999999998
14,111,3346.0,728.4499999999998,30.98574074074074,54,0,3331.0,3361.0,3361.0,3331.0,703.4499999999998,753.4499999999998
14,112,3376.0,728.4499999999998,29.023275862068967,58,0,3361.0,3391.0,3391.0,3361.0,703.4499999999998,753.4499999999998
14,113,3406.0,728.4499999999998,23.522557603686636,62,0,3391.0,3421.0,3421.0,3391.0,703.4499999999998,753.4499999999998
14,114,3436.0,728.4499999999998,17.25615384615385,104,0,3421.0,3451.0,3451.0,3421.0,703.4499999999998,753.4499999999998
14,115,3466.0,728.4499999999998,12.866261682242987,107,0,3451.0,3481.0,3481.0,3451.0,703.4499999999998,753.4499999999998
14,116,3496.0,728.4499999999998,20.10654761904761,84,0,3481.0,3511.0,3511.0,3481.0,703.4499999999998,753.4499999999998
14,117,3526.0,728.4499999999998,18.42532608695652,92,0,3511.0,3541.0,3541.0,3511.0,703.4499999999998,753.4499999999998
14,118,3556.0,728.4499999999998,23.714230769230774,78,0,3541.0,3571.0,3571.0,3541.0,703.4499999999998,753.4499999999998
14,119,3586.0,728.4499999999998,32.04612903225806,62,0,3571.0,3601.0,3601.0,3571.0,703.4499999999998,753.4499999999998
14,120,3616.0,728.4499999999998,28.58723076923078,65,0,3601.0,3631.0,3631.0,3601.0,703.4499999999998,753.4499999999998
14,121,3646.0,728.4499999999998,29.38557142857143,70,0,3631.0,3661.0,3661.0,3631.0,703.4499999999998,753.4499999999998
14,122,3676.0,728.4499999999998,24.866759259259258,54,0,3661.0,3691.0,3691.0,3661.0,703.4499999999998,753.4499999999998
14,123,3706.0,728.4499999999998,17.6275,20,0,3691.0,3721.0,3721.0,3691.0,703.4499999999998,753.4499999999998
14,124,3736.0,728.4499999999998,,0,0,3721.0,3751.0,3751.0,3721.0,703.4499999999998,753.4499999999998
14,125,3766.0,728.4499999999998,,0,0,3751.0,3781.0,3781.0,3751.0,703.4499999999998,753.4499999999998
14,126,3796.0,728.4499999999998,,0,0,3781.0,3811.0,3811.0,3781.0,703.4499999999998,753.4499999999998
14,127,3826.0,728.4499999999998,,0,0,3811.0,3841.0,3841.0,3811.0,703.4499999999998,753.4499999999998
14,128,3856.0,728.4499999999998,,0,0,3841.0,3871.0,3871.0,3841.0,703.4499999999998,753.4499999999998
14,129,3886.0,728.4499999999998,,0,0,3871.0,3901.0,3901.0,3871.0,703.4499999999998,753.4499999999998
15,0,16.0,778.4499999999998,62.8355,20,0,1.0,31.0,31.0,1.0,753.4499999999998,803.4499999999998
15,1,46.0,778.4499999999998,68.20300000000002,30,0,31.0,61.0,61.0,31.0,753.4499999999998,803.4499999999998
15,2,76.0,778.4499999999998,69.275,14,0,61.0,91.0,91.0,61.0,753.4499999999998,803.4499999999998
15,3,106.0,778.4499999999998,64.98894736842107,19,0,91.0,121.0,121.0,91.0,753.4499999999998,803.4499999999998
15,4,136.0,778.4499999999998,64.8325,40,0,121.0,151.0,151.0,121.0,753.4499999999998,803.4499999999998
15,5,166.0,778.4499999999998,61.4353125,32,0,151.0,181.0,181.0,151.0,753.4499999999998,803.4499999999998
15,6,196.0,778.4499999999998,68.60466666666666,15,0,181.0,211.0,211.0,181.0,753.4499999999998,803.4499999999998
15,7,226.0,778.4499999999998,67.25722222222223,18,0,211.0,241.0,241.0,211.0,753.4499999999998,803.4499999999998
15,8,256.0,778.4499999999998,67.29695652173913,23,0,241.0,271.0,271.0,241.0,753.4499999999998,803.4499999999998
15,9,286.0,778.4499999999998,64.07222222222221,27,0,271.0,301.0,301.0,271.0,753.4499999999998,803.4499999999998
15,10,316.0,778.4499999999998,66.7825,24,0,301.0,331.0,331.0,301.0,753.4499999999998,803.4499999999998
15,11,346.0,778.4499999999998,62.705555555555556,36,0,331.0,361.0,361.0,331.0,753.4499999999998,803.4499999999998
15,12,376.0,778.4499999999998,63.75769230769231,26,0,361.0,391.0,391.0,361.0,753.4499999999998,803.4499999999998
15,13,406.0,778.4499999999998,71.7892857142857,14,0,391.0,421.0,421.0,391.0,753.4499999999998,803.4499999999998
15,14,436.0,778.4499999999998,68.47476190476192,21,0,421.0,451.0,451.0,421.0,753.4499999999998,803.4499999999998
15,15,466.0,778.4499999999998,60.32033333333332,30,0,451.0,481.0,481.0,451.0,753.4499999999998,803.4499999999998
15,16,496.0,778.4499999999998,59.250892857142865,56,0,481.0,511.0,511.0,481.0,753.4499999999998,803.4499999999998
15,17,526.0,778.4499999999998,68.225625,16,0,511.0,541.0,541.0,511.0,753.4499999999998,803.4499999999998
15,18,556.0,778.4499999999998,68.04310344827586,29,0,541.0,571.0,571.0,541.0,753.4499999999998,803.4499999999998
15,19,586.0,778.4499999999998,63.173333333333325,21,0,571.0,601.0,601.0,571.0,753.4499999999998,803.4499999999998
15,20,616.0,778.4499999999998,63.50444444444445,36,0,601.0,631.0,631.0,601.0,753.4499999999998,803.4499999999998
15,21,646.0,778.4499999999998,64.72761904761906,21,0,631.0,661.0,661.0,631.0,753.4499999999998,803.4499999999998
15,22,676.0,778.4499999999998,59.91842105263157,38,0,661.0,691.0,691.0,661.0,753.4499999999998,803.4499999999998
15,23,706.0,778.4499999999998,67.23846153846154,26,0,691.0,721.0,721.0,691.0,753.4499999999998,803.4499999999998
15,24,736.0,778.4499999999998,64.89999999999999,13,0,721.0,751.0,751.0,721.0,753.4499999999998,803.4499999999998
15,25,766.0,778.4499999999998,64.86653846153847,26,0,751.0,781.0,781.0,751.0,753.4499999999998,803.4499999999998
15,26,796.0,778.4499999999998,61.06000000000002,20,0,781.0,811.0,811.0,781.0,753.4499999999998,803.4499999999998
15,27,826.0,778.4499999999998,62.41175000000002,40,0,811.0,841.0,841.0,811.0,753.4499999999998,803.4499999999998
15,28,856.0,778.4499999999998,61.724393939393956,44,0,841.0,871.0,871.0,841.0,753.4499999999998,803.4499999999998
15,29,886.0,778.4499999999998,60.491818181818196,33,0,871.0,901.0,901.0,871.0,753.4499999999998,803.4499999999998
15,30,916.0,778.4499999999998,61.11923076923075,39,0,901.0,931.0,931.0,901.0,753.4499999999998,803.4499999999998
15,31,946.0,778.4499999999998,56.035000000000004,42,0,931.0,961.0,961.0,931.0,753.4499999999998,803.4499999999998
15,32,976.0,778.4499999999998,58.705000000000005,32,0,961.0,991.0,991.0,961.0,753.4499999999998,803.4499999999998
15,33,1006.0,778.4499999999998,59.30892857142857,28,0,991.0,1021.0,1021.0,991.0,753.4499999999998,803.4499999999998
15,34,1036.0,778.4499999999998,61.57357142857142,42,0,1021.0,1051.0,1051.0,1021.0,753.4499999999998,803.4499999999998
15,35,1066.0,778.4499999999998,68.33238095238096,21,0,1051.0,1081.0,1081.0,1051.0,753.4499999999998,803.4499999999998
15,36,1096.0,778.4499999999998,67.12857142857143,21,0,1081.0,1111.0,1111.0,1081.0,753.4499999999998,803.4499999999998
15,37,1126.0,778.4499999999998,66.20323529411765,34,0,1111.0,1141.0,1141.0,1111.0,753.4499999999998,803.4499999999998
15,38,1156.0,778.4499999999998,66.60499999999999,20,0,1141.0,1171.0,1171.0,1141.0,753.4499999999998,803.4499999999998
15,39,1186.0,778.4499999999998,73.26999999999998,21,0,1171.0,1201.0,1201.0,1171.0,753.4499999999998,803.4499999999998
15,40,1216.0,778.4499999999998,62.15783783783783,37,0,1201.0,1231.0,1231.0,1201.0,753.4499999999998,803.4499999999998
15,41,1246.0,778.4499999999998,59.423870967741934,31,0,1231.0,1261.0,1261.0,1231.0,753.4499999999998,803.4499999999998
15,42,1276.0,778.4499999999998,62.29071428571429,14,0,1261.0,1291.0,1291.0,1261.0,753.4499999999998,803.4499999999998
15,43,1306.0,778.4499999999998,63.112,35,0,1291.0,1321.0,1321.0,1291.0,753.4499999999998,803.4499999999998
15,44,1336.0,778.4499999999998,58.2983870967742,31,0,1321.0,1351.0,1351.0,1321.0,753.4499999999998,803.4499999999998
15,45,1366.0,778.4499999999998,61.735172413793094,29,0,1351.0,1381.0,1381.0,1351.0,753.4499999999998,803.4499999999998
15,46,1396.0,778.4499999999998,63.19939393939395,33,0,1381.0,1411.0,1411.0,1381.0,753.4499999999998,803.4499999999998
15,47,1426.0,778.4499999999998,64.37450000000001,40,0,1411.0,1441.0,1441.0,1411.0,753.4499999999998,803.4499999999998
15,48,1456.0,778.4499999999998,73.53733333333335,15,0,1441.0,1471.0,1471.0,1441.0,753.4499999999998,803.4499999999998
15,49,1486.0,778.4499999999998,68.68900000000002,30,0,1471.0,1501.0,1501.0,1471.0,753.4499999999998,803.4499999999998
15,50,1516.0,778.4499999999998,66.23625,24,0,1501.0,1531.0,1531.0,1501.0,753.4499999999998,803.4499999999998
15,51,1546.0,778.4499999999998,65.67827586206896,29,0,1531.0,1561.0,1561.0,1531.0,753.4499999999998,803.4499999999998
15,52,1576.0,778.4499999999998,66.08344827586205,29,0,1561.0,1591.0,1591.0,1561.0,753.4499999999998,803.4499999999998
15,53,1606.0,778.4499999999998,70.4717391304348,23,0,1591.0,1621.0,1621.0,1591.0,753.4499999999998,803.4499999999998
15,54,1636.0,778.4499999999998,68.5955,20,0,1621.0,1651.0,1651.0,1621.0,753.4499999999998,803.4499999999998
15,55,1666.0,778.4499999999998,65.12724137931033,29,0,1651.0,1681.0,1681.0,1651.0,753.4499999999998,803.4499999999998
15,56,1696.0,778.4499999999998,62.59764705882353,17,0,1681.0,1711.0,1711.0,1681.0,753.4499999999998,803.4499999999998
15,57,1726.0,778.4499999999998,64.56468749999999,32,0,1711.0,1741.0,1741.0,1711.0,753.4499999999998,803.4499999999998
15,58,1756.0,778.4499999999998,67.03218750000002,32,0,1741.0,1771.0,1771.0,1741.0,753.4499999999998,803.4499999999998
15,59,1786.0,778.4499999999998,64.3773076923077,26,0,1771.0,1801.0,1801.0,1771.0,753.4499999999998,803.4499999999998
15,60,1816.0,778.4499999999998,62.94060606060606,33,0,1801.0,1831.0,1831.0,1801.0,753.4499999999998,803.4499999999998
15,61,1846.0,778.4499999999998,65.70625000000001,16,0,1831.0,1861.0,1861.0,1831.0,753.4499999999998,803.4499999999998
15,62,1876.0,778.4499999999998,58.959772727272735,44,0,1861.0,1891.0,1891.0,1861.0,753.4499999999998,803.4499999999998
15,63,1906.0,778.4499999999998,64.8652,25,0,1891.0,1921.0,1921.0,1891.0,753.4499999999998,803.4499999999998
15,64,1936.0,778.4499999999998,68.01368421052632,19,0,1921.0,1951.0,1951.0,1921.0,753.4499999999998,803.4499999999998
15,65,1966.0,778.4499999999998,63.29333333333334,27,0,1951.0,1981.0,1981.0,1951.0,753.4499999999998,803.4499999999998
15,66,1996.0,778.4499999999998,79.72785714285715,14,0,1981.0,2011.0,2011.0,1981.0,753.4499999999998,803.4499999999998
15,67,2026.0,778.4499999999998,59.17222222222221,27,0,2011.0,2041.0,2041.0,2011.0,753.4499999999998,803.4499999999998
15,68,2056.0,778.4499999999998,57.5611111111111,27,0,2041.0,2071.0,2071.0,2041.0,753.4499999999998,803.4499999999998
15,69,2086.0,778.4499999999998,60.76538461538462,26,0,2071.0,2101.0,2101.0,2071.0,753.4499999999998,803.4499999999998
15,70,2116.0,778.4499999999998,60.16948717948717,39,0,2101.0,2131.0,2131.0,2101.0,753.4499999999998,803.4499999999998
15,71,2146.0,778.4499999999998,60.300750000000015,40,0,2131.0,2161.0,2161.0,2131.0,753.4499999999998,803.4499999999998
15,72,2176.0,778.4499999999998,64.99142857142856,35,0,2161.0,2191.0,2191.0,2161.0,753.4499999999998,803.4499999999998
15,73,2206.0,778.4499999999998,61.55405405405406,37,0,2191.0,2221.0,2221.0,2191.0,753.4499999999998,803.4499999999998
15,74,2236.0,778.4499999999998,57.78000000000001,36,0,2221.0,2251.0,2251.0,2221.0,753.4499999999998,803.4499999999998
15,75,2266.0,778.4499999999998,45.39279069767443,43,0,2251.0,2281.0,2281.0,2251.0,753.4499999999998,803.4499999999998
15,76,2296.0,778.4499999999998,48.08583333333333,24,0,2281.0,2311.0,2311.0,2281.0,753.4499999999998,803.4499999999998
15,77,2326.0,778.4499999999998,34.115151515151524,66,0,2311.0,2341.0,2341.0,2311.0,753.4499999999998,803.4499999999998
15,78,2356.0,778.4499999999998,38.42254545454546,55,0,2341.0,2371.0,2371.0,2341.0,753.4499999999998,803.4499999999998
15,79,2386.0,778.4499999999998,59.9724,25,0,2371.0,2401.0,2401.0,2371.0,753.4499999999998,803.4499999999998
15,80,2416.0,778.4499999999998,54.13652173913044,46,0,2401.0,2431.0,2431.0,2401.0,753.4499999999998,803.4499999999998
15,81,2446.0,778.4499999999998,39.94625000000001,56,0,2431.0,2461.0,2461.0,2431.0,753.4499999999998,803.4499999999998
15,82,2476.0,778.4499999999998,34.83520833333334,48,0,2461.0,2491.0,2491.0,2461.0,753.4499999999998,803.4499999999998
15,83,2506.0,778.4499999999998,40.4190909090909,44,0,2491.0,2521.0,2521.0,2491.0,753.4499999999998,803.4499999999998
15,84,2536.0,778.4499999999998,49.84206349206351,63,0,2521.0,2551.0,2551.0,2521.0,753.4499999999998,803.4499999999998
15,85,2566.0,778.4499999999998,59.692692307692305,26,0,2551.0,2581.0,2581.0,2551.0,753.4499999999998,803.4499999999998
15,86,2596.0,778.4499999999998,48.30461538461538,39,0,2581.0,2611.0,2611.0,2581.0,753.4499999999998,803.4499999999998
15,87,2626.0,778.4499999999998,49.80755555555556,30,0,2611.0,2641.0,2641.0,2611.0,753.4499999999998,803.4499999999998
15,88,2656.0,778.4499999999998,41.42603448275862,58,0,2641.0,2671.0,2671.0,2641.0,753.4499999999998,803.4499999999998
15,89,2686.0,778.4499999999998,39.591818181818184,33,0,2671.0,2701.0,2701.0,2671.0,753.4499999999998,803.4499999999998
15,90,2716.0,778.4499999999998,50.6144,25,0,2701.0,2731.0,2731.0,2701.0,753.4499999999998,803.4499999999998
15,91,2746.0,778.4499999999998,64.7218181818182,11,0,2731.0,2761.0,2761.0,2731.0,753.4499999999998,803.4499999999998
15,92,2776.0,778.4499999999998,48.33125000000001,48,0,2761.0,2791.0,2791.0,2761.0,753.4499999999998,803.4499999999998
15,93,2806.0,778.4499999999998,41.98735849056604,53,0,2791.0,2821.0,2821.0,2791.0,753.4499999999998,803.4499999999998
15,94,2836.0,778.4499999999998,51.18365853658537,41,0,2821.0,2851.0,2851.0,2821.0,753.4499999999998,803.4499999999998
15,95,2866.0,778.4499999999998,38.01179104477613,67,0,2851.0,2881.0,2881.0,2851.0,753.4499999999998,803.4499999999998
15,96,2896.0,778.4499999999998,41.55622222222221,45,0,2881.0,2911.0,2911.0,2881.0,753.4499999999998,803.4499999999998
15,97,2926.0,778.4499999999998,43.458055555555546,44,0,2911.0,2941.0,2941.0,2911.0,753.4499999999998,803.4499999999998
15,98,2956.0,778.4499999999998,36.724,45,0,2941.0,2971.0,2971.0,2941.0,753.4499999999998,803.4499999999998
15,99,2986.0,778.4499999999998,35.491896551724125,58,0,2971.0,3001.0,3001.0,2971.0,753.4499999999998,803.4499999999998
15,100,3016.0,778.4499999999998,19.116790123456788,81,0,3001.0,3031.0,3031.0,3001.0,753.4499999999998,803.4499999999998
15,101,3046.0,778.4499999999998,23.548823529411756,68,0,3031.0,3061.0,3061.0,3031.0,753.4499999999998,803.4499999999998
15,102,3076.0,778.4499999999998,25.857323943661978,71,0,3061.0,3091.0,3091.0,3061.0,753.4499999999998,803.4499999999998
15,103,3106.0,778.4499999999998,28.636388888888884,72,0,3091.0,3121.0,3121.0,3091.0,753.4499999999998,803.4499999999998
15,104,3136.0,778.4499999999998,24.691964285714295,56,0,3121.0,3151.0,3151.0,3121.0,753.4499999999998,803.4499999999998
15,105,3166.0,778.4499999999998,20.888571428571435,84,0,3151.0,3181.0,3181.0,3151.0,753.4499999999998,803.4499999999998
15,106,3196.0,778.4499999999998,23.001944444444447,72,0,3181.0,3211.0,3211.0,3181.0,753.4499999999998,803.4499999999998
15,107,3226.0,778.4499999999998,25.241052631578956,76,0,3211.0,3241.0,3241.0,3211.0,753.4499999999998,803.4499999999998
15,108,3256.0,778.4499999999998,29.71275362318839,69,0,3241.0,3271.0,3271.0,3241.0,753.4499999999998,803.4499999999998
15,109,3286.0,778.4499999999998,26.16233766233767,77,0,3271.0,3301.0,3301.0,3271.0,753.4499999999998,803.4499999999998
15,110,3316.0,778.4499999999998,26.353661971830977,71,0,3301.0,3331.0,3331.0,3301.0,753.4499999999998,803.4499999999998
15,111,3346.0,778.4499999999998,33.16818181818182,55,0,3331.0,3361.0,3361.0,3331.0,753.4499999999998,803.4499999999998
15,112,3376.0,778.4499999999998,29.32586206896552,58,0,3361.0,3391.0,3391.0,3361.0,753.4499999999998,803.4499999999998
15,113,3406.0,778.4499999999998,21.51852459016393,61,0,3391.0,3421.0,3421.0,3391.0,753.4499999999998,803.4499999999998
15,114,3436.0,778.4499999999998,13.901962616822427,107,0,3421.0,3451.0,3451.0,3421.0,753.4499999999998,803.4499999999998
15,115,3466.0,778.4499999999998,14.573530927835051,97,0,3451.0,3481.0,3481.0,3451.0,753.4499999999998,803.4499999999998
15,116,3496.0,778.4499999999998,18.365824175824176,91,0,3481.0,3511.0,3511.0,3481.0,753.4499999999998,803.4499999999998
15,117,3526.0,778.4499999999998,21.007571428571428,70,0,3511.0,3541.0,3541.0,3511.0,753.4499999999998,803.4499999999998
15,118,3556.0,778.4499999999998,28.631830985915492,71,0,3541.0,3571.0,3571.0,3541.0,753.4499999999998,803.4499999999998
15,119,3586.0,778.4499999999998,34.37704225352115,71,0,3571.0,3601.0,3601.0,3571.0,753.4499999999998,803.4499999999998
15,120,3616.0,778.4499999999998,32.04484374999999,64,0,3601.0,3631.0,3631.0,3601.0,753.4499999999998,803.4499999999998
15,121,3646.0,778.4499999999998,26.999285714285705,70,0,3631.0,3661.0,3661.0,3631.0,753.4499999999998,803.4499999999998
15,122,3676.0,778.4499999999998,19.571875000000002,80,0,3661.0,3691.0,3691.0,3661.0,753.4499999999998,803.4499999999998
15,123,3706.0,778.4499999999998,16.305875,40,0,3691.0,3721.0,3721.0,3691.0,753.4499999999998,803.4499999999998
15,124,3736.0,778.4499999999998,,0,0,3721.0,3751.0,3751.0,3721.0,753.4499999999998,803.4499999999998
15,125,3766.0,778.4499999999998,,0,0,3751.0,3781.0,3781.0,3751.0,753.4499999999998,803.4499999999998
15,126,3796.0,778.4499999999998,,0,0,3781.0,3811.0,3811.0,3781.0,753.4499999999998,803.4499999999998
15,127,3826.0,778.4499999999998,,0,0,3811.0,3841.0,3841.0,3811.0,753.4499999999998,803.4499999999998
15,128,3856.0,778.4499999999998,,0,0,3841.0,3871.0,3871.0,3841.0,753.4499999999998,803.4499999999998
15,129,3886.0,778.4499999999998,,0,0,3871.0,3901.0,3901.0,3871.0,753.4499999999998,803.4499999999998
16,0,16.0,828.4499999999998,64.31944444444446,18,0,1.0,31.0,31.0,1.0,803.4499999999998,853.4499999999998
16,1,46.0,828.4499999999998,70.18227272727273,22,0,31.0,61.0,61.0,31.0,803.4499999999998,853.4499999999998
16,2,76.0,828.4499999999998,69.62749999999998,24,0,61.0,91.0,91.0,61.0,803.4499999999998,853.4499999999998
16,3,106.0,828.4499999999998,66.30388888888889,18,0,91.0,121.0,121.0,91.0,803.4499999999998,853.4499999999998
16,4,136.0,828.4499999999998,65.10171428571428,35,0,121.0,151.0,151.0,121.0,803.4499999999998,853.4499999999998
16,5,166.0,828.4499999999998,65.15712962962964,27,0,151.0,181.0,181.0,151.0,803.4499999999998,853.4499999999998
16,6,196.0,828.4499999999998,65.95263157894736,19,0,181.0,211.0,211.0,181.0,803.4499999999998,853.4499999999998
16,7,226.0,828.4499999999998,67.42071428571428,14,0,211.0,241.0,241.0,211.0,803.4499999999998,853.4499999999998
16,8,256.0,828.4499999999998,69.10769230769229,26,0,241.0,271.0,271.0,241.0,803.4499999999998,853.4499999999998
16,9,286.0,828.4499999999998,65.33962962962963,27,0,271.0,301.0,301.0,271.0,803.4499999999998,853.4499999999998
16,10,316.0,828.4499999999998,69.43328042328042,21,0,301.0,331.0,331.0,301.0,803.4499999999998,853.4499999999998
16,11,346.0,828.4499999999998,64.53999999999999,28,0,331.0,361.0,361.0,331.0,803.4499999999998,853.4499999999998
16,12,376.0,828.4499999999998,65.14266666666666,30,0,361.0,391.0,391.0,361.0,803.4499999999998,853.4499999999998
16,13,406.0,828.4499999999998,75.011,10,0,391.0,421.0,421.0,391.0,803.4499999999998,853.4499999999998
16,14,436.0,828.4499999999998,70.87772727272728,22,0,421.0,451.0,451.0,421.0,803.4499999999998,853.4499999999998
16,15,466.0,828.4499999999998,62.4273076923077,26,0,451.0,481.0,481.0,451.0,803.4499999999998,853.4499999999998
16,16,496.0,828.4499999999998,60.64705882352939,51,0,481.0,511.0,511.0,481.0,803.4499999999998,853.4499999999998
16,17,526.0,828.4499999999998,68.44399999999999,20,0,511.0,541.0,541.0,511.0,803.4499999999998,853.4499999999998
16,18,556.0,828.4499999999998,70.43477564102567,26,0,541.0,571.0,571.0,541.0,803.4499999999998,853.4499999999998
16,19,586.0,828.4499999999998,64.5788888888889,18,0,571.0,601.0,601.0,571.0,803.4499999999998,853.4499999999998
16,20,616.0,828.4499999999998,64.67999999999999,29,0,601.0,631.0,631.0,601.0,803.4499999999998,853.4499999999998
16,21,646.0,828.4499999999998,68.45899999999999,20,0,631.0,661.0,661.0,631.0,803.4499999999998,853.4499999999998
16,22,676.0,828.4499999999998,60.71081081081079,37,0,661.0,691.0,691.0,661.0,803.4499999999998,853.4499999999998
16,23,706.0,828.4499999999998,70.022,25,0,691.0,721.0,721.0,691.0,803.4499999999998,853.4499999999998
16,24,736.0,828.4499999999998,66.86083333333333,12,0,721.0,751.0,751.0,721.0,803.4499999999998,853.4499999999998
16,25,766.0,828.4499999999998,66.22925925925927,27,0,751.0,781.0,781.0,751.0,803.4499999999998,853.4499999999998
16,26,796.0,828.4499999999998,63.04624999999999,24,0,781.0,811.0,811.0,781.0,803.4499999999998,853.4499999999998
16,27,826.0,828.4499999999998,62.73000000000002,34,0,811.0,841.0,841.0,811.0,803.4499999999998,853.4499999999998
16,28,856.0,828.4499999999998,63.48136363636365,44,0,841.0,871.0,871.0,841.0,803.4499999999998,853.4499999999998
16,29,886.0,828.4499999999998,60.89588235294118,34,0,871.0,901.0,901.0,871.0,803.4499999999998,853.4499999999998
16,30,916.0,828.4499999999998,62.058333333333316,36,0,901.0,931.0,931.0,901.0,803.4499999999998,853.4499999999998
16,31,946.0,828.4499999999998,56.74473684210527,38,0,931.0,961.0,961.0,931.0,803.4499999999998,853.4499999999998
16,32,976.0,828.4499999999998,59.18774193548388,31,0,961.0,991.0,991.0,961.0,803.4499999999998,853.4499999999998
16,33,1006.0,828.4499999999998,61.032903225806464,31,0,991.0,1021.0,1021.0,991.0,803.4499999999998,853.4499999999998
16,34,1036.0,828.4499999999998,63.20774999999999,40,0,1021.0,1051.0,1051.0,1021.0,803.4499999999998,853.4499999999998
16,35,1066.0,828.4499999999998,69.86440000000002,25,0,1051.0,1081.0,1081.0,1051.0,803.4499999999998,853.4499999999998
16,36,1096.0,828.4499999999998,67.782,15,0,1081.0,1111.0,1111.0,1081.0,803.4499999999998,853.4499999999998
16,37,1126.0,828.4499999999998,68.42939393939395,33,0,1111.0,1141.0,1141.0,1111.0,803.4499999999998,853.4499999999998
16,38,1156.0,828.4499999999998,68.65380952380953,21,0,1141.0,1171.0,1171.0,1141.0,803.4499999999998,853.4499999999998
16,39,1186.0,828.4499999999998,73.26913043478261,23,0,1171.0,1201.0,1201.0,1171.0,803.4499999999998,853.4499999999998
16,40,1216.0,828.4499999999998,63.29805555555556,36,0,1201.0,1231.0,1231.0,1201.0,803.4499999999998,853.4499999999998
16,41,1246.0,828.4499999999998,62.81639999999999,25,0,1231.0,1261.0,1261.0,1231.0,803.4499999999998,853.4499999999998
16,42,1276.0,828.4499999999998,58.169999999999995,18,0,1261.0,1291.0,1291.0,1261.0,803.4499999999998,853.4499999999998
16,43,1306.0,828.4499999999998,64.71878787878788,33,0,1291.0,1321.0,1321.0,1291.0,803.4499999999998,853.4499999999998
16,44,1336.0,828.4499999999998,59.5867857142857,28,0,1321.0,1351.0,1351.0,1321.0,803.4499999999998,853.4499999999998
16,45,1366.0,828.4499999999998,62.37379310344828,29,0,1351.0,1381.0,1381.0,1351.0,803.4499999999998,853.4499999999998
16,46,1396.0,828.4499999999998,64.63277777777778,36,0,1381.0,1411.0,1411.0,1381.0,803.4499999999998,853.4499999999998
16,47,1426.0,828.4499999999998,64.04916666666666,36,0,1411.0,1441.0,1441.0,1411.0,803.4499999999998,853.4499999999998
16,48,1456.0,828.4499999999998,71.00850000000001,20,0,1441.0,1471.0,1471.0,1441.0,803.4499999999998,853.4499999999998
16,49,1486.0,828.4499999999998,70.87076923076923,26,0,1471.0,1501.0,1501.0,1471.0,803.4499999999998,853.4499999999998
16,50,1516.0,828.4499999999998,68.74869565217392,23,0,1501.0,1531.0,1531.0,1501.0,803.4499999999998,853.4499999999998
16,51,1546.0,828.4499999999998,66.8240625,32,0,1531.0,1561.0,1561.0,1531.0,803.4499999999998,853.4499999999998
16,52,1576.0,828.4499999999998,65.70266666666664,30,0,1561.0,1591.0,1591.0,1561.0,803.4499999999998,853.4499999999998
16,53,1606.0,828.4499999999998,71.71176470588235,17,0,1591.0,1621.0,1621.0,1591.0,803.4499999999998,853.4499999999998
16,54,1636.0,828.4499999999998,70.91666666666667,24,0,1621.0,1651.0,1651.0,1621.0,803.4499999999998,853.4499999999998
16,55,1666.0,828.4499999999998,66.62033333333333,30,0,1651.0,1681.0,1681.0,1651.0,803.4499999999998,853.4499999999998
16,56,1696.0,828.4499999999998,64.95947368421052,19,0,1681.0,1711.0,1711.0,1681.0,803.4499999999998,853.4499999999998
16,57,1726.0,828.4499999999998,65.78969696969696,33,0,1711.0,1741.0,1741.0,1711.0,803.4499999999998,853.4499999999998
16,58,1756.0,828.4499999999998,68.32333333333334,27,0,1741.0,1771.0,1771.0,1741.0,803.4499999999998,853.4499999999998
16,59,1786.0,828.4499999999998,65.86037037037038,27,0,1771.0,1801.0,1801.0,1771.0,803.4499999999998,853.4499999999998
16,60,1816.0,828.4499999999998,62.62361111111112,36,0,1801.0,1831.0,1831.0,1801.0,803.4499999999998,853.4499999999998
16,61,1846.0,828.4499999999998,67.4470588235294,17,0,1831.0,1861.0,1861.0,1831.0,803.4499999999998,853.4499999999998
16,62,1876.0,828.4499999999998,60.69714285714285,42,0,1861.0,1891.0,1891.0,1861.0,803.4499999999998,853.4499999999998
16,63,1906.0,828.4499999999998,65.02461538461539,26,0,1891.0,1921.0,1921.0,1891.0,803.4499999999998,853.4499999999998
16,64,1936.0,828.4499999999998,70.10909090909091,22,0,1921.0,1951.0,1951.0,1921.0,803.4499999999998,853.4499999999998
16,65,1966.0,828.4499999999998,64.90615384615386,26,0,1951.0,1981.0,1981.0,1951.0,803.4499999999998,853.4499999999998
16,66,1996.0,828.4499999999998,80.08749999999999,16,0,1981.0,2011.0,2011.0,1981.0,803.4499999999998,853.4499999999998
16,67,2026.0,828.4499999999998,64.066,20,0,2011.0,2041.0,2041.0,2011.0,803.4499999999998,853.4499999999998
16,68,2056.0,828.4499999999998,56.20225806451613,31,0,2041.0,2071.0,2071.0,2041.0,803.4499999999998,853.4499999999998
16,69,2086.0,828.4499999999998,63.075909090909086,22,0,2071.0,2101.0,2101.0,2071.0,803.4499999999998,853.4499999999998
16,70,2116.0,828.4499999999998,62.17000000000001,42,0,2101.0,2131.0,2131.0,2101.0,803.4499999999998,853.4499999999998
16,71,2146.0,828.4499999999998,61.27405405405405,37,0,2131.0,2161.0,2161.0,2131.0,803.4499999999998,853.4499999999998
16,72,2176.0,828.4499999999998,66.46297297297298,37,0,2161.0,2191.0,2191.0,2161.0,803.4499999999998,853.4499999999998
16,73,2206.0,828.4499999999998,62.83558823529411,34,0,2191.0,2221.0,2221.0,2191.0,803.4499999999998,853.4499999999998
16,74,2236.0,828.4499999999998,52.15024691358024,54,0,2221.0,2251.0,2251.0,2221.0,803.4499999999998,853.4499999999998
16,75,2266.0,828.4499999999998,41.41979166666667,48,0,2251.0,2281.0,2281.0,2251.0,803.4499999999998,853.4499999999998
16,76,2296.0,828.4499999999998,48.994800000000005,25,0,2281.0,2311.0,2311.0,2281.0,803.4499999999998,853.4499999999998
16,77,2326.0,828.4499999999998,36.72574074074074,54,0,2311.0,2341.0,2341.0,2311.0,803.4499999999998,853.4499999999998
16,78,2356.0,828.4499999999998,39.317678571428566,56,0,2341.0,2371.0,2371.0,2341.0,803.4499999999998,853.4499999999998
16,79,2386.0,828.4499999999998,55.72199999999999,25,0,2371.0,2401.0,2401.0,2371.0,803.4499999999998,853.4499999999998
16,80,2416.0,828.4499999999998,53.89564102564102,39,0,2401.0,2431.0,2431.0,2401.0,803.4499999999998,853.4499999999998
16,81,2446.0,828.4499999999998,45.32403846153846,52,0,2431.0,2461.0,2461.0,2431.0,803.4499999999998,853.4499999999998
16,82,2476.0,828.4499999999998,38.77268292682926,41,0,2461.0,2491.0,2491.0,2461.0,803.4499999999998,853.4499999999998
16,83,2506.0,828.4499999999998,40.17088888888888,45,0,2491.0,2521.0,2521.0,2491.0,803.4499999999998,853.4499999999998
16,84,2536.0,828.4499999999998,47.9788524590164,61,0,2521.0,2551.0,2551.0,2521.0,803.4499999999998,853.4499999999998
16,85,2566.0,828.4499999999998,56.18281249999999,32,0,2551.0,2581.0,2581.0,2551.0,803.4499999999998,853.4499999999998
16,86,2596.0,828.4499999999998,49.306315789473686,38,0,2581.0,2611.0,2611.0,2581.0,803.4499999999998,853.4499999999998
16,87,2626.0,828.4499999999998,53.09233333333333,40,0,2611.0,2641.0,2641.0,2611.0,803.4499999999998,853.4499999999998
16,88,2656.0,828.4499999999998,41.57971698113208,53,0,2641.0,2671.0,2671.0,2641.0,803.4499999999998,853.4499999999998
16,89,2686.0,828.4499999999998,32.63316666666666,60,0,2671.0,2701.0,2701.0,2671.0,803.4499999999998,853.4499999999998
16,90,2716.0,828.4499999999998,54.677222222222234,18,0,2701.0,2731.0,2731.0,2701.0,803.4499999999998,853.4499999999998
16,91,2746.0,828.4499999999998,62.05200000000001,15,0,2731.0,2761.0,2761.0,2731.0,803.4499999999998,853.4499999999998
16,92,2776.0,828.4499999999998,49.03722222222221,42,0,2761.0,2791.0,2791.0,2761.0,803.4499999999998,853.4499999999998
16,93,2806.0,828.4499999999998,39.72979220779222,55,0,2791.0,2821.0,2821.0,2791.0,803.4499999999998,853.4499999999998
16,94,2836.0,828.4499999999998,51.72351351351351,37,0,2821.0,2851.0,2851.0,2821.0,803.4499999999998,853.4499999999998
16,95,2866.0,828.4499999999998,40.163281250000004,64,0,2851.0,2881.0,2881.0,2851.0,803.4499999999998,853.4499999999998
16,96,2896.0,828.4499999999998,40.26733333333333,45,0,2881.0,2911.0,2911.0,2881.0,803.4499999999998,853.4499999999998
16,97,2926.0,828.4499999999998,40.00796296296296,54,0,2911.0,2941.0,2941.0,2911.0,803.4499999999998,853.4499999999998
16,98,2956.0,828.4499999999998,35.36960000000001,50,0,2941.0,2971.0,2971.0,2941.0,803.4499999999998,853.4499999999998
16,99,2986.0,828.4499999999998,36.47369565217392,46,0,2971.0,3001.0,3001.0,2971.0,803.4499999999998,853.4499999999998
16,100,3016.0,828.4499999999998,24.3775,64,0,3001.0,3031.0,3031.0,3001.0,803.4499999999998,853.4499999999998
16,101,3046.0,828.4499999999998,30.893137254901955,51,0,3031.0,3061.0,3061.0,3031.0,803.4499999999998,853.4499999999998
16,102,3076.0,828.4499999999998,31.080967741935485,62,0,3061.0,3091.0,3091.0,3061.0,803.4499999999998,853.4499999999998
16,103,3106.0,828.4499999999998,33.21770491803279,61,0,3091.0,3121.0,3121.0,3091.0,803.4499999999998,853.4499999999998
16,104,3136.0,828.4499999999998,27.07396226415094,53,0,3121.0,3151.0,3151.0,3121.0,803.4499999999998,853.4499999999998
16,105,3166.0,828.4499999999998,24.68164179104478,67,0,3151.0,3181.0,3181.0,3151.0,803.4499999999998,853.4499999999998
16,106,3196.0,828.4499999999998,22.760958904109582,73,0,3181.0,3211.0,3211.0,3181.0,803.4499999999998,853.4499999999998
16,107,3226.0,828.4499999999998,27.980151515151515,66,0,3211.0,3241.0,3241.0,3211.0,803.4499999999998,853.4499999999998
16,108,3256.0,828.4499999999998,28.92215384615385,65,0,3241.0,3271.0,3271.0,3241.0,803.4499999999998,853.4499999999998
16,109,3286.0,828.4499999999998,22.920459770114938,87,0,3271.0,3301.0,3301.0,3271.0,803.4499999999998,853.4499999999998
16,110,3316.0,828.4499999999998,25.517702702702696,74,0,3301.0,3331.0,3331.0,3301.0,803.4499999999998,853.4499999999998
16,111,3346.0,828.4499999999998,32.47063492063493,63,0,3331.0,3361.0,3361.0,3331.0,803.4499999999998,853.4499999999998
16,112,3376.0,828.4499999999998,27.502741935483872,62,0,3361.0,3391.0,3391.0,3361.0,803.4499999999998,853.4499999999998
16,113,3406.0,828.4499999999998,17.36,82,0,3391.0,3421.0,3421.0,3391.0,803.4499999999998,853.4499999999998
16,114,3436.0,828.4499999999998,17.643676470588243,68,0,3421.0,3451.0,3451.0,3421.0,803.4499999999998,853.4499999999998
16,115,3466.0,828.4499999999998,19.253874999999994,80,0,3451.0,3481.0,3481.0,3451.0,803.4499999999998,853.4499999999998
16,116,3496.0,828.4499999999998,25.14955882352941,68,0,3481.0,3511.0,3511.0,3481.0,803.4499999999998,853.4499999999998
16,117,3526.0,828.4499999999998,29.327758620689654,58,0,3511.0,3541.0,3541.0,3511.0,803.4499999999998,853.4499999999998
16,118,3556.0,828.4499999999998,36.63245901639343,61,0,3541.0,3571.0,3571.0,3541.0,803.4499999999998,853.4499999999998
16,119,3586.0,828.4499999999998,36.19904761904762,63,0,3571.0,3601.0,3601.0,3571.0,803.4499999999998,853.4499999999998
16,120,3616.0,828.4499999999998,34.86232142857141,56,0,3601.0,3631.0,3631.0,3601.0,803.4499999999998,853.4499999999998
16,121,3646.0,828.4499999999998,27.432816901408454,71,0,3631.0,3661.0,3661.0,3631.0,803.4499999999998,853.4499999999998
16,122,3676.0,828.4499999999998,15.372038834951457,103,0,3661.0,3691.0,3691.0,3661.0,803.4499999999998,853.4499999999998
16,123,3706.0,828.4499999999998,13.891979166666667,64,0,3691.0,3721.0,3721.0,3691.0,803.4499999999998,853.4499999999998
16,124,3736.0,828.4499999999998,,0,0,3721.0,3751.0,3751.0,3721.0,803.4499999999998,853.4499999999998
16,125,3766.0,828.4499999999998,,0,0,3751.0,3781.0,3781.0,3751.0,803.4499999999998,853.4499999999998
16,126,3796.0,828.4499999999998,,0,0,3781.0,3811.0,3811.0,3781.0,803.4499999999998,853.4499999999998
16,127,3826.0,828.4499999999998,,0,0,3811.0,3841.0,3841.0,3811.0,803.4499999999998,853.4499999999998
16,128,3856.0,828.4499999999998,,0,0,3841.0,3871.0,3871.0,3841.0,803.4499999999998,853.4499999999998
16,129,3886.0,828.4499999999998,,0,0,3871.0,3901.0,3901.0,3871.0,803.4499999999998,853.4499999999998
17,0,16.0,878.4499999999998,64.01736842105262,19,0,1.0,31.0,31.0,1.0,853.4499999999998,903.4499999999998
17,1,46.0,878.4499999999998,68.3624,25,0,31.0,61.0,61.0,31.0,853.4499999999998,903.4499999999998
17,2,76.0,878.4499999999998,65.57180555555556,24,0,61.0,91.0,91.0,61.0,853.4499999999998,903.4499999999998
17,3,106.0,878.4499999999998,65.3718181818182,22,0,91.0,121.0,121.0,91.0,853.4499999999998,903.4499999999998
17,4,136.0,878.4499999999998,62.06272727272728,33,0,121.0,151.0,151.0,121.0,853.4499999999998,903.4499999999998
17,5,166.0,878.4499999999998,63.31499999999999,28,0,151.0,181.0,181.0,151.0,853.4499999999998,903.4499999999998
17,6,196.0,878.4499999999998,62.305357142857126,28,0,181.0,211.0,211.0,181.0,853.4499999999998,903.4499999999998
17,7,226.0,878.4499999999998,68.45357142857144,14,0,211.0,241.0,241.0,211.0,853.4499999999998,903.4499999999998
17,8,256.0,878.4499999999998,66.4504347826087,23,0,241.0,271.0,271.0,241.0,853.4499999999998,903.4499999999998
17,9,286.0,878.4499999999998,63.45636363636363,33,0,271.0,301.0,301.0,271.0,853.4499999999998,903.4499999999998
17,10,316.0,878.4499999999998,64.17818181818181,22,0,301.0,331.0,331.0,301.0,853.4499999999998,903.4499999999998
17,11,346.0,878.4499999999998,62.54999999999998,31,0,331.0,361.0,361.0,331.0,853.4499999999998,903.4499999999998
17,12,376.0,878.4499999999998,61.83707317073171,41,0,361.0,391.0,391.0,361.0,853.4499999999998,903.4499999999998
17,13,406.0,878.4499999999998,71.50375,16,0,391.0,421.0,421.0,391.0,853.4499999999998,903.4499999999998
17,14,436.0,878.4499999999998,67.62315789473683,19,0,421.0,451.0,451.0,421.0,853.4499999999998,903.4499999999998
17,15,466.0,878.4499999999998,62.97785714285714,28,0,451.0,481.0,481.0,451.0,853.4499999999998,903.4499999999998
17,16,496.0,878.4499999999998,57.97551724137931,58,0,481.0,511.0,511.0,481.0,853.4499999999998,903.4499999999998
17,17,526.0,878.4499999999998,64.87115384615383,26,0,511.0,541.0,541.0,511.0,853.4499999999998,903.4499999999998
17,18,556.0,878.4499999999998,66.47884615384613,26,0,541.0,571.0,571.0,541.0,853.4499999999998,903.4499999999998
17,19,586.0,878.4499999999998,63.09538461538462,13,0,571.0,601.0,601.0,571.0,853.4499999999998,903.4499999999998
17,20,616.0,878.4499999999998,62.42916666666666,36,0,601.0,631.0,631.0,601.0,853.4499999999998,903.4499999999998
17,21,646.0,878.4499999999998,65.10999999999999,25,0,631.0,661.0,661.0,631.0,853.4499999999998,903.4499999999998
17,22,676.0,878.4499999999998,58.395,42,0,661.0,691.0,691.0,661.0,853.4499999999998,903.4499999999998
17,23,706.0,878.4499999999998,67.78827586206896,29,0,691.0,721.0,721.0,691.0,853.4499999999998,903.4499999999998
17,24,736.0,878.4499999999998,65.54777777777778,18,0,721.0,751.0,751.0,721.0,853.4499999999998,903.4499999999998
17,25,766.0,878.4499999999998,65.40212962962963,27,0,751.0,781.0,781.0,751.0,853.4499999999998,903.4499999999998
17,26,796.0,878.4499999999998,60.93413793103448,29,0,781.0,811.0,811.0,781.0,853.4499999999998,903.4499999999998
17,27,826.0,878.4499999999998,60.23972222222223,36,0,811.0,841.0,841.0,811.0,853.4499999999998,903.4499999999998
17,28,856.0,878.4499999999998,62.14358974358974,39,0,841.0,871.0,871.0,841.0,853.4499999999998,903.4499999999998
17,29,886.0,878.4499999999998,58.59560975609756,41,0,871.0,901.0,901.0,871.0,853.4499999999998,903.4499999999998
17,30,916.0,878.4499999999998,60.214054054054046,37,0,901.0,931.0,931.0,901.0,853.4499999999998,903.4499999999998
17,31,946.0,878.4499999999998,56.93955555555557,45,0,931.0,961.0,961.0,931.0,853.4499999999998,903.4499999999998
17,32,976.0,878.4499999999998,56.08405405405404,37,0,961.0,991.0,991.0,961.0,853.4499999999998,903.4499999999998
17,33,1006.0,878.4499999999998,59.61235294117647,34,0,991.0,1021.0,1021.0,991.0,853.4499999999998,903.4499999999998
17,34,1036.0,878.4499999999998,61.27540540540542,37,0,1021.0,1051.0,1051.0,1021.0,853.4499999999998,903.4499999999998
17,35,1066.0,878.4499999999998,67.46964285714284,28,0,1051.0,1081.0,1081.0,1051.0,853.4499999999998,903.4499999999998
17,36,1096.0,878.4499999999998,66.36538461538461,13,0,1081.0,1111.0,1111.0,1081.0,853.4499999999998,903.4499999999998
17,37,1126.0,878.4499999999998,66.89705882352939,34,0,1111.0,1141.0,1141.0,1111.0,853.4499999999998,903.4499999999998
17,38,1156.0,878.4499999999998,67.26238095238094,21,0,1141.0,1171.0,1171.0,1141.0,853.4499999999998,903.4499999999998
17,39,1186.0,878.4499999999998,70.2488,25,0,1171.0,1201.0,1201.0,1171.0,853.4499999999998,903.4499999999998
17,40,1216.0,878.4499999999998,63.513947368421036,38,0,1201.0,1231.0,1231.0,1201.0,853.4499999999998,903.4499999999998
17,41,1246.0,878.4499999999998,63.95481481481484,27,0,1231.0,1261.0,1261.0,1231.0,853.4499999999998,903.4499999999998
17,42,1276.0,878.4499999999998,57.07307692307692,26,0,1261.0,1291.0,1291.0,1261.0,853.4499999999998,903.4499999999998
17,43,1306.0,878.4499999999998,62.1778787878788,33,0,1291.0,1321.0,1321.0,1291.0,853.4499999999998,903.4499999999998
17,44,1336.0,878.4499999999998,59.071071428571436,28,0,1321.0,1351.0,1351.0,1321.0,853.4499999999998,903.4499999999998
17,45,1366.0,878.4499999999998,56.29454545454545,33,0,1351.0,1381.0,1381.0,1351.0,853.4499999999998,903.4499999999998
17,46,1396.0,878.4499999999998,62.65435897435897,39,0,1381.0,1411.0,1411.0,1381.0,853.4499999999998,903.4499999999998
17,47,1426.0,878.4499999999998,63.35054054054055,37,0,1411.0,1441.0,1441.0,1411.0,853.4499999999998,903.4499999999998
17,48,1456.0,878.4499999999998,67.58538461538461,26,0,1441.0,1471.0,1471.0,1441.0,853.4499999999998,903.4499999999998
17,49,1486.0,878.4499999999998,68.75038461538462,26,0,1471.0,1501.0,1501.0,1471.0,853.4499999999998,903.4499999999998
17,50,1516.0,878.4499999999998,67.5708,25,0,1501.0,1531.0,1531.0,1501.0,853.4499999999998,903.4499999999998
17,51,1546.0,878.4499999999998,64.3620512820513,39,0,1531.0,1561.0,1561.0,1531.0,853.4499999999998,903.4499999999998
17,52,1576.0,878.4499999999998,62.83181818181819,33,0,1561.0,1591.0,1591.0,1561.0,853.4499999999998,903.4499999999998
17,53,1606.0,878.4499999999998,69.5436842105263,19,0,1591.0,1621.0,1621.0,1591.0,853.4499999999998,903.4499999999998
17,54,1636.0,878.4499999999998,68.06142857142856,21,0,1621.0,1651.0,1651.0,1621.0,853.4499999999998,903.4499999999998
17,55,1666.0,878.4499999999998,64.55498316498316,33,0,1651.0,1681.0,1681.0,1651.0,853.4499999999998,903.4499999999998
17,56,1696.0,878.4499999999998,61.83277777777778,18,0,1681.0,1711.0,1711.0,1681.0,853.4499999999998,903.4499999999998
17,57,1726.0,878.4499999999998,62.6716129032258,31,0,1711.0,1741.0,1741.0,1711.0,853.4499999999998,903.4499999999998
17,58,1756.0,878.4499999999998,64.258125,32,0,1741.0,1771.0,1771.0,1741.0,853.4499999999998,903.4499999999998
17,59,1786.0,878.4499999999998,62.149230769230776,26,0,1771.0,1801.0,1801.0,1771.0,853.4499999999998,903.4499999999998
17,60,1816.0,878.4499999999998,58.88179487179487,39,0,1801.0,1831.0,1831.0,1801.0,853.4499999999998,903.4499999999998
17,61,1846.0,878.4499999999998,60.49590909090909,22,0,1831.0,1861.0,1861.0,1831.0,853.4499999999998,903.4499999999998
17,62,1876.0,878.4499999999998,57.90785714285715,42,0,1861.0,1891.0,1891.0,1861.0,853.4499999999998,903.4499999999998
17,63,1906.0,878.4499999999998,59.669354838709666,31,0,1891.0,1921.0,1921.0,1891.0,853.4499999999998,903.4499999999998
17,64,1936.0,878.4499999999998,65.95827586206897,29,0,1921.0,1951.0,1951.0,1921.0,853.4499999999998,903.4499999999998
17,65,1966.0,878.4499999999998,61.28652173913044,23,0,1951.0,1981.0,1981.0,1951.0,853.4499999999998,903.4499999999998
17,66,1996.0,878.4499999999998,73.16449999999999,20,0,1981.0,2011.0,2011.0,1981.0,853.4499999999998,903.4499999999998
17,67,2026.0,878.4499999999998,63.08769230769232,26,0,2011.0,2041.0,2041.0,2011.0,853.4499999999998,903.4499999999998
17,68,2056.0,878.4499999999998,52.90176470588235,34,0,2041.0,2071.0,2071.0,2041.0,853.4499999999998,903.4499999999998
17,69,2086.0,878.4499999999998,60.78285714285715,21,0,2071.0,2101.0,2101.0,2071.0,853.4499999999998,903.4499999999998
17,70,2116.0,878.4499999999998,57.9771111111111,45,0,2101.0,2131.0,2131.0,2101.0,853.4499999999998,903.4499999999998
17,71,2146.0,878.4499999999998,57.48128205128204,39,0,2131.0,2161.0,2161.0,2131.0,853.4499999999998,903.4499999999998
17,72,2176.0,878.4499999999998,61.55738095238094,42,0,2161.0,2191.0,2191.0,2161.0,853.4499999999998,903.4499999999998
17,73,2206.0,878.4499999999998,58.20515151515151,33,0,2191.0,2221.0,2221.0,2191.0,853.4499999999998,903.4499999999998
17,74,2236.0,878.4499999999998,39.33821937321937,78,0,2221.0,2251.0,2251.0,2221.0,853.4499999999998,903.4499999999998
17,75,2266.0,878.4499999999998,37.01264150943397,53,0,2251.0,2281.0,2281.0,2251.0,853.4499999999998,903.4499999999998
17,76,2296.0,878.4499999999998,43.06166666666666,36,0,2281.0,2311.0,2311.0,2281.0,853.4499999999998,903.4499999999998
17,77,2326.0,878.4499999999998,39.495999999999995,40,0,2311.0,2341.0,2341.0,2311.0,853.4499999999998,903.4499999999998
17,78,2356.0,878.4499999999998,38.041818181818186,77,0,2341.0,2371.0,2371.0,2341.0,853.4499999999998,903.4499999999998
17,79,2386.0,878.4499999999998,49.442812499999995,32,0,2371.0,2401.0,2401.0,2371.0,853.4499999999998,903.4499999999998
17,80,2416.0,878.4499999999998,51.15025641025641,39,0,2401.0,2431.0,2431.0,2401.0,853.4499999999998,903.4499999999998
17,81,2446.0,878.4499999999998,45.86564516129031,62,0,2431.0,2461.0,2461.0,2431.0,853.4499999999998,903.4499999999998
17,82,2476.0,878.4499999999998,38.029488636363645,44,0,2461.0,2491.0,2491.0,2461.0,853.4499999999998,903.4499999999998
17,83,2506.0,878.4499999999998,39.9086046511628,43,0,2491.0,2521.0,2521.0,2491.0,853.4499999999998,903.4499999999998
17,84,2536.0,878.4499999999998,44.34405797101449,69,0,2521.0,2551.0,2551.0,2521.0,853.4499999999998,903.4499999999998
17,85,2566.0,878.4499999999998,46.58973684210527,38,0,2551.0,2581.0,2581.0,2551.0,853.4499999999998,903.4499999999998
17,86,2596.0,878.4499999999998,46.17265306122448,49,0,2581.0,2611.0,2611.0,2581.0,853.4499999999998,903.4499999999998
17,87,2626.0,878.4499999999998,50.16175,40,0,2611.0,2641.0,2641.0,2611.0,853.4499999999998,903.4499999999998
17,88,2656.0,878.4499999999998,39.41830188679246,53,0,2641.0,2671.0,2671.0,2641.0,853.4499999999998,903.4499999999998
17,89,2686.0,878.4499999999998,30.12611111111111,72,0,2671.0,2701.0,2701.0,2671.0,853.4499999999998,903.4499999999998
17,90,2716.0,878.4499999999998,44.34750000000001,28,0,2701.0,2731.0,2731.0,2701.0,853.4499999999998,903.4499999999998
17,91,2746.0,878.4499999999998,53.88904761904762,28,0,2731.0,2761.0,2761.0,2731.0,853.4499999999998,903.4499999999998
17,92,2776.0,878.4499999999998,45.46590909090908,44,0,2761.0,2791.0,2791.0,2761.0,853.4499999999998,903.4499999999998
17,93,2806.0,878.4499999999998,36.33985074626865,67,0,2791.0,2821.0,2821.0,2791.0,853.4499999999998,903.4499999999998
17,94,2836.0,878.4499999999998,45.62395348837208,43,0,2821.0,2851.0,2851.0,2821.0,853.4499999999998,903.4499999999998
17,95,2866.0,878.4499999999998,36.997692307692304,65,0,2851.0,2881.0,2881.0,2851.0,853.4499999999998,903.4499999999998
17,96,2896.0,878.4499999999998,34.30109090909091,55,0,2881.0,2911.0,2911.0,2881.0,853.4499999999998,903.4499999999998
17,97,2926.0,878.4499999999998,36.16107692307692,65,0,2911.0,2941.0,2941.0,2911.0,853.4499999999998,903.4499999999998
17,98,2956.0,878.4499999999998,34.06615384615384,52,0,2941.0,2971.0,2971.0,2941.0,853.4499999999998,903.4499999999998
17,99,2986.0,878.4499999999998,28.961756756756756,74,0,2971.0,3001.0,3001.0,2971.0,853.4499999999998,903.4499999999998
17,100,3016.0,878.4499999999998,23.635937499999997,64,0,3001.0,3031.0,3031.0,3001.0,853.4499999999998,903.4499999999998
17,101,3046.0,878.4499999999998,32.83150943396227,53,0,3031.0,3061.0,3061.0,3031.0,853.4499999999998,903.4499999999998
17,102,3076.0,878.4499999999998,31.324558823529422,68,0,3061.0,3091.0,3091.0,3061.0,853.4499999999998,903.4499999999998
17,103,3106.0,878.4499999999998,30.37040540540541,74,0,3091.0,3121.0,3121.0,3091.0,853.4499999999998,903.4499999999998
17,104,3136.0,878.4499999999998,17.46185185185185,81,0,3121.0,3151.0,3151.0,3121.0,853.4499999999998,903.4499999999998
17,105,3166.0,878.4499999999998,20.079560439560446,91,0,3151.0,3181.0,3181.0,3151.0,853.4499999999998,903.4499999999998
17,106,3196.0,878.4499999999998,23.891818181818177,77,0,3181.0,3211.0,3211.0,3181.0,853.4499999999998,903.4499999999998
17,107,3226.0,878.4499999999998,28.066363636363644,77,0,3211.0,3241.0,3241.0,3211.0,853.4499999999998,903.4499999999998
17,108,3256.0,878.4499999999998,22.129610389610377,77,0,3241.0,3271.0,3271.0,3241.0,853.4499999999998,903.4499999999998
17,109,3286.0,878.4499999999998,21.552840909090907,88,0,3271.0,3301.0,3301.0,3271.0,853.4499999999998,903.4499999999998
17,110,3316.0,878.4499999999998,24.506829268292684,82,0,3301.0,3331.0,3331.0,3301.0,853.4499999999998,903.4499999999998
17,111,3346.0,878.4499999999998,23.705930232558153,86,0,3331.0,3361.0,3361.0,3331.0,853.4499999999998,903.4499999999998
17,112,3376.0,878.4499999999998,21.856338028169006,71,0,3361.0,3391.0,3391.0,3361.0,853.4499999999998,903.4499999999998
17,113,3406.0,878.4499999999998,14.410137362637364,104,0,3391.0,3421.0,3421.0,3391.0,853.4499999999998,903.4499999999998
17,114,3436.0,878.4499999999998,19.3151724137931,58,0,3421.0,3451.0,3451.0,3421.0,853.4499999999998,903.4499999999998
17,115,3466.0,878.4499999999998,16.069215686274514,102,0,3451.0,3481.0,3481.0,3451.0,853.4499999999998,903.4499999999998
17,116,3496.0,878.4499999999998,24.423783783783787,74,0,3481.0,3511.0,3511.0,3481.0,853.4499999999998,903.4499999999998
17,117,3526.0,878.4499999999998,30.477543859649117,57,0,3511.0,3541.0,3541.0,3511.0,853.4499999999998,903.4499999999998
17,118,3556.0,878.4499999999998,38.40046875000001,64,0,3541.0,3571.0,3571.0,3541.0,853.4499999999998,903.4499999999998
17,119,3586.0,878.4499999999998,34.27754385964912,57,0,3571.0,3601.0,3601.0,3571.0,853.4499999999998,903.4499999999998
17,120,3616.0,878.4499999999998,32.62919354838711,62,0,3601.0,3631.0,3631.0,3601.0,853.4499999999998,903.4499999999998
17,121,3646.0,878.4499999999998,24.11337349397591,83,0,3631.0,3661.0,3661.0,3631.0,853.4499999999998,903.4499999999998
17,122,3676.0,878.4499999999998,11.120740740740738,135,0,3661.0,3691.0,3691.0,3661.0,853.4499999999998,903.4499999999998
17,123,3706.0,878.4499999999998,17.351111111111106,63,0,3691.0,3721.0,3721.0,3691.0,853.4499999999998,903.4499999999998
17,124,3736.0,878.4499999999998,18.451249999999998,16,0,3721.0,3751.0,3751.0,3721.0,853.4499999999998,903.4499999999998
17,125,3766.0,878.4499999999998,,0,0,3751.0,3781.0,3781.0,3751.0,853.4499999999998,903.4499999999998
17,126,3796.0,878.4499999999998,,0,0,3781.0,3811.0,3811.0,3781.0,853.4499999999998,903.4499999999998
17,127,3826.0,878.4499999999998,,0,0,3811.0,3841.0,3841.0,3811.0,853.4499999999998,903.4499999999998
17,128,3856.0,878.4499999999998,,0,0,3841.0,3871.0,3871.0,3841.0,853.4499999999998,903.4499999999998
17,129,3886.0,878.4499999999998,,0,0,3871.0,3901.0,3901.0,3871.0,853.4499999999998,903.4499999999998
18,0,16.0,928.4499999999998,63.01941176470588,17,0,1.0,31.0,31.0,1.0,903.4499999999998,953.4499999999998
18,1,46.0,928.4499999999998,67.68592592592594,27,0,31.0,61.0,61.0,31.0,903.4499999999998,953.4499999999998
18,2,76.0,928.4499999999998,63.557391304347824,23,0,61.0,91.0,91.0,61.0,903.4499999999998,953.4499999999998
18,3,106.0,928.4499999999998,64.91105263157895,19,0,91.0,121.0,121.0,91.0,903.4499999999998,953.4499999999998
18,4,136.0,928.4499999999998,61.778999999999996,30,0,121.0,151.0,151.0,121.0,903.4499999999998,953.4499999999998
18,5,166.0,928.4499999999998,62.534814814814816,27,0,151.0,181.0,181.0,151.0,903.4499999999998,953.4499999999998
18,6,196.0,928.4499999999998,60.76749999999999,28,0,181.0,211.0,211.0,181.0,903.4499999999998,953.4499999999998
18,7,226.0,928.4499999999998,66.64333333333333,9,0,211.0,241.0,241.0,211.0,903.4499999999998,953.4499999999998
18,8,256.0,928.4499999999998,66.10814814814815,27,0,241.0,271.0,271.0,241.0,903.4499999999998,953.4499999999998
18,9,286.0,928.4499999999998,64.44300000000001,30,0,271.0,301.0,301.0,271.0,903.4499999999998,953.4499999999998
18,10,316.0,928.4499999999998,63.309999999999995,18,0,301.0,331.0,331.0,301.0,903.4499999999998,953.4499999999998
18,11,346.0,928.4499999999998,61.208461538461535,26,0,331.0,361.0,361.0,331.0,903.4499999999998,953.4499999999998
18,12,376.0,928.4499999999998,60.23162162162163,37,0,361.0,391.0,391.0,361.0,903.4499999999998,953.4499999999998
18,13,406.0,928.4499999999998,72.40333333333334,9,0,391.0,421.0,421.0,391.0,903.4499999999998,953.4499999999998
18,14,436.0,928.4499999999998,66.97904761904762,21,0,421.0,451.0,451.0,421.0,903.4499999999998,953.4499999999998
18,15,466.0,928.4499999999998,64.006,20,0,451.0,481.0,481.0,451.0,903.4499999999998,953.4499999999998
18,16,496.0,928.4499999999998,58.11811320754718,53,0,481.0,511.0,511.0,481.0,903.4499999999998,953.4499999999998
18,17,526.0,928.4499999999998,63.66777777777778,27,0,511.0,541.0,541.0,511.0,903.4499999999998,953.4499999999998
18,18,556.0,928.4499999999998,66.15374999999999,24,0,541.0,571.0,571.0,541.0,903.4499999999998,953.4499999999998
18,19,586.0,928.4499999999998,65.68181818181819,11,0,571.0,601.0,601.0,571.0,903.4499999999998,953.4499999999998
18,20,616.0,928.4499999999998,61.04666666666665,36,0,601.0,631.0,631.0,601.0,903.4499999999998,953.4499999999998
18,21,646.0,928.4499999999998,63.96947368421052,19,0,631.0,661.0,661.0,631.0,903.4499999999998,953.4499999999998
18,22,676.0,928.4499999999998,58.45151515151514,33,0,661.0,691.0,691.0,661.0,903.4499999999998,953.4499999999998
18,23,706.0,928.4499999999998,66.22592592592594,27,0,691.0,721.0,721.0,691.0,903.4499999999998,953.4499999999998
18,24,736.0,928.4499999999998,65.65050000000002,20,0,721.0,751.0,751.0,721.0,903.4499999999998,953.4499999999998
18,25,766.0,928.4499999999998,67.07999999999998,22,0,751.0,781.0,781.0,751.0,903.4499999999998,953.4499999999998
18,26,796.0,928.4499999999998,60.663703703703696,27,0,781.0,811.0,811.0,781.0,903.4499999999998,953.4499999999998
18,27,826.0,928.4499999999998,59.691176470588246,34,0,811.0,841.0,841.0,811.0,903.4499999999998,953.4499999999998
18,28,856.0,928.4499999999998,61.84275862068965,29,0,841.0,871.0,871.0,841.0,903.4499999999998,953.4499999999998
18,29,886.0,928.4499999999998,58.966486486486495,37,0,871.0,901.0,901.0,871.0,903.4499999999998,953.4499999999998
18,30,916.0,928.4499999999998,59.602000000000004,30,0,901.0,931.0,931.0,901.0,903.4499999999998,953.4499999999998
18,31,946.0,928.4499999999998,59.22233333333333,30,0,931.0,961.0,961.0,931.0,903.4499999999998,953.4499999999998
18,32,976.0,928.4499999999998,53.80249999999999,32,0,961.0,991.0,991.0,961.0,903.4499999999998,953.4499999999998
18,33,1006.0,928.4499999999998,60.007931034482766,29,0,991.0,1021.0,1021.0,991.0,903.4499999999998,953.4499999999998
18,34,1036.0,928.4499999999998,60.91382352941176,34,0,1021.0,1051.0,1051.0,1021.0,903.4499999999998,953.4499999999998
18,35,1066.0,928.4499999999998,65.32931818181818,22,0,1051.0,1081.0,1081.0,1051.0,903.4499999999998,953.4499999999998
18,36,1096.0,928.4499999999998,66.17833333333333,12,0,1081.0,1111.0,1111.0,1081.0,903.4499999999998,953.4499999999998
18,37,1126.0,928.4499999999998,66.29103448275862,29,0,1111.0,1141.0,1141.0,1111.0,903.4499999999998,953.4499999999998
18,38,1156.0,928.4499999999998,66.08304347826088,23,0,1141.0,1171.0,1171.0,1141.0,903.4499999999998,953.4499999999998
18,39,1186.0,928.4499999999998,67.68347826086959,23,0,1171.0,1201.0,1201.0,1171.0,903.4499999999998,953.4499999999998
18,40,1216.0,928.4499999999998,66.03606060606062,33,0,1201.0,1231.0,1231.0,1201.0,903.4499999999998,953.4499999999998
18,41,1246.0,928.4499999999998,62.97944444444444,18,0,1231.0,1261.0,1261.0,1231.0,903.4499999999998,953.4499999999998
18,42,1276.0,928.4499999999998,58.67206896551725,29,0,1261.0,1291.0,1291.0,1261.0,903.4499999999998,953.4499999999998
18,43,1306.0,928.4499999999998,59.883461538461525,26,0,1291.0,1321.0,1321.0,1291.0,903.4499999999998,953.4499999999998
18,44,1336.0,928.4499999999998,59.958947368421065,19,0,1321.0,1351.0,1351.0,1321.0,903.4499999999998,953.4499999999998
18,45,1366.0,928.4499999999998,54.8965625,32,0,1351.0,1381.0,1381.0,1351.0,903.4499999999998,953.4499999999998
18,46,1396.0,928.4499999999998,61.85363636363637,33,0,1381.0,1411.0,1411.0,1381.0,903.4499999999998,953.4499999999998
18,47,1426.0,928.4499999999998,62.68588235294117,34,0,1411.0,1441.0,1441.0,1411.0,903.4499999999998,953.4499999999998
18,48,1456.0,928.4499999999998,64.89818181818181,22,0,1441.0,1471.0,1471.0,1441.0,903.4499999999998,953.4499999999998
18,49,1486.0,928.4499999999998,67.72090909090909,22,0,1471.0,1501.0,1501.0,1471.0,903.4499999999998,953.4499999999998
18,50,1516.0,928.4499999999998,67.83352941176472,17,0,1501.0,1531.0,1531.0,1501.0,903.4499999999998,953.4499999999998
18,51,1546.0,928.4499999999998,63.622857142857136,35,0,1531.0,1561.0,1561.0,1531.0,903.4499999999998,953.4499999999998
18,52,1576.0,928.4499999999998,62.01399999999998,35,0,1561.0,1591.0,1591.0,1561.0,903.4499999999998,953.4499999999998
18,53,1606.0,928.4499999999998,70.75333333333332,12,0,1591.0,1621.0,1621.0,1591.0,903.4499999999998,953.4499999999998
18,54,1636.0,928.4499999999998,66.24565217391304,23,0,1621.0,1651.0,1651.0,1621.0,903.4499999999998,953.4499999999998
18,55,1666.0,928.4499999999998,64.12884615384615,26,0,1651.0,1681.0,1681.0,1651.0,903.4499999999998,953.4499999999998
18,56,1696.0,928.4499999999998,63.19000000000001,20,0,1681.0,1711.0,1711.0,1681.0,903.4499999999998,953.4499999999998
18,57,1726.0,928.4499999999998,61.94285714285714,28,0,1711.0,1741.0,1741.0,1711.0,903.4499999999998,953.4499999999998
18,58,1756.0,928.4499999999998,63.41037037037037,27,0,1741.0,1771.0,1771.0,1741.0,903.4499999999998,953.4499999999998
18,59,1786.0,928.4499999999998,62.56681818181819,22,0,1771.0,1801.0,1801.0,1771.0,903.4499999999998,953.4499999999998
18,60,1816.0,928.4499999999998,59.73285714285715,28,0,1801.0,1831.0,1831.0,1801.0,903.4499999999998,953.4499999999998
18,61,1846.0,928.4499999999998,59.04428571428571,21,0,1831.0,1861.0,1861.0,1831.0,903.4499999999998,953.4499999999998
18,62,1876.0,928.4499999999998,58.051944444444445,36,0,1861.0,1891.0,1891.0,1861.0,903.4499999999998,953.4499999999998
18,63,1906.0,928.4499999999998,60.42357142857143,28,0,1891.0,1921.0,1921.0,1891.0,903.4499999999998,953.4499999999998
18,64,1936.0,928.4499999999998,65.48625000000003,24,0,1921.0,1951.0,1951.0,1921.0,903.4499999999998,953.4499999999998
18,65,1966.0,928.4499999999998,61.379,20,0,1951.0,1981.0,1981.0,1951.0,903.4499999999998,953.4499999999998
18,66,1996.0,928.4499999999998,71.26529411764707,17,0,1981.0,2011.0,2011.0,1981.0,903.4499999999998,953.4499999999998
18,67,2026.0,928.4499999999998,61.92444444444444,18,0,2011.0,2041.0,2041.0,2011.0,903.4499999999998,953.4499999999998
18,68,2056.0,928.4499999999998,54.63935483870968,31,0,2041.0,2071.0,2071.0,2041.0,903.4499999999998,953.4499999999998
18,69,2086.0,928.4499999999998,61.05357142857143,14,0,2071.0,2101.0,2101.0,2071.0,903.4499999999998,953.4499999999998
18,70,2116.0,928.4499999999998,57.17410256410256,39,0,2101.0,2131.0,2131.0,2101.0,903.4499999999998,953.4499999999998
18,71,2146.0,928.4499999999998,58.42586206896551,29,0,2131.0,2161.0,2161.0,2131.0,903.4499999999998,953.4499999999998
18,72,2176.0,928.4499999999998,61.1342857142857,42,0,2161.0,2191.0,2191.0,2161.0,903.4499999999998,953.4499999999998
18,73,2206.0,928.4499999999998,57.28178571428571,28,0,2191.0,2221.0,2221.0,2191.0,903.4499999999998,953.4499999999998
18,74,2236.0,928.4499999999998,43.61084745762711,59,0,2221.0,2251.0,2251.0,2221.0,903.4499999999998,953.4499999999998
18,75,2266.0,928.4499999999998,33.775471698113215,53,0,2251.0,2281.0,2281.0,2251.0,903.4499999999998,953.4499999999998
18,76,2296.0,928.4499999999998,43.64820512820514,39,0,2281.0,2311.0,2311.0,2281.0,903.4499999999998,953.4499999999998
18,77,2326.0,928.4499999999998,44.87038461538462,26,0,2311.0,2341.0,2341.0,2311.0,903.4499999999998,953.4499999999998
18,78,2356.0,928.4499999999998,41.16157894736844,57,0,2341.0,2371.0,2371.0,2341.0,903.4499999999998,953.4499999999998
18,79,2386.0,928.4499999999998,47.346785714285716,28,0,2371.0,2401.0,2401.0,2371.0,903.4499999999998,953.4499999999998
18,80,2416.0,928.4499999999998,52.10249999999999,36,0,2401.0,2431.0,2431.0,2401.0,903.4499999999998,953.4499999999998
18,81,2446.0,928.4499999999998,45.875576923076935,52,0,2431.0,2461.0,2461.0,2431.0,903.4499999999998,953.4499999999998
18,82,2476.0,928.4499999999998,37.22707317073171,41,0,2461.0,2491.0,2491.0,2461.0,903.4499999999998,953.4499999999998
18,83,2506.0,928.4499999999998,35.913749999999986,48,0,2491.0,2521.0,2521.0,2491.0,903.4499999999998,953.4499999999998
18,84,2536.0,928.4499999999998,44.60456140350877,57,0,2521.0,2551.0,2551.0,2521.0,903.4499999999998,953.4499999999998
18,85,2566.0,928.4499999999998,33.929166666666674,48,0,2551.0,2581.0,2581.0,2551.0,903.4499999999998,953.4499999999998
18,86,2596.0,928.4499999999998,44.32916666666668,48,0,2581.0,2611.0,2611.0,2581.0,903.4499999999998,953.4499999999998
18,87,2626.0,928.4499999999998,49.60277777777778,36,0,2611.0,2641.0,2641.0,2611.0,903.4499999999998,953.4499999999998
18,88,2656.0,928.4499999999998,42.60102564102564,39,0,2641.0,2671.0,2671.0,2641.0,903.4499999999998,953.4499999999998
18,89,2686.0,928.4499999999998,34.16586206896553,58,0,2671.0,2701.0,2701.0,2671.0,903.4499999999998,953.4499999999998
18,90,2716.0,928.4499999999998,26.0365,40,0,2701.0,2731.0,2731.0,2701.0,903.4499999999998,953.4499999999998
18,91,2746.0,928.4499999999998,50.8837037037037,27,0,2731.0,2761.0,2761.0,2731.0,903.4499999999998,953.4499999999998
18,92,2776.0,928.4499999999998,45.32777777777778,36,0,2761.0,2791.0,2791.0,2761.0,903.4499999999998,953.4499999999998
18,93,2806.0,928.4499999999998,37.15351851851852,54,0,2791.0,2821.0,2821.0,2791.0,903.4499999999998,953.4499999999998
18,94,2836.0,928.4499999999998,41.904615384615376,39,0,2821.0,2851.0,2851.0,2821.0,903.4499999999998,953.4499999999998
18,95,2866.0,928.4499999999998,38.37749999999999,56,0,2851.0,2881.0,2881.0,2851.0,903.4499999999998,953.4499999999998
18,96,2896.0,928.4499999999998,27.948513513513515,74,0,2881.0,2911.0,2911.0,2881.0,903.4499999999998,953.4499999999998
18,97,2926.0,928.4499999999998,32.34215384615384,65,0,2911.0,2941.0,2941.0,2911.0,903.4499999999998,953.4499999999998
18,98,2956.0,928.4499999999998,25.62060483870968,62,0,2941.0,2971.0,2971.0,2941.0,903.4499999999998,953.4499999999998
18,99,2986.0,928.4499999999998,19.427916666666672,96,0,2971.0,3001.0,3001.0,2971.0,903.4499999999998,953.4499999999998
18,100,3016.0,928.4499999999998,18.19423529411764,85,0,3001.0,3031.0,3031.0,3001.0,903.4499999999998,953.4499999999998
18,101,3046.0,928.4499999999998,30.646078431372555,51,0,3031.0,3061.0,3061.0,3031.0,903.4499999999998,953.4499999999998
18,102,3076.0,928.4499999999998,27.750909090909087,55,0,3061.0,3091.0,3091.0,3061.0,903.4499999999998,953.4499999999998
18,103,3106.0,928.4499999999998,22.314899999999998,100,0,3091.0,3121.0,3121.0,3091.0,903.4499999999998,953.4499999999998
18,104,3136.0,928.4499999999998,15.1,97,0,3121.0,3151.0,3151.0,3121.0,903.4499999999998,953.4499999999998
18,105,3166.0,928.4499999999998,18.66024691358025,81,0,3151.0,3181.0,3181.0,3151.0,903.4499999999998,953.4499999999998
18,106,3196.0,928.4499999999998,18.698301886792457,106,0,3181.0,3211.0,3211.0,3181.0,903.4499999999998,953.4499999999998
18,107,3226.0,928.4499999999998,22.50792207792208,77,0,3211.0,3241.0,3241.0,3211.0,903.4499999999998,953.4499999999998
18,108,3256.0,928.4499999999998,16.028910891089115,101,0,3241.0,3271.0,3271.0,3241.0,903.4499999999998,953.4499999999998
18,109,3286.0,928.4499999999998,22.017093023255818,86,0,3271.0,3301.0,3301.0,3271.0,903.4499999999998,953.4499999999998
18,110,3316.0,928.4499999999998,24.626410256410264,78,0,3301.0,3331.0,3331.0,3301.0,903.4499999999998,953.4499999999998
18,111,3346.0,928.4499999999998,25.09118421052631,76,0,3331.0,3361.0,3361.0,3331.0,903.4499999999998,953.4499999999998
18,112,3376.0,928.4499999999998,13.9333695652174,92,0,3361.0,3391.0,3391.0,3361.0,903.4499999999998,953.4499999999998
18,113,3406.0,928.4499999999998,19.197666666666663,90,0,3391.0,3421.0,3421.0,3391.0,903.4499999999998,953.4499999999998
18,114,3436.0,928.4499999999998,17.09615384615385,65,0,3421.0,3451.0,3451.0,3421.0,903.4499999999998,953.4499999999998
18,115,3466.0,928.4499999999998,15.747526881720427,93,0,3451.0,3481.0,3481.0,3451.0,903.4499999999998,953.4499999999998
18,116,3496.0,928.4499999999998,23.60578947368421,76,0,3481.0,3511.0,3511.0,3481.0,903.4499999999998,953.4499999999998
18,117,3526.0,928.4499999999998,30.81283018867925,53,0,3511.0,3541.0,3541.0,3511.0,903.4499999999998,953.4499999999998
18,118,3556.0,928.4499999999998,39.043829787234046,47,0,3541.0,3571.0,3571.0,3541.0,903.4499999999998,953.4499999999998
18,119,3586.0,928.4499999999998,36.17785714285715,42,0,3571.0,3601.0,3601.0,3571.0,903.4499999999998,953.4499999999998
18,120,3616.0,928.4499999999998,25.895185185185188,81,0,3601.0,3631.0,3631.0,3601.0,903.4499999999998,953.4499999999998
18,121,3646.0,928.4499999999998,17.883333333333333,102,0,3631.0,3661.0,3661.0,3631.0,903.4499999999998,953.4499999999998
18,122,3676.0,928.4499999999998,12.68368932038835,103,0,3661.0,3691.0,3691.0,3661.0,903.4499999999998,953.4499999999998
18,123,3706.0,928.4499999999998,16.554130434782618,92,0,3691.0,3721.0,3721.0,3691.0,903.4499999999998,953.4499999999998
18,124,3736.0,928.4499999999998,17.966129032258067,31,0,3721.0,3751.0,3751.0,3721.0,903.4499999999998,953.4499999999998
18,125,3766.0,928.4499999999998,,0,0,3751.0,3781.0,3781.0,3751.0,903.4499999999998,953.4499999999998
18,126,3796.0,928.4499999999998,,0,0,3781.0,3811.0,3811.0,3781.0,903.4499999999998,953.4499999999998
18,127,3826.0,928.4499999999998,,0,0,3811.0,3841.0,3841.0,3811.0,903.4499999999998,953.4499999999998
18,128,3856.0,928.4499999999998,,0,0,3841.0,3871.0,3871.0,3841.0,903.4499999999998,953.4499999999998
18,129,3886.0,928.4499999999998,,0,0,3871.0,3901.0,3901.0,3871.0,903.4499999999998,953.4499999999998
19,0,16.0,978.4499999999998,56.73142857142858,21,0,1.0,31.0,31.0,1.0,953.4499999999998,1003.4499999999998
19,1,46.0,978.4499999999998,65.14541666666666,24,0,31.0,61.0,61.0,31.0,953.4499999999998,1003.4499999999998
19,2,76.0,978.4499999999998,61.668888888888894,27,0,61.0,91.0,91.0,61.0,953.4499999999998,1003.4499999999998
19,3,106.0,978.4499999999998,62.26150000000001,20,0,91.0,121.0,121.0,91.0,953.4499999999998,1003.4499999999998
19,4,136.0,978.4499999999998,60.76652173913042,23,0,121.0,151.0,151.0,121.0,953.4499999999998,1003.4499999999998
19,5,166.0,978.4499999999998,59.308437500000004,32,0,151.0,181.0,181.0,151.0,953.4499999999998,1003.4499999999998
19,6,196.0,978.4499999999998,58.136250000000004,32,0,181.0,211.0,211.0,181.0,953.4499999999998,1003.4499999999998
19,7,226.0,978.4499999999998,68.30874999999999,8,0,211.0,241.0,241.0,211.0,953.4499999999998,1003.4499999999998
19,8,256.0,978.4499999999998,63.086666666666666,27,0,241.0,271.0,271.0,241.0,953.4499999999998,1003.4499999999998
19,9,286.0,978.4499999999998,62.6690625,32,0,271.0,301.0,301.0,271.0,953.4499999999998,1003.4499999999998
19,10,316.0,978.4499999999998,61.52666666666667,24,0,301.0,331.0,331.0,301.0,953.4499999999998,1003.4499999999998
19,11,346.0,978.4499999999998,58.75708333333333,24,0,331.0,361.0,361.0,331.0,953.4499999999998,1003.4499999999998
19,12,376.0,978.4499999999998,57.73487179487178,39,0,361.0,391.0,391.0,361.0,953.4499999999998,1003.4499999999998
19,13,406.0,978.4499999999998,69.36923076923077,13,0,391.0,421.0,421.0,391.0,953.4499999999998,1003.4499999999998
19,14,436.0,978.4499999999998,64.55956521739131,23,0,421.0,451.0,451.0,421.0,953.4499999999998,1003.4499999999998
19,15,466.0,978.4499999999998,65.13999999999999,21,0,451.0,481.0,481.0,451.0,953.4499999999998,1003.4499999999998
19,16,496.0,978.4499999999998,56.56925925925928,54,0,481.0,511.0,511.0,481.0,953.4499999999998,1003.4499999999998
19,17,526.0,978.4499999999998,61.0196551724138,29,0,511.0,541.0,541.0,511.0,953.4499999999998,1003.4499999999998
19,18,556.0,978.4499999999998,63.924230769230775,26,0,541.0,571.0,571.0,541.0,953.4499999999998,1003.4499999999998
19,19,586.0,978.4499999999998,65.04272727272728,11,0,571.0,601.0,601.0,571.0,953.4499999999998,1003.4499999999998
19,20,616.0,978.4499999999998,59.086756756756756,37,0,601.0,631.0,631.0,601.0,953.4499999999998,1003.4499999999998
19,21,646.0,978.4499999999998,61.40200000000001,30,0,631.0,661.0,661.0,631.0,953.4499999999998,1003.4499999999998
19,22,676.0,978.4499999999998,56.90611111111111,36,0,661.0,691.0,691.0,661.0,953.4499999999998,1003.4499999999998
19,23,706.0,978.4499999999998,64.82142857142856,28,0,691.0,721.0,721.0,691.0,953.4499999999998,1003.4499999999998
19,24,736.0,978.4499999999998,63.54999999999999,24,0,721.0,751.0,751.0,721.0,953.4499999999998,1003.4499999999998
19,25,766.0,978.4499999999998,66.81473684210526,19,0,751.0,781.0,781.0,751.0,953.4499999999998,1003.4499999999998
19,26,796.0,978.4499999999998,59.685625,32,0,781.0,811.0,811.0,781.0,953.4499999999998,1003.4499999999998
19,27,826.0,978.4499999999998,56.41947368421053,38,0,811.0,841.0,841.0,811.0,953.4499999999998,1003.4499999999998
19,28,856.0,978.4499999999998,61.54612903225807,31,0,841.0,871.0,871.0,841.0,953.4499999999998,1003.4499999999998
19,29,886.0,978.4499999999998,57.70380952380951,42,0,871.0,901.0,901.0,871.0,953.4499999999998,1003.4499999999998
19,30,916.0,978.4499999999998,59.000810810810805,37,0,901.0,931.0,931.0,901.0,953.4499999999998,1003.4499999999998
19,31,946.0,978.4499999999998,58.20026315789477,38,0,931.0,961.0,961.0,931.0,953.4499999999998,1003.4499999999998
19,32,976.0,978.4499999999998,54.4925641025641,39,0,961.0,991.0,991.0,961.0,953.4499999999998,1003.4499999999998
19,33,1006.0,978.4499999999998,60.615625,32,0,991.0,1021.0,1021.0,991.0,953.4499999999998,1003.4499999999998
19,34,1036.0,978.4499999999998,59.41684210526315,38,0,1021.0,1051.0,1051.0,1021.0,953.4499999999998,1003.4499999999998
19,35,1066.0,978.4499999999998,63.231333333333325,30,0,1051.0,1081.0,1081.0,1051.0,953.4499999999998,1003.4499999999998
19,36,1096.0,978.4499999999998,64.85076923076923,13,0,1081.0,1111.0,1111.0,1081.0,953.4499999999998,1003.4499999999998
19,37,1126.0,978.4499999999998,62.629428571428576,35,0,1111.0,1141.0,1141.0,1111.0,953.4499999999998,1003.4499999999998
19,38,1156.0,978.4499999999998,59.91620689655171,29,0,1141.0,1171.0,1171.0,1141.0,953.4499999999998,1003.4499999999998
19,39,1186.0,978.4499999999998,67.01159999999999,25,0,1171.0,1201.0,1201.0,1171.0,953.4499999999998,1003.4499999999998
19,40,1216.0,978.4499999999998,63.86545454545453,33,0,1201.0,1231.0,1231.0,1201.0,953.4499999999998,1003.4499999999998
19,41,1246.0,978.4499999999998,65.59571428571428,21,0,1231.0,1261.0,1261.0,1231.0,953.4499999999998,1003.4499999999998
19,42,1276.0,978.4499999999998,58.32529411764704,34,0,1261.0,1291.0,1291.0,1261.0,953.4499999999998,1003.4499999999998
19,43,1306.0,978.4499999999998,59.50173913043478,23,0,1291.0,1321.0,1321.0,1291.0,953.4499999999998,1003.4499999999998
19,44,1336.0,978.4499999999998,59.78333333333335,24,0,1321.0,1351.0,1351.0,1321.0,953.4499999999998,1003.4499999999998
19,45,1366.0,978.4499999999998,53.52871794871795,39,0,1351.0,1381.0,1381.0,1351.0,953.4499999999998,1003.4499999999998
19,46,1396.0,978.4499999999998,61.57444444444445,36,0,1381.0,1411.0,1411.0,1381.0,953.4499999999998,1003.4499999999998
19,47,1426.0,978.4499999999998,60.93146341463414,41,0,1411.0,1441.0,1441.0,1411.0,953.4499999999998,1003.4499999999998
19,48,1456.0,978.4499999999998,64.01615384615384,26,0,1441.0,1471.0,1471.0,1441.0,953.4499999999998,1003.4499999999998
19,49,1486.0,978.4499999999998,67.56863636363637,22,0,1471.0,1501.0,1501.0,1471.0,953.4499999999998,1003.4499999999998
19,50,1516.0,978.4499999999998,66.51380952380953,21,0,1501.0,1531.0,1531.0,1501.0,953.4499999999998,1003.4499999999998
19,51,1546.0,978.4499999999998,63.47999999999999,36,0,1531.0,1561.0,1561.0,1531.0,953.4499999999998,1003.4499999999998
19,52,1576.0,978.4499999999998,60.241538461538475,39,0,1561.0,1591.0,1591.0,1561.0,953.4499999999998,1003.4499999999998
19,53,1606.0,978.4499999999998,68.44749999999999,16,0,1591.0,1621.0,1621.0,1591.0,953.4499999999998,1003.4499999999998
19,54,1636.0,978.4499999999998,66.03111111111113,27,0,1621.0,1651.0,1651.0,1621.0,953.4499999999998,1003.4499999999998
19,55,1666.0,978.4499999999998,64.10592592592594,27,0,1651.0,1681.0,1681.0,1651.0,953.4499999999998,1003.4499999999998
19,56,1696.0,978.4499999999998,62.815999999999995,20,0,1681.0,1711.0,1711.0,1681.0,953.4499999999998,1003.4499999999998
19,57,1726.0,978.4499999999998,61.36633333333334,30,0,1711.0,1741.0,1741.0,1711.0,953.4499999999998,1003.4499999999998
19,58,1756.0,978.4499999999998,62.54617647058824,34,0,1741.0,1771.0,1771.0,1741.0,953.4499999999998,1003.4499999999998
19,59,1786.0,978.4499999999998,62.353437500000005,32,0,1771.0,1801.0,1801.0,1771.0,953.4499999999998,1003.4499999999998
19,60,1816.0,978.4499999999998,59.90384615384615,26,0,1801.0,1831.0,1831.0,1801.0,953.4499999999998,1003.4499999999998
19,61,1846.0,978.4499999999998,57.943214285714284,28,0,1831.0,1861.0,1861.0,1831.0,953.4499999999998,1003.4499999999998
19,62,1876.0,978.4499999999998,57.805499999999995,40,0,1861.0,1891.0,1891.0,1861.0,953.4499999999998,1003.4499999999998
19,63,1906.0,978.4499999999998,58.77724137931035,29,0,1891.0,1921.0,1921.0,1891.0,953.4499999999998,1003.4499999999998
19,64,1936.0,978.4499999999998,63.31925925925926,27,0,1921.0,1951.0,1951.0,1921.0,953.4499999999998,1003.4499999999998
19,65,1966.0,978.4499999999998,62.75000000000001,23,0,1951.0,1981.0,1981.0,1951.0,953.4499999999998,1003.4499999999998
19,66,1996.0,978.4499999999998,66.44333333333333,24,0,1981.0,2011.0,2011.0,1981.0,953.4499999999998,1003.4499999999998
19,67,2026.0,978.4499999999998,63.44894736842104,19,0,2011.0,2041.0,2041.0,2011.0,953.4499999999998,1003.4499999999998
19,68,2056.0,978.4499999999998,54.875384615384625,39,0,2041.0,2071.0,2071.0,2041.0,953.4499999999998,1003.4499999999998
19,69,2086.0,978.4499999999998,59.712,15,0,2071.0,2101.0,2101.0,2071.0,953.4499999999998,1003.4499999999998
19,70,2116.0,978.4499999999998,55.021590909090925,44,0,2101.0,2131.0,2131.0,2101.0,953.4499999999998,1003.4499999999998
19,71,2146.0,978.4499999999998,58.48088235294118,34,0,2131.0,2161.0,2161.0,2131.0,953.4499999999998,1003.4499999999998
19,72,2176.0,978.4499999999998,58.496595744680874,47,0,2161.0,2191.0,2191.0,2161.0,953.4499999999998,1003.4499999999998
19,73,2206.0,978.4499999999998,50.636969696969686,33,0,2191.0,2221.0,2221.0,2191.0,953.4499999999998,1003.4499999999998
19,74,2236.0,978.4499999999998,33.933908045977006,87,0,2221.0,2251.0,2251.0,2221.0,953.4499999999998,1003.4499999999998
19,75,2266.0,978.4499999999998,28.049459459459445,74,0,2251.0,2281.0,2281.0,2251.0,953.4499999999998,1003.4499999999998
19,76,2296.0,978.4499999999998,41.29927272727273,55,0,2281.0,2311.0,2311.0,2281.0,953.4499999999998,1003.4499999999998
19,77,2326.0,978.4499999999998,46.16440000000001,25,0,2311.0,2341.0,2341.0,2311.0,953.4499999999998,1003.4499999999998
19,78,2356.0,978.4499999999998,41.03551724137931,58,0,2341.0,2371.0,2371.0,2341.0,953.4499999999998,1003.4499999999998
19,79,2386.0,978.4499999999998,42.04341463414634,41,0,2371.0,2401.0,2401.0,2371.0,953.4499999999998,1003.4499999999998
19,80,2416.0,978.4499999999998,47.56000000000001,42,0,2401.0,2431.0,2431.0,2401.0,953.4499999999998,1003.4499999999998
19,81,2446.0,978.4499999999998,36.12538461538462,65,0,2431.0,2461.0,2461.0,2431.0,953.4499999999998,1003.4499999999998
19,82,2476.0,978.4499999999998,19.755058823529417,85,0,2461.0,2491.0,2491.0,2461.0,953.4499999999998,1003.4499999999998
19,83,2506.0,978.4499999999998,31.845573770491807,61,0,2491.0,2521.0,2521.0,2491.0,953.4499999999998,1003.4499999999998
19,84,2536.0,978.4499999999998,39.99015625,64,0,2521.0,2551.0,2551.0,2521.0,953.4499999999998,1003.4499999999998
19,85,2566.0,978.4499999999998,20.063431372549026,102,0,2551.0,2581.0,2581.0,2551.0,953.4499999999998,1003.4499999999998
19,86,2596.0,978.4499999999998,37.03633333333333,60,0,2581.0,2611.0,2611.0,2581.0,953.4499999999998,1003.4499999999998
19,87,2626.0,978.4499999999998,42.86745098039217,51,0,2611.0,2641.0,2641.0,2611.0,953.4499999999998,1003.4499999999998
19,88,2656.0,978.4499999999998,41.009583333333325,48,0,2641.0,2671.0,2671.0,2641.0,953.4499999999998,1003.4499999999998
19,89,2686.0,978.4499999999998,28.394074074074076,81,0,2671.0,2701.0,2701.0,2671.0,953.4499999999998,1003.4499999999998
19,90,2716.0,978.4499999999998,22.000172413793106,58,0,2701.0,2731.0,2731.0,2701.0,953.4499999999998,1003.4499999999998
19,91,2746.0,978.4499999999998,43.94085714285713,35,0,2731.0,2761.0,2761.0,2731.0,953.4499999999998,1003.4499999999998
19,92,2776.0,978.4499999999998,44.53655172413792,29,0,2761.0,2791.0,2791.0,2761.0,953.4499999999998,1003.4499999999998
19,93,2806.0,978.4499999999998,34.84352941176472,68,0,2791.0,2821.0,2821.0,2791.0,953.4499999999998,1003.4499999999998
19,94,2836.0,978.4499999999998,35.45865384615385,52,0,2821.0,2851.0,2851.0,2821.0,953.4499999999998,1003.4499999999998
19,95,2866.0,978.4499999999998,34.078448275862065,58,0,2851.0,2881.0,2881.0,2851.0,953.4499999999998,1003.4499999999998
19,96,2896.0,978.4499999999998,25.56892857142857,84,0,2881.0,2911.0,2911.0,2881.0,953.4499999999998,1003.4499999999998
19,97,2926.0,978.4499999999998,18.580388349514575,103,0,2911.0,2941.0,2941.0,2911.0,953.4499999999998,1003.4499999999998
19,98,2956.0,978.4499999999998,14.714622641509433,106,0,2941.0,2971.0,2971.0,2941.0,953.4499999999998,1003.4499999999998
19,99,2986.0,978.4499999999998,12.983727272727277,110,0,2971.0,3001.0,3001.0,2971.0,953.4499999999998,1003.4499999999998
19,100,3016.0,978.4499999999998,21.246493506493508,77,0,3001.0,3031.0,3031.0,3001.0,953.4499999999998,1003.4499999999998
19,101,3046.0,978.4499999999998,27.159577464788736,71,0,3031.0,3061.0,3061.0,3031.0,953.4499999999998,1003.4499999999998
19,102,3076.0,978.4499999999998,25.615636363636373,55,0,3061.0,3091.0,3091.0,3061.0,953.4499999999998,1003.4499999999998
19,103,3106.0,978.4499999999998,16.686028368794325,94,0,3091.0,3121.0,3121.0,3091.0,953.4499999999998,1003.4499999999998
19,104,3136.0,978.4499999999998,16.02074468085106,94,0,3121.0,3151.0,3151.0,3121.0,953.4499999999998,1003.4499999999998
19,105,3166.0,978.4499999999998,15.328043478260872,92,0,3151.0,3181.0,3181.0,3151.0,953.4499999999998,1003.4499999999998
19,106,3196.0,978.4499999999998,16.365700934579444,107,0,3181.0,3211.0,3211.0,3181.0,953.4499999999998,1003.4499999999998
19,107,3226.0,978.4499999999998,15.644629629629621,108,0,3211.0,3241.0,3241.0,3211.0,953.4499999999998,1003.4499999999998
19,108,3256.0,978.4499999999998,16.451704545454547,88,0,3241.0,3271.0,3271.0,3241.0,953.4499999999998,1003.4499999999998
19,109,3286.0,978.4499999999998,18.158144329896913,97,0,3271.0,3301.0,3301.0,3271.0,953.4499999999998,1003.4499999999998
19,110,3316.0,978.4499999999998,23.163186813186808,91,0,3301.0,3331.0,3331.0,3301.0,953.4499999999998,1003.4499999999998
19,111,3346.0,978.4499999999998,22.181529411764703,85,0,3331.0,3361.0,3361.0,3331.0,953.4499999999998,1003.4499999999998
19,112,3376.0,978.4499999999998,11.077777777777781,108,0,3361.0,3391.0,3391.0,3361.0,953.4499999999998,1003.4499999999998
19,113,3406.0,978.4499999999998,15.99847826086957,92,0,3391.0,3421.0,3421.0,3391.0,953.4499999999998,1003.4499999999998
19,114,3436.0,978.4499999999998,13.436041666666673,96,0,3421.0,3451.0,3451.0,3421.0,953.4499999999998,1003.4499999999998
19,115,3466.0,978.4499999999998,14.5336,75,0,3451.0,3481.0,3481.0,3451.0,953.4499999999998,1003.4499999999998
19,116,3496.0,978.4499999999998,25.82379746835443,79,0,3481.0,3511.0,3511.0,3481.0,953.4499999999998,1003.4499999999998
19,117,3526.0,978.4499999999998,22.997272727272723,77,0,3511.0,3541.0,3541.0,3511.0,953.4499999999998,1003.4499999999998
19,118,3556.0,978.4499999999998,35.95086206896551,58,0,3541.0,3571.0,3571.0,3541.0,953.4499999999998,1003.4499999999998
19,119,3586.0,978.4499999999998,28.3990322580645,62,0,3571.0,3601.0,3601.0,3571.0,953.4499999999998,1003.4499999999998
19,120,3616.0,978.4499999999998,24.573625000000003,80,0,3601.0,3631.0,3631.0,3601.0,953.4499999999998,1003.4499999999998
19,121,3646.0,978.4499999999998,14.233888888888893,90,0,3631.0,3661.0,3661.0,3631.0,953.4499999999998,1003.4499999999998
19,122,3676.0,978.4499999999998,15.23882352941176,85,0,3661.0,3691.0,3691.0,3661.0,953.4499999999998,1003.4499999999998
19,123,3706.0,978.4499999999998,17.599777777777774,90,0,3691.0,3721.0,3721.0,3691.0,953.4499999999998,1003.4499999999998
19,124,3736.0,978.4499999999998,14.22985507246377,69,0,3721.0,3751.0,3751.0,3721.0,953.4499999999998,1003.4499999999998
19,125,3766.0,978.4499999999998,,0,0,3751.0,3781.0,3781.0,3751.0,953.4499999999998,1003.4499999999998
19,126,3796.0,978.4499999999998,,0,0,3781.0,3811.0,3811.0,3781.0,953.4499999999998,1003.4499999999998
19,127,3826.0,978.4499999999998,,0,0,3811.0,3841.0,3841.0,3811.0,953.4499999999998,1003.4499999999998
19,128,3856.0,978.4499999999998,,0,0,3841.0,3871.0,3871.0,3841.0,953.4499999999998,1003.4499999999998
19,129,3886.0,978.4499999999998,,0,0,3871.0,3901.0,3901.0,3871.0,953.4499999999998,1003.4499999999998
20,0,16.0,1028.4499999999998,56.83416666666667,24,0,1.0,31.0,31.0,1.0,1003.4499999999998,1053.4499999999998
20,1,46.0,1028.4499999999998,65.95454545454544,22,0,31.0,61.0,61.0,31.0,1003.4499999999998,1053.4499999999998
20,2,76.0,1028.4499999999998,63.439999999999976,27,0,61.0,91.0,91.0,61.0,1003.4499999999998,1053.4499999999998
20,3,106.0,1028.4499999999998,64.56588235294119,17,0,91.0,121.0,121.0,91.0,1003.4499999999998,1053.4499999999998
20,4,136.0,1028.4499999999998,62.64894736842106,19,0,121.0,151.0,151.0,121.0,1003.4499999999998,1053.4499999999998
20,5,166.0,1028.4499999999998,59.38972222222222,36,0,151.0,181.0,181.0,151.0,1003.4499999999998,1053.4499999999998
20,6,196.0,1028.4499999999998,58.757586206896555,29,0,181.0,211.0,211.0,181.0,1003.4499999999998,1053.4499999999998
20,7,226.0,1028.4499999999998,75.80800000000002,5,0,211.0,241.0,241.0,211.0,1003.4499999999998,1053.4499999999998
20,8,256.0,1028.4499999999998,63.91086956521738,23,0,241.0,271.0,271.0,241.0,1003.4499999999998,1053.4499999999998
20,9,286.0,1028.4499999999998,64.95896551724138,29,0,271.0,301.0,301.0,271.0,1003.4499999999998,1053.4499999999998
20,10,316.0,1028.4499999999998,62.13166666666665,24,0,301.0,331.0,331.0,301.0,1003.4499999999998,1053.4499999999998
20,11,346.0,1028.4499999999998,60.04333333333334,21,0,331.0,361.0,361.0,331.0,1003.4499999999998,1053.4499999999998
20,12,376.0,1028.4499999999998,58.84799999999999,40,0,361.0,391.0,391.0,361.0,1003.4499999999998,1053.4499999999998
20,13,406.0,1028.4499999999998,72.25166666666668,12,0,391.0,421.0,421.0,391.0,1003.4499999999998,1053.4499999999998
20,14,436.0,1028.4499999999998,64.1895,20,0,421.0,451.0,451.0,421.0,1003.4499999999998,1053.4499999999998
20,15,466.0,1028.4499999999998,68.11952380952381,21,0,451.0,481.0,481.0,451.0,1003.4499999999998,1053.4499999999998
20,16,496.0,1028.4499999999998,58.33019607843138,51,0,481.0,511.0,511.0,481.0,1003.4499999999998,1053.4499999999998
20,17,526.0,1028.4499999999998,61.59151515151514,33,0,511.0,541.0,541.0,511.0,1003.4499999999998,1053.4499999999998
20,18,556.0,1028.4499999999998,64.601,20,0,541.0,571.0,571.0,541.0,1003.4499999999998,1053.4499999999998
20,19,586.0,1028.4499999999998,69.18272727272728,11,0,571.0,601.0,601.0,571.0,1003.4499999999998,1053.4499999999998
20,20,616.0,1028.4499999999998,60.480277777777765,36,0,601.0,631.0,631.0,601.0,1003.4499999999998,1053.4499999999998
20,21,646.0,1028.4499999999998,60.30519999999999,25,0,631.0,661.0,661.0,631.0,1003.4499999999998,1053.4499999999998
20,22,676.0,1028.4499999999998,59.64818181818181,33,0,661.0,691.0,691.0,661.0,1003.4499999999998,1053.4499999999998
20,23,706.0,1028.4499999999998,63.198518518518526,27,0,691.0,721.0,721.0,691.0,1003.4499999999998,1053.4499999999998
20,24,736.0,1028.4499999999998,65.52120000000001,25,0,721.0,751.0,751.0,721.0,1003.4499999999998,1053.4499999999998
20,25,766.0,1028.4499999999998,66.39266666666667,15,0,751.0,781.0,781.0,751.0,1003.4499999999998,1053.4499999999998
20,26,796.0,1028.4499999999998,61.592812499999994,32,0,781.0,811.0,811.0,781.0,1003.4499999999998,1053.4499999999998
20,27,826.0,1028.4499999999998,56.70483870967743,31,0,811.0,841.0,841.0,811.0,1003.4499999999998,1053.4499999999998
20,28,856.0,1028.4499999999998,62.69181818181818,33,0,841.0,871.0,871.0,841.0,1003.4499999999998,1053.4499999999998
20,29,886.0,1028.4499999999998,59.62999999999999,34,0,871.0,901.0,901.0,871.0,1003.4499999999998,1053.4499999999998
20,30,916.0,1028.4499999999998,59.94228571428572,35,0,901.0,931.0,931.0,901.0,1003.4499999999998,1053.4499999999998
20,31,946.0,1028.4499999999998,60.23897435897434,39,0,931.0,961.0,961.0,931.0,1003.4499999999998,1053.4499999999998
20,32,976.0,1028.4499999999998,56.68724999999999,40,0,961.0,991.0,991.0,961.0,1003.4499999999998,1053.4499999999998
20,33,1006.0,1028.4499999999998,59.62888888888889,36,0,991.0,1021.0,1021.0,991.0,1003.4499999999998,1053.4499999999998
20,34,1036.0,1028.4499999999998,59.01027027027028,37,0,1021.0,1051.0,1051.0,1021.0,1003.4499999999998,1053.4499999999998
20,35,1066.0,1028.4499999999998,62.940999999999995,30,0,1051.0,1081.0,1081.0,1051.0,1003.4499999999998,1053.4499999999998
20,36,1096.0,1028.4499999999998,62.72222222222222,18,0,1081.0,1111.0,1111.0,1081.0,1003.4499999999998,1053.4499999999998
20,37,1126.0,1028.4499999999998,53.910681818181814,44,0,1111.0,1141.0,1141.0,1111.0,1003.4499999999998,1053.4499999999998
20,38,1156.0,1028.4499999999998,57.33206896551724,29,0,1141.0,1171.0,1171.0,1141.0,1003.4499999999998,1053.4499999999998
20,39,1186.0,1028.4499999999998,67.35538461538461,26,0,1171.0,1201.0,1201.0,1171.0,1003.4499999999998,1053.4499999999998
20,40,1216.0,1028.4499999999998,63.23600000000002,35,0,1201.0,1231.0,1231.0,1201.0,1003.4499999999998,1053.4499999999998
20,41,1246.0,1028.4499999999998,67.30874999999999,16,0,1231.0,1261.0,1261.0,1231.0,1003.4499999999998,1053.4499999999998
20,42,1276.0,1028.4499999999998,58.84714285714284,42,0,1261.0,1291.0,1291.0,1261.0,1003.4499999999998,1053.4499999999998
20,43,1306.0,1028.4499999999998,60.609444444444435,18,0,1291.0,1321.0,1321.0,1291.0,1003.4499999999998,1053.4499999999998
20,44,1336.0,1028.4499999999998,61.124583333333355,24,0,1321.0,1351.0,1351.0,1321.0,1003.4499999999998,1053.4499999999998
20,45,1366.0,1028.4499999999998,54.95052631578947,38,0,1351.0,1381.0,1381.0,1351.0,1003.4499999999998,1053.4499999999998
20,46,1396.0,1028.4499999999998,60.85454545454547,33,0,1381.0,1411.0,1411.0,1381.0,1003.4499999999998,1053.4499999999998
20,47,1426.0,1028.4499999999998,60.9754054054054,37,0,1411.0,1441.0,1441.0,1411.0,1003.4499999999998,1053.4499999999998
20,48,1456.0,1028.4499999999998,64.86633333333332,30,0,1441.0,1471.0,1471.0,1441.0,1003.4499999999998,1053.4499999999998
20,49,1486.0,1028.4499999999998,68.70700000000001,20,0,1471.0,1501.0,1501.0,1471.0,1003.4499999999998,1053.4499999999998
20,50,1516.0,1028.4499999999998,67.00380952380952,21,0,1501.0,1531.0,1531.0,1501.0,1003.4499999999998,1053.4499999999998
20,51,1546.0,1028.4499999999998,64.49666666666668,36,0,1531.0,1561.0,1561.0,1531.0,1003.4499999999998,1053.4499999999998
20,52,1576.0,1028.4499999999998,60.0922857142857,35,0,1561.0,1591.0,1591.0,1561.0,1003.4499999999998,1053.4499999999998
20,53,1606.0,1028.4499999999998,67.47588235294118,17,0,1591.0,1621.0,1621.0,1591.0,1003.4499999999998,1053.4499999999998
20,54,1636.0,1028.4499999999998,66.49115384615386,26,0,1621.0,1651.0,1651.0,1621.0,1003.4499999999998,1053.4499999999998
20,55,1666.0,1028.4499999999998,65.84285714285714,21,0,1651.0,1681.0,1681.0,1651.0,1003.4499999999998,1053.4499999999998
20,56,1696.0,1028.4499999999998,62.78631578947369,19,0,1681.0,1711.0,1711.0,1681.0,1003.4499999999998,1053.4499999999998
20,57,1726.0,1028.4499999999998,60.219,30,0,1711.0,1741.0,1741.0,1711.0,1003.4499999999998,1053.4499999999998
20,58,1756.0,1028.4499999999998,62.22500000000001,36,0,1741.0,1771.0,1771.0,1741.0,1003.4499999999998,1053.4499999999998
20,59,1786.0,1028.4499999999998,63.17290322580645,31,0,1771.0,1801.0,1801.0,1771.0,1003.4499999999998,1053.4499999999998
20,60,1816.0,1028.4499999999998,60.479523809523826,21,0,1801.0,1831.0,1831.0,1801.0,1003.4499999999998,1053.4499999999998
20,61,1846.0,1028.4499999999998,57.347647058823526,34,0,1831.0,1861.0,1861.0,1831.0,1003.4499999999998,1053.4499999999998
20,62,1876.0,1028.4499999999998,58.129999999999995,37,0,1861.0,1891.0,1891.0,1861.0,1003.4499999999998,1053.4499999999998
20,63,1906.0,1028.4499999999998,58.68655172413793,29,0,1891.0,1921.0,1921.0,1891.0,1003.4499999999998,1053.4499999999998
20,64,1936.0,1028.4499999999998,60.85344827586207,29,0,1921.0,1951.0,1951.0,1921.0,1003.4499999999998,1053.4499999999998
20,65,1966.0,1028.4499999999998,60.84095238095237,21,0,1951.0,1981.0,1981.0,1951.0,1003.4499999999998,1053.4499999999998
20,66,1996.0,1028.4499999999998,64.60928571428572,28,0,1981.0,2011.0,2011.0,1981.0,1003.4499999999998,1053.4499999999998
20,67,2026.0,1028.4499999999998,65.24,19,0,2011.0,2041.0,2041.0,2011.0,1003.4499999999998,1053.4499999999998
20,68,2056.0,1028.4499999999998,56.33264705882352,34,0,2041.0,2071.0,2071.0,2041.0,1003.4499999999998,1053.4499999999998
20,69,2086.0,1028.4499999999998,59.199285714285715,14,0,2071.0,2101.0,2101.0,2071.0,1003.4499999999998,1053.4499999999998
20,70,2116.0,1028.4499999999998,54.63772727272726,44,0,2101.0,2131.0,2131.0,2101.0,1003.4499999999998,1053.4499999999998
20,71,2146.0,1028.4499999999998,59.487647058823526,34,0,2131.0,2161.0,2161.0,2131.0,1003.4499999999998,1053.4499999999998
20,72,2176.0,1028.4499999999998,54.57874999999999,56,0,2161.0,2191.0,2191.0,2161.0,1003.4499999999998,1053.4499999999998
20,73,2206.0,1028.4499999999998,38.76622222222222,45,0,2191.0,2221.0,2221.0,2191.0,1003.4499999999998,1053.4499999999998
20,74,2236.0,1028.4499999999998,23.888510638297866,94,0,2221.0,2251.0,2251.0,2221.0,1003.4499999999998,1053.4499999999998
20,75,2266.0,1028.4499999999998,23.85032258064516,93,0,2251.0,2281.0,2281.0,2251.0,1003.4499999999998,1053.4499999999998
20,76,2296.0,1028.4499999999998,33.710422535211265,71,0,2281.0,2311.0,2311.0,2281.0,1003.4499999999998,1053.4499999999998
20,77,2326.0,1028.4499999999998,45.9648,25,0,2311.0,2341.0,2341.0,2311.0,1003.4499999999998,1053.4499999999998
20,78,2356.0,1028.4499999999998,39.59459016393444,61,0,2341.0,2371.0,2371.0,2341.0,1003.4499999999998,1053.4499999999998
20,79,2386.0,1028.4499999999998,35.72258620689656,58,0,2371.0,2401.0,2401.0,2371.0,1003.4499999999998,1053.4499999999998
20,80,2416.0,1028.4499999999998,43.32022222222222,45,0,2401.0,2431.0,2431.0,2401.0,1003.4499999999998,1053.4499999999998
20,81,2446.0,1028.4499999999998,26.272238805970158,67,0,2431.0,2461.0,2461.0,2431.0,1003.4499999999998,1053.4499999999998
20,82,2476.0,1028.4499999999998,18.64809278350515,97,0,2461.0,2491.0,2491.0,2461.0,1003.4499999999998,1053.4499999999998
20,83,2506.0,1028.4499999999998,32.73298245614035,57,0,2491.0,2521.0,2521.0,2491.0,1003.4499999999998,1053.4499999999998
20,84,2536.0,1028.4499999999998,31.31222222222221,72,0,2521.0,2551.0,2551.0,2521.0,1003.4499999999998,1053.4499999999998
20,85,2566.0,1028.4499999999998,17.54118644067797,118,0,2551.0,2581.0,2581.0,2551.0,1003.4499999999998,1053.4499999999998
20,86,2596.0,1028.4499999999998,28.675308641975295,81,0,2581.0,2611.0,2611.0,2581.0,1003.4499999999998,1053.4499999999998
20,87,2626.0,1028.4499999999998,34.03000000000001,64,0,2611.0,2641.0,2641.0,2611.0,1003.4499999999998,1053.4499999999998
20,88,2656.0,1028.4499999999998,28.99230769230769,65,0,2641.0,2671.0,2671.0,2641.0,1003.4499999999998,1053.4499999999998
20,89,2686.0,1028.4499999999998,16.56260869565217,92,0,2671.0,2701.0,2701.0,2671.0,1003.4499999999998,1053.4499999999998
20,90,2716.0,1028.4499999999998,20.90924050632911,79,0,2701.0,2731.0,2731.0,2701.0,1003.4499999999998,1053.4499999999998
20,91,2746.0,1028.4499999999998,36.30333333333335,48,0,2731.0,2761.0,2761.0,2731.0,1003.4499999999998,1053.4499999999998
20,92,2776.0,1028.4499999999998,44.496428571428574,28,0,2761.0,2791.0,2791.0,2761.0,1003.4499999999998,1053.4499999999998
20,93,2806.0,1028.4499999999998,36.533225806451625,62,0,2791.0,2821.0,2821.0,2791.0,1003.4499999999998,1053.4499999999998
20,94,2836.0,1028.4499999999998,29.875373134328346,67,0,2821.0,2851.0,2851.0,2821.0,1003.4499999999998,1053.4499999999998
20,95,2866.0,1028.4499999999998,25.94907894736842,76,0,2851.0,2881.0,2881.0,2851.0,1003.4499999999998,1053.4499999999998
20,96,2896.0,1028.4499999999998,21.92715686274509,102,0,2881.0,2911.0,2911.0,2881.0,1003.4499999999998,1053.4499999999998
20,97,2926.0,1028.4499999999998,16.371500000000005,100,0,2911.0,2941.0,2941.0,2911.0,1003.4499999999998,1053.4499999999998
20,98,2956.0,1028.4499999999998,15.860825688073394,109,0,2941.0,2971.0,2971.0,2941.0,1003.4499999999998,1053.4499999999998
20,99,2986.0,1028.4499999999998,13.488738738738743,111,0,2971.0,3001.0,3001.0,2971.0,1003.4499999999998,1053.4499999999998
20,100,3016.0,1028.4499999999998,21.514999999999997,94,0,3001.0,3031.0,3031.0,3001.0,1003.4499999999998,1053.4499999999998
20,101,3046.0,1028.4499999999998,21.315263157894734,95,0,3031.0,3061.0,3061.0,3031.0,1003.4499999999998,1053.4499999999998
20,102,3076.0,1028.4499999999998,19.388292682926824,82,0,3061.0,3091.0,3091.0,3061.0,1003.4499999999998,1053.4499999999998
20,103,3106.0,1028.4499999999998,18.09691489361702,94,0,3091.0,3121.0,3121.0,3091.0,1003.4499999999998,1053.4499999999998
20,104,3136.0,1028.4499999999998,15.043909090909093,110,0,3121.0,3151.0,3151.0,3121.0,1003.4499999999998,1053.4499999999998
20,105,3166.0,1028.4499999999998,14.943595505617973,89,0,3151.0,3181.0,3181.0,3151.0,1003.4499999999998,1053.4499999999998
20,106,3196.0,1028.4499999999998,16.335047619047618,105,0,3181.0,3211.0,3211.0,3181.0,1003.4499999999998,1053.4499999999998
20,107,3226.0,1028.4499999999998,14.968000000000002,115,0,3211.0,3241.0,3241.0,3211.0,1003.4499999999998,1053.4499999999998
20,108,3256.0,1028.4499999999998,17.444183673469386,98,0,3241.0,3271.0,3271.0,3241.0,1003.4499999999998,1053.4499999999998
20,109,3286.0,1028.4499999999998,17.407000000000007,90,0,3271.0,3301.0,3301.0,3271.0,1003.4499999999998,1053.4499999999998
20,110,3316.0,1028.4499999999998,22.2389247311828,93,0,3301.0,3331.0,3331.0,3301.0,1003.4499999999998,1053.4499999999998
20,111,3346.0,1028.4499999999998,14.487565217391305,115,0,3331.0,3361.0,3361.0,3331.0,1003.4499999999998,1053.4499999999998
20,112,3376.0,1028.4499999999998,13.96,101,0,3361.0,3391.0,3391.0,3361.0,1003.4499999999998,1053.4499999999998
20,113,3406.0,1028.4499999999998,15.58897727272727,88,0,3391.0,3421.0,3421.0,3391.0,1003.4499999999998,1053.4499999999998
20,114,3436.0,1028.4499999999998,11.609421487603303,121,0,3421.0,3451.0,3451.0,3421.0,1003.4499999999998,1053.4499999999998
20,115,3466.0,1028.4499999999998,16.410375,80,0,3451.0,3481.0,3481.0,3451.0,1003.4499999999998,1053.4499999999998
20,116,3496.0,1028.4499999999998,20.557757009345796,107,0,3481.0,3511.0,3511.0,3481.0,1003.4499999999998,1053.4499999999998
20,117,3526.0,1028.4499999999998,15.714811320754722,106,0,3511.0,3541.0,3541.0,3511.0,1003.4499999999998,1053.4499999999998
20,118,3556.0,1028.4499999999998,25.024567901234562,81,0,3541.0,3571.0,3571.0,3541.0,1003.4499999999998,1053.4499999999998
20,119,3586.0,1028.4499999999998,17.455899999999996,100,0,3571.0,3601.0,3601.0,3571.0,1003.4499999999998,1053.4499999999998
20,120,3616.0,1028.4499999999998,19.9411320754717,106,0,3601.0,3631.0,3631.0,3601.0,1003.4499999999998,1053.4499999999998
20,121,3646.0,1028.4499999999998,12.610421052631574,95,0,3631.0,3661.0,3661.0,3631.0,1003.4499999999998,1053.4499999999998
20,122,3676.0,1028.4499999999998,16.253365384615382,104,0,3661.0,3691.0,3691.0,3661.0,1003.4499999999998,1053.4499999999998
20,123,3706.0,1028.4499999999998,12.92605504587156,109,0,3691.0,3721.0,3721.0,3691.0,1003.4499999999998,1053.4499999999998
20,124,3736.0,1028.4499999999998,15.00844155844155,77,0,3721.0,3751.0,3751.0,3721.0,1003.4499999999998,1053.4499999999998
20,125,3766.0,1028.4499999999998,15.812499999999996,20,0,3751.0,3781.0,3781.0,3751.0,1003.4499999999998,1053.4499999999998
20,126,3796.0,1028.4499999999998,,0,0,3781.0,3811.0,3811.0,3781.0,1003.4499999999998,1053.4499999999998
20,127,3826.0,1028.4499999999998,,0,0,3811.0,3841.0,3841.0,3811.0,1003.4499999999998,1053.4499999999998
20,128,3856.0,1028.4499999999998,,0,0,3841.0,3871.0,3871.0,3841.0,1003.4499999999998,1053.4499999999998
20,129,3886.0,1028.4499999999998,,0,0,3871.0,3901.0,3901.0,3871.0,1003.4499999999998,1053.4499999999998
21,0,16.0,1078.4499999999998,57.318400000000004,25,0,1.0,31.0,31.0,1.0,1053.4499999999998,1103.4499999999998
21,1,46.0,1078.4499999999998,64.868,25,0,31.0,61.0,61.0,31.0,1053.4499999999998,1103.4499999999998
21,2,76.0,1078.4499999999998,64.83965517241377,29,0,61.0,91.0,91.0,61.0,1053.4499999999998,1103.4499999999998
21,3,106.0,1078.4499999999998,64.43875000000001,16,0,91.0,121.0,121.0,91.0,1053.4499999999998,1103.4499999999998
21,4,136.0,1078.4499999999998,62.6572,25,0,121.0,151.0,151.0,121.0,1053.4499999999998,1103.4499999999998
21,5,166.0,1078.4499999999998,56.73487179487179,39,0,151.0,181.0,181.0,151.0,1053.4499999999998,1103.4499999999998
21,6,196.0,1078.4499999999998,56.878611111111105,36,0,181.0,211.0,211.0,181.0,1053.4499999999998,1103.4499999999998
21,7,226.0,1078.4499999999998,74.50125,8,0,211.0,241.0,241.0,211.0,1053.4499999999998,1103.4499999999998
21,8,256.0,1078.4499999999998,63.76153846153848,26,0,241.0,271.0,271.0,241.0,1053.4499999999998,1103.4499999999998
21,9,286.0,1078.4499999999998,65.29823529411766,34,0,271.0,301.0,301.0,271.0,1053.4499999999998,1103.4499999999998
21,10,316.0,1078.4499999999998,62.62333333333334,24,0,301.0,331.0,331.0,301.0,1053.4499999999998,1103.4499999999998
21,11,346.0,1078.4499999999998,60.391304347826086,23,0,331.0,361.0,361.0,331.0,1053.4499999999998,1103.4499999999998
21,12,376.0,1078.4499999999998,58.56170731707318,41,0,361.0,391.0,391.0,361.0,1053.4499999999998,1103.4499999999998
21,13,406.0,1078.4499999999998,71.02785714285714,14,0,391.0,421.0,421.0,391.0,1053.4499999999998,1103.4499999999998
21,14,436.0,1078.4499999999998,64.00150000000001,20,0,421.0,451.0,451.0,421.0,1053.4499999999998,1103.4499999999998
21,15,466.0,1078.4499999999998,68.93956521739129,23,0,451.0,481.0,481.0,451.0,1053.4499999999998,1103.4499999999998
21,16,496.0,1078.4499999999998,58.702200000000005,50,0,481.0,511.0,511.0,481.0,1053.4499999999998,1103.4499999999998
21,17,526.0,1078.4499999999998,60.16710526315788,38,0,511.0,541.0,541.0,511.0,1053.4499999999998,1103.4499999999998
21,18,556.0,1078.4499999999998,63.081904761904774,21,0,541.0,571.0,571.0,541.0,1053.4499999999998,1103.4499999999998
21,19,586.0,1078.4499999999998,69.46733333333333,15,0,571.0,601.0,601.0,571.0,1053.4499999999998,1103.4499999999998
21,20,616.0,1078.4499999999998,60.373333333333335,33,0,601.0,631.0,631.0,601.0,1053.4499999999998,1103.4499999999998
21,21,646.0,1078.4499999999998,59.92322580645162,31,0,631.0,661.0,661.0,631.0,1053.4499999999998,1103.4499999999998
21,22,676.0,1078.4499999999998,61.442068965517244,29,0,661.0,691.0,691.0,661.0,1053.4499999999998,1103.4499999999998
21,23,706.0,1078.4499999999998,60.08916666666667,36,0,691.0,721.0,721.0,691.0,1053.4499999999998,1103.4499999999998
21,24,736.0,1078.4499999999998,65.3038095238095,21,0,721.0,751.0,751.0,721.0,1053.4499999999998,1103.4499999999998
21,25,766.0,1078.4499999999998,65.29636363636362,22,0,751.0,781.0,781.0,751.0,1053.4499999999998,1103.4499999999998
21,26,796.0,1078.4499999999998,62.0514705882353,34,0,781.0,811.0,811.0,781.0,1053.4499999999998,1103.4499999999998
21,27,826.0,1078.4499999999998,56.378518518518526,27,0,811.0,841.0,841.0,811.0,1053.4499999999998,1103.4499999999998
21,28,856.0,1078.4499999999998,60.89552631578948,38,0,841.0,871.0,871.0,841.0,1053.4499999999998,1103.4499999999998
21,29,886.0,1078.4499999999998,60.151428571428575,35,0,871.0,901.0,901.0,871.0,1053.4499999999998,1103.4499999999998
21,30,916.0,1078.4499999999998,57.9751219512195,41,0,901.0,931.0,931.0,901.0,1053.4499999999998,1103.4499999999998
21,31,946.0,1078.4499999999998,61.13777777777779,36,0,931.0,961.0,961.0,931.0,1053.4499999999998,1103.4499999999998
21,32,976.0,1078.4499999999998,57.16666666666668,36,0,961.0,991.0,991.0,961.0,1053.4499999999998,1103.4499999999998
21,33,1006.0,1078.4499999999998,56.25309523809523,42,0,991.0,1021.0,1021.0,991.0,1053.4499999999998,1103.4499999999998
21,34,1036.0,1078.4499999999998,55.26972972972972,37,0,1021.0,1051.0,1051.0,1021.0,1053.4499999999998,1103.4499999999998
21,35,1066.0,1078.4499999999998,61.3009375,32,0,1051.0,1081.0,1081.0,1051.0,1053.4499999999998,1103.4499999999998
21,36,1096.0,1078.4499999999998,56.7976,25,0,1081.0,1111.0,1111.0,1081.0,1053.4499999999998,1103.4499999999998
21,37,1126.0,1078.4499999999998,45.25641025641026,39,0,1111.0,1141.0,1141.0,1111.0,1053.4499999999998,1103.4499999999998
21,38,1156.0,1078.4499999999998,45.96360000000001,50,0,1141.0,1171.0,1171.0,1141.0,1053.4499999999998,1103.4499999999998
21,39,1186.0,1078.4499999999998,65.58238095238096,21,0,1171.0,1201.0,1201.0,1171.0,1053.4499999999998,1103.4499999999998
21,40,1216.0,1078.4499999999998,64.73823529411766,34,0,1201.0,1231.0,1231.0,1201.0,1053.4499999999998,1103.4499999999998
21,41,1246.0,1078.4499999999998,61.27583333333334,24,0,1231.0,1261.0,1261.0,1231.0,1053.4499999999998,1103.4499999999998
21,42,1276.0,1078.4499999999998,57.986216216216214,37,0,1261.0,1291.0,1291.0,1261.0,1053.4499999999998,1103.4499999999998
21,43,1306.0,1078.4499999999998,61.824999999999996,18,0,1291.0,1321.0,1321.0,1291.0,1053.4499999999998,1103.4499999999998
21,44,1336.0,1078.4499999999998,61.35923076923076,26,0,1321.0,1351.0,1351.0,1321.0,1053.4499999999998,1103.4499999999998
21,45,1366.0,1078.4499999999998,55.85953488372094,43,0,1351.0,1381.0,1381.0,1351.0,1053.4499999999998,1103.4499999999998
21,46,1396.0,1078.4499999999998,58.42058823529412,34,0,1381.0,1411.0,1411.0,1381.0,1053.4499999999998,1103.4499999999998
21,47,1426.0,1078.4499999999998,60.80550000000001,40,0,1411.0,1441.0,1441.0,1411.0,1053.4499999999998,1103.4499999999998
21,48,1456.0,1078.4499999999998,62.529393939393934,33,0,1441.0,1471.0,1471.0,1441.0,1053.4499999999998,1103.4499999999998
21,49,1486.0,1078.4499999999998,69.19565217391303,23,0,1471.0,1501.0,1501.0,1471.0,1053.4499999999998,1103.4499999999998
21,50,1516.0,1078.4499999999998,67.16125000000001,24,0,1501.0,1531.0,1531.0,1501.0,1053.4499999999998,1103.4499999999998
21,51,1546.0,1078.4499999999998,64.9062857142857,35,0,1531.0,1561.0,1561.0,1531.0,1053.4499999999998,1103.4499999999998
21,52,1576.0,1078.4499999999998,60.32542857142857,35,0,1561.0,1591.0,1591.0,1561.0,1053.4499999999998,1103.4499999999998
21,53,1606.0,1078.4499999999998,64.35884615384614,26,0,1591.0,1621.0,1621.0,1591.0,1053.4499999999998,1103.4499999999998
21,54,1636.0,1078.4499999999998,66.92346153846155,26,0,1621.0,1651.0,1651.0,1621.0,1053.4499999999998,1103.4499999999998
21,55,1666.0,1078.4499999999998,69.995,20,0,1651.0,1681.0,1681.0,1651.0,1053.4499999999998,1103.4499999999998
21,56,1696.0,1078.4499999999998,61.48655172413793,29,0,1681.0,1711.0,1711.0,1681.0,1053.4499999999998,1103.4499999999998
21,57,1726.0,1078.4499999999998,59.555,26,0,1711.0,1741.0,1741.0,1711.0,1053.4499999999998,1103.4499999999998
21,58,1756.0,1078.4499999999998,62.087105263157895,38,0,1741.0,1771.0,1771.0,1741.0,1053.4499999999998,1103.4499999999998
21,59,1786.0,1078.4499999999998,62.999999999999986,36,0,1771.0,1801.0,1801.0,1771.0,1053.4499999999998,1103.4499999999998
21,60,1816.0,1078.4499999999998,59.66050000000003,20,0,1801.0,1831.0,1831.0,1801.0,1053.4499999999998,1103.4499999999998
21,61,1846.0,1078.4499999999998,56.76282051282051,39,0,1831.0,1861.0,1861.0,1831.0,1053.4499999999998,1103.4499999999998
21,62,1876.0,1078.4499999999998,58.13606060606061,33,0,1861.0,1891.0,1891.0,1861.0,1053.4499999999998,1103.4499999999998
21,63,1906.0,1078.4499999999998,56.96967741935483,31,0,1891.0,1921.0,1921.0,1891.0,1053.4499999999998,1103.4499999999998
21,64,1936.0,1078.4499999999998,57.892571428571436,35,0,1921.0,1951.0,1951.0,1921.0,1053.4499999999998,1103.4499999999998
21,65,1966.0,1078.4499999999998,59.6575,24,0,1951.0,1981.0,1981.0,1951.0,1053.4499999999998,1103.4499999999998
21,66,1996.0,1078.4499999999998,61.9913,25,0,1981.0,2011.0,2011.0,1981.0,1053.4499999999998,1103.4499999999998
21,67,2026.0,1078.4499999999998,68.465625,16,0,2011.0,2041.0,2041.0,2011.0,1053.4499999999998,1103.4499999999998
21,68,2056.0,1078.4499999999998,56.27325000000002,40,0,2041.0,2071.0,2071.0,2041.0,1053.4499999999998,1103.4499999999998
21,69,2086.0,1078.4499999999998,57.49000000000001,18,0,2071.0,2101.0,2101.0,2071.0,1053.4499999999998,1103.4499999999998
21,70,2116.0,1078.4499999999998,52.958809523809514,42,0,2101.0,2131.0,2131.0,2101.0,1053.4499999999998,1103.4499999999998
21,71,2146.0,1078.4499999999998,55.93560975609754,41,0,2131.0,2161.0,2161.0,2131.0,1053.4499999999998,1103.4499999999998
21,72,2176.0,1078.4499999999998,40.47468750000001,64,0,2161.0,2191.0,2191.0,2161.0,1053.4499999999998,1103.4499999999998
21,73,2206.0,1078.4499999999998,24.67599999999999,70,0,2191.0,2221.0,2221.0,2191.0,1053.4499999999998,1103.4499999999998
21,74,2236.0,1078.4499999999998,22.13012195121951,82,0,2221.0,2251.0,2251.0,2221.0,1053.4499999999998,1103.4499999999998
21,75,2266.0,1078.4499999999998,27.239764705882347,85,0,2251.0,2281.0,2281.0,2251.0,1053.4499999999998,1103.4499999999998
21,76,2296.0,1078.4499999999998,29.35649999999999,80,0,2281.0,2311.0,2311.0,2281.0,1053.4499999999998,1103.4499999999998
21,77,2326.0,1078.4499999999998,37.424411764705894,34,0,2311.0,2341.0,2341.0,2311.0,1053.4499999999998,1103.4499999999998
21,78,2356.0,1078.4499999999998,35.34234375000002,64,0,2341.0,2371.0,2371.0,2341.0,1053.4499999999998,1103.4499999999998
21,79,2386.0,1078.4499999999998,29.30704225352112,71,0,2371.0,2401.0,2401.0,2371.0,1053.4499999999998,1103.4499999999998
21,80,2416.0,1078.4499999999998,29.655081967213118,61,0,2401.0,2431.0,2431.0,2401.0,1053.4499999999998,1103.4499999999998
21,81,2446.0,1078.4499999999998,17.537011494252877,87,0,2431.0,2461.0,2461.0,2431.0,1053.4499999999998,1103.4499999999998
21,82,2476.0,1078.4499999999998,25.178732394366193,71,0,2461.0,2491.0,2491.0,2461.0,1053.4499999999998,1103.4499999999998
21,83,2506.0,1078.4499999999998,30.009420289855075,69,0,2491.0,2521.0,2521.0,2491.0,1053.4499999999998,1103.4499999999998
21,84,2536.0,1078.4499999999998,23.274999999999995,80,0,2521.0,2551.0,2551.0,2521.0,1053.4499999999998,1103.4499999999998
21,85,2566.0,1078.4499999999998,21.003684210526316,95,0,2551.0,2581.0,2581.0,2551.0,1053.4499999999998,1103.4499999999998
21,86,2596.0,1078.4499999999998,28.853690476190465,84,0,2581.0,2611.0,2611.0,2581.0,1053.4499999999998,1103.4499999999998
21,87,2626.0,1078.4499999999998,23.95480519480519,77,0,2611.0,2641.0,2641.0,2611.0,1053.4499999999998,1103.4499999999998
21,88,2656.0,1078.4499999999998,20.144024390243896,82,0,2641.0,2671.0,2671.0,2641.0,1053.4499999999998,1103.4499999999998
21,89,2686.0,1078.4499999999998,20.647176470588228,85,0,2671.0,2701.0,2701.0,2671.0,1053.4499999999998,1103.4499999999998
21,90,2716.0,1078.4499999999998,25.81015384615385,65,0,2701.0,2731.0,2731.0,2701.0,1053.4499999999998,1103.4499999999998
21,91,2746.0,1078.4499999999998,25.314615384615383,65,0,2731.0,2761.0,2761.0,2731.0,1053.4499999999998,1103.4499999999998
21,92,2776.0,1078.4499999999998,40.29586206896552,29,0,2761.0,2791.0,2791.0,2761.0,1053.4499999999998,1103.4499999999998
21,93,2806.0,1078.4499999999998,35.919365079365086,63,0,2791.0,2821.0,2821.0,2791.0,1053.4499999999998,1103.4499999999998
21,94,2836.0,1078.4499999999998,28.232571428571436,70,0,2821.0,2851.0,2851.0,2821.0,1053.4499999999998,1103.4499999999998
21,95,2866.0,1078.4499999999998,22.853055555555567,72,0,2851.0,2881.0,2881.0,2851.0,1053.4499999999998,1103.4499999999998
21,96,2896.0,1078.4499999999998,21.205319148936177,94,0,2881.0,2911.0,2911.0,2881.0,1053.4499999999998,1103.4499999999998
21,97,2926.0,1078.4499999999998,17.580941176470585,85,0,2911.0,2941.0,2941.0,2911.0,1053.4499999999998,1103.4499999999998
21,98,2956.0,1078.4499999999998,18.553908045977014,87,0,2941.0,2971.0,2971.0,2941.0,1053.4499999999998,1103.4499999999998
21,99,2986.0,1078.4499999999998,18.944675324675323,77,0,2971.0,3001.0,3001.0,2971.0,1053.4499999999998,1103.4499999999998
21,100,3016.0,1078.4499999999998,25.272857142857138,84,0,3001.0,3031.0,3031.0,3001.0,1053.4499999999998,1103.4499999999998
21,101,3046.0,1078.4499999999998,23.267733333333336,75,0,3031.0,3061.0,3061.0,3031.0,1053.4499999999998,1103.4499999999998
21,102,3076.0,1078.4499999999998,19.519726027397258,73,0,3061.0,3091.0,3091.0,3061.0,1053.4499999999998,1103.4499999999998
21,103,3106.0,1078.4499999999998,18.917261904761897,84,0,3091.0,3121.0,3121.0,3091.0,1053.4499999999998,1103.4499999999998
21,104,3136.0,1078.4499999999998,13.43840336134453,119,0,3121.0,3151.0,3151.0,3121.0,1053.4499999999998,1103.4499999999998
21,105,3166.0,1078.4499999999998,18.062045454545448,88,0,3151.0,3181.0,3181.0,3151.0,1053.4499999999998,1103.4499999999998
21,106,3196.0,1078.4499999999998,20.15416666666667,72,0,3181.0,3211.0,3211.0,3181.0,1053.4499999999998,1103.4499999999998
21,107,3226.0,1078.4499999999998,20.217411764705876,85,0,3211.0,3241.0,3241.0,3211.0,1053.4499999999998,1103.4499999999998
21,108,3256.0,1078.4499999999998,21.939411764705884,85,0,3241.0,3271.0,3271.0,3241.0,1053.4499999999998,1103.4499999999998
21,109,3286.0,1078.4499999999998,22.730136986301368,73,0,3271.0,3301.0,3301.0,3271.0,1053.4499999999998,1103.4499999999998
21,110,3316.0,1078.4499999999998,23.365862068965512,87,0,3301.0,3331.0,3331.0,3301.0,1053.4499999999998,1103.4499999999998
21,111,3346.0,1078.4499999999998,16.473137254901964,102,0,3331.0,3361.0,3361.0,3331.0,1053.4499999999998,1103.4499999999998
21,112,3376.0,1078.4499999999998,17.66106666666666,75,0,3361.0,3391.0,3391.0,3361.0,1053.4499999999998,1103.4499999999998
21,113,3406.0,1078.4499999999998,17.798607594936712,79,0,3391.0,3421.0,3421.0,3391.0,1053.4499999999998,1103.4499999999998
21,114,3436.0,1078.4499999999998,13.901203703703708,108,0,3421.0,3451.0,3451.0,3421.0,1053.4499999999998,1103.4499999999998
21,115,3466.0,1078.4499999999998,22.0831884057971,69,0,3451.0,3481.0,3481.0,3451.0,1053.4499999999998,1103.4499999999998
21,116,3496.0,1078.4499999999998,16.372522522522516,111,0,3481.0,3511.0,3511.0,3481.0,1053.4499999999998,1103.4499999999998
21,117,3526.0,1078.4499999999998,25.816666666666677,75,0,3511.0,3541.0,3541.0,3511.0,1053.4499999999998,1103.4499999999998
21,118,3556.0,1078.4499999999998,23.413253012048198,83,0,3541.0,3571.0,3571.0,3541.0,1053.4499999999998,1103.4499999999998
21,119,3586.0,1078.4499999999998,16.625789473684208,114,0,3571.0,3601.0,3601.0,3571.0,1053.4499999999998,1103.4499999999998
21,120,3616.0,1078.4499999999998,17.054900000000007,100,0,3601.0,3631.0,3631.0,3601.0,1053.4499999999998,1103.4499999999998
21,121,3646.0,1078.4499999999998,21.320123456790117,81,0,3631.0,3661.0,3661.0,3631.0,1053.4499999999998,1103.4499999999998
21,122,3676.0,1078.4499999999998,15.741847826086959,92,0,3661.0,3691.0,3691.0,3661.0,1053.4499999999998,1103.4499999999998
21,123,3706.0,1078.4499999999998,13.33762376237624,101,0,3691.0,3721.0,3721.0,3691.0,1053.4499999999998,1103.4499999999998
21,124,3736.0,1078.4499999999998,17.922345679012356,81,0,3721.0,3751.0,3751.0,3721.0,1053.4499999999998,1103.4499999999998
21,125,3766.0,1078.4499999999998,20.794516129032253,31,0,3751.0,3781.0,3781.0,3751.0,1053.4499999999998,1103.4499999999998
21,126,3796.0,1078.4499999999998,,0,0,3781.0,3811.0,3811.0,3781.0,1053.4499999999998,1103.4499999999998
21,127,3826.0,1078.4499999999998,,0,0,3811.0,3841.0,3841.0,3811.0,1053.4499999999998,1103.4499999999998
21,128,3856.0,1078.4499999999998,,0,0,3841.0,3871.0,3871.0,3841.0,1053.4499999999998,1103.4499999999998
21,129,3886.0,1078.4499999999998,,0,0,3871.0,3901.0,3901.0,3871.0,1053.4499999999998,1103.4499999999998
22,0,16.0,1128.4499999999998,52.719285714285704,28,0,1.0,31.0,31.0,1.0,1103.4499999999998,1153.4499999999998
22,1,46.0,1128.4499999999998,61.62423076923078,26,0,31.0,61.0,61.0,31.0,1103.4499999999998,1153.4499999999998
22,2,76.0,1128.4499999999998,63.277,30,0,61.0,91.0,91.0,61.0,1103.4499999999998,1153.4499999999998
22,3,106.0,1128.4499999999998,65.16933333333334,15,0,91.0,121.0,121.0,91.0,1103.4499999999998,1153.4499999999998
22,4,136.0,1128.4499999999998,62.24750000000002,20,0,121.0,151.0,151.0,121.0,1103.4499999999998,1153.4499999999998
22,5,166.0,1128.4499999999998,49.895625,48,0,151.0,181.0,181.0,151.0,1103.4499999999998,1153.4499999999998
22,6,196.0,1128.4499999999998,53.171315789473674,38,0,181.0,211.0,211.0,181.0,1103.4499999999998,1153.4499999999998
22,7,226.0,1128.4499999999998,69.05454545454546,11,0,211.0,241.0,241.0,211.0,1103.4499999999998,1153.4499999999998
22,8,256.0,1128.4499999999998,63.294230769230765,26,0,241.0,271.0,271.0,241.0,1103.4499999999998,1153.4499999999998
22,9,286.0,1128.4499999999998,64.76735294117647,34,0,271.0,301.0,301.0,271.0,1103.4499999999998,1153.4499999999998
22,10,316.0,1128.4499999999998,62.53095238095237,21,0,301.0,331.0,331.0,301.0,1103.4499999999998,1153.4499999999998
22,11,346.0,1128.4499999999998,60.628750000000004,24,0,331.0,361.0,361.0,331.0,1103.4499999999998,1153.4499999999998
22,12,376.0,1128.4499999999998,57.543076923076946,39,0,361.0,391.0,391.0,361.0,1103.4499999999998,1153.4499999999998
22,13,406.0,1128.4499999999998,66.24722222222222,18,0,391.0,421.0,421.0,391.0,1103.4499999999998,1153.4499999999998
22,14,436.0,1128.4499999999998,63.61133333333335,15,0,421.0,451.0,451.0,421.0,1103.4499999999998,1153.4499999999998
22,15,466.0,1128.4499999999998,66.69500000000001,22,0,451.0,481.0,481.0,451.0,1103.4499999999998,1153.4499999999998
22,16,496.0,1128.4499999999998,57.64261904761904,42,0,481.0,511.0,511.0,481.0,1103.4499999999998,1153.4499999999998
22,17,526.0,1128.4499999999998,56.10318181818181,44,0,511.0,541.0,541.0,511.0,1103.4499999999998,1153.4499999999998
22,18,556.0,1128.4499999999998,58.37458333333333,24,0,541.0,571.0,571.0,541.0,1103.4499999999998,1153.4499999999998
22,19,586.0,1128.4499999999998,67.68849999999999,20,0,571.0,601.0,601.0,571.0,1103.4499999999998,1153.4499999999998
22,20,616.0,1128.4499999999998,59.163,30,0,601.0,631.0,631.0,601.0,1103.4499999999998,1153.4499999999998
22,21,646.0,1128.4499999999998,58.608918918918924,37,0,631.0,661.0,661.0,631.0,1103.4499999999998,1153.4499999999998
22,22,676.0,1128.4499999999998,60.86999999999999,28,0,661.0,691.0,691.0,661.0,1103.4499999999998,1153.4499999999998
22,23,706.0,1128.4499999999998,55.77232558139536,43,0,691.0,721.0,721.0,691.0,1103.4499999999998,1153.4499999999998
22,24,736.0,1128.4499999999998,63.82769230769232,26,0,721.0,751.0,751.0,721.0,1103.4499999999998,1153.4499999999998
22,25,766.0,1128.4499999999998,64.64259259259259,27,0,751.0,781.0,781.0,751.0,1103.4499999999998,1153.4499999999998
22,26,796.0,1128.4499999999998,61.175172413793085,29,0,781.0,811.0,811.0,781.0,1103.4499999999998,1153.4499999999998
22,27,826.0,1128.4499999999998,57.892857142857146,21,0,811.0,841.0,841.0,811.0,1103.4499999999998,1153.4499999999998
22,28,856.0,1128.4499999999998,57.71044444444443,45,0,841.0,871.0,871.0,841.0,1103.4499999999998,1153.4499999999998
22,29,886.0,1128.4499999999998,59.135714285714286,35,0,871.0,901.0,901.0,871.0,1103.4499999999998,1153.4499999999998
22,30,916.0,1128.4499999999998,55.341333333333324,45,0,901.0,931.0,931.0,901.0,1103.4499999999998,1153.4499999999998
22,31,946.0,1128.4499999999998,61.512820512820504,39,0,931.0,961.0,961.0,931.0,1103.4499999999998,1153.4499999999998
22,32,976.0,1128.4499999999998,56.966388888888886,36,0,961.0,991.0,991.0,961.0,1103.4499999999998,1153.4499999999998
22,33,1006.0,1128.4499999999998,52.69022222222223,45,0,991.0,1021.0,1021.0,991.0,1103.4499999999998,1153.4499999999998
22,34,1036.0,1128.4499999999998,48.77292682926829,41,0,1021.0,1051.0,1051.0,1021.0,1103.4499999999998,1153.4499999999998
22,35,1066.0,1128.4499999999998,56.32162162162161,37,0,1051.0,1081.0,1081.0,1051.0,1103.4499999999998,1153.4499999999998
22,36,1096.0,1128.4499999999998,51.907272727272726,22,0,1081.0,1111.0,1111.0,1081.0,1103.4499999999998,1153.4499999999998
22,37,1126.0,1128.4499999999998,44.322250000000004,40,0,1111.0,1141.0,1141.0,1111.0,1103.4499999999998,1153.4499999999998
22,38,1156.0,1128.4499999999998,40.085818181818176,55,0,1141.0,1171.0,1171.0,1141.0,1103.4499999999998,1153.4499999999998
22,39,1186.0,1128.4499999999998,54.72458333333333,24,0,1171.0,1201.0,1201.0,1171.0,1103.4499999999998,1153.4499999999998
22,40,1216.0,1128.4499999999998,65.74457142857143,35,0,1201.0,1231.0,1231.0,1201.0,1103.4499999999998,1153.4499999999998
22,41,1246.0,1128.4499999999998,55.49793103448276,29,0,1231.0,1261.0,1261.0,1231.0,1103.4499999999998,1153.4499999999998
22,42,1276.0,1128.4499999999998,56.74088888888888,45,0,1261.0,1291.0,1291.0,1261.0,1103.4499999999998,1153.4499999999998
22,43,1306.0,1128.4499999999998,60.549285714285716,14,0,1291.0,1321.0,1321.0,1291.0,1103.4499999999998,1153.4499999999998
22,44,1336.0,1128.4499999999998,60.633666666666656,30,0,1321.0,1351.0,1351.0,1321.0,1103.4499999999998,1153.4499999999998
22,45,1366.0,1128.4499999999998,56.44659090909092,44,0,1351.0,1381.0,1381.0,1351.0,1103.4499999999998,1153.4499999999998
22,46,1396.0,1128.4499999999998,56.30727272727271,33,0,1381.0,1411.0,1411.0,1381.0,1103.4499999999998,1153.4499999999998
22,47,1426.0,1128.4499999999998,60.67054054054055,37,0,1411.0,1441.0,1441.0,1411.0,1103.4499999999998,1153.4499999999998
22,48,1456.0,1128.4499999999998,61.19,33,0,1441.0,1471.0,1471.0,1441.0,1103.4499999999998,1153.4499999999998
22,49,1486.0,1128.4499999999998,66.99217391304347,23,0,1471.0,1501.0,1501.0,1471.0,1103.4499999999998,1153.4499999999998
22,50,1516.0,1128.4499999999998,66.99428571428572,21,0,1501.0,1531.0,1531.0,1501.0,1103.4499999999998,1153.4499999999998
22,51,1546.0,1128.4499999999998,64.45393939393941,33,0,1531.0,1561.0,1561.0,1531.0,1103.4499999999998,1153.4499999999998
22,52,1576.0,1128.4499999999998,61.14096774193548,31,0,1561.0,1591.0,1591.0,1561.0,1103.4499999999998,1153.4499999999998
22,53,1606.0,1128.4499999999998,62.63741935483871,31,0,1591.0,1621.0,1621.0,1591.0,1103.4499999999998,1153.4499999999998
22,54,1636.0,1128.4499999999998,66.954,25,0,1621.0,1651.0,1651.0,1621.0,1103.4499999999998,1153.4499999999998
22,55,1666.0,1128.4499999999998,72.166,15,0,1651.0,1681.0,1681.0,1651.0,1103.4499999999998,1153.4499999999998
22,56,1696.0,1128.4499999999998,60.928124999999994,32,0,1681.0,1711.0,1711.0,1681.0,1103.4499999999998,1153.4499999999998
22,57,1726.0,1128.4499999999998,59.60520000000001,25,0,1711.0,1741.0,1741.0,1711.0,1103.4499999999998,1153.4499999999998
22,58,1756.0,1128.4499999999998,62.73027777777778,36,0,1741.0,1771.0,1771.0,1741.0,1103.4499999999998,1153.4499999999998
22,59,1786.0,1128.4499999999998,62.64676470588235,34,0,1771.0,1801.0,1801.0,1771.0,1103.4499999999998,1153.4499999999998
22,60,1816.0,1128.4499999999998,60.41166666666666,24,0,1801.0,1831.0,1831.0,1801.0,1103.4499999999998,1153.4499999999998
22,61,1846.0,1128.4499999999998,54.892857142857146,42,0,1831.0,1861.0,1861.0,1831.0,1103.4499999999998,1153.4499999999998
22,62,1876.0,1128.4499999999998,59.39913043478261,23,0,1861.0,1891.0,1891.0,1861.0,1103.4499999999998,1153.4499999999998
22,63,1906.0,1128.4499999999998,53.59829268292683,41,0,1891.0,1921.0,1921.0,1891.0,1103.4499999999998,1153.4499999999998
22,64,1936.0,1128.4499999999998,53.91823529411765,34,0,1921.0,1951.0,1951.0,1921.0,1103.4499999999998,1153.4499999999998
22,65,1966.0,1128.4499999999998,57.84000000000001,22,0,1951.0,1981.0,1981.0,1951.0,1103.4499999999998,1153.4499999999998
22,66,1996.0,1128.4499999999998,58.4674193548387,31,0,1981.0,2011.0,2011.0,1981.0,1103.4499999999998,1153.4499999999998
22,67,2026.0,1128.4499999999998,68.78615384615385,13,0,2011.0,2041.0,2041.0,2011.0,1103.4499999999998,1153.4499999999998
22,68,2056.0,1128.4499999999998,55.11815789473685,38,0,2041.0,2071.0,2071.0,2041.0,1103.4499999999998,1153.4499999999998
22,69,2086.0,1128.4499999999998,53.91956521739131,23,0,2071.0,2101.0,2101.0,2071.0,1103.4499999999998,1153.4499999999998
22,70,2116.0,1128.4499999999998,49.84552631578947,38,0,2101.0,2131.0,2131.0,2101.0,1103.4499999999998,1153.4499999999998
22,71,2146.0,1128.4499999999998,50.69215686274512,51,0,2131.0,2161.0,2161.0,2131.0,1103.4499999999998,1153.4499999999998
22,72,2176.0,1128.4499999999998,31.695142857142862,70,0,2161.0,2191.0,2191.0,2161.0,1103.4499999999998,1153.4499999999998
22,73,2206.0,1128.4499999999998,19.772307692307688,91,0,2191.0,2221.0,2221.0,2191.0,1103.4499999999998,1153.4499999999998
22,74,2236.0,1128.4499999999998,27.290937499999995,64,0,2221.0,2251.0,2251.0,2221.0,1103.4499999999998,1153.4499999999998
22,75,2266.0,1128.4499999999998,32.53053333333332,75,0,2251.0,2281.0,2281.0,2251.0,1103.4499999999998,1153.4499999999998
22,76,2296.0,1128.4499999999998,33.16657534246575,73,0,2281.0,2311.0,2311.0,2281.0,1103.4499999999998,1153.4499999999998
22,77,2326.0,1128.4499999999998,35.33690476190476,42,0,2311.0,2341.0,2341.0,2311.0,1103.4499999999998,1153.4499999999998
22,78,2356.0,1128.4499999999998,35.96699999999999,50,0,2341.0,2371.0,2371.0,2341.0,1103.4499999999998,1153.4499999999998
22,79,2386.0,1128.4499999999998,25.301590909090898,88,0,2371.0,2401.0,2401.0,2371.0,1103.4499999999998,1153.4499999999998
22,80,2416.0,1128.4499999999998,16.373200000000004,100,0,2401.0,2431.0,2431.0,2401.0,1103.4499999999998,1153.4499999999998
22,81,2446.0,1128.4499999999998,20.637083333333333,72,0,2431.0,2461.0,2461.0,2431.0,1103.4499999999998,1153.4499999999998
22,82,2476.0,1128.4499999999998,32.901896551724136,58,0,2461.0,2491.0,2491.0,2461.0,1103.4499999999998,1153.4499999999998
22,83,2506.0,1128.4499999999998,31.16650793650792,63,0,2491.0,2521.0,2521.0,2491.0,1103.4499999999998,1153.4499999999998
22,84,2536.0,1128.4499999999998,27.606666666666673,63,0,2521.0,2551.0,2551.0,2521.0,1103.4499999999998,1153.4499999999998
22,85,2566.0,1128.4499999999998,27.38213333333334,75,0,2551.0,2581.0,2581.0,2551.0,1103.4499999999998,1153.4499999999998
22,86,2596.0,1128.4499999999998,33.99455882352942,68,0,2581.0,2611.0,2611.0,2581.0,1103.4499999999998,1153.4499999999998
22,87,2626.0,1128.4499999999998,22.42746987951806,83,0,2611.0,2641.0,2641.0,2611.0,1103.4499999999998,1153.4499999999998
22,88,2656.0,1128.4499999999998,18.635937500000008,96,0,2641.0,2671.0,2671.0,2641.0,1103.4499999999998,1153.4499999999998
22,89,2686.0,1128.4499999999998,25.52283333333333,60,0,2671.0,2701.0,2701.0,2671.0,1103.4499999999998,1153.4499999999998
22,90,2716.0,1128.4499999999998,26.101304347826087,69,0,2701.0,2731.0,2731.0,2701.0,1103.4499999999998,1153.4499999999998
22,91,2746.0,1128.4499999999998,26.194307692307696,65,0,2731.0,2761.0,2761.0,2731.0,1103.4499999999998,1153.4499999999998
22,92,2776.0,1128.4499999999998,36.062894736842104,38,0,2761.0,2791.0,2791.0,2761.0,1103.4499999999998,1153.4499999999998
22,93,2806.0,1128.4499999999998,35.20857142857143,56,0,2791.0,2821.0,2821.0,2791.0,1103.4499999999998,1153.4499999999998
22,94,2836.0,1128.4499999999998,28.408529411764707,68,0,2821.0,2851.0,2851.0,2821.0,1103.4499999999998,1153.4499999999998
22,95,2866.0,1128.4499999999998,27.35031746031746,63,0,2851.0,2881.0,2881.0,2851.0,1103.4499999999998,1153.4499999999998
22,96,2896.0,1128.4499999999998,26.686764705882347,68,0,2881.0,2911.0,2911.0,2881.0,1103.4499999999998,1153.4499999999998
22,97,2926.0,1128.4499999999998,19.02455555555556,90,0,2911.0,2941.0,2941.0,2911.0,1103.4499999999998,1153.4499999999998
22,98,2956.0,1128.4499999999998,17.262696629213483,89,0,2941.0,2971.0,2971.0,2941.0,1103.4499999999998,1153.4499999999998
22,99,2986.0,1128.4499999999998,25.313559322033896,59,0,2971.0,3001.0,3001.0,2971.0,1103.4499999999998,1153.4499999999998
22,100,3016.0,1128.4499999999998,30.761323529411765,68,0,3001.0,3031.0,3031.0,3001.0,1103.4499999999998,1153.4499999999998
22,101,3046.0,1128.4499999999998,24.619701492537313,67,0,3031.0,3061.0,3061.0,3031.0,1103.4499999999998,1153.4499999999998
22,102,3076.0,1128.4499999999998,19.415789473684214,76,0,3061.0,3091.0,3091.0,3061.0,1103.4499999999998,1153.4499999999998
22,103,3106.0,1128.4499999999998,14.558514851485144,101,0,3091.0,3121.0,3121.0,3091.0,1103.4499999999998,1153.4499999999998
22,104,3136.0,1128.4499999999998,13.48677966101695,118,0,3121.0,3151.0,3151.0,3121.0,1103.4499999999998,1153.4499999999998
22,105,3166.0,1128.4499999999998,22.762195121951216,82,0,3151.0,3181.0,3181.0,3151.0,1103.4499999999998,1153.4499999999998
22,106,3196.0,1128.4499999999998,26.78851851851851,54,0,3181.0,3211.0,3211.0,3181.0,1103.4499999999998,1153.4499999999998
22,107,3226.0,1128.4499999999998,26.407968750000002,64,0,3211.0,3241.0,3241.0,3211.0,1103.4499999999998,1153.4499999999998
22,108,3256.0,1128.4499999999998,23.911728395061726,81,0,3241.0,3271.0,3271.0,3241.0,1103.4499999999998,1153.4499999999998
22,109,3286.0,1128.4499999999998,28.18048387096773,62,0,3271.0,3301.0,3301.0,3271.0,1103.4499999999998,1153.4499999999998
22,110,3316.0,1128.4499999999998,26.227499999999992,72,0,3301.0,3331.0,3331.0,3301.0,1103.4499999999998,1153.4499999999998
22,111,3346.0,1128.4499999999998,22.438400000000005,75,0,3331.0,3361.0,3361.0,3331.0,1103.4499999999998,1153.4499999999998
22,112,3376.0,1128.4499999999998,19.194999999999997,72,0,3361.0,3391.0,3391.0,3361.0,1103.4499999999998,1153.4499999999998
22,113,3406.0,1128.4499999999998,15.549101123595513,89,0,3391.0,3421.0,3421.0,3391.0,1103.4499999999998,1153.4499999999998
22,114,3436.0,1128.4499999999998,17.929473684210535,76,0,3421.0,3451.0,3451.0,3421.0,1103.4499999999998,1153.4499999999998
22,115,3466.0,1128.4499999999998,25.482575757575752,66,0,3451.0,3481.0,3481.0,3451.0,1103.4499999999998,1153.4499999999998
22,116,3496.0,1128.4499999999998,25.684259259259257,54,0,3481.0,3511.0,3511.0,3481.0,1103.4499999999998,1153.4499999999998
22,117,3526.0,1128.4499999999998,31.31058823529411,68,0,3511.0,3541.0,3541.0,3511.0,1103.4499999999998,1153.4499999999998
22,118,3556.0,1128.4499999999998,26.92579710144928,69,0,3541.0,3571.0,3571.0,3541.0,1103.4499999999998,1153.4499999999998
22,119,3586.0,1128.4499999999998,18.998275862068965,87,0,3571.0,3601.0,3601.0,3571.0,1103.4499999999998,1153.4499999999998
22,120,3616.0,1128.4499999999998,16.786796116504853,103,0,3601.0,3631.0,3631.0,3601.0,1103.4499999999998,1153.4499999999998
22,121,3646.0,1128.4499999999998,24.951184210526307,76,0,3631.0,3661.0,3661.0,3631.0,1103.4499999999998,1153.4499999999998
22,122,3676.0,1128.4499999999998,16.480517241379307,58,0,3661.0,3691.0,3691.0,3661.0,1103.4499999999998,1153.4499999999998
22,123,3706.0,1128.4499999999998,15.748181818181825,88,0,3691.0,3721.0,3721.0,3691.0,1103.4499999999998,1153.4499999999998
22,124,3736.0,1128.4499999999998,22.943815789473682,76,0,3721.0,3751.0,3751.0,3721.0,1103.4499999999998,1153.4499999999998
22,125,3766.0,1128.4499999999998,13.230000000000002,69,0,3751.0,3781.0,3781.0,3751.0,1103.4499999999998,1153.4499999999998
22,126,3796.0,1128.4499999999998,15.482,5,0,3781.0,3811.0,3811.0,3781.0,1103.4499999999998,1153.4499999999998
22,127,3826.0,1128.4499999999998,,0,0,3811.0,3841.0,3841.0,3811.0,1103.4499999999998,1153.4499999999998
22,128,3856.0,1128.4499999999998,,0,0,3841.0,3871.0,3871.0,3841.0,1103.4499999999998,1153.4499999999998
22,129,3886.0,1128.4499999999998,,0,0,3871.0,3901.0,3901.0,3871.0,1103.4499999999998,1153.4499999999998
23,0,16.0,1178.4499999999998,49.202823129251705,42,0,1.0,31.0,31.0,1.0,1153.4499999999998,1203.4499999999998
23,1,46.0,1178.4499999999998,61.990769230769224,26,0,31.0,61.0,61.0,31.0,1153.4499999999998,1203.4499999999998
23,2,76.0,1178.4499999999998,62.33821428571427,28,0,61.0,91.0,91.0,61.0,1153.4499999999998,1203.4499999999998
23,3,106.0,1178.4499999999998,68.53733333333334,15,0,91.0,121.0,121.0,91.0,1153.4499999999998,1203.4499999999998
23,4,136.0,1178.4499999999998,64.88,21,0,121.0,151.0,151.0,121.0,1153.4499999999998,1203.4499999999998
23,5,166.0,1178.4499999999998,45.704528301886796,53,0,151.0,181.0,181.0,151.0,1153.4499999999998,1203.4499999999998
23,6,196.0,1178.4499999999998,51.17705882352942,34,0,181.0,211.0,211.0,181.0,1153.4499999999998,1203.4499999999998
23,7,226.0,1178.4499999999998,60.41777777777778,18,0,211.0,241.0,241.0,211.0,1153.4499999999998,1203.4499999999998
23,8,256.0,1178.4499999999998,62.46521739130436,23,0,241.0,271.0,271.0,241.0,1153.4499999999998,1203.4499999999998
23,9,286.0,1178.4499999999998,66.10535714285716,28,0,271.0,301.0,301.0,271.0,1153.4499999999998,1203.4499999999998
23,10,316.0,1178.4499999999998,63.52863636363639,22,0,301.0,331.0,331.0,301.0,1153.4499999999998,1203.4499999999998
23,11,346.0,1178.4499999999998,62.99719999999999,25,0,331.0,361.0,361.0,331.0,1153.4499999999998,1203.4499999999998
23,12,376.0,1178.4499999999998,58.16300000000001,40,0,361.0,391.0,391.0,361.0,1153.4499999999998,1203.4499999999998
23,13,406.0,1178.4499999999998,64.40608695652173,23,0,391.0,421.0,421.0,391.0,1153.4499999999998,1203.4499999999998
23,14,436.0,1178.4499999999998,63.121874999999996,16,0,421.0,451.0,451.0,421.0,1153.4499999999998,1203.4499999999998
23,15,466.0,1178.4499999999998,67.82576923076923,26,0,451.0,481.0,481.0,451.0,1153.4499999999998,1203.4499999999998
23,16,496.0,1178.4499999999998,59.41257142857142,35,0,481.0,511.0,511.0,481.0,1153.4499999999998,1203.4499999999998
23,17,526.0,1178.4499999999998,53.98530612244898,49,0,511.0,541.0,541.0,511.0,1153.4499999999998,1203.4499999999998
23,18,556.0,1178.4499999999998,52.15333333333334,30,0,541.0,571.0,571.0,541.0,1153.4499999999998,1203.4499999999998
23,19,586.0,1178.4499999999998,67.54578947368422,19,0,571.0,601.0,601.0,571.0,1153.4499999999998,1203.4499999999998
23,20,616.0,1178.4499999999998,58.30181818181819,33,0,601.0,631.0,631.0,601.0,1153.4499999999998,1203.4499999999998
23,21,646.0,1178.4499999999998,57.21088235294117,34,0,631.0,661.0,661.0,631.0,1153.4499999999998,1203.4499999999998
23,22,676.0,1178.4499999999998,61.35521739130434,23,0,661.0,691.0,691.0,661.0,1153.4499999999998,1203.4499999999998
23,23,706.0,1178.4499999999998,51.593124999999986,48,0,691.0,721.0,721.0,691.0,1153.4499999999998,1203.4499999999998
23,24,736.0,1178.4499999999998,55.05420000000001,25,0,721.0,751.0,751.0,721.0,1153.4499999999998,1203.4499999999998
23,25,766.0,1178.4499999999998,61.936666666666675,30,0,751.0,781.0,781.0,751.0,1153.4499999999998,1203.4499999999998
23,26,796.0,1178.4499999999998,59.9692857142857,28,0,781.0,811.0,811.0,781.0,1153.4499999999998,1203.4499999999998
23,27,826.0,1178.4499999999998,60.22812499999999,16,0,811.0,841.0,841.0,811.0,1153.4499999999998,1203.4499999999998
23,28,856.0,1178.4499999999998,55.940681818181815,44,0,841.0,871.0,871.0,841.0,1153.4499999999998,1203.4499999999998
23,29,886.0,1178.4499999999998,56.76179487179486,39,0,871.0,901.0,901.0,871.0,1153.4499999999998,1203.4499999999998
23,30,916.0,1178.4499999999998,53.92409090909091,44,0,901.0,931.0,931.0,901.0,1153.4499999999998,1203.4499999999998
23,31,946.0,1178.4499999999998,61.89388888888891,36,0,931.0,961.0,961.0,931.0,1153.4499999999998,1203.4499999999998
23,32,976.0,1178.4499999999998,55.66463414634144,41,0,961.0,991.0,991.0,961.0,1153.4499999999998,1203.4499999999998
23,33,1006.0,1178.4499999999998,50.140499999999996,40,0,991.0,1021.0,1021.0,991.0,1153.4499999999998,1203.4499999999998
23,34,1036.0,1178.4499999999998,46.63925000000001,40,0,1021.0,1051.0,1051.0,1021.0,1153.4499999999998,1203.4499999999998
23,35,1066.0,1178.4499999999998,48.464999999999996,48,0,1051.0,1081.0,1081.0,1051.0,1153.4499999999998,1203.4499999999998
23,36,1096.0,1178.4499999999998,41.10516129032257,31,0,1081.0,1111.0,1111.0,1081.0,1153.4499999999998,1203.4499999999998
23,37,1126.0,1178.4499999999998,45.37147058823528,34,0,1111.0,1141.0,1141.0,1111.0,1153.4499999999998,1203.4499999999998
23,38,1156.0,1178.4499999999998,38.96189655172414,58,0,1141.0,1171.0,1171.0,1141.0,1153.4499999999998,1203.4499999999998
23,39,1186.0,1178.4499999999998,47.19107526881721,31,0,1171.0,1201.0,1201.0,1171.0,1153.4499999999998,1203.4499999999998
23,40,1216.0,1178.4499999999998,67.10071428571429,28,0,1201.0,1231.0,1231.0,1201.0,1153.4499999999998,1203.4499999999998
23,41,1246.0,1178.4499999999998,52.015588235294125,34,0,1231.0,1261.0,1261.0,1231.0,1153.4499999999998,1203.4499999999998
23,42,1276.0,1178.4499999999998,55.27897959183674,49,0,1261.0,1291.0,1291.0,1261.0,1153.4499999999998,1203.4499999999998
23,43,1306.0,1178.4499999999998,58.034375,16,0,1291.0,1321.0,1321.0,1291.0,1153.4499999999998,1203.4499999999998
23,44,1336.0,1178.4499999999998,60.461891891891895,37,0,1321.0,1351.0,1351.0,1321.0,1153.4499999999998,1203.4499999999998
23,45,1366.0,1178.4499999999998,56.22384615384614,39,0,1351.0,1381.0,1381.0,1351.0,1153.4499999999998,1203.4499999999998
23,46,1396.0,1178.4499999999998,54.79675000000001,40,0,1381.0,1411.0,1411.0,1381.0,1153.4499999999998,1203.4499999999998
23,47,1426.0,1178.4499999999998,60.80125,32,0,1411.0,1441.0,1441.0,1411.0,1153.4499999999998,1203.4499999999998
23,48,1456.0,1178.4499999999998,59.272702702702695,37,0,1441.0,1471.0,1471.0,1441.0,1153.4499999999998,1203.4499999999998
23,49,1486.0,1178.4499999999998,66.72500000000001,24,0,1471.0,1501.0,1501.0,1471.0,1153.4499999999998,1203.4499999999998
23,50,1516.0,1178.4499999999998,66.93608695652175,23,0,1501.0,1531.0,1531.0,1501.0,1153.4499999999998,1203.4499999999998
23,51,1546.0,1178.4499999999998,64.31870967741936,31,0,1531.0,1561.0,1561.0,1531.0,1153.4499999999998,1203.4499999999998
23,52,1576.0,1178.4499999999998,62.65096774193548,31,0,1561.0,1591.0,1591.0,1561.0,1153.4499999999998,1203.4499999999998
23,53,1606.0,1178.4499999999998,60.99810810810811,37,0,1591.0,1621.0,1621.0,1591.0,1153.4499999999998,1203.4499999999998
23,54,1636.0,1178.4499999999998,66.96761904761904,21,0,1621.0,1651.0,1651.0,1621.0,1153.4499999999998,1203.4499999999998
23,55,1666.0,1178.4499999999998,73.30411764705882,17,0,1651.0,1681.0,1681.0,1651.0,1153.4499999999998,1203.4499999999998
23,56,1696.0,1178.4499999999998,60.99575757575757,33,0,1681.0,1711.0,1711.0,1681.0,1153.4499999999998,1203.4499999999998
23,57,1726.0,1178.4499999999998,61.038,20,0,1711.0,1741.0,1741.0,1711.0,1153.4499999999998,1203.4499999999998
23,58,1756.0,1178.4499999999998,63.01947368421052,38,0,1741.0,1771.0,1771.0,1741.0,1153.4499999999998,1203.4499999999998
23,59,1786.0,1178.4499999999998,62.01866666666667,30,0,1771.0,1801.0,1801.0,1771.0,1153.4499999999998,1203.4499999999998
23,60,1816.0,1178.4499999999998,56.50000000000001,31,0,1801.0,1831.0,1831.0,1801.0,1153.4499999999998,1203.4499999999998
23,61,1846.0,1178.4499999999998,51.662142857142854,42,0,1831.0,1861.0,1861.0,1831.0,1153.4499999999998,1203.4499999999998
23,62,1876.0,1178.4499999999998,59.51722222222221,18,0,1861.0,1891.0,1891.0,1861.0,1153.4499999999998,1203.4499999999998
23,63,1906.0,1178.4499999999998,49.22862745098039,51,0,1891.0,1921.0,1921.0,1891.0,1153.4499999999998,1203.4499999999998
23,64,1936.0,1178.4499999999998,51.03757575757576,33,0,1921.0,1951.0,1951.0,1921.0,1153.4499999999998,1203.4499999999998
23,65,1966.0,1178.4499999999998,55.48521739130435,23,0,1951.0,1981.0,1981.0,1951.0,1153.4499999999998,1203.4499999999998
23,66,1996.0,1178.4499999999998,54.87973684210526,38,0,1981.0,2011.0,2011.0,1981.0,1153.4499999999998,1203.4499999999998
23,67,2026.0,1178.4499999999998,64.27470588235295,17,0,2011.0,2041.0,2041.0,2011.0,1153.4499999999998,1203.4499999999998
23,68,2056.0,1178.4499999999998,55.728181818181824,33,0,2041.0,2071.0,2071.0,2041.0,1153.4499999999998,1203.4499999999998
23,69,2086.0,1178.4499999999998,46.63259259259258,27,0,2071.0,2101.0,2101.0,2071.0,1153.4499999999998,1203.4499999999998
23,70,2116.0,1178.4499999999998,49.071142857142846,35,0,2101.0,2131.0,2131.0,2101.0,1153.4499999999998,1203.4499999999998
23,71,2146.0,1178.4499999999998,45.81632653061223,49,0,2131.0,2161.0,2161.0,2131.0,1153.4499999999998,1203.4499999999998
23,72,2176.0,1178.4499999999998,29.79735294117647,68,0,2161.0,2191.0,2191.0,2161.0,1153.4499999999998,1203.4499999999998
23,73,2206.0,1178.4499999999998,21.106129032258067,93,0,2191.0,2221.0,2221.0,2191.0,1153.4499999999998,1203.4499999999998
23,74,2236.0,1178.4499999999998,30.628727272727275,55,0,2221.0,2251.0,2251.0,2221.0,1153.4499999999998,1203.4499999999998
23,75,2266.0,1178.4499999999998,36.28471428571428,70,0,2251.0,2281.0,2281.0,2251.0,1153.4499999999998,1203.4499999999998
23,76,2296.0,1178.4499999999998,35.06507692307692,65,0,2281.0,2311.0,2311.0,2281.0,1153.4499999999998,1203.4499999999998
23,77,2326.0,1178.4499999999998,35.2778,50,0,2311.0,2341.0,2341.0,2311.0,1153.4499999999998,1203.4499999999998
23,78,2356.0,1178.4499999999998,32.91576923076923,52,0,2341.0,2371.0,2371.0,2341.0,1153.4499999999998,1203.4499999999998
23,79,2386.0,1178.4499999999998,19.608547008547,117,0,2371.0,2401.0,2401.0,2371.0,1153.4499999999998,1203.4499999999998
23,80,2416.0,1178.4499999999998,18.447173913043475,92,0,2401.0,2431.0,2431.0,2401.0,1153.4499999999998,1203.4499999999998
23,81,2446.0,1178.4499999999998,32.587407407407404,54,0,2431.0,2461.0,2461.0,2431.0,1153.4499999999998,1203.4499999999998
23,82,2476.0,1178.4499999999998,36.792244897959186,49,0,2461.0,2491.0,2491.0,2461.0,1153.4499999999998,1203.4499999999998
23,83,2506.0,1178.4499999999998,36.180877192982464,57,0,2491.0,2521.0,2521.0,2491.0,1153.4499999999998,1203.4499999999998
23,84,2536.0,1178.4499999999998,33.34555555555556,54,0,2521.0,2551.0,2551.0,2521.0,1153.4499999999998,1203.4499999999998
23,85,2566.0,1178.4499999999998,32.818906250000005,64,0,2551.0,2581.0,2581.0,2551.0,1153.4499999999998,1203.4499999999998
23,86,2596.0,1178.4499999999998,28.529021739130435,92,0,2581.0,2611.0,2611.0,2581.0,1153.4499999999998,1203.4499999999998
23,87,2626.0,1178.4499999999998,19.268348214285712,96,0,2611.0,2641.0,2641.0,2611.0,1153.4499999999998,1203.4499999999998
23,88,2656.0,1178.4499999999998,21.397500000000004,92,0,2641.0,2671.0,2671.0,2641.0,1153.4499999999998,1203.4499999999998
23,89,2686.0,1178.4499999999998,25.380133333333337,75,0,2671.0,2701.0,2701.0,2671.0,1153.4499999999998,1203.4499999999998
23,90,2716.0,1178.4499999999998,29.681290322580633,62,0,2701.0,2731.0,2731.0,2701.0,1153.4499999999998,1203.4499999999998
23,91,2746.0,1178.4499999999998,26.230303030303034,66,0,2731.0,2761.0,2761.0,2731.0,1153.4499999999998,1203.4499999999998
23,92,2776.0,1178.4499999999998,30.02733333333333,60,0,2761.0,2791.0,2791.0,2761.0,1153.4499999999998,1203.4499999999998
23,93,2806.0,1178.4499999999998,32.172999999999995,50,0,2791.0,2821.0,2821.0,2791.0,1153.4499999999998,1203.4499999999998
23,94,2836.0,1178.4499999999998,29.31590909090909,66,0,2821.0,2851.0,2851.0,2821.0,1153.4499999999998,1203.4499999999998
23,95,2866.0,1178.4499999999998,27.46029850746269,67,0,2851.0,2881.0,2881.0,2851.0,1153.4499999999998,1203.4499999999998
23,96,2896.0,1178.4499999999998,24.212112676056336,71,0,2881.0,2911.0,2911.0,2881.0,1153.4499999999998,1203.4499999999998
23,97,2926.0,1178.4499999999998,20.64125,104,0,2911.0,2941.0,2941.0,2911.0,1153.4499999999998,1203.4499999999998
23,98,2956.0,1178.4499999999998,16.972254901960785,102,0,2941.0,2971.0,2971.0,2941.0,1153.4499999999998,1203.4499999999998
23,99,2986.0,1178.4499999999998,29.916935483870965,62,0,2971.0,3001.0,3001.0,2971.0,1153.4499999999998,1203.4499999999998
23,100,3016.0,1178.4499999999998,32.9205,60,0,3001.0,3031.0,3031.0,3001.0,1153.4499999999998,1203.4499999999998
23,101,3046.0,1178.4499999999998,22.828354430379754,79,0,3031.0,3061.0,3061.0,3031.0,1153.4499999999998,1203.4499999999998
23,102,3076.0,1178.4499999999998,18.807317073170736,82,0,3061.0,3091.0,3091.0,3061.0,1153.4499999999998,1203.4499999999998
23,103,3106.0,1178.4499999999998,14.54523364485981,107,0,3091.0,3121.0,3121.0,3091.0,1153.4499999999998,1203.4499999999998
23,104,3136.0,1178.4499999999998,18.15478260869565,92,0,3121.0,3151.0,3151.0,3121.0,1153.4499999999998,1203.4499999999998
23,105,3166.0,1178.4499999999998,25.450595238095246,84,0,3151.0,3181.0,3181.0,3151.0,1153.4499999999998,1203.4499999999998
23,106,3196.0,1178.4499999999998,28.742631578947368,57,0,3181.0,3211.0,3211.0,3181.0,1153.4499999999998,1203.4499999999998
23,107,3226.0,1178.4499999999998,25.22917808219178,73,0,3211.0,3241.0,3241.0,3211.0,1153.4499999999998,1203.4499999999998
23,108,3256.0,1178.4499999999998,26.471249999999998,72,0,3241.0,3271.0,3271.0,3241.0,1153.4499999999998,1203.4499999999998
23,109,3286.0,1178.4499999999998,25.515810810810812,74,0,3271.0,3301.0,3301.0,3271.0,1153.4499999999998,1203.4499999999998
23,110,3316.0,1178.4499999999998,25.596478873239434,71,0,3301.0,3331.0,3331.0,3301.0,1153.4499999999998,1203.4499999999998
23,111,3346.0,1178.4499999999998,25.694999999999993,68,0,3331.0,3361.0,3361.0,3331.0,1153.4499999999998,1203.4499999999998
23,112,3376.0,1178.4499999999998,17.167199999999998,100,0,3361.0,3391.0,3391.0,3361.0,1153.4499999999998,1203.4499999999998
23,113,3406.0,1178.4499999999998,13.335338983050846,118,0,3391.0,3421.0,3421.0,3391.0,1153.4499999999998,1203.4499999999998
23,114,3436.0,1178.4499999999998,22.986949152542383,59,0,3421.0,3451.0,3451.0,3421.0,1153.4499999999998,1203.4499999999998
23,115,3466.0,1178.4499999999998,25.982876712328757,73,0,3451.0,3481.0,3481.0,3451.0,1153.4499999999998,1203.4499999999998
23,116,3496.0,1178.4499999999998,27.933137254901958,51,0,3481.0,3511.0,3511.0,3481.0,1153.4499999999998,1203.4499999999998
23,117,3526.0,1178.4499999999998,33.35094594594595,74,0,3511.0,3541.0,3541.0,3511.0,1153.4499999999998,1203.4499999999998
23,118,3556.0,1178.4499999999998,20.988992248062022,86,0,3541.0,3571.0,3571.0,3541.0,1153.4499999999998,1203.4499999999998
23,119,3586.0,1178.4499999999998,17.17600000000001,100,0,3571.0,3601.0,3601.0,3571.0,1153.4499999999998,1203.4499999999998
23,120,3616.0,1178.4499999999998,21.08891304347827,92,0,3601.0,3631.0,3631.0,3601.0,1153.4499999999998,1203.4499999999998
23,121,3646.0,1178.4499999999998,24.54295454545455,88,0,3631.0,3661.0,3661.0,3631.0,1153.4499999999998,1203.4499999999998
23,122,3676.0,1178.4499999999998,20.52357142857142,56,0,3661.0,3691.0,3691.0,3661.0,1153.4499999999998,1203.4499999999998
23,123,3706.0,1178.4499999999998,23.922467532467525,77,0,3691.0,3721.0,3721.0,3691.0,1153.4499999999998,1203.4499999999998
23,124,3736.0,1178.4499999999998,16.923482142857143,112,0,3721.0,3751.0,3751.0,3721.0,1153.4499999999998,1203.4499999999998
23,125,3766.0,1178.4499999999998,14.044939759036145,83,0,3751.0,3781.0,3781.0,3751.0,1153.4499999999998,1203.4499999999998
23,126,3796.0,1178.4499999999998,15.588518518518518,27,0,3781.0,3811.0,3811.0,3781.0,1153.4499999999998,1203.4499999999998
23,127,3826.0,1178.4499999999998,,0,0,3811.0,3841.0,3841.0,3811.0,1153.4499999999998,1203.4499999999998
23,128,3856.0,1178.4499999999998,,0,0,3841.0,3871.0,3871.0,3841.0,1153.4499999999998,1203.4499999999998
23,129,3886.0,1178.4499999999998,,0,0,3871.0,3901.0,3901.0,3871.0,1153.4499999999998,1203.4499999999998
24,0,16.0,1228.4499999999998,39.44023041474655,62,0,1.0,31.0,31.0,1.0,1203.4499999999998,1253.4499999999998
24,1,46.0,1228.4499999999998,58.3439880952381,24,0,31.0,61.0,61.0,31.0,1203.4499999999998,1253.4499999999998
24,2,76.0,1228.4499999999998,59.860344827586204,29,0,61.0,91.0,91.0,61.0,1203.4499999999998,1253.4499999999998
24,3,106.0,1228.4499999999998,64.22000000000001,12,0,91.0,121.0,121.0,91.0,1203.4499999999998,1253.4499999999998
24,4,136.0,1228.4499999999998,65.53227272727271,22,0,121.0,151.0,151.0,121.0,1203.4499999999998,1253.4499999999998
24,5,166.0,1228.4499999999998,42.58153846153846,52,0,151.0,181.0,181.0,151.0,1203.4499999999998,1253.4499999999998
24,6,196.0,1228.4499999999998,48.791515151515156,33,0,181.0,211.0,211.0,181.0,1203.4499999999998,1253.4499999999998
24,7,226.0,1228.4499999999998,53.015714285714274,28,0,211.0,241.0,241.0,211.0,1203.4499999999998,1253.4499999999998
24,8,256.0,1228.4499999999998,64.2185,20,0,241.0,271.0,271.0,241.0,1203.4499999999998,1253.4499999999998
24,9,286.0,1228.4499999999998,65.47535714285716,28,0,271.0,301.0,301.0,271.0,1203.4499999999998,1253.4499999999998
24,10,316.0,1228.4499999999998,63.50052631578947,19,0,301.0,331.0,331.0,301.0,1203.4499999999998,1253.4499999999998
24,11,346.0,1228.4499999999998,60.80785714285713,28,0,331.0,361.0,361.0,331.0,1203.4499999999998,1253.4499999999998
24,12,376.0,1228.4499999999998,58.164210526315784,38,0,361.0,391.0,391.0,361.0,1203.4499999999998,1253.4499999999998
24,13,406.0,1228.4499999999998,61.7548,25,0,391.0,421.0,421.0,391.0,1203.4499999999998,1253.4499999999998
24,14,436.0,1228.4499999999998,64.51249999999999,16,0,421.0,451.0,451.0,421.0,1203.4499999999998,1253.4499999999998
24,15,466.0,1228.4499999999998,67.34833333333334,24,0,451.0,481.0,481.0,451.0,1203.4499999999998,1253.4499999999998
24,16,496.0,1228.4499999999998,60.69533333333333,30,0,481.0,511.0,511.0,481.0,1203.4499999999998,1253.4499999999998
24,17,526.0,1228.4499999999998,53.688333333333354,54,0,511.0,541.0,541.0,511.0,1203.4499999999998,1253.4499999999998
24,18,556.0,1228.4499999999998,48.21071428571428,28,0,541.0,571.0,571.0,541.0,1203.4499999999998,1253.4499999999998
24,19,586.0,1228.4499999999998,66.48115384615384,26,0,571.0,601.0,601.0,571.0,1203.4499999999998,1253.4499999999998
24,20,616.0,1228.4499999999998,57.282173913043486,23,0,601.0,631.0,631.0,601.0,1203.4499999999998,1253.4499999999998
24,21,646.0,1228.4499999999998,55.074473684210524,38,0,631.0,661.0,661.0,631.0,1203.4499999999998,1253.4499999999998
24,22,676.0,1228.4499999999998,57.24391304347828,23,0,661.0,691.0,691.0,661.0,1203.4499999999998,1253.4499999999998
24,23,706.0,1228.4499999999998,46.114117647058826,51,0,691.0,721.0,721.0,691.0,1203.4499999999998,1253.4499999999998
24,24,736.0,1228.4499999999998,45.420810810810806,37,0,721.0,751.0,751.0,721.0,1203.4499999999998,1253.4499999999998
24,25,766.0,1228.4499999999998,52.983793103448264,29,0,751.0,781.0,781.0,751.0,1203.4499999999998,1253.4499999999998
24,26,796.0,1228.4499999999998,56.19433333333334,30,0,781.0,811.0,811.0,781.0,1203.4499999999998,1253.4499999999998
24,27,826.0,1228.4499999999998,62.07842105263159,19,0,811.0,841.0,841.0,811.0,1203.4499999999998,1253.4499999999998
24,28,856.0,1228.4499999999998,55.852,40,0,841.0,871.0,871.0,841.0,1203.4499999999998,1253.4499999999998
24,29,886.0,1228.4499999999998,55.323181818181816,44,0,871.0,901.0,901.0,871.0,1203.4499999999998,1253.4499999999998
24,30,916.0,1228.4499999999998,53.103658536585364,41,0,901.0,931.0,931.0,901.0,1203.4499999999998,1253.4499999999998
24,31,946.0,1228.4499999999998,61.46289473684211,38,0,931.0,961.0,961.0,931.0,1203.4499999999998,1253.4499999999998
24,32,976.0,1228.4499999999998,49.470652173913045,46,0,961.0,991.0,991.0,961.0,1203.4499999999998,1253.4499999999998
24,33,1006.0,1228.4499999999998,46.91333333333332,36,0,991.0,1021.0,1021.0,991.0,1203.4499999999998,1253.4499999999998
24,34,1036.0,1228.4499999999998,43.958292682926825,41,0,1021.0,1051.0,1051.0,1021.0,1203.4499999999998,1253.4499999999998
24,35,1066.0,1228.4499999999998,35.47453333333333,75,0,1051.0,1081.0,1081.0,1051.0,1203.4499999999998,1253.4499999999998
24,36,1096.0,1228.4499999999998,35.18666666666667,42,0,1081.0,1111.0,1111.0,1081.0,1203.4499999999998,1253.4499999999998
24,37,1126.0,1228.4499999999998,46.39464285714284,28,0,1111.0,1141.0,1141.0,1111.0,1203.4499999999998,1253.4499999999998
24,38,1156.0,1228.4499999999998,34.129076923076916,65,0,1141.0,1171.0,1171.0,1141.0,1203.4499999999998,1253.4499999999998
24,39,1186.0,1228.4499999999998,34.86477272727273,44,0,1171.0,1201.0,1201.0,1171.0,1203.4499999999998,1253.4499999999998
24,40,1216.0,1228.4499999999998,66.28931034482758,29,0,1201.0,1231.0,1231.0,1201.0,1203.4499999999998,1253.4499999999998
24,41,1246.0,1228.4499999999998,39.2875,52,0,1231.0,1261.0,1261.0,1231.0,1203.4499999999998,1253.4499999999998
24,42,1276.0,1228.4499999999998,50.830222222222226,45,0,1261.0,1291.0,1291.0,1261.0,1203.4499999999998,1253.4499999999998
24,43,1306.0,1228.4499999999998,46.77294117647058,17,0,1291.0,1321.0,1321.0,1291.0,1203.4499999999998,1253.4499999999998
24,44,1336.0,1228.4499999999998,60.14394736842104,38,0,1321.0,1351.0,1351.0,1321.0,1203.4499999999998,1253.4499999999998
24,45,1366.0,1228.4499999999998,53.565405405405414,37,0,1351.0,1381.0,1381.0,1351.0,1203.4499999999998,1253.4499999999998
24,46,1396.0,1228.4499999999998,53.407428571428575,35,0,1381.0,1411.0,1411.0,1381.0,1203.4499999999998,1253.4499999999998
24,47,1426.0,1228.4499999999998,59.12702702702703,37,0,1411.0,1441.0,1441.0,1411.0,1203.4499999999998,1253.4499999999998
24,48,1456.0,1228.4499999999998,59.84694444444445,36,0,1441.0,1471.0,1471.0,1441.0,1203.4499999999998,1253.4499999999998
24,49,1486.0,1228.4499999999998,62.32798353909467,27,0,1471.0,1501.0,1501.0,1471.0,1203.4499999999998,1253.4499999999998
24,50,1516.0,1228.4499999999998,65.4209090909091,22,0,1501.0,1531.0,1531.0,1501.0,1203.4499999999998,1253.4499999999998
24,51,1546.0,1228.4499999999998,64.34958333333333,24,0,1531.0,1561.0,1561.0,1531.0,1203.4499999999998,1253.4499999999998
24,52,1576.0,1228.4499999999998,62.56321428571429,28,0,1561.0,1591.0,1591.0,1561.0,1203.4499999999998,1253.4499999999998
24,53,1606.0,1228.4499999999998,59.428999999999995,40,0,1591.0,1621.0,1621.0,1591.0,1203.4499999999998,1253.4499999999998
24,54,1636.0,1228.4499999999998,67.49857142857142,21,0,1621.0,1651.0,1651.0,1621.0,1203.4499999999998,1253.4499999999998
24,55,1666.0,1228.4499999999998,73.29684210526315,19,0,1651.0,1681.0,1681.0,1651.0,1203.4499999999998,1253.4499999999998
24,56,1696.0,1228.4499999999998,59.583333333333336,36,0,1681.0,1711.0,1711.0,1681.0,1203.4499999999998,1253.4499999999998
24,57,1726.0,1228.4499999999998,63.758750000000006,16,0,1711.0,1741.0,1741.0,1711.0,1203.4499999999998,1253.4499999999998
24,58,1756.0,1228.4499999999998,62.76789473684212,38,0,1741.0,1771.0,1771.0,1741.0,1203.4499999999998,1253.4499999999998
24,59,1786.0,1228.4499999999998,62.93483870967742,31,0,1771.0,1801.0,1801.0,1771.0,1203.4499999999998,1253.4499999999998
24,60,1816.0,1228.4499999999998,53.565000000000005,30,0,1801.0,1831.0,1831.0,1801.0,1203.4499999999998,1253.4499999999998
24,61,1846.0,1228.4499999999998,44.07285714285715,56,0,1831.0,1861.0,1861.0,1831.0,1203.4499999999998,1253.4499999999998
24,62,1876.0,1228.4499999999998,55.51705882352941,17,0,1861.0,1891.0,1891.0,1861.0,1203.4499999999998,1253.4499999999998
24,63,1906.0,1228.4499999999998,46.462407407407404,54,0,1891.0,1921.0,1921.0,1891.0,1203.4499999999998,1253.4499999999998
24,64,1936.0,1228.4499999999998,42.78086956521739,46,0,1921.0,1951.0,1951.0,1921.0,1203.4499999999998,1253.4499999999998
24,65,1966.0,1228.4499999999998,51.55642857142857,28,0,1951.0,1981.0,1981.0,1951.0,1203.4499999999998,1253.4499999999998
24,66,1996.0,1228.4499999999998,50.728437500000005,32,0,1981.0,2011.0,2011.0,1981.0,1203.4499999999998,1253.4499999999998
24,67,2026.0,1228.4499999999998,61.18637426900585,19,0,2011.0,2041.0,2041.0,2011.0,1203.4499999999998,1253.4499999999998
24,68,2056.0,1228.4499999999998,55.834399999999995,25,0,2041.0,2071.0,2071.0,2041.0,1203.4499999999998,1253.4499999999998
24,69,2086.0,1228.4499999999998,38.25711111111111,45,0,2071.0,2101.0,2101.0,2071.0,1203.4499999999998,1253.4499999999998
24,70,2116.0,1228.4499999999998,46.985,34,0,2101.0,2131.0,2131.0,2101.0,1203.4499999999998,1253.4499999999998
24,71,2146.0,1228.4499999999998,33.96041666666666,72,0,2131.0,2161.0,2161.0,2131.0,1203.4499999999998,1253.4499999999998
24,72,2176.0,1228.4499999999998,28.810714285714294,56,0,2161.0,2191.0,2191.0,2161.0,1203.4499999999998,1253.4499999999998
24,73,2206.0,1228.4499999999998,25.684125,80,0,2191.0,2221.0,2221.0,2191.0,1203.4499999999998,1253.4499999999998
24,74,2236.0,1228.4499999999998,31.166666666666668,60,0,2221.0,2251.0,2251.0,2221.0,1203.4499999999998,1253.4499999999998
24,75,2266.0,1228.4499999999998,40.95622950819673,61,0,2251.0,2281.0,2281.0,2251.0,1203.4499999999998,1253.4499999999998
24,76,2296.0,1228.4499999999998,35.16804232804234,63,0,2281.0,2311.0,2311.0,2281.0,1203.4499999999998,1253.4499999999998
24,77,2326.0,1228.4499999999998,33.918111111111116,60,0,2311.0,2341.0,2341.0,2311.0,1203.4499999999998,1253.4499999999998
24,78,2356.0,1228.4499999999998,28.335283018867923,53,0,2341.0,2371.0,2371.0,2341.0,1203.4499999999998,1253.4499999999998
24,79,2386.0,1228.4499999999998,18.39049019607843,102,0,2371.0,2401.0,2401.0,2371.0,1203.4499999999998,1253.4499999999998
24,80,2416.0,1228.4499999999998,21.223297872340424,94,0,2401.0,2431.0,2431.0,2401.0,1203.4499999999998,1253.4499999999998
24,81,2446.0,1228.4499999999998,34.022333333333336,60,0,2431.0,2461.0,2461.0,2431.0,1203.4499999999998,1253.4499999999998
24,82,2476.0,1228.4499999999998,35.111250000000005,56,0,2461.0,2491.0,2491.0,2461.0,1203.4499999999998,1253.4499999999998
24,83,2506.0,1228.4499999999998,36.234199999999994,50,0,2491.0,2521.0,2521.0,2491.0,1203.4499999999998,1253.4499999999998
24,84,2536.0,1228.4499999999998,34.79758620689655,58,0,2521.0,2551.0,2551.0,2521.0,1203.4499999999998,1253.4499999999998
24,85,2566.0,1228.4499999999998,35.14351851851851,54,0,2551.0,2581.0,2581.0,2551.0,1203.4499999999998,1253.4499999999998
24,86,2596.0,1228.4499999999998,28.20582278481013,79,0,2581.0,2611.0,2611.0,2581.0,1203.4499999999998,1253.4499999999998
24,87,2626.0,1228.4499999999998,18.162210526315786,95,0,2611.0,2641.0,2641.0,2611.0,1203.4499999999998,1253.4499999999998
24,88,2656.0,1228.4499999999998,21.233015873015873,91,0,2641.0,2671.0,2671.0,2641.0,1203.4499999999998,1253.4499999999998
24,89,2686.0,1228.4499999999998,25.44428571428572,77,0,2671.0,2701.0,2701.0,2671.0,1203.4499999999998,1253.4499999999998
24,90,2716.0,1228.4499999999998,25.812173913043473,69,0,2701.0,2731.0,2731.0,2701.0,1203.4499999999998,1253.4499999999998
24,91,2746.0,1228.4499999999998,26.42149253731343,67,0,2731.0,2761.0,2761.0,2731.0,1203.4499999999998,1253.4499999999998
24,92,2776.0,1228.4499999999998,22.54506172839506,81,0,2761.0,2791.0,2791.0,2761.0,1203.4499999999998,1253.4499999999998
24,93,2806.0,1228.4499999999998,27.240634920634935,63,0,2791.0,2821.0,2821.0,2791.0,1203.4499999999998,1253.4499999999998
24,94,2836.0,1228.4499999999998,27.378684210526313,76,0,2821.0,2851.0,2851.0,2821.0,1203.4499999999998,1253.4499999999998
24,95,2866.0,1228.4499999999998,24.788333333333334,66,0,2851.0,2881.0,2881.0,2851.0,1203.4499999999998,1253.4499999999998
24,96,2896.0,1228.4499999999998,17.704591836734693,98,0,2881.0,2911.0,2911.0,2881.0,1203.4499999999998,1253.4499999999998
24,97,2926.0,1228.4499999999998,15.758866587957499,121,0,2911.0,2941.0,2941.0,2911.0,1203.4499999999998,1253.4499999999998
24,98,2956.0,1228.4499999999998,20.36597701149425,87,0,2941.0,2971.0,2971.0,2941.0,1203.4499999999998,1253.4499999999998
24,99,2986.0,1228.4499999999998,28.806575342465756,73,0,2971.0,3001.0,3001.0,2971.0,1203.4499999999998,1253.4499999999998
24,100,3016.0,1228.4499999999998,27.081805555555558,72,0,3001.0,3031.0,3031.0,3001.0,1203.4499999999998,1253.4499999999998
24,101,3046.0,1228.4499999999998,23.486913580246917,81,0,3031.0,3061.0,3061.0,3031.0,1203.4499999999998,1253.4499999999998
24,102,3076.0,1228.4499999999998,19.730344827586208,87,0,3061.0,3091.0,3091.0,3061.0,1203.4499999999998,1253.4499999999998
24,103,3106.0,1228.4499999999998,14.344886363636363,88,0,3091.0,3121.0,3121.0,3091.0,1203.4499999999998,1253.4499999999998
24,104,3136.0,1228.4499999999998,23.56947368421052,76,0,3121.0,3151.0,3151.0,3121.0,1203.4499999999998,1253.4499999999998
24,105,3166.0,1228.4499999999998,26.25421686746988,83,0,3151.0,3181.0,3181.0,3151.0,1203.4499999999998,1253.4499999999998
24,106,3196.0,1228.4499999999998,23.692314814814814,81,0,3181.0,3211.0,3211.0,3181.0,1203.4499999999998,1253.4499999999998
24,107,3226.0,1228.4499999999998,26.062686567164178,67,0,3211.0,3241.0,3241.0,3211.0,1203.4499999999998,1253.4499999999998
24,108,3256.0,1228.4499999999998,26.129999999999995,73,0,3241.0,3271.0,3271.0,3241.0,1203.4499999999998,1253.4499999999998
24,109,3286.0,1228.4499999999998,23.28592592592592,81,0,3271.0,3301.0,3301.0,3271.0,1203.4499999999998,1253.4499999999998
24,110,3316.0,1228.4499999999998,24.956202531645577,79,0,3301.0,3331.0,3331.0,3301.0,1203.4499999999998,1253.4499999999998
24,111,3346.0,1228.4499999999998,19.272150537634406,93,0,3331.0,3361.0,3361.0,3331.0,1203.4499999999998,1253.4499999999998
24,112,3376.0,1228.4499999999998,13.581494102228048,109,0,3361.0,3391.0,3391.0,3361.0,1203.4499999999998,1253.4499999999998
24,113,3406.0,1228.4499999999998,14.758181818181809,99,0,3391.0,3421.0,3421.0,3391.0,1203.4499999999998,1253.4499999999998
24,114,3436.0,1228.4499999999998,25.970483870967737,62,0,3421.0,3451.0,3451.0,3421.0,1203.4499999999998,1253.4499999999998
24,115,3466.0,1228.4499999999998,29.139016393442635,61,0,3451.0,3481.0,3481.0,3451.0,1203.4499999999998,1253.4499999999998
24,116,3496.0,1228.4499999999998,25.714345238095245,56,0,3481.0,3511.0,3511.0,3481.0,1203.4499999999998,1253.4499999999998
24,117,3526.0,1228.4499999999998,27.466590909090915,88,0,3511.0,3541.0,3541.0,3511.0,1203.4499999999998,1253.4499999999998
24,118,3556.0,1228.4499999999998,16.82494949494949,99,0,3541.0,3571.0,3571.0,3541.0,1203.4499999999998,1253.4499999999998
24,119,3586.0,1228.4499999999998,20.572527472527472,91,0,3571.0,3601.0,3601.0,3571.0,1203.4499999999998,1253.4499999999998
24,120,3616.0,1228.4499999999998,21.651176470588233,85,0,3601.0,3631.0,3631.0,3601.0,1203.4499999999998,1253.4499999999998
24,121,3646.0,1228.4499999999998,22.605670103092784,97,0,3631.0,3661.0,3661.0,3631.0,1203.4499999999998,1253.4499999999998
24,122,3676.0,1228.4499999999998,13.150094339622653,106,0,3661.0,3691.0,3691.0,3661.0,1203.4499999999998,1253.4499999999998
24,123,3706.0,1228.4499999999998,19.496179775280904,89,0,3691.0,3721.0,3721.0,3691.0,1203.4499999999998,1253.4499999999998
24,124,3736.0,1228.4499999999998,14.991666666666662,90,0,3721.0,3751.0,3751.0,3721.0,1203.4499999999998,1253.4499999999998
24,125,3766.0,1228.4499999999998,15.638314606741572,89,0,3751.0,3781.0,3781.0,3751.0,1203.4499999999998,1253.4499999999998
24,126,3796.0,1228.4499999999998,13.513584905660373,53,0,3781.0,3811.0,3811.0,3781.0,1203.4499999999998,1253.4499999999998
24,127,3826.0,1228.4499999999998,10.264,5,0,3811.0,3841.0,3841.0,3811.0,1203.4499999999998,1253.4499999999998
24,128,3856.0,1228.4499999999998,,0,0,3841.0,3871.0,3871.0,3841.0,1203.4499999999998,1253.4499999999998
24,129,3886.0,1228.4499999999998,,0,0,3871.0,3901.0,3901.0,3871.0,1203.4499999999998,1253.4499999999998
25,0,16.0,1278.4499999999998,40.92902255639097,76,0,1.0,31.0,31.0,1.0,1253.4499999999998,1303.4499999999998
25,1,46.0,1278.4499999999998,47.73806878306878,42,0,31.0,61.0,61.0,31.0,1253.4499999999998,1303.4499999999998
25,2,76.0,1278.4499999999998,56.318166666666684,40,0,61.0,91.0,91.0,61.0,1253.4499999999998,1303.4499999999998
25,3,106.0,1278.4499999999998,58.377589285714286,28,0,91.0,121.0,121.0,91.0,1253.4499999999998,1303.4499999999998
25,4,136.0,1278.4499999999998,61.31978494623657,31,0,121.0,151.0,151.0,121.0,1253.4499999999998,1303.4499999999998
25,5,166.0,1278.4499999999998,42.372123341139734,61,0,151.0,181.0,181.0,151.0,1253.4499999999998,1303.4499999999998
25,6,196.0,1278.4499999999998,44.43803921568627,51,0,181.0,211.0,211.0,181.0,1253.4499999999998,1303.4499999999998
25,7,226.0,1278.4499999999998,49.65688644688644,39,0,211.0,241.0,241.0,211.0,1253.4499999999998,1303.4499999999998
25,8,256.0,1278.4499999999998,61.41217391304349,23,0,241.0,271.0,271.0,241.0,1253.4499999999998,1303.4499999999998
25,9,286.0,1278.4499999999998,60.072857142857146,35,0,271.0,301.0,301.0,271.0,1253.4499999999998,1303.4499999999998
25,10,316.0,1278.4499999999998,60.59064039408865,29,0,301.0,331.0,331.0,301.0,1253.4499999999998,1303.4499999999998
25,11,346.0,1278.4499999999998,49.11425531914893,47,0,331.0,361.0,361.0,331.0,1253.4499999999998,1303.4499999999998
25,12,376.0,1278.4499999999998,56.73847826086955,46,0,361.0,391.0,391.0,361.0,1253.4499999999998,1303.4499999999998
25,13,406.0,1278.4499999999998,57.721219512195105,41,0,391.0,421.0,421.0,391.0,1253.4499999999998,1303.4499999999998
25,14,436.0,1278.4499999999998,58.04269230769229,26,0,421.0,451.0,451.0,421.0,1253.4499999999998,1303.4499999999998
25,15,466.0,1278.4499999999998,62.73633928571429,32,0,451.0,481.0,481.0,451.0,1253.4499999999998,1303.4499999999998
25,16,496.0,1278.4499999999998,60.17170370370369,30,0,481.0,511.0,511.0,481.0,1253.4499999999998,1303.4499999999998
25,17,526.0,1278.4499999999998,50.97627777777776,75,0,511.0,541.0,541.0,511.0,1253.4499999999998,1303.4499999999998
25,18,556.0,1278.4499999999998,45.20709986772487,48,0,541.0,571.0,571.0,541.0,1253.4499999999998,1303.4499999999998
25,19,586.0,1278.4499999999998,62.28608163265305,35,0,571.0,601.0,601.0,571.0,1253.4499999999998,1303.4499999999998
25,20,616.0,1278.4499999999998,57.426978458049895,28,0,601.0,631.0,631.0,601.0,1253.4499999999998,1303.4499999999998
25,21,646.0,1278.4499999999998,55.775951536643035,47,0,631.0,661.0,661.0,631.0,1253.4499999999998,1303.4499999999998
25,22,676.0,1278.4499999999998,52.42991666666667,30,0,661.0,691.0,691.0,661.0,1253.4499999999998,1303.4499999999998
25,23,706.0,1278.4499999999998,38.85091575091574,91,0,691.0,721.0,721.0,691.0,1253.4499999999998,1303.4499999999998
25,24,736.0,1278.4499999999998,34.1364,75,0,721.0,751.0,751.0,721.0,1253.4499999999998,1303.4499999999998
25,25,766.0,1278.4499999999998,50.058346560846566,27,0,751.0,781.0,781.0,751.0,1253.4499999999998,1303.4499999999998
25,26,796.0,1278.4499999999998,45.87749999999999,52,0,781.0,811.0,811.0,781.0,1253.4499999999998,1303.4499999999998
25,27,826.0,1278.4499999999998,57.17615384615385,26,0,811.0,841.0,841.0,811.0,1253.4499999999998,1303.4499999999998
25,28,856.0,1278.4499999999998,53.52127358490568,53,0,841.0,871.0,871.0,841.0,1253.4499999999998,1303.4499999999998
25,29,886.0,1278.4499999999998,53.37402777777776,56,0,871.0,901.0,901.0,871.0,1253.4499999999998,1303.4499999999998
25,30,916.0,1278.4499999999998,51.93480519480519,44,0,901.0,931.0,931.0,901.0,1253.4499999999998,1303.4499999999998
25,31,946.0,1278.4499999999998,61.26666666666668,39,0,931.0,961.0,961.0,931.0,1253.4499999999998,1303.4499999999998
25,32,976.0,1278.4499999999998,48.67269230769232,52,0,961.0,991.0,991.0,961.0,1253.4499999999998,1303.4499999999998
25,33,1006.0,1278.4499999999998,43.37289241622574,63,0,991.0,1021.0,1021.0,991.0,1253.4499999999998,1303.4499999999998
25,34,1036.0,1278.4499999999998,36.935577956989235,62,0,1021.0,1051.0,1051.0,1021.0,1253.4499999999998,1303.4499999999998
25,35,1066.0,1278.4499999999998,28.94319444444446,96,0,1051.0,1081.0,1081.0,1051.0,1253.4499999999998,1303.4499999999998
25,36,1096.0,1278.4499999999998,30.920526315789477,57,0,1081.0,1111.0,1111.0,1081.0,1253.4499999999998,1303.4499999999998
25,37,1126.0,1278.4499999999998,46.893206349206345,35,0,1111.0,1141.0,1141.0,1111.0,1253.4499999999998,1303.4499999999998
25,38,1156.0,1278.4499999999998,31.38385767790263,89,0,1141.0,1171.0,1171.0,1141.0,1253.4499999999998,1303.4499999999998
25,39,1186.0,1278.4499999999998,28.990416666666672,72,0,1171.0,1201.0,1201.0,1171.0,1253.4499999999998,1303.4499999999998
25,40,1216.0,1278.4499999999998,61.416296296296295,33,0,1201.0,1231.0,1231.0,1201.0,1253.4499999999998,1303.4499999999998
25,41,1246.0,1278.4499999999998,44.63063186813186,52,0,1231.0,1261.0,1261.0,1231.0,1253.4499999999998,1303.4499999999998
25,42,1276.0,1278.4499999999998,46.20500000000001,50,0,1261.0,1291.0,1291.0,1261.0,1253.4499999999998,1303.4499999999998
25,43,1306.0,1278.4499999999998,39.91589650145774,49,0,1291.0,1321.0,1321.0,1291.0,1253.4499999999998,1303.4499999999998
25,44,1336.0,1278.4499999999998,58.50404761904761,42,0,1321.0,1351.0,1351.0,1321.0,1253.4499999999998,1303.4499999999998
25,45,1366.0,1278.4499999999998,50.714084084084085,37,0,1351.0,1381.0,1381.0,1351.0,1253.4499999999998,1303.4499999999998
25,46,1396.0,1278.4499999999998,44.27220338983052,59,0,1381.0,1411.0,1411.0,1381.0,1253.4499999999998,1303.4499999999998
25,47,1426.0,1278.4499999999998,55.940549450549454,52,0,1411.0,1441.0,1441.0,1411.0,1253.4499999999998,1303.4499999999998
25,48,1456.0,1278.4499999999998,59.20333333333334,39,0,1441.0,1471.0,1471.0,1441.0,1253.4499999999998,1303.4499999999998
25,49,1486.0,1278.4499999999998,50.731262458471754,43,0,1471.0,1501.0,1501.0,1471.0,1253.4499999999998,1303.4499999999998
25,50,1516.0,1278.4499999999998,61.0238130511464,45,0,1501.0,1531.0,1531.0,1501.0,1253.4499999999998,1303.4499999999998
25,51,1546.0,1278.4499999999998,61.16774305555555,32,0,1531.0,1561.0,1561.0,1531.0,1253.4499999999998,1303.4499999999998
25,52,1576.0,1278.4499999999998,59.74538461538461,39,0,1561.0,1591.0,1591.0,1561.0,1253.4499999999998,1303.4499999999998
25,53,1606.0,1278.4499999999998,55.4123015873016,42,0,1591.0,1621.0,1621.0,1591.0,1253.4499999999998,1303.4499999999998
25,54,1636.0,1278.4499999999998,66.74874999999999,26,0,1621.0,1651.0,1651.0,1621.0,1253.4499999999998,1303.4499999999998
25,55,1666.0,1278.4499999999998,67.10424444444443,25,0,1651.0,1681.0,1681.0,1651.0,1253.4499999999998,1303.4499999999998
25,56,1696.0,1278.4499999999998,57.513409090909086,44,0,1681.0,1711.0,1711.0,1681.0,1253.4499999999998,1303.4499999999998
25,57,1726.0,1278.4499999999998,61.1052380952381,21,0,1711.0,1741.0,1741.0,1711.0,1253.4499999999998,1303.4499999999998
25,58,1756.0,1278.4499999999998,60.386976744186065,43,0,1741.0,1771.0,1771.0,1741.0,1253.4499999999998,1303.4499999999998
25,59,1786.0,1278.4499999999998,62.06500000000001,32,0,1771.0,1801.0,1801.0,1771.0,1253.4499999999998,1303.4499999999998
25,60,1816.0,1278.4499999999998,53.36413742690059,38,0,1801.0,1831.0,1831.0,1801.0,1253.4499999999998,1303.4499999999998
25,61,1846.0,1278.4499999999998,39.65875,72,0,1831.0,1861.0,1861.0,1831.0,1253.4499999999998,1303.4499999999998
25,62,1876.0,1278.4499999999998,46.59243243243243,37,0,1861.0,1891.0,1891.0,1861.0,1253.4499999999998,1303.4499999999998
25,63,1906.0,1278.4499999999998,42.85923076923076,65,0,1891.0,1921.0,1921.0,1891.0,1253.4499999999998,1303.4499999999998
25,64,1936.0,1278.4499999999998,37.72918918918919,74,0,1921.0,1951.0,1951.0,1921.0,1253.4499999999998,1303.4499999999998
25,65,1966.0,1278.4499999999998,44.77833333333334,48,0,1951.0,1981.0,1981.0,1951.0,1253.4499999999998,1303.4499999999998
25,66,1996.0,1278.4499999999998,47.23093023255814,43,0,1981.0,2011.0,2011.0,1981.0,1253.4499999999998,1303.4499999999998
25,67,2026.0,1278.4499999999998,52.818809523809534,35,0,2011.0,2041.0,2041.0,2011.0,1253.4499999999998,1303.4499999999998
25,68,2056.0,1278.4499999999998,54.19787581699346,34,0,2041.0,2071.0,2071.0,2041.0,1253.4499999999998,1303.4499999999998
25,69,2086.0,1278.4499999999998,36.12434188034188,65,0,2071.0,2101.0,2101.0,2071.0,1253.4499999999998,1303.4499999999998
25,70,2116.0,1278.4499999999998,48.33849444444445,50,0,2101.0,2131.0,2131.0,2101.0,1253.4499999999998,1303.4499999999998
25,71,2146.0,1278.4499999999998,28.09003007518798,95,0,2131.0,2161.0,2161.0,2131.0,1253.4499999999998,1303.4499999999998
25,72,2176.0,1278.4499999999998,25.793749999999996,64,0,2161.0,2191.0,2191.0,2161.0,1253.4499999999998,1303.4499999999998
25,73,2206.0,1278.4499999999998,31.333560910307902,83,0,2191.0,2221.0,2221.0,2191.0,1253.4499999999998,1303.4499999999998
25,74,2236.0,1278.4499999999998,32.52631944444444,72,0,2221.0,2251.0,2251.0,2221.0,1253.4499999999998,1303.4499999999998
25,75,2266.0,1278.4499999999998,40.69,69,0,2251.0,2281.0,2281.0,2251.0,1253.4499999999998,1303.4499999999998
25,76,2296.0,1278.4499999999998,37.032922374429205,73,0,2281.0,2311.0,2311.0,2281.0,1253.4499999999998,1303.4499999999998
25,77,2326.0,1278.4499999999998,27.550101010101002,99,0,2311.0,2341.0,2341.0,2311.0,1253.4499999999998,1303.4499999999998
25,78,2356.0,1278.4499999999998,25.589673913043477,69,0,2341.0,2371.0,2371.0,2341.0,1253.4499999999998,1303.4499999999998
25,79,2386.0,1278.4499999999998,17.30116336633663,101,0,2371.0,2401.0,2401.0,2371.0,1253.4499999999998,1303.4499999999998
25,80,2416.0,1278.4499999999998,25.362840909090913,88,0,2401.0,2431.0,2431.0,2401.0,1253.4499999999998,1303.4499999999998
25,81,2446.0,1278.4499999999998,32.00636363636364,77,0,2431.0,2461.0,2461.0,2431.0,1253.4499999999998,1303.4499999999998
25,82,2476.0,1278.4499999999998,36.05022707231039,72,0,2461.0,2491.0,2491.0,2461.0,1253.4499999999998,1303.4499999999998
25,83,2506.0,1278.4499999999998,35.936666666666675,57,0,2491.0,2521.0,2521.0,2491.0,1253.4499999999998,1303.4499999999998
25,84,2536.0,1278.4499999999998,36.10480902777778,64,0,2521.0,2551.0,2551.0,2521.0,1253.4499999999998,1303.4499999999998
25,85,2566.0,1278.4499999999998,36.10173611111111,64,0,2551.0,2581.0,2581.0,2551.0,1253.4499999999998,1303.4499999999998
25,86,2596.0,1278.4499999999998,30.761097560975607,82,0,2581.0,2611.0,2611.0,2581.0,1253.4499999999998,1303.4499999999998
25,87,2626.0,1278.4499999999998,23.521338918283362,108,0,2611.0,2641.0,2641.0,2611.0,1253.4499999999998,1303.4499999999998
25,88,2656.0,1278.4499999999998,25.50636363636364,88,0,2641.0,2671.0,2671.0,2641.0,1253.4499999999998,1303.4499999999998
25,89,2686.0,1278.4499999999998,26.04193181818182,88,0,2671.0,2701.0,2701.0,2671.0,1253.4499999999998,1303.4499999999998
25,90,2716.0,1278.4499999999998,23.112906976744185,86,0,2701.0,2731.0,2731.0,2701.0,1253.4499999999998,1303.4499999999998
25,91,2746.0,1278.4499999999998,25.612500000000004,92,0,2731.0,2761.0,2761.0,2731.0,1253.4499999999998,1303.4499999999998
25,92,2776.0,1278.4499999999998,18.4555,100,0,2761.0,2791.0,2791.0,2761.0,1253.4499999999998,1303.4499999999998
25,93,2806.0,1278.4499999999998,27.35375,64,0,2791.0,2821.0,2821.0,2791.0,1253.4499999999998,1303.4499999999998
25,94,2836.0,1278.4499999999998,26.76940476190477,84,0,2821.0,2851.0,2851.0,2821.0,1253.4499999999998,1303.4499999999998
25,95,2866.0,1278.4499999999998,22.00965838509316,92,0,2851.0,2881.0,2881.0,2851.0,1253.4499999999998,1303.4499999999998
25,96,2896.0,1278.4499999999998,18.17539915966386,119,0,2881.0,2911.0,2911.0,2881.0,1253.4499999999998,1303.4499999999998
25,97,2926.0,1278.4499999999998,18.600735544217684,112,0,2911.0,2941.0,2941.0,2911.0,1253.4499999999998,1303.4499999999998
25,98,2956.0,1278.4499999999998,24.019619047619052,105,0,2941.0,2971.0,2971.0,2941.0,1253.4499999999998,1303.4499999999998
25,99,2986.0,1278.4499999999998,24.794884353741505,105,0,2971.0,3001.0,3001.0,2971.0,1253.4499999999998,1303.4499999999998
25,100,3016.0,1278.4499999999998,18.12297872340425,94,0,3001.0,3031.0,3031.0,3001.0,1253.4499999999998,1303.4499999999998
25,101,3046.0,1278.4499999999998,21.867959183673474,98,0,3031.0,3061.0,3061.0,3031.0,1253.4499999999998,1303.4499999999998
25,102,3076.0,1278.4499999999998,19.807217391304345,115,0,3061.0,3091.0,3091.0,3061.0,1253.4499999999998,1303.4499999999998
25,103,3106.0,1278.4499999999998,20.122166666666665,80,0,3091.0,3121.0,3121.0,3091.0,1253.4499999999998,1303.4499999999998
25,104,3136.0,1278.4499999999998,27.366898734177216,79,0,3121.0,3151.0,3151.0,3121.0,1253.4499999999998,1303.4499999999998
25,105,3166.0,1278.4499999999998,28.726875,80,0,3151.0,3181.0,3181.0,3151.0,1253.4499999999998,1303.4499999999998
25,106,3196.0,1278.4499999999998,25.31521276595746,94,0,3181.0,3211.0,3211.0,3181.0,1253.4499999999998,1303.4499999999998
25,107,3226.0,1278.4499999999998,25.393506493506504,77,0,3211.0,3241.0,3241.0,3211.0,1253.4499999999998,1303.4499999999998
25,108,3256.0,1278.4499999999998,24.842569444444447,80,0,3241.0,3271.0,3271.0,3241.0,1253.4499999999998,1303.4499999999998
25,109,3286.0,1278.4499999999998,25.805682367149753,92,0,3271.0,3301.0,3301.0,3271.0,1253.4499999999998,1303.4499999999998
25,110,3316.0,1278.4499999999998,25.127661498707997,86,0,3301.0,3331.0,3331.0,3301.0,1253.4499999999998,1303.4499999999998
25,111,3346.0,1278.4499999999998,17.97723809523809,105,0,3331.0,3361.0,3361.0,3331.0,1253.4499999999998,1303.4499999999998
25,112,3376.0,1278.4499999999998,18.75595321637428,95,0,3361.0,3391.0,3391.0,3361.0,1253.4499999999998,1303.4499999999998
25,113,3406.0,1278.4499999999998,20.799512578616348,106,0,3391.0,3421.0,3421.0,3391.0,1253.4499999999998,1303.4499999999998
25,114,3436.0,1278.4499999999998,28.08296296296296,69,0,3421.0,3451.0,3451.0,3421.0,1253.4499999999998,1303.4499999999998
25,115,3466.0,1278.4499999999998,30.877538461538464,65,0,3451.0,3481.0,3481.0,3451.0,1253.4499999999998,1303.4499999999998
25,116,3496.0,1278.4499999999998,30.116894977168954,73,0,3481.0,3511.0,3511.0,3481.0,1253.4499999999998,1303.4499999999998
25,117,3526.0,1278.4499999999998,25.33688888888888,90,0,3511.0,3541.0,3541.0,3511.0,1253.4499999999998,1303.4499999999998
25,118,3556.0,1278.4499999999998,21.229445153061217,112,0,3541.0,3571.0,3571.0,3541.0,1253.4499999999998,1303.4499999999998
25,119,3586.0,1278.4499999999998,25.567297128589257,89,0,3571.0,3601.0,3601.0,3571.0,1253.4499999999998,1303.4499999999998
25,120,3616.0,1278.4499999999998,25.32123456790123,81,0,3601.0,3631.0,3631.0,3601.0,1253.4499999999998,1303.4499999999998
25,121,3646.0,1278.4499999999998,19.549207920792078,101,0,3631.0,3661.0,3661.0,3631.0,1253.4499999999998,1303.4499999999998
25,122,3676.0,1278.4499999999998,14.587419354838714,93,0,3661.0,3691.0,3691.0,3661.0,1253.4499999999998,1303.4499999999998
25,123,3706.0,1278.4499999999998,18.99352112676056,71,0,3691.0,3721.0,3721.0,3691.0,1253.4499999999998,1303.4499999999998
25,124,3736.0,1278.4499999999998,19.314000000000004,65,0,3721.0,3751.0,3751.0,3721.0,1253.4499999999998,1303.4499999999998
25,125,3766.0,1278.4499999999998,21.10225352112676,71,0,3751.0,3781.0,3781.0,3751.0,1253.4499999999998,1303.4499999999998
25,126,3796.0,1278.4499999999998,17.07416666666667,48,0,3781.0,3811.0,3811.0,3781.0,1253.4499999999998,1303.4499999999998
25,127,3826.0,1278.4499999999998,18.94411764705882,17,0,3811.0,3841.0,3841.0,3811.0,1253.4499999999998,1303.4499999999998
25,128,3856.0,1278.4499999999998,,0,0,3841.0,3871.0,3871.0,3841.0,1253.4499999999998,1303.4499999999998
25,129,3886.0,1278.4499999999998,,0,0,3871.0,3901.0,3901.0,3871.0,1253.4499999999998,1303.4499999999998
26,0,16.0,1328.4499999999998,44.716363636363646,66,0,1.0,31.0,31.0,1.0,1303.4499999999998,1353.4499999999998
26,1,46.0,1328.4499999999998,50.26275000000001,40,0,31.0,61.0,61.0,31.0,1303.4499999999998,1353.4499999999998
26,2,76.0,1328.4499999999998,58.062682926829275,41,0,61.0,91.0,91.0,61.0,1303.4499999999998,1353.4499999999998
26,3,106.0,1328.4499999999998,60.82111111111111,27,0,91.0,121.0,121.0,91.0,1303.4499999999998,1353.4499999999998
26,4,136.0,1328.4499999999998,61.927600000000005,25,0,121.0,151.0,151.0,121.0,1303.4499999999998,1353.4499999999998
26,5,166.0,1328.4499999999998,47.47087719298245,57,0,151.0,181.0,181.0,151.0,1303.4499999999998,1353.4499999999998
26,6,196.0,1328.4499999999998,44.82509803921568,51,0,181.0,211.0,211.0,181.0,1303.4499999999998,1353.4499999999998
26,7,226.0,1328.4499999999998,48.53955555555555,45,0,211.0,241.0,241.0,211.0,1303.4499999999998,1353.4499999999998
26,8,256.0,1328.4499999999998,59.71789473684211,19,0,241.0,271.0,271.0,241.0,1303.4499999999998,1353.4499999999998
26,9,286.0,1328.4499999999998,59.9915625,32,0,271.0,301.0,301.0,271.0,1303.4499999999998,1353.4499999999998
26,10,316.0,1328.4499999999998,62.318709677419356,31,0,301.0,331.0,331.0,301.0,1303.4499999999998,1353.4499999999998
26,11,346.0,1328.4499999999998,47.82750000000001,36,0,331.0,361.0,361.0,331.0,1303.4499999999998,1353.4499999999998
26,12,376.0,1328.4499999999998,59.39159090909092,44,0,361.0,391.0,391.0,361.0,1303.4499999999998,1353.4499999999998
26,13,406.0,1328.4499999999998,59.053250000000006,40,0,391.0,421.0,421.0,391.0,1303.4499999999998,1353.4499999999998
26,14,436.0,1328.4499999999998,60.099999999999994,25,0,421.0,451.0,451.0,421.0,1303.4499999999998,1353.4499999999998
26,15,466.0,1328.4499999999998,64.78437500000001,32,0,451.0,481.0,481.0,451.0,1303.4499999999998,1353.4499999999998
26,16,496.0,1328.4499999999998,63.48370370370371,27,0,481.0,511.0,511.0,481.0,1303.4499999999998,1353.4499999999998
26,17,526.0,1328.4499999999998,55.586949152542374,59,0,511.0,541.0,541.0,511.0,1303.4499999999998,1353.4499999999998
26,18,556.0,1328.4499999999998,44.617258064516136,62,0,541.0,571.0,571.0,541.0,1303.4499999999998,1353.4499999999998
26,19,586.0,1328.4499999999998,62.251142857142845,35,0,571.0,601.0,601.0,571.0,1303.4499999999998,1353.4499999999998
26,20,616.0,1328.4499999999998,63.5924,25,0,601.0,631.0,631.0,601.0,1303.4499999999998,1353.4499999999998
26,21,646.0,1328.4499999999998,58.35302325581397,43,0,631.0,661.0,661.0,631.0,1303.4499999999998,1353.4499999999998
26,22,676.0,1328.4499999999998,57.95466666666666,30,0,661.0,691.0,691.0,661.0,1303.4499999999998,1353.4499999999998
26,23,706.0,1328.4499999999998,34.718505747126436,87,0,691.0,721.0,721.0,691.0,1303.4499999999998,1353.4499999999998
26,24,736.0,1328.4499999999998,30.54454545454546,88,0,721.0,751.0,751.0,721.0,1303.4499999999998,1353.4499999999998
26,25,766.0,1328.4499999999998,49.70439999999999,25,0,751.0,781.0,781.0,751.0,1303.4499999999998,1353.4499999999998
26,26,796.0,1328.4499999999998,44.839615384615385,52,0,781.0,811.0,811.0,781.0,1303.4499999999998,1353.4499999999998
26,27,826.0,1328.4499999999998,55.209687499999994,32,0,811.0,841.0,841.0,811.0,1303.4499999999998,1353.4499999999998
26,28,856.0,1328.4499999999998,55.86409090909091,44,0,841.0,871.0,871.0,841.0,1303.4499999999998,1353.4499999999998
26,29,886.0,1328.4499999999998,55.05153846153847,52,0,871.0,901.0,901.0,871.0,1303.4499999999998,1353.4499999999998
26,30,916.0,1328.4499999999998,54.04931818181817,44,0,901.0,931.0,931.0,901.0,1303.4499999999998,1353.4499999999998
26,31,946.0,1328.4499999999998,60.74026315789472,38,0,931.0,961.0,961.0,931.0,1303.4499999999998,1353.4499999999998
26,32,976.0,1328.4499999999998,55.32369565217393,46,0,961.0,991.0,991.0,961.0,1303.4499999999998,1353.4499999999998
26,33,1006.0,1328.4499999999998,47.20584905660376,53,0,991.0,1021.0,1021.0,991.0,1303.4499999999998,1353.4499999999998
26,34,1036.0,1328.4499999999998,34.97123456790124,81,0,1021.0,1051.0,1051.0,1021.0,1303.4499999999998,1353.4499999999998
26,35,1066.0,1328.4499999999998,32.731948051948066,77,0,1051.0,1081.0,1081.0,1051.0,1303.4499999999998,1353.4499999999998
26,36,1096.0,1328.4499999999998,32.83552238805968,67,0,1081.0,1111.0,1111.0,1081.0,1303.4499999999998,1353.4499999999998
26,37,1126.0,1328.4499999999998,48.034642857142856,28,0,1111.0,1141.0,1141.0,1111.0,1303.4499999999998,1353.4499999999998
26,38,1156.0,1328.4499999999998,38.42987012987014,77,0,1141.0,1171.0,1171.0,1141.0,1303.4499999999998,1353.4499999999998
26,39,1186.0,1328.4499999999998,33.50573529411764,68,0,1171.0,1201.0,1201.0,1171.0,1303.4499999999998,1353.4499999999998
26,40,1216.0,1328.4499999999998,59.79162162162163,37,0,1201.0,1231.0,1231.0,1201.0,1303.4499999999998,1353.4499999999998
26,41,1246.0,1328.4499999999998,54.69410256410258,39,0,1231.0,1261.0,1261.0,1231.0,1303.4499999999998,1353.4499999999998
26,42,1276.0,1328.4499999999998,49.67395833333334,48,0,1261.0,1291.0,1291.0,1261.0,1303.4499999999998,1353.4499999999998
26,43,1306.0,1328.4499999999998,40.22428571428572,49,0,1291.0,1321.0,1321.0,1291.0,1303.4499999999998,1353.4499999999998
26,44,1336.0,1328.4499999999998,59.251428571428576,35,0,1321.0,1351.0,1351.0,1321.0,1303.4499999999998,1353.4499999999998
26,45,1366.0,1328.4499999999998,55.56633333333333,30,0,1351.0,1381.0,1381.0,1351.0,1303.4499999999998,1353.4499999999998
26,46,1396.0,1328.4499999999998,45.64142857142858,49,0,1381.0,1411.0,1411.0,1381.0,1303.4499999999998,1353.4499999999998
26,47,1426.0,1328.4499999999998,56.243191489361706,47,0,1411.0,1441.0,1441.0,1411.0,1303.4499999999998,1353.4499999999998
26,48,1456.0,1328.4499999999998,60.16485714285716,35,0,1441.0,1471.0,1471.0,1441.0,1303.4499999999998,1353.4499999999998
26,49,1486.0,1328.4499999999998,56.139714285714284,35,0,1471.0,1501.0,1501.0,1471.0,1303.4499999999998,1353.4499999999998
26,50,1516.0,1328.4499999999998,64.90162162162162,37,0,1501.0,1531.0,1531.0,1501.0,1303.4499999999998,1353.4499999999998
26,51,1546.0,1328.4499999999998,60.74694444444444,36,0,1531.0,1561.0,1561.0,1531.0,1303.4499999999998,1353.4499999999998
26,52,1576.0,1328.4499999999998,61.979499999999994,40,0,1561.0,1591.0,1591.0,1561.0,1303.4499999999998,1353.4499999999998
26,53,1606.0,1328.4499999999998,55.77390243902439,41,0,1591.0,1621.0,1621.0,1591.0,1303.4499999999998,1353.4499999999998
26,54,1636.0,1328.4499999999998,68.94846153846154,26,0,1621.0,1651.0,1651.0,1621.0,1303.4499999999998,1353.4499999999998
26,55,1666.0,1328.4499999999998,66.97333333333334,27,0,1651.0,1681.0,1681.0,1651.0,1303.4499999999998,1353.4499999999998
26,56,1696.0,1328.4499999999998,58.05222222222222,45,0,1681.0,1711.0,1711.0,1681.0,1303.4499999999998,1353.4499999999998
26,57,1726.0,1328.4499999999998,61.711666666666666,24,0,1711.0,1741.0,1741.0,1711.0,1303.4499999999998,1353.4499999999998
26,58,1756.0,1328.4499999999998,60.51384615384614,39,0,1741.0,1771.0,1771.0,1741.0,1303.4499999999998,1353.4499999999998
26,59,1786.0,1328.4499999999998,62.06727272727272,33,0,1771.0,1801.0,1801.0,1771.0,1303.4499999999998,1353.4499999999998
26,60,1816.0,1328.4499999999998,56.06228571428572,35,0,1801.0,1831.0,1831.0,1801.0,1303.4499999999998,1353.4499999999998
26,61,1846.0,1328.4499999999998,44.93245614035089,57,0,1831.0,1861.0,1861.0,1831.0,1303.4499999999998,1353.4499999999998
26,62,1876.0,1328.4499999999998,37.432307692307695,52,0,1861.0,1891.0,1891.0,1861.0,1303.4499999999998,1353.4499999999998
26,63,1906.0,1328.4499999999998,49.503888888888895,54,0,1891.0,1921.0,1921.0,1891.0,1303.4499999999998,1353.4499999999998
26,64,1936.0,1328.4499999999998,37.22075949367089,79,0,1921.0,1951.0,1951.0,1921.0,1303.4499999999998,1353.4499999999998
26,65,1966.0,1328.4499999999998,45.71153846153846,52,0,1951.0,1981.0,1981.0,1951.0,1303.4499999999998,1353.4499999999998
26,66,1996.0,1328.4499999999998,49.90432432432432,37,0,1981.0,2011.0,2011.0,1981.0,1303.4499999999998,1353.4499999999998
26,67,2026.0,1328.4499999999998,51.819,40,0,2011.0,2041.0,2041.0,2011.0,1303.4499999999998,1353.4499999999998
26,68,2056.0,1328.4499999999998,54.93266666666667,30,0,2041.0,2071.0,2071.0,2041.0,1303.4499999999998,1353.4499999999998
26,69,2086.0,1328.4499999999998,44.16633333333334,60,0,2071.0,2101.0,2101.0,2071.0,1303.4499999999998,1353.4499999999998
26,70,2116.0,1328.4499999999998,53.31973684210526,38,0,2101.0,2131.0,2131.0,2101.0,1303.4499999999998,1353.4499999999998
26,71,2146.0,1328.4499999999998,35.3297014925373,67,0,2131.0,2161.0,2161.0,2131.0,1303.4499999999998,1353.4499999999998
26,72,2176.0,1328.4499999999998,30.082878787878787,66,0,2161.0,2191.0,2191.0,2161.0,1303.4499999999998,1353.4499999999998
26,73,2206.0,1328.4499999999998,34.050000000000004,67,0,2191.0,2221.0,2221.0,2191.0,1303.4499999999998,1353.4499999999998
26,74,2236.0,1328.4499999999998,35.33676056338029,71,0,2221.0,2251.0,2251.0,2221.0,1303.4499999999998,1353.4499999999998
26,75,2266.0,1328.4499999999998,40.63714285714285,63,0,2251.0,2281.0,2281.0,2251.0,1303.4499999999998,1353.4499999999998
26,76,2296.0,1328.4499999999998,40.76269841269842,63,0,2281.0,2311.0,2311.0,2281.0,1303.4499999999998,1353.4499999999998
26,77,2326.0,1328.4499999999998,26.668222222222226,90,0,2311.0,2341.0,2341.0,2311.0,1303.4499999999998,1353.4499999999998
26,78,2356.0,1328.4499999999998,26.74101694915254,59,0,2341.0,2371.0,2371.0,2341.0,1303.4499999999998,1353.4499999999998
26,79,2386.0,1328.4499999999998,26.14014925373134,67,0,2371.0,2401.0,2401.0,2371.0,1303.4499999999998,1353.4499999999998
26,80,2416.0,1328.4499999999998,33.7059375,64,0,2401.0,2431.0,2431.0,2401.0,1303.4499999999998,1353.4499999999998
26,81,2446.0,1328.4499999999998,36.478360655737696,61,0,2431.0,2461.0,2461.0,2431.0,1303.4499999999998,1353.4499999999998
26,82,2476.0,1328.4499999999998,40.74241379310344,58,0,2461.0,2491.0,2491.0,2461.0,1303.4499999999998,1353.4499999999998
26,83,2506.0,1328.4499999999998,40.783725490196076,51,0,2491.0,2521.0,2521.0,2491.0,1303.4499999999998,1353.4499999999998
26,84,2536.0,1328.4499999999998,42.51196078431373,51,0,2521.0,2551.0,2551.0,2521.0,1303.4499999999998,1353.4499999999998
26,85,2566.0,1328.4499999999998,40.513207547169806,53,0,2551.0,2581.0,2581.0,2551.0,1303.4499999999998,1353.4499999999998
26,86,2596.0,1328.4499999999998,33.29963414634147,82,0,2581.0,2611.0,2611.0,2581.0,1303.4499999999998,1353.4499999999998
26,87,2626.0,1328.4499999999998,31.082000000000004,85,0,2611.0,2641.0,2641.0,2611.0,1303.4499999999998,1353.4499999999998
26,88,2656.0,1328.4499999999998,29.409041095890412,73,0,2641.0,2671.0,2671.0,2641.0,1303.4499999999998,1353.4499999999998
26,89,2686.0,1328.4499999999998,27.9653409090909,88,0,2671.0,2701.0,2701.0,2671.0,1303.4499999999998,1353.4499999999998
26,90,2716.0,1328.4499999999998,25.251986607142857,64,0,2701.0,2731.0,2731.0,2701.0,1303.4499999999998,1353.4499999999998
26,91,2746.0,1328.4499999999998,29.21100000000001,70,0,2731.0,2761.0,2761.0,2731.0,1303.4499999999998,1353.4499999999998
26,92,2776.0,1328.4499999999998,27.958064516129035,62,0,2761.0,2791.0,2791.0,2761.0,1303.4499999999998,1353.4499999999998
26,93,2806.0,1328.4499999999998,31.593333333333334,57,0,2791.0,2821.0,2821.0,2791.0,1303.4499999999998,1353.4499999999998
26,94,2836.0,1328.4499999999998,31.12805555555556,72,0,2821.0,2851.0,2851.0,2821.0,1303.4499999999998,1353.4499999999998
26,95,2866.0,1328.4499999999998,23.419787234042552,94,0,2851.0,2881.0,2881.0,2851.0,1303.4499999999998,1353.4499999999998
26,96,2896.0,1328.4499999999998,22.861134020618557,97,0,2881.0,2911.0,2911.0,2881.0,1303.4499999999998,1353.4499999999998
26,97,2926.0,1328.4499999999998,27.735250000000015,80,0,2911.0,2941.0,2941.0,2911.0,1303.4499999999998,1353.4499999999998
26,98,2956.0,1328.4499999999998,29.500875000000015,80,0,2941.0,2971.0,2971.0,2941.0,1303.4499999999998,1353.4499999999998
26,99,2986.0,1328.4499999999998,29.870253164556967,79,0,2971.0,3001.0,3001.0,2971.0,1303.4499999999998,1353.4499999999998
26,100,3016.0,1328.4499999999998,25.30297297297297,74,0,3001.0,3031.0,3031.0,3001.0,1303.4499999999998,1353.4499999999998
26,101,3046.0,1328.4499999999998,28.538157894736845,76,0,3031.0,3061.0,3061.0,3031.0,1303.4499999999998,1353.4499999999998
26,102,3076.0,1328.4499999999998,22.18952380952382,105,0,3061.0,3091.0,3091.0,3061.0,1303.4499999999998,1353.4499999999998
26,103,3106.0,1328.4499999999998,23.750135135135128,74,0,3091.0,3121.0,3121.0,3091.0,1303.4499999999998,1353.4499999999998
26,104,3136.0,1328.4499999999998,31.71590909090909,66,0,3121.0,3151.0,3151.0,3121.0,1303.4499999999998,1353.4499999999998
26,105,3166.0,1328.4499999999998,32.75424242424242,66,0,3151.0,3181.0,3181.0,3151.0,1303.4499999999998,1353.4499999999998
26,106,3196.0,1328.4499999999998,32.119176470588236,85,0,3181.0,3211.0,3211.0,3181.0,1303.4499999999998,1353.4499999999998
26,107,3226.0,1328.4499999999998,30.592876712328756,73,0,3211.0,3241.0,3241.0,3211.0,1303.4499999999998,1353.4499999999998
26,108,3256.0,1328.4499999999998,31.417777777777783,54,0,3241.0,3271.0,3271.0,3241.0,1303.4499999999998,1353.4499999999998
26,109,3286.0,1328.4499999999998,29.706027397260275,73,0,3271.0,3301.0,3301.0,3271.0,1303.4499999999998,1353.4499999999998
26,110,3316.0,1328.4499999999998,26.895000000000003,84,0,3301.0,3331.0,3331.0,3301.0,1303.4499999999998,1353.4499999999998
26,111,3346.0,1328.4499999999998,25.310131578947363,76,0,3331.0,3361.0,3361.0,3331.0,1303.4499999999998,1353.4499999999998
26,112,3376.0,1328.4499999999998,27.324179104477608,67,0,3361.0,3391.0,3391.0,3361.0,1303.4499999999998,1353.4499999999998
26,113,3406.0,1328.4499999999998,29.287249999999993,80,0,3391.0,3421.0,3421.0,3391.0,1303.4499999999998,1353.4499999999998
26,114,3436.0,1328.4499999999998,32.627,60,0,3421.0,3451.0,3451.0,3421.0,1303.4499999999998,1353.4499999999998
26,115,3466.0,1328.4499999999998,33.857068965517236,58,0,3451.0,3481.0,3481.0,3451.0,1303.4499999999998,1353.4499999999998
26,116,3496.0,1328.4499999999998,39.546037735849055,53,0,3481.0,3511.0,3511.0,3481.0,1303.4499999999998,1353.4499999999998
26,117,3526.0,1328.4499999999998,31.975666666666665,60,0,3511.0,3541.0,3541.0,3511.0,1303.4499999999998,1353.4499999999998
26,118,3556.0,1328.4499999999998,29.34679012345678,81,0,3541.0,3571.0,3571.0,3541.0,1303.4499999999998,1353.4499999999998
26,119,3586.0,1328.4499999999998,31.71985294117647,68,0,3571.0,3601.0,3601.0,3571.0,1303.4499999999998,1353.4499999999998
26,120,3616.0,1328.4499999999998,28.069729729729723,74,0,3601.0,3631.0,3631.0,3601.0,1303.4499999999998,1353.4499999999998
26,121,3646.0,1328.4499999999998,19.079318181818184,88,0,3631.0,3661.0,3661.0,3631.0,1303.4499999999998,1353.4499999999998
26,122,3676.0,1328.4499999999998,21.737142857142857,70,0,3661.0,3691.0,3691.0,3661.0,1303.4499999999998,1353.4499999999998
26,123,3706.0,1328.4499999999998,23.966078431372548,51,0,3691.0,3721.0,3721.0,3691.0,1303.4499999999998,1353.4499999999998
26,124,3736.0,1328.4499999999998,25.723484848484848,66,0,3721.0,3751.0,3751.0,3721.0,1303.4499999999998,1353.4499999999998
26,125,3766.0,1328.4499999999998,26.813508771929826,57,0,3751.0,3781.0,3781.0,3751.0,1303.4499999999998,1353.4499999999998
26,126,3796.0,1328.4499999999998,19.839655172413792,58,0,3781.0,3811.0,3811.0,3781.0,1303.4499999999998,1353.4499999999998
26,127,3826.0,1328.4499999999998,25.439,20,0,3811.0,3841.0,3841.0,3811.0,1303.4499999999998,1353.4499999999998
26,128,3856.0,1328.4499999999998,,0,0,3841.0,3871.0,3871.0,3841.0,1303.4499999999998,1353.4499999999998
26,129,3886.0,1328.4499999999998,,0,0,3871.0,3901.0,3901.0,3871.0,1303.4499999999998,1353.4499999999998
27,0,16.0,1378.4499999999998,45.109133709981165,59,0,1.0,31.0,31.0,1.0,1353.4499999999998,1403.4499999999998
27,1,46.0,1378.4499999999998,48.04372549019607,51,0,31.0,61.0,61.0,31.0,1353.4499999999998,1403.4499999999998
27,2,76.0,1378.4499999999998,60.512750000000004,40,0,61.0,91.0,91.0,61.0,1353.4499999999998,1403.4499999999998
27,3,106.0,1378.4499999999998,59.19027027027028,37,0,91.0,121.0,121.0,91.0,1353.4499999999998,1403.4499999999998
27,4,136.0,1378.4499999999998,60.517222222222216,36,0,121.0,151.0,151.0,121.0,1353.4499999999998,1403.4499999999998
27,5,166.0,1378.4499999999998,51.05586956521738,46,0,151.0,181.0,181.0,151.0,1353.4499999999998,1403.4499999999998
27,6,196.0,1378.4499999999998,43.23787878787879,66,0,181.0,211.0,211.0,181.0,1353.4499999999998,1403.4499999999998
27,7,226.0,1378.4499999999998,45.4666037735849,53,0,211.0,241.0,241.0,211.0,1353.4499999999998,1403.4499999999998
27,8,256.0,1378.4499999999998,60.226,20,0,241.0,271.0,271.0,241.0,1353.4499999999998,1403.4499999999998
27,9,286.0,1378.4499999999998,58.60916666666666,36,0,271.0,301.0,301.0,271.0,1353.4499999999998,1403.4499999999998
27,10,316.0,1378.4499999999998,61.05575,40,0,301.0,331.0,331.0,301.0,1353.4499999999998,1403.4499999999998
27,11,346.0,1378.4499999999998,51.25302325581394,43,0,331.0,361.0,361.0,331.0,1353.4499999999998,1403.4499999999998
27,12,376.0,1378.4499999999998,57.21543478260871,46,0,361.0,391.0,391.0,361.0,1353.4499999999998,1403.4499999999998
27,13,406.0,1378.4499999999998,57.166599999999995,50,0,391.0,421.0,421.0,391.0,1353.4499999999998,1403.4499999999998
27,14,436.0,1378.4499999999998,63.755333333333326,30,0,421.0,451.0,451.0,421.0,1353.4499999999998,1403.4499999999998
27,15,466.0,1378.4499999999998,63.67486486486486,37,0,451.0,481.0,481.0,451.0,1353.4499999999998,1403.4499999999998
27,16,496.0,1378.4499999999998,64.105,26,0,481.0,511.0,511.0,481.0,1353.4499999999998,1403.4499999999998
27,17,526.0,1378.4499999999998,56.04060606060607,66,0,511.0,541.0,541.0,511.0,1353.4499999999998,1403.4499999999998
27,18,556.0,1378.4499999999998,44.25492307692308,65,0,541.0,571.0,571.0,541.0,1353.4499999999998,1403.4499999999998
27,19,586.0,1378.4499999999998,57.45363636363636,44,0,571.0,601.0,601.0,571.0,1353.4499999999998,1403.4499999999998
27,20,616.0,1378.4499999999998,65.06166666666667,24,0,601.0,631.0,631.0,601.0,1353.4499999999998,1403.4499999999998
27,21,646.0,1378.4499999999998,55.272156862745106,51,0,631.0,661.0,661.0,631.0,1353.4499999999998,1403.4499999999998
27,22,676.0,1378.4499999999998,59.44088235294117,34,0,661.0,691.0,691.0,661.0,1353.4499999999998,1403.4499999999998
27,23,706.0,1378.4499999999998,39.278611111111104,72,0,691.0,721.0,721.0,691.0,1353.4499999999998,1403.4499999999998
27,24,736.0,1378.4499999999998,34.655,80,0,721.0,751.0,751.0,721.0,1353.4499999999998,1403.4499999999998
27,25,766.0,1378.4499999999998,46.05114285714286,35,0,751.0,781.0,781.0,751.0,1353.4499999999998,1403.4499999999998
27,26,796.0,1378.4499999999998,45.17857142857143,49,0,781.0,811.0,811.0,781.0,1353.4499999999998,1403.4499999999998
27,27,826.0,1378.4499999999998,53.33636363636363,44,0,811.0,841.0,841.0,811.0,1353.4499999999998,1403.4499999999998
27,28,856.0,1378.4499999999998,57.659591836734705,49,0,841.0,871.0,871.0,841.0,1353.4499999999998,1403.4499999999998
27,29,886.0,1378.4499999999998,54.9932727272727,55,0,871.0,901.0,901.0,871.0,1353.4499999999998,1403.4499999999998
27,30,916.0,1378.4499999999998,51.239423076923075,52,0,901.0,931.0,931.0,901.0,1353.4499999999998,1403.4499999999998
27,31,946.0,1378.4499999999998,57.17736842105262,57,0,931.0,961.0,961.0,931.0,1353.4499999999998,1403.4499999999998
27,32,976.0,1378.4499999999998,56.8668085106383,47,0,961.0,991.0,991.0,961.0,1353.4499999999998,1403.4499999999998
27,33,1006.0,1378.4499999999998,49.613200000000006,50,0,991.0,1021.0,1021.0,991.0,1353.4499999999998,1403.4499999999998
27,34,1036.0,1378.4499999999998,31.98058823529412,85,0,1021.0,1051.0,1051.0,1021.0,1353.4499999999998,1403.4499999999998
27,35,1066.0,1378.4499999999998,31.281685393258435,89,0,1051.0,1081.0,1081.0,1051.0,1353.4499999999998,1403.4499999999998
27,36,1096.0,1378.4499999999998,33.05352112676057,71,0,1081.0,1111.0,1111.0,1081.0,1353.4499999999998,1403.4499999999998
27,37,1126.0,1378.4499999999998,43.36888888888889,36,0,1111.0,1141.0,1141.0,1111.0,1353.4499999999998,1403.4499999999998
27,38,1156.0,1378.4499999999998,41.28513513513515,74,0,1141.0,1171.0,1171.0,1141.0,1353.4499999999998,1403.4499999999998
27,39,1186.0,1378.4499999999998,36.08235294117647,68,0,1171.0,1201.0,1201.0,1171.0,1353.4499999999998,1403.4499999999998
27,40,1216.0,1378.4499999999998,54.2281632653061,49,0,1201.0,1231.0,1231.0,1201.0,1353.4499999999998,1403.4499999999998
27,41,1246.0,1378.4499999999998,55.62863636363638,44,0,1231.0,1261.0,1261.0,1231.0,1353.4499999999998,1403.4499999999998
27,42,1276.0,1378.4499999999998,50.583958333333335,48,0,1261.0,1291.0,1291.0,1261.0,1353.4499999999998,1403.4499999999998
27,43,1306.0,1378.4499999999998,45.039661016949154,59,0,1291.0,1321.0,1321.0,1291.0,1353.4499999999998,1403.4499999999998
27,44,1336.0,1378.4499999999998,57.54452380952383,42,0,1321.0,1351.0,1351.0,1321.0,1353.4499999999998,1403.4499999999998
27,45,1366.0,1378.4499999999998,56.988928571428566,28,0,1351.0,1381.0,1381.0,1351.0,1353.4499999999998,1403.4499999999998
27,46,1396.0,1378.4499999999998,47.3874074074074,54,0,1381.0,1411.0,1411.0,1381.0,1353.4499999999998,1403.4499999999998
27,47,1426.0,1378.4499999999998,54.191206896551705,58,0,1411.0,1441.0,1441.0,1411.0,1353.4499999999998,1403.4499999999998
27,48,1456.0,1378.4499999999998,58.10365853658536,41,0,1441.0,1471.0,1471.0,1441.0,1353.4499999999998,1403.4499999999998
27,49,1486.0,1378.4499999999998,56.31108695652175,46,0,1471.0,1501.0,1501.0,1471.0,1353.4499999999998,1403.4499999999998
27,50,1516.0,1378.4499999999998,63.20424999999999,40,0,1501.0,1531.0,1531.0,1501.0,1353.4499999999998,1403.4499999999998
27,51,1546.0,1378.4499999999998,59.10297297297296,37,0,1531.0,1561.0,1561.0,1531.0,1353.4499999999998,1403.4499999999998
27,52,1576.0,1378.4499999999998,61.94512195121949,41,0,1561.0,1591.0,1591.0,1561.0,1353.4499999999998,1403.4499999999998
27,53,1606.0,1378.4499999999998,52.63285714285715,49,0,1591.0,1621.0,1621.0,1591.0,1353.4499999999998,1403.4499999999998
27,54,1636.0,1378.4499999999998,67.43727272727274,22,0,1621.0,1651.0,1651.0,1621.0,1353.4499999999998,1403.4499999999998
27,55,1666.0,1378.4499999999998,65.78193548387097,31,0,1651.0,1681.0,1681.0,1651.0,1353.4499999999998,1403.4499999999998
27,56,1696.0,1378.4499999999998,55.873124999999995,52,0,1681.0,1711.0,1711.0,1681.0,1353.4499999999998,1403.4499999999998
27,57,1726.0,1378.4499999999998,57.885000000000005,30,0,1711.0,1741.0,1741.0,1711.0,1353.4499999999998,1403.4499999999998
27,58,1756.0,1378.4499999999998,56.672448979591834,49,0,1741.0,1771.0,1771.0,1741.0,1353.4499999999998,1403.4499999999998
27,59,1786.0,1378.4499999999998,59.219411764705896,34,0,1771.0,1801.0,1801.0,1771.0,1353.4499999999998,1403.4499999999998
27,60,1816.0,1378.4499999999998,55.160263157894754,38,0,1801.0,1831.0,1831.0,1801.0,1353.4499999999998,1403.4499999999998
27,61,1846.0,1378.4499999999998,51.46568627450981,51,0,1831.0,1861.0,1861.0,1831.0,1353.4499999999998,1403.4499999999998
27,62,1876.0,1378.4499999999998,36.69852459016394,61,0,1861.0,1891.0,1891.0,1861.0,1353.4499999999998,1403.4499999999998
27,63,1906.0,1378.4499999999998,49.605599999999995,50,0,1891.0,1921.0,1921.0,1891.0,1353.4499999999998,1403.4499999999998
27,64,1936.0,1378.4499999999998,36.05382716049384,81,0,1921.0,1951.0,1951.0,1921.0,1353.4499999999998,1403.4499999999998
27,65,1966.0,1378.4499999999998,38.649,70,0,1951.0,1981.0,1981.0,1951.0,1353.4499999999998,1403.4499999999998
27,66,1996.0,1378.4499999999998,48.938205128205134,39,0,1981.0,2011.0,2011.0,1981.0,1353.4499999999998,1403.4499999999998
27,67,2026.0,1378.4499999999998,50.126862745098016,51,0,2011.0,2041.0,2041.0,2011.0,1353.4499999999998,1403.4499999999998
27,68,2056.0,1378.4499999999998,55.78135135135135,37,0,2041.0,2071.0,2071.0,2041.0,1353.4499999999998,1403.4499999999998
27,69,2086.0,1378.4499999999998,46.98654545454545,55,0,2071.0,2101.0,2101.0,2071.0,1353.4499999999998,1403.4499999999998
27,70,2116.0,1378.4499999999998,53.49264150943397,53,0,2101.0,2131.0,2131.0,2101.0,1353.4499999999998,1403.4499999999998
27,71,2146.0,1378.4499999999998,41.574642857142855,56,0,2131.0,2161.0,2161.0,2131.0,1353.4499999999998,1403.4499999999998
27,72,2176.0,1378.4499999999998,35.40622950819674,61,0,2161.0,2191.0,2191.0,2161.0,1353.4499999999998,1403.4499999999998
27,73,2206.0,1378.4499999999998,33.00661016949153,59,0,2191.0,2221.0,2221.0,2191.0,1353.4499999999998,1403.4499999999998
27,74,2236.0,1378.4499999999998,35.54376623376624,77,0,2221.0,2251.0,2251.0,2221.0,1353.4499999999998,1403.4499999999998
27,75,2266.0,1378.4499999999998,36.824999999999996,84,0,2251.0,2281.0,2281.0,2251.0,1353.4499999999998,1403.4499999999998
27,76,2296.0,1378.4499999999998,33.930975609756096,82,0,2281.0,2311.0,2311.0,2281.0,1353.4499999999998,1403.4499999999998
27,77,2326.0,1378.4499999999998,26.96,80,0,2311.0,2341.0,2341.0,2311.0,1353.4499999999998,1403.4499999999998
27,78,2356.0,1378.4499999999998,29.235454545454555,66,0,2341.0,2371.0,2371.0,2341.0,1353.4499999999998,1403.4499999999998
27,79,2386.0,1378.4499999999998,30.47426229508196,61,0,2371.0,2401.0,2401.0,2371.0,1353.4499999999998,1403.4499999999998
27,80,2416.0,1378.4499999999998,36.417051282051276,78,0,2401.0,2431.0,2431.0,2401.0,1353.4499999999998,1403.4499999999998
27,81,2446.0,1378.4499999999998,38.00467741935484,62,0,2431.0,2461.0,2461.0,2431.0,1353.4499999999998,1403.4499999999998
27,82,2476.0,1378.4499999999998,40.66720588235294,68,0,2461.0,2491.0,2491.0,2461.0,1353.4499999999998,1403.4499999999998
27,83,2506.0,1378.4499999999998,41.37599999999999,60,0,2491.0,2521.0,2521.0,2491.0,1353.4499999999998,1403.4499999999998
27,84,2536.0,1378.4499999999998,43.39490909090909,55,0,2521.0,2551.0,2551.0,2521.0,1353.4499999999998,1403.4499999999998
27,85,2566.0,1378.4499999999998,42.31709876543211,54,0,2551.0,2581.0,2581.0,2551.0,1353.4499999999998,1403.4499999999998
27,86,2596.0,1378.4499999999998,32.604124999999996,80,0,2581.0,2611.0,2611.0,2581.0,1353.4499999999998,1403.4499999999998
27,87,2626.0,1378.4499999999998,29.38422222222223,90,0,2611.0,2641.0,2641.0,2611.0,1353.4499999999998,1403.4499999999998
27,88,2656.0,1378.4499999999998,27.52275862068967,87,0,2641.0,2671.0,2671.0,2641.0,1353.4499999999998,1403.4499999999998
27,89,2686.0,1378.4499999999998,21.660792079207923,101,0,2671.0,2701.0,2701.0,2671.0,1353.4499999999998,1403.4499999999998
27,90,2716.0,1378.4499999999998,30.005857142857142,70,0,2701.0,2731.0,2731.0,2701.0,1353.4499999999998,1403.4499999999998
27,91,2746.0,1378.4499999999998,34.59682539682539,63,0,2731.0,2761.0,2761.0,2731.0,1353.4499999999998,1403.4499999999998
27,92,2776.0,1378.4499999999998,29.58647887323943,71,0,2761.0,2791.0,2791.0,2761.0,1353.4499999999998,1403.4499999999998
27,93,2806.0,1378.4499999999998,30.480428571428572,70,0,2791.0,2821.0,2821.0,2791.0,1353.4499999999998,1403.4499999999998
27,94,2836.0,1378.4499999999998,24.161139240506326,79,0,2821.0,2851.0,2851.0,2821.0,1353.4499999999998,1403.4499999999998
27,95,2866.0,1378.4499999999998,20.952888888888882,90,0,2851.0,2881.0,2881.0,2851.0,1353.4499999999998,1403.4499999999998
27,96,2896.0,1378.4499999999998,24.27926315789474,95,0,2881.0,2911.0,2911.0,2881.0,1353.4499999999998,1403.4499999999998
27,97,2926.0,1378.4499999999998,26.669456521739132,92,0,2911.0,2941.0,2941.0,2911.0,1353.4499999999998,1403.4499999999998
27,98,2956.0,1378.4499999999998,26.47657407407408,108,0,2941.0,2971.0,2971.0,2941.0,1353.4499999999998,1403.4499999999998
27,99,2986.0,1378.4499999999998,26.357446808510634,94,0,2971.0,3001.0,3001.0,2971.0,1353.4499999999998,1403.4499999999998
27,100,3016.0,1378.4499999999998,22.217362637362633,91,0,3001.0,3031.0,3031.0,3001.0,1353.4499999999998,1403.4499999999998
27,101,3046.0,1378.4499999999998,23.110537634408594,93,0,3031.0,3061.0,3061.0,3031.0,1353.4499999999998,1403.4499999999998
27,102,3076.0,1378.4499999999998,25.37256097560976,82,0,3061.0,3091.0,3091.0,3061.0,1353.4499999999998,1403.4499999999998
27,103,3106.0,1378.4499999999998,28.803880597014917,67,0,3091.0,3121.0,3121.0,3091.0,1353.4499999999998,1403.4499999999998
27,104,3136.0,1378.4499999999998,28.714750000000002,80,0,3121.0,3151.0,3151.0,3121.0,1353.4499999999998,1403.4499999999998
27,105,3166.0,1378.4499999999998,26.70663043478261,92,0,3151.0,3181.0,3181.0,3151.0,1353.4499999999998,1403.4499999999998
27,106,3196.0,1378.4499999999998,30.77309278350515,97,0,3181.0,3211.0,3211.0,3181.0,1353.4499999999998,1403.4499999999998
27,107,3226.0,1378.4499999999998,28.724564459930313,82,0,3211.0,3241.0,3241.0,3211.0,1353.4499999999998,1403.4499999999998
27,108,3256.0,1378.4499999999998,32.34032786885246,61,0,3241.0,3271.0,3271.0,3241.0,1353.4499999999998,1403.4499999999998
27,109,3286.0,1378.4499999999998,31.175068493150686,73,0,3271.0,3301.0,3301.0,3271.0,1353.4499999999998,1403.4499999999998
27,110,3316.0,1378.4499999999998,25.61130434782608,92,0,3301.0,3331.0,3331.0,3301.0,1353.4499999999998,1403.4499999999998
27,111,3346.0,1378.4499999999998,27.74592105263158,76,0,3331.0,3361.0,3361.0,3331.0,1353.4499999999998,1403.4499999999998
27,112,3376.0,1378.4499999999998,26.771820987654323,72,0,3361.0,3391.0,3391.0,3361.0,1353.4499999999998,1403.4499999999998
27,113,3406.0,1378.4499999999998,34.22036585365852,82,0,3391.0,3421.0,3421.0,3391.0,1353.4499999999998,1403.4499999999998
27,114,3436.0,1378.4499999999998,33.668688524590166,61,0,3421.0,3451.0,3451.0,3421.0,1353.4499999999998,1403.4499999999998
27,115,3466.0,1378.4499999999998,35.23047619047619,63,0,3451.0,3481.0,3481.0,3451.0,1353.4499999999998,1403.4499999999998
27,116,3496.0,1378.4499999999998,40.678823529411765,68,0,3481.0,3511.0,3511.0,3481.0,1353.4499999999998,1403.4499999999998
27,117,3526.0,1378.4499999999998,36.85867924528301,53,0,3511.0,3541.0,3541.0,3511.0,1353.4499999999998,1403.4499999999998
27,118,3556.0,1378.4499999999998,34.055443037974676,79,0,3541.0,3571.0,3571.0,3541.0,1353.4499999999998,1403.4499999999998
27,119,3586.0,1378.4499999999998,36.03565217391303,69,0,3571.0,3601.0,3601.0,3571.0,1353.4499999999998,1403.4499999999998
27,120,3616.0,1378.4499999999998,28.026172839506177,81,0,3601.0,3631.0,3631.0,3601.0,1353.4499999999998,1403.4499999999998
27,121,3646.0,1378.4499999999998,18.90382352941177,68,0,3631.0,3661.0,3661.0,3631.0,1353.4499999999998,1403.4499999999998
27,122,3676.0,1378.4499999999998,21.147894736842115,76,0,3661.0,3691.0,3691.0,3661.0,1353.4499999999998,1403.4499999999998
27,123,3706.0,1378.4499999999998,23.063015873015875,63,0,3691.0,3721.0,3721.0,3691.0,1353.4499999999998,1403.4499999999998
27,124,3736.0,1378.4499999999998,21.461866666666666,75,0,3721.0,3751.0,3751.0,3721.0,1353.4499999999998,1403.4499999999998
27,125,3766.0,1378.4499999999998,22.771186440677965,59,0,3751.0,3781.0,3781.0,3751.0,1353.4499999999998,1403.4499999999998
27,126,3796.0,1378.4499999999998,20.403396226415094,53,0,3781.0,3811.0,3811.0,3781.0,1353.4499999999998,1403.4499999999998
27,127,3826.0,1378.4499999999998,23.588611111111113,36,0,3811.0,3841.0,3841.0,3811.0,1353.4499999999998,1403.4499999999998
27,128,3856.0,1378.4499999999998,,0,0,3841.0,3871.0,3871.0,3841.0,1353.4499999999998,1403.4499999999998
27,129,3886.0,1378.4499999999998,,0,0,3871.0,3901.0,3901.0,3871.0,1353.4499999999998,1403.4499999999998
28,0,16.0,1428.4499999999998,43.51711981566821,62,0,1.0,31.0,31.0,1.0,1403.4499999999998,1453.4499999999998
28,1,46.0,1428.4499999999998,45.68820000000001,50,0,31.0,61.0,61.0,31.0,1403.4499999999998,1453.4499999999998
28,2,76.0,1428.4499999999998,59.94527777777777,36,0,61.0,91.0,91.0,61.0,1403.4499999999998,1453.4499999999998
28,3,106.0,1428.4499999999998,56.31476190476191,42,0,91.0,121.0,121.0,91.0,1403.4499999999998,1453.4499999999998
28,4,136.0,1428.4499999999998,58.194615384615375,26,0,121.0,151.0,151.0,121.0,1403.4499999999998,1453.4499999999998
28,5,166.0,1428.4499999999998,56.75032258064516,31,0,151.0,181.0,181.0,151.0,1403.4499999999998,1453.4499999999998
28,6,196.0,1428.4499999999998,40.145333333333326,75,0,181.0,211.0,211.0,181.0,1403.4499999999998,1453.4499999999998
28,7,226.0,1428.4499999999998,45.347307692307695,52,0,211.0,241.0,241.0,211.0,1403.4499999999998,1453.4499999999998
28,8,256.0,1428.4499999999998,57.69857142857143,14,0,241.0,271.0,271.0,241.0,1403.4499999999998,1453.4499999999998
28,9,286.0,1428.4499999999998,58.43066666666666,30,0,271.0,301.0,301.0,271.0,1403.4499999999998,1453.4499999999998
28,10,316.0,1428.4499999999998,56.22585365853657,41,0,301.0,331.0,331.0,301.0,1403.4499999999998,1453.4499999999998
28,11,346.0,1428.4499999999998,54.575757575757585,33,0,331.0,361.0,361.0,331.0,1403.4499999999998,1453.4499999999998
28,12,376.0,1428.4499999999998,53.34018867924528,53,0,361.0,391.0,391.0,361.0,1403.4499999999998,1453.4499999999998
28,13,406.0,1428.4499999999998,56.54282608695654,46,0,391.0,421.0,421.0,391.0,1403.4499999999998,1453.4499999999998
28,14,436.0,1428.4499999999998,61.24760000000001,25,0,421.0,451.0,451.0,421.0,1403.4499999999998,1453.4499999999998
28,15,466.0,1428.4499999999998,60.99552631578947,38,0,451.0,481.0,481.0,451.0,1403.4499999999998,1453.4499999999998
28,16,496.0,1428.4499999999998,63.636363636363626,22,0,481.0,511.0,511.0,481.0,1403.4499999999998,1453.4499999999998
28,17,526.0,1428.4499999999998,55.51052631578947,57,0,511.0,541.0,541.0,511.0,1403.4499999999998,1453.4499999999998
28,18,556.0,1428.4499999999998,46.732000000000006,60,0,541.0,571.0,571.0,541.0,1403.4499999999998,1453.4499999999998
28,19,586.0,1428.4499999999998,52.356511627907004,43,0,571.0,601.0,601.0,571.0,1403.4499999999998,1453.4499999999998
28,20,616.0,1428.4499999999998,63.683333333333316,21,0,601.0,631.0,631.0,601.0,1403.4499999999998,1453.4499999999998
28,21,646.0,1428.4499999999998,53.811960784313726,51,0,631.0,661.0,661.0,631.0,1403.4499999999998,1453.4499999999998
28,22,676.0,1428.4499999999998,59.25222222222223,27,0,661.0,691.0,691.0,661.0,1403.4499999999998,1453.4499999999998
28,23,706.0,1428.4499999999998,43.582452830188686,53,0,691.0,721.0,721.0,691.0,1403.4499999999998,1453.4499999999998
28,24,736.0,1428.4499999999998,37.22410958904109,73,0,721.0,751.0,751.0,721.0,1403.4499999999998,1453.4499999999998
28,25,766.0,1428.4499999999998,45.775,44,0,751.0,781.0,781.0,751.0,1403.4499999999998,1453.4499999999998
28,26,796.0,1428.4499999999998,46.14263157894736,38,0,781.0,811.0,811.0,781.0,1403.4499999999998,1453.4499999999998
28,27,826.0,1428.4499999999998,51.384255319148934,47,0,811.0,841.0,841.0,811.0,1403.4499999999998,1453.4499999999998
28,28,856.0,1428.4499999999998,59.511875,32,0,841.0,871.0,871.0,841.0,1403.4499999999998,1453.4499999999998
28,29,886.0,1428.4499999999998,53.936041666666675,48,0,871.0,901.0,901.0,871.0,1403.4499999999998,1453.4499999999998
28,30,916.0,1428.4499999999998,51.09333333333333,51,0,901.0,931.0,931.0,901.0,1403.4499999999998,1453.4499999999998
28,31,946.0,1428.4499999999998,52.60708333333333,48,0,931.0,961.0,961.0,931.0,1403.4499999999998,1453.4499999999998
28,32,976.0,1428.4499999999998,57.24487179487178,39,0,961.0,991.0,991.0,961.0,1403.4499999999998,1453.4499999999998
28,33,1006.0,1428.4499999999998,48.89419999999999,50,0,991.0,1021.0,1021.0,991.0,1403.4499999999998,1453.4499999999998
28,34,1036.0,1428.4499999999998,36.95944444444444,72,0,1021.0,1051.0,1051.0,1021.0,1403.4499999999998,1453.4499999999998
28,35,1066.0,1428.4499999999998,28.789767441860462,86,0,1051.0,1081.0,1081.0,1051.0,1403.4499999999998,1453.4499999999998
28,36,1096.0,1428.4499999999998,27.47730337078651,89,0,1081.0,1111.0,1111.0,1081.0,1403.4499999999998,1453.4499999999998
28,37,1126.0,1428.4499999999998,33.503076923076925,52,0,1111.0,1141.0,1141.0,1111.0,1403.4499999999998,1453.4499999999998
28,38,1156.0,1428.4499999999998,40.32222222222224,63,0,1141.0,1171.0,1171.0,1141.0,1403.4499999999998,1453.4499999999998
28,39,1186.0,1428.4499999999998,38.312982456140354,57,0,1171.0,1201.0,1201.0,1171.0,1403.4499999999998,1453.4499999999998
28,40,1216.0,1428.4499999999998,49.333559322033906,59,0,1201.0,1231.0,1231.0,1201.0,1403.4499999999998,1453.4499999999998
28,41,1246.0,1428.4499999999998,54.14974358974359,39,0,1231.0,1261.0,1261.0,1231.0,1403.4499999999998,1453.4499999999998
28,42,1276.0,1428.4499999999998,50.468604651162785,43,0,1261.0,1291.0,1291.0,1261.0,1403.4499999999998,1453.4499999999998
28,43,1306.0,1428.4499999999998,47.85199999999999,60,0,1291.0,1321.0,1321.0,1291.0,1403.4499999999998,1453.4499999999998
28,44,1336.0,1428.4499999999998,54.55382352941177,34,0,1321.0,1351.0,1351.0,1321.0,1403.4499999999998,1453.4499999999998
28,45,1366.0,1428.4499999999998,57.375,24,0,1351.0,1381.0,1381.0,1351.0,1403.4499999999998,1453.4499999999998
28,46,1396.0,1428.4499999999998,48.60176470588235,51,0,1381.0,1411.0,1411.0,1381.0,1403.4499999999998,1453.4499999999998
28,47,1426.0,1428.4499999999998,52.78285714285715,49,0,1411.0,1441.0,1441.0,1411.0,1403.4499999999998,1453.4499999999998
28,48,1456.0,1428.4499999999998,55.463111111111125,45,0,1441.0,1471.0,1471.0,1441.0,1403.4499999999998,1453.4499999999998
28,49,1486.0,1428.4499999999998,54.96641025641027,39,0,1471.0,1501.0,1501.0,1471.0,1403.4499999999998,1453.4499999999998
28,50,1516.0,1428.4499999999998,60.43575757575756,33,0,1501.0,1531.0,1531.0,1501.0,1403.4499999999998,1453.4499999999998
28,51,1546.0,1428.4499999999998,58.42172413793105,29,0,1531.0,1561.0,1561.0,1531.0,1403.4499999999998,1453.4499999999998
28,52,1576.0,1428.4499999999998,61.52815789473682,38,0,1561.0,1591.0,1591.0,1561.0,1403.4499999999998,1453.4499999999998
28,53,1606.0,1428.4499999999998,51.76882352941177,51,0,1591.0,1621.0,1621.0,1591.0,1403.4499999999998,1453.4499999999998
28,54,1636.0,1428.4499999999998,65.20450000000001,20,0,1621.0,1651.0,1651.0,1621.0,1403.4499999999998,1453.4499999999998
28,55,1666.0,1428.4499999999998,64.21192307692307,26,0,1651.0,1681.0,1681.0,1651.0,1403.4499999999998,1453.4499999999998
28,56,1696.0,1428.4499999999998,53.94052631578947,38,0,1681.0,1711.0,1711.0,1681.0,1403.4499999999998,1453.4499999999998
28,57,1726.0,1428.4499999999998,49.916363636363634,33,0,1711.0,1741.0,1741.0,1711.0,1403.4499999999998,1453.4499999999998
28,58,1756.0,1428.4499999999998,51.78177777777776,45,0,1741.0,1771.0,1771.0,1741.0,1403.4499999999998,1453.4499999999998
28,59,1786.0,1428.4499999999998,56.472571428571435,35,0,1771.0,1801.0,1801.0,1771.0,1403.4499999999998,1453.4499999999998
28,60,1816.0,1428.4499999999998,52.51724999999999,40,0,1801.0,1831.0,1831.0,1801.0,1403.4499999999998,1453.4499999999998
28,61,1846.0,1428.4499999999998,54.34549999999997,40,0,1831.0,1861.0,1861.0,1831.0,1403.4499999999998,1453.4499999999998
28,62,1876.0,1428.4499999999998,41.654117647058825,51,0,1861.0,1891.0,1891.0,1861.0,1403.4499999999998,1453.4499999999998
28,63,1906.0,1428.4499999999998,49.74688888888889,45,0,1891.0,1921.0,1921.0,1891.0,1403.4499999999998,1453.4499999999998
28,64,1936.0,1428.4499999999998,39.16338461538461,65,0,1921.0,1951.0,1951.0,1921.0,1403.4499999999998,1453.4499999999998
28,65,1966.0,1428.4499999999998,37.10187500000001,64,0,1951.0,1981.0,1981.0,1951.0,1403.4499999999998,1453.4499999999998
28,66,1996.0,1428.4499999999998,48.30108108108108,37,0,1981.0,2011.0,2011.0,1981.0,1403.4499999999998,1453.4499999999998
28,67,2026.0,1428.4499999999998,47.79745098039215,51,0,2011.0,2041.0,2041.0,2011.0,1403.4499999999998,1453.4499999999998
28,68,2056.0,1428.4499999999998,56.16500000000001,28,0,2041.0,2071.0,2071.0,2041.0,1403.4499999999998,1453.4499999999998
28,69,2086.0,1428.4499999999998,48.25673076923077,52,0,2071.0,2101.0,2101.0,2071.0,1403.4499999999998,1453.4499999999998
28,70,2116.0,1428.4499999999998,52.996136363636374,44,0,2101.0,2131.0,2131.0,2101.0,1403.4499999999998,1453.4499999999998
28,71,2146.0,1428.4499999999998,44.3936170212766,47,0,2131.0,2161.0,2161.0,2131.0,1403.4499999999998,1453.4499999999998
28,72,2176.0,1428.4499999999998,40.57642857142859,56,0,2161.0,2191.0,2191.0,2161.0,1403.4499999999998,1453.4499999999998
28,73,2206.0,1428.4499999999998,34.97936170212765,47,0,2191.0,2221.0,2221.0,2191.0,1403.4499999999998,1453.4499999999998
28,74,2236.0,1428.4499999999998,35.2953086419753,81,0,2221.0,2251.0,2251.0,2221.0,1403.4499999999998,1453.4499999999998
28,75,2266.0,1428.4499999999998,34.176842105263155,76,0,2251.0,2281.0,2281.0,2251.0,1403.4499999999998,1453.4499999999998
28,76,2296.0,1428.4499999999998,30.445432098765426,81,0,2281.0,2311.0,2311.0,2281.0,1403.4499999999998,1453.4499999999998
28,77,2326.0,1428.4499999999998,33.44033898305085,59,0,2311.0,2341.0,2341.0,2311.0,1403.4499999999998,1453.4499999999998
28,78,2356.0,1428.4499999999998,32.435517241379316,58,0,2341.0,2371.0,2371.0,2341.0,1403.4499999999998,1453.4499999999998
28,79,2386.0,1428.4499999999998,31.932352941176468,51,0,2371.0,2401.0,2401.0,2371.0,1403.4499999999998,1453.4499999999998
28,80,2416.0,1428.4499999999998,36.66823529411765,68,0,2401.0,2431.0,2431.0,2401.0,1403.4499999999998,1453.4499999999998
28,81,2446.0,1428.4499999999998,37.32508474576271,59,0,2431.0,2461.0,2461.0,2431.0,1403.4499999999998,1453.4499999999998
28,82,2476.0,1428.4499999999998,39.19742424242425,66,0,2461.0,2491.0,2491.0,2461.0,1403.4499999999998,1453.4499999999998
28,83,2506.0,1428.4499999999998,36.8244927536232,69,0,2491.0,2521.0,2521.0,2491.0,1403.4499999999998,1453.4499999999998
28,84,2536.0,1428.4499999999998,40.77755102040816,49,0,2521.0,2551.0,2551.0,2521.0,1403.4499999999998,1453.4499999999998
28,85,2566.0,1428.4499999999998,42.88085106382979,47,0,2551.0,2581.0,2581.0,2551.0,1403.4499999999998,1453.4499999999998
28,86,2596.0,1428.4499999999998,36.3653125,64,0,2581.0,2611.0,2611.0,2581.0,1403.4499999999998,1453.4499999999998
28,87,2626.0,1428.4499999999998,35.36955223880597,67,0,2611.0,2641.0,2641.0,2611.0,1403.4499999999998,1453.4499999999998
28,88,2656.0,1428.4499999999998,29.811410256410255,78,0,2641.0,2671.0,2671.0,2641.0,1403.4499999999998,1453.4499999999998
28,89,2686.0,1428.4499999999998,25.367285714285718,70,0,2671.0,2701.0,2701.0,2671.0,1403.4499999999998,1453.4499999999998
28,90,2716.0,1428.4499999999998,26.81739726027397,73,0,2701.0,2731.0,2731.0,2701.0,1403.4499999999998,1453.4499999999998
28,91,2746.0,1428.4499999999998,32.36746268656715,67,0,2731.0,2761.0,2761.0,2731.0,1403.4499999999998,1453.4499999999998
28,92,2776.0,1428.4499999999998,29.945416666666674,72,0,2761.0,2791.0,2791.0,2761.0,1403.4499999999998,1453.4499999999998
28,93,2806.0,1428.4499999999998,26.071923076923074,78,0,2791.0,2821.0,2821.0,2791.0,1403.4499999999998,1453.4499999999998
28,94,2836.0,1428.4499999999998,22.17607142857143,84,0,2821.0,2851.0,2851.0,2821.0,1403.4499999999998,1453.4499999999998
28,95,2866.0,1428.4499999999998,26.468970588235294,68,0,2851.0,2881.0,2881.0,2851.0,1403.4499999999998,1453.4499999999998
28,96,2896.0,1428.4499999999998,26.757466666666666,75,0,2881.0,2911.0,2911.0,2881.0,1403.4499999999998,1453.4499999999998
28,97,2926.0,1428.4499999999998,26.115168539325833,89,0,2911.0,2941.0,2941.0,2911.0,1403.4499999999998,1453.4499999999998
28,98,2956.0,1428.4499999999998,25.63029411764705,102,0,2941.0,2971.0,2971.0,2941.0,1403.4499999999998,1453.4499999999998
28,99,2986.0,1428.4499999999998,24.87860465116279,86,0,2971.0,3001.0,3001.0,2971.0,1403.4499999999998,1453.4499999999998
28,100,3016.0,1428.4499999999998,27.494507042253513,71,0,3001.0,3031.0,3031.0,3001.0,1403.4499999999998,1453.4499999999998
28,101,3046.0,1428.4499999999998,25.959444444444447,72,0,3031.0,3061.0,3061.0,3031.0,1403.4499999999998,1453.4499999999998
28,102,3076.0,1428.4499999999998,30.38328767123288,73,0,3061.0,3091.0,3091.0,3061.0,1403.4499999999998,1453.4499999999998
28,103,3106.0,1428.4499999999998,32.16,63,0,3091.0,3121.0,3121.0,3091.0,1403.4499999999998,1453.4499999999998
28,104,3136.0,1428.4499999999998,26.073380281690127,71,0,3121.0,3151.0,3151.0,3121.0,1403.4499999999998,1453.4499999999998
28,105,3166.0,1428.4499999999998,27.10802469135802,81,0,3151.0,3181.0,3181.0,3151.0,1403.4499999999998,1453.4499999999998
28,106,3196.0,1428.4499999999998,30.33448717948717,78,0,3181.0,3211.0,3211.0,3181.0,1403.4499999999998,1453.4499999999998
28,107,3226.0,1428.4499999999998,28.43125,80,0,3211.0,3241.0,3241.0,3211.0,1403.4499999999998,1453.4499999999998
28,108,3256.0,1428.4499999999998,29.057971014492754,69,0,3241.0,3271.0,3271.0,3241.0,1403.4499999999998,1453.4499999999998
28,109,3286.0,1428.4499999999998,31.20492753623188,69,0,3271.0,3301.0,3301.0,3271.0,1403.4499999999998,1453.4499999999998
28,110,3316.0,1428.4499999999998,26.461645569620256,79,0,3301.0,3331.0,3331.0,3301.0,1403.4499999999998,1453.4499999999998
28,111,3346.0,1428.4499999999998,26.741600000000005,75,0,3331.0,3361.0,3361.0,3331.0,1403.4499999999998,1453.4499999999998
28,112,3376.0,1428.4499999999998,27.0213698630137,73,0,3361.0,3391.0,3391.0,3361.0,1403.4499999999998,1453.4499999999998
28,113,3406.0,1428.4499999999998,33.56272727272725,77,0,3391.0,3421.0,3421.0,3391.0,1403.4499999999998,1453.4499999999998
28,114,3436.0,1428.4499999999998,34.20375,64,0,3421.0,3451.0,3451.0,3421.0,1403.4499999999998,1453.4499999999998
28,115,3466.0,1428.4499999999998,37.66442307692307,52,0,3451.0,3481.0,3481.0,3451.0,1403.4499999999998,1453.4499999999998
28,116,3496.0,1428.4499999999998,36.93818181818181,66,0,3481.0,3511.0,3511.0,3481.0,1403.4499999999998,1453.4499999999998
28,117,3526.0,1428.4499999999998,35.92811320754718,53,0,3511.0,3541.0,3541.0,3511.0,1403.4499999999998,1453.4499999999998
28,118,3556.0,1428.4499999999998,34.87289473684209,76,0,3541.0,3571.0,3571.0,3541.0,1403.4499999999998,1453.4499999999998
28,119,3586.0,1428.4499999999998,36.567049180327864,61,0,3571.0,3601.0,3601.0,3571.0,1403.4499999999998,1453.4499999999998
28,120,3616.0,1428.4499999999998,30.034285714285723,70,0,3601.0,3631.0,3631.0,3601.0,1403.4499999999998,1453.4499999999998
28,121,3646.0,1428.4499999999998,23.60746268656717,67,0,3631.0,3661.0,3661.0,3631.0,1403.4499999999998,1453.4499999999998
28,122,3676.0,1428.4499999999998,25.766,65,0,3661.0,3691.0,3691.0,3661.0,1403.4499999999998,1453.4499999999998
28,123,3706.0,1428.4499999999998,26.662641509433964,53,0,3691.0,3721.0,3721.0,3691.0,1403.4499999999998,1453.4499999999998
28,124,3736.0,1428.4499999999998,25.097666666666672,60,0,3721.0,3751.0,3751.0,3721.0,1403.4499999999998,1453.4499999999998
28,125,3766.0,1428.4499999999998,25.495208333333334,48,0,3751.0,3781.0,3781.0,3751.0,1403.4499999999998,1453.4499999999998
28,126,3796.0,1428.4499999999998,23.6487037037037,54,0,3781.0,3811.0,3811.0,3781.0,1403.4499999999998,1453.4499999999998
28,127,3826.0,1428.4499999999998,24.983999999999995,35,0,3811.0,3841.0,3841.0,3811.0,1403.4499999999998,1453.4499999999998
28,128,3856.0,1428.4499999999998,30.61,1,0,3841.0,3871.0,3871.0,3841.0,1403.4499999999998,1453.4499999999998
28,129,3886.0,1428.4499999999998,,0,0,3871.0,3901.0,3901.0,3871.0,1403.4499999999998,1453.4499999999998
29,0,16.0,1478.4499999999998,44.20541194255483,63,0,1.0,31.0,31.0,1.0,1453.4499999999998,1503.4499999999998
29,1,46.0,1478.4499999999998,46.04148148148147,54,0,31.0,61.0,61.0,31.0,1453.4499999999998,1503.4499999999998
29,2,76.0,1478.4499999999998,60.34027777777778,36,0,61.0,91.0,91.0,61.0,1453.4499999999998,1503.4499999999998
29,3,106.0,1478.4499999999998,58.395714285714284,42,0,91.0,121.0,121.0,91.0,1453.4499999999998,1503.4499999999998
29,4,136.0,1478.4499999999998,60.67566666666667,30,0,121.0,151.0,151.0,121.0,1453.4499999999998,1503.4499999999998
29,5,166.0,1478.4499999999998,60.60173913043477,23,0,151.0,181.0,181.0,151.0,1453.4499999999998,1503.4499999999998
29,6,196.0,1478.4499999999998,43.8209375,64,0,181.0,211.0,211.0,181.0,1453.4499999999998,1503.4499999999998
29,7,226.0,1478.4499999999998,46.355576923076924,52,0,211.0,241.0,241.0,211.0,1453.4499999999998,1503.4499999999998
29,8,256.0,1478.4499999999998,56.819375,16,0,241.0,271.0,271.0,241.0,1453.4499999999998,1503.4499999999998
29,9,286.0,1478.4499999999998,57.820833333333326,36,0,271.0,301.0,301.0,271.0,1453.4499999999998,1503.4499999999998
29,10,316.0,1478.4499999999998,57.3875,40,0,301.0,331.0,331.0,301.0,1453.4499999999998,1503.4499999999998
29,11,346.0,1478.4499999999998,58.46571428571429,28,0,331.0,361.0,361.0,331.0,1453.4499999999998,1503.4499999999998
29,12,376.0,1478.4499999999998,53.56065217391304,46,0,361.0,391.0,391.0,361.0,1453.4499999999998,1503.4499999999998
29,13,406.0,1478.4499999999998,58.55680851063828,47,0,391.0,421.0,421.0,391.0,1453.4499999999998,1503.4499999999998
29,14,436.0,1478.4499999999998,62.04925925925928,27,0,421.0,451.0,451.0,421.0,1453.4499999999998,1503.4499999999998
29,15,466.0,1478.4499999999998,62.13294117647059,34,0,451.0,481.0,481.0,451.0,1453.4499999999998,1503.4499999999998
29,16,496.0,1478.4499999999998,64.89272727272727,22,0,481.0,511.0,511.0,481.0,1453.4499999999998,1503.4499999999998
29,17,526.0,1478.4499999999998,57.65098039215686,51,0,511.0,541.0,541.0,511.0,1453.4499999999998,1503.4499999999998
29,18,556.0,1478.4499999999998,50.32553571428572,56,0,541.0,571.0,571.0,541.0,1453.4499999999998,1503.4499999999998
29,19,586.0,1478.4499999999998,52.12999999999999,44,0,571.0,601.0,601.0,571.0,1453.4499999999998,1503.4499999999998
29,20,616.0,1478.4499999999998,63.03444444444443,27,0,601.0,631.0,631.0,601.0,1453.4499999999998,1503.4499999999998
29,21,646.0,1478.4499999999998,54.9630612244898,49,0,631.0,661.0,661.0,631.0,1453.4499999999998,1503.4499999999998
29,22,676.0,1478.4499999999998,60.439090909090915,33,0,661.0,691.0,691.0,661.0,1453.4499999999998,1503.4499999999998
29,23,706.0,1478.4499999999998,48.822307692307696,39,0,691.0,721.0,721.0,691.0,1453.4499999999998,1503.4499999999998
29,24,736.0,1478.4499999999998,41.53514705882351,68,0,721.0,751.0,751.0,721.0,1453.4499999999998,1503.4499999999998
29,25,766.0,1478.4499999999998,46.00574074074075,54,0,751.0,781.0,781.0,751.0,1453.4499999999998,1503.4499999999998
29,26,796.0,1478.4499999999998,50.36935483870966,31,0,781.0,811.0,811.0,781.0,1453.4499999999998,1503.4499999999998
29,27,826.0,1478.4499999999998,51.504090909090905,44,0,811.0,841.0,841.0,811.0,1453.4499999999998,1503.4499999999998
29,28,856.0,1478.4499999999998,61.572333333333326,30,0,841.0,871.0,871.0,841.0,1453.4499999999998,1503.4499999999998
29,29,886.0,1478.4499999999998,56.676875,48,0,871.0,901.0,901.0,871.0,1453.4499999999998,1503.4499999999998
29,30,916.0,1478.4499999999998,53.744090909090936,44,0,901.0,931.0,931.0,901.0,1453.4499999999998,1503.4499999999998
29,31,946.0,1478.4499999999998,53.133124999999986,48,0,931.0,961.0,961.0,931.0,1453.4499999999998,1503.4499999999998
29,32,976.0,1478.4499999999998,57.4195744680851,47,0,961.0,991.0,991.0,961.0,1453.4499999999998,1503.4499999999998
29,33,1006.0,1478.4499999999998,49.8531914893617,47,0,991.0,1021.0,1021.0,991.0,1453.4499999999998,1503.4499999999998
29,34,1036.0,1478.4499999999998,45.41543859649124,57,0,1021.0,1051.0,1051.0,1021.0,1453.4499999999998,1503.4499999999998
29,35,1066.0,1478.4499999999998,33.92753846153846,65,0,1051.0,1081.0,1081.0,1051.0,1453.4499999999998,1503.4499999999998
29,36,1096.0,1478.4499999999998,30.70525,80,0,1081.0,1111.0,1111.0,1081.0,1453.4499999999998,1503.4499999999998
29,37,1126.0,1478.4499999999998,29.174126984126985,63,0,1111.0,1141.0,1141.0,1111.0,1453.4499999999998,1503.4499999999998
29,38,1156.0,1478.4499999999998,41.12709677419353,62,0,1141.0,1171.0,1171.0,1141.0,1453.4499999999998,1503.4499999999998
29,39,1186.0,1478.4499999999998,41.297166666666655,60,0,1171.0,1201.0,1201.0,1171.0,1453.4499999999998,1503.4499999999998
29,40,1216.0,1478.4499999999998,48.35210526315789,57,0,1201.0,1231.0,1231.0,1201.0,1453.4499999999998,1503.4499999999998
29,41,1246.0,1478.4499999999998,53.957073170731704,41,0,1231.0,1261.0,1261.0,1231.0,1453.4499999999998,1503.4499999999998
29,42,1276.0,1478.4499999999998,53.40162162162162,37,0,1261.0,1291.0,1291.0,1261.0,1453.4499999999998,1503.4499999999998
29,43,1306.0,1478.4499999999998,51.771320754717,53,0,1291.0,1321.0,1321.0,1291.0,1453.4499999999998,1503.4499999999998
29,44,1336.0,1478.4499999999998,53.30757575757578,33,0,1321.0,1351.0,1351.0,1321.0,1453.4499999999998,1503.4499999999998
29,45,1366.0,1478.4499999999998,58.318260869565215,23,0,1351.0,1381.0,1381.0,1351.0,1453.4499999999998,1503.4499999999998
29,46,1396.0,1478.4499999999998,52.367547169811324,53,0,1381.0,1411.0,1411.0,1381.0,1453.4499999999998,1503.4499999999998
29,47,1426.0,1478.4499999999998,55.26297872340426,47,0,1411.0,1441.0,1441.0,1411.0,1453.4499999999998,1503.4499999999998
29,48,1456.0,1478.4499999999998,56.37609756097562,41,0,1441.0,1471.0,1471.0,1441.0,1453.4499999999998,1503.4499999999998
29,49,1486.0,1478.4499999999998,56.989374999999995,32,0,1471.0,1501.0,1501.0,1471.0,1453.4499999999998,1503.4499999999998
29,50,1516.0,1478.4499999999998,63.6846875,32,0,1501.0,1531.0,1531.0,1501.0,1453.4499999999998,1503.4499999999998
29,51,1546.0,1478.4499999999998,63.04206896551725,29,0,1531.0,1561.0,1561.0,1531.0,1453.4499999999998,1503.4499999999998
29,52,1576.0,1478.4499999999998,64.18757575757576,33,0,1561.0,1591.0,1591.0,1561.0,1453.4499999999998,1503.4499999999998
29,53,1606.0,1478.4499999999998,55.24431818181817,44,0,1591.0,1621.0,1621.0,1591.0,1453.4499999999998,1503.4499999999998
29,54,1636.0,1478.4499999999998,64.3126086956522,23,0,1621.0,1651.0,1651.0,1621.0,1453.4499999999998,1503.4499999999998
29,55,1666.0,1478.4499999999998,67.16875,24,0,1651.0,1681.0,1681.0,1651.0,1453.4499999999998,1503.4499999999998
29,56,1696.0,1478.4499999999998,61.207142857142856,28,0,1681.0,1711.0,1711.0,1681.0,1453.4499999999998,1503.4499999999998
29,57,1726.0,1478.4499999999998,49.189166666666665,36,0,1711.0,1741.0,1741.0,1711.0,1453.4499999999998,1503.4499999999998
29,58,1756.0,1478.4499999999998,52.91435897435897,39,0,1741.0,1771.0,1771.0,1741.0,1453.4499999999998,1503.4499999999998
29,59,1786.0,1478.4499999999998,56.73314285714284,35,0,1771.0,1801.0,1801.0,1771.0,1453.4499999999998,1503.4499999999998
29,60,1816.0,1478.4499999999998,55.185675675675675,37,0,1801.0,1831.0,1831.0,1801.0,1453.4499999999998,1503.4499999999998
29,61,1846.0,1478.4499999999998,58.372121212121215,33,0,1831.0,1861.0,1861.0,1831.0,1453.4499999999998,1503.4499999999998
29,62,1876.0,1478.4499999999998,48.7769230769231,52,0,1861.0,1891.0,1891.0,1861.0,1453.4499999999998,1503.4499999999998
29,63,1906.0,1478.4499999999998,51.99649999999999,40,0,1891.0,1921.0,1921.0,1891.0,1453.4499999999998,1503.4499999999998
29,64,1936.0,1478.4499999999998,45.627962962962954,54,0,1921.0,1951.0,1951.0,1921.0,1453.4499999999998,1503.4499999999998
29,65,1966.0,1478.4499999999998,42.6419298245614,57,0,1951.0,1981.0,1981.0,1951.0,1453.4499999999998,1503.4499999999998
29,66,1996.0,1478.4499999999998,50.34864864864865,37,0,1981.0,2011.0,2011.0,1981.0,1453.4499999999998,1503.4499999999998
29,67,2026.0,1478.4499999999998,50.05595744680852,47,0,2011.0,2041.0,2041.0,2011.0,1453.4499999999998,1503.4499999999998
29,68,2056.0,1478.4499999999998,61.79269230769229,26,0,2041.0,2071.0,2071.0,2041.0,1453.4499999999998,1503.4499999999998
29,69,2086.0,1478.4499999999998,52.26893617021276,47,0,2071.0,2101.0,2101.0,2071.0,1453.4499999999998,1503.4499999999998
29,70,2116.0,1478.4499999999998,57.203902439024404,41,0,2101.0,2131.0,2131.0,2101.0,1453.4499999999998,1503.4499999999998
29,71,2146.0,1478.4499999999998,50.36325581395349,43,0,2131.0,2161.0,2161.0,2131.0,1453.4499999999998,1503.4499999999998
29,72,2176.0,1478.4499999999998,44.2608695652174,46,0,2161.0,2191.0,2191.0,2161.0,1453.4499999999998,1503.4499999999998
29,73,2206.0,1478.4499999999998,43.289705882352955,34,0,2191.0,2221.0,2221.0,2191.0,1453.4499999999998,1503.4499999999998
29,74,2236.0,1478.4499999999998,37.75666666666668,72,0,2221.0,2251.0,2251.0,2221.0,1453.4499999999998,1503.4499999999998
29,75,2266.0,1478.4499999999998,38.05413793103448,58,0,2251.0,2281.0,2281.0,2251.0,1453.4499999999998,1503.4499999999998
29,76,2296.0,1478.4499999999998,34.14113924050633,79,0,2281.0,2311.0,2311.0,2281.0,1453.4499999999998,1503.4499999999998
29,77,2326.0,1478.4499999999998,40.1736,50,0,2311.0,2341.0,2341.0,2311.0,1453.4499999999998,1503.4499999999998
29,78,2356.0,1478.4499999999998,40.37680851063829,47,0,2341.0,2371.0,2371.0,2341.0,1453.4499999999998,1503.4499999999998
29,79,2386.0,1478.4499999999998,36.081914893617025,47,0,2371.0,2401.0,2401.0,2371.0,1453.4499999999998,1503.4499999999998
29,80,2416.0,1478.4499999999998,40.8138596491228,57,0,2401.0,2431.0,2431.0,2401.0,1453.4499999999998,1503.4499999999998
29,81,2446.0,1478.4499999999998,41.370416666666664,48,0,2431.0,2461.0,2461.0,2431.0,1453.4499999999998,1503.4499999999998
29,82,2476.0,1478.4499999999998,40.89584615384615,65,0,2461.0,2491.0,2491.0,2461.0,1453.4499999999998,1503.4499999999998
29,83,2506.0,1478.4499999999998,36.43357142857142,70,0,2491.0,2521.0,2521.0,2491.0,1453.4499999999998,1503.4499999999998
29,84,2536.0,1478.4499999999998,41.26433962264151,53,0,2521.0,2551.0,2551.0,2521.0,1453.4499999999998,1503.4499999999998
29,85,2566.0,1478.4499999999998,44.25369565217392,46,0,2551.0,2581.0,2581.0,2551.0,1453.4499999999998,1503.4499999999998
29,86,2596.0,1478.4499999999998,42.881020408163266,49,0,2581.0,2611.0,2611.0,2581.0,1453.4499999999998,1503.4499999999998
29,87,2626.0,1478.4499999999998,38.99125000000001,64,0,2611.0,2641.0,2641.0,2611.0,1453.4499999999998,1503.4499999999998
29,88,2656.0,1478.4499999999998,36.478387096774185,62,0,2641.0,2671.0,2671.0,2641.0,1453.4499999999998,1503.4499999999998
29,89,2686.0,1478.4499999999998,32.58064516129033,62,0,2671.0,2701.0,2701.0,2671.0,1453.4499999999998,1503.4499999999998
29,90,2716.0,1478.4499999999998,32.31433333333333,60,0,2701.0,2731.0,2731.0,2701.0,1453.4499999999998,1503.4499999999998
29,91,2746.0,1478.4499999999998,32.88305084745763,59,0,2731.0,2761.0,2761.0,2731.0,1453.4499999999998,1503.4499999999998
29,92,2776.0,1478.4499999999998,30.928529411764696,68,0,2761.0,2791.0,2791.0,2761.0,1453.4499999999998,1503.4499999999998
29,93,2806.0,1478.4499999999998,27.17830985915493,71,0,2791.0,2821.0,2821.0,2791.0,1453.4499999999998,1503.4499999999998
29,94,2836.0,1478.4499999999998,28.053692307692316,65,0,2821.0,2851.0,2851.0,2821.0,1453.4499999999998,1503.4499999999998
29,95,2866.0,1478.4499999999998,32.59389830508474,59,0,2851.0,2881.0,2881.0,2851.0,1453.4499999999998,1503.4499999999998
29,96,2896.0,1478.4499999999998,35.02277777777778,54,0,2881.0,2911.0,2911.0,2881.0,1453.4499999999998,1503.4499999999998
29,97,2926.0,1478.4499999999998,33.0937313432836,67,0,2911.0,2941.0,2941.0,2911.0,1453.4499999999998,1503.4499999999998
29,98,2956.0,1478.4499999999998,32.90633802816901,71,0,2941.0,2971.0,2971.0,2941.0,1453.4499999999998,1503.4499999999998
29,99,2986.0,1478.4499999999998,30.00479452054795,73,0,2971.0,3001.0,3001.0,2971.0,1453.4499999999998,1503.4499999999998
29,100,3016.0,1478.4499999999998,38.17450980392156,51,0,3001.0,3031.0,3031.0,3001.0,1453.4499999999998,1503.4499999999998
29,101,3046.0,1478.4499999999998,35.518,45,0,3031.0,3061.0,3061.0,3031.0,1453.4499999999998,1503.4499999999998
29,102,3076.0,1478.4499999999998,36.12125000000001,64,0,3061.0,3091.0,3091.0,3061.0,1453.4499999999998,1503.4499999999998
29,103,3106.0,1478.4499999999998,33.976499999999994,60,0,3091.0,3121.0,3121.0,3091.0,1453.4499999999998,1503.4499999999998
29,104,3136.0,1478.4499999999998,30.071406249999992,64,0,3121.0,3151.0,3151.0,3121.0,1453.4499999999998,1503.4499999999998
29,105,3166.0,1478.4499999999998,33.316440677966106,59,0,3151.0,3181.0,3181.0,3151.0,1453.4499999999998,1503.4499999999998
29,106,3196.0,1478.4499999999998,32.559,80,0,3181.0,3211.0,3211.0,3181.0,1453.4499999999998,1503.4499999999998
29,107,3226.0,1478.4499999999998,33.265211267605636,71,0,3211.0,3241.0,3241.0,3211.0,1453.4499999999998,1503.4499999999998
29,108,3256.0,1478.4499999999998,31.39402985074627,67,0,3241.0,3271.0,3271.0,3241.0,1453.4499999999998,1503.4499999999998
29,109,3286.0,1478.4499999999998,37.351224489795925,49,0,3271.0,3301.0,3301.0,3271.0,1453.4499999999998,1503.4499999999998
29,110,3316.0,1478.4499999999998,32.22051724137931,58,0,3301.0,3331.0,3331.0,3301.0,1453.4499999999998,1503.4499999999998
29,111,3346.0,1478.4499999999998,30.914848484848484,66,0,3331.0,3361.0,3361.0,3331.0,1453.4499999999998,1503.4499999999998
29,112,3376.0,1478.4499999999998,31.135645161290316,62,0,3361.0,3391.0,3391.0,3361.0,1453.4499999999998,1503.4499999999998
29,113,3406.0,1478.4499999999998,36.372622950819675,61,0,3391.0,3421.0,3421.0,3391.0,1453.4499999999998,1503.4499999999998
29,114,3436.0,1478.4499999999998,35.43621212121211,66,0,3421.0,3451.0,3451.0,3421.0,1453.4499999999998,1503.4499999999998
29,115,3466.0,1478.4499999999998,37.95000000000001,55,0,3451.0,3481.0,3481.0,3451.0,1453.4499999999998,1503.4499999999998
29,116,3496.0,1478.4499999999998,34.41527027027029,74,0,3481.0,3511.0,3511.0,3481.0,1453.4499999999998,1503.4499999999998
29,117,3526.0,1478.4499999999998,29.554264705882353,68,0,3511.0,3541.0,3541.0,3511.0,1453.4499999999998,1503.4499999999998
29,118,3556.0,1478.4499999999998,36.28512820512821,78,0,3541.0,3571.0,3571.0,3541.0,1453.4499999999998,1503.4499999999998
29,119,3586.0,1478.4499999999998,36.62786885245901,61,0,3571.0,3601.0,3601.0,3571.0,1453.4499999999998,1503.4499999999998
29,120,3616.0,1478.4499999999998,30.265138888888885,72,0,3601.0,3631.0,3631.0,3601.0,1453.4499999999998,1503.4499999999998
29,121,3646.0,1478.4499999999998,25.595396825396826,63,0,3631.0,3661.0,3661.0,3631.0,1453.4499999999998,1503.4499999999998
29,122,3676.0,1478.4499999999998,30.04946428571429,56,0,3661.0,3691.0,3691.0,3661.0,1453.4499999999998,1503.4499999999998
29,123,3706.0,1478.4499999999998,33.66720930232559,43,0,3691.0,3721.0,3721.0,3691.0,1453.4499999999998,1503.4499999999998
29,124,3736.0,1478.4499999999998,29.813913043478262,46,0,3721.0,3751.0,3751.0,3721.0,1453.4499999999998,1503.4499999999998
29,125,3766.0,1478.4499999999998,26.326111111111103,54,0,3751.0,3781.0,3781.0,3751.0,1453.4499999999998,1503.4499999999998
29,126,3796.0,1478.4499999999998,28.49019230769231,52,0,3781.0,3811.0,3811.0,3781.0,1453.4499999999998,1503.4499999999998
29,127,3826.0,1478.4499999999998,29.727826086956522,23,0,3811.0,3841.0,3841.0,3811.0,1453.4499999999998,1503.4499999999998
29,128,3856.0,1478.4499999999998,34.60666666666666,9,0,3841.0,3871.0,3871.0,3841.0,1453.4499999999998,1503.4499999999998
29,129,3886.0,1478.4499999999998,,0,0,3871.0,3901.0,3901.0,3871.0,1453.4499999999998,1503.4499999999998
30,0,16.0,1528.4499999999998,43.56067796610168,59,0,1.0,31.0,31.0,1.0,1503.4499999999998,1553.4499999999998
30,1,46.0,1528.4499999999998,45.802800000000005,50,0,31.0,61.0,61.0,31.0,1503.4499999999998,1553.4499999999998
30,2,76.0,1528.4499999999998,56.608749999999986,40,0,61.0,91.0,91.0,61.0,1503.4499999999998,1553.4499999999998
30,3,106.0,1528.4499999999998,59.01790697674419,43,0,91.0,121.0,121.0,91.0,1503.4499999999998,1553.4499999999998
30,4,136.0,1528.4499999999998,60.66037037037037,27,0,121.0,151.0,151.0,121.0,1503.4499999999998,1553.4499999999998
30,5,166.0,1528.4499999999998,63.84809523809523,21,0,151.0,181.0,181.0,151.0,1503.4499999999998,1553.4499999999998
30,6,196.0,1528.4499999999998,49.03999999999999,59,0,181.0,211.0,211.0,181.0,1503.4499999999998,1553.4499999999998
30,7,226.0,1528.4499999999998,44.78530612244895,49,0,211.0,241.0,241.0,211.0,1503.4499999999998,1553.4499999999998
30,8,256.0,1528.4499999999998,48.3290909090909,22,0,241.0,271.0,271.0,241.0,1503.4499999999998,1553.4499999999998
30,9,286.0,1528.4499999999998,57.49718750000001,32,0,271.0,301.0,301.0,271.0,1503.4499999999998,1553.4499999999998
30,10,316.0,1528.4499999999998,57.48052631578947,38,0,301.0,331.0,331.0,301.0,1503.4499999999998,1553.4499999999998
30,11,346.0,1528.4499999999998,60.37607142857144,28,0,331.0,361.0,361.0,331.0,1503.4499999999998,1553.4499999999998
30,12,376.0,1528.4499999999998,53.20791666666667,48,0,361.0,391.0,391.0,361.0,1503.4499999999998,1553.4499999999998
30,13,406.0,1528.4499999999998,57.401395348837205,43,0,391.0,421.0,421.0,391.0,1503.4499999999998,1553.4499999999998
30,14,436.0,1528.4499999999998,61.0537037037037,27,0,421.0,451.0,451.0,421.0,1503.4499999999998,1553.4499999999998
30,15,466.0,1528.4499999999998,61.93000000000001,32,0,451.0,481.0,481.0,451.0,1503.4499999999998,1553.4499999999998
30,16,496.0,1528.4499999999998,66.01192307692307,26,0,481.0,511.0,511.0,481.0,1503.4499999999998,1553.4499999999998
30,17,526.0,1528.4499999999998,58.511702127659575,47,0,511.0,541.0,541.0,511.0,1503.4499999999998,1553.4499999999998
30,18,556.0,1528.4499999999998,51.75666666666665,54,0,541.0,571.0,571.0,541.0,1503.4499999999998,1553.4499999999998
30,19,586.0,1528.4499999999998,51.26777777777778,45,0,571.0,601.0,601.0,571.0,1503.4499999999998,1553.4499999999998
30,20,616.0,1528.4499999999998,60.18199999999999,25,0,601.0,631.0,631.0,601.0,1503.4499999999998,1553.4499999999998
30,21,646.0,1528.4499999999998,56.30365853658536,41,0,631.0,661.0,661.0,631.0,1503.4499999999998,1553.4499999999998
30,22,676.0,1528.4499999999998,58.97666666666667,42,0,661.0,691.0,691.0,661.0,1503.4499999999998,1553.4499999999998
30,23,706.0,1528.4499999999998,50.82677419354838,31,0,691.0,721.0,721.0,691.0,1503.4499999999998,1553.4499999999998
30,24,736.0,1528.4499999999998,43.56524590163935,61,0,721.0,751.0,751.0,721.0,1503.4499999999998,1553.4499999999998
30,25,766.0,1528.4499999999998,42.954545454545446,55,0,751.0,781.0,781.0,751.0,1503.4499999999998,1553.4499999999998
30,26,796.0,1528.4499999999998,52.942258064516125,31,0,781.0,811.0,811.0,781.0,1503.4499999999998,1553.4499999999998
30,27,826.0,1528.4499999999998,50.728124999999984,48,0,811.0,841.0,841.0,811.0,1503.4499999999998,1553.4499999999998
30,28,856.0,1528.4499999999998,60.474814814814806,27,0,841.0,871.0,871.0,841.0,1503.4499999999998,1553.4499999999998
30,29,886.0,1528.4499999999998,59.16511111111111,45,0,871.0,901.0,901.0,871.0,1503.4499999999998,1553.4499999999998
30,30,916.0,1528.4499999999998,54.1552380952381,42,0,901.0,931.0,931.0,901.0,1503.4499999999998,1553.4499999999998
30,31,946.0,1528.4499999999998,52.83207547169811,53,0,931.0,961.0,961.0,931.0,1503.4499999999998,1553.4499999999998
30,32,976.0,1528.4499999999998,54.84680000000001,50,0,961.0,991.0,991.0,961.0,1503.4499999999998,1553.4499999999998
30,33,1006.0,1528.4499999999998,50.898500000000006,40,0,991.0,1021.0,1021.0,991.0,1503.4499999999998,1553.4499999999998
30,34,1036.0,1528.4499999999998,49.106382978723424,47,0,1021.0,1051.0,1051.0,1021.0,1503.4499999999998,1553.4499999999998
30,35,1066.0,1528.4499999999998,40.827872340425536,47,0,1051.0,1081.0,1081.0,1051.0,1503.4499999999998,1553.4499999999998
30,36,1096.0,1528.4499999999998,32.48848101265822,79,0,1081.0,1111.0,1111.0,1081.0,1503.4499999999998,1553.4499999999998
30,37,1126.0,1528.4499999999998,33.36262295081967,61,0,1111.0,1141.0,1141.0,1111.0,1503.4499999999998,1553.4499999999998
30,38,1156.0,1528.4499999999998,39.363333333333344,51,0,1141.0,1171.0,1171.0,1141.0,1503.4499999999998,1553.4499999999998
30,39,1186.0,1528.4499999999998,39.27261538461539,65,0,1171.0,1201.0,1201.0,1171.0,1503.4499999999998,1553.4499999999998
30,40,1216.0,1528.4499999999998,47.93490909090908,55,0,1201.0,1231.0,1231.0,1201.0,1503.4499999999998,1553.4499999999998
30,41,1246.0,1528.4499999999998,51.99642857142858,42,0,1231.0,1261.0,1261.0,1231.0,1503.4499999999998,1553.4499999999998
30,42,1276.0,1528.4499999999998,55.937027027027014,37,0,1261.0,1291.0,1291.0,1261.0,1503.4499999999998,1553.4499999999998
30,43,1306.0,1528.4499999999998,53.467083333333335,48,0,1291.0,1321.0,1321.0,1291.0,1503.4499999999998,1553.4499999999998
30,44,1336.0,1528.4499999999998,54.107142857142854,35,0,1321.0,1351.0,1351.0,1321.0,1503.4499999999998,1553.4499999999998
30,45,1366.0,1528.4499999999998,55.453571428571436,28,0,1351.0,1381.0,1381.0,1351.0,1503.4499999999998,1553.4499999999998
30,46,1396.0,1528.4499999999998,51.89071428571429,56,0,1381.0,1411.0,1411.0,1381.0,1503.4499999999998,1553.4499999999998
30,47,1426.0,1528.4499999999998,54.07803571428572,56,0,1411.0,1441.0,1441.0,1411.0,1503.4499999999998,1553.4499999999998
30,48,1456.0,1528.4499999999998,53.51711111111109,45,0,1441.0,1471.0,1471.0,1441.0,1503.4499999999998,1553.4499999999998
30,49,1486.0,1528.4499999999998,55.368974358974356,39,0,1471.0,1501.0,1501.0,1471.0,1503.4499999999998,1553.4499999999998
30,50,1516.0,1528.4499999999998,62.06647058823531,34,0,1501.0,1531.0,1531.0,1501.0,1503.4499999999998,1553.4499999999998
30,51,1546.0,1528.4499999999998,62.044117647058826,34,0,1531.0,1561.0,1561.0,1531.0,1503.4499999999998,1553.4499999999998
30,52,1576.0,1528.4499999999998,62.117948717948714,39,0,1561.0,1591.0,1591.0,1561.0,1503.4499999999998,1553.4499999999998
30,53,1606.0,1528.4499999999998,54.10181818181818,44,0,1591.0,1621.0,1621.0,1591.0,1503.4499999999998,1553.4499999999998
30,54,1636.0,1528.4499999999998,59.91222222222222,27,0,1621.0,1651.0,1651.0,1621.0,1503.4499999999998,1553.4499999999998
30,55,1666.0,1528.4499999999998,65.8378125,32,0,1651.0,1681.0,1681.0,1651.0,1503.4499999999998,1553.4499999999998
30,56,1696.0,1528.4499999999998,62.3932142857143,28,0,1681.0,1711.0,1711.0,1681.0,1503.4499999999998,1553.4499999999998
30,57,1726.0,1528.4499999999998,48.74142857142857,42,0,1711.0,1741.0,1741.0,1711.0,1503.4499999999998,1553.4499999999998
30,58,1756.0,1528.4499999999998,55.12200000000001,35,0,1741.0,1771.0,1771.0,1741.0,1503.4499999999998,1553.4499999999998
30,59,1786.0,1528.4499999999998,54.557209302325596,43,0,1771.0,1801.0,1801.0,1771.0,1503.4499999999998,1553.4499999999998
30,60,1816.0,1528.4499999999998,55.08307692307694,39,0,1801.0,1831.0,1831.0,1801.0,1503.4499999999998,1553.4499999999998
30,61,1846.0,1528.4499999999998,55.0245,40,0,1831.0,1861.0,1861.0,1831.0,1503.4499999999998,1553.4499999999998
30,62,1876.0,1528.4499999999998,50.8508,50,0,1861.0,1891.0,1891.0,1861.0,1503.4499999999998,1553.4499999999998
30,63,1906.0,1528.4499999999998,53.04060606060606,33,0,1891.0,1921.0,1921.0,1891.0,1503.4499999999998,1553.4499999999998
30,64,1936.0,1528.4499999999998,45.14516666666666,60,0,1921.0,1951.0,1951.0,1921.0,1503.4499999999998,1553.4499999999998
30,65,1966.0,1528.4499999999998,44.62140350877194,57,0,1951.0,1981.0,1981.0,1951.0,1503.4499999999998,1553.4499999999998
30,66,1996.0,1528.4499999999998,48.50023255813954,43,0,1981.0,2011.0,2011.0,1981.0,1503.4499999999998,1553.4499999999998
30,67,2026.0,1528.4499999999998,50.563863636363614,44,0,2011.0,2041.0,2041.0,2011.0,1503.4499999999998,1553.4499999999998
30,68,2056.0,1528.4499999999998,60.78172413793104,29,0,2041.0,2071.0,2071.0,2041.0,1503.4499999999998,1553.4499999999998
30,69,2086.0,1528.4499999999998,52.438333333333325,48,0,2071.0,2101.0,2101.0,2071.0,1503.4499999999998,1553.4499999999998
30,70,2116.0,1528.4499999999998,55.45772727272727,44,0,2101.0,2131.0,2131.0,2101.0,1503.4499999999998,1553.4499999999998
30,71,2146.0,1528.4499999999998,50.19244444444444,45,0,2131.0,2161.0,2161.0,2131.0,1503.4499999999998,1553.4499999999998
30,72,2176.0,1528.4499999999998,44.26857142857143,49,0,2161.0,2191.0,2191.0,2161.0,1503.4499999999998,1553.4499999999998
30,73,2206.0,1528.4499999999998,47.25735294117647,34,0,2191.0,2221.0,2221.0,2191.0,1503.4499999999998,1553.4499999999998
30,74,2236.0,1528.4499999999998,39.67597014925373,67,0,2221.0,2251.0,2251.0,2221.0,1503.4499999999998,1553.4499999999998
30,75,2266.0,1528.4499999999998,40.7484745762712,59,0,2251.0,2281.0,2281.0,2251.0,1503.4499999999998,1553.4499999999998
30,76,2296.0,1528.4499999999998,34.796493506493526,77,0,2281.0,2311.0,2311.0,2281.0,1503.4499999999998,1553.4499999999998
30,77,2326.0,1528.4499999999998,41.62627450980391,51,0,2311.0,2341.0,2341.0,2311.0,1503.4499999999998,1553.4499999999998
30,78,2356.0,1528.4499999999998,43.82703703703702,54,0,2341.0,2371.0,2371.0,2341.0,1503.4499999999998,1553.4499999999998
30,79,2386.0,1528.4499999999998,38.550499999999985,40,0,2371.0,2401.0,2401.0,2371.0,1503.4499999999998,1553.4499999999998
30,80,2416.0,1528.4499999999998,42.181999999999995,50,0,2401.0,2431.0,2431.0,2401.0,1503.4499999999998,1553.4499999999998
30,81,2446.0,1528.4499999999998,41.580175438596505,57,0,2431.0,2461.0,2461.0,2431.0,1503.4499999999998,1553.4499999999998
30,82,2476.0,1528.4499999999998,37.87090909090909,66,0,2461.0,2491.0,2491.0,2461.0,1503.4499999999998,1553.4499999999998
30,83,2506.0,1528.4499999999998,35.14444444444444,72,0,2491.0,2521.0,2521.0,2491.0,1503.4499999999998,1553.4499999999998
30,84,2536.0,1528.4499999999998,41.42232142857142,56,0,2521.0,2551.0,2551.0,2521.0,1503.4499999999998,1553.4499999999998
30,85,2566.0,1528.4499999999998,40.742692307692316,52,0,2551.0,2581.0,2581.0,2551.0,1503.4499999999998,1553.4499999999998
30,86,2596.0,1528.4499999999998,43.97096153846154,52,0,2581.0,2611.0,2611.0,2581.0,1503.4499999999998,1553.4499999999998
30,87,2626.0,1528.4499999999998,40.39066666666667,60,0,2611.0,2641.0,2641.0,2611.0,1503.4499999999998,1553.4499999999998
30,88,2656.0,1528.4499999999998,37.46913793103448,58,0,2641.0,2671.0,2671.0,2641.0,1503.4499999999998,1553.4499999999998
30,89,2686.0,1528.4499999999998,34.39461538461539,52,0,2671.0,2701.0,2701.0,2671.0,1503.4499999999998,1553.4499999999998
30,90,2716.0,1528.4499999999998,33.29365079365079,63,0,2701.0,2731.0,2731.0,2701.0,1503.4499999999998,1553.4499999999998
30,91,2746.0,1528.4499999999998,31.131388888888896,72,0,2731.0,2761.0,2761.0,2731.0,1503.4499999999998,1553.4499999999998
30,92,2776.0,1528.4499999999998,28.11732394366197,71,0,2761.0,2791.0,2791.0,2761.0,1503.4499999999998,1553.4499999999998
30,93,2806.0,1528.4499999999998,28.94941176470589,68,0,2791.0,2821.0,2821.0,2791.0,1503.4499999999998,1553.4499999999998
30,94,2836.0,1528.4499999999998,30.876603773584897,53,0,2821.0,2851.0,2851.0,2821.0,1503.4499999999998,1553.4499999999998
30,95,2866.0,1528.4499999999998,32.07220588235294,68,0,2851.0,2881.0,2881.0,2851.0,1503.4499999999998,1553.4499999999998
30,96,2896.0,1528.4499999999998,38.405454545454546,55,0,2881.0,2911.0,2911.0,2881.0,1503.4499999999998,1553.4499999999998
30,97,2926.0,1528.4499999999998,35.32067796610169,59,0,2911.0,2941.0,2941.0,2911.0,1503.4499999999998,1553.4499999999998
30,98,2956.0,1528.4499999999998,36.15,59,0,2941.0,2971.0,2971.0,2941.0,1503.4499999999998,1553.4499999999998
30,99,2986.0,1528.4499999999998,31.445555555555543,72,0,2971.0,3001.0,3001.0,2971.0,1503.4499999999998,1553.4499999999998
30,100,3016.0,1528.4499999999998,38.79942307692307,52,0,3001.0,3031.0,3031.0,3001.0,1503.4499999999998,1553.4499999999998
30,101,3046.0,1528.4499999999998,43.76230769230769,39,0,3031.0,3061.0,3061.0,3031.0,1503.4499999999998,1553.4499999999998
30,102,3076.0,1528.4499999999998,38.79016129032258,62,0,3061.0,3091.0,3091.0,3061.0,1503.4499999999998,1553.4499999999998
30,103,3106.0,1528.4499999999998,36.480399999999996,50,0,3091.0,3121.0,3121.0,3091.0,1503.4499999999998,1553.4499999999998
30,104,3136.0,1528.4499999999998,31.826206896551724,58,0,3121.0,3151.0,3151.0,3121.0,1503.4499999999998,1553.4499999999998
30,105,3166.0,1528.4499999999998,36.726600000000005,50,0,3151.0,3181.0,3181.0,3151.0,1503.4499999999998,1553.4499999999998
30,106,3196.0,1528.4499999999998,31.853552631578957,76,0,3181.0,3211.0,3211.0,3181.0,1503.4499999999998,1553.4499999999998
30,107,3226.0,1528.4499999999998,35.81196721311476,61,0,3211.0,3241.0,3241.0,3211.0,1503.4499999999998,1553.4499999999998
30,108,3256.0,1528.4499999999998,33.29366666666667,60,0,3241.0,3271.0,3271.0,3241.0,1503.4499999999998,1553.4499999999998
30,109,3286.0,1528.4499999999998,35.58444444444444,54,0,3271.0,3301.0,3301.0,3271.0,1503.4499999999998,1553.4499999999998
30,110,3316.0,1528.4499999999998,38.21113207547169,53,0,3301.0,3331.0,3331.0,3301.0,1503.4499999999998,1553.4499999999998
30,111,3346.0,1528.4499999999998,37.59919999999999,50,0,3331.0,3361.0,3361.0,3331.0,1503.4499999999998,1553.4499999999998
30,112,3376.0,1528.4499999999998,35.519122807017546,57,0,3361.0,3391.0,3391.0,3361.0,1503.4499999999998,1553.4499999999998
30,113,3406.0,1528.4499999999998,35.85033898305084,59,0,3391.0,3421.0,3421.0,3391.0,1503.4499999999998,1553.4499999999998
30,114,3436.0,1528.4499999999998,36.11310344827586,58,0,3421.0,3451.0,3451.0,3421.0,1503.4499999999998,1553.4499999999998
30,115,3466.0,1528.4499999999998,31.516301369863015,73,0,3451.0,3481.0,3481.0,3451.0,1503.4499999999998,1553.4499999999998
30,116,3496.0,1528.4499999999998,28.72109649122807,76,0,3481.0,3511.0,3511.0,3481.0,1503.4499999999998,1553.4499999999998
30,117,3526.0,1528.4499999999998,28.588607594936708,79,0,3511.0,3541.0,3541.0,3511.0,1503.4499999999998,1553.4499999999998
30,118,3556.0,1528.4499999999998,35.30957746478872,71,0,3541.0,3571.0,3571.0,3541.0,1503.4499999999998,1553.4499999999998
30,119,3586.0,1528.4499999999998,30.669565217391302,69,0,3571.0,3601.0,3601.0,3571.0,1503.4499999999998,1553.4499999999998
30,120,3616.0,1528.4499999999998,29.65691176470588,68,0,3601.0,3631.0,3631.0,3601.0,1503.4499999999998,1553.4499999999998
30,121,3646.0,1528.4499999999998,27.862258064516134,62,0,3631.0,3661.0,3661.0,3631.0,1503.4499999999998,1553.4499999999998
30,122,3676.0,1528.4499999999998,30.986530612244895,49,0,3661.0,3691.0,3691.0,3661.0,1503.4499999999998,1553.4499999999998
30,123,3706.0,1528.4499999999998,35.4204,50,0,3691.0,3721.0,3721.0,3691.0,1503.4499999999998,1553.4499999999998
30,124,3736.0,1528.4499999999998,33.857,30,0,3721.0,3751.0,3751.0,3721.0,1503.4499999999998,1553.4499999999998
30,125,3766.0,1528.4499999999998,26.918085106382975,47,0,3751.0,3781.0,3781.0,3751.0,1503.4499999999998,1553.4499999999998
30,126,3796.0,1528.4499999999998,31.480476190476203,42,0,3781.0,3811.0,3811.0,3781.0,1503.4499999999998,1553.4499999999998
30,127,3826.0,1528.4499999999998,34.22076923076923,26,0,3811.0,3841.0,3841.0,3811.0,1503.4499999999998,1553.4499999999998
30,128,3856.0,1528.4499999999998,37.51909090909091,11,0,3841.0,3871.0,3871.0,3841.0,1503.4499999999998,1553.4499999999998
30,129,3886.0,1528.4499999999998,,0,0,3871.0,3901.0,3901.0,3871.0,1503.4499999999998,1553.4499999999998
31,0,16.0,1578.4499999999998,45.63725490196079,51,0,1.0,31.0,31.0,1.0,1553.4499999999998,1603.4499999999998
31,1,46.0,1578.4499999999998,46.61668458781362,62,0,31.0,61.0,61.0,31.0,1553.4499999999998,1603.4499999999998
31,2,76.0,1578.4499999999998,55.099869281045756,34,0,61.0,91.0,91.0,61.0,1553.4499999999998,1603.4499999999998
31,3,106.0,1578.4499999999998,59.610888888888894,45,0,91.0,121.0,121.0,91.0,1553.4499999999998,1603.4499999999998
31,4,136.0,1578.4499999999998,62.24724137931034,29,0,121.0,151.0,151.0,121.0,1553.4499999999998,1603.4499999999998
31,5,166.0,1578.4499999999998,64.19500000000001,20,0,151.0,181.0,181.0,151.0,1553.4499999999998,1603.4499999999998
31,6,196.0,1578.4499999999998,55.467499999999994,48,0,181.0,211.0,211.0,181.0,1553.4499999999998,1603.4499999999998
31,7,226.0,1578.4499999999998,46.55681818181818,44,0,211.0,241.0,241.0,211.0,1553.4499999999998,1603.4499999999998
31,8,256.0,1578.4499999999998,41.831750000000014,40,0,241.0,271.0,271.0,241.0,1553.4499999999998,1603.4499999999998
31,9,286.0,1578.4499999999998,57.46508960573478,31,0,271.0,301.0,301.0,271.0,1553.4499999999998,1603.4499999999998
31,10,316.0,1578.4499999999998,57.5558536585366,41,0,301.0,331.0,331.0,301.0,1553.4499999999998,1603.4499999999998
31,11,346.0,1578.4499999999998,61.595833333333324,24,0,331.0,361.0,361.0,331.0,1553.4499999999998,1603.4499999999998
31,12,376.0,1578.4499999999998,54.19779999999999,50,0,361.0,391.0,391.0,361.0,1553.4499999999998,1603.4499999999998
31,13,406.0,1578.4499999999998,57.20829787234042,47,0,391.0,421.0,421.0,391.0,1553.4499999999998,1603.4499999999998
31,14,436.0,1578.4499999999998,61.28124999999999,24,0,421.0,451.0,451.0,421.0,1553.4499999999998,1603.4499999999998
31,15,466.0,1578.4499999999998,63.5184375,32,0,451.0,481.0,481.0,451.0,1553.4499999999998,1603.4499999999998
31,16,496.0,1578.4499999999998,64.77720000000001,25,0,481.0,511.0,511.0,481.0,1553.4499999999998,1603.4499999999998
31,17,526.0,1578.4499999999998,59.53999999999999,43,0,511.0,541.0,541.0,511.0,1553.4499999999998,1603.4499999999998
31,18,556.0,1578.4499999999998,53.01090909090912,55,0,541.0,571.0,571.0,541.0,1553.4499999999998,1603.4499999999998
31,19,586.0,1578.4499999999998,51.36021276595744,47,0,571.0,601.0,601.0,571.0,1553.4499999999998,1603.4499999999998
31,20,616.0,1578.4499999999998,60.881714285714274,35,0,601.0,631.0,631.0,601.0,1553.4499999999998,1603.4499999999998
31,21,646.0,1578.4499999999998,58.268648648648664,37,0,631.0,661.0,661.0,631.0,1553.4499999999998,1603.4499999999998
31,22,676.0,1578.4499999999998,57.81872340425532,47,0,661.0,691.0,691.0,661.0,1553.4499999999998,1603.4499999999998
31,23,706.0,1578.4499999999998,53.90999999999999,28,0,691.0,721.0,721.0,691.0,1553.4499999999998,1603.4499999999998
31,24,736.0,1578.4499999999998,46.19258620689654,58,0,721.0,751.0,751.0,721.0,1553.4499999999998,1603.4499999999998
31,25,766.0,1578.4499999999998,42.58894736842105,57,0,751.0,781.0,781.0,751.0,1553.4499999999998,1603.4499999999998
31,26,796.0,1578.4499999999998,52.981428571428566,35,0,781.0,811.0,811.0,781.0,1553.4499999999998,1603.4499999999998
31,27,826.0,1578.4499999999998,50.484666666666655,45,0,811.0,841.0,841.0,811.0,1553.4499999999998,1603.4499999999998
31,28,856.0,1578.4499999999998,59.298571428571435,28,0,841.0,871.0,871.0,841.0,1553.4499999999998,1603.4499999999998
31,29,886.0,1578.4499999999998,60.23361702127659,47,0,871.0,901.0,901.0,871.0,1553.4499999999998,1603.4499999999998
31,30,916.0,1578.4499999999998,55.29209302325582,43,0,901.0,931.0,931.0,901.0,1553.4499999999998,1603.4499999999998
31,31,946.0,1578.4499999999998,53.79142857142857,49,0,931.0,961.0,961.0,931.0,1553.4499999999998,1603.4499999999998
31,32,976.0,1578.4499999999998,54.86022222222221,45,0,961.0,991.0,991.0,961.0,1553.4499999999998,1603.4499999999998
31,33,1006.0,1578.4499999999998,52.129148936170225,47,0,991.0,1021.0,1021.0,991.0,1553.4499999999998,1603.4499999999998
31,34,1036.0,1578.4499999999998,51.542708333333344,48,0,1021.0,1051.0,1051.0,1021.0,1553.4499999999998,1603.4499999999998
31,35,1066.0,1578.4499999999998,45.88023255813953,43,0,1051.0,1081.0,1081.0,1051.0,1553.4499999999998,1603.4499999999998
31,36,1096.0,1578.4499999999998,35.5330985915493,71,0,1081.0,1111.0,1111.0,1081.0,1553.4499999999998,1603.4499999999998
31,37,1126.0,1578.4499999999998,38.21299999999999,60,0,1111.0,1141.0,1141.0,1111.0,1553.4499999999998,1603.4499999999998
31,38,1156.0,1578.4499999999998,39.93891304347826,46,0,1141.0,1171.0,1171.0,1141.0,1553.4499999999998,1603.4499999999998
31,39,1186.0,1578.4499999999998,39.897903225806445,62,0,1171.0,1201.0,1201.0,1171.0,1553.4499999999998,1603.4499999999998
31,40,1216.0,1578.4499999999998,44.70806451612904,62,0,1201.0,1231.0,1231.0,1201.0,1553.4499999999998,1603.4499999999998
31,41,1246.0,1578.4499999999998,53.41309523809526,42,0,1231.0,1261.0,1261.0,1231.0,1553.4499999999998,1603.4499999999998
31,42,1276.0,1578.4499999999998,54.87666666666667,42,0,1261.0,1291.0,1291.0,1261.0,1553.4499999999998,1603.4499999999998
31,43,1306.0,1578.4499999999998,56.121818181818206,44,0,1291.0,1321.0,1321.0,1291.0,1553.4499999999998,1603.4499999999998
31,44,1336.0,1578.4499999999998,54.07333333333334,30,0,1321.0,1351.0,1351.0,1321.0,1553.4499999999998,1603.4499999999998
31,45,1366.0,1578.4499999999998,54.27085714285714,35,0,1351.0,1381.0,1381.0,1351.0,1553.4499999999998,1603.4499999999998
31,46,1396.0,1578.4499999999998,53.538367346938756,49,0,1381.0,1411.0,1411.0,1381.0,1553.4499999999998,1603.4499999999998
31,47,1426.0,1578.4499999999998,54.8177358490566,53,0,1411.0,1441.0,1441.0,1411.0,1553.4499999999998,1603.4499999999998
31,48,1456.0,1578.4499999999998,52.099999999999994,50,0,1441.0,1471.0,1471.0,1441.0,1553.4499999999998,1603.4499999999998
31,49,1486.0,1578.4499999999998,55.84815789473684,38,0,1471.0,1501.0,1501.0,1471.0,1553.4499999999998,1603.4499999999998
31,50,1516.0,1578.4499999999998,61.35854938271604,36,0,1501.0,1531.0,1531.0,1501.0,1553.4499999999998,1603.4499999999998
31,51,1546.0,1578.4499999999998,62.82000000000001,35,0,1531.0,1561.0,1561.0,1531.0,1553.4499999999998,1603.4499999999998
31,52,1576.0,1578.4499999999998,63.212894736842124,38,0,1561.0,1591.0,1591.0,1561.0,1553.4499999999998,1603.4499999999998
31,53,1606.0,1578.4499999999998,55.73888888888888,36,0,1591.0,1621.0,1621.0,1591.0,1553.4499999999998,1603.4499999999998
31,54,1636.0,1578.4499999999998,55.815437499999994,40,0,1621.0,1651.0,1651.0,1621.0,1553.4499999999998,1603.4499999999998
31,55,1666.0,1578.4499999999998,66.00645161290323,31,0,1651.0,1681.0,1681.0,1651.0,1553.4499999999998,1603.4499999999998
31,56,1696.0,1578.4499999999998,62.27050000000001,20,0,1681.0,1711.0,1711.0,1681.0,1553.4499999999998,1603.4499999999998
31,57,1726.0,1578.4499999999998,51.218749999999986,40,0,1711.0,1741.0,1741.0,1711.0,1553.4499999999998,1603.4499999999998
31,58,1756.0,1578.4499999999998,56.907,30,0,1741.0,1771.0,1771.0,1741.0,1553.4499999999998,1603.4499999999998
31,59,1786.0,1578.4499999999998,53.49020833333332,48,0,1771.0,1801.0,1801.0,1771.0,1553.4499999999998,1603.4499999999998
31,60,1816.0,1578.4499999999998,55.616486486486494,37,0,1801.0,1831.0,1831.0,1801.0,1553.4499999999998,1603.4499999999998
31,61,1846.0,1578.4499999999998,54.35276595744681,47,0,1831.0,1861.0,1861.0,1831.0,1553.4499999999998,1603.4499999999998
31,62,1876.0,1578.4499999999998,54.311463414634154,41,0,1861.0,1891.0,1891.0,1861.0,1553.4499999999998,1603.4499999999998
31,63,1906.0,1578.4499999999998,54.94242424242423,33,0,1891.0,1921.0,1921.0,1891.0,1553.4499999999998,1603.4499999999998
31,64,1936.0,1578.4499999999998,47.85849056603775,53,0,1921.0,1951.0,1951.0,1921.0,1553.4499999999998,1603.4499999999998
31,65,1966.0,1578.4499999999998,46.672564102564095,52,0,1951.0,1981.0,1981.0,1951.0,1553.4499999999998,1603.4499999999998
31,66,1996.0,1578.4499999999998,49.39166666666665,42,0,1981.0,2011.0,2011.0,1981.0,1553.4499999999998,1603.4499999999998
31,67,2026.0,1578.4499999999998,51.86347826086955,46,0,2011.0,2041.0,2041.0,2011.0,1553.4499999999998,1603.4499999999998
31,68,2056.0,1578.4499999999998,61.848399999999984,25,0,2041.0,2071.0,2071.0,2041.0,1553.4499999999998,1603.4499999999998
31,69,2086.0,1578.4499999999998,52.95416666666665,48,0,2071.0,2101.0,2101.0,2071.0,1553.4499999999998,1603.4499999999998
31,70,2116.0,1578.4499999999998,56.70857142857143,42,0,2101.0,2131.0,2131.0,2101.0,1553.4499999999998,1603.4499999999998
31,71,2146.0,1578.4499999999998,51.078372093023255,43,0,2131.0,2161.0,2161.0,2131.0,1553.4499999999998,1603.4499999999998
31,72,2176.0,1578.4499999999998,44.03964360587002,53,0,2161.0,2191.0,2191.0,2161.0,1553.4499999999998,1603.4499999999998
31,73,2206.0,1578.4499999999998,48.3316129032258,31,0,2191.0,2221.0,2221.0,2191.0,1553.4499999999998,1603.4499999999998
31,74,2236.0,1578.4499999999998,44.14781818181817,55,0,2221.0,2251.0,2251.0,2221.0,1553.4499999999998,1603.4499999999998
31,75,2266.0,1578.4499999999998,43.54722222222222,54,0,2251.0,2281.0,2281.0,2251.0,1553.4499999999998,1603.4499999999998
31,76,2296.0,1578.4499999999998,40.104769230769236,65,0,2281.0,2311.0,2311.0,2281.0,1553.4499999999998,1603.4499999999998
31,77,2326.0,1578.4499999999998,44.49892857142856,56,0,2311.0,2341.0,2341.0,2311.0,1553.4499999999998,1603.4499999999998
31,78,2356.0,1578.4499999999998,47.723829787234045,47,0,2341.0,2371.0,2371.0,2341.0,1553.4499999999998,1603.4499999999998
31,79,2386.0,1578.4499999999998,42.06201754385965,38,0,2371.0,2401.0,2401.0,2371.0,1553.4499999999998,1603.4499999999998
31,80,2416.0,1578.4499999999998,46.548785529715765,43,0,2401.0,2431.0,2431.0,2401.0,1553.4499999999998,1603.4499999999998
31,81,2446.0,1578.4499999999998,43.76456140350877,57,0,2431.0,2461.0,2461.0,2431.0,1553.4499999999998,1603.4499999999998
31,82,2476.0,1578.4499999999998,40.850350877192966,57,0,2461.0,2491.0,2491.0,2461.0,1553.4499999999998,1603.4499999999998
31,83,2506.0,1578.4499999999998,36.154492753623195,69,0,2491.0,2521.0,2521.0,2491.0,1553.4499999999998,1603.4499999999998
31,84,2536.0,1578.4499999999998,41.68705882352941,51,0,2521.0,2551.0,2551.0,2521.0,1553.4499999999998,1603.4499999999998
31,85,2566.0,1578.4499999999998,37.93393442622951,61,0,2551.0,2581.0,2581.0,2551.0,1553.4499999999998,1603.4499999999998
31,86,2596.0,1578.4499999999998,43.512244897959185,49,0,2581.0,2611.0,2611.0,2581.0,1553.4499999999998,1603.4499999999998
31,87,2626.0,1578.4499999999998,45.60038461538462,52,0,2611.0,2641.0,2641.0,2611.0,1553.4499999999998,1603.4499999999998
31,88,2656.0,1578.4499999999998,40.221475409836074,61,0,2641.0,2671.0,2671.0,2641.0,1553.4499999999998,1603.4499999999998
31,89,2686.0,1578.4499999999998,38.5662,50,0,2671.0,2701.0,2701.0,2671.0,1553.4499999999998,1603.4499999999998
31,90,2716.0,1578.4499999999998,30.8156338028169,71,0,2701.0,2731.0,2731.0,2701.0,1553.4499999999998,1603.4499999999998
31,91,2746.0,1578.4499999999998,25.890266666666665,75,0,2731.0,2761.0,2761.0,2731.0,1553.4499999999998,1603.4499999999998
31,92,2776.0,1578.4499999999998,23.93548780487805,82,0,2761.0,2791.0,2791.0,2761.0,1553.4499999999998,1603.4499999999998
31,93,2806.0,1578.4499999999998,30.415555555555557,72,0,2791.0,2821.0,2821.0,2791.0,1553.4499999999998,1603.4499999999998
31,94,2836.0,1578.4499999999998,35.97531914893616,47,0,2821.0,2851.0,2851.0,2821.0,1553.4499999999998,1603.4499999999998
31,95,2866.0,1578.4499999999998,31.371791044776124,67,0,2851.0,2881.0,2881.0,2851.0,1553.4499999999998,1603.4499999999998
31,96,2896.0,1578.4499999999998,37.89413793103448,58,0,2881.0,2911.0,2911.0,2881.0,1553.4499999999998,1603.4499999999998
31,97,2926.0,1578.4499999999998,39.71188679245282,53,0,2911.0,2941.0,2941.0,2911.0,1553.4499999999998,1603.4499999999998
31,98,2956.0,1578.4499999999998,38.853846153846156,65,0,2941.0,2971.0,2971.0,2941.0,1553.4499999999998,1603.4499999999998
31,99,2986.0,1578.4499999999998,36.29268656716419,67,0,2971.0,3001.0,3001.0,2971.0,1553.4499999999998,1603.4499999999998
31,100,3016.0,1578.4499999999998,39.71529411764706,51,0,3001.0,3031.0,3031.0,3001.0,1553.4499999999998,1603.4499999999998
31,101,3046.0,1578.4499999999998,47.63702702702703,37,0,3031.0,3061.0,3061.0,3031.0,1553.4499999999998,1603.4499999999998
31,102,3076.0,1578.4499999999998,42.26625000000001,56,0,3061.0,3091.0,3091.0,3061.0,1553.4499999999998,1603.4499999999998
31,103,3106.0,1578.4499999999998,40.43116279069768,43,0,3091.0,3121.0,3121.0,3091.0,1553.4499999999998,1603.4499999999998
31,104,3136.0,1578.4499999999998,36.09577777777778,45,0,3121.0,3151.0,3151.0,3121.0,1553.4499999999998,1603.4499999999998
31,105,3166.0,1578.4499999999998,41.124400000000016,50,0,3151.0,3181.0,3181.0,3151.0,1553.4499999999998,1603.4499999999998
31,106,3196.0,1578.4499999999998,34.729696969696974,66,0,3181.0,3211.0,3211.0,3181.0,1553.4499999999998,1603.4499999999998
31,107,3226.0,1578.4499999999998,33.533461538461545,78,0,3211.0,3241.0,3241.0,3211.0,1553.4499999999998,1603.4499999999998
31,108,3256.0,1578.4499999999998,37.13238993710691,53,0,3241.0,3271.0,3271.0,3241.0,1553.4499999999998,1603.4499999999998
31,109,3286.0,1578.4499999999998,35.73918032786885,61,0,3271.0,3301.0,3301.0,3271.0,1553.4499999999998,1603.4499999999998
31,110,3316.0,1578.4499999999998,41.774081632653065,49,0,3301.0,3331.0,3331.0,3301.0,1553.4499999999998,1603.4499999999998
31,111,3346.0,1578.4499999999998,43.952222222222225,45,0,3331.0,3361.0,3361.0,3331.0,1553.4499999999998,1603.4499999999998
31,112,3376.0,1578.4499999999998,41.28326086956522,46,0,3361.0,3391.0,3391.0,3361.0,1553.4499999999998,1603.4499999999998
31,113,3406.0,1578.4499999999998,35.75600000000001,60,0,3391.0,3421.0,3421.0,3391.0,1553.4499999999998,1603.4499999999998
31,114,3436.0,1578.4499999999998,39.002238805970144,67,0,3421.0,3451.0,3451.0,3421.0,1553.4499999999998,1603.4499999999998
31,115,3466.0,1578.4499999999998,32.20974937343358,57,0,3451.0,3481.0,3481.0,3451.0,1553.4499999999998,1603.4499999999998
31,116,3496.0,1578.4499999999998,27.59701492537314,67,0,3481.0,3511.0,3511.0,3481.0,1553.4499999999998,1603.4499999999998
31,117,3526.0,1578.4499999999998,25.794601139601152,78,0,3511.0,3541.0,3541.0,3511.0,1553.4499999999998,1603.4499999999998
31,118,3556.0,1578.4499999999998,35.37015756302521,68,0,3541.0,3571.0,3571.0,3541.0,1553.4499999999998,1603.4499999999998
31,119,3586.0,1578.4499999999998,31.76383561643836,73,0,3571.0,3601.0,3601.0,3571.0,1553.4499999999998,1603.4499999999998
31,120,3616.0,1578.4499999999998,30.514516129032256,62,0,3601.0,3631.0,3631.0,3601.0,1553.4499999999998,1603.4499999999998
31,121,3646.0,1578.4499999999998,28.778208955223878,67,0,3631.0,3661.0,3661.0,3631.0,1553.4499999999998,1603.4499999999998
31,122,3676.0,1578.4499999999998,33.980930232558144,43,0,3661.0,3691.0,3691.0,3661.0,1553.4499999999998,1603.4499999999998
31,123,3706.0,1578.4499999999998,33.98872727272728,55,0,3691.0,3721.0,3721.0,3691.0,1553.4499999999998,1603.4499999999998
31,124,3736.0,1578.4499999999998,37.32233333333333,30,0,3721.0,3751.0,3751.0,3721.0,1553.4499999999998,1603.4499999999998
31,125,3766.0,1578.4499999999998,36.72386363636363,44,0,3751.0,3781.0,3781.0,3751.0,1553.4499999999998,1603.4499999999998
31,126,3796.0,1578.4499999999998,34.64205128205127,39,0,3781.0,3811.0,3811.0,3781.0,1553.4499999999998,1603.4499999999998
31,127,3826.0,1578.4499999999998,40.55962962962963,27,0,3811.0,3841.0,3841.0,3811.0,1553.4499999999998,1603.4499999999998
31,128,3856.0,1578.4499999999998,40.75000000000001,12,0,3841.0,3871.0,3871.0,3841.0,1553.4499999999998,1603.4499999999998
31,129,3886.0,1578.4499999999998,,0,0,3871.0,3901.0,3901.0,3871.0,1553.4499999999998,1603.4499999999998
32,0,16.0,1628.4499999999998,48.26968749999999,32,0,1.0,31.0,31.0,1.0,1603.4499999999998,1653.4499999999998
32,1,46.0,1628.4499999999998,44.80911458333332,64,0,31.0,61.0,61.0,31.0,1603.4499999999998,1653.4499999999998
32,2,76.0,1628.4499999999998,52.685,38,0,61.0,91.0,91.0,61.0,1603.4499999999998,1653.4499999999998
32,3,106.0,1628.4499999999998,59.76756756756757,37,0,91.0,121.0,121.0,91.0,1603.4499999999998,1653.4499999999998
32,4,136.0,1628.4499999999998,63.75964912280702,19,0,121.0,151.0,151.0,121.0,1603.4499999999998,1653.4499999999998
32,5,166.0,1628.4499999999998,62.50869565217391,23,0,151.0,181.0,181.0,151.0,1603.4499999999998,1653.4499999999998
32,6,196.0,1628.4499999999998,57.68777777777778,36,0,181.0,211.0,211.0,181.0,1603.4499999999998,1653.4499999999998
32,7,226.0,1628.4499999999998,49.742777777777775,36,0,211.0,241.0,241.0,211.0,1603.4499999999998,1653.4499999999998
32,8,256.0,1628.4499999999998,39.23652173913043,46,0,241.0,271.0,271.0,241.0,1603.4499999999998,1653.4499999999998
32,9,286.0,1628.4499999999998,57.78225806451612,31,0,271.0,301.0,301.0,271.0,1603.4499999999998,1653.4499999999998
32,10,316.0,1628.4499999999998,58.0679411764706,34,0,301.0,331.0,331.0,301.0,1603.4499999999998,1653.4499999999998
32,11,346.0,1628.4499999999998,60.38333333333333,21,0,331.0,361.0,361.0,331.0,1603.4499999999998,1653.4499999999998
32,12,376.0,1628.4499999999998,54.87634146341463,41,0,361.0,391.0,391.0,361.0,1603.4499999999998,1653.4499999999998
32,13,406.0,1628.4499999999998,56.59863636363636,44,0,391.0,421.0,421.0,391.0,1603.4499999999998,1653.4499999999998
32,14,436.0,1628.4499999999998,60.507741935483864,31,0,421.0,451.0,451.0,421.0,1603.4499999999998,1653.4499999999998
32,15,466.0,1628.4499999999998,63.504400000000004,25,0,451.0,481.0,481.0,451.0,1603.4499999999998,1653.4499999999998
32,16,496.0,1628.4499999999998,65.22363636363637,33,0,481.0,511.0,511.0,481.0,1603.4499999999998,1653.4499999999998
32,17,526.0,1628.4499999999998,61.20263157894736,38,0,511.0,541.0,541.0,511.0,1603.4499999999998,1653.4499999999998
32,18,556.0,1628.4499999999998,54.14865384615385,52,0,541.0,571.0,571.0,541.0,1603.4499999999998,1653.4499999999998
32,19,586.0,1628.4499999999998,52.28000000000001,40,0,571.0,601.0,601.0,571.0,1603.4499999999998,1653.4499999999998
32,20,616.0,1628.4499999999998,57.905588235294104,34,0,601.0,631.0,631.0,601.0,1603.4499999999998,1653.4499999999998
32,21,646.0,1628.4499999999998,60.41444444444444,28,0,631.0,661.0,661.0,631.0,1603.4499999999998,1653.4499999999998
32,22,676.0,1628.4499999999998,57.821627906976744,43,0,661.0,691.0,691.0,661.0,1603.4499999999998,1653.4499999999998
32,23,706.0,1628.4499999999998,57.55047619047619,21,0,691.0,721.0,721.0,691.0,1603.4499999999998,1653.4499999999998
32,24,736.0,1628.4499999999998,47.967650793650776,45,0,721.0,751.0,751.0,721.0,1603.4499999999998,1653.4499999999998
32,25,766.0,1628.4499999999998,45.04849056603774,53,0,751.0,781.0,781.0,751.0,1603.4499999999998,1653.4499999999998
32,26,796.0,1628.4499999999998,52.657333333333334,30,0,781.0,811.0,811.0,781.0,1603.4499999999998,1653.4499999999998
32,27,826.0,1628.4499999999998,52.50199999999999,40,0,811.0,841.0,841.0,811.0,1603.4499999999998,1653.4499999999998
32,28,856.0,1628.4499999999998,54.12482758620689,29,0,841.0,871.0,871.0,841.0,1603.4499999999998,1653.4499999999998
32,29,886.0,1628.4499999999998,60.18272727272726,44,0,871.0,901.0,901.0,871.0,1603.4499999999998,1653.4499999999998
32,30,916.0,1628.4499999999998,56.002820512820506,39,0,901.0,931.0,931.0,901.0,1603.4499999999998,1653.4499999999998
32,31,946.0,1628.4499999999998,53.92217391304349,46,0,931.0,961.0,961.0,931.0,1603.4499999999998,1653.4499999999998
32,32,976.0,1628.4499999999998,53.79244444444444,45,0,961.0,991.0,991.0,961.0,1603.4499999999998,1653.4499999999998
32,33,1006.0,1628.4499999999998,52.965681818181814,44,0,991.0,1021.0,1021.0,991.0,1603.4499999999998,1653.4499999999998
32,34,1036.0,1628.4499999999998,52.26581395348839,43,0,1021.0,1051.0,1051.0,1021.0,1603.4499999999998,1653.4499999999998
32,35,1066.0,1628.4499999999998,49.19199999999999,35,0,1051.0,1081.0,1081.0,1051.0,1603.4499999999998,1653.4499999999998
32,36,1096.0,1628.4499999999998,40.745576923076925,52,0,1081.0,1111.0,1111.0,1081.0,1603.4499999999998,1653.4499999999998
32,37,1126.0,1628.4499999999998,41.03526315789473,57,0,1111.0,1141.0,1141.0,1111.0,1603.4499999999998,1653.4499999999998
32,38,1156.0,1628.4499999999998,41.94777777777777,45,0,1141.0,1171.0,1171.0,1141.0,1603.4499999999998,1653.4499999999998
32,39,1186.0,1628.4499999999998,41.28290322580645,62,0,1171.0,1201.0,1201.0,1171.0,1603.4499999999998,1653.4499999999998
32,40,1216.0,1628.4499999999998,42.703095238095244,60,0,1201.0,1231.0,1231.0,1201.0,1603.4499999999998,1653.4499999999998
32,41,1246.0,1628.4499999999998,55.61,39,0,1231.0,1261.0,1261.0,1231.0,1603.4499999999998,1653.4499999999998
32,42,1276.0,1628.4499999999998,52.62136363636363,44,0,1261.0,1291.0,1291.0,1261.0,1603.4499999999998,1653.4499999999998
32,43,1306.0,1628.4499999999998,57.01818181818181,44,0,1291.0,1321.0,1321.0,1291.0,1603.4499999999998,1653.4499999999998
32,44,1336.0,1628.4499999999998,55.25599999999999,35,0,1321.0,1351.0,1351.0,1321.0,1603.4499999999998,1653.4499999999998
32,45,1366.0,1628.4499999999998,53.590512820512814,39,0,1351.0,1381.0,1381.0,1351.0,1603.4499999999998,1653.4499999999998
32,46,1396.0,1628.4499999999998,54.67795454545455,44,0,1381.0,1411.0,1411.0,1381.0,1603.4499999999998,1653.4499999999998
32,47,1426.0,1628.4499999999998,54.77916666666667,48,0,1411.0,1441.0,1441.0,1411.0,1603.4499999999998,1653.4499999999998
32,48,1456.0,1628.4499999999998,50.72195652173913,46,0,1441.0,1471.0,1471.0,1441.0,1603.4499999999998,1653.4499999999998
32,49,1486.0,1628.4499999999998,56.29769230769231,39,0,1471.0,1501.0,1501.0,1471.0,1603.4499999999998,1653.4499999999998
32,50,1516.0,1628.4499999999998,59.01314285714286,35,0,1501.0,1531.0,1531.0,1501.0,1603.4499999999998,1653.4499999999998
32,51,1546.0,1628.4499999999998,63.11545454545455,33,0,1531.0,1561.0,1561.0,1531.0,1603.4499999999998,1653.4499999999998
32,52,1576.0,1628.4499999999998,63.82781249999999,32,0,1561.0,1591.0,1591.0,1561.0,1603.4499999999998,1653.4499999999998
32,53,1606.0,1628.4499999999998,59.62322580645161,31,0,1591.0,1621.0,1621.0,1591.0,1603.4499999999998,1653.4499999999998
32,54,1636.0,1628.4499999999998,53.780833333333334,36,0,1621.0,1651.0,1651.0,1621.0,1603.4499999999998,1653.4499999999998
32,55,1666.0,1628.4499999999998,65.78999999999999,29,0,1651.0,1681.0,1681.0,1651.0,1603.4499999999998,1653.4499999999998
32,56,1696.0,1628.4499999999998,64.7547619047619,21,0,1681.0,1711.0,1711.0,1681.0,1603.4499999999998,1653.4499999999998
32,57,1726.0,1628.4499999999998,54.26692307692307,39,0,1711.0,1741.0,1741.0,1711.0,1603.4499999999998,1653.4499999999998
32,58,1756.0,1628.4499999999998,58.997499999999995,24,0,1741.0,1771.0,1771.0,1741.0,1603.4499999999998,1653.4499999999998
32,59,1786.0,1628.4499999999998,52.69790849673203,51,0,1771.0,1801.0,1801.0,1771.0,1603.4499999999998,1653.4499999999998
32,60,1816.0,1628.4499999999998,55.339722222222214,36,0,1801.0,1831.0,1831.0,1801.0,1603.4499999999998,1653.4499999999998
32,61,1846.0,1628.4499999999998,53.40636363636365,44,0,1831.0,1861.0,1861.0,1831.0,1603.4499999999998,1653.4499999999998
32,62,1876.0,1628.4499999999998,55.57176470588235,34,0,1861.0,1891.0,1891.0,1861.0,1603.4499999999998,1653.4499999999998
32,63,1906.0,1628.4499999999998,57.087241379310335,29,0,1891.0,1921.0,1921.0,1891.0,1603.4499999999998,1653.4499999999998
32,64,1936.0,1628.4499999999998,50.3214705882353,51,0,1921.0,1951.0,1951.0,1921.0,1603.4499999999998,1653.4499999999998
32,65,1966.0,1628.4499999999998,48.034693877551014,49,0,1951.0,1981.0,1981.0,1951.0,1603.4499999999998,1653.4499999999998
32,66,1996.0,1628.4499999999998,50.40088888888888,45,0,1981.0,2011.0,2011.0,1981.0,1603.4499999999998,1653.4499999999998
32,67,2026.0,1628.4499999999998,52.482553191489366,47,0,2011.0,2041.0,2041.0,2011.0,1603.4499999999998,1653.4499999999998
32,68,2056.0,1628.4499999999998,59.38965517241379,29,0,2041.0,2071.0,2071.0,2041.0,1603.4499999999998,1653.4499999999998
32,69,2086.0,1628.4499999999998,52.99699999999999,40,0,2071.0,2101.0,2101.0,2071.0,1603.4499999999998,1653.4499999999998
32,70,2116.0,1628.4499999999998,55.7318604651163,43,0,2101.0,2131.0,2131.0,2101.0,1603.4499999999998,1653.4499999999998
32,71,2146.0,1628.4499999999998,55.64473684210525,38,0,2131.0,2161.0,2161.0,2131.0,1603.4499999999998,1653.4499999999998
32,72,2176.0,1628.4499999999998,42.03639999999999,50,0,2161.0,2191.0,2191.0,2161.0,1603.4499999999998,1653.4499999999998
32,73,2206.0,1628.4499999999998,49.0496551724138,29,0,2191.0,2221.0,2221.0,2191.0,1603.4499999999998,1653.4499999999998
32,74,2236.0,1628.4499999999998,48.955,44,0,2221.0,2251.0,2251.0,2221.0,1603.4499999999998,1653.4499999999998
32,75,2266.0,1628.4499999999998,44.74886792452831,53,0,2251.0,2281.0,2281.0,2251.0,1603.4499999999998,1653.4499999999998
32,76,2296.0,1628.4499999999998,44.36490196078432,51,0,2281.0,2311.0,2311.0,2281.0,1603.4499999999998,1653.4499999999998
32,77,2326.0,1628.4499999999998,44.945689655172394,58,0,2311.0,2341.0,2341.0,2311.0,1603.4499999999998,1653.4499999999998
32,78,2356.0,1628.4499999999998,49.47697674418604,43,0,2341.0,2371.0,2371.0,2341.0,1603.4499999999998,1653.4499999999998
32,79,2386.0,1628.4499999999998,46.99035714285714,28,0,2371.0,2401.0,2401.0,2371.0,1603.4499999999998,1653.4499999999998
32,80,2416.0,1628.4499999999998,46.44794871794872,39,0,2401.0,2431.0,2431.0,2401.0,1603.4499999999998,1653.4499999999998
32,81,2446.0,1628.4499999999998,45.750185185185174,54,0,2431.0,2461.0,2461.0,2431.0,1603.4499999999998,1653.4499999999998
32,82,2476.0,1628.4499999999998,44.93679999999999,50,0,2461.0,2491.0,2491.0,2461.0,1603.4499999999998,1653.4499999999998
32,83,2506.0,1628.4499999999998,38.71344262295082,61,0,2491.0,2521.0,2521.0,2491.0,1603.4499999999998,1653.4499999999998
32,84,2536.0,1628.4499999999998,41.36666666666665,57,0,2521.0,2551.0,2551.0,2521.0,1603.4499999999998,1653.4499999999998
32,85,2566.0,1628.4499999999998,38.01584905660376,53,0,2551.0,2581.0,2581.0,2551.0,1603.4499999999998,1653.4499999999998
32,86,2596.0,1628.4499999999998,40.7075,56,0,2581.0,2611.0,2611.0,2581.0,1603.4499999999998,1653.4499999999998
32,87,2626.0,1628.4499999999998,45.40021276595745,47,0,2611.0,2641.0,2641.0,2611.0,1603.4499999999998,1653.4499999999998
32,88,2656.0,1628.4499999999998,43.292291666666664,48,0,2641.0,2671.0,2671.0,2641.0,1603.4499999999998,1653.4499999999998
32,89,2686.0,1628.4499999999998,36.45537037037037,54,0,2671.0,2701.0,2701.0,2671.0,1603.4499999999998,1653.4499999999998
32,90,2716.0,1628.4499999999998,33.53865384615384,52,0,2701.0,2731.0,2731.0,2701.0,1603.4499999999998,1653.4499999999998
32,91,2746.0,1628.4499999999998,32.252962962962954,54,0,2731.0,2761.0,2761.0,2731.0,1603.4499999999998,1653.4499999999998
32,92,2776.0,1628.4499999999998,28.515428571428572,70,0,2761.0,2791.0,2791.0,2761.0,1603.4499999999998,1653.4499999999998
32,93,2806.0,1628.4499999999998,30.930704225352123,71,0,2791.0,2821.0,2821.0,2791.0,1603.4499999999998,1653.4499999999998
32,94,2836.0,1628.4499999999998,35.829629629629636,54,0,2821.0,2851.0,2851.0,2821.0,1603.4499999999998,1653.4499999999998
32,95,2866.0,1628.4499999999998,33.946909090909095,55,0,2851.0,2881.0,2881.0,2851.0,1603.4499999999998,1653.4499999999998
32,96,2896.0,1628.4499999999998,38.81136363636364,55,0,2881.0,2911.0,2911.0,2881.0,1603.4499999999998,1653.4499999999998
32,97,2926.0,1628.4499999999998,42.558913043478256,46,0,2911.0,2941.0,2941.0,2911.0,1603.4499999999998,1653.4499999999998
32,98,2956.0,1628.4499999999998,39.72981481481484,54,0,2941.0,2971.0,2971.0,2941.0,1603.4499999999998,1653.4499999999998
32,99,2986.0,1628.4499999999998,39.94313725490196,51,0,2971.0,3001.0,3001.0,2971.0,1603.4499999999998,1653.4499999999998
32,100,3016.0,1628.4499999999998,40.53203389830509,59,0,3001.0,3031.0,3031.0,3001.0,1603.4499999999998,1653.4499999999998
32,101,3046.0,1628.4499999999998,48.938310810810805,37,0,3031.0,3061.0,3061.0,3031.0,1603.4499999999998,1653.4499999999998
32,102,3076.0,1628.4499999999998,43.60354166666667,48,0,3061.0,3091.0,3091.0,3061.0,1603.4499999999998,1653.4499999999998
32,103,3106.0,1628.4499999999998,44.11627906976743,43,0,3091.0,3121.0,3121.0,3091.0,1603.4499999999998,1653.4499999999998
32,104,3136.0,1628.4499999999998,40.15511111111111,45,0,3121.0,3151.0,3151.0,3121.0,1603.4499999999998,1653.4499999999998
32,105,3166.0,1628.4499999999998,42.425454545454556,44,0,3151.0,3181.0,3181.0,3151.0,1603.4499999999998,1653.4499999999998
32,106,3196.0,1628.4499999999998,37.08709090909091,55,0,3181.0,3211.0,3211.0,3181.0,1603.4499999999998,1653.4499999999998
32,107,3226.0,1628.4499999999998,33.51014492753624,69,0,3211.0,3241.0,3241.0,3211.0,1603.4499999999998,1653.4499999999998
32,108,3256.0,1628.4499999999998,38.4171111111111,45,0,3241.0,3271.0,3271.0,3241.0,1603.4499999999998,1653.4499999999998
32,109,3286.0,1628.4499999999998,36.76192307692308,52,0,3271.0,3301.0,3301.0,3271.0,1603.4499999999998,1653.4499999999998
32,110,3316.0,1628.4499999999998,40.56977777777778,45,0,3301.0,3331.0,3331.0,3301.0,1603.4499999999998,1653.4499999999998
32,111,3346.0,1628.4499999999998,46.30304347826087,46,0,3331.0,3361.0,3361.0,3331.0,1603.4499999999998,1653.4499999999998
32,112,3376.0,1628.4499999999998,45.68289473684211,38,0,3361.0,3391.0,3391.0,3361.0,1603.4499999999998,1653.4499999999998
32,113,3406.0,1628.4499999999998,35.957,50,0,3391.0,3421.0,3421.0,3391.0,1603.4499999999998,1653.4499999999998
32,114,3436.0,1628.4499999999998,38.200735294117656,68,0,3421.0,3451.0,3451.0,3421.0,1603.4499999999998,1653.4499999999998
32,115,3466.0,1628.4499999999998,36.15071428571428,42,0,3451.0,3481.0,3481.0,3451.0,1603.4499999999998,1653.4499999999998
32,116,3496.0,1628.4499999999998,35.10066666666667,45,0,3481.0,3511.0,3511.0,3481.0,1603.4499999999998,1653.4499999999998
32,117,3526.0,1628.4499999999998,32.0148275862069,58,0,3511.0,3541.0,3541.0,3511.0,1603.4499999999998,1653.4499999999998
32,118,3556.0,1628.4499999999998,34.83692307692308,52,0,3541.0,3571.0,3571.0,3541.0,1603.4499999999998,1653.4499999999998
32,119,3586.0,1628.4499999999998,32.68513888888891,72,0,3571.0,3601.0,3601.0,3571.0,1603.4499999999998,1653.4499999999998
32,120,3616.0,1628.4499999999998,35.0125925925926,54,0,3601.0,3631.0,3631.0,3601.0,1603.4499999999998,1653.4499999999998
32,121,3646.0,1628.4499999999998,31.843269230769238,52,0,3631.0,3661.0,3661.0,3631.0,1603.4499999999998,1653.4499999999998
32,122,3676.0,1628.4499999999998,33.34470588235294,51,0,3661.0,3691.0,3691.0,3661.0,1603.4499999999998,1653.4499999999998
32,123,3706.0,1628.4499999999998,33.1751923076923,52,0,3691.0,3721.0,3721.0,3691.0,1603.4499999999998,1653.4499999999998
32,124,3736.0,1628.4499999999998,35.803250000000006,40,0,3721.0,3751.0,3751.0,3721.0,1603.4499999999998,1653.4499999999998
32,125,3766.0,1628.4499999999998,37.65488372093023,43,0,3751.0,3781.0,3781.0,3751.0,1603.4499999999998,1653.4499999999998
32,126,3796.0,1628.4499999999998,36.42,37,0,3781.0,3811.0,3811.0,3781.0,1603.4499999999998,1653.4499999999998
32,127,3826.0,1628.4499999999998,39.75037037037037,27,0,3811.0,3841.0,3841.0,3811.0,1603.4499999999998,1653.4499999999998
32,128,3856.0,1628.4499999999998,40.37842105263157,19,0,3841.0,3871.0,3871.0,3841.0,1603.4499999999998,1653.4499999999998
32,129,3886.0,1628.4499999999998,,0,0,3871.0,3901.0,3901.0,3871.0,1603.4499999999998,1653.4499999999998
33,0,16.0,1678.4499999999998,51.87266666666667,30,0,1.0,31.0,31.0,1.0,1653.4499999999998,1703.4499999999998
33,1,46.0,1678.4499999999998,43.63380952380951,63,0,31.0,61.0,61.0,31.0,1653.4499999999998,1703.4499999999998
33,2,76.0,1678.4499999999998,50.22116279069767,43,0,61.0,91.0,91.0,61.0,1653.4499999999998,1703.4499999999998
33,3,106.0,1678.4499999999998,60.23823529411764,34,0,91.0,121.0,121.0,91.0,1653.4499999999998,1703.4499999999998
33,4,136.0,1678.4499999999998,62.86789473684208,19,0,121.0,151.0,151.0,121.0,1653.4499999999998,1703.4499999999998
33,5,166.0,1678.4499999999998,62.149999999999984,23,0,151.0,181.0,181.0,151.0,1653.4499999999998,1703.4499999999998
33,6,196.0,1678.4499999999998,58.10212121212122,33,0,181.0,211.0,211.0,181.0,1653.4499999999998,1703.4499999999998
33,7,226.0,1678.4499999999998,50.81236842105263,38,0,211.0,241.0,241.0,211.0,1653.4499999999998,1703.4499999999998
33,8,256.0,1678.4499999999998,42.74690476190477,42,0,241.0,271.0,271.0,241.0,1653.4499999999998,1703.4499999999998
33,9,286.0,1678.4499999999998,56.026428571428575,28,0,271.0,301.0,301.0,271.0,1653.4499999999998,1703.4499999999998
33,10,316.0,1678.4499999999998,57.36971428571428,35,0,301.0,331.0,331.0,301.0,1653.4499999999998,1703.4499999999998
33,11,346.0,1678.4499999999998,61.387777777777764,27,0,331.0,361.0,361.0,331.0,1653.4499999999998,1703.4499999999998
33,12,376.0,1678.4499999999998,55.269000000000005,40,0,361.0,391.0,391.0,361.0,1653.4499999999998,1703.4499999999998
33,13,406.0,1678.4499999999998,56.390833333333326,48,0,391.0,421.0,421.0,391.0,1653.4499999999998,1703.4499999999998
33,14,436.0,1678.4499999999998,58.18131578947369,38,0,421.0,451.0,451.0,421.0,1653.4499999999998,1703.4499999999998
33,15,466.0,1678.4499999999998,61.41499999999999,26,0,451.0,481.0,481.0,451.0,1653.4499999999998,1703.4499999999998
33,16,496.0,1678.4499999999998,63.073030303030315,33,0,481.0,511.0,511.0,481.0,1653.4499999999998,1703.4499999999998
33,17,526.0,1678.4499999999998,60.688437500000006,32,0,511.0,541.0,541.0,511.0,1653.4499999999998,1703.4499999999998
33,18,556.0,1678.4499999999998,55.623725490196065,51,0,541.0,571.0,571.0,541.0,1653.4499999999998,1703.4499999999998
33,19,586.0,1678.4499999999998,52.19183673469388,49,0,571.0,601.0,601.0,571.0,1653.4499999999998,1703.4499999999998
33,20,616.0,1678.4499999999998,55.88208333333334,40,0,601.0,631.0,631.0,601.0,1653.4499999999998,1703.4499999999998
33,21,646.0,1678.4499999999998,60.281724137931036,29,0,631.0,661.0,661.0,631.0,1653.4499999999998,1703.4499999999998
33,22,676.0,1678.4499999999998,56.5909756097561,41,0,661.0,691.0,691.0,661.0,1653.4499999999998,1703.4499999999998
33,23,706.0,1678.4499999999998,57.27954545454547,22,0,691.0,721.0,721.0,691.0,1653.4499999999998,1703.4499999999998
33,24,736.0,1678.4499999999998,49.35562499999998,48,0,721.0,751.0,751.0,721.0,1653.4499999999998,1703.4499999999998
33,25,766.0,1678.4499999999998,46.37803921568626,51,0,751.0,781.0,781.0,751.0,1653.4499999999998,1703.4499999999998
33,26,796.0,1678.4499999999998,51.25833333333333,30,0,781.0,811.0,811.0,781.0,1653.4499999999998,1703.4499999999998
33,27,826.0,1678.4499999999998,52.86307692307692,39,0,811.0,841.0,841.0,811.0,1653.4499999999998,1703.4499999999998
33,28,856.0,1678.4499999999998,52.5588888888889,36,0,841.0,871.0,871.0,841.0,1653.4499999999998,1703.4499999999998
33,29,886.0,1678.4499999999998,59.37309523809524,42,0,871.0,901.0,901.0,871.0,1653.4499999999998,1703.4499999999998
33,30,916.0,1678.4499999999998,56.92347826086957,46,0,901.0,931.0,931.0,901.0,1653.4499999999998,1703.4499999999998
33,31,946.0,1678.4499999999998,54.28550000000001,40,0,931.0,961.0,961.0,931.0,1653.4499999999998,1703.4499999999998
33,32,976.0,1678.4499999999998,51.433157894736844,57,0,961.0,991.0,991.0,961.0,1653.4499999999998,1703.4499999999998
33,33,1006.0,1678.4499999999998,52.92844444444444,45,0,991.0,1021.0,1021.0,991.0,1653.4499999999998,1703.4499999999998
33,34,1036.0,1678.4499999999998,52.444390243902426,41,0,1021.0,1051.0,1051.0,1021.0,1653.4499999999998,1703.4499999999998
33,35,1066.0,1678.4499999999998,51.178108108108106,37,0,1051.0,1081.0,1081.0,1051.0,1653.4499999999998,1703.4499999999998
33,36,1096.0,1678.4499999999998,43.89264150943395,53,0,1081.0,1111.0,1111.0,1081.0,1653.4499999999998,1703.4499999999998
33,37,1126.0,1678.4499999999998,44.21419999999999,50,0,1111.0,1141.0,1141.0,1111.0,1653.4499999999998,1703.4499999999998
33,38,1156.0,1678.4499999999998,44.71315789473686,38,0,1141.0,1171.0,1171.0,1141.0,1653.4499999999998,1703.4499999999998
33,39,1186.0,1678.4499999999998,41.792153846153845,65,0,1171.0,1201.0,1201.0,1171.0,1653.4499999999998,1703.4499999999998
33,40,1216.0,1678.4499999999998,43.68181818181818,55,0,1201.0,1231.0,1231.0,1201.0,1653.4499999999998,1703.4499999999998
33,41,1246.0,1678.4499999999998,54.50921052631579,38,0,1231.0,1261.0,1261.0,1231.0,1653.4499999999998,1703.4499999999998
33,42,1276.0,1678.4499999999998,50.911570048309166,46,0,1261.0,1291.0,1291.0,1261.0,1653.4499999999998,1703.4499999999998
33,43,1306.0,1678.4499999999998,55.23146341463415,41,0,1291.0,1321.0,1321.0,1291.0,1653.4499999999998,1703.4499999999998
33,44,1336.0,1678.4499999999998,51.88052631578947,38,0,1321.0,1351.0,1351.0,1321.0,1653.4499999999998,1703.4499999999998
33,45,1366.0,1678.4499999999998,53.18522727272725,44,0,1351.0,1381.0,1381.0,1351.0,1653.4499999999998,1703.4499999999998
33,46,1396.0,1678.4499999999998,56.639062499999994,32,0,1381.0,1411.0,1411.0,1381.0,1653.4499999999998,1703.4499999999998
33,47,1426.0,1678.4499999999998,53.31725490196079,51,0,1411.0,1441.0,1441.0,1411.0,1653.4499999999998,1703.4499999999998
33,48,1456.0,1678.4499999999998,49.99541666666667,48,0,1441.0,1471.0,1471.0,1441.0,1653.4499999999998,1703.4499999999998
33,49,1486.0,1678.4499999999998,51.827111111111094,45,0,1471.0,1501.0,1501.0,1471.0,1653.4499999999998,1703.4499999999998
33,50,1516.0,1678.4499999999998,58.95484848484848,33,0,1501.0,1531.0,1531.0,1501.0,1653.4499999999998,1703.4499999999998
33,51,1546.0,1678.4499999999998,62.40774193548388,31,0,1531.0,1561.0,1561.0,1531.0,1653.4499999999998,1703.4499999999998
33,52,1576.0,1678.4499999999998,63.127500000000005,32,0,1561.0,1591.0,1591.0,1561.0,1653.4499999999998,1703.4499999999998
33,53,1606.0,1678.4499999999998,60.356875000000024,32,0,1591.0,1621.0,1621.0,1591.0,1653.4499999999998,1703.4499999999998
33,54,1636.0,1678.4499999999998,53.354864864864865,37,0,1621.0,1651.0,1651.0,1621.0,1653.4499999999998,1703.4499999999998
33,55,1666.0,1678.4499999999998,64.8711111111111,27,0,1651.0,1681.0,1681.0,1651.0,1653.4499999999998,1703.4499999999998
33,56,1696.0,1678.4499999999998,63.48545454545454,22,0,1681.0,1711.0,1711.0,1681.0,1653.4499999999998,1703.4499999999998
33,57,1726.0,1678.4499999999998,55.874687499999986,32,0,1711.0,1741.0,1741.0,1711.0,1653.4499999999998,1703.4499999999998
33,58,1756.0,1678.4499999999998,59.28260869565217,23,0,1741.0,1771.0,1771.0,1741.0,1653.4499999999998,1703.4499999999998
33,59,1786.0,1678.4499999999998,53.39022222222222,45,0,1771.0,1801.0,1801.0,1771.0,1653.4499999999998,1703.4499999999998
33,60,1816.0,1678.4499999999998,55.59873873873873,37,0,1801.0,1831.0,1831.0,1801.0,1653.4499999999998,1703.4499999999998
33,61,1846.0,1678.4499999999998,51.71333333333334,39,0,1831.0,1861.0,1861.0,1831.0,1653.4499999999998,1703.4499999999998
33,62,1876.0,1678.4499999999998,55.32868421052632,38,0,1861.0,1891.0,1891.0,1861.0,1653.4499999999998,1703.4499999999998
33,63,1906.0,1678.4499999999998,56.643548387096786,31,0,1891.0,1921.0,1921.0,1891.0,1653.4499999999998,1703.4499999999998
33,64,1936.0,1678.4499999999998,50.26136363636365,44,0,1921.0,1951.0,1951.0,1921.0,1653.4499999999998,1703.4499999999998
33,65,1966.0,1678.4499999999998,50.34782608695652,46,0,1951.0,1981.0,1981.0,1951.0,1653.4499999999998,1703.4499999999998
33,66,1996.0,1678.4499999999998,49.71357142857145,56,0,1981.0,2011.0,2011.0,1981.0,1653.4499999999998,1703.4499999999998
33,67,2026.0,1678.4499999999998,52.11805555555556,36,0,2011.0,2041.0,2041.0,2011.0,1653.4499999999998,1703.4499999999998
33,68,2056.0,1678.4499999999998,55.90656249999999,32,0,2041.0,2071.0,2071.0,2041.0,1653.4499999999998,1703.4499999999998
33,69,2086.0,1678.4499999999998,50.64000000000001,37,0,2071.0,2101.0,2101.0,2071.0,1653.4499999999998,1703.4499999999998
33,70,2116.0,1678.4499999999998,56.863658536585376,41,0,2101.0,2131.0,2131.0,2101.0,1653.4499999999998,1703.4499999999998
33,71,2146.0,1678.4499999999998,57.92058823529412,34,0,2131.0,2161.0,2161.0,2131.0,1653.4499999999998,1703.4499999999998
33,72,2176.0,1678.4499999999998,43.60822222222222,45,0,2161.0,2191.0,2191.0,2161.0,1653.4499999999998,1703.4499999999998
33,73,2206.0,1678.4499999999998,47.52,39,0,2191.0,2221.0,2221.0,2191.0,1653.4499999999998,1703.4499999999998
33,74,2236.0,1678.4499999999998,51.55710526315789,38,0,2221.0,2251.0,2251.0,2221.0,1653.4499999999998,1703.4499999999998
33,75,2266.0,1678.4499999999998,47.21750000000001,48,0,2251.0,2281.0,2281.0,2251.0,1653.4499999999998,1703.4499999999998
33,76,2296.0,1678.4499999999998,46.380799999999994,50,0,2281.0,2311.0,2311.0,2281.0,1653.4499999999998,1703.4499999999998
33,77,2326.0,1678.4499999999998,45.35206896551724,58,0,2311.0,2341.0,2341.0,2311.0,1653.4499999999998,1703.4499999999998
33,78,2356.0,1678.4499999999998,48.74446808510639,47,0,2341.0,2371.0,2371.0,2341.0,1653.4499999999998,1703.4499999999998
33,79,2386.0,1678.4499999999998,48.987083333333324,24,0,2371.0,2401.0,2401.0,2371.0,1653.4499999999998,1703.4499999999998
33,80,2416.0,1678.4499999999998,46.35361111111111,36,0,2401.0,2431.0,2431.0,2401.0,1653.4499999999998,1703.4499999999998
33,81,2446.0,1678.4499999999998,48.5077358490566,53,0,2431.0,2461.0,2461.0,2431.0,1653.4499999999998,1703.4499999999998
33,82,2476.0,1678.4499999999998,44.95591836734695,49,0,2461.0,2491.0,2491.0,2461.0,1653.4499999999998,1703.4499999999998
33,83,2506.0,1678.4499999999998,41.685862068965506,58,0,2491.0,2521.0,2521.0,2491.0,1653.4499999999998,1703.4499999999998
33,84,2536.0,1678.4499999999998,42.01038461538461,52,0,2521.0,2551.0,2551.0,2521.0,1653.4499999999998,1703.4499999999998
33,85,2566.0,1678.4499999999998,42.64625,48,0,2551.0,2581.0,2581.0,2551.0,1653.4499999999998,1703.4499999999998
33,86,2596.0,1678.4499999999998,39.77867924528301,53,0,2581.0,2611.0,2611.0,2581.0,1653.4499999999998,1703.4499999999998
33,87,2626.0,1678.4499999999998,43.22804545454545,55,0,2611.0,2641.0,2641.0,2611.0,1653.4499999999998,1703.4499999999998
33,88,2656.0,1678.4499999999998,43.66901960784313,51,0,2641.0,2671.0,2671.0,2641.0,1653.4499999999998,1703.4499999999998
33,89,2686.0,1678.4499999999998,33.69840579710145,69,0,2671.0,2701.0,2701.0,2671.0,1653.4499999999998,1703.4499999999998
33,90,2716.0,1678.4499999999998,36.32113636363636,44,0,2701.0,2731.0,2731.0,2701.0,1653.4499999999998,1703.4499999999998
33,91,2746.0,1678.4499999999998,34.66473684210526,57,0,2731.0,2761.0,2761.0,2731.0,1653.4499999999998,1703.4499999999998
33,92,2776.0,1678.4499999999998,35.785294117647055,51,0,2761.0,2791.0,2791.0,2761.0,1653.4499999999998,1703.4499999999998
33,93,2806.0,1678.4499999999998,34.58620779220779,55,0,2791.0,2821.0,2821.0,2791.0,1653.4499999999998,1703.4499999999998
33,94,2836.0,1678.4499999999998,36.516666666666666,54,0,2821.0,2851.0,2851.0,2821.0,1653.4499999999998,1703.4499999999998
33,95,2866.0,1678.4499999999998,36.418846153846154,52,0,2851.0,2881.0,2881.0,2851.0,1653.4499999999998,1703.4499999999998
33,96,2896.0,1678.4499999999998,39.828799999999994,50,0,2881.0,2911.0,2911.0,2881.0,1653.4499999999998,1703.4499999999998
33,97,2926.0,1678.4499999999998,39.96857881136951,43,0,2911.0,2941.0,2941.0,2911.0,1653.4499999999998,1703.4499999999998
33,98,2956.0,1678.4499999999998,42.98956521739131,46,0,2941.0,2971.0,2971.0,2941.0,1653.4499999999998,1703.4499999999998
33,99,2986.0,1678.4499999999998,43.69941176470587,51,0,2971.0,3001.0,3001.0,2971.0,1653.4499999999998,1703.4499999999998
33,100,3016.0,1678.4499999999998,42.81,49,0,3001.0,3031.0,3031.0,3001.0,1653.4499999999998,1703.4499999999998
33,101,3046.0,1678.4499999999998,50.01536585365853,41,0,3031.0,3061.0,3061.0,3031.0,1653.4499999999998,1703.4499999999998
33,102,3076.0,1678.4499999999998,48.81314285714283,35,0,3061.0,3091.0,3091.0,3061.0,1653.4499999999998,1703.4499999999998
33,103,3106.0,1678.4499999999998,44.17326086956521,46,0,3091.0,3121.0,3121.0,3091.0,1653.4499999999998,1703.4499999999998
33,104,3136.0,1678.4499999999998,42.33999999999999,39,0,3121.0,3151.0,3151.0,3121.0,1653.4499999999998,1703.4499999999998
33,105,3166.0,1678.4499999999998,45.05794871794871,39,0,3151.0,3181.0,3181.0,3151.0,1653.4499999999998,1703.4499999999998
33,106,3196.0,1678.4499999999998,41.725686274509805,51,0,3181.0,3211.0,3211.0,3181.0,1653.4499999999998,1703.4499999999998
33,107,3226.0,1678.4499999999998,39.74084745762712,59,0,3211.0,3241.0,3241.0,3211.0,1653.4499999999998,1703.4499999999998
33,108,3256.0,1678.4499999999998,40.01023255813953,43,0,3241.0,3271.0,3271.0,3241.0,1653.4499999999998,1703.4499999999998
33,109,3286.0,1678.4499999999998,37.975800000000014,50,0,3271.0,3301.0,3301.0,3271.0,1653.4499999999998,1703.4499999999998
33,110,3316.0,1678.4499999999998,40.35705882352941,51,0,3301.0,3331.0,3331.0,3301.0,1653.4499999999998,1703.4499999999998
33,111,3346.0,1678.4499999999998,47.971333333333334,45,0,3331.0,3361.0,3361.0,3331.0,1653.4499999999998,1703.4499999999998
33,112,3376.0,1678.4499999999998,48.39230994152047,38,0,3361.0,3391.0,3391.0,3361.0,1653.4499999999998,1703.4499999999998
33,113,3406.0,1678.4499999999998,39.64418604651163,43,0,3391.0,3421.0,3421.0,3391.0,1653.4499999999998,1703.4499999999998
33,114,3436.0,1678.4499999999998,37.87380952380953,63,0,3421.0,3451.0,3451.0,3421.0,1653.4499999999998,1703.4499999999998
33,115,3466.0,1678.4499999999998,36.59510204081632,49,0,3451.0,3481.0,3481.0,3451.0,1653.4499999999998,1703.4499999999998
33,116,3496.0,1678.4499999999998,39.16238095238095,42,0,3481.0,3511.0,3511.0,3481.0,1653.4499999999998,1703.4499999999998
33,117,3526.0,1678.4499999999998,38.303191489361694,47,0,3511.0,3541.0,3541.0,3511.0,1653.4499999999998,1703.4499999999998
33,118,3556.0,1678.4499999999998,41.58309523809524,42,0,3541.0,3571.0,3571.0,3541.0,1653.4499999999998,1703.4499999999998
33,119,3586.0,1678.4499999999998,34.238028169014086,71,0,3571.0,3601.0,3601.0,3571.0,1653.4499999999998,1703.4499999999998
33,120,3616.0,1678.4499999999998,40.055510204081635,49,0,3601.0,3631.0,3631.0,3601.0,1653.4499999999998,1703.4499999999998
33,121,3646.0,1678.4499999999998,36.61510638297873,47,0,3631.0,3661.0,3661.0,3631.0,1653.4499999999998,1703.4499999999998
33,122,3676.0,1678.4499999999998,32.718269230769224,52,0,3661.0,3691.0,3691.0,3661.0,1653.4499999999998,1703.4499999999998
33,123,3706.0,1678.4499999999998,33.76780000000001,50,0,3691.0,3721.0,3721.0,3691.0,1653.4499999999998,1703.4499999999998
33,124,3736.0,1678.4499999999998,33.3825,44,0,3721.0,3751.0,3751.0,3721.0,1653.4499999999998,1703.4499999999998
33,125,3766.0,1678.4499999999998,35.08375,48,0,3751.0,3781.0,3781.0,3751.0,1653.4499999999998,1703.4499999999998
33,126,3796.0,1678.4499999999998,36.209999999999994,33,0,3781.0,3811.0,3811.0,3781.0,1653.4499999999998,1703.4499999999998
33,127,3826.0,1678.4499999999998,41.9775,28,0,3811.0,3841.0,3841.0,3811.0,1653.4499999999998,1703.4499999999998
33,128,3856.0,1678.4499999999998,40.485,20,0,3841.0,3871.0,3871.0,3841.0,1653.4499999999998,1703.4499999999998
33,129,3886.0,1678.4499999999998,,0,0,3871.0,3901.0,3901.0,3871.0,1653.4499999999998,1703.4499999999998
34,0,16.0,1728.4499999999998,59.37888888888889,27,0,1.0,31.0,31.0,1.0,1703.4499999999998,1753.4499999999998
34,1,46.0,1728.4499999999998,45.16880000000001,50,0,31.0,61.0,61.0,31.0,1703.4499999999998,1753.4499999999998
34,2,76.0,1728.4499999999998,50.68093023255815,43,0,61.0,91.0,91.0,61.0,1703.4499999999998,1753.4499999999998
34,3,106.0,1728.4499999999998,61.361764705882344,34,0,91.0,121.0,121.0,91.0,1703.4499999999998,1753.4499999999998
34,4,136.0,1728.4499999999998,62.73529411764706,17,0,121.0,151.0,151.0,121.0,1703.4499999999998,1753.4499999999998
34,5,166.0,1728.4499999999998,63.25518518518517,27,0,151.0,181.0,181.0,151.0,1703.4499999999998,1753.4499999999998
34,6,196.0,1728.4499999999998,60.76848484848484,33,0,181.0,211.0,211.0,181.0,1703.4499999999998,1753.4499999999998
34,7,226.0,1728.4499999999998,54.80586206896553,29,0,211.0,241.0,241.0,211.0,1703.4499999999998,1753.4499999999998
34,8,256.0,1728.4499999999998,47.780588235294125,51,0,241.0,271.0,271.0,241.0,1703.4499999999998,1753.4499999999998
34,9,286.0,1728.4499999999998,55.10960000000001,25,0,271.0,301.0,301.0,271.0,1703.4499999999998,1753.4499999999998
34,10,316.0,1728.4499999999998,57.21617647058822,34,0,301.0,331.0,331.0,301.0,1703.4499999999998,1753.4499999999998
34,11,346.0,1728.4499999999998,62.33807692307692,26,0,331.0,361.0,361.0,331.0,1703.4499999999998,1753.4499999999998
34,12,376.0,1728.4499999999998,59.46794117647059,34,0,361.0,391.0,391.0,361.0,1703.4499999999998,1753.4499999999998
34,13,406.0,1728.4499999999998,55.77520000000001,50,0,391.0,421.0,421.0,391.0,1703.4499999999998,1753.4499999999998
34,14,436.0,1728.4499999999998,56.792051282051276,39,0,421.0,451.0,451.0,421.0,1703.4499999999998,1753.4499999999998
34,15,466.0,1728.4499999999998,63.325652173913056,23,0,451.0,481.0,481.0,451.0,1703.4499999999998,1753.4499999999998
34,16,496.0,1728.4499999999998,63.1520588235294,34,0,481.0,511.0,511.0,481.0,1703.4499999999998,1753.4499999999998
34,17,526.0,1728.4499999999998,61.144615384615385,26,0,511.0,541.0,541.0,511.0,1703.4499999999998,1753.4499999999998
34,18,556.0,1728.4499999999998,58.7496153846154,52,0,541.0,571.0,571.0,541.0,1703.4499999999998,1753.4499999999998
34,19,586.0,1728.4499999999998,52.854222222222226,45,0,571.0,601.0,601.0,571.0,1703.4499999999998,1753.4499999999998
34,20,616.0,1728.4499999999998,56.99658536585366,41,0,601.0,631.0,631.0,601.0,1703.4499999999998,1753.4499999999998
34,21,646.0,1728.4499999999998,62.54782608695652,23,0,631.0,661.0,661.0,631.0,1703.4499999999998,1753.4499999999998
34,22,676.0,1728.4499999999998,58.607744360902245,38,0,661.0,691.0,691.0,661.0,1703.4499999999998,1753.4499999999998
34,23,706.0,1728.4499999999998,59.90909090909092,22,0,691.0,721.0,721.0,691.0,1703.4499999999998,1753.4499999999998
34,24,736.0,1728.4499999999998,52.778048780487794,41,0,721.0,751.0,751.0,721.0,1703.4499999999998,1753.4499999999998
34,25,766.0,1728.4499999999998,48.43040000000002,50,0,751.0,781.0,781.0,751.0,1703.4499999999998,1753.4499999999998
34,26,796.0,1728.4499999999998,51.26666666666666,33,0,781.0,811.0,811.0,781.0,1703.4499999999998,1753.4499999999998
34,27,826.0,1728.4499999999998,55.11750677506776,41,0,811.0,841.0,841.0,811.0,1703.4499999999998,1753.4499999999998
34,28,856.0,1728.4499999999998,51.99264705882354,34,0,841.0,871.0,871.0,841.0,1703.4499999999998,1753.4499999999998
34,29,886.0,1728.4499999999998,61.81666666666668,39,0,871.0,901.0,901.0,871.0,1703.4499999999998,1753.4499999999998
34,30,916.0,1728.4499999999998,58.62478260869566,46,0,901.0,931.0,931.0,901.0,1703.4499999999998,1753.4499999999998
34,31,946.0,1728.4499999999998,56.55999999999999,35,0,931.0,961.0,961.0,931.0,1703.4499999999998,1753.4499999999998
34,32,976.0,1728.4499999999998,53.20788461538462,52,0,961.0,991.0,991.0,961.0,1703.4499999999998,1753.4499999999998
34,33,1006.0,1728.4499999999998,54.714,40,0,991.0,1021.0,1021.0,991.0,1703.4499999999998,1753.4499999999998
34,34,1036.0,1728.4499999999998,53.701395348837224,43,0,1021.0,1051.0,1051.0,1021.0,1703.4499999999998,1753.4499999999998
34,35,1066.0,1728.4499999999998,54.84891891891892,37,0,1051.0,1081.0,1081.0,1051.0,1703.4499999999998,1753.4499999999998
34,36,1096.0,1728.4499999999998,48.04842105263157,38,0,1081.0,1111.0,1111.0,1081.0,1703.4499999999998,1753.4499999999998
34,37,1126.0,1728.4499999999998,45.994166666666665,48,0,1111.0,1141.0,1141.0,1111.0,1703.4499999999998,1753.4499999999998
34,38,1156.0,1728.4499999999998,47.28388888888888,36,0,1141.0,1171.0,1171.0,1141.0,1703.4499999999998,1753.4499999999998
34,39,1186.0,1728.4499999999998,44.52639344262295,61,0,1171.0,1201.0,1201.0,1171.0,1703.4499999999998,1753.4499999999998
34,40,1216.0,1728.4499999999998,45.719622641509446,53,0,1201.0,1231.0,1231.0,1201.0,1703.4499999999998,1753.4499999999998
34,41,1246.0,1728.4499999999998,52.53125,40,0,1231.0,1261.0,1261.0,1231.0,1703.4499999999998,1753.4499999999998
34,42,1276.0,1728.4499999999998,50.80276595744681,47,0,1261.0,1291.0,1291.0,1261.0,1703.4499999999998,1753.4499999999998
34,43,1306.0,1728.4499999999998,55.50131578947368,38,0,1291.0,1321.0,1321.0,1291.0,1703.4499999999998,1753.4499999999998
34,44,1336.0,1728.4499999999998,51.23738095238097,42,0,1321.0,1351.0,1351.0,1321.0,1703.4499999999998,1753.4499999999998
34,45,1366.0,1728.4499999999998,54.860749999999996,40,0,1351.0,1381.0,1381.0,1351.0,1703.4499999999998,1753.4499999999998
34,46,1396.0,1728.4499999999998,59.198571428571434,28,0,1381.0,1411.0,1411.0,1381.0,1703.4499999999998,1753.4499999999998
34,47,1426.0,1728.4499999999998,54.97062499999999,48,0,1411.0,1441.0,1441.0,1411.0,1703.4499999999998,1753.4499999999998
34,48,1456.0,1728.4499999999998,52.27777777777778,45,0,1441.0,1471.0,1471.0,1441.0,1703.4499999999998,1753.4499999999998
34,49,1486.0,1728.4499999999998,47.815306122448966,49,0,1471.0,1501.0,1501.0,1471.0,1703.4499999999998,1753.4499999999998
34,50,1516.0,1728.4499999999998,59.7741935483871,31,0,1501.0,1531.0,1531.0,1501.0,1703.4499999999998,1753.4499999999998
34,51,1546.0,1728.4499999999998,64.23142857142857,35,0,1531.0,1561.0,1561.0,1531.0,1703.4499999999998,1753.4499999999998
34,52,1576.0,1728.4499999999998,65.33655172413792,29,0,1561.0,1591.0,1591.0,1561.0,1703.4499999999998,1753.4499999999998
34,53,1606.0,1728.4499999999998,62.4496875,32,0,1591.0,1621.0,1621.0,1591.0,1703.4499999999998,1753.4499999999998
34,54,1636.0,1728.4499999999998,55.68421052631578,38,0,1621.0,1651.0,1651.0,1621.0,1703.4499999999998,1753.4499999999998
34,55,1666.0,1728.4499999999998,66.53499999999998,24,0,1651.0,1681.0,1681.0,1651.0,1703.4499999999998,1753.4499999999998
34,56,1696.0,1728.4499999999998,65.31142857142856,21,0,1681.0,1711.0,1711.0,1681.0,1703.4499999999998,1753.4499999999998
34,57,1726.0,1728.4499999999998,59.8125,32,0,1711.0,1741.0,1741.0,1711.0,1703.4499999999998,1753.4499999999998
34,58,1756.0,1728.4499999999998,60.99217391304349,23,0,1741.0,1771.0,1771.0,1741.0,1703.4499999999998,1753.4499999999998
34,59,1786.0,1728.4499999999998,56.18863636363638,44,0,1771.0,1801.0,1801.0,1771.0,1703.4499999999998,1753.4499999999998
34,60,1816.0,1728.4499999999998,58.13131578947367,38,0,1801.0,1831.0,1831.0,1801.0,1703.4499999999998,1753.4499999999998
34,61,1846.0,1728.4499999999998,53.07972972972974,37,0,1831.0,1861.0,1861.0,1831.0,1703.4499999999998,1753.4499999999998
34,62,1876.0,1728.4499999999998,56.31263157894736,38,0,1861.0,1891.0,1891.0,1861.0,1703.4499999999998,1753.4499999999998
34,63,1906.0,1728.4499999999998,58.48257142857144,35,0,1891.0,1921.0,1921.0,1891.0,1703.4499999999998,1753.4499999999998
34,64,1936.0,1728.4499999999998,52.51166666666665,42,0,1921.0,1951.0,1951.0,1921.0,1703.4499999999998,1753.4499999999998
34,65,1966.0,1728.4499999999998,52.99206349206349,42,0,1951.0,1981.0,1981.0,1951.0,1703.4499999999998,1753.4499999999998
34,66,1996.0,1728.4499999999998,52.04044444444446,45,0,1981.0,2011.0,2011.0,1981.0,1703.4499999999998,1753.4499999999998
34,67,2026.0,1728.4499999999998,53.11942857142856,35,0,2011.0,2041.0,2041.0,2011.0,1703.4499999999998,1753.4499999999998
34,68,2056.0,1728.4499999999998,55.60324999999998,40,0,2041.0,2071.0,2071.0,2041.0,1703.4499999999998,1753.4499999999998
34,69,2086.0,1728.4499999999998,52.39884615384616,26,0,2071.0,2101.0,2101.0,2071.0,1703.4499999999998,1753.4499999999998
34,70,2116.0,1728.4499999999998,57.722439024390255,41,0,2101.0,2131.0,2131.0,2101.0,1703.4499999999998,1753.4499999999998
34,71,2146.0,1728.4499999999998,61.281428571428584,35,0,2131.0,2161.0,2161.0,2131.0,1703.4499999999998,1753.4499999999998
34,72,2176.0,1728.4499999999998,48.82179487179486,39,0,2161.0,2191.0,2191.0,2161.0,1703.4499999999998,1753.4499999999998
34,73,2206.0,1728.4499999999998,48.926818181818184,44,0,2191.0,2221.0,2221.0,2191.0,1703.4499999999998,1753.4499999999998
34,74,2236.0,1728.4499999999998,55.29499999999999,32,0,2221.0,2251.0,2251.0,2221.0,1703.4499999999998,1753.4499999999998
34,75,2266.0,1728.4499999999998,50.769111111111094,45,0,2251.0,2281.0,2281.0,2251.0,1703.4499999999998,1753.4499999999998
34,76,2296.0,1728.4499999999998,49.22125,48,0,2281.0,2311.0,2311.0,2281.0,1703.4499999999998,1753.4499999999998
34,77,2326.0,1728.4499999999998,47.93137254901961,51,0,2311.0,2341.0,2341.0,2311.0,1703.4499999999998,1753.4499999999998
34,78,2356.0,1728.4499999999998,47.82127659574469,47,0,2341.0,2371.0,2371.0,2341.0,1703.4499999999998,1753.4499999999998
34,79,2386.0,1728.4499999999998,52.189259259259245,27,0,2371.0,2401.0,2401.0,2371.0,1703.4499999999998,1753.4499999999998
34,80,2416.0,1728.4499999999998,48.23970588235292,34,0,2401.0,2431.0,2431.0,2401.0,1703.4499999999998,1753.4499999999998
34,81,2446.0,1728.4499999999998,53.58111111111111,45,0,2431.0,2461.0,2461.0,2431.0,1703.4499999999998,1753.4499999999998
34,82,2476.0,1728.4499999999998,47.211632653061244,49,0,2461.0,2491.0,2491.0,2461.0,1703.4499999999998,1753.4499999999998
34,83,2506.0,1728.4499999999998,44.260754716981126,53,0,2491.0,2521.0,2521.0,2491.0,1703.4499999999998,1753.4499999999998
34,84,2536.0,1728.4499999999998,44.67563336445689,51,0,2521.0,2551.0,2551.0,2521.0,1703.4499999999998,1753.4499999999998
34,85,2566.0,1728.4499999999998,47.243421052631575,38,0,2551.0,2581.0,2581.0,2551.0,1703.4499999999998,1753.4499999999998
34,86,2596.0,1728.4499999999998,41.68600000000001,50,0,2581.0,2611.0,2611.0,2581.0,1703.4499999999998,1753.4499999999998
34,87,2626.0,1728.4499999999998,41.210185185185175,54,0,2611.0,2641.0,2641.0,2611.0,1703.4499999999998,1753.4499999999998
34,88,2656.0,1728.4499999999998,42.91244444444444,45,0,2641.0,2671.0,2671.0,2641.0,1703.4499999999998,1753.4499999999998
34,89,2686.0,1728.4499999999998,30.86276923076923,65,0,2671.0,2701.0,2701.0,2671.0,1703.4499999999998,1753.4499999999998
34,90,2716.0,1728.4499999999998,36.874166666666675,48,0,2701.0,2731.0,2731.0,2701.0,1703.4499999999998,1753.4499999999998
34,91,2746.0,1728.4499999999998,38.7460465116279,43,0,2731.0,2761.0,2761.0,2731.0,1703.4499999999998,1753.4499999999998
34,92,2776.0,1728.4499999999998,39.33428571428572,49,0,2761.0,2791.0,2791.0,2761.0,1703.4499999999998,1753.4499999999998
34,93,2806.0,1728.4499999999998,40.1036,50,0,2791.0,2821.0,2821.0,2791.0,1703.4499999999998,1753.4499999999998
34,94,2836.0,1728.4499999999998,41.59711111111111,45,0,2821.0,2851.0,2851.0,2821.0,1703.4499999999998,1753.4499999999998
34,95,2866.0,1728.4499999999998,39.0888,50,0,2851.0,2881.0,2881.0,2851.0,1703.4499999999998,1753.4499999999998
34,96,2896.0,1728.4499999999998,41.35244897959185,49,0,2881.0,2911.0,2911.0,2881.0,1703.4499999999998,1753.4499999999998
34,97,2926.0,1728.4499999999998,41.90214285714286,42,0,2911.0,2941.0,2941.0,2911.0,1703.4499999999998,1753.4499999999998
34,98,2956.0,1728.4499999999998,46.026458333333345,48,0,2941.0,2971.0,2971.0,2941.0,1703.4499999999998,1753.4499999999998
34,99,2986.0,1728.4499999999998,47.118444444444435,45,0,2971.0,3001.0,3001.0,2971.0,1703.4499999999998,1753.4499999999998
34,100,3016.0,1728.4499999999998,46.65956521739131,46,0,3001.0,3031.0,3031.0,3001.0,1703.4499999999998,1753.4499999999998
34,101,3046.0,1728.4499999999998,50.39441860465117,43,0,3031.0,3061.0,3061.0,3031.0,1703.4499999999998,1753.4499999999998
34,102,3076.0,1728.4499999999998,54.171935483870975,31,0,3061.0,3091.0,3091.0,3061.0,1703.4499999999998,1753.4499999999998
34,103,3106.0,1728.4499999999998,46.34340425531916,47,0,3091.0,3121.0,3121.0,3091.0,1703.4499999999998,1753.4499999999998
34,104,3136.0,1728.4499999999998,44.96581881533101,41,0,3121.0,3151.0,3151.0,3121.0,1703.4499999999998,1753.4499999999998
34,105,3166.0,1728.4499999999998,49.034375000000004,32,0,3151.0,3181.0,3181.0,3151.0,1703.4499999999998,1753.4499999999998
34,106,3196.0,1728.4499999999998,45.62119047619047,42,0,3181.0,3211.0,3211.0,3181.0,1703.4499999999998,1753.4499999999998
34,107,3226.0,1728.4499999999998,43.60574074074074,54,0,3211.0,3241.0,3241.0,3211.0,1703.4499999999998,1753.4499999999998
34,108,3256.0,1728.4499999999998,44.80560975609756,41,0,3241.0,3271.0,3271.0,3241.0,1703.4499999999998,1753.4499999999998
34,109,3286.0,1728.4499999999998,39.36297872340426,47,0,3271.0,3301.0,3301.0,3271.0,1703.4499999999998,1753.4499999999998
34,110,3316.0,1728.4499999999998,41.90698113207547,53,0,3301.0,3331.0,3331.0,3301.0,1703.4499999999998,1753.4499999999998
34,111,3346.0,1728.4499999999998,51.04729729729729,37,0,3331.0,3361.0,3361.0,3331.0,1703.4499999999998,1753.4499999999998
34,112,3376.0,1728.4499999999998,51.2196875,32,0,3361.0,3391.0,3391.0,3361.0,1703.4499999999998,1753.4499999999998
34,113,3406.0,1728.4499999999998,45.43756756756756,37,0,3391.0,3421.0,3421.0,3391.0,1703.4499999999998,1753.4499999999998
34,114,3436.0,1728.4499999999998,40.99344827586206,58,0,3421.0,3451.0,3451.0,3421.0,1703.4499999999998,1753.4499999999998
34,115,3466.0,1728.4499999999998,40.43688888888889,45,0,3451.0,3481.0,3481.0,3451.0,1703.4499999999998,1753.4499999999998
34,116,3496.0,1728.4499999999998,42.21371428571428,35,0,3481.0,3511.0,3511.0,3481.0,1703.4499999999998,1753.4499999999998
34,117,3526.0,1728.4499999999998,42.390222222222214,45,0,3511.0,3541.0,3541.0,3511.0,1703.4499999999998,1753.4499999999998
34,118,3556.0,1728.4499999999998,46.062222222222225,33,0,3541.0,3571.0,3571.0,3541.0,1703.4499999999998,1753.4499999999998
34,119,3586.0,1728.4499999999998,38.70453124999999,64,0,3571.0,3601.0,3601.0,3571.0,1703.4499999999998,1753.4499999999998
34,120,3616.0,1728.4499999999998,41.4075,48,0,3601.0,3631.0,3631.0,3601.0,1703.4499999999998,1753.4499999999998
34,121,3646.0,1728.4499999999998,43.4025,40,0,3631.0,3661.0,3661.0,3631.0,1703.4499999999998,1753.4499999999998
34,122,3676.0,1728.4499999999998,36.27926829268293,41,0,3661.0,3691.0,3691.0,3661.0,1703.4499999999998,1753.4499999999998
34,123,3706.0,1728.4499999999998,35.38791666666667,48,0,3691.0,3721.0,3721.0,3691.0,1703.4499999999998,1753.4499999999998
34,124,3736.0,1728.4499999999998,34.08625,48,0,3721.0,3751.0,3751.0,3721.0,1703.4499999999998,1753.4499999999998
34,125,3766.0,1728.4499999999998,33.05315789473684,38,0,3751.0,3781.0,3781.0,3751.0,1703.4499999999998,1753.4499999999998
34,126,3796.0,1728.4499999999998,33.588,35,0,3781.0,3811.0,3811.0,3781.0,1703.4499999999998,1753.4499999999998
34,127,3826.0,1728.4499999999998,44.11162162162163,37,0,3811.0,3841.0,3841.0,3811.0,1703.4499999999998,1753.4499999999998
34,128,3856.0,1728.4499999999998,43.321666666666665,18,0,3841.0,3871.0,3871.0,3841.0,1703.4499999999998,1753.4499999999998
34,129,3886.0,1728.4499999999998,,0,0,3871.0,3901.0,3901.0,3871.0,1703.4499999999998,1753.4499999999998
35,0,16.0,1778.4499999999998,63.50260869565218,23,0,1.0,31.0,31.0,1.0,1753.4499999999998,1803.4499999999998
35,1,46.0,1778.4499999999998,49.13489795918368,49,0,31.0,61.0,61.0,31.0,1753.4499999999998,1803.4499999999998
35,2,76.0,1778.4499999999998,51.491363636363644,44,0,61.0,91.0,91.0,61.0,1753.4499999999998,1803.4499999999998
35,3,106.0,1778.4499999999998,60.39999999999998,36,0,91.0,121.0,121.0,91.0,1753.4499999999998,1803.4499999999998
35,4,136.0,1778.4499999999998,65.64105263157894,19,0,121.0,151.0,151.0,121.0,1753.4499999999998,1803.4499999999998
35,5,166.0,1778.4499999999998,64.47592592592595,27,0,151.0,181.0,181.0,151.0,1753.4499999999998,1803.4499999999998
35,6,196.0,1778.4499999999998,62.82296296296296,27,0,181.0,211.0,211.0,181.0,1753.4499999999998,1803.4499999999998
35,7,226.0,1778.4499999999998,59.95633333333333,30,0,211.0,241.0,241.0,211.0,1753.4499999999998,1803.4499999999998
35,8,256.0,1778.4499999999998,50.2746511627907,43,0,241.0,271.0,271.0,241.0,1753.4499999999998,1803.4499999999998
35,9,286.0,1778.4499999999998,56.14384615384615,26,0,271.0,301.0,301.0,271.0,1753.4499999999998,1803.4499999999998
35,10,316.0,1778.4499999999998,60.120000000000005,30,0,301.0,331.0,331.0,301.0,1753.4499999999998,1803.4499999999998
35,11,346.0,1778.4499999999998,61.97655172413793,29,0,331.0,361.0,361.0,331.0,1753.4499999999998,1803.4499999999998
35,12,376.0,1778.4499999999998,62.86965517241379,29,0,361.0,391.0,391.0,361.0,1753.4499999999998,1803.4499999999998
35,13,406.0,1778.4499999999998,55.42854166666667,48,0,391.0,421.0,421.0,391.0,1753.4499999999998,1803.4499999999998
35,14,436.0,1778.4499999999998,57.70024390243901,41,0,421.0,451.0,451.0,421.0,1753.4499999999998,1803.4499999999998
35,15,466.0,1778.4499999999998,64.856,20,0,451.0,481.0,481.0,451.0,1753.4499999999998,1803.4499999999998
35,16,496.0,1778.4499999999998,63.39680672268907,34,0,481.0,511.0,511.0,481.0,1753.4499999999998,1803.4499999999998
35,17,526.0,1778.4499999999998,63.66178571428572,28,0,511.0,541.0,541.0,511.0,1753.4499999999998,1803.4499999999998
35,18,556.0,1778.4499999999998,62.859148936170214,47,0,541.0,571.0,571.0,541.0,1753.4499999999998,1803.4499999999998
35,19,586.0,1778.4499999999998,54.59173913043479,46,0,571.0,601.0,601.0,571.0,1753.4499999999998,1803.4499999999998
35,20,616.0,1778.4499999999998,56.933658536585384,41,0,601.0,631.0,631.0,601.0,1753.4499999999998,1803.4499999999998
35,21,646.0,1778.4499999999998,64.2284,25,0,631.0,661.0,661.0,631.0,1753.4499999999998,1803.4499999999998
35,22,676.0,1778.4499999999998,60.65052631578948,38,0,661.0,691.0,691.0,661.0,1753.4499999999998,1803.4499999999998
35,23,706.0,1778.4499999999998,62.520952380952394,28,0,691.0,721.0,721.0,691.0,1753.4499999999998,1803.4499999999998
35,24,736.0,1778.4499999999998,54.702564102564104,39,0,721.0,751.0,751.0,721.0,1753.4499999999998,1803.4499999999998
35,25,766.0,1778.4499999999998,50.735957446808506,47,0,751.0,781.0,781.0,751.0,1753.4499999999998,1803.4499999999998
35,26,796.0,1778.4499999999998,51.87174242424243,33,0,781.0,811.0,811.0,781.0,1753.4499999999998,1803.4499999999998
35,27,826.0,1778.4499999999998,56.662380952380964,42,0,811.0,841.0,841.0,811.0,1753.4499999999998,1803.4499999999998
35,28,856.0,1778.4499999999998,53.4015,40,0,841.0,871.0,871.0,841.0,1753.4499999999998,1803.4499999999998
35,29,886.0,1778.4499999999998,63.19250000000001,36,0,871.0,901.0,901.0,871.0,1753.4499999999998,1803.4499999999998
35,30,916.0,1778.4499999999998,59.21956521739131,46,0,901.0,931.0,931.0,901.0,1753.4499999999998,1803.4499999999998
35,31,946.0,1778.4499999999998,57.69236842105264,38,0,931.0,961.0,961.0,931.0,1753.4499999999998,1803.4499999999998
35,32,976.0,1778.4499999999998,55.32820000000001,50,0,961.0,991.0,991.0,961.0,1753.4499999999998,1803.4499999999998
35,33,1006.0,1778.4499999999998,55.92384615384617,39,0,991.0,1021.0,1021.0,991.0,1753.4499999999998,1803.4499999999998
35,34,1036.0,1778.4499999999998,54.65177777777777,45,0,1021.0,1051.0,1051.0,1021.0,1753.4499999999998,1803.4499999999998
35,35,1066.0,1778.4499999999998,56.85048780487806,41,0,1051.0,1081.0,1081.0,1051.0,1753.4499999999998,1803.4499999999998
35,36,1096.0,1778.4499999999998,52.05891891891891,37,0,1081.0,1111.0,1111.0,1081.0,1753.4499999999998,1803.4499999999998
35,37,1126.0,1778.4499999999998,49.720666666666666,45,0,1111.0,1141.0,1141.0,1111.0,1753.4499999999998,1803.4499999999998
35,38,1156.0,1778.4499999999998,48.97027777777777,36,0,1141.0,1171.0,1171.0,1141.0,1753.4499999999998,1803.4499999999998
35,39,1186.0,1778.4499999999998,47.579666666666675,60,0,1171.0,1201.0,1201.0,1171.0,1753.4499999999998,1803.4499999999998
35,40,1216.0,1778.4499999999998,47.11156862745097,51,0,1201.0,1231.0,1231.0,1201.0,1753.4499999999998,1803.4499999999998
35,41,1246.0,1778.4499999999998,50.81229166666666,48,0,1231.0,1261.0,1261.0,1231.0,1753.4499999999998,1803.4499999999998
35,42,1276.0,1778.4499999999998,50.274015151515144,44,0,1261.0,1291.0,1291.0,1261.0,1753.4499999999998,1803.4499999999998
35,43,1306.0,1778.4499999999998,58.44250000000001,36,0,1291.0,1321.0,1321.0,1291.0,1753.4499999999998,1803.4499999999998
35,44,1336.0,1778.4499999999998,50.846,50,0,1321.0,1351.0,1351.0,1321.0,1753.4499999999998,1803.4499999999998
35,45,1366.0,1778.4499999999998,56.161685606060615,44,0,1351.0,1381.0,1381.0,1351.0,1753.4499999999998,1803.4499999999998
35,46,1396.0,1778.4499999999998,62.454642857142865,28,0,1381.0,1411.0,1411.0,1381.0,1753.4499999999998,1803.4499999999998
35,47,1426.0,1778.4499999999998,54.982000000000006,50,0,1411.0,1441.0,1441.0,1411.0,1753.4499999999998,1803.4499999999998
35,48,1456.0,1778.4499999999998,55.828372093023255,43,0,1441.0,1471.0,1471.0,1441.0,1753.4499999999998,1803.4499999999998
35,49,1486.0,1778.4499999999998,46.11229166666666,48,0,1471.0,1501.0,1501.0,1471.0,1753.4499999999998,1803.4499999999998
35,50,1516.0,1778.4499999999998,55.944571428571436,35,0,1501.0,1531.0,1531.0,1501.0,1753.4499999999998,1803.4499999999998
35,51,1546.0,1778.4499999999998,64.55666666666667,36,0,1531.0,1561.0,1561.0,1531.0,1753.4499999999998,1803.4499999999998
35,52,1576.0,1778.4499999999998,66.66242424242425,33,0,1561.0,1591.0,1591.0,1561.0,1753.4499999999998,1803.4499999999998
35,53,1606.0,1778.4499999999998,63.12540540540539,37,0,1591.0,1621.0,1621.0,1591.0,1753.4499999999998,1803.4499999999998
35,54,1636.0,1778.4499999999998,56.970249999999986,40,0,1621.0,1651.0,1651.0,1621.0,1753.4499999999998,1803.4499999999998
35,55,1666.0,1778.4499999999998,67.40391304347825,23,0,1651.0,1681.0,1681.0,1651.0,1753.4499999999998,1803.4499999999998
35,56,1696.0,1778.4499999999998,66.48375,24,0,1681.0,1711.0,1711.0,1681.0,1753.4499999999998,1803.4499999999998
35,57,1726.0,1778.4499999999998,61.00033333333334,30,0,1711.0,1741.0,1741.0,1711.0,1753.4499999999998,1803.4499999999998
35,58,1756.0,1778.4499999999998,62.42040000000001,25,0,1741.0,1771.0,1771.0,1741.0,1753.4499999999998,1803.4499999999998
35,59,1786.0,1778.4499999999998,58.92736842105264,38,0,1771.0,1801.0,1801.0,1771.0,1753.4499999999998,1803.4499999999998
35,60,1816.0,1778.4499999999998,60.695128205128206,39,0,1801.0,1831.0,1831.0,1801.0,1753.4499999999998,1803.4499999999998
35,61,1846.0,1778.4499999999998,54.08739583333335,32,0,1831.0,1861.0,1861.0,1831.0,1753.4499999999998,1803.4499999999998
35,62,1876.0,1778.4499999999998,57.15081632653062,35,0,1861.0,1891.0,1891.0,1861.0,1753.4499999999998,1803.4499999999998
35,63,1906.0,1778.4499999999998,59.09285714285714,35,0,1891.0,1921.0,1921.0,1891.0,1753.4499999999998,1803.4499999999998
35,64,1936.0,1778.4499999999998,55.37372093023255,43,0,1921.0,1951.0,1951.0,1921.0,1753.4499999999998,1803.4499999999998
35,65,1966.0,1778.4499999999998,53.37999999999998,37,0,1951.0,1981.0,1981.0,1951.0,1753.4499999999998,1803.4499999999998
35,66,1996.0,1778.4499999999998,55.46891304347825,46,0,1981.0,2011.0,2011.0,1981.0,1753.4499999999998,1803.4499999999998
35,67,2026.0,1778.4499999999998,52.96942857142859,35,0,2011.0,2041.0,2041.0,2011.0,1753.4499999999998,1803.4499999999998
35,68,2056.0,1778.4499999999998,54.445149051490525,41,0,2041.0,2071.0,2071.0,2041.0,1753.4499999999998,1803.4499999999998
35,69,2086.0,1778.4499999999998,58.10884615384615,26,0,2071.0,2101.0,2101.0,2071.0,1753.4499999999998,1803.4499999999998
35,70,2116.0,1778.4499999999998,58.874749999999985,40,0,2101.0,2131.0,2131.0,2101.0,1753.4499999999998,1803.4499999999998
35,71,2146.0,1778.4499999999998,62.64377777777778,35,0,2131.0,2161.0,2161.0,2131.0,1753.4499999999998,1803.4499999999998
35,72,2176.0,1778.4499999999998,51.94166666666666,36,0,2161.0,2191.0,2191.0,2161.0,1753.4499999999998,1803.4499999999998
35,73,2206.0,1778.4499999999998,49.98431818181819,44,0,2191.0,2221.0,2221.0,2191.0,1753.4499999999998,1803.4499999999998
35,74,2236.0,1778.4499999999998,58.18068965517241,29,0,2221.0,2251.0,2251.0,2221.0,1753.4499999999998,1803.4499999999998
35,75,2266.0,1778.4499999999998,54.41613636363636,44,0,2251.0,2281.0,2281.0,2251.0,1753.4499999999998,1803.4499999999998
35,76,2296.0,1778.4499999999998,52.84409090909093,44,0,2281.0,2311.0,2311.0,2281.0,1753.4499999999998,1803.4499999999998
35,77,2326.0,1778.4499999999998,52.549130434782604,46,0,2311.0,2341.0,2341.0,2311.0,1753.4499999999998,1803.4499999999998
35,78,2356.0,1778.4499999999998,46.508727272727285,55,0,2341.0,2371.0,2371.0,2341.0,1753.4499999999998,1803.4499999999998
35,79,2386.0,1778.4499999999998,53.50384615384616,26,0,2371.0,2401.0,2401.0,2371.0,1753.4499999999998,1803.4499999999998
35,80,2416.0,1778.4499999999998,51.248108108108106,37,0,2401.0,2431.0,2431.0,2401.0,1753.4499999999998,1803.4499999999998
35,81,2446.0,1778.4499999999998,57.033255813953495,43,0,2431.0,2461.0,2461.0,2431.0,1753.4499999999998,1803.4499999999998
35,82,2476.0,1778.4499999999998,50.079024390243895,41,0,2461.0,2491.0,2491.0,2461.0,1753.4499999999998,1803.4499999999998
35,83,2506.0,1778.4499999999998,46.019811320754705,53,0,2491.0,2521.0,2521.0,2491.0,1753.4499999999998,1803.4499999999998
35,84,2536.0,1778.4499999999998,46.844418604651146,43,0,2521.0,2551.0,2551.0,2521.0,1753.4499999999998,1803.4499999999998
35,85,2566.0,1778.4499999999998,50.03275000000001,40,0,2551.0,2581.0,2581.0,2551.0,1753.4499999999998,1803.4499999999998
35,86,2596.0,1778.4499999999998,44.54785714285714,42,0,2581.0,2611.0,2611.0,2581.0,1753.4499999999998,1803.4499999999998
35,87,2626.0,1778.4499999999998,41.68192307692308,52,0,2611.0,2641.0,2641.0,2611.0,1753.4499999999998,1803.4499999999998
35,88,2656.0,1778.4499999999998,37.48701754385964,57,0,2641.0,2671.0,2671.0,2641.0,1753.4499999999998,1803.4499999999998
35,89,2686.0,1778.4499999999998,32.428219178082195,73,0,2671.0,2701.0,2701.0,2671.0,1753.4499999999998,1803.4499999999998
35,90,2716.0,1778.4499999999998,37.865,50,0,2701.0,2731.0,2731.0,2701.0,1753.4499999999998,1803.4499999999998
35,91,2746.0,1778.4499999999998,39.64519230769231,52,0,2731.0,2761.0,2761.0,2731.0,1753.4499999999998,1803.4499999999998
35,92,2776.0,1778.4499999999998,43.37583333333334,48,0,2761.0,2791.0,2791.0,2761.0,1753.4499999999998,1803.4499999999998
35,93,2806.0,1778.4499999999998,42.760612244897956,49,0,2791.0,2821.0,2821.0,2791.0,1753.4499999999998,1803.4499999999998
35,94,2836.0,1778.4499999999998,46.576097560975604,41,0,2821.0,2851.0,2851.0,2821.0,1753.4499999999998,1803.4499999999998
35,95,2866.0,1778.4499999999998,43.40925,40,0,2851.0,2881.0,2881.0,2851.0,1753.4499999999998,1803.4499999999998
35,96,2896.0,1778.4499999999998,40.60962962962962,54,0,2881.0,2911.0,2911.0,2881.0,1753.4499999999998,1803.4499999999998
35,97,2926.0,1778.4499999999998,44.923720930232555,43,0,2911.0,2941.0,2941.0,2911.0,1753.4499999999998,1803.4499999999998
35,98,2956.0,1778.4499999999998,47.614189814814814,48,0,2941.0,2971.0,2971.0,2941.0,1753.4499999999998,1803.4499999999998
35,99,2986.0,1778.4499999999998,48.99243902439024,41,0,2971.0,3001.0,3001.0,2971.0,1753.4499999999998,1803.4499999999998
35,100,3016.0,1778.4499999999998,49.7604255319149,47,0,3001.0,3031.0,3031.0,3001.0,1753.4499999999998,1803.4499999999998
35,101,3046.0,1778.4499999999998,49.26489361702127,47,0,3031.0,3061.0,3061.0,3031.0,1753.4499999999998,1803.4499999999998
35,102,3076.0,1778.4499999999998,56.66090909090909,33,0,3061.0,3091.0,3091.0,3061.0,1753.4499999999998,1803.4499999999998
35,103,3106.0,1778.4499999999998,47.572340425531905,47,0,3091.0,3121.0,3121.0,3091.0,1753.4499999999998,1803.4499999999998
35,104,3136.0,1778.4499999999998,44.51631578947369,38,0,3121.0,3151.0,3151.0,3121.0,1753.4499999999998,1803.4499999999998
35,105,3166.0,1778.4499999999998,52.16333333333331,30,0,3151.0,3181.0,3181.0,3151.0,1753.4499999999998,1803.4499999999998
35,106,3196.0,1778.4499999999998,48.23545454545455,44,0,3181.0,3211.0,3211.0,3181.0,1753.4499999999998,1803.4499999999998
35,107,3226.0,1778.4499999999998,46.063333333333325,51,0,3211.0,3241.0,3241.0,3211.0,1753.4499999999998,1803.4499999999998
35,108,3256.0,1778.4499999999998,48.636052631578956,38,0,3241.0,3271.0,3271.0,3241.0,1753.4499999999998,1803.4499999999998
35,109,3286.0,1778.4499999999998,41.98717391304347,46,0,3271.0,3301.0,3301.0,3271.0,1753.4499999999998,1803.4499999999998
35,110,3316.0,1778.4499999999998,41.4375925925926,54,0,3301.0,3331.0,3331.0,3301.0,1753.4499999999998,1803.4499999999998
35,111,3346.0,1778.4499999999998,48.86023255813953,43,0,3331.0,3361.0,3361.0,3331.0,1753.4499999999998,1803.4499999999998
35,112,3376.0,1778.4499999999998,52.588,35,0,3361.0,3391.0,3391.0,3361.0,1753.4499999999998,1803.4499999999998
35,113,3406.0,1778.4499999999998,48.221470588235285,34,0,3391.0,3421.0,3421.0,3391.0,1753.4499999999998,1803.4499999999998
35,114,3436.0,1778.4499999999998,42.93362068965517,58,0,3421.0,3451.0,3451.0,3421.0,1753.4499999999998,1803.4499999999998
35,115,3466.0,1778.4499999999998,43.067999999999984,45,0,3451.0,3481.0,3481.0,3451.0,1753.4499999999998,1803.4499999999998
35,116,3496.0,1778.4499999999998,45.53970588235294,34,0,3481.0,3511.0,3511.0,3481.0,1753.4499999999998,1803.4499999999998
35,117,3526.0,1778.4499999999998,43.98619047619047,42,0,3511.0,3541.0,3541.0,3511.0,1753.4499999999998,1803.4499999999998
35,118,3556.0,1778.4499999999998,48.161904761904765,30,0,3541.0,3571.0,3571.0,3541.0,1753.4499999999998,1803.4499999999998
35,119,3586.0,1778.4499999999998,43.285000000000004,60,0,3571.0,3601.0,3601.0,3571.0,1753.4499999999998,1803.4499999999998
35,120,3616.0,1778.4499999999998,41.94288461538463,52,0,3601.0,3631.0,3631.0,3601.0,1753.4499999999998,1803.4499999999998
35,121,3646.0,1778.4499999999998,47.04447368421053,38,0,3631.0,3661.0,3661.0,3631.0,1753.4499999999998,1803.4499999999998
35,122,3676.0,1778.4499999999998,40.88444444444443,36,0,3661.0,3691.0,3691.0,3661.0,1753.4499999999998,1803.4499999999998
35,123,3706.0,1778.4499999999998,37.14440000000001,50,0,3691.0,3721.0,3721.0,3691.0,1753.4499999999998,1803.4499999999998
35,124,3736.0,1778.4499999999998,35.69878048780489,41,0,3721.0,3751.0,3751.0,3721.0,1753.4499999999998,1803.4499999999998
35,125,3766.0,1778.4499999999998,35.86971428571428,35,0,3751.0,3781.0,3781.0,3751.0,1753.4499999999998,1803.4499999999998
35,126,3796.0,1778.4499999999998,36.2685,40,0,3781.0,3811.0,3811.0,3781.0,1753.4499999999998,1803.4499999999998
35,127,3826.0,1778.4499999999998,42.86972222222222,36,0,3811.0,3841.0,3841.0,3811.0,1753.4499999999998,1803.4499999999998
35,128,3856.0,1778.4499999999998,45.548260869565226,23,0,3841.0,3871.0,3871.0,3841.0,1753.4499999999998,1803.4499999999998
35,129,3886.0,1778.4499999999998,48.77,1,0,3871.0,3901.0,3901.0,3871.0,1753.4499999999998,1803.4499999999998
36,0,16.0,1828.4499999999998,65.94428571428571,21,0,1.0,31.0,31.0,1.0,1803.4499999999998,1853.4499999999998
36,1,46.0,1828.4499999999998,50.47087108013936,41,0,31.0,61.0,61.0,31.0,1803.4499999999998,1853.4499999999998
36,2,76.0,1828.4499999999998,51.02659090909089,44,0,61.0,91.0,91.0,61.0,1803.4499999999998,1853.4499999999998
36,3,106.0,1828.4499999999998,57.63487179487179,39,0,91.0,121.0,121.0,91.0,1803.4499999999998,1853.4499999999998
36,4,136.0,1828.4499999999998,64.47315789473684,19,0,121.0,151.0,151.0,121.0,1803.4499999999998,1853.4499999999998
36,5,166.0,1828.4499999999998,62.889230769230764,26,0,151.0,181.0,181.0,151.0,1803.4499999999998,1853.4499999999998
36,6,196.0,1828.4499999999998,62.93240000000001,25,0,181.0,211.0,211.0,181.0,1803.4499999999998,1853.4499999999998
36,7,226.0,1828.4499999999998,60.64620689655172,29,0,211.0,241.0,241.0,211.0,1803.4499999999998,1853.4499999999998
36,8,256.0,1828.4499999999998,50.10325581395348,43,0,241.0,271.0,271.0,241.0,1803.4499999999998,1853.4499999999998
36,9,286.0,1828.4499999999998,55.4728,25,0,271.0,301.0,301.0,271.0,1803.4499999999998,1853.4499999999998
36,10,316.0,1828.4499999999998,58.45100000000001,30,0,301.0,331.0,331.0,301.0,1803.4499999999998,1853.4499999999998
36,11,346.0,1828.4499999999998,59.531333333333336,30,0,331.0,361.0,361.0,331.0,1803.4499999999998,1853.4499999999998
36,12,376.0,1828.4499999999998,65.0908,25,0,361.0,391.0,391.0,361.0,1803.4499999999998,1853.4499999999998
36,13,406.0,1828.4499999999998,53.83489795918368,49,0,391.0,421.0,421.0,391.0,1803.4499999999998,1853.4499999999998
36,14,436.0,1828.4499999999998,56.48422222222223,45,0,421.0,451.0,451.0,421.0,1803.4499999999998,1853.4499999999998
36,15,466.0,1828.4499999999998,64.35941176470588,17,0,451.0,481.0,481.0,451.0,1803.4499999999998,1853.4499999999998
36,16,496.0,1828.4499999999998,63.150294117647064,34,0,481.0,511.0,511.0,481.0,1803.4499999999998,1853.4499999999998
36,17,526.0,1828.4499999999998,63.96920000000001,25,0,511.0,541.0,541.0,511.0,1803.4499999999998,1853.4499999999998
36,18,556.0,1828.4499999999998,62.10937984496125,43,0,541.0,571.0,571.0,541.0,1803.4499999999998,1853.4499999999998
36,19,586.0,1828.4499999999998,55.58162790697675,43,0,571.0,601.0,601.0,571.0,1803.4499999999998,1853.4499999999998
36,20,616.0,1828.4499999999998,56.1746511627907,43,0,601.0,631.0,631.0,601.0,1803.4499999999998,1853.4499999999998
36,21,646.0,1828.4499999999998,63.4104347826087,23,0,631.0,661.0,661.0,631.0,1803.4499999999998,1853.4499999999998
36,22,676.0,1828.4499999999998,59.98343750000001,32,0,661.0,691.0,691.0,661.0,1803.4499999999998,1853.4499999999998
36,23,706.0,1828.4499999999998,62.698518518518526,27,0,691.0,721.0,721.0,691.0,1803.4499999999998,1853.4499999999998
36,24,736.0,1828.4499999999998,54.51441176470589,34,0,721.0,751.0,751.0,721.0,1803.4499999999998,1853.4499999999998
36,25,766.0,1828.4499999999998,52.33063829787234,47,0,751.0,781.0,781.0,751.0,1803.4499999999998,1853.4499999999998
36,26,796.0,1828.4499999999998,51.69691729323309,38,0,781.0,811.0,811.0,781.0,1803.4499999999998,1853.4499999999998
36,27,826.0,1828.4499999999998,57.965,38,0,811.0,841.0,841.0,811.0,1803.4499999999998,1853.4499999999998
36,28,856.0,1828.4499999999998,51.776341463414646,41,0,841.0,871.0,871.0,841.0,1803.4499999999998,1853.4499999999998
36,29,886.0,1828.4499999999998,63.33441176470588,34,0,871.0,901.0,901.0,871.0,1803.4499999999998,1853.4499999999998
36,30,916.0,1828.4499999999998,57.28581395348837,43,0,901.0,931.0,931.0,901.0,1803.4499999999998,1853.4499999999998
36,31,946.0,1828.4499999999998,57.947575757575756,33,0,931.0,961.0,961.0,931.0,1803.4499999999998,1853.4499999999998
36,32,976.0,1828.4499999999998,54.59999999999999,53,0,961.0,991.0,991.0,961.0,1803.4499999999998,1853.4499999999998
36,33,1006.0,1828.4499999999998,55.281860465116274,43,0,991.0,1021.0,1021.0,991.0,1803.4499999999998,1853.4499999999998
36,34,1036.0,1828.4499999999998,53.51547619047619,42,0,1021.0,1051.0,1051.0,1021.0,1803.4499999999998,1853.4499999999998
36,35,1066.0,1828.4499999999998,55.799318181818165,44,0,1051.0,1081.0,1081.0,1051.0,1803.4499999999998,1853.4499999999998
36,36,1096.0,1828.4499999999998,52.72433333333334,30,0,1081.0,1111.0,1111.0,1081.0,1803.4499999999998,1853.4499999999998
36,37,1126.0,1828.4499999999998,49.80673469387756,49,0,1111.0,1141.0,1141.0,1111.0,1803.4499999999998,1853.4499999999998
36,38,1156.0,1828.4499999999998,49.81000000000001,37,0,1141.0,1171.0,1171.0,1141.0,1803.4499999999998,1853.4499999999998
36,39,1186.0,1828.4499999999998,48.15127659574469,47,0,1171.0,1201.0,1201.0,1171.0,1803.4499999999998,1853.4499999999998
36,40,1216.0,1828.4499999999998,46.296037735849055,53,0,1201.0,1231.0,1231.0,1201.0,1803.4499999999998,1853.4499999999998
36,41,1246.0,1828.4499999999998,47.389622641509426,53,0,1231.0,1261.0,1261.0,1231.0,1803.4499999999998,1853.4499999999998
36,42,1276.0,1828.4499999999998,49.489756097560964,41,0,1261.0,1291.0,1291.0,1261.0,1803.4499999999998,1853.4499999999998
36,43,1306.0,1828.4499999999998,57.48942857142858,35,0,1291.0,1321.0,1321.0,1291.0,1803.4499999999998,1853.4499999999998
36,44,1336.0,1828.4499999999998,50.275208333333346,48,0,1321.0,1351.0,1351.0,1321.0,1803.4499999999998,1853.4499999999998
36,45,1366.0,1828.4499999999998,53.468809523809526,42,0,1351.0,1381.0,1381.0,1351.0,1803.4499999999998,1853.4499999999998
36,46,1396.0,1828.4499999999998,61.35739130434781,23,0,1381.0,1411.0,1411.0,1381.0,1803.4499999999998,1853.4499999999998
36,47,1426.0,1828.4499999999998,54.05693877551022,49,0,1411.0,1441.0,1441.0,1411.0,1803.4499999999998,1853.4499999999998
36,48,1456.0,1828.4499999999998,56.52062499999999,48,0,1441.0,1471.0,1471.0,1441.0,1803.4499999999998,1853.4499999999998
36,49,1486.0,1828.4499999999998,43.643600000000006,50,0,1471.0,1501.0,1501.0,1471.0,1803.4499999999998,1853.4499999999998
36,50,1516.0,1828.4499999999998,53.84743589743589,39,0,1501.0,1531.0,1531.0,1501.0,1803.4499999999998,1853.4499999999998
36,51,1546.0,1828.4499999999998,63.58444444444446,36,0,1531.0,1561.0,1561.0,1531.0,1803.4499999999998,1853.4499999999998
36,52,1576.0,1828.4499999999998,65.63281250000001,32,0,1561.0,1591.0,1591.0,1561.0,1803.4499999999998,1853.4499999999998
36,53,1606.0,1828.4499999999998,61.473243243243246,37,0,1591.0,1621.0,1621.0,1591.0,1803.4499999999998,1853.4499999999998
36,54,1636.0,1828.4499999999998,55.80806451612904,31,0,1621.0,1651.0,1651.0,1621.0,1803.4499999999998,1853.4499999999998
36,55,1666.0,1828.4499999999998,66.56035714285716,28,0,1651.0,1681.0,1681.0,1651.0,1803.4499999999998,1853.4499999999998
36,56,1696.0,1828.4499999999998,64.6037931034483,29,0,1681.0,1711.0,1711.0,1681.0,1803.4499999999998,1853.4499999999998
36,57,1726.0,1828.4499999999998,61.21333333333334,30,0,1711.0,1741.0,1741.0,1711.0,1803.4499999999998,1853.4499999999998
36,58,1756.0,1828.4499999999998,61.64857142857142,28,0,1741.0,1771.0,1771.0,1741.0,1803.4499999999998,1853.4499999999998
36,59,1786.0,1828.4499999999998,59.15235294117648,34,0,1771.0,1801.0,1801.0,1771.0,1803.4499999999998,1853.4499999999998
36,60,1816.0,1828.4499999999998,60.94444444444446,36,0,1801.0,1831.0,1831.0,1801.0,1803.4499999999998,1853.4499999999998
36,61,1846.0,1828.4499999999998,53.32848484848485,33,0,1831.0,1861.0,1861.0,1831.0,1803.4499999999998,1853.4499999999998
36,62,1876.0,1828.4499999999998,55.140540540540535,37,0,1861.0,1891.0,1891.0,1861.0,1803.4499999999998,1853.4499999999998
36,63,1906.0,1828.4499999999998,58.41368421052631,38,0,1891.0,1921.0,1921.0,1891.0,1803.4499999999998,1853.4499999999998
36,64,1936.0,1828.4499999999998,55.41190476190476,42,0,1921.0,1951.0,1951.0,1921.0,1803.4499999999998,1853.4499999999998
36,65,1966.0,1828.4499999999998,52.26135135135136,37,0,1951.0,1981.0,1981.0,1951.0,1803.4499999999998,1853.4499999999998
36,66,1996.0,1828.4499999999998,55.74651162790698,43,0,1981.0,2011.0,2011.0,1981.0,1803.4499999999998,1853.4499999999998
36,67,2026.0,1828.4499999999998,50.6639393939394,33,0,2011.0,2041.0,2041.0,2011.0,1803.4499999999998,1853.4499999999998
36,68,2056.0,1828.4499999999998,50.26489361702129,47,0,2041.0,2071.0,2071.0,2041.0,1803.4499999999998,1853.4499999999998
36,69,2086.0,1828.4499999999998,58.938999999999986,20,0,2071.0,2101.0,2101.0,2071.0,1803.4499999999998,1853.4499999999998
36,70,2116.0,1828.4499999999998,56.87190476190477,42,0,2101.0,2131.0,2131.0,2101.0,1803.4499999999998,1853.4499999999998
36,71,2146.0,1828.4499999999998,61.10513513513513,37,0,2131.0,2161.0,2161.0,2131.0,1803.4499999999998,1853.4499999999998
36,72,2176.0,1828.4499999999998,52.9716129032258,31,0,2161.0,2191.0,2191.0,2161.0,1803.4499999999998,1853.4499999999998
36,73,2206.0,1828.4499999999998,48.30152173913043,46,0,2191.0,2221.0,2221.0,2191.0,1803.4499999999998,1853.4499999999998
36,74,2236.0,1828.4499999999998,57.485517241379306,29,0,2221.0,2251.0,2251.0,2221.0,1803.4499999999998,1853.4499999999998
36,75,2266.0,1828.4499999999998,56.39044444444442,45,0,2251.0,2281.0,2281.0,2251.0,1803.4499999999998,1853.4499999999998
36,76,2296.0,1828.4499999999998,53.80275000000002,40,0,2281.0,2311.0,2311.0,2281.0,1803.4499999999998,1853.4499999999998
36,77,2326.0,1828.4499999999998,54.47857142857143,42,0,2311.0,2341.0,2341.0,2311.0,1803.4499999999998,1853.4499999999998
36,78,2356.0,1828.4499999999998,47.08812499999999,48,0,2341.0,2371.0,2371.0,2341.0,1803.4499999999998,1853.4499999999998
36,79,2386.0,1828.4499999999998,51.3,30,0,2371.0,2401.0,2401.0,2371.0,1803.4499999999998,1853.4499999999998
36,80,2416.0,1828.4499999999998,51.86129032258064,31,0,2401.0,2431.0,2431.0,2401.0,1803.4499999999998,1853.4499999999998
36,81,2446.0,1828.4499999999998,56.29431818181818,44,0,2431.0,2461.0,2461.0,2431.0,1803.4499999999998,1853.4499999999998
36,82,2476.0,1828.4499999999998,50.71690476190478,42,0,2461.0,2491.0,2491.0,2461.0,1803.4499999999998,1853.4499999999998
36,83,2506.0,1828.4499999999998,47.818541666666675,48,0,2491.0,2521.0,2521.0,2491.0,1803.4499999999998,1853.4499999999998
36,84,2536.0,1828.4499999999998,48.46419999999999,50,0,2521.0,2551.0,2551.0,2521.0,1803.4499999999998,1853.4499999999998
36,85,2566.0,1828.4499999999998,50.478500000000004,40,0,2551.0,2581.0,2581.0,2551.0,1803.4499999999998,1853.4499999999998
36,86,2596.0,1828.4499999999998,46.43615384615384,39,0,2581.0,2611.0,2611.0,2581.0,1803.4499999999998,1853.4499999999998
36,87,2626.0,1828.4499999999998,41.325714285714284,49,0,2611.0,2641.0,2641.0,2611.0,1803.4499999999998,1853.4499999999998
36,88,2656.0,1828.4499999999998,30.560923076923082,65,0,2641.0,2671.0,2671.0,2641.0,1803.4499999999998,1853.4499999999998
36,89,2686.0,1828.4499999999998,31.88853333333335,75,0,2671.0,2701.0,2701.0,2671.0,1803.4499999999998,1853.4499999999998
36,90,2716.0,1828.4499999999998,38.019600000000004,50,0,2701.0,2731.0,2731.0,2701.0,1803.4499999999998,1853.4499999999998
36,91,2746.0,1828.4499999999998,41.35097560975609,41,0,2731.0,2761.0,2761.0,2731.0,1803.4499999999998,1853.4499999999998
36,92,2776.0,1828.4499999999998,40.19749999999999,52,0,2761.0,2791.0,2791.0,2761.0,1803.4499999999998,1853.4499999999998
36,93,2806.0,1828.4499999999998,43.47833333333334,42,0,2791.0,2821.0,2821.0,2791.0,1803.4499999999998,1853.4499999999998
36,94,2836.0,1828.4499999999998,47.945111111111125,45,0,2821.0,2851.0,2851.0,2821.0,1803.4499999999998,1853.4499999999998
36,95,2866.0,1828.4499999999998,46.46186186186185,37,0,2851.0,2881.0,2881.0,2851.0,1803.4499999999998,1853.4499999999998
36,96,2896.0,1828.4499999999998,40.68622641509433,53,0,2881.0,2911.0,2911.0,2881.0,1803.4499999999998,1853.4499999999998
36,97,2926.0,1828.4499999999998,46.45883720930231,43,0,2911.0,2941.0,2941.0,2911.0,1803.4499999999998,1853.4499999999998
36,98,2956.0,1828.4499999999998,47.86978260869566,46,0,2941.0,2971.0,2971.0,2941.0,1803.4499999999998,1853.4499999999998
36,99,2986.0,1828.4499999999998,48.25022222222222,45,0,2971.0,3001.0,3001.0,2971.0,1803.4499999999998,1853.4499999999998
36,100,3016.0,1828.4499999999998,51.63394736842105,38,0,3001.0,3031.0,3031.0,3001.0,1803.4499999999998,1853.4499999999998
36,101,3046.0,1828.4499999999998,47.33163265306123,49,0,3031.0,3061.0,3061.0,3031.0,1803.4499999999998,1853.4499999999998
36,102,3076.0,1828.4499999999998,53.33756756756756,37,0,3061.0,3091.0,3091.0,3061.0,1803.4499999999998,1853.4499999999998
36,103,3106.0,1828.4499999999998,48.6039534883721,43,0,3091.0,3121.0,3121.0,3091.0,1803.4499999999998,1853.4499999999998
36,104,3136.0,1828.4499999999998,42.55232558139535,43,0,3121.0,3151.0,3151.0,3121.0,1803.4499999999998,1853.4499999999998
36,105,3166.0,1828.4499999999998,51.46300000000001,30,0,3151.0,3181.0,3181.0,3151.0,1803.4499999999998,1853.4499999999998
36,106,3196.0,1828.4499999999998,46.84057142857141,35,0,3181.0,3211.0,3211.0,3181.0,1803.4499999999998,1853.4499999999998
36,107,3226.0,1828.4499999999998,47.36519999999999,50,0,3211.0,3241.0,3241.0,3211.0,1803.4499999999998,1853.4499999999998
36,108,3256.0,1828.4499999999998,49.920540540540536,37,0,3241.0,3271.0,3271.0,3241.0,1803.4499999999998,1853.4499999999998
36,109,3286.0,1828.4499999999998,43.42909090909091,44,0,3271.0,3301.0,3301.0,3271.0,1803.4499999999998,1853.4499999999998
36,110,3316.0,1828.4499999999998,40.967045454545456,44,0,3301.0,3331.0,3331.0,3301.0,1803.4499999999998,1853.4499999999998
36,111,3346.0,1828.4499999999998,44.70666666666667,48,0,3331.0,3361.0,3361.0,3331.0,1803.4499999999998,1853.4499999999998
36,112,3376.0,1828.4499999999998,52.18076923076924,39,0,3361.0,3391.0,3391.0,3361.0,1803.4499999999998,1853.4499999999998
36,113,3406.0,1828.4499999999998,48.549705882352946,34,0,3391.0,3421.0,3421.0,3391.0,1803.4499999999998,1853.4499999999998
36,114,3436.0,1828.4499999999998,44.53923076923077,52,0,3421.0,3451.0,3451.0,3421.0,1803.4499999999998,1853.4499999999998
36,115,3466.0,1828.4499999999998,41.34434782608695,46,0,3451.0,3481.0,3481.0,3451.0,1803.4499999999998,1853.4499999999998
36,116,3496.0,1828.4499999999998,45.0576923076923,39,0,3481.0,3511.0,3511.0,3481.0,1803.4499999999998,1853.4499999999998
36,117,3526.0,1828.4499999999998,43.88275,40,0,3511.0,3541.0,3541.0,3511.0,1803.4499999999998,1853.4499999999998
36,118,3556.0,1828.4499999999998,48.87479999999999,25,0,3541.0,3571.0,3571.0,3541.0,1803.4499999999998,1853.4499999999998
36,119,3586.0,1828.4499999999998,46.54339999999999,50,0,3571.0,3601.0,3601.0,3571.0,1803.4499999999998,1853.4499999999998
36,120,3616.0,1828.4499999999998,42.66807692307692,52,0,3601.0,3631.0,3631.0,3601.0,1803.4499999999998,1853.4499999999998
36,121,3646.0,1828.4499999999998,45.78261904761906,42,0,3631.0,3661.0,3661.0,3631.0,1803.4499999999998,1853.4499999999998
36,122,3676.0,1828.4499999999998,44.70361111111111,36,0,3661.0,3691.0,3691.0,3661.0,1803.4499999999998,1853.4499999999998
36,123,3706.0,1828.4499999999998,37.38179487179486,39,0,3691.0,3721.0,3721.0,3691.0,1803.4499999999998,1853.4499999999998
36,124,3736.0,1828.4499999999998,38.14021739130436,46,0,3721.0,3751.0,3751.0,3721.0,1803.4499999999998,1853.4499999999998
36,125,3766.0,1828.4499999999998,38.24357142857143,28,0,3751.0,3781.0,3781.0,3751.0,1803.4499999999998,1853.4499999999998
36,126,3796.0,1828.4499999999998,38.99395348837209,43,0,3781.0,3811.0,3811.0,3781.0,1803.4499999999998,1853.4499999999998
36,127,3826.0,1828.4499999999998,39.47268292682926,41,0,3811.0,3841.0,3841.0,3811.0,1803.4499999999998,1853.4499999999998
36,128,3856.0,1828.4499999999998,44.032500000000006,16,0,3841.0,3871.0,3871.0,3841.0,1803.4499999999998,1853.4499999999998
36,129,3886.0,1828.4499999999998,49.21714285714286,7,0,3871.0,3901.0,3901.0,3871.0,1803.4499999999998,1853.4499999999998
37,0,16.0,1878.4499999999998,72.5988888888889,18,0,1.0,31.0,31.0,1.0,1853.4499999999998,1903.4499999999998
37,1,46.0,1878.4499999999998,54.8053125,32,0,31.0,61.0,61.0,31.0,1853.4499999999998,1903.4499999999998
37,2,76.0,1878.4499999999998,52.93000000000001,38,0,61.0,91.0,91.0,61.0,1853.4499999999998,1903.4499999999998
37,3,106.0,1878.4499999999998,58.133947368421055,38,0,91.0,121.0,121.0,91.0,1853.4499999999998,1903.4499999999998
37,4,136.0,1878.4499999999998,67.989,20,0,121.0,151.0,151.0,121.0,1853.4499999999998,1903.4499999999998
37,5,166.0,1878.4499999999998,64.77600000000002,25,0,151.0,181.0,181.0,151.0,1853.4499999999998,1903.4499999999998
37,6,196.0,1878.4499999999998,67.6059090909091,22,0,181.0,211.0,211.0,181.0,1853.4499999999998,1903.4499999999998
37,7,226.0,1878.4499999999998,63.948823529411754,34,0,211.0,241.0,241.0,211.0,1853.4499999999998,1903.4499999999998
37,8,256.0,1878.4499999999998,52.20810810810811,37,0,241.0,271.0,271.0,241.0,1853.4499999999998,1903.4499999999998
37,9,286.0,1878.4499999999998,61.295454545454554,22,0,271.0,301.0,301.0,271.0,1853.4499999999998,1903.4499999999998
37,10,316.0,1878.4499999999998,59.698965517241355,29,0,301.0,331.0,331.0,301.0,1853.4499999999998,1903.4499999999998
37,11,346.0,1878.4499999999998,63.9437037037037,27,0,331.0,361.0,361.0,331.0,1853.4499999999998,1903.4499999999998
37,12,376.0,1878.4499999999998,68.32954545454547,22,0,361.0,391.0,391.0,361.0,1853.4499999999998,1903.4499999999998
37,13,406.0,1878.4499999999998,57.53380952380952,42,0,391.0,421.0,421.0,391.0,1853.4499999999998,1903.4499999999998
37,14,436.0,1878.4499999999998,58.376279069767456,43,0,421.0,451.0,451.0,421.0,1853.4499999999998,1903.4499999999998
37,15,466.0,1878.4499999999998,67.78071428571428,14,0,451.0,481.0,481.0,451.0,1853.4499999999998,1903.4499999999998
37,16,496.0,1878.4499999999998,65.29666666666667,27,0,481.0,511.0,511.0,481.0,1853.4499999999998,1903.4499999999998
37,17,526.0,1878.4499999999998,66.85608695652174,23,0,511.0,541.0,541.0,511.0,1853.4499999999998,1903.4499999999998
37,18,556.0,1878.4499999999998,65.31024999999998,40,0,541.0,571.0,571.0,541.0,1853.4499999999998,1903.4499999999998
37,19,586.0,1878.4499999999998,59.02972222222221,36,0,571.0,601.0,601.0,571.0,1853.4499999999998,1903.4499999999998
37,20,616.0,1878.4499999999998,57.461749999999995,40,0,601.0,631.0,631.0,601.0,1853.4499999999998,1903.4499999999998
37,21,646.0,1878.4499999999998,63.77599999999998,25,0,631.0,661.0,661.0,631.0,1853.4499999999998,1903.4499999999998
37,22,676.0,1878.4499999999998,63.248333333333335,30,0,661.0,691.0,691.0,661.0,1853.4499999999998,1903.4499999999998
37,23,706.0,1878.4499999999998,64.15440000000001,25,0,691.0,721.0,721.0,691.0,1853.4499999999998,1903.4499999999998
37,24,736.0,1878.4499999999998,57.48516129032259,31,0,721.0,751.0,751.0,721.0,1853.4499999999998,1903.4499999999998
37,25,766.0,1878.4499999999998,56.25487179487181,39,0,751.0,781.0,781.0,751.0,1853.4499999999998,1903.4499999999998
37,26,796.0,1878.4499999999998,54.00365853658537,41,0,781.0,811.0,811.0,781.0,1853.4499999999998,1903.4499999999998
37,27,826.0,1878.4499999999998,62.68941176470588,34,0,811.0,841.0,841.0,811.0,1853.4499999999998,1903.4499999999998
37,28,856.0,1878.4499999999998,55.093076923076914,39,0,841.0,871.0,871.0,841.0,1853.4499999999998,1903.4499999999998
37,29,886.0,1878.4499999999998,65.76114285714287,35,0,871.0,901.0,901.0,871.0,1853.4499999999998,1903.4499999999998
37,30,916.0,1878.4499999999998,58.852631578947374,38,0,901.0,931.0,931.0,901.0,1853.4499999999998,1903.4499999999998
37,31,946.0,1878.4499999999998,60.87666666666669,30,0,931.0,961.0,961.0,931.0,1853.4499999999998,1903.4499999999998
37,32,976.0,1878.4499999999998,56.80288888888888,45,0,961.0,991.0,991.0,961.0,1853.4499999999998,1903.4499999999998
37,33,1006.0,1878.4499999999998,58.77052631578948,38,0,991.0,1021.0,1021.0,991.0,1853.4499999999998,1903.4499999999998
37,34,1036.0,1878.4499999999998,55.9737837837838,37,0,1021.0,1051.0,1051.0,1021.0,1853.4499999999998,1903.4499999999998
37,35,1066.0,1878.4499999999998,57.46075,40,0,1051.0,1081.0,1081.0,1051.0,1853.4499999999998,1903.4499999999998
37,36,1096.0,1878.4499999999998,57.610769230769236,26,0,1081.0,1111.0,1111.0,1081.0,1853.4499999999998,1903.4499999999998
37,37,1126.0,1878.4499999999998,52.62825,40,0,1111.0,1141.0,1141.0,1111.0,1853.4499999999998,1903.4499999999998
37,38,1156.0,1878.4499999999998,53.09666666666666,39,0,1141.0,1171.0,1171.0,1141.0,1853.4499999999998,1903.4499999999998
37,39,1186.0,1878.4499999999998,52.35864130434781,46,0,1171.0,1201.0,1201.0,1171.0,1853.4499999999998,1903.4499999999998
37,40,1216.0,1878.4499999999998,50.296200000000006,50,0,1201.0,1231.0,1231.0,1201.0,1853.4499999999998,1903.4499999999998
37,41,1246.0,1878.4499999999998,47.788771929824556,57,0,1231.0,1261.0,1261.0,1231.0,1853.4499999999998,1903.4499999999998
37,42,1276.0,1878.4499999999998,51.89694444444445,36,0,1261.0,1291.0,1291.0,1261.0,1853.4499999999998,1903.4499999999998
37,43,1306.0,1878.4499999999998,59.42230769230769,26,0,1291.0,1321.0,1321.0,1291.0,1853.4499999999998,1903.4499999999998
37,44,1336.0,1878.4499999999998,55.587380952380954,42,0,1321.0,1351.0,1351.0,1321.0,1853.4499999999998,1903.4499999999998
37,45,1366.0,1878.4499999999998,54.05111111111111,36,0,1351.0,1381.0,1381.0,1351.0,1853.4499999999998,1903.4499999999998
37,46,1396.0,1878.4499999999998,60.88583333333333,24,0,1381.0,1411.0,1411.0,1381.0,1853.4499999999998,1903.4499999999998
37,47,1426.0,1878.4499999999998,57.46232558139534,43,0,1411.0,1441.0,1441.0,1411.0,1853.4499999999998,1903.4499999999998
37,48,1456.0,1878.4499999999998,58.622727272727275,44,0,1441.0,1471.0,1471.0,1441.0,1853.4499999999998,1903.4499999999998
37,49,1486.0,1878.4499999999998,48.606862745098034,51,0,1471.0,1501.0,1501.0,1471.0,1853.4499999999998,1903.4499999999998
37,50,1516.0,1878.4499999999998,54.41939393939394,33,0,1501.0,1531.0,1531.0,1501.0,1853.4499999999998,1903.4499999999998
37,51,1546.0,1878.4499999999998,65.07138888888889,36,0,1531.0,1561.0,1561.0,1531.0,1853.4499999999998,1903.4499999999998
37,52,1576.0,1878.4499999999998,67.67645161290324,31,0,1561.0,1591.0,1591.0,1561.0,1853.4499999999998,1903.4499999999998
37,53,1606.0,1878.4499999999998,63.44162162162163,37,0,1591.0,1621.0,1621.0,1591.0,1853.4499999999998,1903.4499999999998
37,54,1636.0,1878.4499999999998,58.9667741935484,31,0,1621.0,1651.0,1651.0,1621.0,1853.4499999999998,1903.4499999999998
37,55,1666.0,1878.4499999999998,67.16304347826086,23,0,1651.0,1681.0,1681.0,1651.0,1853.4499999999998,1903.4499999999998
37,56,1696.0,1878.4499999999998,66.59750000000001,24,0,1681.0,1711.0,1711.0,1681.0,1853.4499999999998,1903.4499999999998
37,57,1726.0,1878.4499999999998,64.30833333333334,24,0,1711.0,1741.0,1741.0,1711.0,1853.4499999999998,1903.4499999999998
37,58,1756.0,1878.4499999999998,63.03034482758622,29,0,1741.0,1771.0,1771.0,1741.0,1853.4499999999998,1903.4499999999998
37,59,1786.0,1878.4499999999998,62.87451612903225,31,0,1771.0,1801.0,1801.0,1771.0,1853.4499999999998,1903.4499999999998
37,60,1816.0,1878.4499999999998,62.25,39,0,1801.0,1831.0,1831.0,1801.0,1853.4499999999998,1903.4499999999998
37,61,1846.0,1878.4499999999998,53.41714285714284,28,0,1831.0,1861.0,1861.0,1831.0,1853.4499999999998,1903.4499999999998
37,62,1876.0,1878.4499999999998,54.40371428571429,35,0,1861.0,1891.0,1891.0,1861.0,1853.4499999999998,1903.4499999999998
37,63,1906.0,1878.4499999999998,59.66097560975609,41,0,1891.0,1921.0,1921.0,1891.0,1853.4499999999998,1903.4499999999998
37,64,1936.0,1878.4499999999998,57.46621621621622,37,0,1921.0,1951.0,1951.0,1921.0,1853.4499999999998,1903.4499999999998
37,65,1966.0,1878.4499999999998,54.57459459459458,37,0,1951.0,1981.0,1981.0,1951.0,1853.4499999999998,1903.4499999999998
37,66,1996.0,1878.4499999999998,57.67485714285713,35,0,1981.0,2011.0,2011.0,1981.0,1853.4499999999998,1903.4499999999998
37,67,2026.0,1878.4499999999998,52.74606060606061,33,0,2011.0,2041.0,2041.0,2011.0,1853.4499999999998,1903.4499999999998
37,68,2056.0,1878.4499999999998,51.106363636363625,44,0,2041.0,2071.0,2071.0,2041.0,1853.4499999999998,1903.4499999999998
37,69,2086.0,1878.4499999999998,62.09631578947368,19,0,2071.0,2101.0,2101.0,2071.0,1853.4499999999998,1903.4499999999998
37,70,2116.0,1878.4499999999998,58.14195121951219,41,0,2101.0,2131.0,2131.0,2101.0,1853.4499999999998,1903.4499999999998
37,71,2146.0,1878.4499999999998,62.18857142857143,35,0,2131.0,2161.0,2161.0,2131.0,1853.4499999999998,1903.4499999999998
37,72,2176.0,1878.4499999999998,54.003823529411754,34,0,2161.0,2191.0,2191.0,2161.0,1853.4499999999998,1903.4499999999998
37,73,2206.0,1878.4499999999998,49.281749999999995,40,0,2191.0,2221.0,2221.0,2191.0,1853.4499999999998,1903.4499999999998
37,74,2236.0,1878.4499999999998,59.34607142857144,28,0,2221.0,2251.0,2251.0,2221.0,1853.4499999999998,1903.4499999999998
37,75,2266.0,1878.4499999999998,60.448,40,0,2251.0,2281.0,2281.0,2251.0,1853.4499999999998,1903.4499999999998
37,76,2296.0,1878.4499999999998,56.34527777777776,36,0,2281.0,2311.0,2311.0,2281.0,1853.4499999999998,1903.4499999999998
37,77,2326.0,1878.4499999999998,57.29199999999999,45,0,2311.0,2341.0,2341.0,2311.0,1853.4499999999998,1903.4499999999998
37,78,2356.0,1878.4499999999998,51.93820512820513,39,0,2341.0,2371.0,2371.0,2341.0,1853.4499999999998,1903.4499999999998
37,79,2386.0,1878.4499999999998,51.84972972972975,37,0,2371.0,2401.0,2401.0,2371.0,1853.4499999999998,1903.4499999999998
37,80,2416.0,1878.4499999999998,54.41966666666666,30,0,2401.0,2431.0,2431.0,2401.0,1853.4499999999998,1903.4499999999998
37,81,2446.0,1878.4499999999998,56.335750000000004,40,0,2431.0,2461.0,2461.0,2431.0,1853.4499999999998,1903.4499999999998
37,82,2476.0,1878.4499999999998,53.97125,40,0,2461.0,2491.0,2491.0,2461.0,1853.4499999999998,1903.4499999999998
37,83,2506.0,1878.4499999999998,51.54956521739129,46,0,2491.0,2521.0,2521.0,2491.0,1853.4499999999998,1903.4499999999998
37,84,2536.0,1878.4499999999998,51.01950000000001,40,0,2521.0,2551.0,2551.0,2521.0,1853.4499999999998,1903.4499999999998
37,85,2566.0,1878.4499999999998,53.0172972972973,37,0,2551.0,2581.0,2581.0,2551.0,1853.4499999999998,1903.4499999999998
37,86,2596.0,1878.4499999999998,49.684571428571445,35,0,2581.0,2611.0,2611.0,2581.0,1853.4499999999998,1903.4499999999998
37,87,2626.0,1878.4499999999998,42.616086956521734,46,0,2611.0,2641.0,2641.0,2611.0,1853.4499999999998,1903.4499999999998
37,88,2656.0,1878.4499999999998,38.11085106382979,47,0,2641.0,2671.0,2671.0,2641.0,1853.4499999999998,1903.4499999999998
37,89,2686.0,1878.4499999999998,36.7726923076923,52,0,2671.0,2701.0,2701.0,2671.0,1853.4499999999998,1903.4499999999998
37,90,2716.0,1878.4499999999998,38.656934156378604,54,0,2701.0,2731.0,2731.0,2701.0,1853.4499999999998,1903.4499999999998
37,91,2746.0,1878.4499999999998,43.860697674418596,43,0,2731.0,2761.0,2761.0,2731.0,1853.4499999999998,1903.4499999999998
37,92,2776.0,1878.4499999999998,37.860545454545445,55,0,2761.0,2791.0,2791.0,2761.0,1853.4499999999998,1903.4499999999998
37,93,2806.0,1878.4499999999998,44.51045454545454,44,0,2791.0,2821.0,2821.0,2791.0,1853.4499999999998,1903.4499999999998
37,94,2836.0,1878.4499999999998,50.69471544715448,41,0,2821.0,2851.0,2851.0,2821.0,1853.4499999999998,1903.4499999999998
37,95,2866.0,1878.4499999999998,50.73909090909092,33,0,2851.0,2881.0,2881.0,2851.0,1853.4499999999998,1903.4499999999998
37,96,2896.0,1878.4499999999998,44.03836734693877,49,0,2881.0,2911.0,2911.0,2881.0,1853.4499999999998,1903.4499999999998
37,97,2926.0,1878.4499999999998,46.964893617021275,47,0,2911.0,2941.0,2941.0,2911.0,1853.4499999999998,1903.4499999999998
37,98,2956.0,1878.4499999999998,50.04390243902439,41,0,2941.0,2971.0,2971.0,2941.0,1853.4499999999998,1903.4499999999998
37,99,2986.0,1878.4499999999998,49.44104166666667,48,0,2971.0,3001.0,3001.0,2971.0,1853.4499999999998,1903.4499999999998
37,100,3016.0,1878.4499999999998,55.04421052631577,38,0,3001.0,3031.0,3031.0,3001.0,1853.4499999999998,1903.4499999999998
37,101,3046.0,1878.4499999999998,48.8256862745098,51,0,3031.0,3061.0,3061.0,3031.0,1853.4499999999998,1903.4499999999998
37,102,3076.0,1878.4499999999998,51.63447368421054,38,0,3061.0,3091.0,3091.0,3061.0,1853.4499999999998,1903.4499999999998
37,103,3106.0,1878.4499999999998,51.5376923076923,39,0,3091.0,3121.0,3121.0,3091.0,1853.4499999999998,1903.4499999999998
37,104,3136.0,1878.4499999999998,45.2575,40,0,3121.0,3151.0,3151.0,3121.0,1853.4499999999998,1903.4499999999998
37,105,3166.0,1878.4499999999998,52.02266666666666,30,0,3151.0,3181.0,3181.0,3151.0,1853.4499999999998,1903.4499999999998
37,106,3196.0,1878.4499999999998,49.349666666666685,30,0,3181.0,3211.0,3211.0,3181.0,1853.4499999999998,1903.4499999999998
37,107,3226.0,1878.4499999999998,50.288409090909084,44,0,3211.0,3241.0,3241.0,3211.0,1853.4499999999998,1903.4499999999998
37,108,3256.0,1878.4499999999998,52.85999999999999,32,0,3241.0,3271.0,3271.0,3241.0,1853.4499999999998,1903.4499999999998
37,109,3286.0,1878.4499999999998,47.6128125,32,0,3271.0,3301.0,3301.0,3271.0,1853.4499999999998,1903.4499999999998
37,110,3316.0,1878.4499999999998,43.19829787234042,47,0,3301.0,3331.0,3331.0,3301.0,1853.4499999999998,1903.4499999999998
37,111,3346.0,1878.4499999999998,46.680975609756096,41,0,3331.0,3361.0,3361.0,3331.0,1853.4499999999998,1903.4499999999998
37,112,3376.0,1878.4499999999998,54.941282051282066,39,0,3361.0,3391.0,3391.0,3361.0,1853.4499999999998,1903.4499999999998
37,113,3406.0,1878.4499999999998,50.915000000000006,26,0,3391.0,3421.0,3421.0,3391.0,1853.4499999999998,1903.4499999999998
37,114,3436.0,1878.4499999999998,49.83999999999999,37,0,3421.0,3451.0,3451.0,3421.0,1853.4499999999998,1903.4499999999998
37,115,3466.0,1878.4499999999998,44.632105263157904,38,0,3451.0,3481.0,3481.0,3451.0,1853.4499999999998,1903.4499999999998
37,116,3496.0,1878.4499999999998,46.476,35,0,3481.0,3511.0,3511.0,3481.0,1853.4499999999998,1903.4499999999998
37,117,3526.0,1878.4499999999998,47.750277777777775,36,0,3511.0,3541.0,3541.0,3511.0,1853.4499999999998,1903.4499999999998
37,118,3556.0,1878.4499999999998,51.07678571428573,28,0,3541.0,3571.0,3571.0,3541.0,1853.4499999999998,1903.4499999999998
37,119,3586.0,1878.4499999999998,50.572777777777766,36,0,3571.0,3601.0,3601.0,3571.0,1853.4499999999998,1903.4499999999998
37,120,3616.0,1878.4499999999998,43.95545454545455,55,0,3601.0,3631.0,3631.0,3601.0,1853.4499999999998,1903.4499999999998
37,121,3646.0,1878.4499999999998,45.375714285714295,42,0,3631.0,3661.0,3661.0,3631.0,1853.4499999999998,1903.4499999999998
37,122,3676.0,1878.4499999999998,48.080285714285715,35,0,3661.0,3691.0,3691.0,3661.0,1853.4499999999998,1903.4499999999998
37,123,3706.0,1878.4499999999998,41.007714285714286,35,0,3691.0,3721.0,3721.0,3691.0,1853.4499999999998,1903.4499999999998
37,124,3736.0,1878.4499999999998,40.899777777777786,45,0,3721.0,3751.0,3751.0,3721.0,1853.4499999999998,1903.4499999999998
37,125,3766.0,1878.4499999999998,41.718275862068964,29,0,3751.0,3781.0,3781.0,3751.0,1853.4499999999998,1903.4499999999998
37,126,3796.0,1878.4499999999998,43.124999999999986,34,0,3781.0,3811.0,3811.0,3781.0,1853.4499999999998,1903.4499999999998
37,127,3826.0,1878.4499999999998,39.89333333333332,39,0,3811.0,3841.0,3841.0,3811.0,1853.4499999999998,1903.4499999999998
37,128,3856.0,1878.4499999999998,44.517222222222216,18,0,3841.0,3871.0,3871.0,3841.0,1853.4499999999998,1903.4499999999998
37,129,3886.0,1878.4499999999998,49.69571428571428,7,0,3871.0,3901.0,3901.0,3871.0,1853.4499999999998,1903.4499999999998
38,0,16.0,1928.4499999999998,73.53357142857143,14,0,1.0,31.0,31.0,1.0,1903.4499999999998,1953.4499999999998
38,1,46.0,1928.4499999999998,58.378620689655165,29,0,31.0,61.0,61.0,31.0,1903.4499999999998,1953.4499999999998
38,2,76.0,1928.4499999999998,51.63575000000001,40,0,61.0,91.0,91.0,61.0,1903.4499999999998,1953.4499999999998
38,3,106.0,1928.4499999999998,56.164090909090895,44,0,91.0,121.0,121.0,91.0,1903.4499999999998,1953.4499999999998
38,4,136.0,1928.4499999999998,67.27,23,0,121.0,151.0,151.0,121.0,1903.4499999999998,1953.4499999999998
38,5,166.0,1928.4499999999998,65.49291666666666,24,0,151.0,181.0,181.0,151.0,1903.4499999999998,1953.4499999999998
38,6,196.0,1928.4499999999998,68.09894736842107,19,0,181.0,211.0,211.0,181.0,1903.4499999999998,1953.4499999999998
38,7,226.0,1928.4499999999998,63.87379310344827,29,0,211.0,241.0,241.0,211.0,1903.4499999999998,1953.4499999999998
38,8,256.0,1928.4499999999998,53.52242424242425,33,0,241.0,271.0,271.0,241.0,1903.4499999999998,1953.4499999999998
38,9,286.0,1928.4499999999998,61.267199999999995,25,0,271.0,301.0,301.0,271.0,1903.4499999999998,1953.4499999999998
38,10,316.0,1928.4499999999998,60.35323529411767,34,0,301.0,331.0,331.0,301.0,1903.4499999999998,1953.4499999999998
38,11,346.0,1928.4499999999998,64.85733333333333,30,0,331.0,361.0,361.0,331.0,1903.4499999999998,1953.4499999999998
38,12,376.0,1928.4499999999998,67.95136363636364,22,0,361.0,391.0,391.0,361.0,1903.4499999999998,1953.4499999999998
38,13,406.0,1928.4499999999998,60.365714285714276,35,0,391.0,421.0,421.0,391.0,1903.4499999999998,1953.4499999999998
38,14,436.0,1928.4499999999998,57.72826086956524,46,0,421.0,451.0,451.0,421.0,1903.4499999999998,1953.4499999999998
38,15,466.0,1928.4499999999998,67.78315789473685,19,0,451.0,481.0,481.0,451.0,1903.4499999999998,1953.4499999999998
38,16,496.0,1928.4499999999998,68.04799999999999,30,0,481.0,511.0,511.0,481.0,1903.4499999999998,1953.4499999999998
38,17,526.0,1928.4499999999998,68.8035,20,0,511.0,541.0,541.0,511.0,1903.4499999999998,1953.4499999999998
38,18,556.0,1928.4499999999998,65.65953488372091,43,0,541.0,571.0,571.0,541.0,1903.4499999999998,1953.4499999999998
38,19,586.0,1928.4499999999998,59.99729729729729,37,0,571.0,601.0,601.0,571.0,1903.4499999999998,1953.4499999999998
38,20,616.0,1928.4499999999998,58.63027027027027,37,0,601.0,631.0,631.0,601.0,1903.4499999999998,1953.4499999999998
38,21,646.0,1928.4499999999998,62.501250000000006,24,0,631.0,661.0,661.0,631.0,1903.4499999999998,1953.4499999999998
38,22,676.0,1928.4499999999998,62.07129032258064,31,0,661.0,691.0,691.0,661.0,1903.4499999999998,1953.4499999999998
38,23,706.0,1928.4499999999998,64.1892,25,0,691.0,721.0,721.0,691.0,1903.4499999999998,1953.4499999999998
38,24,736.0,1928.4499999999998,58.89576923076923,26,0,721.0,751.0,751.0,721.0,1903.4499999999998,1953.4499999999998
38,25,766.0,1928.4499999999998,57.58829268292683,41,0,751.0,781.0,781.0,751.0,1903.4499999999998,1953.4499999999998
38,26,796.0,1928.4499999999998,55.55702702702702,37,0,781.0,811.0,811.0,781.0,1903.4499999999998,1953.4499999999998
38,27,826.0,1928.4499999999998,64.10176470588235,34,0,811.0,841.0,841.0,811.0,1903.4499999999998,1953.4499999999998
38,28,856.0,1928.4499999999998,56.39378378378379,37,0,841.0,871.0,871.0,841.0,1903.4499999999998,1953.4499999999998
38,29,886.0,1928.4499999999998,64.91666666666667,33,0,871.0,901.0,901.0,871.0,1903.4499999999998,1953.4499999999998
38,30,916.0,1928.4499999999998,59.905555555555566,36,0,901.0,931.0,931.0,901.0,1903.4499999999998,1953.4499999999998
38,31,946.0,1928.4499999999998,60.475624999999994,32,0,931.0,961.0,961.0,931.0,1903.4499999999998,1953.4499999999998
38,32,976.0,1928.4499999999998,57.71913043478262,46,0,961.0,991.0,991.0,961.0,1903.4499999999998,1953.4499999999998
38,33,1006.0,1928.4499999999998,59.95315789473684,38,0,991.0,1021.0,1021.0,991.0,1903.4499999999998,1953.4499999999998
38,34,1036.0,1928.4499999999998,57.809729729729746,37,0,1021.0,1051.0,1051.0,1021.0,1903.4499999999998,1953.4499999999998
38,35,1066.0,1928.4499999999998,56.223404255319146,47,0,1051.0,1081.0,1081.0,1051.0,1903.4499999999998,1953.4499999999998
38,36,1096.0,1928.4499999999998,58.55347826086957,23,0,1081.0,1111.0,1111.0,1081.0,1903.4499999999998,1953.4499999999998
38,37,1126.0,1928.4499999999998,53.64533333333333,45,0,1111.0,1141.0,1141.0,1111.0,1903.4499999999998,1953.4499999999998
38,38,1156.0,1928.4499999999998,54.870000000000005,37,0,1141.0,1171.0,1171.0,1141.0,1903.4499999999998,1953.4499999999998
38,39,1186.0,1928.4499999999998,54.63194444444446,36,0,1171.0,1201.0,1201.0,1171.0,1903.4499999999998,1953.4499999999998
38,40,1216.0,1928.4499999999998,52.85086956521739,46,0,1201.0,1231.0,1231.0,1201.0,1903.4499999999998,1953.4499999999998
38,41,1246.0,1928.4499999999998,48.5526530612245,49,0,1231.0,1261.0,1261.0,1231.0,1903.4499999999998,1953.4499999999998
38,42,1276.0,1928.4499999999998,51.09756756756758,37,0,1261.0,1291.0,1291.0,1261.0,1903.4499999999998,1953.4499999999998
38,43,1306.0,1928.4499999999998,57.1793103448276,29,0,1291.0,1321.0,1321.0,1291.0,1903.4499999999998,1953.4499999999998
38,44,1336.0,1928.4499999999998,59.00761904761905,42,0,1321.0,1351.0,1351.0,1321.0,1903.4499999999998,1953.4499999999998
38,45,1366.0,1928.4499999999998,54.41894736842105,38,0,1351.0,1381.0,1381.0,1351.0,1903.4499999999998,1953.4499999999998
38,46,1396.0,1928.4499999999998,59.85499999999999,26,0,1381.0,1411.0,1411.0,1381.0,1903.4499999999998,1953.4499999999998
38,47,1426.0,1928.4499999999998,59.83074999999999,40,0,1411.0,1441.0,1441.0,1411.0,1903.4499999999998,1953.4499999999998
38,48,1456.0,1928.4499999999998,59.63967032967034,39,0,1441.0,1471.0,1471.0,1441.0,1903.4499999999998,1953.4499999999998
38,49,1486.0,1928.4499999999998,53.26950000000001,40,0,1471.0,1501.0,1501.0,1471.0,1903.4499999999998,1953.4499999999998
38,50,1516.0,1928.4499999999998,53.3697619047619,42,0,1501.0,1531.0,1531.0,1501.0,1903.4499999999998,1953.4499999999998
38,51,1546.0,1928.4499999999998,66.60676470588236,34,0,1531.0,1561.0,1561.0,1531.0,1903.4499999999998,1953.4499999999998
38,52,1576.0,1928.4499999999998,69.14366666666666,30,0,1561.0,1591.0,1591.0,1561.0,1903.4499999999998,1953.4499999999998
38,53,1606.0,1928.4499999999998,65.08999999999999,40,0,1591.0,1621.0,1621.0,1591.0,1903.4499999999998,1953.4499999999998
38,54,1636.0,1928.4499999999998,59.555625000000006,32,0,1621.0,1651.0,1651.0,1621.0,1903.4499999999998,1953.4499999999998
38,55,1666.0,1928.4499999999998,66.49538461538461,26,0,1651.0,1681.0,1681.0,1651.0,1903.4499999999998,1953.4499999999998
38,56,1696.0,1928.4499999999998,68.02291666666666,24,0,1681.0,1711.0,1711.0,1681.0,1903.4499999999998,1953.4499999999998
38,57,1726.0,1928.4499999999998,66.76565217391304,23,0,1711.0,1741.0,1741.0,1711.0,1903.4499999999998,1953.4499999999998
38,58,1756.0,1928.4499999999998,62.87392857142857,28,0,1741.0,1771.0,1771.0,1741.0,1903.4499999999998,1953.4499999999998
38,59,1786.0,1928.4499999999998,64.45346153846153,26,0,1771.0,1801.0,1801.0,1771.0,1903.4499999999998,1953.4499999999998
38,60,1816.0,1928.4499999999998,62.970000000000006,37,0,1801.0,1831.0,1831.0,1801.0,1903.4499999999998,1953.4499999999998
38,61,1846.0,1928.4499999999998,58.17800000000002,30,0,1831.0,1861.0,1861.0,1831.0,1903.4499999999998,1953.4499999999998
38,62,1876.0,1928.4499999999998,51.62575757575758,33,0,1861.0,1891.0,1891.0,1861.0,1903.4499999999998,1953.4499999999998
38,63,1906.0,1928.4499999999998,59.440476190476204,42,0,1891.0,1921.0,1921.0,1891.0,1903.4499999999998,1953.4499999999998
38,64,1936.0,1928.4499999999998,59.468125000000015,32,0,1921.0,1951.0,1951.0,1921.0,1903.4499999999998,1953.4499999999998
38,65,1966.0,1928.4499999999998,55.58232558139536,43,0,1951.0,1981.0,1981.0,1951.0,1903.4499999999998,1953.4499999999998
38,66,1996.0,1928.4499999999998,58.89484848484849,33,0,1981.0,2011.0,2011.0,1981.0,1903.4499999999998,1953.4499999999998
38,67,2026.0,1928.4499999999998,55.610606060606045,33,0,2011.0,2041.0,2041.0,2011.0,1903.4499999999998,1953.4499999999998
38,68,2056.0,1928.4499999999998,52.58521963824289,43,0,2041.0,2071.0,2071.0,2041.0,1903.4499999999998,1953.4499999999998
38,69,2086.0,1928.4499999999998,63.47552795031056,23,0,2071.0,2101.0,2101.0,2071.0,1903.4499999999998,1953.4499999999998
38,70,2116.0,1928.4499999999998,57.65977777777779,45,0,2101.0,2131.0,2131.0,2101.0,1903.4499999999998,1953.4499999999998
38,71,2146.0,1928.4499999999998,61.76352941176471,34,0,2131.0,2161.0,2161.0,2131.0,1903.4499999999998,1953.4499999999998
38,72,2176.0,1928.4499999999998,54.665142857142875,35,0,2161.0,2191.0,2191.0,2161.0,1903.4499999999998,1953.4499999999998
38,73,2206.0,1928.4499999999998,49.08768907563027,34,0,2191.0,2221.0,2221.0,2191.0,1903.4499999999998,1953.4499999999998
38,74,2236.0,1928.4499999999998,58.32285714285714,28,0,2221.0,2251.0,2251.0,2221.0,1903.4499999999998,1953.4499999999998
38,75,2266.0,1928.4499999999998,63.09555555555554,36,0,2251.0,2281.0,2281.0,2251.0,1903.4499999999998,1953.4499999999998
38,76,2296.0,1928.4499999999998,57.74243243243244,37,0,2281.0,2311.0,2311.0,2281.0,1903.4499999999998,1953.4499999999998
38,77,2326.0,1928.4499999999998,59.975581395348854,43,0,2311.0,2341.0,2341.0,2311.0,1903.4499999999998,1953.4499999999998
38,78,2356.0,1928.4499999999998,56.07772727272729,44,0,2341.0,2371.0,2371.0,2341.0,1903.4499999999998,1953.4499999999998
38,79,2386.0,1928.4499999999998,53.90153846153846,39,0,2371.0,2401.0,2401.0,2371.0,1903.4499999999998,1953.4499999999998
38,80,2416.0,1928.4499999999998,55.95148148148147,27,0,2401.0,2431.0,2431.0,2401.0,1903.4499999999998,1953.4499999999998
38,81,2446.0,1928.4499999999998,54.090999999999994,40,0,2431.0,2461.0,2461.0,2431.0,1903.4499999999998,1953.4499999999998
38,82,2476.0,1928.4499999999998,55.77315789473685,38,0,2461.0,2491.0,2491.0,2461.0,1903.4499999999998,1953.4499999999998
38,83,2506.0,1928.4499999999998,54.341025641025645,39,0,2491.0,2521.0,2521.0,2491.0,1903.4499999999998,1953.4499999999998
38,84,2536.0,1928.4499999999998,52.97785714285713,42,0,2521.0,2551.0,2551.0,2521.0,1903.4499999999998,1953.4499999999998
38,85,2566.0,1928.4499999999998,53.42,37,0,2551.0,2581.0,2581.0,2551.0,1903.4499999999998,1953.4499999999998
38,86,2596.0,1928.4499999999998,50.94382352941176,34,0,2581.0,2611.0,2611.0,2581.0,1903.4499999999998,1953.4499999999998
38,87,2626.0,1928.4499999999998,46.9795238095238,42,0,2611.0,2641.0,2641.0,2611.0,1903.4499999999998,1953.4499999999998
38,88,2656.0,1928.4499999999998,42.436923076923065,39,0,2641.0,2671.0,2671.0,2641.0,1903.4499999999998,1953.4499999999998
38,89,2686.0,1928.4499999999998,42.230000000000004,46,0,2671.0,2701.0,2701.0,2671.0,1903.4499999999998,1953.4499999999998
38,90,2716.0,1928.4499999999998,42.581176470588225,51,0,2701.0,2731.0,2731.0,2701.0,1903.4499999999998,1953.4499999999998
38,91,2746.0,1928.4499999999998,47.29100000000001,40,0,2731.0,2761.0,2761.0,2731.0,1903.4499999999998,1953.4499999999998
38,92,2776.0,1928.4499999999998,37.560652173913056,46,0,2761.0,2791.0,2791.0,2761.0,1903.4499999999998,1953.4499999999998
38,93,2806.0,1928.4499999999998,43.89361702127662,47,0,2791.0,2821.0,2821.0,2791.0,1903.4499999999998,1953.4499999999998
38,94,2836.0,1928.4499999999998,52.80499999999999,34,0,2821.0,2851.0,2851.0,2821.0,1903.4499999999998,1953.4499999999998
38,95,2866.0,1928.4499999999998,54.1678787878788,33,0,2851.0,2881.0,2881.0,2851.0,1903.4499999999998,1953.4499999999998
38,96,2896.0,1928.4499999999998,46.28288888888889,45,0,2881.0,2911.0,2911.0,2881.0,1903.4499999999998,1953.4499999999998
38,97,2926.0,1928.4499999999998,45.14813953488371,43,0,2911.0,2941.0,2941.0,2911.0,1903.4499999999998,1953.4499999999998
38,98,2956.0,1928.4499999999998,51.55605263157894,38,0,2941.0,2971.0,2971.0,2941.0,1903.4499999999998,1953.4499999999998
38,99,2986.0,1928.4499999999998,52.257000000000005,40,0,2971.0,3001.0,3001.0,2971.0,1903.4499999999998,1953.4499999999998
38,100,3016.0,1928.4499999999998,56.34970588235295,34,0,3001.0,3031.0,3031.0,3001.0,1903.4499999999998,1953.4499999999998
38,101,3046.0,1928.4499999999998,50.19095238095237,42,0,3031.0,3061.0,3061.0,3031.0,1903.4499999999998,1953.4499999999998
38,102,3076.0,1928.4499999999998,50.7742857142857,35,0,3061.0,3091.0,3091.0,3061.0,1903.4499999999998,1953.4499999999998
38,103,3106.0,1928.4499999999998,54.550555555555555,36,0,3091.0,3121.0,3121.0,3091.0,1903.4499999999998,1953.4499999999998
38,104,3136.0,1928.4499999999998,46.309000000000005,40,0,3121.0,3151.0,3151.0,3121.0,1903.4499999999998,1953.4499999999998
38,105,3166.0,1928.4499999999998,51.229411764705866,34,0,3151.0,3181.0,3181.0,3151.0,1903.4499999999998,1953.4499999999998
38,106,3196.0,1928.4499999999998,54.22708333333333,24,0,3181.0,3211.0,3211.0,3181.0,1903.4499999999998,1953.4499999999998
38,107,3226.0,1928.4499999999998,51.795641025641025,39,0,3211.0,3241.0,3241.0,3211.0,1903.4499999999998,1953.4499999999998
38,108,3256.0,1928.4499999999998,50.59952380952382,42,0,3241.0,3271.0,3271.0,3241.0,1903.4499999999998,1953.4499999999998
38,109,3286.0,1928.4499999999998,49.696,35,0,3271.0,3301.0,3301.0,3271.0,1903.4499999999998,1953.4499999999998
38,110,3316.0,1928.4499999999998,43.11021739130434,46,0,3301.0,3331.0,3331.0,3301.0,1903.4499999999998,1953.4499999999998
38,111,3346.0,1928.4499999999998,46.826239067055404,49,0,3331.0,3361.0,3361.0,3331.0,1903.4499999999998,1953.4499999999998
38,112,3376.0,1928.4499999999998,54.008,40,0,3361.0,3391.0,3391.0,3361.0,1903.4499999999998,1953.4499999999998
38,113,3406.0,1928.4499999999998,52.45516806722691,34,0,3391.0,3421.0,3421.0,3391.0,1903.4499999999998,1953.4499999999998
38,114,3436.0,1928.4499999999998,52.9174358974359,39,0,3421.0,3451.0,3451.0,3421.0,1903.4499999999998,1953.4499999999998
38,115,3466.0,1928.4499999999998,48.57581395348838,43,0,3451.0,3481.0,3481.0,3451.0,1903.4499999999998,1953.4499999999998
38,116,3496.0,1928.4499999999998,47.291463414634144,41,0,3481.0,3511.0,3511.0,3481.0,1903.4499999999998,1953.4499999999998
38,117,3526.0,1928.4499999999998,49.26805555555556,36,0,3511.0,3541.0,3541.0,3511.0,1903.4499999999998,1953.4499999999998
38,118,3556.0,1928.4499999999998,51.37129032258064,31,0,3541.0,3571.0,3571.0,3541.0,1903.4499999999998,1953.4499999999998
38,119,3586.0,1928.4499999999998,52.08926829268291,41,0,3571.0,3601.0,3601.0,3571.0,1903.4499999999998,1953.4499999999998
38,120,3616.0,1928.4499999999998,44.61948275862069,58,0,3601.0,3631.0,3631.0,3601.0,1903.4499999999998,1953.4499999999998
38,121,3646.0,1928.4499999999998,46.21833333333334,48,0,3631.0,3661.0,3661.0,3631.0,1903.4499999999998,1953.4499999999998
38,122,3676.0,1928.4499999999998,49.75694444444444,36,0,3661.0,3691.0,3691.0,3661.0,1903.4499999999998,1953.4499999999998
38,123,3706.0,1928.4499999999998,43.57258064516128,31,0,3691.0,3721.0,3721.0,3691.0,1903.4499999999998,1953.4499999999998
38,124,3736.0,1928.4499999999998,39.15529411764707,51,0,3721.0,3751.0,3751.0,3721.0,1903.4499999999998,1953.4499999999998
38,125,3766.0,1928.4499999999998,41.28085714285713,35,0,3751.0,3781.0,3781.0,3751.0,1903.4499999999998,1953.4499999999998
38,126,3796.0,1928.4499999999998,46.46085714285714,35,0,3781.0,3811.0,3811.0,3781.0,1903.4499999999998,1953.4499999999998
38,127,3826.0,1928.4499999999998,42.70621621621623,37,0,3811.0,3841.0,3841.0,3811.0,1903.4499999999998,1953.4499999999998
38,128,3856.0,1928.4499999999998,46.159259259259265,27,0,3841.0,3871.0,3871.0,3841.0,1903.4499999999998,1953.4499999999998
38,129,3886.0,1928.4499999999998,49.91111111111112,9,0,3871.0,3901.0,3901.0,3871.0,1903.4499999999998,1953.4499999999998
39,0,16.0,1978.4499999999998,71.23166666666668,12,0,1.0,31.0,31.0,1.0,1953.4499999999998,2003.4499999999998
39,1,46.0,1978.4499999999998,60.775999999999996,30,0,31.0,61.0,61.0,31.0,1953.4499999999998,2003.4499999999998
39,2,76.0,1978.4499999999998,50.84674418604652,43,0,61.0,91.0,91.0,61.0,1953.4499999999998,2003.4499999999998
39,3,106.0,1978.4499999999998,53.46333333333333,45,0,91.0,121.0,121.0,91.0,1953.4499999999998,2003.4499999999998
39,4,136.0,1978.4499999999998,62.92125000000001,32,0,121.0,151.0,151.0,121.0,1953.4499999999998,2003.4499999999998
39,5,166.0,1978.4499999999998,63.52391304347827,23,0,151.0,181.0,181.0,151.0,1953.4499999999998,2003.4499999999998
39,6,196.0,1978.4499999999998,66.87100000000001,20,0,181.0,211.0,211.0,181.0,1953.4499999999998,2003.4499999999998
39,7,226.0,1978.4499999999998,63.47923076923077,39,0,211.0,241.0,241.0,211.0,1953.4499999999998,2003.4499999999998
39,8,256.0,1978.4499999999998,53.16931034482758,29,0,241.0,271.0,271.0,241.0,1953.4499999999998,2003.4499999999998
39,9,286.0,1978.4499999999998,56.36074074074074,30,0,271.0,301.0,301.0,271.0,1953.4499999999998,2003.4499999999998
39,10,316.0,1978.4499999999998,58.032,40,0,301.0,331.0,331.0,301.0,1953.4499999999998,2003.4499999999998
39,11,346.0,1978.4499999999998,63.49866666666665,30,0,331.0,361.0,361.0,331.0,1953.4499999999998,2003.4499999999998
39,12,376.0,1978.4499999999998,65.04,25,0,361.0,391.0,391.0,361.0,1953.4499999999998,2003.4499999999998
39,13,406.0,1978.4499999999998,60.32606060606062,33,0,391.0,421.0,421.0,391.0,1953.4499999999998,2003.4499999999998
39,14,436.0,1978.4499999999998,57.028599999999976,50,0,421.0,451.0,451.0,421.0,1953.4499999999998,2003.4499999999998
39,15,466.0,1978.4499999999998,65.22421052631577,19,0,451.0,481.0,481.0,451.0,1953.4499999999998,2003.4499999999998
39,16,496.0,1978.4499999999998,64.17687500000001,32,0,481.0,511.0,511.0,481.0,1953.4499999999998,2003.4499999999998
39,17,526.0,1978.4499999999998,69.08136363636363,22,0,511.0,541.0,541.0,511.0,1953.4499999999998,2003.4499999999998
39,18,556.0,1978.4499999999998,62.83761904761906,42,0,541.0,571.0,571.0,541.0,1953.4499999999998,2003.4499999999998
39,19,586.0,1978.4499999999998,60.29297297297299,37,0,571.0,601.0,601.0,571.0,1953.4499999999998,2003.4499999999998
39,20,616.0,1978.4499999999998,57.15708333333333,48,0,601.0,631.0,631.0,601.0,1953.4499999999998,2003.4499999999998
39,21,646.0,1978.4499999999998,62.8851851851852,27,0,631.0,661.0,661.0,631.0,1953.4499999999998,2003.4499999999998
39,22,676.0,1978.4499999999998,59.01060606060607,33,0,661.0,691.0,691.0,661.0,1953.4499999999998,2003.4499999999998
39,23,706.0,1978.4499999999998,62.04028571428571,35,0,691.0,721.0,721.0,691.0,1953.4499999999998,2003.4499999999998
39,24,736.0,1978.4499999999998,58.2574074074074,27,0,721.0,751.0,751.0,721.0,1953.4499999999998,2003.4499999999998
39,25,766.0,1978.4499999999998,55.49955555555557,45,0,751.0,781.0,781.0,751.0,1953.4499999999998,2003.4499999999998
39,26,796.0,1978.4499999999998,53.787446808510644,47,0,781.0,811.0,811.0,781.0,1953.4499999999998,2003.4499999999998
39,27,826.0,1978.4499999999998,61.828648648648645,37,0,811.0,841.0,841.0,811.0,1953.4499999999998,2003.4499999999998
39,28,856.0,1978.4499999999998,56.846500000000006,40,0,841.0,871.0,871.0,841.0,1953.4499999999998,2003.4499999999998
39,29,886.0,1978.4499999999998,61.33837837837835,37,0,871.0,901.0,901.0,871.0,1953.4499999999998,2003.4499999999998
39,30,916.0,1978.4499999999998,57.31170731707315,41,0,901.0,931.0,931.0,901.0,1953.4499999999998,2003.4499999999998
39,31,946.0,1978.4499999999998,58.155789473684216,38,0,931.0,961.0,961.0,931.0,1953.4499999999998,2003.4499999999998
39,32,976.0,1978.4499999999998,55.30829787234043,47,0,961.0,991.0,991.0,961.0,1953.4499999999998,2003.4499999999998
39,33,1006.0,1978.4499999999998,57.77901960784313,51,0,991.0,1021.0,1021.0,991.0,1953.4499999999998,2003.4499999999998
39,34,1036.0,1978.4499999999998,57.26513513513513,37,0,1021.0,1051.0,1051.0,1021.0,1953.4499999999998,2003.4499999999998
39,35,1066.0,1978.4499999999998,53.43849056603773,53,0,1051.0,1081.0,1081.0,1051.0,1953.4499999999998,2003.4499999999998
39,36,1096.0,1978.4499999999998,57.412500000000016,28,0,1081.0,1111.0,1111.0,1081.0,1953.4499999999998,2003.4499999999998
39,37,1126.0,1978.4499999999998,52.66933333333332,45,0,1111.0,1141.0,1141.0,1111.0,1953.4499999999998,2003.4499999999998
39,38,1156.0,1978.4499999999998,53.457446808510646,47,0,1141.0,1171.0,1171.0,1141.0,1953.4499999999998,2003.4499999999998
39,39,1186.0,1978.4499999999998,53.7958064516129,31,0,1171.0,1201.0,1201.0,1171.0,1953.4499999999998,2003.4499999999998
39,40,1216.0,1978.4499999999998,52.57979166666667,48,0,1201.0,1231.0,1231.0,1201.0,1953.4499999999998,2003.4499999999998
39,41,1246.0,1978.4499999999998,47.46607843137254,51,0,1231.0,1261.0,1261.0,1231.0,1953.4499999999998,2003.4499999999998
39,42,1276.0,1978.4499999999998,49.806000000000004,40,0,1261.0,1291.0,1291.0,1261.0,1953.4499999999998,2003.4499999999998
39,43,1306.0,1978.4499999999998,54.07184210526316,38,0,1291.0,1321.0,1321.0,1291.0,1953.4499999999998,2003.4499999999998
39,44,1336.0,1978.4499999999998,58.17837209302325,43,0,1321.0,1351.0,1351.0,1321.0,1953.4499999999998,2003.4499999999998
39,45,1366.0,1978.4499999999998,54.345681818181816,44,0,1351.0,1381.0,1381.0,1351.0,1953.4499999999998,2003.4499999999998
39,46,1396.0,1978.4499999999998,55.35903225806451,31,0,1381.0,1411.0,1411.0,1381.0,1953.4499999999998,2003.4499999999998
39,47,1426.0,1978.4499999999998,58.230000000000004,42,0,1411.0,1441.0,1441.0,1411.0,1953.4499999999998,2003.4499999999998
39,48,1456.0,1978.4499999999998,58.76571428571428,42,0,1441.0,1471.0,1471.0,1441.0,1953.4499999999998,2003.4499999999998
39,49,1486.0,1978.4499999999998,54.22243902439024,41,0,1471.0,1501.0,1501.0,1471.0,1953.4499999999998,2003.4499999999998
39,50,1516.0,1978.4499999999998,52.01466666666666,45,0,1501.0,1531.0,1531.0,1501.0,1953.4499999999998,2003.4499999999998
39,51,1546.0,1978.4499999999998,64.74451612903226,31,0,1531.0,1561.0,1561.0,1531.0,1953.4499999999998,2003.4499999999998
39,52,1576.0,1978.4499999999998,66.7178125,32,0,1561.0,1591.0,1591.0,1561.0,1953.4499999999998,2003.4499999999998
39,53,1606.0,1978.4499999999998,63.15975609756098,41,0,1591.0,1621.0,1621.0,1591.0,1953.4499999999998,2003.4499999999998
39,54,1636.0,1978.4499999999998,59.594242424242424,33,0,1621.0,1651.0,1651.0,1621.0,1953.4499999999998,2003.4499999999998
39,55,1666.0,1978.4499999999998,64.01656249999999,32,0,1651.0,1681.0,1681.0,1651.0,1953.4499999999998,2003.4499999999998
39,56,1696.0,1978.4499999999998,67.13592592592592,27,0,1681.0,1711.0,1711.0,1681.0,1953.4499999999998,2003.4499999999998
39,57,1726.0,1978.4499999999998,67.07615740740742,24,0,1711.0,1741.0,1741.0,1711.0,1953.4499999999998,2003.4499999999998
39,58,1756.0,1978.4499999999998,61.60352941176472,34,0,1741.0,1771.0,1771.0,1741.0,1953.4499999999998,2003.4499999999998
39,59,1786.0,1978.4499999999998,64.956,30,0,1771.0,1801.0,1801.0,1771.0,1953.4499999999998,2003.4499999999998
39,60,1816.0,1978.4499999999998,61.22690476190477,42,0,1801.0,1831.0,1831.0,1801.0,1953.4499999999998,2003.4499999999998
39,61,1846.0,1978.4499999999998,58.608787878787886,33,0,1831.0,1861.0,1861.0,1831.0,1953.4499999999998,2003.4499999999998
39,62,1876.0,1978.4499999999998,49.425121951219495,41,0,1861.0,1891.0,1891.0,1861.0,1953.4499999999998,2003.4499999999998
39,63,1906.0,1978.4499999999998,54.62622222222223,45,0,1891.0,1921.0,1921.0,1891.0,1953.4499999999998,2003.4499999999998
39,64,1936.0,1978.4499999999998,58.599189189189175,37,0,1921.0,1951.0,1951.0,1921.0,1953.4499999999998,2003.4499999999998
39,65,1966.0,1978.4499999999998,54.30999999999999,42,0,1951.0,1981.0,1981.0,1951.0,1953.4499999999998,2003.4499999999998
39,66,1996.0,1978.4499999999998,55.37365853658538,41,0,1981.0,2011.0,2011.0,1981.0,1953.4499999999998,2003.4499999999998
39,67,2026.0,1978.4499999999998,54.525128205128205,39,0,2011.0,2041.0,2041.0,2011.0,1953.4499999999998,2003.4499999999998
39,68,2056.0,1978.4499999999998,52.242307692307705,39,0,2041.0,2071.0,2071.0,2041.0,1953.4499999999998,2003.4499999999998
39,69,2086.0,1978.4499999999998,57.30521072796934,29,0,2071.0,2101.0,2101.0,2071.0,1953.4499999999998,2003.4499999999998
39,70,2116.0,1978.4499999999998,55.376956521739146,46,0,2101.0,2131.0,2131.0,2101.0,1953.4499999999998,2003.4499999999998
39,71,2146.0,1978.4499999999998,57.38214285714284,42,0,2131.0,2161.0,2161.0,2131.0,1953.4499999999998,2003.4499999999998
39,72,2176.0,1978.4499999999998,52.03722222222223,36,0,2161.0,2191.0,2191.0,2161.0,1953.4499999999998,2003.4499999999998
39,73,2206.0,1978.4499999999998,47.855464285714284,40,0,2191.0,2221.0,2221.0,2191.0,1953.4499999999998,2003.4499999999998
39,74,2236.0,1978.4499999999998,56.3341935483871,31,0,2221.0,2251.0,2251.0,2221.0,1953.4499999999998,2003.4499999999998
39,75,2266.0,1978.4499999999998,61.83142857142858,42,0,2251.0,2281.0,2281.0,2251.0,1953.4499999999998,2003.4499999999998
39,76,2296.0,1978.4499999999998,56.842214285714284,40,0,2281.0,2311.0,2311.0,2281.0,1953.4499999999998,2003.4499999999998
39,77,2326.0,1978.4499999999998,59.64571428571427,42,0,2311.0,2341.0,2341.0,2311.0,1953.4499999999998,2003.4499999999998
39,78,2356.0,1978.4499999999998,55.45619047619047,42,0,2341.0,2371.0,2371.0,2341.0,1953.4499999999998,2003.4499999999998
39,79,2386.0,1978.4499999999998,53.35579999999999,50,0,2371.0,2401.0,2401.0,2371.0,1953.4499999999998,2003.4499999999998
39,80,2416.0,1978.4499999999998,53.91333333333333,24,0,2401.0,2431.0,2431.0,2401.0,1953.4499999999998,2003.4499999999998
39,81,2446.0,1978.4499999999998,50.96883720930232,43,0,2431.0,2461.0,2461.0,2431.0,1953.4499999999998,2003.4499999999998
39,82,2476.0,1978.4499999999998,53.040697674418595,43,0,2461.0,2491.0,2491.0,2461.0,1953.4499999999998,2003.4499999999998
39,83,2506.0,1978.4499999999998,53.31377777777777,45,0,2491.0,2521.0,2521.0,2491.0,1953.4499999999998,2003.4499999999998
39,84,2536.0,1978.4499999999998,52.5448076923077,52,0,2521.0,2551.0,2551.0,2521.0,1953.4499999999998,2003.4499999999998
39,85,2566.0,1978.4499999999998,52.52545454545456,33,0,2551.0,2581.0,2581.0,2551.0,1953.4499999999998,2003.4499999999998
39,86,2596.0,1978.4499999999998,49.50888888888889,36,0,2581.0,2611.0,2611.0,2581.0,1953.4499999999998,2003.4499999999998
39,87,2626.0,1978.4499999999998,47.12214285714286,42,0,2611.0,2641.0,2641.0,2611.0,1953.4499999999998,2003.4499999999998
39,88,2656.0,1978.4499999999998,45.053720930232565,43,0,2641.0,2671.0,2671.0,2641.0,1953.4499999999998,2003.4499999999998
39,89,2686.0,1978.4499999999998,44.75717391304349,46,0,2671.0,2701.0,2701.0,2671.0,1953.4499999999998,2003.4499999999998
39,90,2716.0,1978.4499999999998,44.06100000000001,50,0,2701.0,2731.0,2731.0,2701.0,1953.4499999999998,2003.4499999999998
39,91,2746.0,1978.4499999999998,47.3172972972973,37,0,2731.0,2761.0,2761.0,2731.0,1953.4499999999998,2003.4499999999998
39,92,2776.0,1978.4499999999998,39.098604651162795,43,0,2761.0,2791.0,2791.0,2761.0,1953.4499999999998,2003.4499999999998
39,93,2806.0,1978.4499999999998,41.27465517241379,58,0,2791.0,2821.0,2821.0,2791.0,1953.4499999999998,2003.4499999999998
39,94,2836.0,1978.4499999999998,49.773181818181804,44,0,2821.0,2851.0,2851.0,2821.0,1953.4499999999998,2003.4499999999998
39,95,2866.0,1978.4499999999998,55.40176470588236,34,0,2851.0,2881.0,2881.0,2851.0,1953.4499999999998,2003.4499999999998
39,96,2896.0,1978.4499999999998,43.977755102040824,49,0,2881.0,2911.0,2911.0,2881.0,1953.4499999999998,2003.4499999999998
39,97,2926.0,1978.4499999999998,46.50318181818181,44,0,2911.0,2941.0,2941.0,2911.0,1953.4499999999998,2003.4499999999998
39,98,2956.0,1978.4499999999998,49.70902439024391,41,0,2941.0,2971.0,2971.0,2941.0,1953.4499999999998,2003.4499999999998
39,99,2986.0,1978.4499999999998,51.40755555555557,45,0,2971.0,3001.0,3001.0,2971.0,1953.4499999999998,2003.4499999999998
39,100,3016.0,1978.4499999999998,55.574750000000016,40,0,3001.0,3031.0,3031.0,3001.0,1953.4499999999998,2003.4499999999998
39,101,3046.0,1978.4499999999998,50.23787234042552,47,0,3031.0,3061.0,3061.0,3031.0,1953.4499999999998,2003.4499999999998
39,102,3076.0,1978.4499999999998,45.76040816326531,49,0,3061.0,3091.0,3091.0,3061.0,1953.4499999999998,2003.4499999999998
39,103,3106.0,1978.4499999999998,56.48031015037594,38,0,3091.0,3121.0,3121.0,3091.0,1953.4499999999998,2003.4499999999998
39,104,3136.0,1978.4499999999998,46.64270270270271,37,0,3121.0,3151.0,3151.0,3121.0,1953.4499999999998,2003.4499999999998
39,105,3166.0,1978.4499999999998,47.8113492063492,42,0,3151.0,3181.0,3181.0,3151.0,1953.4499999999998,2003.4499999999998
39,106,3196.0,1978.4499999999998,55.47518518518519,27,0,3181.0,3211.0,3211.0,3181.0,1953.4499999999998,2003.4499999999998
39,107,3226.0,1978.4499999999998,51.25189189189188,37,0,3211.0,3241.0,3241.0,3211.0,1953.4499999999998,2003.4499999999998
39,108,3256.0,1978.4499999999998,48.72645833333333,48,0,3241.0,3271.0,3271.0,3241.0,1953.4499999999998,2003.4499999999998
39,109,3286.0,1978.4499999999998,50.782187500000006,32,0,3271.0,3301.0,3301.0,3271.0,1953.4499999999998,2003.4499999999998
39,110,3316.0,1978.4499999999998,43.99785714285716,42,0,3301.0,3331.0,3331.0,3301.0,1953.4499999999998,2003.4499999999998
39,111,3346.0,1978.4499999999998,44.604901960784304,51,0,3331.0,3361.0,3361.0,3331.0,1953.4499999999998,2003.4499999999998
39,112,3376.0,1978.4499999999998,48.856458333333336,48,0,3361.0,3391.0,3391.0,3361.0,1953.4499999999998,2003.4499999999998
39,113,3406.0,1978.4499999999998,51.77848484848485,33,0,3391.0,3421.0,3421.0,3391.0,1953.4499999999998,2003.4499999999998
39,114,3436.0,1978.4499999999998,51.59384615384616,39,0,3421.0,3451.0,3451.0,3421.0,1953.4499999999998,2003.4499999999998
39,115,3466.0,1978.4499999999998,48.093181818181826,44,0,3451.0,3481.0,3481.0,3451.0,1953.4499999999998,2003.4499999999998
39,116,3496.0,1978.4499999999998,45.523157894736855,38,0,3481.0,3511.0,3511.0,3481.0,1953.4499999999998,2003.4499999999998
39,117,3526.0,1978.4499999999998,48.847837837837844,37,0,3511.0,3541.0,3541.0,3511.0,1953.4499999999998,2003.4499999999998
39,118,3556.0,1978.4499999999998,48.53757575757576,33,0,3541.0,3571.0,3571.0,3541.0,1953.4499999999998,2003.4499999999998
39,119,3586.0,1978.4499999999998,51.783181818181816,44,0,3571.0,3601.0,3601.0,3571.0,1953.4499999999998,2003.4499999999998
39,120,3616.0,1978.4499999999998,45.96756944444446,48,0,3601.0,3631.0,3631.0,3601.0,1953.4499999999998,2003.4499999999998
39,121,3646.0,1978.4499999999998,45.2770864197531,45,0,3631.0,3661.0,3661.0,3631.0,1953.4499999999998,2003.4499999999998
39,122,3676.0,1978.4499999999998,46.223243243243246,37,0,3661.0,3691.0,3691.0,3661.0,1953.4499999999998,2003.4499999999998
39,123,3706.0,1978.4499999999998,44.41676470588236,34,0,3691.0,3721.0,3721.0,3691.0,1953.4499999999998,2003.4499999999998
39,124,3736.0,1978.4499999999998,37.762790697674426,43,0,3721.0,3751.0,3751.0,3721.0,1953.4499999999998,2003.4499999999998
39,125,3766.0,1978.4499999999998,38.09951219512195,41,0,3751.0,3781.0,3781.0,3751.0,1953.4499999999998,2003.4499999999998
39,126,3796.0,1978.4499999999998,47.95334821428572,32,0,3781.0,3811.0,3811.0,3781.0,1953.4499999999998,2003.4499999999998
39,127,3826.0,1978.4499999999998,42.83333333333334,33,0,3811.0,3841.0,3841.0,3811.0,1953.4499999999998,2003.4499999999998
39,128,3856.0,1978.4499999999998,45.05037037037037,27,0,3841.0,3871.0,3871.0,3841.0,1953.4499999999998,2003.4499999999998
39,129,3886.0,1978.4499999999998,48.019166666666656,12,0,3871.0,3901.0,3901.0,3871.0,1953.4499999999998,2003.4499999999998
40,0,16.0,2028.4499999999998,71.60000000000001,12,0,1.0,31.0,31.0,1.0,2003.4499999999998,2053.45
40,1,46.0,2028.4499999999998,59.74954545454545,22,0,31.0,61.0,61.0,31.0,2003.4499999999998,2053.45
40,2,76.0,2028.4499999999998,51.71239130434782,46,0,61.0,91.0,91.0,61.0,2003.4499999999998,2053.45
40,3,106.0,2028.4499999999998,52.10243902439025,41,0,91.0,121.0,121.0,91.0,2003.4499999999998,2053.45
40,4,136.0,2028.4499999999998,59.10717948717949,39,0,121.0,151.0,151.0,121.0,2003.4499999999998,2053.45
40,5,166.0,2028.4499999999998,61.13347826086956,23,0,151.0,181.0,181.0,151.0,2003.4499999999998,2053.45
40,6,196.0,2028.4499999999998,64.33149999999999,20,0,181.0,211.0,211.0,181.0,2003.4499999999998,2053.45
40,7,226.0,2028.4499999999998,60.00556390977443,38,0,211.0,241.0,241.0,211.0,2003.4499999999998,2053.45
40,8,256.0,2028.4499999999998,55.129310344827594,29,0,241.0,271.0,271.0,241.0,2003.4499999999998,2053.45
40,9,286.0,2028.4499999999998,50.33459459459459,37,0,271.0,301.0,301.0,271.0,2003.4499999999998,2053.45
40,10,316.0,2028.4499999999998,54.393720930232554,43,0,301.0,331.0,331.0,301.0,2003.4499999999998,2053.45
40,11,346.0,2028.4499999999998,60.55296296296296,27,0,331.0,361.0,361.0,331.0,2003.4499999999998,2053.45
40,12,376.0,2028.4499999999998,62.86379310344829,29,0,361.0,391.0,391.0,361.0,2003.4499999999998,2053.45
40,13,406.0,2028.4499999999998,58.613442460317465,28,0,391.0,421.0,421.0,391.0,2003.4499999999998,2053.45
40,14,436.0,2028.4499999999998,55.520434782608696,46,0,421.0,451.0,451.0,421.0,2003.4499999999998,2053.45
40,15,466.0,2028.4499999999998,60.66833333333335,24,0,451.0,481.0,481.0,451.0,2003.4499999999998,2053.45
40,16,496.0,2028.4499999999998,61.691037037037034,30,0,481.0,511.0,511.0,481.0,2003.4499999999998,2053.45
40,17,526.0,2028.4499999999998,68.26727272727273,22,0,511.0,541.0,541.0,511.0,2003.4499999999998,2053.45
40,18,556.0,2028.4499999999998,59.375777777777785,45,0,541.0,571.0,571.0,541.0,2003.4499999999998,2053.45
40,19,586.0,2028.4499999999998,59.430243902439024,41,0,571.0,601.0,601.0,571.0,2003.4499999999998,2053.45
40,20,616.0,2028.4499999999998,53.73037037037039,54,0,601.0,631.0,631.0,601.0,2003.4499999999998,2053.45
40,21,646.0,2028.4499999999998,60.520645161290325,31,0,631.0,661.0,661.0,631.0,2003.4499999999998,2053.45
40,22,676.0,2028.4499999999998,55.47800000000001,35,0,661.0,691.0,691.0,661.0,2003.4499999999998,2053.45
40,23,706.0,2028.4499999999998,59.08976744186046,43,0,691.0,721.0,721.0,691.0,2003.4499999999998,2053.45
40,24,736.0,2028.4499999999998,58.09818181818182,22,0,721.0,751.0,751.0,721.0,2003.4499999999998,2053.45
40,25,766.0,2028.4499999999998,53.150000000000006,49,0,751.0,781.0,781.0,751.0,2003.4499999999998,2053.45
40,26,796.0,2028.4499999999998,52.1580487804878,41,0,781.0,811.0,811.0,781.0,2003.4499999999998,2053.45
40,27,826.0,2028.4499999999998,57.92269102990033,43,0,811.0,841.0,841.0,811.0,2003.4499999999998,2053.45
40,28,856.0,2028.4499999999998,54.86394736842105,38,0,841.0,871.0,871.0,841.0,2003.4499999999998,2053.45
40,29,886.0,2028.4499999999998,55.40000000000001,42,0,871.0,901.0,901.0,871.0,2003.4499999999998,2053.45
40,30,916.0,2028.4499999999998,55.473809523809535,42,0,901.0,931.0,931.0,901.0,2003.4499999999998,2053.45
40,31,946.0,2028.4499999999998,54.86405405405405,37,0,931.0,961.0,961.0,931.0,2003.4499999999998,2053.45
40,32,976.0,2028.4499999999998,53.59304347826087,46,0,961.0,991.0,991.0,961.0,2003.4499999999998,2053.45
40,33,1006.0,2028.4499999999998,54.44074074074073,54,0,991.0,1021.0,1021.0,991.0,2003.4499999999998,2053.45
40,34,1036.0,2028.4499999999998,56.36136752136752,39,0,1021.0,1051.0,1051.0,1021.0,2003.4499999999998,2053.45
40,35,1066.0,2028.4499999999998,51.19442307692307,52,0,1051.0,1081.0,1081.0,1051.0,2003.4499999999998,2053.45
40,36,1096.0,2028.4499999999998,56.326129032258066,31,0,1081.0,1111.0,1111.0,1081.0,2003.4499999999998,2053.45
40,37,1126.0,2028.4499999999998,51.71108695652174,46,0,1111.0,1141.0,1141.0,1111.0,2003.4499999999998,2053.45
40,38,1156.0,2028.4499999999998,51.83208333333334,48,0,1141.0,1171.0,1171.0,1141.0,2003.4499999999998,2053.45
40,39,1186.0,2028.4499999999998,52.2914705882353,34,0,1171.0,1201.0,1201.0,1171.0,2003.4499999999998,2053.45
40,40,1216.0,2028.4499999999998,52.97042553191488,47,0,1201.0,1231.0,1231.0,1201.0,2003.4499999999998,2053.45
40,41,1246.0,2028.4499999999998,45.748025974025964,55,0,1231.0,1261.0,1261.0,1231.0,2003.4499999999998,2053.45
40,42,1276.0,2028.4499999999998,49.37958333333333,48,0,1261.0,1291.0,1291.0,1261.0,2003.4499999999998,2053.45
40,43,1306.0,2028.4499999999998,51.78957446808512,47,0,1291.0,1321.0,1321.0,1291.0,2003.4499999999998,2053.45
40,44,1336.0,2028.4499999999998,55.737948717948726,39,0,1321.0,1351.0,1351.0,1321.0,2003.4499999999998,2053.45
40,45,1366.0,2028.4499999999998,53.380500000000005,40,0,1351.0,1381.0,1381.0,1351.0,2003.4499999999998,2053.45
40,46,1396.0,2028.4499999999998,50.8618125,40,0,1381.0,1411.0,1411.0,1381.0,2003.4499999999998,2053.45
40,47,1426.0,2028.4499999999998,56.24674418604651,43,0,1411.0,1441.0,1441.0,1411.0,2003.4499999999998,2053.45
40,48,1456.0,2028.4499999999998,56.0104081632653,49,0,1441.0,1471.0,1471.0,1441.0,2003.4499999999998,2053.45
40,49,1486.0,2028.4499999999998,54.036904761904765,42,0,1471.0,1501.0,1501.0,1471.0,2003.4499999999998,2053.45
40,50,1516.0,2028.4499999999998,52.12522727272726,44,0,1501.0,1531.0,1531.0,1501.0,2003.4499999999998,2053.45
40,51,1546.0,2028.4499999999998,60.651081081081095,37,0,1531.0,1561.0,1561.0,1531.0,2003.4499999999998,2053.45
40,52,1576.0,2028.4499999999998,63.71999999999999,35,0,1561.0,1591.0,1591.0,1561.0,2003.4499999999998,2053.45
40,53,1606.0,2028.4499999999998,61.266744186046516,43,0,1591.0,1621.0,1621.0,1591.0,2003.4499999999998,2053.45
40,54,1636.0,2028.4499999999998,58.138214285714284,28,0,1621.0,1651.0,1651.0,1621.0,2003.4499999999998,2053.45
40,55,1666.0,2028.4499999999998,60.391666666666666,36,0,1651.0,1681.0,1681.0,1651.0,2003.4499999999998,2053.45
40,56,1696.0,2028.4499999999998,65.49928571428572,28,0,1681.0,1711.0,1711.0,1681.0,2003.4499999999998,2053.45
40,57,1726.0,2028.4499999999998,66.23119999999999,25,0,1711.0,1741.0,1741.0,1711.0,2003.4499999999998,2053.45
40,58,1756.0,2028.4499999999998,59.688529411764705,34,0,1741.0,1771.0,1771.0,1741.0,2003.4499999999998,2053.45
40,59,1786.0,2028.4499999999998,63.46379310344828,29,0,1771.0,1801.0,1801.0,1771.0,2003.4499999999998,2053.45
40,60,1816.0,2028.4499999999998,58.41404255319147,47,0,1801.0,1831.0,1831.0,1801.0,2003.4499999999998,2053.45
40,61,1846.0,2028.4499999999998,58.599375,32,0,1831.0,1861.0,1861.0,1831.0,2003.4499999999998,2053.45
40,62,1876.0,2028.4499999999998,49.22585365853657,41,0,1861.0,1891.0,1891.0,1861.0,2003.4499999999998,2053.45
40,63,1906.0,2028.4499999999998,49.51239130434782,46,0,1891.0,1921.0,1921.0,1891.0,2003.4499999999998,2053.45
40,64,1936.0,2028.4499999999998,56.418499999999995,40,0,1921.0,1951.0,1951.0,1921.0,2003.4499999999998,2053.45
40,65,1966.0,2028.4499999999998,53.14394736842105,38,0,1951.0,1981.0,1981.0,1951.0,2003.4499999999998,2053.45
40,66,1996.0,2028.4499999999998,51.508,40,0,1981.0,2011.0,2011.0,1981.0,2003.4499999999998,2053.45
40,67,2026.0,2028.4499999999998,52.89882352941175,34,0,2011.0,2041.0,2041.0,2011.0,2003.4499999999998,2053.45
40,68,2056.0,2028.4499999999998,50.719772727272726,44,0,2041.0,2071.0,2071.0,2041.0,2003.4499999999998,2053.45
40,69,2086.0,2028.4499999999998,56.11576923076923,26,0,2071.0,2101.0,2101.0,2071.0,2003.4499999999998,2053.45
40,70,2116.0,2028.4499999999998,53.83543478260868,46,0,2101.0,2131.0,2131.0,2101.0,2003.4499999999998,2053.45
40,71,2146.0,2028.4499999999998,51.90111111111113,45,0,2131.0,2161.0,2161.0,2131.0,2003.4499999999998,2053.45
40,72,2176.0,2028.4499999999998,51.75606060606061,33,0,2161.0,2191.0,2191.0,2161.0,2003.4499999999998,2053.45
40,73,2206.0,2028.4499999999998,45.94596899224804,43,0,2191.0,2221.0,2221.0,2191.0,2003.4499999999998,2053.45
40,74,2236.0,2028.4499999999998,52.85843750000001,32,0,2221.0,2251.0,2251.0,2221.0,2003.4499999999998,2053.45
40,75,2266.0,2028.4499999999998,60.91948717948719,39,0,2251.0,2281.0,2281.0,2251.0,2003.4499999999998,2053.45
40,76,2296.0,2028.4499999999998,55.66820512820512,39,0,2281.0,2311.0,2311.0,2281.0,2003.4499999999998,2053.45
40,77,2326.0,2028.4499999999998,57.09444444444444,45,0,2311.0,2341.0,2341.0,2311.0,2003.4499999999998,2053.45
40,78,2356.0,2028.4499999999998,55.01564102564102,39,0,2341.0,2371.0,2371.0,2341.0,2003.4499999999998,2053.45
40,79,2386.0,2028.4499999999998,51.36195652173913,46,0,2371.0,2401.0,2401.0,2371.0,2003.4499999999998,2053.45
40,80,2416.0,2028.4499999999998,53.671200000000006,25,0,2401.0,2431.0,2431.0,2401.0,2003.4499999999998,2053.45
40,81,2446.0,2028.4499999999998,50.370249999999984,40,0,2431.0,2461.0,2461.0,2431.0,2003.4499999999998,2053.45
40,82,2476.0,2028.4499999999998,49.96695652173912,46,0,2461.0,2491.0,2491.0,2461.0,2003.4499999999998,2053.45
40,83,2506.0,2028.4499999999998,52.810592592592585,45,0,2491.0,2521.0,2521.0,2491.0,2003.4499999999998,2053.45
40,84,2536.0,2028.4499999999998,51.48680851063829,47,0,2521.0,2551.0,2551.0,2521.0,2003.4499999999998,2053.45
40,85,2566.0,2028.4499999999998,51.81088235294118,34,0,2551.0,2581.0,2581.0,2551.0,2003.4499999999998,2053.45
40,86,2596.0,2028.4499999999998,48.53953488372095,43,0,2581.0,2611.0,2611.0,2581.0,2003.4499999999998,2053.45
40,87,2626.0,2028.4499999999998,46.25341463414633,41,0,2611.0,2641.0,2641.0,2611.0,2003.4499999999998,2053.45
40,88,2656.0,2028.4499999999998,45.4370731707317,41,0,2641.0,2671.0,2671.0,2641.0,2003.4499999999998,2053.45
40,89,2686.0,2028.4499999999998,46.30365853658536,41,0,2671.0,2701.0,2701.0,2671.0,2003.4499999999998,2053.45
40,90,2716.0,2028.4499999999998,45.438,50,0,2701.0,2731.0,2731.0,2701.0,2003.4499999999998,2053.45
40,91,2746.0,2028.4499999999998,44.21777777777777,45,0,2731.0,2761.0,2761.0,2731.0,2003.4499999999998,2053.45
40,92,2776.0,2028.4499999999998,42.03636363636363,44,0,2761.0,2791.0,2791.0,2761.0,2003.4499999999998,2053.45
40,93,2806.0,2028.4499999999998,39.96535714285712,56,0,2791.0,2821.0,2821.0,2791.0,2003.4499999999998,2053.45
40,94,2836.0,2028.4499999999998,45.55886363636363,44,0,2821.0,2851.0,2851.0,2821.0,2003.4499999999998,2053.45
40,95,2866.0,2028.4499999999998,54.47361111111111,36,0,2851.0,2881.0,2881.0,2851.0,2003.4499999999998,2053.45
40,96,2896.0,2028.4499999999998,42.56925,40,0,2881.0,2911.0,2911.0,2881.0,2003.4499999999998,2053.45
40,97,2926.0,2028.4499999999998,46.14833333333332,48,0,2911.0,2941.0,2941.0,2911.0,2003.4499999999998,2053.45
40,98,2956.0,2028.4499999999998,49.614761904761885,42,0,2941.0,2971.0,2971.0,2941.0,2003.4499999999998,2053.45
40,99,2986.0,2028.4499999999998,49.39744186046511,43,0,2971.0,3001.0,3001.0,2971.0,2003.4499999999998,2053.45
40,100,3016.0,2028.4499999999998,54.41952380952382,42,0,3001.0,3031.0,3031.0,3001.0,2003.4499999999998,2053.45
40,101,3046.0,2028.4499999999998,49.34116279069765,43,0,3031.0,3061.0,3061.0,3031.0,2003.4499999999998,2053.45
40,102,3076.0,2028.4499999999998,43.41535714285714,56,0,3061.0,3091.0,3091.0,3061.0,2003.4499999999998,2053.45
40,103,3106.0,2028.4499999999998,52.397631578947376,38,0,3091.0,3121.0,3121.0,3091.0,2003.4499999999998,2053.45
40,104,3136.0,2028.4499999999998,46.72406249999999,32,0,3121.0,3151.0,3151.0,3121.0,2003.4499999999998,2053.45
40,105,3166.0,2028.4499999999998,45.73236842105264,38,0,3151.0,3181.0,3181.0,3151.0,2003.4499999999998,2053.45
40,106,3196.0,2028.4499999999998,53.23514285714286,35,0,3181.0,3211.0,3211.0,3181.0,2003.4499999999998,2053.45
40,107,3226.0,2028.4499999999998,50.70235294117648,34,0,3211.0,3241.0,3241.0,3211.0,2003.4499999999998,2053.45
40,108,3256.0,2028.4499999999998,47.98195555555555,50,0,3241.0,3271.0,3271.0,3241.0,2003.4499999999998,2053.45
40,109,3286.0,2028.4499999999998,52.38516129032258,31,0,3271.0,3301.0,3301.0,3271.0,2003.4499999999998,2053.45
40,110,3316.0,2028.4499999999998,44.21809523809524,42,0,3301.0,3331.0,3331.0,3301.0,2003.4499999999998,2053.45
40,111,3346.0,2028.4499999999998,45.01365853658537,41,0,3331.0,3361.0,3361.0,3331.0,2003.4499999999998,2053.45
40,112,3376.0,2028.4499999999998,43.770338983050856,59,0,3361.0,3391.0,3391.0,3361.0,2003.4499999999998,2053.45
40,113,3406.0,2028.4499999999998,48.26029411764706,34,0,3391.0,3421.0,3421.0,3391.0,2003.4499999999998,2053.45
40,114,3436.0,2028.4499999999998,50.01714285714286,35,0,3421.0,3451.0,3451.0,3421.0,2003.4499999999998,2053.45
40,115,3466.0,2028.4499999999998,47.60816326530612,49,0,3451.0,3481.0,3481.0,3451.0,2003.4499999999998,2053.45
40,116,3496.0,2028.4499999999998,45.33375,40,0,3481.0,3511.0,3511.0,3481.0,2003.4499999999998,2053.45
40,117,3526.0,2028.4499999999998,48.93837837837838,37,0,3511.0,3541.0,3541.0,3511.0,2003.4499999999998,2053.45
40,118,3556.0,2028.4499999999998,46.42230769230769,39,0,3541.0,3571.0,3571.0,3541.0,2003.4499999999998,2053.45
40,119,3586.0,2028.4499999999998,52.27648648648649,37,0,3571.0,3601.0,3601.0,3571.0,2003.4499999999998,2053.45
40,120,3616.0,2028.4499999999998,47.88232558139535,43,0,3601.0,3631.0,3631.0,3601.0,2003.4499999999998,2053.45
40,121,3646.0,2028.4499999999998,45.948372093023245,43,0,3631.0,3661.0,3661.0,3631.0,2003.4499999999998,2053.45
40,122,3676.0,2028.4499999999998,45.789444444444435,36,0,3661.0,3691.0,3691.0,3661.0,2003.4499999999998,2053.45
40,123,3706.0,2028.4499999999998,44.877037037037034,30,0,3691.0,3721.0,3721.0,3691.0,2003.4499999999998,2053.45
40,124,3736.0,2028.4499999999998,39.06785714285715,42,0,3721.0,3751.0,3751.0,3721.0,2003.4499999999998,2053.45
40,125,3766.0,2028.4499999999998,35.50319999999999,50,0,3751.0,3781.0,3781.0,3751.0,2003.4499999999998,2053.45
40,126,3796.0,2028.4499999999998,48.024666666666654,30,0,3781.0,3811.0,3811.0,3781.0,2003.4499999999998,2053.45
40,127,3826.0,2028.4499999999998,44.85444444444444,27,0,3811.0,3841.0,3841.0,3811.0,2003.4499999999998,2053.45
40,128,3856.0,2028.4499999999998,45.15269230769232,26,0,3841.0,3871.0,3871.0,3841.0,2003.4499999999998,2053.45
40,129,3886.0,2028.4499999999998,44.723684210526315,19,0,3871.0,3901.0,3901.0,3871.0,2003.4499999999998,2053.45
41,0,16.0,2063.1583333333347,74.65555555555555,2,0,1.0,31.0,31.0,1.0,2053.45,2072.86666666667
41,1,46.0,2063.1583333333347,61.75217893217893,11,0,31.0,61.0,61.0,31.0,2053.45,2072.86666666667
41,2,76.0,2063.1583333333347,54.696265172735764,17,0,61.0,91.0,91.0,61.0,2053.45,2072.86666666667
41,3,106.0,2063.1583333333347,54.08653968253968,15,0,91.0,121.0,121.0,91.0,2053.45,2072.86666666667
41,4,136.0,2063.1583333333347,58.42254201680674,17,0,121.0,151.0,151.0,121.0,2053.45,2072.86666666667
41,5,166.0,2063.1583333333347,60.0266975308642,9,0,151.0,181.0,181.0,151.0,2053.45,2072.86666666667
41,6,196.0,2063.1583333333347,65.27203703703704,6,0,181.0,211.0,211.0,181.0,2053.45,2072.86666666667
41,7,226.0,2063.1583333333347,61.46798611111112,12,0,211.0,241.0,241.0,211.0,2053.45,2072.86666666667
41,8,256.0,2063.1583333333347,56.23518518518519,9,0,241.0,271.0,271.0,241.0,2053.45,2072.86666666667
41,9,286.0,2063.1583333333347,52.744523809523805,13,0,271.0,301.0,301.0,271.0,2053.45,2072.86666666667
41,10,316.0,2063.1583333333347,54.39302721088436,14,0,301.0,331.0,331.0,301.0,2053.45,2072.86666666667
41,11,346.0,2063.1583333333347,60.38050505050505,11,0,331.0,361.0,361.0,331.0,2053.45,2072.86666666667
41,12,376.0,2063.1583333333347,64.12449494949493,11,0,361.0,391.0,391.0,361.0,2053.45,2072.86666666667
41,13,406.0,2063.1583333333347,60.20444444444443,8,0,391.0,421.0,421.0,391.0,2053.45,2072.86666666667
41,14,436.0,2063.1583333333347,55.50138888888888,16,0,421.0,451.0,451.0,421.0,2053.45,2072.86666666667
41,15,466.0,2063.1583333333347,62.67013492063491,10,0,451.0,481.0,481.0,451.0,2053.45,2072.86666666667
41,16,496.0,2063.1583333333347,62.1629541446208,9,0,481.0,511.0,511.0,481.0,2053.45,2072.86666666667
41,17,526.0,2063.1583333333347,68.13982142857142,8,0,511.0,541.0,541.0,511.0,2053.45,2072.86666666667
41,18,556.0,2063.1583333333347,61.15167658730158,16,0,541.0,571.0,571.0,541.0,2053.45,2072.86666666667
41,19,586.0,2063.1583333333347,59.768624338624335,15,0,571.0,601.0,601.0,571.0,2053.45,2072.86666666667
41,20,616.0,2063.1583333333347,52.71275925925925,15,0,601.0,631.0,631.0,601.0,2053.45,2072.86666666667
41,21,646.0,2063.1583333333347,61.620422077922086,11,0,631.0,661.0,661.0,631.0,2053.45,2072.86666666667
41,22,676.0,2063.1583333333347,56.06761904761906,11,0,661.0,691.0,691.0,661.0,2053.45,2072.86666666667
41,23,706.0,2063.1583333333347,60.71711538461538,13,0,691.0,721.0,721.0,691.0,2053.45,2072.86666666667
41,24,736.0,2063.1583333333347,60.54518707482994,7,0,721.0,751.0,751.0,721.0,2053.45,2072.86666666667
41,25,766.0,2063.1583333333347,52.86123456790123,18,0,751.0,781.0,781.0,751.0,2053.45,2072.86666666667
41,26,796.0,2063.1583333333347,53.35044973544975,18,0,781.0,811.0,811.0,781.0,2053.45,2072.86666666667
41,27,826.0,2063.1583333333347,56.73988095238094,17,0,811.0,841.0,841.0,811.0,2053.45,2072.86666666667
41,28,856.0,2063.1583333333347,57.220238095238095,12,0,841.0,871.0,871.0,841.0,2053.45,2072.86666666667
41,29,886.0,2063.1583333333347,56.34034722222222,12,0,871.0,901.0,901.0,871.0,2053.45,2072.86666666667
41,30,916.0,2063.1583333333347,57.38465811965811,13,0,901.0,931.0,931.0,901.0,2053.45,2072.86666666667
41,31,946.0,2063.1583333333347,54.19694444444445,12,0,931.0,961.0,961.0,931.0,2053.45,2072.86666666667
41,32,976.0,2063.1583333333347,55.026412698412706,15,0,961.0,991.0,991.0,961.0,2053.45,2072.86666666667
41,33,1006.0,2063.1583333333347,53.612430555555555,16,0,991.0,1021.0,1021.0,991.0,2053.45,2072.86666666667
41,34,1036.0,2063.1583333333347,56.52291950113378,21,0,1021.0,1051.0,1051.0,1021.0,2053.45,2072.86666666667
41,35,1066.0,2063.1583333333347,52.10372023809522,16,0,1051.0,1081.0,1081.0,1051.0,2053.45,2072.86666666667
41,36,1096.0,2063.1583333333347,53.86993867243868,11,0,1081.0,1111.0,1111.0,1081.0,2053.45,2072.86666666667
41,37,1126.0,2063.1583333333347,52.437389770723094,18,0,1111.0,1141.0,1141.0,1111.0,2053.45,2072.86666666667
41,38,1156.0,2063.1583333333347,52.64401260504201,17,0,1141.0,1171.0,1171.0,1141.0,2053.45,2072.86666666667
41,39,1186.0,2063.1583333333347,53.696641156462604,14,0,1171.0,1201.0,1201.0,1171.0,2053.45,2072.86666666667
41,40,1216.0,2063.1583333333347,55.765351851851854,15,0,1201.0,1231.0,1231.0,1201.0,2053.45,2072.86666666667
41,41,1246.0,2063.1583333333347,46.62067901234568,18,0,1231.0,1261.0,1261.0,1231.0,2053.45,2072.86666666667
41,42,1276.0,2063.1583333333347,48.23007936507936,17,0,1261.0,1291.0,1291.0,1261.0,2053.45,2072.86666666667
41,43,1306.0,2063.1583333333347,54.06833333333333,12,0,1291.0,1321.0,1321.0,1291.0,2053.45,2072.86666666667
41,44,1336.0,2063.1583333333347,57.58579365079363,14,0,1321.0,1351.0,1351.0,1321.0,2053.45,2072.86666666667
41,45,1366.0,2063.1583333333347,56.731782879818596,14,0,1351.0,1381.0,1381.0,1351.0,2053.45,2072.86666666667
41,46,1396.0,2063.1583333333347,49.02460317460317,20,0,1381.0,1411.0,1411.0,1381.0,2053.45,2072.86666666667
41,47,1426.0,2063.1583333333347,56.35397817460317,16,0,1411.0,1441.0,1441.0,1411.0,2053.45,2072.86666666667
41,48,1456.0,2063.1583333333347,56.0668824404762,16,0,1441.0,1471.0,1471.0,1441.0,2053.45,2072.86666666667
41,49,1486.0,2063.1583333333347,56.64162698412698,14,0,1471.0,1501.0,1501.0,1471.0,2053.45,2072.86666666667
41,50,1516.0,2063.1583333333347,53.44224789915967,17,0,1501.0,1531.0,1531.0,1501.0,2053.45,2072.86666666667
41,51,1546.0,2063.1583333333347,59.99361111111111,12,0,1531.0,1561.0,1561.0,1531.0,2053.45,2072.86666666667
41,52,1576.0,2063.1583333333347,64.7719212962963,12,0,1561.0,1591.0,1591.0,1561.0,2053.45,2072.86666666667
41,53,1606.0,2063.1583333333347,61.96805996472662,18,0,1591.0,1621.0,1621.0,1591.0,2053.45,2072.86666666667
41,54,1636.0,2063.1583333333347,60.40290476190476,10,0,1621.0,1651.0,1651.0,1621.0,2053.45,2072.86666666667
41,55,1666.0,2063.1583333333347,59.923072562358286,14,0,1651.0,1681.0,1681.0,1651.0,2053.45,2072.86666666667
41,56,1696.0,2063.1583333333347,66.36053968253968,10,0,1681.0,1711.0,1711.0,1681.0,2053.45,2072.86666666667
41,57,1726.0,2063.1583333333347,67.81009920634922,6,0,1711.0,1741.0,1741.0,1711.0,2053.45,2072.86666666667
41,58,1756.0,2063.1583333333347,61.62992857142857,10,0,1741.0,1771.0,1771.0,1741.0,2053.45,2072.86666666667
41,59,1786.0,2063.1583333333347,64.08120370370371,12,0,1771.0,1801.0,1801.0,1771.0,2053.45,2072.86666666667
41,60,1816.0,2063.1583333333347,58.241187830687835,15,0,1801.0,1831.0,1831.0,1801.0,2053.45,2072.86666666667
41,61,1846.0,2063.1583333333347,59.40576617826619,13,0,1831.0,1861.0,1861.0,1831.0,2053.45,2072.86666666667
41,62,1876.0,2063.1583333333347,49.49732142857143,14,0,1861.0,1891.0,1891.0,1861.0,2053.45,2072.86666666667
41,63,1906.0,2063.1583333333347,47.263043981481495,24,0,1891.0,1921.0,1921.0,1891.0,2053.45,2072.86666666667
41,64,1936.0,2063.1583333333347,54.85617630385487,14,0,1921.0,1951.0,1951.0,1921.0,2053.45,2072.86666666667
41,65,1966.0,2063.1583333333347,54.641419753086424,18,0,1951.0,1981.0,1981.0,1951.0,2053.45,2072.86666666667
41,66,1996.0,2063.1583333333347,51.90755555555554,20,0,1981.0,2011.0,2011.0,1981.0,2053.45,2072.86666666667
41,67,2026.0,2063.1583333333347,53.099000000000004,10,0,2011.0,2041.0,2041.0,2011.0,2053.45,2072.86666666667
41,68,2056.0,2063.1583333333347,51.59064625850341,14,0,2041.0,2071.0,2071.0,2041.0,2053.45,2072.86666666667
41,69,2086.0,2063.1583333333347,57.0355,10,0,2071.0,2101.0,2101.0,2071.0,2053.45,2072.86666666667
41,70,2116.0,2063.1583333333347,54.01767361111111,16,0,2101.0,2131.0,2131.0,2101.0,2053.45,2072.86666666667
41,71,2146.0,2063.1583333333347,50.80506547619048,20,0,2131.0,2161.0,2161.0,2131.0,2053.45,2072.86666666667
41,72,2176.0,2063.1583333333347,51.97722222222222,13,0,2161.0,2191.0,2191.0,2161.0,2053.45,2072.86666666667
41,73,2206.0,2063.1583333333347,47.96790740740741,15,0,2191.0,2221.0,2221.0,2191.0,2053.45,2072.86666666667
41,74,2236.0,2063.1583333333347,51.732142857142854,15,0,2221.0,2251.0,2251.0,2221.0,2053.45,2072.86666666667
41,75,2266.0,2063.1583333333347,60.69725274725275,13,0,2251.0,2281.0,2281.0,2251.0,2053.45,2072.86666666667
41,76,2296.0,2063.1583333333347,55.504674036281166,14,0,2281.0,2311.0,2311.0,2281.0,2053.45,2072.86666666667
41,77,2326.0,2063.1583333333347,58.289747023809525,16,0,2311.0,2341.0,2341.0,2311.0,2053.45,2072.86666666667
41,78,2356.0,2063.1583333333347,56.72766666666667,15,0,2341.0,2371.0,2371.0,2341.0,2053.45,2072.86666666667
41,79,2386.0,2063.1583333333347,52.4724880952381,20,0,2371.0,2401.0,2401.0,2371.0,2053.45,2072.86666666667
41,80,2416.0,2063.1583333333347,53.53222222222222,9,0,2401.0,2431.0,2431.0,2401.0,2053.45,2072.86666666667
41,81,2446.0,2063.1583333333347,52.25429487179486,13,0,2431.0,2461.0,2461.0,2431.0,2053.45,2072.86666666667
41,82,2476.0,2063.1583333333347,49.091286549707604,19,0,2461.0,2491.0,2491.0,2461.0,2053.45,2072.86666666667
41,83,2506.0,2063.1583333333347,51.99461038961039,22,0,2491.0,2521.0,2521.0,2491.0,2053.45,2072.86666666667
41,84,2536.0,2063.1583333333347,52.40941938178781,19,0,2521.0,2551.0,2551.0,2521.0,2053.45,2072.86666666667
41,85,2566.0,2063.1583333333347,52.501875000000005,12,0,2551.0,2581.0,2581.0,2551.0,2053.45,2072.86666666667
41,86,2596.0,2063.1583333333347,48.134481292517,14,0,2581.0,2611.0,2611.0,2581.0,2053.45,2072.86666666667
41,87,2626.0,2063.1583333333347,46.347545948203845,19,0,2611.0,2641.0,2641.0,2611.0,2053.45,2072.86666666667
41,88,2656.0,2063.1583333333347,47.27210097001765,18,0,2641.0,2671.0,2671.0,2641.0,2053.45,2072.86666666667
41,89,2686.0,2063.1583333333347,46.902833333333334,15,0,2671.0,2701.0,2701.0,2671.0,2053.45,2072.86666666667
41,90,2716.0,2063.1583333333347,46.03127819548872,19,0,2701.0,2731.0,2731.0,2701.0,2053.45,2072.86666666667
41,91,2746.0,2063.1583333333347,42.76720833333333,20,0,2731.0,2761.0,2761.0,2731.0,2053.45,2072.86666666667
41,92,2776.0,2063.1583333333347,44.76511904761905,14,0,2761.0,2791.0,2791.0,2761.0,2053.45,2072.86666666667
41,93,2806.0,2063.1583333333347,39.75219336219336,22,0,2791.0,2821.0,2821.0,2791.0,2053.45,2072.86666666667
41,94,2836.0,2063.1583333333347,46.69576923076924,13,0,2821.0,2851.0,2851.0,2821.0,2053.45,2072.86666666667
41,95,2866.0,2063.1583333333347,54.09124559082892,18,0,2851.0,2881.0,2881.0,2851.0,2053.45,2072.86666666667
41,96,2896.0,2063.1583333333347,43.77307692307693,13,0,2881.0,2911.0,2911.0,2881.0,2053.45,2072.86666666667
41,97,2926.0,2063.1583333333347,45.23482993197279,14,0,2911.0,2941.0,2941.0,2911.0,2053.45,2072.86666666667
41,98,2956.0,2063.1583333333347,51.15770634920636,15,0,2941.0,2971.0,2971.0,2941.0,2053.45,2072.86666666667
41,99,2986.0,2063.1583333333347,48.28425505050506,22,0,2971.0,3001.0,3001.0,2971.0,2053.45,2072.86666666667
41,100,3016.0,2063.1583333333347,54.00285052910054,18,0,3001.0,3031.0,3031.0,3001.0,2053.45,2072.86666666667
41,101,3046.0,2063.1583333333347,50.99154761904763,18,0,3031.0,3061.0,3061.0,3031.0,2053.45,2072.86666666667
41,102,3076.0,2063.1583333333347,44.602479114452805,19,0,3061.0,3091.0,3091.0,3061.0,2053.45,2072.86666666667
41,103,3106.0,2063.1583333333347,48.478187134502924,19,0,3091.0,3121.0,3121.0,3091.0,2053.45,2072.86666666667
41,104,3136.0,2063.1583333333347,49.182817460317466,12,0,3121.0,3151.0,3151.0,3121.0,2053.45,2072.86666666667
41,105,3166.0,2063.1583333333347,44.211597222222224,12,0,3151.0,3181.0,3181.0,3151.0,2053.45,2072.86666666667
41,106,3196.0,2063.1583333333347,51.989208994708996,15,0,3181.0,3211.0,3211.0,3181.0,2053.45,2072.86666666667
41,107,3226.0,2063.1583333333347,50.89729875283446,14,0,3211.0,3241.0,3241.0,3211.0,2053.45,2072.86666666667
41,108,3256.0,2063.1583333333347,49.574580200501245,19,0,3241.0,3271.0,3271.0,3241.0,2053.45,2072.86666666667
41,109,3286.0,2063.1583333333347,52.44349867724867,12,0,3271.0,3301.0,3301.0,3271.0,2053.45,2072.86666666667
41,110,3316.0,2063.1583333333347,46.0005238095238,15,0,3301.0,3331.0,3331.0,3301.0,2053.45,2072.86666666667
41,111,3346.0,2063.1583333333347,44.47688271604938,18,0,3331.0,3361.0,3361.0,3331.0,2053.45,2072.86666666667
41,112,3376.0,2063.1583333333347,44.129575569358174,23,0,3361.0,3391.0,3391.0,3361.0,2053.45,2072.86666666667
41,113,3406.0,2063.1583333333347,44.079230769230776,13,0,3391.0,3421.0,3421.0,3391.0,2053.45,2072.86666666667
41,114,3436.0,2063.1583333333347,53.06923076923078,13,0,3421.0,3451.0,3451.0,3421.0,2053.45,2072.86666666667
41,115,3466.0,2063.1583333333347,48.63513227513228,18,0,3451.0,3481.0,3481.0,3451.0,2053.45,2072.86666666667
41,116,3496.0,2063.1583333333347,44.739682539682526,14,0,3481.0,3511.0,3511.0,3481.0,2053.45,2072.86666666667
41,117,3526.0,2063.1583333333347,50.19351190476189,12,0,3511.0,3541.0,3541.0,3511.0,2053.45,2072.86666666667
41,118,3556.0,2063.1583333333347,46.798416666666675,20,0,3541.0,3571.0,3571.0,3541.0,2053.45,2072.86666666667
41,119,3586.0,2063.1583333333347,53.146369047619054,14,0,3571.0,3601.0,3601.0,3571.0,2053.45,2072.86666666667
41,120,3616.0,2063.1583333333347,48.0603492063492,15,0,3601.0,3631.0,3631.0,3601.0,2053.45,2072.86666666667
41,121,3646.0,2063.1583333333347,47.818899470899474,15,0,3631.0,3661.0,3661.0,3631.0,2053.45,2072.86666666667
41,122,3676.0,2063.1583333333347,46.948373015873024,18,0,3661.0,3691.0,3691.0,3661.0,2053.45,2072.86666666667
41,123,3706.0,2063.1583333333347,47.528412698412694,7,0,3691.0,3721.0,3721.0,3691.0,2053.45,2072.86666666667
41,124,3736.0,2063.1583333333347,42.03595238095238,14,0,3721.0,3751.0,3751.0,3721.0,2053.45,2072.86666666667
41,125,3766.0,2063.1583333333347,36.05199813258637,17,0,3751.0,3781.0,3781.0,3751.0,2053.45,2072.86666666667
41,126,3796.0,2063.1583333333347,46.55182539682539,14,0,3781.0,3811.0,3811.0,3781.0,2053.45,2072.86666666667
41,127,3826.0,2063.1583333333347,45.89405844155844,11,0,3811.0,3841.0,3841.0,3811.0,2053.45,2072.86666666667
41,128,3856.0,2063.1583333333347,46.34258333333333,10,0,3841.0,3871.0,3871.0,3841.0,2053.45,2072.86666666667
41,129,3886.0,2063.1583333333347,45.831190476190486,10,0,3871.0,3901.0,3901.0,3871.0,2053.45,2072.86666666667
