space_index,time_index,time_center_s,location_center_m,speed_kmh,sample_count,filled,t_bottom_left_s,t_bottom_right_s,t_top_right_s,t_top_left_s,x_bottom_m,x_top_m
0,0,10.375,28.30000000000009,74.01518518518517,12,0,1.0,31.0,19.75,-10.25,3.30000000000009,53.30000000000009
0,1,40.375,28.30000000000009,74.82888888888888,9,0,31.0,61.0,49.75,19.75,3.30000000000009,53.30000000000009
0,2,70.375,28.30000000000009,59.12969576719576,27,0,61.0,91.0,79.75,49.75,3.30000000000009,53.30000000000009
0,3,100.375,28.30000000000009,65.01096332785987,29,0,91.0,121.0,109.75,79.75,3.30000000000009,53.30000000000009
0,4,130.375,28.30000000000009,71.4713888888889,20,0,121.0,151.0,139.75,109.75,3.30000000000009,53.30000000000009
0,5,160.375,28.30000000000009,75.89578125,16,0,151.0,181.0,169.75,139.75,3.30000000000009,53.30000000000009
0,6,190.375,28.30000000000009,72.81210000000002,25,0,181.0,211.0,199.75,169.75,3.30000000000009,53.30000000000009
0,7,220.375,28.30000000000009,68.33438596491227,19,0,211.0,241.0,229.75,199.75,3.30000000000009,53.30000000000009
0,8,250.375,28.30000000000009,70.04962962962964,18,0,241.0,271.0,259.75,229.75,3.30000000000009,53.30000000000009
0,9,280.375,28.30000000000009,69.01044444444445,15,0,271.0,301.0,289.75,259.75,3.30000000000009,53.30000000000009
0,10,310.375,28.30000000000009,78.24257142857145,5,0,301.0,331.0,319.75,289.75,3.30000000000009,53.30000000000009
0,11,340.375,28.30000000000009,73.95,8,0,331.0,361.0,349.75,319.75,3.30000000000009,53.30000000000009
0,12,370.375,28.30000000000009,62.483025210084044,17,0,361.0,391.0,379.75,349.75,3.30000000000009,53.30000000000009
0,13,400.375,28.30000000000009,58.614980694980694,37,0,391.0,421.0,409.75,379.75,3.30000000000009,53.30000000000009
0,14,430.375,28.30000000000009,66.65611247947454,29,0,421.0,451.0,439.75,409.75,3.30000000000009,53.30000000000009
0,15,460.375,28.30000000000009,63.34140211640213,21,0,451.0,481.0,469.75,439.75,3.30000000000009,53.30000000000009
0,16,490.375,28.30000000000009,63.499802867383515,31,0,481.0,511.0,499.75,469.75,3.30000000000009,53.30000000000009
0,17,520.375,28.30000000000009,61.47215755437979,27,0,511.0,541.0,529.75,499.75,3.30000000000009,53.30000000000009
0,18,550.375,28.30000000000009,58.98087184873949,34,0,541.0,571.0,559.75,529.75,3.30000000000009,53.30000000000009
0,19,580.375,28.30000000000009,58.91044217687075,28,0,571.0,601.0,589.75,559.75,3.30000000000009,53.30000000000009
0,20,610.375,28.30000000000009,60.97383986928103,34,0,601.0,631.0,619.75,589.75,3.30000000000009,53.30000000000009
0,21,640.375,28.30000000000009,66.19486842105263,19,0,631.0,661.0,649.75,619.75,3.30000000000009,53.30000000000009
0,22,670.375,28.30000000000009,63.630505050505036,22,0,661.0,691.0,679.75,649.75,3.30000000000009,53.30000000000009
0,23,700.375,28.30000000000009,59.129863945578236,42,0,691.0,721.0,709.75,679.75,3.30000000000009,53.30000000000009
0,24,730.375,28.30000000000009,60.21296957671958,30,0,721.0,751.0,739.75,709.75,3.30000000000009,53.30000000000009
0,25,760.375,28.30000000000009,66.53987012987014,22,0,751.0,781.0,769.75,739.75,3.30000000000009,53.30000000000009
0,26,790.375,28.30000000000009,68.49856532356533,26,0,781.0,811.0,799.75,769.75,3.30000000000009,53.30000000000009
0,27,820.375,28.30000000000009,64.02301707551709,33,0,811.0,841.0,829.75,799.75,3.30000000000009,53.30000000000009
0,28,850.375,28.30000000000009,63.46320226070225,33,0,841.0,871.0,859.75,829.75,3.30000000000009,53.30000000000009
0,29,880.375,28.30000000000009,64.37998299319729,35,0,871.0,901.0,889.75,859.75,3.30000000000009,53.30000000000009
0,30,910.375,28.30000000000009,68.1628297755884,29,0,901.0,931.0,919.75,889.75,3.30000000000009,53.30000000000009
0,31,940.375,28.30000000000009,70.70944444444446,12,0,931.0,961.0,949.75,919.75,3.30000000000009,53.30000000000009
0,32,970.375,28.30000000000009,60.03724489795919,28,0,961.0,991.0,979.75,949.75,3.30000000000009,53.30000000000009
0,33,1000.375,28.30000000000009,53.95188492063492,42,0,991.0,1021.0,1009.75,979.75,3.30000000000009,53.30000000000009
0,34,1030.375,28.30000000000009,59.23788029100529,36,0,1021.0,1051.0,1039.75,1009.75,3.30000000000009,53.30000000000009
0,35,1060.375,28.30000000000009,52.37937037037039,45,0,1051.0,1081.0,1069.75,1039.75,3.30000000000009,53.30000000000009
0,36,1090.375,28.30000000000009,50.133501683501684,33,0,1081.0,1111.0,1099.75,1069.75,3.30000000000009,53.30000000000009
0,37,1120.375,28.30000000000009,54.661421568627446,17,0,1111.0,1141.0,1129.75,1099.75,3.30000000000009,53.30000000000009
0,38,1150.375,28.30000000000009,49.579438534278964,47,0,1141.0,1171.0,1159.75,1129.75,3.30000000000009,53.30000000000009
0,39,1180.375,28.30000000000009,44.562947845804985,49,0,1171.0,1201.0,1189.75,1159.75,3.30000000000009,53.30000000000009
0,40,1210.375,28.30000000000009,54.256223155929035,17,0,1201.0,1231.0,1219.75,1189.75,3.30000000000009,53.30000000000009
0,41,1240.375,28.30000000000009,56.418156370656355,37,0,1231.0,1261.0,1249.75,1219.75,3.30000000000009,53.30000000000009
0,42,1270.375,28.30000000000009,59.214554334554336,26,0,1261.0,1291.0,1279.75,1249.75,3.30000000000009,53.30000000000009
0,43,1300.375,28.30000000000009,53.89956511175899,49,0,1291.0,1321.0,1309.75,1279.75,3.30000000000009,53.30000000000009
0,44,1330.375,28.30000000000009,54.392237484737485,39,0,1321.0,1351.0,1339.75,1309.75,3.30000000000009,53.30000000000009
0,45,1360.375,28.30000000000009,57.28239189928846,29,0,1351.0,1381.0,1369.75,1339.75,3.30000000000009,53.30000000000009
0,46,1390.375,28.30000000000009,51.44088069636456,31,0,1381.0,1411.0,1399.75,1369.75,3.30000000000009,53.30000000000009
0,47,1420.375,28.30000000000009,44.15427777777778,45,0,1411.0,1441.0,1429.75,1399.75,3.30000000000009,53.30000000000009
0,48,1450.375,28.30000000000009,35.878159650333565,69,0,1441.0,1471.0,1459.75,1429.75,3.30000000000009,53.30000000000009
0,49,1480.375,28.30000000000009,40.268525793650774,60,0,1471.0,1501.0,1489.75,1459.75,3.30000000000009,53.30000000000009
0,50,1510.375,28.30000000000009,44.515542328042315,39,0,1501.0,1531.0,1519.75,1489.75,3.30000000000009,53.30000000000009
0,51,1540.375,28.30000000000009,52.95247574955909,36,0,1531.0,1561.0,1549.75,1519.75,3.30000000000009,53.30000000000009
0,52,1570.375,28.30000000000009,50.87920731707319,41,0,1561.0,1591.0,1579.75,1549.75,3.30000000000009,53.30000000000009
0,53,1600.375,28.30000000000009,46.59115520282185,54,0,1591.0,1621.0,1609.75,1579.75,3.30000000000009,53.30000000000009
0,54,1630.375,28.30000000000009,50.269285714285715,47,0,1621.0,1651.0,1639.75,1609.75,3.30000000000009,53.30000000000009
0,55,1660.375,28.30000000000009,51.869912424739994,29,0,1651.0,1681.0,1669.75,1639.75,3.30000000000009,53.30000000000009
0,56,1690.375,28.30000000000009,45.326041666666676,48,0,1681.0,1711.0,1699.75,1669.75,3.30000000000009,53.30000000000009
0,57,1720.375,28.30000000000009,42.12742902930405,52,0,1711.0,1741.0,1729.75,1699.75,3.30000000000009,53.30000000000009
0,58,1750.375,28.30000000000009,35.69312260536399,58,0,1741.0,1771.0,1759.75,1729.75,3.30000000000009,53.30000000000009
0,59,1780.375,28.30000000000009,27.497431722689075,68,0,1771.0,1801.0,1789.75,1759.75,3.30000000000009,53.30000000000009
0,60,1810.375,28.30000000000009,27.78055235535075,62,0,1801.0,1831.0,1819.75,1789.75,3.30000000000009,53.30000000000009
0,61,1840.375,28.30000000000009,23.80497938569367,77,0,1831.0,1861.0,1849.75,1819.75,3.30000000000009,53.30000000000009
0,62,1870.375,28.30000000000009,24.718888888888895,54,0,1861.0,1891.0,1879.75,1849.75,3.30000000000009,53.30000000000009
0,63,1900.375,28.30000000000009,31.492198275862066,58,0,1891.0,1921.0,1909.75,1879.75,3.30000000000009,53.30000000000009
0,64,1930.375,28.30000000000009,35.08963963963964,37,0,1921.0,1951.0,1939.75,1909.75,3.30000000000009,53.30000000000009
0,65,1960.375,28.30000000000009,41.35162962962963,45,0,1951.0,1981.0,1969.75,1939.75,3.30000000000009,53.30000000000009
0,66,1990.375,28.30000000000009,42.917611283643886,46,0,1981.0,2011.0,1999.75,1969.75,3.30000000000009,53.30000000000009
0,67,2020.375,28.30000000000009,34.30566326530613,56,0,2011.0,2041.0,2029.75,1999.75,3.30000000000009,53.30000000000009
0,68,2050.375,28.30000000000009,26.053045351473923,70,0,2041.0,2071.0,2059.75,2029.75,3.30000000000009,53.30000000000009
0,69,2080.375,28.30000000000009,30.641569141781005,59,0,2071.0,2101.0,2089.75,2059.75,3.30000000000009,53.30000000000009
0,70,2110.375,28.30000000000009,34.70029055690071,59,0,2101.0,2131.0,2119.75,2089.75,3.30000000000009,53.30000000000009
0,71,2140.375,28.30000000000009,40.339549724651754,49,0,2131.0,2161.0,2149.75,2119.75,3.30000000000009,53.30000000000009
0,72,2170.375,28.30000000000009,38.860820105820096,54,0,2161.0,2191.0,2179.75,2149.75,3.30000000000009,53.30000000000009
0,73,2200.375,28.30000000000009,39.11109165888578,51,0,2191.0,2221.0,2209.75,2179.75,3.30000000000009,53.30000000000009
0,74,2230.375,28.30000000000009,30.38839884101789,63,0,2221.0,2251.0,2239.75,2209.75,3.30000000000009,53.30000000000009
0,75,2260.375,28.30000000000009,23.29850340136054,70,0,2251.0,2281.0,2269.75,2239.75,3.30000000000009,53.30000000000009
0,76,2290.375,28.30000000000009,26.725275200989483,77,0,2281.0,2311.0,2299.75,2269.75,3.30000000000009,53.30000000000009
0,77,2320.375,28.30000000000009,20.884649834292684,91,0,2311.0,2341.0,2329.75,2299.75,3.30000000000009,53.30000000000009
0,78,2350.375,28.30000000000009,20.578341182626904,91,0,2341.0,2371.0,2359.75,2329.75,3.30000000000009,53.30000000000009
0,79,2380.375,28.30000000000009,34.64987080103359,43,0,2371.0,2401.0,2389.75,2359.75,3.30000000000009,53.30000000000009
0,80,2410.375,28.30000000000009,37.46348906858343,53,0,2401.0,2431.0,2419.75,2389.75,3.30000000000009,53.30000000000009
0,81,2440.375,28.30000000000009,39.1853888888889,50,0,2431.0,2461.0,2449.75,2419.75,3.30000000000009,53.30000000000009
0,82,2470.375,28.30000000000009,26.705871080139364,82,0,2461.0,2491.0,2479.75,2449.75,3.30000000000009,53.30000000000009
0,83,2500.375,28.30000000000009,24.303637254901965,85,0,2491.0,2521.0,2509.75,2479.75,3.30000000000009,53.30000000000009
0,84,2530.375,28.30000000000009,28.704648526077094,49,0,2521.0,2551.0,2539.75,2509.75,3.30000000000009,53.30000000000009
0,85,2560.375,28.30000000000009,31.61386871132634,59,0,2551.0,2581.0,2569.75,2539.75,3.30000000000009,53.30000000000009
0,86,2590.375,28.30000000000009,34.89637518037518,55,0,2581.0,2611.0,2599.75,2569.75,3.30000000000009,53.30000000000009
0,87,2620.375,28.30000000000009,29.859456349206344,60,0,2611.0,2641.0,2629.75,2599.75,3.30000000000009,53.30000000000009
0,88,2650.375,28.30000000000009,22.196788607804233,96,0,2641.0,2671.0,2659.75,2629.75,3.30000000000009,53.30000000000009
0,89,2680.375,28.30000000000009,21.632256586483397,97,0,2671.0,2701.0,2689.75,2659.75,3.30000000000009,53.30000000000009
0,90,2710.375,28.30000000000009,27.00513031550068,81,0,2701.0,2731.0,2719.75,2689.75,3.30000000000009,53.30000000000009
0,91,2740.375,28.30000000000009,28.12657706093191,62,0,2731.0,2761.0,2749.75,2719.75,3.30000000000009,53.30000000000009
0,92,2770.375,28.30000000000009,20.047368233618233,78,0,2761.0,2791.0,2779.75,2749.75,3.30000000000009,53.30000000000009
0,93,2800.375,28.30000000000009,19.897723214285712,80,0,2791.0,2821.0,2809.75,2779.75,3.30000000000009,53.30000000000009
0,94,2830.375,28.30000000000009,28.65417586140147,82,0,2821.0,2851.0,2839.75,2809.75,3.30000000000009,53.30000000000009
0,95,2860.375,28.30000000000009,34.36082912457913,66,0,2851.0,2881.0,2869.75,2839.75,3.30000000000009,53.30000000000009
0,96,2890.375,28.30000000000009,37.099088744588755,55,0,2881.0,2911.0,2899.75,2869.75,3.30000000000009,53.30000000000009
0,97,2920.375,28.30000000000009,26.558239436619715,71,0,2911.0,2941.0,2929.75,2899.75,3.30000000000009,53.30000000000009
0,98,2950.375,28.30000000000009,26.480085125448035,62,0,2941.0,2971.0,2959.75,2929.75,3.30000000000009,53.30000000000009
0,99,2980.375,28.30000000000009,30.565099826388888,64,0,2971.0,3001.0,2989.75,2959.75,3.30000000000009,53.30000000000009
0,100,3010.375,28.30000000000009,33.261682692307694,52,0,3001.0,3031.0,3019.75,2989.75,3.30000000000009,53.30000000000009
0,101,3040.375,28.30000000000009,37.30418981481481,48,0,3031.0,3061.0,3049.75,3019.75,3.30000000000009,53.30000000000009
0,102,3070.375,28.30000000000009,35.824180672268916,51,0,3061.0,3091.0,3079.75,3049.75,3.30000000000009,53.30000000000009
0,103,3100.375,28.30000000000009,36.897525252525256,55,0,3091.0,3121.0,3109.75,3079.75,3.30000000000009,53.30000000000009
0,104,3130.375,28.30000000000009,39.41361666666666,50,0,3121.0,3151.0,3139.75,3109.75,3.30000000000009,53.30000000000009
0,105,3160.375,28.30000000000009,36.836312624007945,64,0,3151.0,3181.0,3169.75,3139.75,3.30000000000009,53.30000000000009
0,106,3190.375,28.30000000000009,19.994933333333336,100,0,3181.0,3211.0,3199.75,3169.75,3.30000000000009,53.30000000000009
0,107,3220.375,28.30000000000009,27.674091213950362,71,0,3211.0,3241.0,3229.75,3199.75,3.30000000000009,53.30000000000009
0,108,3250.375,28.30000000000009,32.2634178187404,62,0,3241.0,3271.0,3259.75,3229.75,3.30000000000009,53.30000000000009
0,109,3280.375,28.30000000000009,37.79838533114395,58,0,3271.0,3301.0,3289.75,3259.75,3.30000000000009,53.30000000000009
0,110,3310.375,28.30000000000009,37.650538437597255,51,0,3301.0,3331.0,3319.75,3289.75,3.30000000000009,53.30000000000009
0,111,3340.375,28.30000000000009,31.978366114561773,46,0,3331.0,3361.0,3349.75,3319.75,3.30000000000009,53.30000000000009
0,112,3370.375,28.30000000000009,17.062696232339093,91,0,3361.0,3391.0,3379.75,3349.75,3.30000000000009,53.30000000000009
0,113,3400.375,28.30000000000009,20.550873015873023,84,0,3391.0,3421.0,3409.75,3379.75,3.30000000000009,53.30000000000009
0,114,3430.375,28.30000000000009,20.670935504469984,87,0,3421.0,3451.0,3439.75,3409.75,3.30000000000009,53.30000000000009
0,115,3460.375,28.30000000000009,21.862499999999994,84,0,3451.0,3481.0,3469.75,3439.75,3.30000000000009,53.30000000000009
0,116,3490.375,28.30000000000009,26.301034920634923,75,0,3481.0,3511.0,3499.75,3469.75,3.30000000000009,53.30000000000009
0,117,3520.375,28.30000000000009,26.532277992277987,74,0,3511.0,3541.0,3529.75,3499.75,3.30000000000009,53.30000000000009
0,118,3550.375,28.30000000000009,29.456959064327485,57,0,3541.0,3571.0,3559.75,3529.75,3.30000000000009,53.30000000000009
0,119,3580.375,28.30000000000009,24.79223809523809,70,0,3571.0,3601.0,3589.75,3559.75,3.30000000000009,53.30000000000009
0,120,3610.375,28.30000000000009,18.527931034482762,29,0,3601.0,3631.0,3619.75,3589.75,3.30000000000009,53.30000000000009
0,121,3640.375,28.30000000000009,,0,0,3631.0,3661.0,3649.75,3619.75,3.30000000000009,53.30000000000009
0,122,3670.375,28.30000000000009,,0,0,3661.0,3691.0,3679.75,3649.75,3.30000000000009,53.30000000000009
0,123,3700.375,28.30000000000009,,0,0,3691.0,3721.0,3709.75,3679.75,3.30000000000009,53.30000000000009
0,124,3730.375,28.30000000000009,,0,0,3721.0,3751.0,3739.75,3709.75,3.30000000000009,53.30000000000009
0,125,3760.375,28.30000000000009,,0,0,3751.0,3781.0,3769.75,3739.75,3.30000000000009,53.30000000000009
0,126,3790.375,28.30000000000009,,0,0,3781.0,3811.0,3799.75,3769.75,3.30000000000009,53.30000000000009
0,127,3820.375,28.30000000000009,,0,0,3811.0,3841.0,3829.75,3799.75,3.30000000000009,53.30000000000009
1,0,-0.875,78.3000000000001,72.14272727272727,11,0,-10.25,19.75,8.5,-21.5,53.30000000000009,103.3000000000001
1,1,29.125,78.3000000000001,74.45222222222225,9,0,19.75,49.75,38.5,8.5,53.30000000000009,103.3000000000001
1,2,59.125,78.3000000000001,62.92238095238095,21,0,49.75,79.75,68.5,38.5,53.30000000000009,103.3000000000001
1,3,89.125,78.3000000000001,63.01942307692307,39,0,79.75,109.75,98.5,68.5,53.30000000000009,103.3000000000001
1,4,119.125,78.3000000000001,68.41052631578945,19,0,109.75,139.75,128.5,98.5,53.30000000000009,103.3000000000001
1,5,149.125,78.3000000000001,73.0984,25,0,139.75,169.75,158.5,128.5,53.30000000000009,103.3000000000001
1,6,179.125,78.3000000000001,76.1252380952381,21,0,169.75,199.75,188.5,158.5,53.30000000000009,103.3000000000001
1,7,209.125,78.3000000000001,71.32045454545455,22,0,199.75,229.75,218.5,188.5,53.30000000000009,103.3000000000001
1,8,239.125,78.3000000000001,67.23299999999998,20,0,229.75,259.75,248.5,218.5,53.30000000000009,103.3000000000001
1,9,269.125,78.3000000000001,68.10428571428572,14,0,259.75,289.75,278.5,248.5,53.30000000000009,103.3000000000001
1,10,299.125,78.3000000000001,67.06727272727272,11,0,289.75,319.75,308.5,278.5,53.30000000000009,103.3000000000001
1,11,329.125,78.3000000000001,76.66818181818181,11,0,319.75,349.75,338.5,308.5,53.30000000000009,103.3000000000001
1,12,359.125,78.3000000000001,71.60615384615384,13,0,349.75,379.75,368.5,338.5,53.30000000000009,103.3000000000001
1,13,389.125,78.3000000000001,57.676,35,0,379.75,409.75,398.5,368.5,53.30000000000009,103.3000000000001
1,14,419.125,78.3000000000001,62.493863636363635,44,0,409.75,439.75,428.5,398.5,53.30000000000009,103.3000000000001
1,15,449.125,78.3000000000001,65.36080000000001,25,0,439.75,469.75,458.5,428.5,53.30000000000009,103.3000000000001
1,16,479.125,78.3000000000001,64.4225,24,0,469.75,499.75,488.5,458.5,53.30000000000009,103.3000000000001
1,17,509.125,78.3000000000001,61.078999999999986,40,0,499.75,529.75,518.5,488.5,53.30000000000009,103.3000000000001
1,18,539.125,78.3000000000001,62.92642857142858,28,0,529.75,559.75,548.5,518.5,53.30000000000009,103.3000000000001
1,19,569.125,78.3000000000001,58.01342857142856,35,0,559.75,589.75,578.5,548.5,53.30000000000009,103.3000000000001
1,20,599.125,78.3000000000001,61.042333333333325,30,0,589.75,619.75,608.5,578.5,53.30000000000009,103.3000000000001
1,21,629.125,78.3000000000001,63.8825,32,0,619.75,649.75,638.5,608.5,53.30000000000009,103.3000000000001
1,22,659.125,78.3000000000001,71.2057142857143,14,0,649.75,679.75,668.5,638.5,53.30000000000009,103.3000000000001
1,23,689.125,78.3000000000001,57.11024390243901,41,0,679.75,709.75,698.5,668.5,53.30000000000009,103.3000000000001
1,24,719.125,78.3000000000001,58.49047619047619,42,0,709.75,739.75,728.5,698.5,53.30000000000009,103.3000000000001
1,25,749.125,78.3000000000001,65.5509523809524,21,0,739.75,769.75,758.5,728.5,53.30000000000009,103.3000000000001
1,26,779.125,78.3000000000001,67.43214285714286,28,0,769.75,799.75,788.5,758.5,53.30000000000009,103.3000000000001
1,27,809.125,78.3000000000001,69.00529411764705,34,0,799.75,829.75,818.5,788.5,53.30000000000009,103.3000000000001
1,28,839.125,78.3000000000001,62.136744186046506,43,0,829.75,859.75,848.5,818.5,53.30000000000009,103.3000000000001
1,29,869.125,78.3000000000001,65.29085714285716,35,0,859.75,889.75,878.5,848.5,53.30000000000009,103.3000000000001
1,30,899.125,78.3000000000001,65.0684090909091,44,0,889.75,919.75,908.5,878.5,53.30000000000009,103.3000000000001
1,31,929.125,78.3000000000001,68.89260869565217,23,0,919.75,949.75,938.5,908.5,53.30000000000009,103.3000000000001
1,32,959.125,78.3000000000001,64.49000000000001,21,0,949.75,979.75,968.5,938.5,53.30000000000009,103.3000000000001
1,33,989.125,78.3000000000001,56.299347826086944,46,0,979.75,1009.75,998.5,968.5,53.30000000000009,103.3000000000001
1,34,1019.125,78.3000000000001,56.53295454545455,44,0,1009.75,1039.75,1028.5,998.5,53.30000000000009,103.3000000000001
1,35,1049.125,78.3000000000001,52.342941176470596,51,0,1039.75,1069.75,1058.5,1028.5,53.30000000000009,103.3000000000001
1,36,1079.125,78.3000000000001,47.03115384615384,52,0,1069.75,1099.75,1088.5,1058.5,53.30000000000009,103.3000000000001
1,37,1109.125,78.3000000000001,52.36818181818182,22,0,1099.75,1129.75,1118.5,1088.5,53.30000000000009,103.3000000000001
1,38,1139.125,78.3000000000001,53.772999999999996,30,0,1129.75,1159.75,1148.5,1118.5,53.30000000000009,103.3000000000001
1,39,1169.125,78.3000000000001,46.813793103448276,58,0,1159.75,1189.75,1178.5,1148.5,53.30000000000009,103.3000000000001
1,40,1199.125,78.3000000000001,45.98925925925927,27,0,1189.75,1219.75,1208.5,1178.5,53.30000000000009,103.3000000000001
1,41,1229.125,78.3000000000001,56.79428571428573,35,0,1219.75,1249.75,1238.5,1208.5,53.30000000000009,103.3000000000001
1,42,1259.125,78.3000000000001,62.1507142857143,28,0,1249.75,1279.75,1268.5,1238.5,53.30000000000009,103.3000000000001
1,43,1289.125,78.3000000000001,54.805178571428584,56,0,1279.75,1309.75,1298.5,1268.5,53.30000000000009,103.3000000000001
1,44,1319.125,78.3000000000001,54.70295454545456,44,0,1309.75,1339.75,1328.5,1298.5,53.30000000000009,103.3000000000001
1,45,1349.125,78.3000000000001,57.89487179487178,39,0,1339.75,1369.75,1358.5,1328.5,53.30000000000009,103.3000000000001
1,46,1379.125,78.3000000000001,55.170571428571435,35,0,1369.75,1399.75,1388.5,1358.5,53.30000000000009,103.3000000000001
1,47,1409.125,78.3000000000001,47.05733333333333,30,0,1399.75,1429.75,1418.5,1388.5,53.30000000000009,103.3000000000001
1,48,1439.125,78.3000000000001,36.22611111111112,72,0,1429.75,1459.75,1448.5,1418.5,53.30000000000009,103.3000000000001
1,49,1469.125,78.3000000000001,36.168266666666675,75,0,1459.75,1489.75,1478.5,1448.5,53.30000000000009,103.3000000000001
1,50,1499.125,78.3000000000001,39.28264150943395,53,0,1489.75,1519.75,1508.5,1478.5,53.30000000000009,103.3000000000001
1,51,1529.125,78.3000000000001,49.39999999999999,46,0,1519.75,1549.75,1538.5,1508.5,53.30000000000009,103.3000000000001
1,52,1559.125,78.3000000000001,50.8136956521739,46,0,1549.75,1579.75,1568.5,1538.5,53.30000000000009,103.3000000000001
1,53,1589.125,78.3000000000001,50.84999999999997,49,0,1579.75,1609.75,1598.5,1568.5,53.30000000000009,103.3000000000001
1,54,1619.125,78.3000000000001,45.41383333333332,60,0,1609.75,1639.75,1628.5,1598.5,53.30000000000009,103.3000000000001
1,55,1649.125,78.3000000000001,51.11767441860466,43,0,1639.75,1669.75,1658.5,1628.5,53.30000000000009,103.3000000000001
1,56,1679.125,78.3000000000001,47.84695652173913,46,0,1669.75,1699.75,1688.5,1658.5,53.30000000000009,103.3000000000001
1,57,1709.125,78.3000000000001,40.22262295081967,61,0,1699.75,1729.75,1718.5,1688.5,53.30000000000009,103.3000000000001
1,58,1739.125,78.3000000000001,36.47157142857142,70,0,1729.75,1759.75,1748.5,1718.5,53.30000000000009,103.3000000000001
1,59,1769.125,78.3000000000001,31.55921875,64,0,1759.75,1789.75,1778.5,1748.5,53.30000000000009,103.3000000000001
1,60,1799.125,78.3000000000001,26.300714285714285,70,0,1789.75,1819.75,1808.5,1778.5,53.30000000000009,103.3000000000001
1,61,1829.125,78.3000000000001,25.42476190476191,63,0,1819.75,1849.75,1838.5,1808.5,53.30000000000009,103.3000000000001
1,62,1859.125,78.3000000000001,22.42240506329114,79,0,1849.75,1879.75,1868.5,1838.5,53.30000000000009,103.3000000000001
1,63,1889.125,78.3000000000001,29.294399999999992,50,0,1879.75,1909.75,1898.5,1868.5,53.30000000000009,103.3000000000001
1,64,1919.125,78.3000000000001,34.21431372549019,51,0,1909.75,1939.75,1928.5,1898.5,53.30000000000009,103.3000000000001
1,65,1949.125,78.3000000000001,40.01904761904762,49,0,1939.75,1969.75,1958.5,1928.5,53.30000000000009,103.3000000000001
1,66,1979.125,78.3000000000001,46.021428571428565,42,0,1969.75,1999.75,1988.5,1958.5,53.30000000000009,103.3000000000001
1,67,2009.125,78.3000000000001,31.821714285714286,70,0,1999.75,2029.75,2018.5,1988.5,53.30000000000009,103.3000000000001
1,68,2039.125,78.3000000000001,23.66352112676056,71,0,2029.75,2059.75,2048.5,2018.5,53.30000000000009,103.3000000000001
1,69,2069.125,78.3000000000001,30.146060606060608,66,0,2059.75,2089.75,2078.5,2048.5,53.30000000000009,103.3000000000001
1,70,2099.125,78.3000000000001,32.554166666666674,60,0,2089.75,2119.75,2108.5,2078.5,53.30000000000009,103.3000000000001
1,71,2129.125,78.3000000000001,38.186734693877554,49,0,2119.75,2149.75,2138.5,2108.5,53.30000000000009,103.3000000000001
1,72,2159.125,78.3000000000001,39.417924528301896,53,0,2149.75,2179.75,2168.5,2138.5,53.30000000000009,103.3000000000001
1,73,2189.125,78.3000000000001,39.264374999999994,48,0,2179.75,2209.75,2198.5,2168.5,53.30000000000009,103.3000000000001
1,74,2219.125,78.3000000000001,29.702459016393448,61,0,2209.75,2239.75,2228.5,2198.5,53.30000000000009,103.3000000000001
1,75,2249.125,78.3000000000001,20.128780487804885,82,0,2239.75,2269.75,2258.5,2228.5,53.30000000000009,103.3000000000001
1,76,2279.125,78.3000000000001,26.439305555555546,72,0,2269.75,2299.75,2288.5,2258.5,53.30000000000009,103.3000000000001
1,77,2309.125,78.3000000000001,21.510705882352944,85,0,2299.75,2329.75,2318.5,2288.5,53.30000000000009,103.3000000000001
1,78,2339.125,78.3000000000001,20.58708333333333,96,0,2329.75,2359.75,2348.5,2318.5,53.30000000000009,103.3000000000001
1,79,2369.125,78.3000000000001,31.845409836065578,61,0,2359.75,2389.75,2378.5,2348.5,53.30000000000009,103.3000000000001
1,80,2399.125,78.3000000000001,39.8536170212766,47,0,2389.75,2419.75,2408.5,2378.5,53.30000000000009,103.3000000000001
1,81,2429.125,78.3000000000001,41.01674418604651,43,0,2419.75,2449.75,2438.5,2408.5,53.30000000000009,103.3000000000001
1,82,2459.125,78.3000000000001,31.8304918032787,61,0,2449.75,2479.75,2468.5,2438.5,53.30000000000009,103.3000000000001
1,83,2489.125,78.3000000000001,26.016046511627902,86,0,2479.75,2509.75,2498.5,2468.5,53.30000000000009,103.3000000000001
1,84,2519.125,78.3000000000001,29.55245901639344,61,0,2509.75,2539.75,2528.5,2498.5,53.30000000000009,103.3000000000001
1,85,2549.125,78.3000000000001,32.096428571428554,56,0,2539.75,2569.75,2558.5,2528.5,53.30000000000009,103.3000000000001
1,86,2579.125,78.3000000000001,33.52017543859649,57,0,2569.75,2599.75,2588.5,2558.5,53.30000000000009,103.3000000000001
1,87,2609.125,78.3000000000001,25.59973333333333,75,0,2599.75,2629.75,2618.5,2588.5,53.30000000000009,103.3000000000001
1,88,2639.125,78.3000000000001,23.99958904109588,73,0,2629.75,2659.75,2648.5,2618.5,53.30000000000009,103.3000000000001
1,89,2669.125,78.3000000000001,26.268382352941174,68,0,2659.75,2689.75,2678.5,2648.5,53.30000000000009,103.3000000000001
1,90,2699.125,78.3000000000001,29.146447368421054,76,0,2689.75,2719.75,2708.5,2678.5,53.30000000000009,103.3000000000001
1,91,2729.125,78.3000000000001,29.380579710144936,69,0,2719.75,2749.75,2738.5,2708.5,53.30000000000009,103.3000000000001
1,92,2759.125,78.3000000000001,22.248947368421053,76,0,2749.75,2779.75,2768.5,2738.5,53.30000000000009,103.3000000000001
1,93,2789.125,78.3000000000001,19.896818181818187,66,0,2779.75,2809.75,2798.5,2768.5,53.30000000000009,103.3000000000001
1,94,2819.125,78.3000000000001,26.845189873417716,79,0,2809.75,2839.75,2828.5,2798.5,53.30000000000009,103.3000000000001
1,95,2849.125,78.3000000000001,28.435058823529406,85,0,2839.75,2869.75,2858.5,2828.5,53.30000000000009,103.3000000000001
1,96,2879.125,78.3000000000001,29.38932432432433,74,0,2869.75,2899.75,2888.5,2858.5,53.30000000000009,103.3000000000001
1,97,2909.125,78.3000000000001,26.173678160919547,87,0,2899.75,2929.75,2918.5,2888.5,53.30000000000009,103.3000000000001
1,98,2939.125,78.3000000000001,25.28344262295082,61,0,2929.75,2959.75,2948.5,2918.5,53.30000000000009,103.3000000000001
1,99,2969.125,78.3000000000001,33.023906249999996,64,0,2959.75,2989.75,2978.5,2948.5,53.30000000000009,103.3000000000001
1,100,2999.125,78.3000000000001,32.45245614035088,57,0,2989.75,3019.75,3008.5,2978.5,53.30000000000009,103.3000000000001
1,101,3029.125,78.3000000000001,36.02212765957447,47,0,3019.75,3049.75,3038.5,3008.5,53.30000000000009,103.3000000000001
1,102,3059.125,78.3000000000001,39.15907407407408,54,0,3049.75,3079.75,3068.5,3038.5,53.30000000000009,103.3000000000001
1,103,3089.125,78.3000000000001,31.671846153846154,65,0,3079.75,3109.75,3098.5,3068.5,53.30000000000009,103.3000000000001
1,104,3119.125,78.3000000000001,36.00403508771929,57,0,3109.75,3139.75,3128.5,3098.5,53.30000000000009,103.3000000000001
1,105,3149.125,78.3000000000001,34.34500000000001,76,0,3139.75,3169.75,3158.5,3128.5,53.30000000000009,103.3000000000001
1,106,3179.125,78.3000000000001,25.217160493827155,81,0,3169.75,3199.75,3188.5,3158.5,53.30000000000009,103.3000000000001
1,107,3209.125,78.3000000000001,28.076875,64,0,3199.75,3229.75,3218.5,3188.5,53.30000000000009,103.3000000000001
1,108,3239.125,78.3000000000001,31.856307692307684,65,0,3229.75,3259.75,3248.5,3218.5,53.30000000000009,103.3000000000001
1,109,3269.125,78.3000000000001,36.1710606060606,66,0,3259.75,3289.75,3278.5,3248.5,53.30000000000009,103.3000000000001
1,110,3299.125,78.3000000000001,36.11196721311475,61,0,3289.75,3319.75,3308.5,3278.5,53.30000000000009,103.3000000000001
1,111,3329.125,78.3000000000001,28.965185185185184,54,0,3319.75,3349.75,3338.5,3308.5,53.30000000000009,103.3000000000001
1,112,3359.125,78.3000000000001,19.46698630136986,73,0,3349.75,3379.75,3368.5,3338.5,53.30000000000009,103.3000000000001
1,113,3389.125,78.3000000000001,22.896081081081075,74,0,3379.75,3409.75,3398.5,3368.5,53.30000000000009,103.3000000000001
1,114,3419.125,78.3000000000001,22.490581395348844,86,0,3409.75,3439.75,3428.5,3398.5,53.30000000000009,103.3000000000001
1,115,3449.125,78.3000000000001,22.937914951989033,81,0,3439.75,3469.75,3458.5,3428.5,53.30000000000009,103.3000000000001
1,116,3479.125,78.3000000000001,26.777764705882348,85,0,3469.75,3499.75,3488.5,3458.5,53.30000000000009,103.3000000000001
1,117,3509.125,78.3000000000001,26.31351351351351,74,0,3499.75,3529.75,3518.5,3488.5,53.30000000000009,103.3000000000001
1,118,3539.125,78.3000000000001,27.48191780821918,73,0,3529.75,3559.75,3548.5,3518.5,53.30000000000009,103.3000000000001
1,119,3569.125,78.3000000000001,23.7264935064935,77,0,3559.75,3589.75,3578.5,3548.5,53.30000000000009,103.3000000000001
1,120,3599.125,78.3000000000001,20.19233766233766,77,0,3589.75,3619.75,3608.5,3578.5,53.30000000000009,103.3000000000001
1,121,3629.125,78.3000000000001,25.663999999999998,5,0,3619.75,3649.75,3638.5,3608.5,53.30000000000009,103.3000000000001
1,122,3659.125,78.3000000000001,,0,0,3649.75,3679.75,3668.5,3638.5,53.30000000000009,103.3000000000001
1,123,3689.125,78.3000000000001,,0,0,3679.75,3709.75,3698.5,3668.5,53.30000000000009,103.3000000000001
1,124,3719.125,78.3000000000001,,0,0,3709.75,3739.75,3728.5,3698.5,53.30000000000009,103.3000000000001
1,125,3749.125,78.3000000000001,,0,0,3739.75,3769.75,3758.5,3728.5,53.30000000000009,103.3000000000001
1,126,3779.125,78.3000000000001,,0,0,3769.75,3799.75,3788.5,3758.5,53.30000000000009,103.3000000000001
1,127,3809.125,78.3000000000001,,0,0,3799.75,3829.75,3818.5,3788.5,53.30000000000009,103.3000000000001
2,0,-12.125,128.3000000000001,70.12,2,0,-21.5,8.5,-2.75,-32.75,103.3000000000001,153.3000000000001
2,1,17.875,128.3000000000001,73.9125,16,0,8.5,38.5,27.25,-2.75,103.3000000000001,153.3000000000001
2,2,47.875,128.3000000000001,74.977,10,0,38.5,68.5,57.25,27.25,103.3000000000001,153.3000000000001
2,3,77.875,128.3000000000001,59.35193548387097,31,0,68.5,98.5,87.25,57.25,103.3000000000001,153.3000000000001
2,4,107.875,128.3000000000001,62.63071428571426,28,0,98.5,128.5,117.25,87.25,103.3000000000001,153.3000000000001
2,5,137.875,128.3000000000001,72.49083333333333,24,0,128.5,158.5,147.25,117.25,103.3000000000001,153.3000000000001
2,6,167.875,128.3000000000001,76.9361111111111,18,0,158.5,188.5,177.25,147.25,103.3000000000001,153.3000000000001
2,7,197.875,128.3000000000001,71.979898989899,33,0,188.5,218.5,207.25,177.25,103.3000000000001,153.3000000000001
2,8,227.875,128.3000000000001,67.02722222222222,18,0,218.5,248.5,237.25,207.25,103.3000000000001,153.3000000000001
2,9,257.875,128.3000000000001,69.3990909090909,22,0,248.5,278.5,267.25,237.25,103.3000000000001,153.3000000000001
2,10,287.875,128.3000000000001,68.71874999999999,16,0,278.5,308.5,297.25,267.25,103.3000000000001,153.3000000000001
2,11,317.875,128.3000000000001,78.48166666666665,6,0,308.5,338.5,327.25,297.25,103.3000000000001,153.3000000000001
2,12,347.875,128.3000000000001,73.77700000000002,10,0,338.5,368.5,357.25,327.25,103.3000000000001,153.3000000000001
2,13,377.875,128.3000000000001,62.548333333333325,18,0,368.5,398.5,387.25,357.25,103.3000000000001,153.3000000000001
2,14,407.875,128.3000000000001,60.316829268292665,41,0,398.5,428.5,417.25,387.25,103.3000000000001,153.3000000000001
2,15,437.875,128.3000000000001,64.64866666666667,30,0,428.5,458.5,447.25,417.25,103.3000000000001,153.3000000000001
2,16,467.875,128.3000000000001,63.03357142857142,28,0,458.5,488.5,477.25,447.25,103.3000000000001,153.3000000000001
2,17,497.875,128.3000000000001,62.87060606060607,33,0,488.5,518.5,507.25,477.25,103.3000000000001,153.3000000000001
2,18,527.875,128.3000000000001,61.59838709677418,31,0,518.5,548.5,537.25,507.25,103.3000000000001,153.3000000000001
2,19,557.875,128.3000000000001,59.445142857142855,35,0,548.5,578.5,567.25,537.25,103.3000000000001,153.3000000000001
2,20,587.875,128.3000000000001,60.898857142857146,35,0,578.5,608.5,597.25,567.25,103.3000000000001,153.3000000000001
2,21,617.875,128.3000000000001,61.52611111111111,36,0,608.5,638.5,627.25,597.25,103.3000000000001,153.3000000000001
2,22,647.875,128.3000000000001,66.11090909090909,22,0,638.5,668.5,657.25,627.25,103.3000000000001,153.3000000000001
2,23,677.875,128.3000000000001,58.9944,25,0,668.5,698.5,687.25,657.25,103.3000000000001,153.3000000000001
2,24,707.875,128.3000000000001,56.989565217391316,46,0,698.5,728.5,717.25,687.25,103.3000000000001,153.3000000000001
2,25,737.875,128.3000000000001,61.48781249999999,32,0,728.5,758.5,747.25,717.25,103.3000000000001,153.3000000000001
2,26,767.875,128.3000000000001,64.56434782608697,23,0,758.5,788.5,777.25,747.25,103.3000000000001,153.3000000000001
2,27,797.875,128.3000000000001,67.66333333333334,30,0,788.5,818.5,807.25,777.25,103.3000000000001,153.3000000000001
2,28,827.875,128.3000000000001,63.82561253561254,39,0,818.5,848.5,837.25,807.25,103.3000000000001,153.3000000000001
2,29,857.875,128.3000000000001,63.87358974358973,39,0,848.5,878.5,867.25,837.25,103.3000000000001,153.3000000000001
2,30,887.875,128.3000000000001,63.785476190476174,42,0,878.5,908.5,897.25,867.25,103.3000000000001,153.3000000000001
2,31,917.875,128.3000000000001,66.65645161290323,31,0,908.5,938.5,927.25,897.25,103.3000000000001,153.3000000000001
2,32,947.875,128.3000000000001,69.84200000000001,15,0,938.5,968.5,957.25,927.25,103.3000000000001,153.3000000000001
2,33,977.875,128.3000000000001,59.264857142857146,35,0,968.5,998.5,987.25,957.25,103.3000000000001,153.3000000000001
2,34,1007.875,128.3000000000001,53.36914893617023,47,0,998.5,1028.5,1017.25,987.25,103.3000000000001,153.3000000000001
2,35,1037.875,128.3000000000001,54.73642857142859,50,0,1028.5,1058.5,1047.25,1017.25,103.3000000000001,153.3000000000001
2,36,1067.875,128.3000000000001,42.99063492063492,63,0,1058.5,1088.5,1077.25,1047.25,103.3000000000001,153.3000000000001
2,37,1097.875,128.3000000000001,44.90174999999999,40,0,1088.5,1118.5,1107.25,1077.25,103.3000000000001,153.3000000000001
2,38,1127.875,128.3000000000001,53.60136363636363,22,0,1118.5,1148.5,1137.25,1107.25,103.3000000000001,153.3000000000001
2,39,1157.875,128.3000000000001,49.75826923076924,52,0,1148.5,1178.5,1167.25,1137.25,103.3000000000001,153.3000000000001
2,40,1187.875,128.3000000000001,43.27061224489796,49,0,1178.5,1208.5,1197.25,1167.25,103.3000000000001,153.3000000000001
2,41,1217.875,128.3000000000001,52.46720000000001,25,0,1208.5,1238.5,1227.25,1197.25,103.3000000000001,153.3000000000001
2,42,1247.875,128.3000000000001,55.196739130434786,46,0,1238.5,1268.5,1257.25,1227.25,103.3000000000001,153.3000000000001
2,43,1277.875,128.3000000000001,57.92943609022558,38,0,1268.5,1298.5,1287.25,1257.25,103.3000000000001,153.3000000000001
2,44,1307.875,128.3000000000001,53.22545454545455,55,0,1298.5,1328.5,1317.25,1287.25,103.3000000000001,153.3000000000001
2,45,1337.875,128.3000000000001,53.93234042553191,47,0,1328.5,1358.5,1347.25,1317.25,103.3000000000001,153.3000000000001
2,46,1367.875,128.3000000000001,56.26297297297296,37,0,1358.5,1388.5,1377.25,1347.25,103.3000000000001,153.3000000000001
2,47,1397.875,128.3000000000001,42.88186046511628,43,0,1388.5,1418.5,1407.25,1377.25,103.3000000000001,153.3000000000001
2,48,1427.875,128.3000000000001,38.90020833333333,48,0,1418.5,1448.5,1437.25,1407.25,103.3000000000001,153.3000000000001
2,49,1457.875,128.3000000000001,35.80759999999999,75,0,1448.5,1478.5,1467.25,1437.25,103.3000000000001,153.3000000000001
2,50,1487.875,128.3000000000001,34.7653086419753,81,0,1478.5,1508.5,1497.25,1467.25,103.3000000000001,153.3000000000001
2,51,1517.875,128.3000000000001,39.843061224489794,49,0,1508.5,1538.5,1527.25,1497.25,103.3000000000001,153.3000000000001
2,52,1547.875,128.3000000000001,47.75890909090909,55,0,1538.5,1568.5,1557.25,1527.25,103.3000000000001,153.3000000000001
2,53,1577.875,128.3000000000001,49.09148148148148,54,0,1568.5,1598.5,1587.25,1557.25,103.3000000000001,153.3000000000001
2,54,1607.875,128.3000000000001,44.04885245901641,61,0,1598.5,1628.5,1617.25,1587.25,103.3000000000001,153.3000000000001
2,55,1637.875,128.3000000000001,48.22888888888888,54,0,1628.5,1658.5,1647.25,1617.25,103.3000000000001,153.3000000000001
2,56,1667.875,128.3000000000001,44.65139534883721,43,0,1658.5,1688.5,1677.25,1647.25,103.3000000000001,153.3000000000001
2,57,1697.875,128.3000000000001,40.46718750000001,64,0,1688.5,1718.5,1707.25,1677.25,103.3000000000001,153.3000000000001
2,58,1727.875,128.3000000000001,35.167971014492764,69,0,1718.5,1748.5,1737.25,1707.25,103.3000000000001,153.3000000000001
2,59,1757.875,128.3000000000001,28.44128205128206,78,0,1748.5,1778.5,1767.25,1737.25,103.3000000000001,153.3000000000001
2,60,1787.875,128.3000000000001,29.504843749999996,64,0,1778.5,1808.5,1797.25,1767.25,103.3000000000001,153.3000000000001
2,61,1817.875,128.3000000000001,26.663432835820895,67,0,1808.5,1838.5,1827.25,1797.25,103.3000000000001,153.3000000000001
2,62,1847.875,128.3000000000001,23.187500000000007,68,0,1838.5,1868.5,1857.25,1827.25,103.3000000000001,153.3000000000001
2,63,1877.875,128.3000000000001,23.24611111111112,72,0,1868.5,1898.5,1887.25,1857.25,103.3000000000001,153.3000000000001
2,64,1907.875,128.3000000000001,31.225519125683057,61,0,1898.5,1928.5,1917.25,1887.25,103.3000000000001,153.3000000000001
2,65,1937.875,128.3000000000001,36.93500000000001,36,0,1928.5,1958.5,1947.25,1917.25,103.3000000000001,153.3000000000001
2,66,1967.875,128.3000000000001,41.79169811320753,53,0,1958.5,1988.5,1977.25,1947.25,103.3000000000001,153.3000000000001
2,67,1997.875,128.3000000000001,37.002328042328045,63,0,1988.5,2018.5,2007.25,1977.25,103.3000000000001,153.3000000000001
2,68,2027.875,128.3000000000001,23.384625,80,0,2018.5,2048.5,2037.25,2007.25,103.3000000000001,153.3000000000001
2,69,2057.875,128.3000000000001,29.827999999999996,60,0,2048.5,2078.5,2067.25,2037.25,103.3000000000001,153.3000000000001
2,70,2087.875,128.3000000000001,29.167205882352942,68,0,2078.5,2108.5,2097.25,2067.25,103.3000000000001,153.3000000000001
2,71,2117.875,128.3000000000001,35.49131147540984,61,0,2108.5,2138.5,2127.25,2097.25,103.3000000000001,153.3000000000001
2,72,2147.875,128.3000000000001,38.27596153846154,52,0,2138.5,2168.5,2157.25,2127.25,103.3000000000001,153.3000000000001
2,73,2177.875,128.3000000000001,38.03156862745097,51,0,2168.5,2198.5,2187.25,2157.25,103.3000000000001,153.3000000000001
2,74,2207.875,128.3000000000001,30.85516666666667,60,0,2198.5,2228.5,2217.25,2187.25,103.3000000000001,153.3000000000001
2,75,2237.875,128.3000000000001,21.0648051948052,77,0,2228.5,2258.5,2247.25,2217.25,103.3000000000001,153.3000000000001
2,76,2267.875,128.3000000000001,26.98971428571428,70,0,2258.5,2288.5,2277.25,2247.25,103.3000000000001,153.3000000000001
2,77,2297.875,128.3000000000001,22.299450549450555,91,0,2288.5,2318.5,2307.25,2277.25,103.3000000000001,153.3000000000001
2,78,2327.875,128.3000000000001,20.25910256410256,78,0,2318.5,2348.5,2337.25,2307.25,103.3000000000001,153.3000000000001
2,79,2357.875,128.3000000000001,30.214583333333323,72,0,2348.5,2378.5,2367.25,2337.25,103.3000000000001,153.3000000000001
2,80,2387.875,128.3000000000001,38.381276595744694,47,0,2378.5,2408.5,2397.25,2367.25,103.3000000000001,153.3000000000001
2,81,2417.875,128.3000000000001,40.50058823529413,51,0,2408.5,2438.5,2427.25,2397.25,103.3000000000001,153.3000000000001
2,82,2447.875,128.3000000000001,34.731111111111105,54,0,2438.5,2468.5,2457.25,2427.25,103.3000000000001,153.3000000000001
2,83,2477.875,128.3000000000001,25.551710526315777,76,0,2468.5,2498.5,2487.25,2457.25,103.3000000000001,153.3000000000001
2,84,2507.875,128.3000000000001,27.932439024390245,82,0,2498.5,2528.5,2517.25,2487.25,103.3000000000001,153.3000000000001
2,85,2537.875,128.3000000000001,30.922040816326515,49,0,2528.5,2558.5,2547.25,2517.25,103.3000000000001,153.3000000000001
2,86,2567.875,128.3000000000001,31.5473015873016,63,0,2558.5,2588.5,2577.25,2547.25,103.3000000000001,153.3000000000001
2,87,2597.875,128.3000000000001,26.01439393939394,66,0,2588.5,2618.5,2607.25,2577.25,103.3000000000001,153.3000000000001
2,88,2627.875,128.3000000000001,25.086447368421055,76,0,2618.5,2648.5,2637.25,2607.25,103.3000000000001,153.3000000000001
2,89,2657.875,128.3000000000001,28.34045454545454,66,0,2648.5,2678.5,2667.25,2637.25,103.3000000000001,153.3000000000001
2,90,2687.875,128.3000000000001,33.260000000000005,64,0,2678.5,2708.5,2697.25,2667.25,103.3000000000001,153.3000000000001
2,91,2717.875,128.3000000000001,28.9175,76,0,2708.5,2738.5,2727.25,2697.25,103.3000000000001,153.3000000000001
2,92,2747.875,128.3000000000001,23.181315789473686,76,0,2738.5,2768.5,2757.25,2727.25,103.3000000000001,153.3000000000001
2,93,2777.875,128.3000000000001,20.514935064935063,77,0,2768.5,2798.5,2787.25,2757.25,103.3000000000001,153.3000000000001
2,94,2807.875,128.3000000000001,28.51440677966102,59,0,2798.5,2828.5,2817.25,2787.25,103.3000000000001,153.3000000000001
2,95,2837.875,128.3000000000001,28.566538461538475,78,0,2828.5,2858.5,2847.25,2817.25,103.3000000000001,153.3000000000001
2,96,2867.875,128.3000000000001,26.57148148148148,81,0,2858.5,2888.5,2877.25,2847.25,103.3000000000001,153.3000000000001
2,97,2897.875,128.3000000000001,26.392051282051288,78,0,2888.5,2918.5,2907.25,2877.25,103.3000000000001,153.3000000000001
2,98,2927.875,128.3000000000001,24.81760000000001,75,0,2918.5,2948.5,2937.25,2907.25,103.3000000000001,153.3000000000001
2,99,2957.875,128.3000000000001,30.786315789473694,57,0,2948.5,2978.5,2967.25,2937.25,103.3000000000001,153.3000000000001
2,100,2987.875,128.3000000000001,31.476521739130437,69,0,2978.5,3008.5,2997.25,2967.25,103.3000000000001,153.3000000000001
2,101,3017.875,128.3000000000001,32.11603448275863,58,0,3008.5,3038.5,3027.25,2997.25,103.3000000000001,153.3000000000001
2,102,3047.875,128.3000000000001,35.501132075471695,53,0,3038.5,3068.5,3057.25,3027.25,103.3000000000001,153.3000000000001
2,103,3077.875,128.3000000000001,35.20479166666667,48,0,3068.5,3098.5,3087.25,3057.25,103.3000000000001,153.3000000000001
2,104,3107.875,128.3000000000001,30.04702702702702,74,0,3098.5,3128.5,3117.25,3087.25,103.3000000000001,153.3000000000001
2,105,3137.875,128.3000000000001,31.232727272727274,66,0,3128.5,3158.5,3147.25,3117.25,103.3000000000001,153.3000000000001
2,106,3167.875,128.3000000000001,24.526770833333334,96,0,3158.5,3188.5,3177.25,3147.25,103.3000000000001,153.3000000000001
2,107,3197.875,128.3000000000001,25.644545454545458,88,0,3188.5,3218.5,3207.25,3177.25,103.3000000000001,153.3000000000001
2,108,3227.875,128.3000000000001,31.553846153846163,65,0,3218.5,3248.5,3237.25,3207.25,103.3000000000001,153.3000000000001
2,109,3257.875,128.3000000000001,34.725873015873006,63,0,3248.5,3278.5,3267.25,3237.25,103.3000000000001,153.3000000000001
2,110,3287.875,128.3000000000001,34.30242857142856,70,0,3278.5,3308.5,3297.25,3267.25,103.3000000000001,153.3000000000001
2,111,3317.875,128.3000000000001,27.56055555555556,72,0,3308.5,3338.5,3327.25,3297.25,103.3000000000001,153.3000000000001
2,112,3347.875,128.3000000000001,22.632835820895526,67,0,3338.5,3368.5,3357.25,3327.25,103.3000000000001,153.3000000000001
2,113,3377.875,128.3000000000001,21.22735294117647,68,0,3368.5,3398.5,3387.25,3357.25,103.3000000000001,153.3000000000001
2,114,3407.875,128.3000000000001,20.33836734693877,98,0,3398.5,3428.5,3417.25,3387.25,103.3000000000001,153.3000000000001
2,115,3437.875,128.3000000000001,19.193424999999998,100,0,3428.5,3458.5,3447.25,3417.25,103.3000000000001,153.3000000000001
2,116,3467.875,128.3000000000001,26.05341772151899,79,0,3458.5,3488.5,3477.25,3447.25,103.3000000000001,153.3000000000001
2,117,3497.875,128.3000000000001,25.05345238095238,84,0,3488.5,3518.5,3507.25,3477.25,103.3000000000001,153.3000000000001
2,118,3527.875,128.3000000000001,25.56556962025317,79,0,3518.5,3548.5,3537.25,3507.25,103.3000000000001,153.3000000000001
2,119,3557.875,128.3000000000001,23.988648648648645,74,0,3548.5,3578.5,3567.25,3537.25,103.3000000000001,153.3000000000001
2,120,3587.875,128.3000000000001,21.53472972972973,74,0,3578.5,3608.5,3597.25,3567.25,103.3000000000001,153.3000000000001
2,121,3617.875,128.3000000000001,24.773863636363636,44,0,3608.5,3638.5,3627.25,3597.25,103.3000000000001,153.3000000000001
2,122,3647.875,128.3000000000001,,0,0,3638.5,3668.5,3657.25,3627.25,103.3000000000001,153.3000000000001
2,123,3677.875,128.3000000000001,,0,0,3668.5,3698.5,3687.25,3657.25,103.3000000000001,153.3000000000001
2,124,3707.875,128.3000000000001,,0,0,3698.5,3728.5,3717.25,3687.25,103.3000000000001,153.3000000000001
2,125,3737.875,128.3000000000001,,0,0,3728.5,3758.5,3747.25,3717.25,103.3000000000001,153.3000000000001
2,126,3767.875,128.3000000000001,,0,0,3758.5,3788.5,3777.25,3747.25,103.3000000000001,153.3000000000001
2,127,3797.875,128.3000000000001,,0,0,3788.5,3818.5,3807.25,3777.25,103.3000000000001,153.3000000000001
2,128,3827.875,128.3000000000001,,0,0,3818.5,3848.5,3837.25,3807.25,103.3000000000001,153.3000000000001
3,1,6.625,178.3000000000001,70.91846153846154,13,0,-2.75,27.25,16.0,-14.0,153.3000000000001,203.3000000000001
3,2,36.625,178.3000000000001,74.24666666666666,12,0,27.25,57.25,46.0,16.0,153.3000000000001,203.3000000000001
3,3,66.625,178.3000000000001,58.878999999999984,20,0,57.25,87.25,76.0,46.0,153.3000000000001,203.3000000000001
3,4,96.625,178.3000000000001,60.71,35,0,87.25,117.25,106.0,76.0,153.3000000000001,203.3000000000001
3,5,126.625,178.3000000000001,66.02136363636363,22,0,117.25,147.25,136.0,106.0,153.3000000000001,203.3000000000001
3,6,156.625,178.3000000000001,71.49217391304347,23,0,147.25,177.25,166.0,136.0,153.3000000000001,203.3000000000001
3,7,186.625,178.3000000000001,75.62045454545454,22,0,177.25,207.25,196.0,166.0,153.3000000000001,203.3000000000001
3,8,216.625,178.3000000000001,70.05527777777776,24,0,207.25,237.25,226.0,196.0,153.3000000000001,203.3000000000001
3,9,246.625,178.3000000000001,63.911874999999995,16,0,237.25,267.25,256.0,226.0,153.3000000000001,203.3000000000001
3,10,276.625,178.3000000000001,70.06764705882354,17,0,267.25,297.25,286.0,256.0,153.3000000000001,203.3000000000001
3,11,306.625,178.3000000000001,68.72,9,0,297.25,327.25,316.0,286.0,153.3000000000001,203.3000000000001
3,12,336.625,178.3000000000001,74.71000000000001,7,0,327.25,357.25,346.0,316.0,153.3000000000001,203.3000000000001
3,13,366.625,178.3000000000001,70.81454545454545,11,0,357.25,387.25,376.0,346.0,153.3000000000001,203.3000000000001
3,14,396.625,178.3000000000001,58.086,35,0,387.25,417.25,406.0,376.0,153.3000000000001,203.3000000000001
3,15,426.625,178.3000000000001,61.10470588235291,34,0,417.25,447.25,436.0,406.0,153.3000000000001,203.3000000000001
3,16,456.625,178.3000000000001,63.61430555555555,24,0,447.25,477.25,466.0,436.0,153.3000000000001,203.3000000000001
3,17,486.625,178.3000000000001,63.72,26,0,477.25,507.25,496.0,466.0,153.3000000000001,203.3000000000001
3,18,516.625,178.3000000000001,60.03105263157895,38,0,507.25,537.25,526.0,496.0,153.3000000000001,203.3000000000001
3,19,546.625,178.3000000000001,61.09499999999999,30,0,537.25,567.25,556.0,526.0,153.3000000000001,203.3000000000001
3,20,576.625,178.3000000000001,58.20000000000001,32,0,567.25,597.25,586.0,556.0,153.3000000000001,203.3000000000001
3,21,606.625,178.3000000000001,59.45290322580646,31,0,597.25,627.25,616.0,586.0,153.3000000000001,203.3000000000001
3,22,636.625,178.3000000000001,62.035172413793106,29,0,627.25,657.25,646.0,616.0,153.3000000000001,203.3000000000001
3,23,666.625,178.3000000000001,68.6990909090909,11,0,657.25,687.25,676.0,646.0,153.3000000000001,203.3000000000001
3,24,696.625,178.3000000000001,53.99631578947368,38,0,687.25,717.25,706.0,676.0,153.3000000000001,203.3000000000001
3,25,726.625,178.3000000000001,57.508750000000006,40,0,717.25,747.25,736.0,706.0,153.3000000000001,203.3000000000001
3,26,756.625,178.3000000000001,62.9705,20,0,747.25,777.25,766.0,736.0,153.3000000000001,203.3000000000001
3,27,786.625,178.3000000000001,64.62967741935483,31,0,777.25,807.25,796.0,766.0,153.3000000000001,203.3000000000001
3,28,816.625,178.3000000000001,65.728,25,0,807.25,837.25,826.0,796.0,153.3000000000001,203.3000000000001
3,29,846.625,178.3000000000001,60.1290476190476,42,0,837.25,867.25,856.0,826.0,153.3000000000001,203.3000000000001
3,30,876.625,178.3000000000001,63.450624999999995,32,0,867.25,897.25,886.0,856.0,153.3000000000001,203.3000000000001
3,31,906.625,178.3000000000001,62.84282051282051,39,0,897.25,927.25,916.0,886.0,153.3000000000001,203.3000000000001
3,32,936.625,178.3000000000001,66.18333333333334,21,0,927.25,957.25,946.0,916.0,153.3000000000001,203.3000000000001
3,33,966.625,178.3000000000001,62.491,20,0,957.25,987.25,976.0,946.0,153.3000000000001,203.3000000000001
3,34,996.625,178.3000000000001,53.23363636363637,44,0,987.25,1017.25,1006.0,976.0,153.3000000000001,203.3000000000001
3,35,1026.625,178.3000000000001,51.48204545454546,44,0,1017.25,1047.25,1036.0,1006.0,153.3000000000001,203.3000000000001
3,36,1056.625,178.3000000000001,42.36816666666666,60,0,1047.25,1077.25,1066.0,1036.0,153.3000000000001,203.3000000000001
3,37,1086.625,178.3000000000001,40.254107142857144,56,0,1077.25,1107.25,1096.0,1066.0,153.3000000000001,203.3000000000001
3,38,1116.625,178.3000000000001,49.872,25,0,1107.25,1137.25,1126.0,1096.0,153.3000000000001,203.3000000000001
3,39,1146.625,178.3000000000001,52.44411764705882,34,0,1137.25,1167.25,1156.0,1126.0,153.3000000000001,203.3000000000001
3,40,1176.625,178.3000000000001,43.669137931034456,58,0,1167.25,1197.25,1186.0,1156.0,153.3000000000001,203.3000000000001
3,41,1206.625,178.3000000000001,43.714,35,0,1197.25,1227.25,1216.0,1186.0,153.3000000000001,203.3000000000001
3,42,1236.625,178.3000000000001,50.848461538461535,39,0,1227.25,1257.25,1246.0,1216.0,153.3000000000001,203.3000000000001
3,43,1266.625,178.3000000000001,59.71077586206896,29,0,1257.25,1287.25,1276.0,1246.0,153.3000000000001,203.3000000000001
3,44,1296.625,178.3000000000001,50.04627118644068,59,0,1287.25,1317.25,1306.0,1276.0,153.3000000000001,203.3000000000001
3,45,1326.625,178.3000000000001,52.40645833333334,48,0,1317.25,1347.25,1336.0,1306.0,153.3000000000001,203.3000000000001
3,46,1356.625,178.3000000000001,52.59976744186047,43,0,1347.25,1377.25,1366.0,1336.0,153.3000000000001,203.3000000000001
3,47,1386.625,178.3000000000001,42.39044444444444,45,0,1377.25,1407.25,1396.0,1366.0,153.3000000000001,203.3000000000001
3,48,1416.625,178.3000000000001,32.29960784313726,51,0,1407.25,1437.25,1426.0,1396.0,153.3000000000001,203.3000000000001
3,49,1446.625,178.3000000000001,39.41189655172414,58,0,1437.25,1467.25,1456.0,1426.0,153.3000000000001,203.3000000000001
3,50,1476.625,178.3000000000001,34.75791666666669,72,0,1467.25,1497.25,1486.0,1456.0,153.3000000000001,203.3000000000001
3,51,1506.625,178.3000000000001,35.117727272727265,66,0,1497.25,1527.25,1516.0,1486.0,153.3000000000001,203.3000000000001
3,52,1536.625,178.3000000000001,39.887454545454545,55,0,1527.25,1557.25,1546.0,1516.0,153.3000000000001,203.3000000000001
3,53,1566.625,178.3000000000001,46.2858695652174,46,0,1557.25,1587.25,1576.0,1546.0,153.3000000000001,203.3000000000001
3,54,1596.625,178.3000000000001,44.888103448275864,58,0,1587.25,1617.25,1606.0,1576.0,153.3000000000001,203.3000000000001
3,55,1626.625,178.3000000000001,41.69150234741783,71,0,1617.25,1647.25,1636.0,1606.0,153.3000000000001,203.3000000000001
3,56,1656.625,178.3000000000001,40.51403846153846,52,0,1647.25,1677.25,1666.0,1636.0,153.3000000000001,203.3000000000001
3,57,1686.625,178.3000000000001,40.716896551724126,58,0,1677.25,1707.25,1696.0,1666.0,153.3000000000001,203.3000000000001
3,58,1716.625,178.3000000000001,36.09852459016394,61,0,1707.25,1737.25,1726.0,1696.0,153.3000000000001,203.3000000000001
3,59,1746.625,178.3000000000001,30.888142857142853,70,0,1737.25,1767.25,1756.0,1726.0,153.3000000000001,203.3000000000001
3,60,1776.625,178.3000000000001,33.617368421052625,57,0,1767.25,1797.25,1786.0,1756.0,153.3000000000001,203.3000000000001
3,61,1806.625,178.3000000000001,29.787719298245612,57,0,1797.25,1827.25,1816.0,1786.0,153.3000000000001,203.3000000000001
3,62,1836.625,178.3000000000001,26.257288135593228,59,0,1827.25,1857.25,1846.0,1816.0,153.3000000000001,203.3000000000001
3,63,1866.625,178.3000000000001,24.895571428571426,70,0,1857.25,1887.25,1876.0,1846.0,153.3000000000001,203.3000000000001
3,64,1896.625,178.3000000000001,30.16673469387755,49,0,1887.25,1917.25,1906.0,1876.0,153.3000000000001,203.3000000000001
3,65,1926.625,178.3000000000001,34.546170212765965,47,0,1917.25,1947.25,1936.0,1906.0,153.3000000000001,203.3000000000001
3,66,1956.625,178.3000000000001,39.05612244897959,49,0,1947.25,1977.25,1966.0,1936.0,153.3000000000001,203.3000000000001
3,67,1986.625,178.3000000000001,39.66568181818181,44,0,1977.25,2007.25,1996.0,1966.0,153.3000000000001,203.3000000000001
3,68,2016.625,178.3000000000001,29.589649122807018,57,0,2007.25,2037.25,2026.0,1996.0,153.3000000000001,203.3000000000001
3,69,2046.625,178.3000000000001,31.808518518518532,54,0,2037.25,2067.25,2056.0,2026.0,153.3000000000001,203.3000000000001
3,70,2076.625,178.3000000000001,30.589531250000004,64,0,2067.25,2097.25,2086.0,2056.0,153.3000000000001,203.3000000000001
3,71,2106.625,178.3000000000001,32.673770491803275,61,0,2097.25,2127.25,2116.0,2086.0,153.3000000000001,203.3000000000001
3,72,2136.625,178.3000000000001,36.4159649122807,57,0,2127.25,2157.25,2146.0,2116.0,153.3000000000001,203.3000000000001
3,73,2166.625,178.3000000000001,40.50456521739132,46,0,2157.25,2187.25,2176.0,2146.0,153.3000000000001,203.3000000000001
3,74,2196.625,178.3000000000001,34.81653061224488,49,0,2187.25,2217.25,2206.0,2176.0,153.3000000000001,203.3000000000001
3,75,2226.625,178.3000000000001,25.62527272727272,55,0,2217.25,2247.25,2236.0,2206.0,153.3000000000001,203.3000000000001
3,76,2256.625,178.3000000000001,26.22113924050634,79,0,2247.25,2277.25,2266.0,2236.0,153.3000000000001,203.3000000000001
3,77,2286.625,178.3000000000001,20.739058823529415,85,0,2277.25,2307.25,2296.0,2266.0,153.3000000000001,203.3000000000001
3,78,2316.625,178.3000000000001,24.85347826086956,69,0,2307.25,2337.25,2326.0,2296.0,153.3000000000001,203.3000000000001
3,79,2346.625,178.3000000000001,32.3288524590164,61,0,2337.25,2367.25,2356.0,2326.0,153.3000000000001,203.3000000000001
3,80,2376.625,178.3000000000001,37.47826923076923,52,0,2367.25,2397.25,2386.0,2356.0,153.3000000000001,203.3000000000001
3,81,2406.625,178.3000000000001,40.39304347826086,46,0,2397.25,2427.25,2416.0,2386.0,153.3000000000001,203.3000000000001
3,82,2436.625,178.3000000000001,37.02043478260869,46,0,2427.25,2457.25,2446.0,2416.0,153.3000000000001,203.3000000000001
3,83,2466.625,178.3000000000001,26.213239436619716,71,0,2457.25,2487.25,2476.0,2446.0,153.3000000000001,203.3000000000001
3,84,2496.625,178.3000000000001,29.129154929577467,71,0,2487.25,2517.25,2506.0,2476.0,153.3000000000001,203.3000000000001
3,85,2526.625,178.3000000000001,31.53847457627118,59,0,2517.25,2547.25,2536.0,2506.0,153.3000000000001,203.3000000000001
3,86,2556.625,178.3000000000001,31.056607142857143,56,0,2547.25,2577.25,2566.0,2536.0,153.3000000000001,203.3000000000001
3,87,2586.625,178.3000000000001,27.756666666666668,63,0,2577.25,2607.25,2596.0,2566.0,153.3000000000001,203.3000000000001
3,88,2616.625,178.3000000000001,27.766615384615378,65,0,2607.25,2637.25,2626.0,2596.0,153.3000000000001,203.3000000000001
3,89,2646.625,178.3000000000001,26.968571428571426,70,0,2637.25,2667.25,2656.0,2626.0,153.3000000000001,203.3000000000001
3,90,2676.625,178.3000000000001,33.59548387096774,62,0,2667.25,2697.25,2686.0,2656.0,153.3000000000001,203.3000000000001
3,91,2706.625,178.3000000000001,32.85729729729731,74,0,2697.25,2727.25,2716.0,2686.0,153.3000000000001,203.3000000000001
3,92,2736.625,178.3000000000001,26.718133333333338,75,0,2727.25,2757.25,2746.0,2716.0,153.3000000000001,203.3000000000001
3,93,2766.625,178.3000000000001,21.22067567567568,74,0,2757.25,2787.25,2776.0,2746.0,153.3000000000001,203.3000000000001
3,94,2796.625,178.3000000000001,28.379137931034485,58,0,2787.25,2817.25,2806.0,2776.0,153.3000000000001,203.3000000000001
3,95,2826.625,178.3000000000001,33.0375,68,0,2817.25,2847.25,2836.0,2806.0,153.3000000000001,203.3000000000001
3,96,2856.625,178.3000000000001,29.50910256410257,78,0,2847.25,2877.25,2866.0,2836.0,153.3000000000001,203.3000000000001
3,97,2886.625,178.3000000000001,25.913037974683537,79,0,2877.25,2907.25,2896.0,2866.0,153.3000000000001,203.3000000000001
3,98,2916.625,178.3000000000001,23.77804347826088,92,0,2907.25,2937.25,2926.0,2896.0,153.3000000000001,203.3000000000001
3,99,2946.625,178.3000000000001,30.18245901639344,61,0,2937.25,2967.25,2956.0,2926.0,153.3000000000001,203.3000000000001
3,100,2976.625,178.3000000000001,32.09233333333333,60,0,2967.25,2997.25,2986.0,2956.0,153.3000000000001,203.3000000000001
3,101,3006.625,178.3000000000001,31.729047619047613,63,0,2997.25,3027.25,3016.0,2986.0,153.3000000000001,203.3000000000001
3,102,3036.625,178.3000000000001,31.883653846153848,52,0,3027.25,3057.25,3046.0,3016.0,153.3000000000001,203.3000000000001
3,103,3066.625,178.3000000000001,35.95388888888888,54,0,3057.25,3087.25,3076.0,3046.0,153.3000000000001,203.3000000000001
3,104,3096.625,178.3000000000001,33.44555555555554,54,0,3087.25,3117.25,3106.0,3076.0,153.3000000000001,203.3000000000001
3,105,3126.625,178.3000000000001,30.439178571428574,70,0,3117.25,3147.25,3136.0,3106.0,153.3000000000001,203.3000000000001
3,106,3156.625,178.3000000000001,23.53144444444445,90,0,3147.25,3177.25,3166.0,3136.0,153.3000000000001,203.3000000000001
3,107,3186.625,178.3000000000001,23.81153846153846,91,0,3177.25,3207.25,3196.0,3166.0,153.3000000000001,203.3000000000001
3,108,3216.625,178.3000000000001,29.416250000000005,72,0,3207.25,3237.25,3226.0,3196.0,153.3000000000001,203.3000000000001
3,109,3246.625,178.3000000000001,32.57971830985915,71,0,3237.25,3267.25,3256.0,3226.0,153.3000000000001,203.3000000000001
3,110,3276.625,178.3000000000001,33.666764705882365,68,0,3267.25,3297.25,3286.0,3256.0,153.3000000000001,203.3000000000001
3,111,3306.625,178.3000000000001,28.998266666666666,75,0,3297.25,3327.25,3316.0,3286.0,153.3000000000001,203.3000000000001
3,112,3336.625,178.3000000000001,23.29662162162162,74,0,3327.25,3357.25,3346.0,3316.0,153.3000000000001,203.3000000000001
3,113,3366.625,178.3000000000001,20.431060606060605,66,0,3357.25,3387.25,3376.0,3346.0,153.3000000000001,203.3000000000001
3,114,3396.625,178.3000000000001,23.895569620253166,79,0,3387.25,3417.25,3406.0,3376.0,153.3000000000001,203.3000000000001
3,115,3426.625,178.3000000000001,21.339080459770116,87,0,3417.25,3447.25,3436.0,3406.0,153.3000000000001,203.3000000000001
3,116,3456.625,178.3000000000001,25.329875,80,0,3447.25,3477.25,3466.0,3436.0,153.3000000000001,203.3000000000001
3,117,3486.625,178.3000000000001,27.08207317073169,82,0,3477.25,3507.25,3496.0,3466.0,153.3000000000001,203.3000000000001
3,118,3516.625,178.3000000000001,25.375060240963858,83,0,3507.25,3537.25,3526.0,3496.0,153.3000000000001,203.3000000000001
3,119,3546.625,178.3000000000001,24.8434065934066,91,0,3537.25,3567.25,3556.0,3526.0,153.3000000000001,203.3000000000001
3,120,3576.625,178.3000000000001,23.7624,75,0,3567.25,3597.25,3586.0,3556.0,153.3000000000001,203.3000000000001
3,121,3606.625,178.3000000000001,29.108032786885254,61,0,3597.25,3627.25,3616.0,3586.0,153.3000000000001,203.3000000000001
3,122,3636.625,178.3000000000001,30.18846153846154,13,0,3627.25,3657.25,3646.0,3616.0,153.3000000000001,203.3000000000001
3,123,3666.625,178.3000000000001,,0,0,3657.25,3687.25,3676.0,3646.0,153.3000000000001,203.3000000000001
3,124,3696.625,178.3000000000001,,0,0,3687.25,3717.25,3706.0,3676.0,153.3000000000001,203.3000000000001
3,125,3726.625,178.3000000000001,,0,0,3717.25,3747.25,3736.0,3706.0,153.3000000000001,203.3000000000001
3,126,3756.625,178.3000000000001,,0,0,3747.25,3777.25,3766.0,3736.0,153.3000000000001,203.3000000000001
3,127,3786.625,178.3000000000001,,0,0,3777.25,3807.25,3796.0,3766.0,153.3000000000001,203.3000000000001
3,128,3816.625,178.3000000000001,,0,0,3807.25,3837.25,3826.0,3796.0,153.3000000000001,203.3000000000001
4,1,-4.625,228.3000000000001,69.34222222222223,9,0,-14.0,16.0,4.75,-25.25,203.3000000000001,253.3000000000001
4,2,25.375,228.3000000000001,72.05941176470589,17,0,16.0,46.0,34.75,4.75,203.3000000000001,253.3000000000001
4,3,55.375,228.3000000000001,74.89299999999999,10,0,46.0,76.0,64.75,34.75,203.3000000000001,253.3000000000001
4,4,85.375,228.3000000000001,56.81897435897436,39,0,76.0,106.0,94.75,64.75,203.3000000000001,253.3000000000001
4,5,115.375,228.3000000000001,62.80344827586206,29,0,106.0,136.0,124.75,94.75,203.3000000000001,253.3000000000001
4,6,145.375,228.3000000000001,68.72999999999999,27,0,136.0,166.0,154.75,124.75,203.3000000000001,253.3000000000001
4,7,175.375,228.3000000000001,80.01421052631578,19,0,166.0,196.0,184.75,154.75,203.3000000000001,253.3000000000001
4,8,205.375,228.3000000000001,70.10969696969696,33,0,196.0,226.0,214.75,184.75,203.3000000000001,253.3000000000001
4,9,235.375,228.3000000000001,66.18069444444444,18,0,226.0,256.0,244.75,214.75,203.3000000000001,253.3000000000001
4,10,265.375,228.3000000000001,71.36149999999999,20,0,256.0,286.0,274.75,244.75,203.3000000000001,253.3000000000001
4,11,295.375,228.3000000000001,69.15647058823528,17,0,286.0,316.0,304.75,274.75,203.3000000000001,253.3000000000001
4,12,325.375,228.3000000000001,76.805,8,0,316.0,346.0,334.75,304.75,203.3000000000001,253.3000000000001
4,13,355.375,228.3000000000001,74.62121212121211,11,0,346.0,376.0,364.75,334.75,203.3000000000001,253.3000000000001
4,14,385.375,228.3000000000001,61.49294117647058,17,0,376.0,406.0,394.75,364.75,203.3000000000001,253.3000000000001
4,15,415.375,228.3000000000001,61.77243902439026,41,0,406.0,436.0,424.75,394.75,203.3000000000001,253.3000000000001
4,16,445.375,228.3000000000001,62.505312499999995,32,0,436.0,466.0,454.75,424.75,203.3000000000001,253.3000000000001
4,17,475.375,228.3000000000001,63.92722222222223,36,0,466.0,496.0,484.75,454.75,203.3000000000001,253.3000000000001
4,18,505.375,228.3000000000001,61.07578947368421,38,0,496.0,526.0,514.75,484.75,203.3000000000001,253.3000000000001
4,19,535.375,228.3000000000001,61.732962962962965,27,0,526.0,556.0,544.75,514.75,203.3000000000001,253.3000000000001
4,20,565.375,228.3000000000001,58.529189189189175,37,0,556.0,586.0,574.75,544.75,203.3000000000001,253.3000000000001
4,21,595.375,228.3000000000001,60.54828571428572,35,0,586.0,616.0,604.75,574.75,203.3000000000001,253.3000000000001
4,22,625.375,228.3000000000001,60.963249999999995,40,0,616.0,646.0,634.75,604.75,203.3000000000001,253.3000000000001
4,23,655.375,228.3000000000001,67.37473684210526,19,0,646.0,676.0,664.75,634.75,203.3000000000001,253.3000000000001
4,24,685.375,228.3000000000001,56.52217391304349,23,0,676.0,706.0,694.75,664.75,203.3000000000001,253.3000000000001
4,25,715.375,228.3000000000001,57.271875,48,0,706.0,736.0,724.75,694.75,203.3000000000001,253.3000000000001
4,26,745.375,228.3000000000001,59.694137931034476,29,0,736.0,766.0,754.75,724.75,203.3000000000001,253.3000000000001
4,27,775.375,228.3000000000001,63.065416666666664,24,0,766.0,796.0,784.75,754.75,203.3000000000001,253.3000000000001
4,28,805.375,228.3000000000001,67.22255411255412,33,0,796.0,826.0,814.75,784.75,203.3000000000001,253.3000000000001
4,29,835.375,228.3000000000001,63.904444444444444,36,0,826.0,856.0,844.75,814.75,203.3000000000001,253.3000000000001
4,30,865.375,228.3000000000001,62.44424999999999,40,0,856.0,886.0,874.75,844.75,203.3000000000001,253.3000000000001
4,31,895.375,228.3000000000001,62.4790909090909,44,0,886.0,916.0,904.75,874.75,203.3000000000001,253.3000000000001
4,32,925.375,228.3000000000001,64.36181818181818,33,0,916.0,946.0,934.75,904.75,203.3000000000001,253.3000000000001
4,33,955.375,228.3000000000001,67.62857142857142,14,0,946.0,976.0,964.75,934.75,203.3000000000001,253.3000000000001
4,34,985.375,228.3000000000001,59.38656250000001,32,0,976.0,1006.0,994.75,964.75,203.3000000000001,253.3000000000001
4,35,1015.375,228.3000000000001,50.46547169811323,53,0,1006.0,1036.0,1024.75,994.75,203.3000000000001,253.3000000000001
4,36,1045.375,228.3000000000001,47.736666666666665,57,0,1036.0,1066.0,1054.75,1024.75,203.3000000000001,253.3000000000001
4,37,1075.375,228.3000000000001,39.01220588235294,68,0,1066.0,1096.0,1084.75,1054.75,203.3000000000001,253.3000000000001
4,38,1105.375,228.3000000000001,45.559333333333335,45,0,1096.0,1126.0,1114.75,1084.75,203.3000000000001,253.3000000000001
4,39,1135.375,228.3000000000001,55.06,21,0,1126.0,1156.0,1144.75,1114.75,203.3000000000001,253.3000000000001
4,40,1165.375,228.3000000000001,47.87156862745097,51,0,1156.0,1186.0,1174.75,1144.75,203.3000000000001,253.3000000000001
4,41,1195.375,228.3000000000001,40.7736842105263,57,0,1186.0,1216.0,1204.75,1174.75,203.3000000000001,253.3000000000001
4,42,1225.375,228.3000000000001,45.72361111111111,36,0,1216.0,1246.0,1234.75,1204.75,203.3000000000001,253.3000000000001
4,43,1255.375,228.3000000000001,51.11980392156861,51,0,1246.0,1276.0,1264.75,1234.75,203.3000000000001,253.3000000000001
4,44,1285.375,228.3000000000001,53.455263157894734,38,0,1276.0,1306.0,1294.75,1264.75,203.3000000000001,253.3000000000001
4,45,1315.375,228.3000000000001,49.40515625000002,64,0,1306.0,1336.0,1324.75,1294.75,203.3000000000001,253.3000000000001
4,46,1345.375,228.3000000000001,50.54857142857143,49,0,1336.0,1366.0,1354.75,1324.75,203.3000000000001,253.3000000000001
4,47,1375.375,228.3000000000001,44.40379999999999,50,0,1366.0,1396.0,1384.75,1354.75,203.3000000000001,253.3000000000001
4,48,1405.375,228.3000000000001,30.380576923076926,52,0,1396.0,1426.0,1414.75,1384.75,203.3000000000001,253.3000000000001
4,49,1435.375,228.3000000000001,36.425937499999996,64,0,1426.0,1456.0,1444.75,1414.75,203.3000000000001,253.3000000000001
4,50,1465.375,228.3000000000001,39.06080645161291,62,0,1456.0,1486.0,1474.75,1444.75,203.3000000000001,253.3000000000001
4,51,1495.375,228.3000000000001,31.133370786516856,89,0,1486.0,1516.0,1504.75,1474.75,203.3000000000001,253.3000000000001
4,52,1525.375,228.3000000000001,33.42754098360656,61,0,1516.0,1546.0,1534.75,1504.75,203.3000000000001,253.3000000000001
4,53,1555.375,228.3000000000001,39.59278688524589,61,0,1546.0,1576.0,1564.75,1534.75,203.3000000000001,253.3000000000001
4,54,1585.375,228.3000000000001,43.50033333333332,60,0,1576.0,1606.0,1594.75,1564.75,203.3000000000001,253.3000000000001
4,55,1615.375,228.3000000000001,38.73472972972975,74,0,1606.0,1636.0,1624.75,1594.75,203.3000000000001,253.3000000000001
4,56,1645.375,228.3000000000001,37.945833333333326,72,0,1636.0,1666.0,1654.75,1624.75,203.3000000000001,253.3000000000001
4,57,1675.375,228.3000000000001,39.39437499999999,48,0,1666.0,1696.0,1684.75,1654.75,203.3000000000001,253.3000000000001
4,58,1705.375,228.3000000000001,35.133199999999995,75,0,1696.0,1726.0,1714.75,1684.75,203.3000000000001,253.3000000000001
4,59,1735.375,228.3000000000001,34.36870967741935,62,0,1726.0,1756.0,1744.75,1714.75,203.3000000000001,253.3000000000001
4,60,1765.375,228.3000000000001,34.29897058823529,68,0,1756.0,1786.0,1774.75,1744.75,203.3000000000001,253.3000000000001
4,61,1795.375,228.3000000000001,31.402500000000007,60,0,1786.0,1816.0,1804.75,1774.75,203.3000000000001,253.3000000000001
4,62,1825.375,228.3000000000001,26.59876923076924,65,0,1816.0,1846.0,1834.75,1804.75,203.3000000000001,253.3000000000001
4,63,1855.375,228.3000000000001,28.763518518518524,54,0,1846.0,1876.0,1864.75,1834.75,203.3000000000001,253.3000000000001
4,64,1885.375,228.3000000000001,32.940178571428575,56,0,1876.0,1906.0,1894.75,1864.75,203.3000000000001,253.3000000000001
4,65,1915.375,228.3000000000001,35.998163265306125,49,0,1906.0,1936.0,1924.75,1894.75,203.3000000000001,253.3000000000001
4,66,1945.375,228.3000000000001,39.94171428571428,35,0,1936.0,1966.0,1954.75,1924.75,203.3000000000001,253.3000000000001
4,67,1975.375,228.3000000000001,38.13225806451614,62,0,1966.0,1996.0,1984.75,1954.75,203.3000000000001,253.3000000000001
4,68,2005.375,228.3000000000001,35.69,51,0,1996.0,2026.0,2014.75,1984.75,203.3000000000001,253.3000000000001
4,69,2035.375,228.3000000000001,33.01305084745761,59,0,2026.0,2056.0,2044.75,2014.75,203.3000000000001,253.3000000000001
4,70,2065.375,228.3000000000001,31.94892857142856,56,0,2056.0,2086.0,2074.75,2044.75,203.3000000000001,253.3000000000001
4,71,2095.375,228.3000000000001,33.24946428571429,56,0,2086.0,2116.0,2104.75,2074.75,203.3000000000001,253.3000000000001
4,72,2125.375,228.3000000000001,35.36746031746033,63,0,2116.0,2146.0,2134.75,2104.75,203.3000000000001,253.3000000000001
4,73,2155.375,228.3000000000001,40.594545454545454,55,0,2146.0,2176.0,2164.75,2134.75,203.3000000000001,253.3000000000001
4,74,2185.375,228.3000000000001,39.294999999999995,50,0,2176.0,2206.0,2194.75,2164.75,203.3000000000001,253.3000000000001
4,75,2215.375,228.3000000000001,28.644255319148936,47,0,2206.0,2236.0,2224.75,2194.75,203.3000000000001,253.3000000000001
4,76,2245.375,228.3000000000001,25.899538461538462,65,0,2236.0,2266.0,2254.75,2224.75,203.3000000000001,253.3000000000001
4,77,2275.375,228.3000000000001,21.673461538461535,78,0,2266.0,2296.0,2284.75,2254.75,203.3000000000001,253.3000000000001
4,78,2305.375,228.3000000000001,28.186515151515152,66,0,2296.0,2326.0,2314.75,2284.75,203.3000000000001,253.3000000000001
4,79,2335.375,228.3000000000001,33.860727272727274,55,0,2326.0,2356.0,2344.75,2314.75,203.3000000000001,253.3000000000001
4,80,2365.375,228.3000000000001,38.82245901639343,61,0,2356.0,2386.0,2374.75,2344.75,203.3000000000001,253.3000000000001
4,81,2395.375,228.3000000000001,39.998125,48,0,2386.0,2416.0,2404.75,2374.75,203.3000000000001,253.3000000000001
4,82,2425.375,228.3000000000001,37.91634615384616,52,0,2416.0,2446.0,2434.75,2404.75,203.3000000000001,253.3000000000001
4,83,2455.375,228.3000000000001,29.031600000000005,50,0,2446.0,2476.0,2464.75,2434.75,203.3000000000001,253.3000000000001
4,84,2485.375,228.3000000000001,29.40144927536232,69,0,2476.0,2506.0,2494.75,2464.75,203.3000000000001,253.3000000000001
4,85,2515.375,228.3000000000001,31.051466666666663,75,0,2506.0,2536.0,2524.75,2494.75,203.3000000000001,253.3000000000001
4,86,2545.375,228.3000000000001,32.30934782608695,46,0,2536.0,2566.0,2554.75,2524.75,203.3000000000001,253.3000000000001
4,87,2575.375,228.3000000000001,29.049999999999994,63,0,2566.0,2596.0,2584.75,2554.75,203.3000000000001,253.3000000000001
4,88,2605.375,228.3000000000001,28.375818181818172,55,0,2596.0,2626.0,2614.75,2584.75,203.3000000000001,253.3000000000001
4,89,2635.375,228.3000000000001,29.115000000000013,64,0,2626.0,2656.0,2644.75,2614.75,203.3000000000001,253.3000000000001
4,90,2665.375,228.3000000000001,32.19338235294117,68,0,2656.0,2686.0,2674.75,2644.75,203.3000000000001,253.3000000000001
4,91,2695.375,228.3000000000001,29.94869565217392,69,0,2686.0,2716.0,2704.75,2674.75,203.3000000000001,253.3000000000001
4,92,2725.375,228.3000000000001,26.1606329113924,79,0,2716.0,2746.0,2734.75,2704.75,203.3000000000001,253.3000000000001
4,93,2755.375,228.3000000000001,23.686470588235284,68,0,2746.0,2776.0,2764.75,2734.75,203.3000000000001,253.3000000000001
4,94,2785.375,228.3000000000001,28.46542372881356,59,0,2776.0,2806.0,2794.75,2764.75,203.3000000000001,253.3000000000001
4,95,2815.375,228.3000000000001,31.659655172413782,58,0,2806.0,2836.0,2824.75,2794.75,203.3000000000001,253.3000000000001
4,96,2845.375,228.3000000000001,31.682191780821928,73,0,2836.0,2866.0,2854.75,2824.75,203.3000000000001,253.3000000000001
4,97,2875.375,228.3000000000001,26.207195121951223,82,0,2866.0,2896.0,2884.75,2854.75,203.3000000000001,253.3000000000001
4,98,2905.375,228.3000000000001,24.91826666666666,75,0,2896.0,2926.0,2914.75,2884.75,203.3000000000001,253.3000000000001
4,99,2935.375,228.3000000000001,27.672820512820508,78,0,2926.0,2956.0,2944.75,2914.75,203.3000000000001,253.3000000000001
4,100,2965.375,228.3000000000001,35.73730769230769,52,0,2956.0,2986.0,2974.75,2944.75,203.3000000000001,253.3000000000001
4,101,2995.375,228.3000000000001,31.581621621621622,74,0,2986.0,3016.0,3004.75,2974.75,203.3000000000001,253.3000000000001
4,102,3025.375,228.3000000000001,34.827999999999996,55,0,3016.0,3046.0,3034.75,3004.75,203.3000000000001,253.3000000000001
4,103,3055.375,228.3000000000001,38.00180000000001,50,0,3046.0,3076.0,3064.75,3034.75,203.3000000000001,253.3000000000001
4,104,3085.375,228.3000000000001,36.778888888888886,45,0,3076.0,3106.0,3094.75,3064.75,203.3000000000001,253.3000000000001
4,105,3115.375,228.3000000000001,32.01469696969697,66,0,3106.0,3136.0,3124.75,3094.75,203.3000000000001,253.3000000000001
4,106,3145.375,228.3000000000001,25.68315068493151,73,0,3136.0,3166.0,3154.75,3124.75,203.3000000000001,253.3000000000001
4,107,3175.375,228.3000000000001,26.146707317073172,82,0,3166.0,3196.0,3184.75,3154.75,203.3000000000001,253.3000000000001
4,108,3205.375,228.3000000000001,29.337261904761913,84,0,3196.0,3226.0,3214.75,3184.75,203.3000000000001,253.3000000000001
4,109,3235.375,228.3000000000001,29.33405797101449,69,0,3226.0,3256.0,3244.75,3214.75,203.3000000000001,253.3000000000001
4,110,3265.375,228.3000000000001,32.58753424657535,73,0,3256.0,3286.0,3274.75,3244.75,203.3000000000001,253.3000000000001
4,111,3295.375,228.3000000000001,28.70272727272727,77,0,3286.0,3316.0,3304.75,3274.75,203.3000000000001,253.3000000000001
4,112,3325.375,228.3000000000001,22.442555555555554,90,0,3316.0,3346.0,3334.75,3304.75,203.3000000000001,253.3000000000001
4,113,3355.375,228.3000000000001,21.981612903225816,62,0,3346.0,3376.0,3364.75,3334.75,203.3000000000001,253.3000000000001
4,114,3385.375,228.3000000000001,21.853194444444444,72,0,3376.0,3406.0,3394.75,3364.75,203.3000000000001,253.3000000000001
4,115,3415.375,228.3000000000001,21.3210843373494,83,0,3406.0,3436.0,3424.75,3394.75,203.3000000000001,253.3000000000001
4,116,3445.375,228.3000000000001,25.787307692307703,78,0,3436.0,3466.0,3454.75,3424.75,203.3000000000001,253.3000000000001
4,117,3475.375,228.3000000000001,22.488913043478266,92,0,3466.0,3496.0,3484.75,3454.75,203.3000000000001,253.3000000000001
4,118,3505.375,228.3000000000001,22.77284090909091,88,0,3496.0,3526.0,3514.75,3484.75,203.3000000000001,253.3000000000001
4,119,3535.375,228.3000000000001,25.9292857142857,70,0,3526.0,3556.0,3544.75,3514.75,203.3000000000001,253.3000000000001
4,120,3565.375,228.3000000000001,25.55815384615384,65,0,3556.0,3586.0,3574.75,3544.75,203.3000000000001,253.3000000000001
4,121,3595.375,228.3000000000001,31.8332075471698,53,0,3586.0,3616.0,3604.75,3574.75,203.3000000000001,253.3000000000001
4,122,3625.375,228.3000000000001,34.78348837209303,43,0,3616.0,3646.0,3634.75,3604.75,203.3000000000001,253.3000000000001
4,123,3655.375,228.3000000000001,,0,0,3646.0,3676.0,3664.75,3634.75,203.3000000000001,253.3000000000001
4,124,3685.375,228.3000000000001,,0,0,3676.0,3706.0,3694.75,3664.75,203.3000000000001,253.3000000000001
4,125,3715.375,228.3000000000001,,0,0,3706.0,3736.0,3724.75,3694.75,203.3000000000001,253.3000000000001
4,126,3745.375,228.3000000000001,,0,0,3736.0,3766.0,3754.75,3724.75,203.3000000000001,253.3000000000001
4,127,3775.375,228.3000000000001,,0,0,3766.0,3796.0,3784.75,3754.75,203.3000000000001,253.3000000000001
4,128,3805.375,228.3000000000001,,0,0,3796.0,3826.0,3814.75,3784.75,203.3000000000001,253.3000000000001
4,129,3835.375,228.3000000000001,,0,0,3826.0,3856.0,3844.75,3814.75,203.3000000000001,253.3000000000001
5,1,-15.875,278.30000000000007,,0,0,-25.25,4.75,-6.5,-36.5,253.3000000000001,303.30000000000007
5,2,14.125,278.30000000000007,68.005,18,0,4.75,34.75,23.5,-6.5,253.3000000000001,303.30000000000007
5,3,44.125,278.30000000000007,72.08545454545455,11,0,34.75,64.75,53.5,23.5,253.3000000000001,303.30000000000007
5,4,74.125,278.30000000000007,55.33956521739131,23,0,64.75,94.75,83.5,53.5,253.3000000000001,303.30000000000007
5,5,104.125,278.30000000000007,58.88119047619048,42,0,94.75,124.75,113.5,83.5,253.3000000000001,303.30000000000007
5,6,134.125,278.30000000000007,63.219583333333325,24,0,124.75,154.75,143.5,113.5,253.3000000000001,303.30000000000007
5,7,164.125,278.30000000000007,69.8775,32,0,154.75,184.75,173.5,143.5,253.3000000000001,303.30000000000007
5,8,194.125,278.30000000000007,71.48833333333333,30,0,184.75,214.75,203.5,173.5,253.3000000000001,303.30000000000007
5,9,224.125,278.30000000000007,67.19761904761906,21,0,214.75,244.75,233.5,203.5,253.3000000000001,303.30000000000007
5,10,254.125,278.30000000000007,63.64851851851851,27,0,244.75,274.75,263.5,233.5,253.3000000000001,303.30000000000007
5,11,284.125,278.30000000000007,68.3775,16,0,274.75,304.75,293.5,263.5,253.3000000000001,303.30000000000007
5,12,314.125,278.30000000000007,69.8076923076923,13,0,304.75,334.75,323.5,293.5,253.3000000000001,303.30000000000007
5,13,344.125,278.30000000000007,75.5942857142857,14,0,334.75,364.75,353.5,323.5,253.3000000000001,303.30000000000007
5,14,374.125,278.30000000000007,70.70750000000001,12,0,364.75,394.75,383.5,353.5,253.3000000000001,303.30000000000007
5,15,404.125,278.30000000000007,57.83416666666666,36,0,394.75,424.75,413.5,383.5,253.3000000000001,303.30000000000007
5,16,434.125,278.30000000000007,61.701395348837195,43,0,424.75,454.75,443.5,413.5,253.3000000000001,303.30000000000007
5,17,464.125,278.30000000000007,60.462799999999994,25,0,454.75,484.75,473.5,443.5,253.3000000000001,303.30000000000007
5,18,494.125,278.30000000000007,62.439677419354844,31,0,484.75,514.75,503.5,473.5,253.3000000000001,303.30000000000007
5,19,524.125,278.30000000000007,58.323404255319154,47,0,514.75,544.75,533.5,503.5,253.3000000000001,303.30000000000007
5,20,554.125,278.30000000000007,60.68774193548387,31,0,544.75,574.75,563.5,533.5,253.3000000000001,303.30000000000007
5,21,584.125,278.30000000000007,57.30155555555557,45,0,574.75,604.75,593.5,563.5,253.3000000000001,303.30000000000007
5,22,614.125,278.30000000000007,59.41756756756756,37,0,604.75,634.75,623.5,593.5,253.3000000000001,303.30000000000007
5,23,644.125,278.30000000000007,62.96852941176471,34,0,634.75,664.75,653.5,623.5,253.3000000000001,303.30000000000007
5,24,674.125,278.30000000000007,64.799375,16,0,664.75,694.75,683.5,653.5,253.3000000000001,303.30000000000007
5,25,704.125,278.30000000000007,54.94749999999999,48,0,694.75,724.75,713.5,683.5,253.3000000000001,303.30000000000007
5,26,734.125,278.30000000000007,57.62831249999999,40,0,724.75,754.75,743.5,713.5,253.3000000000001,303.30000000000007
5,27,764.125,278.30000000000007,61.79884615384616,26,0,754.75,784.75,773.5,743.5,253.3000000000001,303.30000000000007
5,28,794.125,278.30000000000007,65.06464285714287,28,0,784.75,814.75,803.5,773.5,253.3000000000001,303.30000000000007
5,29,824.125,278.30000000000007,65.70947368421052,38,0,814.75,844.75,833.5,803.5,253.3000000000001,303.30000000000007
5,30,854.125,278.30000000000007,59.44562500000001,48,0,844.75,874.75,863.5,833.5,253.3000000000001,303.30000000000007
5,31,884.125,278.30000000000007,61.7554054054054,37,0,874.75,904.75,893.5,863.5,253.3000000000001,303.30000000000007
5,32,914.125,278.30000000000007,61.696739130434786,46,0,904.75,934.75,923.5,893.5,253.3000000000001,303.30000000000007
5,33,944.125,278.30000000000007,63.94181818181819,22,0,934.75,964.75,953.5,923.5,253.3000000000001,303.30000000000007
5,34,974.125,278.30000000000007,60.22703703703704,27,0,964.75,994.75,983.5,953.5,253.3000000000001,303.30000000000007
5,35,1004.125,278.30000000000007,51.96653061224489,49,0,994.75,1024.75,1013.5,983.5,253.3000000000001,303.30000000000007
5,36,1034.125,278.30000000000007,46.63854721549639,59,0,1024.75,1054.75,1043.5,1013.5,253.3000000000001,303.30000000000007
5,37,1064.125,278.30000000000007,38.96545454545454,66,0,1054.75,1084.75,1073.5,1043.5,253.3000000000001,303.30000000000007
5,38,1094.125,278.30000000000007,42.56550000000001,60,0,1084.75,1114.75,1103.5,1073.5,253.3000000000001,303.30000000000007
5,39,1124.125,278.30000000000007,52.914285714285704,28,0,1114.75,1144.75,1133.5,1103.5,253.3000000000001,303.30000000000007
5,40,1154.125,278.30000000000007,51.899444444444455,36,0,1144.75,1174.75,1163.5,1133.5,253.3000000000001,303.30000000000007
5,41,1184.125,278.30000000000007,42.31467741935484,62,0,1174.75,1204.75,1193.5,1163.5,253.3000000000001,303.30000000000007
5,42,1214.125,278.30000000000007,39.120000000000005,48,0,1204.75,1234.75,1223.5,1193.5,253.3000000000001,303.30000000000007
5,43,1244.125,278.30000000000007,46.947045454545446,44,0,1234.75,1264.75,1253.5,1223.5,253.3000000000001,303.30000000000007
5,44,1274.125,278.30000000000007,53.667878787878784,33,0,1264.75,1294.75,1283.5,1253.5,253.3000000000001,303.30000000000007
5,45,1304.125,278.30000000000007,45.765076923076926,65,0,1294.75,1324.75,1313.5,1283.5,253.3000000000001,303.30000000000007
5,46,1334.125,278.30000000000007,50.505961538461534,52,0,1324.75,1354.75,1343.5,1313.5,253.3000000000001,303.30000000000007
5,47,1364.125,278.30000000000007,44.473200000000006,50,0,1354.75,1384.75,1373.5,1343.5,253.3000000000001,303.30000000000007
5,48,1394.125,278.30000000000007,34.03037735849057,53,0,1384.75,1414.75,1403.5,1373.5,253.3000000000001,303.30000000000007
5,49,1424.125,278.30000000000007,30.750163934426237,61,0,1414.75,1444.75,1433.5,1403.5,253.3000000000001,303.30000000000007
5,50,1454.125,278.30000000000007,43.03516129032259,62,0,1444.75,1474.75,1463.5,1433.5,253.3000000000001,303.30000000000007
5,51,1484.125,278.30000000000007,37.55066666666667,60,0,1474.75,1504.75,1493.5,1463.5,253.3000000000001,303.30000000000007
5,52,1514.125,278.30000000000007,33.270789473684225,76,0,1504.75,1534.75,1523.5,1493.5,253.3000000000001,303.30000000000007
5,53,1544.125,278.30000000000007,34.91406249999999,64,0,1534.75,1564.75,1553.5,1523.5,253.3000000000001,303.30000000000007
5,54,1574.125,278.30000000000007,39.51754385964912,57,0,1564.75,1594.75,1583.5,1553.5,253.3000000000001,303.30000000000007
5,55,1604.125,278.30000000000007,40.01000000000001,67,0,1594.75,1624.75,1613.5,1583.5,253.3000000000001,303.30000000000007
5,56,1634.125,278.30000000000007,35.42274999999999,80,0,1624.75,1654.75,1643.5,1613.5,253.3000000000001,303.30000000000007
5,57,1664.125,278.30000000000007,33.434705882352944,68,0,1654.75,1684.75,1673.5,1643.5,253.3000000000001,303.30000000000007
5,58,1694.125,278.30000000000007,35.457605633802814,71,0,1684.75,1714.75,1703.5,1673.5,253.3000000000001,303.30000000000007
5,59,1724.125,278.30000000000007,34.29550724637679,69,0,1714.75,1744.75,1733.5,1703.5,253.3000000000001,303.30000000000007
5,60,1754.125,278.30000000000007,38.413000000000004,60,0,1744.75,1774.75,1763.5,1733.5,253.3000000000001,303.30000000000007
5,61,1784.125,278.30000000000007,31.01439393939393,66,0,1774.75,1804.75,1793.5,1763.5,253.3000000000001,303.30000000000007
5,62,1814.125,278.30000000000007,29.40410714285714,56,0,1804.75,1834.75,1823.5,1793.5,253.3000000000001,303.30000000000007
5,63,1844.125,278.30000000000007,30.815818181818184,55,0,1834.75,1864.75,1853.5,1823.5,253.3000000000001,303.30000000000007
5,64,1874.125,278.30000000000007,33.64754385964911,57,0,1864.75,1894.75,1883.5,1853.5,253.3000000000001,303.30000000000007
5,65,1904.125,278.30000000000007,37.096363636363634,44,0,1894.75,1924.75,1913.5,1883.5,253.3000000000001,303.30000000000007
5,66,1934.125,278.30000000000007,41.725555555555566,45,0,1924.75,1954.75,1943.5,1913.5,253.3000000000001,303.30000000000007
5,67,1964.125,278.30000000000007,36.99820000000001,50,0,1954.75,1984.75,1973.5,1943.5,253.3000000000001,303.30000000000007
5,68,1994.125,278.30000000000007,34.42762711864407,59,0,1984.75,2014.75,2003.5,1973.5,253.3000000000001,303.30000000000007
5,69,2024.125,278.30000000000007,36.65204081632652,49,0,2014.75,2044.75,2033.5,2003.5,253.3000000000001,303.30000000000007
5,70,2054.125,278.30000000000007,36.317735849056604,53,0,2044.75,2074.75,2063.5,2033.5,253.3000000000001,303.30000000000007
5,71,2084.125,278.30000000000007,32.288688524590164,61,0,2074.75,2104.75,2093.5,2063.5,253.3000000000001,303.30000000000007
5,72,2114.125,278.30000000000007,34.73879310344829,58,0,2104.75,2134.75,2123.5,2093.5,253.3000000000001,303.30000000000007
5,73,2144.125,278.30000000000007,39.89054545454545,55,0,2134.75,2164.75,2153.5,2123.5,253.3000000000001,303.30000000000007
5,74,2174.125,278.30000000000007,42.00613636363638,44,0,2164.75,2194.75,2183.5,2153.5,253.3000000000001,303.30000000000007
5,75,2204.125,278.30000000000007,33.4972,50,0,2194.75,2224.75,2213.5,2183.5,253.3000000000001,303.30000000000007
5,76,2234.125,278.30000000000007,28.30528301886792,53,0,2224.75,2254.75,2243.5,2213.5,253.3000000000001,303.30000000000007
5,77,2264.125,278.30000000000007,23.855076923076926,65,0,2254.75,2284.75,2273.5,2243.5,253.3000000000001,303.30000000000007
5,78,2294.125,278.30000000000007,28.056760563380287,71,0,2284.75,2314.75,2303.5,2273.5,253.3000000000001,303.30000000000007
5,79,2324.125,278.30000000000007,33.78467741935484,62,0,2314.75,2344.75,2333.5,2303.5,253.3000000000001,303.30000000000007
5,80,2354.125,278.30000000000007,38.43326923076923,52,0,2344.75,2374.75,2363.5,2333.5,253.3000000000001,303.30000000000007
5,81,2384.125,278.30000000000007,38.60999999999999,56,0,2374.75,2404.75,2393.5,2363.5,253.3000000000001,303.30000000000007
5,82,2414.125,278.30000000000007,36.199636363636365,55,0,2404.75,2434.75,2423.5,2393.5,253.3000000000001,303.30000000000007
5,83,2444.125,278.30000000000007,32.12795918367347,49,0,2434.75,2464.75,2453.5,2423.5,253.3000000000001,303.30000000000007
5,84,2474.125,278.30000000000007,28.5801724137931,58,0,2464.75,2494.75,2483.5,2453.5,253.3000000000001,303.30000000000007
5,85,2504.125,278.30000000000007,27.00609756097561,82,0,2494.75,2524.75,2513.5,2483.5,253.3000000000001,303.30000000000007
5,86,2534.125,278.30000000000007,30.806567164179103,67,0,2524.75,2554.75,2543.5,2513.5,253.3000000000001,303.30000000000007
5,87,2564.125,278.30000000000007,31.138888888888896,54,0,2554.75,2584.75,2573.5,2543.5,253.3000000000001,303.30000000000007
5,88,2594.125,278.30000000000007,30.014827586206902,58,0,2584.75,2614.75,2603.5,2573.5,253.3000000000001,303.30000000000007
5,89,2624.125,278.30000000000007,32.13666666666667,54,0,2614.75,2644.75,2633.5,2603.5,253.3000000000001,303.30000000000007
5,90,2654.125,278.30000000000007,33.51280701754385,57,0,2644.75,2674.75,2663.5,2633.5,253.3000000000001,303.30000000000007
5,91,2684.125,278.30000000000007,33.81724137931034,58,0,2674.75,2704.75,2693.5,2663.5,253.3000000000001,303.30000000000007
5,92,2714.125,278.30000000000007,28.836351351351343,74,0,2704.75,2734.75,2723.5,2693.5,253.3000000000001,303.30000000000007
5,93,2744.125,278.30000000000007,26.415362318840575,69,0,2734.75,2764.75,2753.5,2723.5,253.3000000000001,303.30000000000007
5,94,2774.125,278.30000000000007,30.880350877192985,57,0,2764.75,2794.75,2783.5,2753.5,253.3000000000001,303.30000000000007
5,95,2804.125,278.30000000000007,31.950877192982464,57,0,2794.75,2824.75,2813.5,2783.5,253.3000000000001,303.30000000000007
5,96,2834.125,278.30000000000007,32.251230769230766,65,0,2824.75,2854.75,2843.5,2813.5,253.3000000000001,303.30000000000007
5,97,2864.125,278.30000000000007,30.10630136986301,73,0,2854.75,2884.75,2873.5,2843.5,253.3000000000001,303.30000000000007
5,98,2894.125,278.30000000000007,25.02616279069768,86,0,2884.75,2914.75,2903.5,2873.5,253.3000000000001,303.30000000000007
5,99,2924.125,278.30000000000007,28.647887323943653,71,0,2914.75,2944.75,2933.5,2903.5,253.3000000000001,303.30000000000007
5,100,2954.125,278.30000000000007,35.411864406779664,59,0,2944.75,2974.75,2963.5,2933.5,253.3000000000001,303.30000000000007
5,101,2984.125,278.30000000000007,35.975438596491216,57,0,2974.75,3004.75,2993.5,2963.5,253.3000000000001,303.30000000000007
5,102,3014.125,278.30000000000007,34.10267605633802,71,0,3004.75,3034.75,3023.5,2993.5,253.3000000000001,303.30000000000007
5,103,3044.125,278.30000000000007,37.40511111111111,45,0,3034.75,3064.75,3053.5,3023.5,253.3000000000001,303.30000000000007
5,104,3074.125,278.30000000000007,40.26327272727273,55,0,3064.75,3094.75,3083.5,3053.5,253.3000000000001,303.30000000000007
5,105,3104.125,278.30000000000007,35.04276595744681,47,0,3094.75,3124.75,3113.5,3083.5,253.3000000000001,303.30000000000007
5,106,3134.125,278.30000000000007,30.03933333333332,60,0,3124.75,3154.75,3143.5,3113.5,253.3000000000001,303.30000000000007
5,107,3164.125,278.30000000000007,30.15529411764706,68,0,3154.75,3184.75,3173.5,3143.5,253.3000000000001,303.30000000000007
5,108,3194.125,278.30000000000007,31.022702702702706,74,0,3184.75,3214.75,3203.5,3173.5,253.3000000000001,303.30000000000007
5,109,3224.125,278.30000000000007,34.06016129032258,62,0,3214.75,3244.75,3233.5,3203.5,253.3000000000001,303.30000000000007
5,110,3254.125,278.30000000000007,31.314315068493148,73,0,3244.75,3274.75,3263.5,3233.5,253.3000000000001,303.30000000000007
5,111,3284.125,278.30000000000007,30.27794520547946,73,0,3274.75,3304.75,3293.5,3263.5,253.3000000000001,303.30000000000007
5,112,3314.125,278.30000000000007,24.77650602409639,83,0,3304.75,3334.75,3323.5,3293.5,253.3000000000001,303.30000000000007
5,113,3344.125,278.30000000000007,22.570740740740753,81,0,3334.75,3364.75,3353.5,3323.5,253.3000000000001,303.30000000000007
5,114,3374.125,278.30000000000007,21.67140845070422,71,0,3364.75,3394.75,3383.5,3353.5,253.3000000000001,303.30000000000007
5,115,3404.125,278.30000000000007,23.51516666666667,60,0,3394.75,3424.75,3413.5,3383.5,253.3000000000001,303.30000000000007
5,116,3434.125,278.30000000000007,28.607714285714287,70,0,3424.75,3454.75,3443.5,3413.5,253.3000000000001,303.30000000000007
5,117,3464.125,278.30000000000007,24.671374999999994,80,0,3454.75,3484.75,3473.5,3443.5,253.3000000000001,303.30000000000007
5,118,3494.125,278.30000000000007,26.064124999999997,80,0,3484.75,3514.75,3503.5,3473.5,253.3000000000001,303.30000000000007
5,119,3524.125,278.30000000000007,30.92284153005464,61,0,3514.75,3544.75,3533.5,3503.5,253.3000000000001,303.30000000000007
5,120,3554.125,278.30000000000007,33.16836065573771,61,0,3544.75,3574.75,3563.5,3533.5,253.3000000000001,303.30000000000007
5,121,3584.125,278.30000000000007,33.39228070175439,57,0,3574.75,3604.75,3593.5,3563.5,253.3000000000001,303.30000000000007
5,122,3614.125,278.30000000000007,38.11191489361703,47,0,3604.75,3634.75,3623.5,3593.5,253.3000000000001,303.30000000000007
5,123,3644.125,278.30000000000007,38.489230769230765,13,0,3634.75,3664.75,3653.5,3623.5,253.3000000000001,303.30000000000007
5,124,3674.125,278.30000000000007,,0,0,3664.75,3694.75,3683.5,3653.5,253.3000000000001,303.30000000000007
5,125,3704.125,278.30000000000007,,0,0,3694.75,3724.75,3713.5,3683.5,253.3000000000001,303.30000000000007
5,126,3734.125,278.30000000000007,,0,0,3724.75,3754.75,3743.5,3713.5,253.3000000000001,303.30000000000007
5,127,3764.125,278.30000000000007,,0,0,3754.75,3784.75,3773.5,3743.5,253.3000000000001,303.30000000000007
5,128,3794.125,278.30000000000007,,0,0,3784.75,3814.75,3803.5,3773.5,253.3000000000001,303.30000000000007
5,129,3824.125,278.30000000000007,,0,0,3814.75,3844.75,3833.5,3803.5,253.3000000000001,303.30000000000007
6,2,2.875,328.30000000000007,69.993,10,0,-6.5,23.5,12.25,-17.75,303.30000000000007,353.30000000000007
6,3,32.875,328.30000000000007,70.95071428571428,14,0,23.5,53.5,42.25,12.25,303.30000000000007,353.30000000000007
6,4,62.875,328.30000000000007,73.48599999999999,10,0,53.5,83.5,72.25,42.25,303.30000000000007,353.30000000000007
6,5,92.875,328.30000000000007,57.593492063492064,45,0,83.5,113.5,102.25,72.25,303.30000000000007,353.30000000000007
6,6,122.875,328.30000000000007,62.79333333333334,27,0,113.5,143.5,132.25,102.25,303.30000000000007,353.30000000000007
6,7,152.875,328.30000000000007,67.32037037037036,27,0,143.5,173.5,162.25,132.25,303.30000000000007,353.30000000000007
6,8,182.875,328.30000000000007,77.78761904761905,21,0,173.5,203.5,192.25,162.25,303.30000000000007,353.30000000000007
6,9,212.875,328.30000000000007,69.96058823529411,34,0,203.5,233.5,222.25,192.25,303.30000000000007,353.30000000000007
6,10,242.875,328.30000000000007,66.874,20,0,233.5,263.5,252.25,222.25,303.30000000000007,353.30000000000007
6,11,272.875,328.30000000000007,69.37857142857143,21,0,263.5,293.5,282.25,252.25,303.30000000000007,353.30000000000007
6,12,302.875,328.30000000000007,66.99733333333333,15,0,293.5,323.5,312.25,282.25,303.30000000000007,353.30000000000007
6,13,332.875,328.30000000000007,78.46090909090911,11,0,323.5,353.5,342.25,312.25,303.30000000000007,353.30000000000007
6,14,362.875,328.30000000000007,74.16545454545454,11,0,353.5,383.5,372.25,342.25,303.30000000000007,353.30000000000007
6,15,392.875,328.30000000000007,61.65095238095238,21,0,383.5,413.5,402.25,372.25,303.30000000000007,353.30000000000007
6,16,422.875,328.30000000000007,62.4006976744186,43,0,413.5,443.5,432.25,402.25,303.30000000000007,353.30000000000007
6,17,452.875,328.30000000000007,62.26058823529411,34,0,443.5,473.5,462.25,432.25,303.30000000000007,353.30000000000007
6,18,482.875,328.30000000000007,62.60948717948718,39,0,473.5,503.5,492.25,462.25,303.30000000000007,353.30000000000007
6,19,512.875,328.30000000000007,60.96934472934474,39,0,503.5,533.5,522.25,492.25,303.30000000000007,353.30000000000007
6,20,542.875,328.30000000000007,61.06433333333333,30,0,533.5,563.5,552.25,522.25,303.30000000000007,353.30000000000007
6,21,572.875,328.30000000000007,58.17305555555556,36,0,563.5,593.5,582.25,552.25,303.30000000000007,353.30000000000007
6,22,602.875,328.30000000000007,60.514722222222225,36,0,593.5,623.5,612.25,582.25,303.30000000000007,353.30000000000007
6,23,632.875,328.30000000000007,61.26149999999998,40,0,623.5,653.5,642.25,612.25,303.30000000000007,353.30000000000007
6,24,662.875,328.30000000000007,67.37058823529411,17,0,653.5,683.5,672.25,642.25,303.30000000000007,353.30000000000007
6,25,692.875,328.30000000000007,58.17699999999999,30,0,683.5,713.5,702.25,672.25,303.30000000000007,353.30000000000007
6,26,722.875,328.30000000000007,58.5146511627907,43,0,713.5,743.5,732.25,702.25,303.30000000000007,353.30000000000007
6,27,752.875,328.30000000000007,61.47839999999999,25,0,743.5,773.5,762.25,732.25,303.30000000000007,353.30000000000007
6,28,782.875,328.30000000000007,63.87866666666666,30,0,773.5,803.5,792.25,762.25,303.30000000000007,353.30000000000007
6,29,812.875,328.30000000000007,67.98903225806451,31,0,803.5,833.5,822.25,792.25,303.30000000000007,353.30000000000007
6,30,842.875,328.30000000000007,63.83275,40,0,833.5,863.5,852.25,822.25,303.30000000000007,353.30000000000007
6,31,872.875,328.30000000000007,59.3834090909091,44,0,863.5,893.5,882.25,852.25,303.30000000000007,353.30000000000007
6,32,902.875,328.30000000000007,62.06302325581397,43,0,893.5,923.5,912.25,882.25,303.30000000000007,353.30000000000007
6,33,932.875,328.30000000000007,64.13676470588237,34,0,923.5,953.5,942.25,912.25,303.30000000000007,353.30000000000007
6,34,962.875,328.30000000000007,63.73333333333333,12,0,953.5,983.5,972.25,942.25,303.30000000000007,353.30000000000007
6,35,992.875,328.30000000000007,57.835750000000004,40,0,983.5,1013.5,1002.25,972.25,303.30000000000007,353.30000000000007
6,36,1022.875,328.30000000000007,46.77232142857143,56,0,1013.5,1043.5,1032.25,1002.25,303.30000000000007,353.30000000000007
6,37,1052.875,328.30000000000007,38.705064935064925,77,0,1043.5,1073.5,1062.25,1032.25,303.30000000000007,353.30000000000007
6,38,1082.875,328.30000000000007,43.40016393442625,61,0,1073.5,1103.5,1092.25,1062.25,303.30000000000007,353.30000000000007
6,39,1112.875,328.30000000000007,50.48714285714285,42,0,1103.5,1133.5,1122.25,1092.25,303.30000000000007,353.30000000000007
6,40,1142.875,328.30000000000007,55.76374999999999,24,0,1133.5,1163.5,1152.25,1122.25,303.30000000000007,353.30000000000007
6,41,1172.875,328.30000000000007,51.31883720930232,43,0,1163.5,1193.5,1182.25,1152.25,303.30000000000007,353.30000000000007
6,42,1202.875,328.30000000000007,41.625384615384604,52,0,1193.5,1223.5,1212.25,1182.25,303.30000000000007,353.30000000000007
6,43,1232.875,328.30000000000007,44.94951219512195,41,0,1223.5,1253.5,1242.25,1212.25,303.30000000000007,353.30000000000007
6,44,1262.875,328.30000000000007,46.54039215686274,51,0,1253.5,1283.5,1272.25,1242.25,303.30000000000007,353.30000000000007
6,45,1292.875,328.30000000000007,51.46541666666667,40,0,1283.5,1313.5,1302.25,1272.25,303.30000000000007,353.30000000000007
6,46,1322.875,328.30000000000007,48.80955882352941,68,0,1313.5,1343.5,1332.25,1302.25,303.30000000000007,353.30000000000007
6,47,1352.875,328.30000000000007,44.81022727272727,44,0,1343.5,1373.5,1362.25,1332.25,303.30000000000007,353.30000000000007
6,48,1382.875,328.30000000000007,36.377017543859644,57,0,1373.5,1403.5,1392.25,1362.25,303.30000000000007,353.30000000000007
6,49,1412.875,328.30000000000007,33.944680851063836,47,0,1403.5,1433.5,1422.25,1392.25,303.30000000000007,353.30000000000007
6,50,1442.875,328.30000000000007,40.89962962962963,54,0,1433.5,1463.5,1452.25,1422.25,303.30000000000007,353.30000000000007
6,51,1472.875,328.30000000000007,45.7091489361702,47,0,1463.5,1493.5,1482.25,1452.25,303.30000000000007,353.30000000000007
6,52,1502.875,328.30000000000007,39.40086206896551,58,0,1493.5,1523.5,1512.25,1482.25,303.30000000000007,353.30000000000007
6,53,1532.875,328.30000000000007,36.25249999999999,56,0,1523.5,1553.5,1542.25,1512.25,303.30000000000007,353.30000000000007
6,54,1562.875,328.30000000000007,35.8567142857143,70,0,1553.5,1583.5,1572.25,1542.25,303.30000000000007,353.30000000000007
6,55,1592.875,328.30000000000007,44.47803921568627,51,0,1583.5,1613.5,1602.25,1572.25,303.30000000000007,353.30000000000007
6,56,1622.875,328.30000000000007,39.13957142857143,70,0,1613.5,1643.5,1632.25,1602.25,303.30000000000007,353.30000000000007
6,57,1652.875,328.30000000000007,31.643580246913583,81,0,1643.5,1673.5,1662.25,1632.25,303.30000000000007,353.30000000000007
6,58,1682.875,328.30000000000007,34.225862068965526,58,0,1673.5,1703.5,1692.25,1662.25,303.30000000000007,353.30000000000007
6,59,1712.875,328.30000000000007,34.518,75,0,1703.5,1733.5,1722.25,1692.25,303.30000000000007,353.30000000000007
6,60,1742.875,328.30000000000007,35.69294117647058,68,0,1733.5,1763.5,1752.25,1722.25,303.30000000000007,353.30000000000007
6,61,1772.875,328.30000000000007,34.90704918032787,61,0,1763.5,1793.5,1782.25,1752.25,303.30000000000007,353.30000000000007
6,62,1802.875,328.30000000000007,30.089508196721305,61,0,1793.5,1823.5,1812.25,1782.25,303.30000000000007,353.30000000000007
6,63,1832.875,328.30000000000007,31.309245283018857,53,0,1823.5,1853.5,1842.25,1812.25,303.30000000000007,353.30000000000007
6,64,1862.875,328.30000000000007,35.083478260869576,46,0,1853.5,1883.5,1872.25,1842.25,303.30000000000007,353.30000000000007
6,65,1892.875,328.30000000000007,38.841739130434775,46,0,1883.5,1913.5,1902.25,1872.25,303.30000000000007,353.30000000000007
6,66,1922.875,328.30000000000007,43.23999999999999,45,0,1913.5,1943.5,1932.25,1902.25,303.30000000000007,353.30000000000007
6,67,1952.875,328.30000000000007,42.110606060606074,33,0,1943.5,1973.5,1962.25,1932.25,303.30000000000007,353.30000000000007
6,68,1982.875,328.30000000000007,34.36983606557377,61,0,1973.5,2003.5,1992.25,1962.25,303.30000000000007,353.30000000000007
6,69,2012.875,328.30000000000007,41.26790697674419,43,0,2003.5,2033.5,2022.25,1992.25,303.30000000000007,353.30000000000007
6,70,2042.875,328.30000000000007,41.051111111111105,45,0,2033.5,2063.5,2052.25,2022.25,303.30000000000007,353.30000000000007
6,71,2072.875,328.30000000000007,34.878181818181815,44,0,2063.5,2093.5,2082.25,2052.25,303.30000000000007,353.30000000000007
6,72,2102.875,328.30000000000007,35.789615384615395,52,0,2093.5,2123.5,2112.25,2082.25,303.30000000000007,353.30000000000007
6,73,2132.875,328.30000000000007,40.88425925925926,54,0,2123.5,2153.5,2142.25,2112.25,303.30000000000007,353.30000000000007
6,74,2162.875,328.30000000000007,43.71571428571428,49,0,2153.5,2183.5,2172.25,2142.25,303.30000000000007,353.30000000000007
6,75,2192.875,328.30000000000007,38.46422222222222,45,0,2183.5,2213.5,2202.25,2172.25,303.30000000000007,353.30000000000007
6,76,2222.875,328.30000000000007,34.32157894736843,38,0,2213.5,2243.5,2232.25,2202.25,303.30000000000007,353.30000000000007
6,77,2252.875,328.30000000000007,32.26043478260869,46,0,2243.5,2273.5,2262.25,2232.25,303.30000000000007,353.30000000000007
6,78,2282.875,328.30000000000007,31.654339622641498,53,0,2273.5,2303.5,2292.25,2262.25,303.30000000000007,353.30000000000007
6,79,2312.875,328.30000000000007,32.55145161290323,62,0,2303.5,2333.5,2322.25,2292.25,303.30000000000007,353.30000000000007
6,80,2342.875,328.30000000000007,39.77297872340425,47,0,2333.5,2363.5,2352.25,2322.25,303.30000000000007,353.30000000000007
6,81,2372.875,328.30000000000007,39.81963636363637,55,0,2363.5,2393.5,2382.25,2352.25,303.30000000000007,353.30000000000007
6,82,2402.875,328.30000000000007,36.46071428571428,42,0,2393.5,2423.5,2412.25,2382.25,303.30000000000007,353.30000000000007
6,83,2432.875,328.30000000000007,33.42474576271186,59,0,2423.5,2453.5,2442.25,2412.25,303.30000000000007,353.30000000000007
6,84,2462.875,328.30000000000007,31.339777777777773,45,0,2453.5,2483.5,2472.25,2442.25,303.30000000000007,353.30000000000007
6,85,2492.875,328.30000000000007,30.964444444444435,63,0,2483.5,2513.5,2502.25,2472.25,303.30000000000007,353.30000000000007
6,86,2522.875,328.30000000000007,30.388266666666667,75,0,2513.5,2543.5,2532.25,2502.25,303.30000000000007,353.30000000000007
6,87,2552.875,328.30000000000007,31.74620000000001,50,0,2543.5,2573.5,2562.25,2532.25,303.30000000000007,353.30000000000007
6,88,2582.875,328.30000000000007,35.15833333333333,48,0,2573.5,2603.5,2592.25,2562.25,303.30000000000007,353.30000000000007
6,89,2612.875,328.30000000000007,34.88521739130435,46,0,2603.5,2633.5,2622.25,2592.25,303.30000000000007,353.30000000000007
6,90,2642.875,328.30000000000007,36.65755102040816,49,0,2633.5,2663.5,2652.25,2622.25,303.30000000000007,353.30000000000007
6,91,2672.875,328.30000000000007,37.25827586206896,58,0,2663.5,2693.5,2682.25,2652.25,303.30000000000007,353.30000000000007
6,92,2702.875,328.30000000000007,35.822037037037035,54,0,2693.5,2723.5,2712.25,2682.25,303.30000000000007,353.30000000000007
6,93,2732.875,328.30000000000007,31.928253968253973,63,0,2723.5,2753.5,2742.25,2712.25,303.30000000000007,353.30000000000007
6,94,2762.875,328.30000000000007,33.50196078431371,51,0,2753.5,2783.5,2772.25,2742.25,303.30000000000007,353.30000000000007
6,95,2792.875,328.30000000000007,35.49153846153846,52,0,2783.5,2813.5,2802.25,2772.25,303.30000000000007,353.30000000000007
6,96,2822.875,328.30000000000007,34.896511627906975,43,0,2813.5,2843.5,2832.25,2802.25,303.30000000000007,353.30000000000007
6,97,2852.875,328.30000000000007,33.74530303030303,66,0,2843.5,2873.5,2862.25,2832.25,303.30000000000007,353.30000000000007
6,98,2882.875,328.30000000000007,28.139264705882354,68,0,2873.5,2903.5,2892.25,2862.25,303.30000000000007,353.30000000000007
6,99,2912.875,328.30000000000007,27.049436619718314,71,0,2903.5,2933.5,2922.25,2892.25,303.30000000000007,353.30000000000007
6,100,2942.875,328.30000000000007,35.33846153846154,65,0,2933.5,2963.5,2952.25,2922.25,303.30000000000007,353.30000000000007
6,101,2972.875,328.30000000000007,40.38190476190476,42,0,2963.5,2993.5,2982.25,2952.25,303.30000000000007,353.30000000000007
6,102,3002.875,328.30000000000007,38.47103448275862,58,0,2993.5,3023.5,3012.25,2982.25,303.30000000000007,353.30000000000007
6,103,3032.875,328.30000000000007,36.882962962962964,54,0,3023.5,3053.5,3042.25,3012.25,303.30000000000007,353.30000000000007
6,104,3062.875,328.30000000000007,41.961666666666666,42,0,3053.5,3083.5,3072.25,3042.25,303.30000000000007,353.30000000000007
6,105,3092.875,328.30000000000007,42.63805555555557,36,0,3083.5,3113.5,3102.25,3072.25,303.30000000000007,353.30000000000007
6,106,3122.875,328.30000000000007,37.25204081632654,49,0,3113.5,3143.5,3132.25,3102.25,303.30000000000007,353.30000000000007
6,107,3152.875,328.30000000000007,37.186530612244894,49,0,3143.5,3173.5,3162.25,3132.25,303.30000000000007,353.30000000000007
6,108,3182.875,328.30000000000007,33.71644067796611,59,0,3173.5,3203.5,3192.25,3162.25,303.30000000000007,353.30000000000007
6,109,3212.875,328.30000000000007,38.46507692307693,65,0,3203.5,3233.5,3222.25,3192.25,303.30000000000007,353.30000000000007
6,110,3242.875,328.30000000000007,35.71142857142856,49,0,3233.5,3263.5,3252.25,3222.25,303.30000000000007,353.30000000000007
6,111,3272.875,328.30000000000007,34.793650793650784,63,0,3263.5,3293.5,3282.25,3252.25,303.30000000000007,353.30000000000007
6,112,3302.875,328.30000000000007,28.489682539682537,63,0,3293.5,3323.5,3312.25,3282.25,303.30000000000007,353.30000000000007
6,113,3332.875,328.30000000000007,26.077260273972605,73,0,3323.5,3353.5,3342.25,3312.25,303.30000000000007,353.30000000000007
6,114,3362.875,328.30000000000007,27.917678571428578,56,0,3353.5,3383.5,3372.25,3342.25,303.30000000000007,353.30000000000007
6,115,3392.875,328.30000000000007,28.043076923076924,52,0,3383.5,3413.5,3402.25,3372.25,303.30000000000007,353.30000000000007
6,116,3422.875,328.30000000000007,32.33203389830509,59,0,3413.5,3443.5,3432.25,3402.25,303.30000000000007,353.30000000000007
6,117,3452.875,328.30000000000007,30.90555555555556,54,0,3443.5,3473.5,3462.25,3432.25,303.30000000000007,353.30000000000007
6,118,3482.875,328.30000000000007,29.832380952380966,63,0,3473.5,3503.5,3492.25,3462.25,303.30000000000007,353.30000000000007
6,119,3512.875,328.30000000000007,35.34142857142858,56,0,3503.5,3533.5,3522.25,3492.25,303.30000000000007,353.30000000000007
6,120,3542.875,328.30000000000007,38.826744186046504,43,0,3533.5,3563.5,3552.25,3522.25,303.30000000000007,353.30000000000007
6,121,3572.875,328.30000000000007,39.46285714285714,42,0,3563.5,3593.5,3582.25,3552.25,303.30000000000007,353.30000000000007
6,122,3602.875,328.30000000000007,37.903124999999996,48,0,3593.5,3623.5,3612.25,3582.25,303.30000000000007,353.30000000000007
6,123,3632.875,328.30000000000007,42.60939393939393,33,0,3623.5,3653.5,3642.25,3612.25,303.30000000000007,353.30000000000007
6,124,3662.875,328.30000000000007,,0,0,3653.5,3683.5,3672.25,3642.25,303.30000000000007,353.30000000000007
6,125,3692.875,328.30000000000007,,0,0,3683.5,3713.5,3702.25,3672.25,303.30000000000007,353.30000000000007
6,126,3722.875,328.30000000000007,,0,0,3713.5,3743.5,3732.25,3702.25,303.30000000000007,353.30000000000007
6,127,3752.875,328.30000000000007,,0,0,3743.5,3773.5,3762.25,3732.25,303.30000000000007,353.30000000000007
6,128,3782.875,328.30000000000007,,0,0,3773.5,3803.5,3792.25,3762.25,303.30000000000007,353.30000000000007
6,129,3812.875,328.30000000000007,,0,0,3803.5,3833.5,3822.25,3792.25,303.30000000000007,353.30000000000007
7,2,-8.375,378.30000000000007,68.56,4,0,-17.75,12.25,1.0,-29.0,353.30000000000007,403.30000000000007
7,3,21.625,378.30000000000007,68.80636363636363,22,0,12.25,42.25,31.0,1.0,353.30000000000007,403.30000000000007
7,4,51.625,378.30000000000007,71.88300000000001,10,0,42.25,72.25,61.0,31.0,353.30000000000007,403.30000000000007
7,5,81.625,378.30000000000007,62.299285714285716,28,0,72.25,102.25,91.0,61.0,353.30000000000007,403.30000000000007
7,6,111.625,378.30000000000007,60.58125,40,0,102.25,132.25,121.0,91.0,353.30000000000007,403.30000000000007
7,7,141.625,378.30000000000007,65.84695652173912,23,0,132.25,162.25,151.0,121.0,353.30000000000007,403.30000000000007
7,8,171.625,378.30000000000007,72.01625,24,0,162.25,192.25,181.0,151.0,353.30000000000007,403.30000000000007
7,9,201.625,378.30000000000007,73.24757575757576,33,0,192.25,222.25,211.0,181.0,353.30000000000007,403.30000000000007
7,10,231.625,378.30000000000007,70.08136363636363,22,0,222.25,252.25,241.0,211.0,353.30000000000007,403.30000000000007
7,11,261.625,378.30000000000007,64.91791666666668,24,0,252.25,282.25,271.0,241.0,353.30000000000007,403.30000000000007
7,12,291.625,378.30000000000007,70.03052631578946,19,0,282.25,312.25,301.0,271.0,353.30000000000007,403.30000000000007
7,13,321.625,378.30000000000007,70.04222222222224,9,0,312.25,342.25,331.0,301.0,353.30000000000007,403.30000000000007
7,14,351.625,378.30000000000007,76.37694444444445,12,0,342.25,372.25,361.0,331.0,353.30000000000007,403.30000000000007
7,15,381.625,378.30000000000007,71.98153846153846,13,0,372.25,402.25,391.0,361.0,353.30000000000007,403.30000000000007
7,16,411.625,378.30000000000007,59.656315789473695,38,0,402.25,432.25,421.0,391.0,353.30000000000007,403.30000000000007
7,17,441.625,378.30000000000007,63.65868421052631,38,0,432.25,462.25,451.0,421.0,353.30000000000007,403.30000000000007
7,18,471.625,378.30000000000007,61.129583333333336,24,0,462.25,492.25,481.0,451.0,353.30000000000007,403.30000000000007
7,19,501.625,378.30000000000007,63.668749999999996,32,0,492.25,522.25,511.0,481.0,353.30000000000007,403.30000000000007
7,20,531.625,378.30000000000007,60.141904761904755,42,0,522.25,552.25,541.0,511.0,353.30000000000007,403.30000000000007
7,21,561.625,378.30000000000007,61.04374999999999,32,0,552.25,582.25,571.0,541.0,353.30000000000007,403.30000000000007
7,22,591.625,378.30000000000007,59.230749999999986,40,0,582.25,612.25,601.0,571.0,353.30000000000007,403.30000000000007
7,23,621.625,378.30000000000007,60.711470588235294,34,0,612.25,642.25,631.0,601.0,353.30000000000007,403.30000000000007
7,24,651.625,378.30000000000007,63.08441176470588,34,0,642.25,672.25,661.0,631.0,353.30000000000007,403.30000000000007
7,25,681.625,378.30000000000007,66.3375,12,0,672.25,702.25,691.0,661.0,353.30000000000007,403.30000000000007
7,26,711.625,378.30000000000007,56.43934782608696,46,0,702.25,732.25,721.0,691.0,353.30000000000007,403.30000000000007
7,27,741.625,378.30000000000007,60.312051282051286,39,0,732.25,762.25,751.0,721.0,353.30000000000007,403.30000000000007
7,28,771.625,378.30000000000007,61.872400000000006,25,0,762.25,792.25,781.0,751.0,353.30000000000007,403.30000000000007
7,29,801.625,378.30000000000007,67.40714285714286,28,0,792.25,822.25,811.0,781.0,353.30000000000007,403.30000000000007
7,30,831.625,378.30000000000007,66.66624999999999,32,0,822.25,852.25,841.0,811.0,353.30000000000007,403.30000000000007
7,31,861.625,378.30000000000007,59.775319148936155,47,0,852.25,882.25,871.0,841.0,353.30000000000007,403.30000000000007
7,32,891.625,378.30000000000007,61.25194444444445,36,0,882.25,912.25,901.0,871.0,353.30000000000007,403.30000000000007
7,33,921.625,378.30000000000007,63.54699999999999,40,0,912.25,942.25,931.0,901.0,353.30000000000007,403.30000000000007
7,34,951.625,378.30000000000007,63.594090909090916,22,0,942.25,972.25,961.0,931.0,353.30000000000007,403.30000000000007
7,35,981.625,378.30000000000007,59.86173913043479,23,0,972.25,1002.25,991.0,961.0,353.30000000000007,403.30000000000007
7,36,1011.625,378.30000000000007,48.55080000000001,50,0,1002.25,1032.25,1021.0,991.0,353.30000000000007,403.30000000000007
7,37,1041.625,378.30000000000007,43.326851851851856,54,0,1032.25,1062.25,1051.0,1021.0,353.30000000000007,403.30000000000007
7,38,1071.625,378.30000000000007,43.818448275862075,58,0,1062.25,1092.25,1081.0,1051.0,353.30000000000007,403.30000000000007
7,39,1101.625,378.30000000000007,48.83363636363638,55,0,1092.25,1122.25,1111.0,1081.0,353.30000000000007,403.30000000000007
7,40,1131.625,378.30000000000007,58.62391304347827,23,0,1122.25,1152.25,1141.0,1111.0,353.30000000000007,403.30000000000007
7,41,1161.625,378.30000000000007,52.474000000000004,35,0,1152.25,1182.25,1171.0,1141.0,353.30000000000007,403.30000000000007
7,42,1191.625,378.30000000000007,49.97224489795918,49,0,1182.25,1212.25,1201.0,1171.0,353.30000000000007,403.30000000000007
7,43,1221.625,378.30000000000007,45.64875,40,0,1212.25,1242.25,1231.0,1201.0,353.30000000000007,403.30000000000007
7,44,1251.625,378.30000000000007,47.12625000000002,48,0,1242.25,1272.25,1261.0,1231.0,353.30000000000007,403.30000000000007
7,45,1281.625,378.30000000000007,48.27093023255815,43,0,1272.25,1302.25,1291.0,1261.0,353.30000000000007,403.30000000000007
7,46,1311.625,378.30000000000007,48.74145161290322,62,0,1302.25,1332.25,1321.0,1291.0,353.30000000000007,403.30000000000007
7,47,1341.625,378.30000000000007,48.32580000000001,50,0,1332.25,1362.25,1351.0,1321.0,353.30000000000007,403.30000000000007
7,48,1371.625,378.30000000000007,32.60079365079366,63,0,1362.25,1392.25,1381.0,1351.0,353.30000000000007,403.30000000000007
7,49,1401.625,378.30000000000007,35.66604166666665,48,0,1392.25,1422.25,1411.0,1381.0,353.30000000000007,403.30000000000007
7,50,1431.625,378.30000000000007,40.704782608695666,46,0,1422.25,1452.25,1441.0,1411.0,353.30000000000007,403.30000000000007
7,51,1461.625,378.30000000000007,48.64627450980392,51,0,1452.25,1482.25,1471.0,1441.0,353.30000000000007,403.30000000000007
7,52,1491.625,378.30000000000007,47.23460000000001,50,0,1482.25,1512.25,1501.0,1471.0,353.30000000000007,403.30000000000007
7,53,1521.625,378.30000000000007,42.58264150943396,53,0,1512.25,1542.25,1531.0,1501.0,353.30000000000007,403.30000000000007
7,54,1551.625,378.30000000000007,40.18807692307692,52,0,1542.25,1572.25,1561.0,1531.0,353.30000000000007,403.30000000000007
7,55,1581.625,378.30000000000007,41.89442622950819,61,0,1572.25,1602.25,1591.0,1561.0,353.30000000000007,403.30000000000007
7,56,1611.625,378.30000000000007,43.53948275862068,58,0,1602.25,1632.25,1621.0,1591.0,353.30000000000007,403.30000000000007
7,57,1641.625,378.30000000000007,36.339583333333344,72,0,1632.25,1662.25,1651.0,1621.0,353.30000000000007,403.30000000000007
7,58,1671.625,378.30000000000007,33.82971830985916,71,0,1662.25,1692.25,1681.0,1651.0,353.30000000000007,403.30000000000007
7,59,1701.625,378.30000000000007,37.968,60,0,1692.25,1722.25,1711.0,1681.0,353.30000000000007,403.30000000000007
7,60,1731.625,378.30000000000007,35.27882352941177,68,0,1722.25,1752.25,1741.0,1711.0,353.30000000000007,403.30000000000007
7,61,1761.625,378.30000000000007,31.747000000000003,80,0,1752.25,1782.25,1771.0,1741.0,353.30000000000007,403.30000000000007
7,62,1791.625,378.30000000000007,29.418805970149258,67,0,1782.25,1812.25,1801.0,1771.0,353.30000000000007,403.30000000000007
7,63,1821.625,378.30000000000007,29.563934426229505,61,0,1812.25,1842.25,1831.0,1801.0,353.30000000000007,403.30000000000007
7,64,1851.625,378.30000000000007,35.11938775510205,49,0,1842.25,1872.25,1861.0,1831.0,353.30000000000007,403.30000000000007
7,65,1881.625,378.30000000000007,39.848636363636366,44,0,1872.25,1902.25,1891.0,1861.0,353.30000000000007,403.30000000000007
7,66,1911.625,378.30000000000007,42.94756756756756,37,0,1902.25,1932.25,1921.0,1891.0,353.30000000000007,403.30000000000007
7,67,1941.625,378.30000000000007,45.11774999999999,40,0,1932.25,1962.25,1951.0,1921.0,353.30000000000007,403.30000000000007
7,68,1971.625,378.30000000000007,39.15,42,0,1962.25,1992.25,1981.0,1951.0,353.30000000000007,403.30000000000007
7,69,2001.625,378.30000000000007,40.45076923076923,52,0,1992.25,2022.25,2011.0,1981.0,353.30000000000007,403.30000000000007
7,70,2031.625,378.30000000000007,47.632051282051286,39,0,2022.25,2052.25,2041.0,2011.0,353.30000000000007,403.30000000000007
7,71,2061.625,378.30000000000007,43.11046511627907,43,0,2052.25,2082.25,2071.0,2041.0,353.30000000000007,403.30000000000007
7,72,2091.625,378.30000000000007,37.4862962962963,54,0,2082.25,2112.25,2101.0,2071.0,353.30000000000007,403.30000000000007
7,73,2121.625,378.30000000000007,42.00826086956522,46,0,2112.25,2142.25,2131.0,2101.0,353.30000000000007,403.30000000000007
7,74,2151.625,378.30000000000007,44.998846153846166,52,0,2142.25,2172.25,2161.0,2131.0,353.30000000000007,403.30000000000007
7,75,2181.625,378.30000000000007,41.23391304347826,46,0,2172.25,2202.25,2191.0,2161.0,353.30000000000007,403.30000000000007
7,76,2211.625,378.30000000000007,39.26499999999999,40,0,2202.25,2232.25,2221.0,2191.0,353.30000000000007,403.30000000000007
7,77,2241.625,378.30000000000007,37.76885714285714,35,0,2232.25,2262.25,2251.0,2221.0,353.30000000000007,403.30000000000007
7,78,2271.625,378.30000000000007,36.419772727272715,44,0,2262.25,2292.25,2281.0,2251.0,353.30000000000007,403.30000000000007
7,79,2301.625,378.30000000000007,36.40634615384615,52,0,2292.25,2322.25,2311.0,2281.0,353.30000000000007,403.30000000000007
7,80,2331.625,378.30000000000007,38.04786885245902,61,0,2322.25,2352.25,2341.0,2311.0,353.30000000000007,403.30000000000007
7,81,2361.625,378.30000000000007,41.4373076923077,52,0,2352.25,2382.25,2371.0,2341.0,353.30000000000007,403.30000000000007
7,82,2391.625,378.30000000000007,40.410727272727264,55,0,2382.25,2412.25,2401.0,2371.0,353.30000000000007,403.30000000000007
7,83,2421.625,378.30000000000007,32.98245614035088,57,0,2412.25,2442.25,2431.0,2401.0,353.30000000000007,403.30000000000007
7,84,2451.625,378.30000000000007,30.803050847457634,59,0,2442.25,2472.25,2461.0,2431.0,353.30000000000007,403.30000000000007
7,85,2481.625,378.30000000000007,30.110909090909086,55,0,2472.25,2502.25,2491.0,2461.0,353.30000000000007,403.30000000000007
7,86,2511.625,378.30000000000007,30.76901408450705,71,0,2502.25,2532.25,2521.0,2491.0,353.30000000000007,403.30000000000007
7,87,2541.625,378.30000000000007,30.53000000000001,71,0,2532.25,2562.25,2551.0,2521.0,353.30000000000007,403.30000000000007
7,88,2571.625,378.30000000000007,34.75770833333334,48,0,2562.25,2592.25,2581.0,2551.0,353.30000000000007,403.30000000000007
7,89,2601.625,378.30000000000007,38.31531914893617,47,0,2592.25,2622.25,2611.0,2581.0,353.30000000000007,403.30000000000007
7,90,2631.625,378.30000000000007,38.15772727272727,44,0,2622.25,2652.25,2641.0,2611.0,353.30000000000007,403.30000000000007
7,91,2661.625,378.30000000000007,39.255319148936174,47,0,2652.25,2682.25,2671.0,2641.0,353.30000000000007,403.30000000000007
7,92,2691.625,378.30000000000007,38.145094339622645,53,0,2682.25,2712.25,2701.0,2671.0,353.30000000000007,403.30000000000007
7,93,2721.625,378.30000000000007,35.10106557377049,61,0,2712.25,2742.25,2731.0,2701.0,353.30000000000007,403.30000000000007
7,94,2751.625,378.30000000000007,33.99568965517241,58,0,2742.25,2772.25,2761.0,2731.0,353.30000000000007,403.30000000000007
7,95,2781.625,378.30000000000007,35.443400000000004,50,0,2772.25,2802.25,2791.0,2761.0,353.30000000000007,403.30000000000007
7,96,2811.625,378.30000000000007,37.776226415094335,53,0,2802.25,2832.25,2821.0,2791.0,353.30000000000007,403.30000000000007
7,97,2841.625,378.30000000000007,37.55679245283019,53,0,2832.25,2862.25,2851.0,2821.0,353.30000000000007,403.30000000000007
7,98,2871.625,378.30000000000007,33.82233333333333,60,0,2862.25,2892.25,2881.0,2851.0,353.30000000000007,403.30000000000007
7,99,2901.625,378.30000000000007,33.59379310344827,58,0,2892.25,2922.25,2911.0,2881.0,353.30000000000007,403.30000000000007
7,100,2931.625,378.30000000000007,36.82298245614036,57,0,2922.25,2952.25,2941.0,2911.0,353.30000000000007,403.30000000000007
7,101,2961.625,378.30000000000007,40.45473684210527,57,0,2952.25,2982.25,2971.0,2941.0,353.30000000000007,403.30000000000007
7,102,2991.625,378.30000000000007,44.31953488372093,43,0,2982.25,3012.25,3001.0,2971.0,353.30000000000007,403.30000000000007
7,103,3021.625,378.30000000000007,41.18172413793103,58,0,3012.25,3042.25,3031.0,3001.0,353.30000000000007,403.30000000000007
7,104,3051.625,378.30000000000007,42.18860465116279,43,0,3042.25,3072.25,3061.0,3031.0,353.30000000000007,403.30000000000007
7,105,3081.625,378.30000000000007,45.23767441860465,43,0,3072.25,3102.25,3091.0,3061.0,353.30000000000007,403.30000000000007
7,106,3111.625,378.30000000000007,43.653888888888886,36,0,3102.25,3132.25,3121.0,3091.0,353.30000000000007,403.30000000000007
7,107,3141.625,378.30000000000007,42.42318181818181,44,0,3132.25,3162.25,3151.0,3121.0,353.30000000000007,403.30000000000007
7,108,3171.625,378.30000000000007,39.102127659574464,47,0,3162.25,3192.25,3181.0,3151.0,353.30000000000007,403.30000000000007
7,109,3201.625,378.30000000000007,38.821935483870966,62,0,3192.25,3222.25,3211.0,3181.0,353.30000000000007,403.30000000000007
7,110,3231.625,378.30000000000007,44.27065217391304,46,0,3222.25,3252.25,3241.0,3211.0,353.30000000000007,403.30000000000007
7,111,3261.625,378.30000000000007,36.46627118644067,59,0,3252.25,3282.25,3271.0,3241.0,353.30000000000007,403.30000000000007
7,112,3291.625,378.30000000000007,33.6235593220339,59,0,3282.25,3312.25,3301.0,3271.0,353.30000000000007,403.30000000000007
7,113,3321.625,378.30000000000007,30.880322580645156,62,0,3312.25,3342.25,3331.0,3301.0,353.30000000000007,403.30000000000007
7,114,3351.625,378.30000000000007,28.17764705882352,68,0,3342.25,3372.25,3361.0,3331.0,353.30000000000007,403.30000000000007
7,115,3381.625,378.30000000000007,29.924038461538455,52,0,3372.25,3402.25,3391.0,3361.0,353.30000000000007,403.30000000000007
7,116,3411.625,378.30000000000007,36.50500000000001,44,0,3402.25,3432.25,3421.0,3391.0,353.30000000000007,403.30000000000007
7,117,3441.625,378.30000000000007,33.133278688524584,61,0,3432.25,3462.25,3451.0,3421.0,353.30000000000007,403.30000000000007
7,118,3471.625,378.30000000000007,36.273846153846144,52,0,3462.25,3492.25,3481.0,3451.0,353.30000000000007,403.30000000000007
7,119,3501.625,378.30000000000007,38.36357142857143,56,0,3492.25,3522.25,3511.0,3481.0,353.30000000000007,403.30000000000007
7,120,3531.625,378.30000000000007,41.030697674418604,43,0,3522.25,3552.25,3541.0,3511.0,353.30000000000007,403.30000000000007
7,121,3561.625,378.30000000000007,43.11106382978723,47,0,3552.25,3582.25,3571.0,3541.0,353.30000000000007,403.30000000000007
7,122,3591.625,378.30000000000007,39.861956521739124,46,0,3582.25,3612.25,3601.0,3571.0,353.30000000000007,403.30000000000007
7,123,3621.625,378.30000000000007,42.782954545454544,44,0,3612.25,3642.25,3631.0,3601.0,353.30000000000007,403.30000000000007
7,124,3651.625,378.30000000000007,46.208181818181814,11,0,3642.25,3672.25,3661.0,3631.0,353.30000000000007,403.30000000000007
7,125,3681.625,378.30000000000007,,0,0,3672.25,3702.25,3691.0,3661.0,353.30000000000007,403.30000000000007
7,126,3711.625,378.30000000000007,,0,0,3702.25,3732.25,3721.0,3691.0,353.30000000000007,403.30000000000007
7,127,3741.625,378.30000000000007,,0,0,3732.25,3762.25,3751.0,3721.0,353.30000000000007,403.30000000000007
7,128,3771.625,378.30000000000007,,0,0,3762.25,3792.25,3781.0,3751.0,353.30000000000007,403.30000000000007
7,129,3801.625,378.30000000000007,,0,0,3792.25,3822.25,3811.0,3781.0,353.30000000000007,403.30000000000007
7,130,3831.625,378.30000000000007,,0,0,3822.25,3852.25,3841.0,3811.0,353.30000000000007,403.30000000000007
8,3,10.375,428.30000000000007,65.3425,12,0,1.0,31.0,19.75,-10.25,403.30000000000007,453.30000000000007
8,4,40.375,428.30000000000007,69.46285714285715,14,0,31.0,61.0,49.75,19.75,403.30000000000007,453.30000000000007
8,5,70.375,428.30000000000007,75.57727272727273,11,0,61.0,91.0,79.75,49.75,403.30000000000007,453.30000000000007
8,6,100.375,428.30000000000007,56.76641025641024,39,0,91.0,121.0,109.75,79.75,403.30000000000007,453.30000000000007
8,7,130.375,428.30000000000007,64.00919999999998,25,0,121.0,151.0,139.75,109.75,403.30000000000007,453.30000000000007
8,8,160.375,428.30000000000007,65.392,30,0,151.0,181.0,169.75,139.75,403.30000000000007,453.30000000000007
8,9,190.375,428.30000000000007,74.75411764705883,17,0,181.0,211.0,199.75,169.75,403.30000000000007,453.30000000000007
8,10,220.375,428.30000000000007,68.43193548387097,31,0,211.0,241.0,229.75,199.75,403.30000000000007,453.30000000000007
8,11,250.375,428.30000000000007,65.05054347826089,23,0,241.0,271.0,259.75,229.75,403.30000000000007,453.30000000000007
8,12,280.375,428.30000000000007,69.73789473684212,19,0,271.0,301.0,289.75,259.75,403.30000000000007,453.30000000000007
8,13,310.375,428.30000000000007,64.47666666666665,15,0,301.0,331.0,319.75,289.75,403.30000000000007,453.30000000000007
8,14,340.375,428.30000000000007,75.83818181818182,11,0,331.0,361.0,349.75,319.75,403.30000000000007,453.30000000000007
8,15,370.375,428.30000000000007,71.44999999999999,12,0,361.0,391.0,379.75,349.75,403.30000000000007,453.30000000000007
8,16,400.375,428.30000000000007,61.21428571428572,21,0,391.0,421.0,409.75,379.75,403.30000000000007,453.30000000000007
8,17,430.375,428.30000000000007,62.47279069767444,43,0,421.0,451.0,439.75,409.75,403.30000000000007,453.30000000000007
8,18,460.375,428.30000000000007,59.3673076923077,26,0,451.0,481.0,469.75,439.75,403.30000000000007,453.30000000000007
8,19,490.375,428.30000000000007,60.91727272727273,33,0,481.0,511.0,499.75,469.75,403.30000000000007,453.30000000000007
8,20,520.375,428.30000000000007,61.296470588235294,34,0,511.0,541.0,529.75,499.75,403.30000000000007,453.30000000000007
8,21,550.375,428.30000000000007,60.51964285714285,28,0,541.0,571.0,559.75,529.75,403.30000000000007,453.30000000000007
8,22,580.375,428.30000000000007,58.18500000000002,40,0,571.0,601.0,589.75,559.75,403.30000000000007,453.30000000000007
8,23,610.375,428.30000000000007,59.6521212121212,33,0,601.0,631.0,619.75,589.75,403.30000000000007,453.30000000000007
8,24,640.375,428.30000000000007,59.39372093023257,43,0,631.0,661.0,649.75,619.75,403.30000000000007,453.30000000000007
8,25,670.375,428.30000000000007,66.93777777777777,18,0,661.0,691.0,679.75,649.75,403.30000000000007,453.30000000000007
8,26,700.375,428.30000000000007,54.99548387096773,31,0,691.0,721.0,709.75,679.75,403.30000000000007,453.30000000000007
8,27,730.375,428.30000000000007,57.686,40,0,721.0,751.0,739.75,709.75,403.30000000000007,453.30000000000007
8,28,760.375,428.30000000000007,61.008,25,0,751.0,781.0,769.75,739.75,403.30000000000007,453.30000000000007
8,29,790.375,428.30000000000007,61.296000000000014,30,0,781.0,811.0,799.75,769.75,403.30000000000007,453.30000000000007
8,30,820.375,428.30000000000007,66.50441176470589,34,0,811.0,841.0,829.75,799.75,403.30000000000007,453.30000000000007
8,31,850.375,428.30000000000007,62.10444444444446,36,0,841.0,871.0,859.75,829.75,403.30000000000007,453.30000000000007
8,32,880.375,428.30000000000007,58.19825000000001,40,0,871.0,901.0,889.75,859.75,403.30000000000007,453.30000000000007
8,33,910.375,428.30000000000007,60.95999999999999,44,0,901.0,931.0,919.75,889.75,403.30000000000007,453.30000000000007
8,34,940.375,428.30000000000007,62.65967741935482,31,0,931.0,961.0,949.75,919.75,403.30000000000007,453.30000000000007
8,35,970.375,428.30000000000007,61.64153846153847,13,0,961.0,991.0,979.75,949.75,403.30000000000007,453.30000000000007
8,36,1000.375,428.30000000000007,49.99116279069767,43,0,991.0,1021.0,1009.75,979.75,403.30000000000007,453.30000000000007
8,37,1030.375,428.30000000000007,44.64948275862069,58,0,1021.0,1051.0,1039.75,1009.75,403.30000000000007,453.30000000000007
8,38,1060.375,428.30000000000007,46.02272727272727,55,0,1051.0,1081.0,1069.75,1039.75,403.30000000000007,453.30000000000007
8,39,1090.375,428.30000000000007,47.50472727272728,55,0,1081.0,1111.0,1099.75,1069.75,403.30000000000007,453.30000000000007
8,40,1120.375,428.30000000000007,55.398421052631576,38,0,1111.0,1141.0,1129.75,1099.75,403.30000000000007,453.30000000000007
8,41,1150.375,428.30000000000007,54.75272727272728,22,0,1141.0,1171.0,1159.75,1129.75,403.30000000000007,453.30000000000007
8,42,1180.375,428.30000000000007,53.10348837209303,43,0,1171.0,1201.0,1189.75,1159.75,403.30000000000007,453.30000000000007
8,43,1210.375,428.30000000000007,48.3107894736842,38,0,1201.0,1231.0,1219.75,1189.75,403.30000000000007,453.30000000000007
8,44,1240.375,428.30000000000007,49.4085294117647,34,0,1231.0,1261.0,1249.75,1219.75,403.30000000000007,453.30000000000007
8,45,1270.375,428.30000000000007,42.184736842105266,57,0,1261.0,1291.0,1279.75,1249.75,403.30000000000007,453.30000000000007
8,46,1300.375,428.30000000000007,49.18413043478262,46,0,1291.0,1321.0,1309.75,1279.75,403.30000000000007,453.30000000000007
8,47,1330.375,428.30000000000007,47.80650793650792,63,0,1321.0,1351.0,1339.75,1309.75,403.30000000000007,453.30000000000007
8,48,1360.375,428.30000000000007,30.179090909090913,66,0,1351.0,1381.0,1369.75,1339.75,403.30000000000007,453.30000000000007
8,49,1390.375,428.30000000000007,33.444918032786894,61,0,1381.0,1411.0,1399.75,1369.75,403.30000000000007,453.30000000000007
8,50,1420.375,428.30000000000007,42.26297297297299,37,0,1411.0,1441.0,1429.75,1399.75,403.30000000000007,453.30000000000007
8,51,1450.375,428.30000000000007,46.23673913043479,46,0,1441.0,1471.0,1459.75,1429.75,403.30000000000007,453.30000000000007
8,52,1480.375,428.30000000000007,49.68088888888889,45,0,1471.0,1501.0,1489.75,1459.75,403.30000000000007,453.30000000000007
8,53,1510.375,428.30000000000007,47.45407407407408,54,0,1501.0,1531.0,1519.75,1489.75,403.30000000000007,453.30000000000007
8,54,1540.375,428.30000000000007,43.54066666666667,45,0,1531.0,1561.0,1549.75,1519.75,403.30000000000007,453.30000000000007
8,55,1570.375,428.30000000000007,41.59280701754384,57,0,1561.0,1591.0,1579.75,1549.75,403.30000000000007,453.30000000000007
8,56,1600.375,428.30000000000007,42.68372881355933,59,0,1591.0,1621.0,1609.75,1579.75,403.30000000000007,453.30000000000007
8,57,1630.375,428.30000000000007,38.668970588235304,68,0,1621.0,1651.0,1639.75,1609.75,403.30000000000007,453.30000000000007
8,58,1660.375,428.30000000000007,33.777042253521124,71,0,1651.0,1681.0,1669.75,1639.75,403.30000000000007,453.30000000000007
8,59,1690.375,428.30000000000007,36.66561403508772,57,0,1681.0,1711.0,1699.75,1669.75,403.30000000000007,453.30000000000007
8,60,1720.375,428.30000000000007,39.15677966101694,59,0,1711.0,1741.0,1729.75,1699.75,403.30000000000007,453.30000000000007
8,61,1750.375,428.30000000000007,32.659875000000014,60,0,1741.0,1771.0,1759.75,1729.75,403.30000000000007,453.30000000000007
8,62,1780.375,428.30000000000007,25.091279069767452,86,0,1771.0,1801.0,1789.75,1759.75,403.30000000000007,453.30000000000007
8,63,1810.375,428.30000000000007,27.854999999999997,72,0,1801.0,1831.0,1819.75,1789.75,403.30000000000007,453.30000000000007
8,64,1840.375,428.30000000000007,32.149781420765024,61,0,1831.0,1861.0,1849.75,1819.75,403.30000000000007,453.30000000000007
8,65,1870.375,428.30000000000007,38.98238095238095,42,0,1861.0,1891.0,1879.75,1849.75,403.30000000000007,453.30000000000007
8,66,1900.375,428.30000000000007,43.51428571428571,42,0,1891.0,1921.0,1909.75,1879.75,403.30000000000007,453.30000000000007
8,67,1930.375,428.30000000000007,39.960192307692324,52,0,1921.0,1951.0,1939.75,1909.75,403.30000000000007,453.30000000000007
8,68,1960.375,428.30000000000007,41.48428571428572,35,0,1951.0,1981.0,1969.75,1939.75,403.30000000000007,453.30000000000007
8,69,1990.375,428.30000000000007,39.94947368421054,57,0,1981.0,2011.0,1999.75,1969.75,403.30000000000007,453.30000000000007
8,70,2020.375,428.30000000000007,45.98199999999999,40,0,2011.0,2041.0,2029.75,1999.75,403.30000000000007,453.30000000000007
8,71,2050.375,428.30000000000007,45.226904761904756,42,0,2041.0,2071.0,2059.75,2029.75,403.30000000000007,453.30000000000007
8,72,2080.375,428.30000000000007,40.57944444444444,36,0,2071.0,2101.0,2089.75,2059.75,403.30000000000007,453.30000000000007
8,73,2110.375,428.30000000000007,42.39037037037036,54,0,2101.0,2131.0,2119.75,2089.75,403.30000000000007,453.30000000000007
8,74,2140.375,428.30000000000007,43.301399999999994,50,0,2131.0,2161.0,2149.75,2119.75,403.30000000000007,453.30000000000007
8,75,2170.375,428.30000000000007,39.210526315789465,57,0,2161.0,2191.0,2179.75,2149.75,403.30000000000007,453.30000000000007
8,76,2200.375,428.30000000000007,40.01804347826087,46,0,2191.0,2221.0,2209.75,2179.75,403.30000000000007,453.30000000000007
8,77,2230.375,428.30000000000007,37.04228571428572,35,0,2221.0,2251.0,2239.75,2209.75,403.30000000000007,453.30000000000007
8,78,2260.375,428.30000000000007,37.9985,40,0,2251.0,2281.0,2269.75,2239.75,403.30000000000007,453.30000000000007
8,79,2290.375,428.30000000000007,36.845,50,0,2281.0,2311.0,2299.75,2269.75,403.30000000000007,453.30000000000007
8,80,2320.375,428.30000000000007,36.477068965517226,58,0,2311.0,2341.0,2329.75,2299.75,403.30000000000007,453.30000000000007
8,81,2350.375,428.30000000000007,39.808200000000014,50,0,2341.0,2371.0,2359.75,2329.75,403.30000000000007,453.30000000000007
8,82,2380.375,428.30000000000007,38.83898305084746,59,0,2371.0,2401.0,2389.75,2359.75,403.30000000000007,453.30000000000007
8,83,2410.375,428.30000000000007,33.633220338983044,59,0,2401.0,2431.0,2419.75,2389.75,403.30000000000007,453.30000000000007
8,84,2440.375,428.30000000000007,22.379699999999993,100,0,2431.0,2461.0,2449.75,2419.75,403.30000000000007,453.30000000000007
8,85,2470.375,428.30000000000007,19.600253164556957,79,0,2461.0,2491.0,2479.75,2449.75,403.30000000000007,453.30000000000007
8,86,2500.375,428.30000000000007,30.02895522388059,67,0,2491.0,2521.0,2509.75,2479.75,403.30000000000007,453.30000000000007
8,87,2530.375,428.30000000000007,27.768953488372098,86,0,2521.0,2551.0,2539.75,2509.75,403.30000000000007,453.30000000000007
8,88,2560.375,428.30000000000007,31.222499999999993,56,0,2551.0,2581.0,2569.75,2539.75,403.30000000000007,453.30000000000007
8,89,2590.375,428.30000000000007,36.98859999999999,50,0,2581.0,2611.0,2599.75,2569.75,403.30000000000007,453.30000000000007
8,90,2620.375,428.30000000000007,38.124772727272735,44,0,2611.0,2641.0,2629.75,2599.75,403.30000000000007,453.30000000000007
8,91,2650.375,428.30000000000007,40.00979591836733,49,0,2641.0,2671.0,2659.75,2629.75,403.30000000000007,453.30000000000007
8,92,2680.375,428.30000000000007,36.09368421052632,57,0,2671.0,2701.0,2689.75,2659.75,403.30000000000007,453.30000000000007
8,93,2710.375,428.30000000000007,36.19509090909091,55,0,2701.0,2731.0,2719.75,2689.75,403.30000000000007,453.30000000000007
8,94,2740.375,428.30000000000007,33.304531250000004,64,0,2731.0,2761.0,2749.75,2719.75,403.30000000000007,453.30000000000007
8,95,2770.375,428.30000000000007,31.689661016949145,59,0,2761.0,2791.0,2779.75,2749.75,403.30000000000007,453.30000000000007
8,96,2800.375,428.30000000000007,35.05396226415094,53,0,2791.0,2821.0,2809.75,2779.75,403.30000000000007,453.30000000000007
8,97,2830.375,428.30000000000007,38.45214285714285,42,0,2821.0,2851.0,2839.75,2809.75,403.30000000000007,453.30000000000007
8,98,2860.375,428.30000000000007,33.529696969696964,66,0,2851.0,2881.0,2869.75,2839.75,403.30000000000007,453.30000000000007
8,99,2890.375,428.30000000000007,37.05627450980393,51,0,2881.0,2911.0,2899.75,2869.75,403.30000000000007,453.30000000000007
8,100,2920.375,428.30000000000007,37.71527272727273,55,0,2911.0,2941.0,2929.75,2899.75,403.30000000000007,453.30000000000007
8,101,2950.375,428.30000000000007,39.723389830508474,59,0,2941.0,2971.0,2959.75,2929.75,403.30000000000007,453.30000000000007
8,102,2980.375,428.30000000000007,43.02575,40,0,2971.0,3001.0,2989.75,2959.75,403.30000000000007,453.30000000000007
8,103,3010.375,428.30000000000007,43.621764705882356,51,0,3001.0,3031.0,3019.75,2989.75,403.30000000000007,453.30000000000007
8,104,3040.375,428.30000000000007,42.6936,50,0,3031.0,3061.0,3049.75,3019.75,403.30000000000007,453.30000000000007
8,105,3070.375,428.30000000000007,43.70113636363637,44,0,3061.0,3091.0,3079.75,3049.75,403.30000000000007,453.30000000000007
8,106,3100.375,428.30000000000007,47.209687499999994,32,0,3091.0,3121.0,3109.75,3079.75,403.30000000000007,453.30000000000007
8,107,3130.375,428.30000000000007,44.81743589743589,39,0,3121.0,3151.0,3139.75,3109.75,403.30000000000007,453.30000000000007
8,108,3160.375,428.30000000000007,41.23434782608697,46,0,3151.0,3181.0,3169.75,3139.75,403.30000000000007,453.30000000000007
8,109,3190.375,428.30000000000007,38.072321428571435,56,0,3181.0,3211.0,3199.75,3169.75,403.30000000000007,453.30000000000007
8,110,3220.375,428.30000000000007,42.87689655172415,58,0,3211.0,3241.0,3229.75,3199.75,403.30000000000007,453.30000000000007
8,111,3250.375,428.30000000000007,41.64473684210526,38,0,3241.0,3271.0,3259.75,3229.75,403.30000000000007,453.30000000000007
8,112,3280.375,428.30000000000007,32.73534246575341,73,0,3271.0,3301.0,3289.75,3259.75,403.30000000000007,453.30000000000007
8,113,3310.375,428.30000000000007,34.16821428571427,56,0,3301.0,3331.0,3319.75,3289.75,403.30000000000007,453.30000000000007
8,114,3340.375,428.30000000000007,28.2365625,64,0,3331.0,3361.0,3349.75,3319.75,403.30000000000007,453.30000000000007
8,115,3370.375,428.30000000000007,28.833442622950834,61,0,3361.0,3391.0,3379.75,3349.75,403.30000000000007,453.30000000000007
8,116,3400.375,428.30000000000007,31.13696428571429,56,0,3391.0,3421.0,3409.75,3379.75,403.30000000000007,453.30000000000007
8,117,3430.375,428.30000000000007,31.409646464646453,66,0,3421.0,3451.0,3439.75,3409.75,403.30000000000007,453.30000000000007
8,118,3460.375,428.30000000000007,32.51092307692308,65,0,3451.0,3481.0,3469.75,3439.75,403.30000000000007,453.30000000000007
8,119,3490.375,428.30000000000007,37.13566666666667,60,0,3481.0,3511.0,3499.75,3469.75,403.30000000000007,453.30000000000007
8,120,3520.375,428.30000000000007,37.52220338983049,59,0,3511.0,3541.0,3529.75,3499.75,403.30000000000007,453.30000000000007
8,121,3550.375,428.30000000000007,41.168863636363646,44,0,3541.0,3571.0,3559.75,3529.75,403.30000000000007,453.30000000000007
8,122,3580.375,428.30000000000007,42.050909090909094,44,0,3571.0,3601.0,3589.75,3559.75,403.30000000000007,453.30000000000007
8,123,3610.375,428.30000000000007,38.16490196078431,51,0,3601.0,3631.0,3619.75,3589.75,403.30000000000007,453.30000000000007
8,124,3640.375,428.30000000000007,46.46216216216215,37,0,3631.0,3661.0,3649.75,3619.75,403.30000000000007,453.30000000000007
8,125,3670.375,428.30000000000007,,0,0,3661.0,3691.0,3679.75,3649.75,403.30000000000007,453.30000000000007
8,126,3700.375,428.30000000000007,,0,0,3691.0,3721.0,3709.75,3679.75,403.30000000000007,453.30000000000007
8,127,3730.375,428.30000000000007,,0,0,3721.0,3751.0,3739.75,3709.75,403.30000000000007,453.30000000000007
8,128,3760.375,428.30000000000007,,0,0,3751.0,3781.0,3769.75,3739.75,403.30000000000007,453.30000000000007
8,129,3790.375,428.30000000000007,,0,0,3781.0,3811.0,3799.75,3769.75,403.30000000000007,453.30000000000007
8,130,3820.375,428.30000000000007,,0,0,3811.0,3841.0,3829.75,3799.75,403.30000000000007,453.30000000000007
9,3,-0.875,478.30000000000007,67.10888888888888,9,0,-10.25,19.75,8.5,-21.5,453.30000000000007,503.30000000000007
9,4,29.125,478.30000000000007,69.739,20,0,19.75,49.75,38.5,8.5,453.30000000000007,503.30000000000007
9,5,59.125,478.30000000000007,75.01999999999998,9,0,49.75,79.75,68.5,38.5,453.30000000000007,503.30000000000007
9,6,89.125,478.30000000000007,64.31333333333332,21,0,79.75,109.75,98.5,68.5,453.30000000000007,503.30000000000007
9,7,119.125,478.30000000000007,62.2571052631579,38,0,109.75,139.75,128.5,98.5,453.30000000000007,503.30000000000007
9,8,149.125,478.30000000000007,65.36555555555557,27,0,139.75,169.75,158.5,128.5,453.30000000000007,503.30000000000007
9,9,179.125,478.30000000000007,71.59333333333335,27,0,169.75,199.75,188.5,158.5,453.30000000000007,503.30000000000007
9,10,209.125,478.30000000000007,72.65333333333332,27,0,199.75,229.75,218.5,188.5,453.30000000000007,503.30000000000007
9,11,239.125,478.30000000000007,70.35549999999999,20,0,229.75,259.75,248.5,218.5,453.30000000000007,503.30000000000007
9,12,269.125,478.30000000000007,65.77391304347826,23,0,259.75,289.75,278.5,248.5,453.30000000000007,503.30000000000007
9,13,299.125,478.30000000000007,67.74368421052631,19,0,289.75,319.75,308.5,278.5,453.30000000000007,503.30000000000007
9,14,329.125,478.30000000000007,70.17444444444443,9,0,319.75,349.75,338.5,308.5,453.30000000000007,503.30000000000007
9,15,359.125,478.30000000000007,74.12,9,0,349.75,379.75,368.5,338.5,453.30000000000007,503.30000000000007
9,16,389.125,478.30000000000007,72.05153846153846,13,0,379.75,409.75,398.5,368.5,453.30000000000007,503.30000000000007
9,17,419.125,478.30000000000007,60.658048780487796,41,0,409.75,439.75,428.5,398.5,453.30000000000007,503.30000000000007
9,18,449.125,478.30000000000007,65.0220588235294,34,0,439.75,469.75,458.5,428.5,453.30000000000007,503.30000000000007
9,19,479.125,478.30000000000007,60.80586206896551,29,0,469.75,499.75,488.5,458.5,453.30000000000007,503.30000000000007
9,20,509.125,478.30000000000007,63.61419354838709,31,0,499.75,529.75,518.5,488.5,453.30000000000007,503.30000000000007
9,21,539.125,478.30000000000007,62.426842105263155,38,0,529.75,559.75,548.5,518.5,453.30000000000007,503.30000000000007
9,22,569.125,478.30000000000007,61.22774193548387,31,0,559.75,589.75,578.5,548.5,453.30000000000007,503.30000000000007
9,23,599.125,478.30000000000007,61.04666666666666,39,0,589.75,619.75,608.5,578.5,453.30000000000007,503.30000000000007
9,24,629.125,478.30000000000007,60.94944444444444,36,0,619.75,649.75,638.5,608.5,453.30000000000007,503.30000000000007
9,25,659.125,478.30000000000007,62.76966666666667,30,0,649.75,679.75,668.5,638.5,453.30000000000007,503.30000000000007
9,26,689.125,478.30000000000007,69.08888888888889,18,0,679.75,709.75,698.5,668.5,453.30000000000007,503.30000000000007
9,27,719.125,478.30000000000007,56.76760000000001,50,0,709.75,739.75,728.5,698.5,453.30000000000007,503.30000000000007
9,28,749.125,478.30000000000007,62.08823529411766,34,0,739.75,769.75,758.5,728.5,453.30000000000007,503.30000000000007
9,29,779.125,478.30000000000007,61.33357142857143,28,0,769.75,799.75,788.5,758.5,453.30000000000007,503.30000000000007
9,30,809.125,478.30000000000007,65.60030303030301,33,0,799.75,829.75,818.5,788.5,453.30000000000007,503.30000000000007
9,31,839.125,478.30000000000007,66.17696969696969,33,0,829.75,859.75,848.5,818.5,453.30000000000007,503.30000000000007
9,32,869.125,478.30000000000007,60.845454545454544,44,0,859.75,889.75,878.5,848.5,453.30000000000007,503.30000000000007
9,33,899.125,478.30000000000007,61.56763157894737,38,0,889.75,919.75,908.5,878.5,453.30000000000007,503.30000000000007
9,34,929.125,478.30000000000007,64.50731707317074,41,0,919.75,949.75,938.5,908.5,453.30000000000007,503.30000000000007
9,35,959.125,478.30000000000007,63.41095238095239,21,0,949.75,979.75,968.5,938.5,453.30000000000007,503.30000000000007
9,36,989.125,478.30000000000007,44.53264705882352,34,0,979.75,1009.75,998.5,968.5,453.30000000000007,503.30000000000007
9,37,1019.125,478.30000000000007,43.77125000000002,56,0,1009.75,1039.75,1028.5,998.5,453.30000000000007,503.30000000000007
9,38,1049.125,478.30000000000007,49.298235294117646,51,0,1039.75,1069.75,1058.5,1028.5,453.30000000000007,503.30000000000007
9,39,1079.125,478.30000000000007,51.45653283535637,51,0,1069.75,1099.75,1088.5,1058.5,453.30000000000007,503.30000000000007
9,40,1109.125,478.30000000000007,54.642962962962976,54,0,1099.75,1129.75,1118.5,1088.5,453.30000000000007,503.30000000000007
9,41,1139.125,478.30000000000007,62.884782608695666,23,0,1129.75,1159.75,1148.5,1118.5,453.30000000000007,503.30000000000007
9,42,1169.125,478.30000000000007,54.907222222222224,36,0,1159.75,1189.75,1178.5,1148.5,453.30000000000007,503.30000000000007
9,43,1199.125,478.30000000000007,55.5936956521739,46,0,1189.75,1219.75,1208.5,1178.5,453.30000000000007,503.30000000000007
9,44,1229.125,478.30000000000007,54.57027777777779,36,0,1219.75,1249.75,1238.5,1208.5,453.30000000000007,503.30000000000007
9,45,1259.125,478.30000000000007,47.535555555555554,45,0,1249.75,1279.75,1268.5,1238.5,453.30000000000007,503.30000000000007
9,46,1289.125,478.30000000000007,42.5195,60,0,1279.75,1309.75,1298.5,1268.5,453.30000000000007,503.30000000000007
9,47,1319.125,478.30000000000007,48.20257575757574,66,0,1309.75,1339.75,1328.5,1298.5,453.30000000000007,503.30000000000007
9,48,1349.125,478.30000000000007,26.45156626506025,83,0,1339.75,1369.75,1358.5,1328.5,453.30000000000007,503.30000000000007
9,49,1379.125,478.30000000000007,32.704375000000006,64,0,1369.75,1399.75,1388.5,1358.5,453.30000000000007,503.30000000000007
9,50,1409.125,478.30000000000007,41.924255319148926,47,0,1399.75,1429.75,1418.5,1388.5,453.30000000000007,503.30000000000007
9,51,1439.125,478.30000000000007,48.43214285714286,42,0,1429.75,1459.75,1448.5,1418.5,453.30000000000007,503.30000000000007
9,52,1469.125,478.30000000000007,53.75361702127659,47,0,1459.75,1489.75,1478.5,1448.5,453.30000000000007,503.30000000000007
9,53,1499.125,478.30000000000007,48.97062500000001,48,0,1489.75,1519.75,1508.5,1478.5,453.30000000000007,503.30000000000007
9,54,1529.125,478.30000000000007,47.29910714285715,56,0,1519.75,1549.75,1538.5,1508.5,453.30000000000007,503.30000000000007
9,55,1559.125,478.30000000000007,45.10595744680851,47,0,1549.75,1579.75,1568.5,1538.5,453.30000000000007,503.30000000000007
9,56,1589.125,478.30000000000007,41.318571428571445,63,0,1579.75,1609.75,1598.5,1568.5,453.30000000000007,503.30000000000007
9,57,1619.125,478.30000000000007,40.401304347826084,69,0,1609.75,1639.75,1628.5,1598.5,453.30000000000007,503.30000000000007
9,58,1649.125,478.30000000000007,37.12875,72,0,1639.75,1669.75,1658.5,1628.5,453.30000000000007,503.30000000000007
9,59,1679.125,478.30000000000007,36.3257142857143,70,0,1669.75,1699.75,1688.5,1658.5,453.30000000000007,503.30000000000007
9,60,1709.125,478.30000000000007,42.43685185185185,54,0,1699.75,1729.75,1718.5,1688.5,453.30000000000007,503.30000000000007
9,61,1739.125,478.30000000000007,40.25271428571428,70,0,1729.75,1759.75,1748.5,1718.5,453.30000000000007,503.30000000000007
9,62,1769.125,478.30000000000007,33.34909090909092,66,0,1759.75,1789.75,1778.5,1748.5,453.30000000000007,503.30000000000007
9,63,1799.125,478.30000000000007,27.292236842105265,76,0,1789.75,1819.75,1808.5,1778.5,453.30000000000007,503.30000000000007
9,64,1829.125,478.30000000000007,28.80086956521739,69,0,1819.75,1849.75,1838.5,1808.5,453.30000000000007,503.30000000000007
9,65,1859.125,478.30000000000007,38.50827586206897,58,0,1849.75,1879.75,1868.5,1838.5,453.30000000000007,503.30000000000007
9,66,1889.125,478.30000000000007,42.0648,50,0,1879.75,1909.75,1898.5,1868.5,453.30000000000007,503.30000000000007
9,67,1919.125,478.30000000000007,38.61181818181818,44,0,1909.75,1939.75,1928.5,1898.5,453.30000000000007,503.30000000000007
9,68,1949.125,478.30000000000007,35.19298245614035,57,0,1939.75,1969.75,1958.5,1928.5,453.30000000000007,503.30000000000007
9,69,1979.125,478.30000000000007,39.82068181818182,44,0,1969.75,1999.75,1988.5,1958.5,453.30000000000007,503.30000000000007
9,70,2009.125,478.30000000000007,42.864000000000004,50,0,1999.75,2029.75,2018.5,1988.5,453.30000000000007,503.30000000000007
9,71,2039.125,478.30000000000007,48.36692307692306,39,0,2029.75,2059.75,2048.5,2018.5,453.30000000000007,503.30000000000007
9,72,2069.125,478.30000000000007,44.409772727272724,44,0,2059.75,2089.75,2078.5,2048.5,453.30000000000007,503.30000000000007
9,73,2099.125,478.30000000000007,42.70697674418604,43,0,2089.75,2119.75,2108.5,2078.5,453.30000000000007,503.30000000000007
9,74,2129.125,478.30000000000007,45.8331914893617,47,0,2119.75,2149.75,2138.5,2108.5,453.30000000000007,503.30000000000007
9,75,2159.125,478.30000000000007,39.16328125,64,0,2149.75,2179.75,2168.5,2138.5,453.30000000000007,503.30000000000007
9,76,2189.125,478.30000000000007,37.14672131147542,61,0,2179.75,2209.75,2198.5,2168.5,453.30000000000007,503.30000000000007
9,77,2219.125,478.30000000000007,41.39131578947367,38,0,2209.75,2239.75,2228.5,2198.5,453.30000000000007,503.30000000000007
9,78,2249.125,478.30000000000007,42.199729729729725,37,0,2239.75,2269.75,2258.5,2228.5,453.30000000000007,503.30000000000007
9,79,2279.125,478.30000000000007,38.20119047619047,42,0,2269.75,2299.75,2288.5,2258.5,453.30000000000007,503.30000000000007
9,80,2309.125,478.30000000000007,38.606458333333336,48,0,2299.75,2329.75,2318.5,2288.5,453.30000000000007,503.30000000000007
9,81,2339.125,478.30000000000007,37.7025,64,0,2329.75,2359.75,2348.5,2318.5,453.30000000000007,503.30000000000007
9,82,2369.125,478.30000000000007,36.71237288135593,59,0,2359.75,2389.75,2378.5,2348.5,453.30000000000007,503.30000000000007
9,83,2399.125,478.30000000000007,28.114938271604938,81,0,2389.75,2419.75,2408.5,2378.5,453.30000000000007,503.30000000000007
9,84,2429.125,478.30000000000007,18.55411111111111,90,0,2419.75,2449.75,2438.5,2408.5,453.30000000000007,503.30000000000007
9,85,2459.125,478.30000000000007,20.153012048192767,83,0,2449.75,2479.75,2468.5,2438.5,453.30000000000007,503.30000000000007
9,86,2489.125,478.30000000000007,26.334054054054047,74,0,2479.75,2509.75,2498.5,2468.5,453.30000000000007,503.30000000000007
9,87,2519.125,478.30000000000007,27.65792207792208,77,0,2509.75,2539.75,2528.5,2498.5,453.30000000000007,503.30000000000007
9,88,2549.125,478.30000000000007,28.92927710843373,83,0,2539.75,2569.75,2558.5,2528.5,453.30000000000007,503.30000000000007
9,89,2579.125,478.30000000000007,33.54982142857143,56,0,2569.75,2599.75,2588.5,2558.5,453.30000000000007,503.30000000000007
9,90,2609.125,478.30000000000007,39.4434090909091,44,0,2599.75,2629.75,2618.5,2588.5,453.30000000000007,503.30000000000007
9,91,2639.125,478.30000000000007,38.817083333333336,48,0,2629.75,2659.75,2648.5,2618.5,453.30000000000007,503.30000000000007
9,92,2669.125,478.30000000000007,34.75763466042156,61,0,2659.75,2689.75,2678.5,2648.5,453.30000000000007,503.30000000000007
9,93,2699.125,478.30000000000007,35.585333333333324,60,0,2689.75,2719.75,2708.5,2678.5,453.30000000000007,503.30000000000007
9,94,2729.125,478.30000000000007,38.19428571428572,56,0,2719.75,2749.75,2738.5,2708.5,453.30000000000007,503.30000000000007
9,95,2759.125,478.30000000000007,35.5311320754717,53,0,2749.75,2779.75,2768.5,2738.5,453.30000000000007,503.30000000000007
9,96,2789.125,478.30000000000007,33.88423076923077,52,0,2779.75,2809.75,2798.5,2768.5,453.30000000000007,503.30000000000007
9,97,2819.125,478.30000000000007,38.43722222222222,54,0,2809.75,2839.75,2828.5,2798.5,453.30000000000007,503.30000000000007
9,98,2849.125,478.30000000000007,32.970000000000006,54,0,2839.75,2869.75,2858.5,2828.5,453.30000000000007,503.30000000000007
9,99,2879.125,478.30000000000007,38.67819672131147,61,0,2869.75,2899.75,2888.5,2858.5,453.30000000000007,503.30000000000007
9,100,2909.125,478.30000000000007,40.37148148148148,54,0,2899.75,2929.75,2918.5,2888.5,453.30000000000007,503.30000000000007
9,101,2939.125,478.30000000000007,42.65500000000001,56,0,2929.75,2959.75,2948.5,2918.5,453.30000000000007,503.30000000000007
9,102,2969.125,478.30000000000007,44.15563636363637,55,0,2959.75,2989.75,2978.5,2948.5,453.30000000000007,503.30000000000007
9,103,2999.125,478.30000000000007,48.38863636363635,44,0,2989.75,3019.75,3008.5,2978.5,453.30000000000007,503.30000000000007
9,104,3029.125,478.30000000000007,46.88921568627451,51,0,3019.75,3049.75,3038.5,3008.5,453.30000000000007,503.30000000000007
9,105,3059.125,478.30000000000007,46.05268292682928,41,0,3049.75,3079.75,3068.5,3038.5,453.30000000000007,503.30000000000007
9,106,3089.125,478.30000000000007,48.77523809523808,42,0,3079.75,3109.75,3098.5,3068.5,453.30000000000007,503.30000000000007
9,107,3119.125,478.30000000000007,47.323030303030315,33,0,3109.75,3139.75,3128.5,3098.5,453.30000000000007,503.30000000000007
9,108,3149.125,478.30000000000007,47.68931818181819,44,0,3139.75,3169.75,3158.5,3128.5,453.30000000000007,503.30000000000007
9,109,3179.125,478.30000000000007,40.534693877551014,49,0,3169.75,3199.75,3188.5,3158.5,453.30000000000007,503.30000000000007
9,110,3209.125,478.30000000000007,40.07500000000001,62,0,3199.75,3229.75,3218.5,3188.5,453.30000000000007,503.30000000000007
9,111,3239.125,478.30000000000007,46.53446808510639,47,0,3229.75,3259.75,3248.5,3218.5,453.30000000000007,503.30000000000007
9,112,3269.125,478.30000000000007,33.19054545454545,55,0,3259.75,3289.75,3278.5,3248.5,453.30000000000007,503.30000000000007
9,113,3299.125,478.30000000000007,35.913620689655176,58,0,3289.75,3319.75,3308.5,3278.5,453.30000000000007,503.30000000000007
9,114,3329.125,478.30000000000007,36.01865384615385,52,0,3319.75,3349.75,3338.5,3308.5,453.30000000000007,503.30000000000007
9,115,3359.125,478.30000000000007,29.750952380952377,63,0,3349.75,3379.75,3368.5,3338.5,453.30000000000007,503.30000000000007
9,116,3389.125,478.30000000000007,27.8396551724138,58,0,3379.75,3409.75,3398.5,3368.5,453.30000000000007,503.30000000000007
9,117,3419.125,478.30000000000007,23.04772151898735,79,0,3409.75,3439.75,3428.5,3398.5,453.30000000000007,503.30000000000007
9,118,3449.125,478.30000000000007,24.82666666666667,87,0,3439.75,3469.75,3458.5,3428.5,453.30000000000007,503.30000000000007
9,119,3479.125,478.30000000000007,32.87614285714286,70,0,3469.75,3499.75,3488.5,3458.5,453.30000000000007,503.30000000000007
9,120,3509.125,478.30000000000007,37.01442652329748,62,0,3499.75,3529.75,3518.5,3488.5,453.30000000000007,503.30000000000007
9,121,3539.125,478.30000000000007,39.64829787234042,47,0,3529.75,3559.75,3548.5,3518.5,453.30000000000007,503.30000000000007
9,122,3569.125,478.30000000000007,42.91510204081633,49,0,3559.75,3589.75,3578.5,3548.5,453.30000000000007,503.30000000000007
9,123,3599.125,478.30000000000007,37.88580000000001,50,0,3589.75,3619.75,3608.5,3578.5,453.30000000000007,503.30000000000007
9,124,3629.125,478.30000000000007,42.699795918367336,49,0,3619.75,3649.75,3638.5,3608.5,453.30000000000007,503.30000000000007
9,125,3659.125,478.30000000000007,50.29583333333334,12,0,3649.75,3679.75,3668.5,3638.5,453.30000000000007,503.30000000000007
9,126,3689.125,478.30000000000007,,0,0,3679.75,3709.75,3698.5,3668.5,453.30000000000007,503.30000000000007
9,127,3719.125,478.30000000000007,,0,0,3709.75,3739.75,3728.5,3698.5,453.30000000000007,503.30000000000007
9,128,3749.125,478.30000000000007,,0,0,3739.75,3769.75,3758.5,3728.5,453.30000000000007,503.30000000000007
9,129,3779.125,478.30000000000007,,0,0,3769.75,3799.75,3788.5,3758.5,453.30000000000007,503.30000000000007
9,130,3809.125,478.30000000000007,,0,0,3799.75,3829.75,3818.5,3788.5,453.30000000000007,503.30000000000007
10,3,-12.125,528.3000000000001,67.155,2,0,-21.5,8.5,-2.75,-32.75,503.30000000000007,553.3000000000001
10,4,17.875,528.3000000000001,70.41333333333334,18,0,8.5,38.5,27.25,-2.75,503.30000000000007,553.3000000000001
10,5,47.875,528.3000000000001,72.94461538461537,13,0,38.5,68.5,57.25,27.25,503.30000000000007,553.3000000000001
10,6,77.875,528.3000000000001,77.86,14,0,68.5,98.5,87.25,57.25,503.30000000000007,553.3000000000001
10,7,107.875,528.3000000000001,60.43113636363636,44,0,98.5,128.5,117.25,87.25,503.30000000000007,553.3000000000001
10,8,137.875,528.3000000000001,66.69045454545454,22,0,128.5,158.5,147.25,117.25,503.30000000000007,553.3000000000001
10,9,167.875,528.3000000000001,69.63969696969697,33,0,158.5,188.5,177.25,147.25,503.30000000000007,553.3000000000001
10,10,197.875,528.3000000000001,76.92631578947366,19,0,188.5,218.5,207.25,177.25,503.30000000000007,553.3000000000001
10,11,227.875,528.3000000000001,72.17111111111112,27,0,218.5,248.5,237.25,207.25,503.30000000000007,553.3000000000001
10,12,257.875,528.3000000000001,66.13999999999999,21,0,248.5,278.5,267.25,237.25,503.30000000000007,553.3000000000001
10,13,287.875,528.3000000000001,70.6955,20,0,278.5,308.5,297.25,267.25,503.30000000000007,553.3000000000001
10,14,317.875,528.3000000000001,67.57533333333335,15,0,308.5,338.5,327.25,297.25,503.30000000000007,553.3000000000001
10,15,347.875,528.3000000000001,76.01333333333335,9,0,338.5,368.5,357.25,327.25,503.30000000000007,553.3000000000001
10,16,377.875,528.3000000000001,73.4575,12,0,368.5,398.5,387.25,357.25,503.30000000000007,553.3000000000001
10,17,407.875,528.3000000000001,62.47954545454545,22,0,398.5,428.5,417.25,387.25,503.30000000000007,553.3000000000001
10,18,437.875,528.3000000000001,64.21121951219513,41,0,428.5,458.5,447.25,417.25,503.30000000000007,553.3000000000001
10,19,467.875,528.3000000000001,62.255,22,0,458.5,488.5,477.25,447.25,503.30000000000007,553.3000000000001
10,20,497.875,528.3000000000001,64.05447368421052,38,0,488.5,518.5,507.25,477.25,503.30000000000007,553.3000000000001
10,21,527.875,528.3000000000001,65.09823529411764,34,0,518.5,548.5,537.25,507.25,503.30000000000007,553.3000000000001
10,22,557.875,528.3000000000001,62.586551724137934,29,0,548.5,578.5,567.25,537.25,503.30000000000007,553.3000000000001
10,23,587.875,528.3000000000001,61.908347578347566,39,0,578.5,608.5,597.25,567.25,503.30000000000007,553.3000000000001
10,24,617.875,528.3000000000001,62.83000000000002,40,0,608.5,638.5,627.25,597.25,503.30000000000007,553.3000000000001
10,25,647.875,528.3000000000001,64.19076923076922,39,0,638.5,668.5,657.25,627.25,503.30000000000007,553.3000000000001
10,26,677.875,528.3000000000001,71.03894736842105,19,0,668.5,698.5,687.25,657.25,503.30000000000007,553.3000000000001
10,27,707.875,528.3000000000001,58.1992857142857,28,0,698.5,728.5,717.25,687.25,503.30000000000007,553.3000000000001
10,28,737.875,528.3000000000001,61.906888888888886,45,0,728.5,758.5,747.25,717.25,503.30000000000007,553.3000000000001
10,29,767.875,528.3000000000001,64.65041666666666,24,0,758.5,788.5,777.25,747.25,503.30000000000007,553.3000000000001
10,30,797.875,528.3000000000001,63.01700000000001,30,0,788.5,818.5,807.25,777.25,503.30000000000007,553.3000000000001
10,31,827.875,528.3000000000001,67.14314285714283,35,0,818.5,848.5,837.25,807.25,503.30000000000007,553.3000000000001
10,32,857.875,528.3000000000001,65.80973684210525,38,0,848.5,878.5,867.25,837.25,503.30000000000007,553.3000000000001
10,33,887.875,528.3000000000001,63.34526315789475,38,0,878.5,908.5,897.25,867.25,503.30000000000007,553.3000000000001
10,34,917.875,528.3000000000001,63.59767441860465,43,0,908.5,938.5,927.25,897.25,503.30000000000007,553.3000000000001
10,35,947.875,528.3000000000001,63.17896551724138,29,0,938.5,968.5,957.25,927.25,503.30000000000007,553.3000000000001
10,36,977.875,528.3000000000001,53.62,15,0,968.5,998.5,987.25,957.25,503.30000000000007,553.3000000000001
10,37,1007.875,528.3000000000001,40.16683673469388,49,0,998.5,1028.5,1017.25,987.25,503.30000000000007,553.3000000000001
10,38,1037.875,528.3000000000001,49.34980392156863,51,0,1028.5,1058.5,1047.25,1017.25,503.30000000000007,553.3000000000001
10,39,1067.875,528.3000000000001,53.511086956521744,46,0,1058.5,1088.5,1077.25,1047.25,503.30000000000007,553.3000000000001
10,40,1097.875,528.3000000000001,54.97916666666665,48,0,1088.5,1118.5,1107.25,1077.25,503.30000000000007,553.3000000000001
10,41,1127.875,528.3000000000001,62.033823529411755,34,0,1118.5,1148.5,1137.25,1107.25,503.30000000000007,553.3000000000001
10,42,1157.875,528.3000000000001,57.6518181818182,22,0,1148.5,1178.5,1167.25,1137.25,503.30000000000007,553.3000000000001
10,43,1187.875,528.3000000000001,57.66300000000001,40,0,1178.5,1208.5,1197.25,1167.25,503.30000000000007,553.3000000000001
10,44,1217.875,528.3000000000001,56.58648648648649,37,0,1208.5,1238.5,1227.25,1197.25,503.30000000000007,553.3000000000001
10,45,1247.875,528.3000000000001,49.61475,40,0,1238.5,1268.5,1257.25,1227.25,503.30000000000007,553.3000000000001
10,46,1277.875,528.3000000000001,42.855414141414144,55,0,1268.5,1298.5,1287.25,1257.25,503.30000000000007,553.3000000000001
10,47,1307.875,528.3000000000001,43.15711864406779,59,0,1298.5,1328.5,1317.25,1287.25,503.30000000000007,553.3000000000001
10,48,1337.875,528.3000000000001,28.908842105263165,95,0,1328.5,1358.5,1347.25,1317.25,503.30000000000007,553.3000000000001
10,49,1367.875,528.3000000000001,32.136060606060596,66,0,1358.5,1388.5,1377.25,1347.25,503.30000000000007,553.3000000000001
10,50,1397.875,528.3000000000001,38.76639344262294,61,0,1388.5,1418.5,1407.25,1377.25,503.30000000000007,553.3000000000001
10,51,1427.875,528.3000000000001,43.96261904761906,42,0,1418.5,1448.5,1437.25,1407.25,503.30000000000007,553.3000000000001
10,52,1457.875,528.3000000000001,52.776190476190465,42,0,1448.5,1478.5,1467.25,1437.25,503.30000000000007,553.3000000000001
10,53,1487.875,528.3000000000001,49.71581395348836,43,0,1478.5,1508.5,1497.25,1467.25,503.30000000000007,553.3000000000001
10,54,1517.875,528.3000000000001,46.72425925925927,54,0,1508.5,1538.5,1527.25,1497.25,503.30000000000007,553.3000000000001
10,55,1547.875,528.3000000000001,42.433962264150935,53,0,1538.5,1568.5,1557.25,1527.25,503.30000000000007,553.3000000000001
10,56,1577.875,528.3000000000001,41.42864406779661,59,0,1568.5,1598.5,1587.25,1557.25,503.30000000000007,553.3000000000001
10,57,1607.875,528.3000000000001,35.83891891891893,74,0,1598.5,1628.5,1617.25,1587.25,503.30000000000007,553.3000000000001
10,58,1637.875,528.3000000000001,40.03230769230769,65,0,1628.5,1658.5,1647.25,1617.25,503.30000000000007,553.3000000000001
10,59,1667.875,528.3000000000001,37.81079365079365,63,0,1658.5,1688.5,1677.25,1647.25,503.30000000000007,553.3000000000001
10,60,1697.875,528.3000000000001,41.633103448275875,58,0,1688.5,1718.5,1707.25,1677.25,503.30000000000007,553.3000000000001
10,61,1727.875,528.3000000000001,42.22466666666666,60,0,1718.5,1748.5,1737.25,1707.25,503.30000000000007,553.3000000000001
10,62,1757.875,528.3000000000001,33.54109375000001,64,0,1748.5,1778.5,1767.25,1737.25,503.30000000000007,553.3000000000001
10,63,1787.875,528.3000000000001,30.084074074074078,81,0,1778.5,1808.5,1797.25,1767.25,503.30000000000007,553.3000000000001
10,64,1817.875,528.3000000000001,29.271406250000005,64,0,1808.5,1838.5,1827.25,1797.25,503.30000000000007,553.3000000000001
10,65,1847.875,528.3000000000001,35.1015873015873,63,0,1838.5,1868.5,1857.25,1827.25,503.30000000000007,553.3000000000001
10,66,1877.875,528.3000000000001,39.24627906976745,43,0,1868.5,1898.5,1887.25,1857.25,503.30000000000007,553.3000000000001
10,67,1907.875,528.3000000000001,34.147,60,0,1898.5,1928.5,1917.25,1887.25,503.30000000000007,553.3000000000001
10,68,1937.875,528.3000000000001,30.110000000000003,64,0,1928.5,1958.5,1947.25,1917.25,503.30000000000007,553.3000000000001
10,69,1967.875,528.3000000000001,32.86630434782609,46,0,1958.5,1988.5,1977.25,1947.25,503.30000000000007,553.3000000000001
10,70,1997.875,528.3000000000001,41.17583333333332,60,0,1988.5,2018.5,2007.25,1977.25,503.30000000000007,553.3000000000001
10,71,2027.875,528.3000000000001,43.899069767441866,43,0,2018.5,2048.5,2037.25,2007.25,503.30000000000007,553.3000000000001
10,72,2057.875,528.3000000000001,45.52892128279884,49,0,2048.5,2078.5,2067.25,2037.25,503.30000000000007,553.3000000000001
10,73,2087.875,528.3000000000001,43.584324324324335,37,0,2078.5,2108.5,2097.25,2067.25,503.30000000000007,553.3000000000001
10,74,2117.875,528.3000000000001,45.62403846153847,52,0,2108.5,2138.5,2127.25,2097.25,503.30000000000007,553.3000000000001
10,75,2147.875,528.3000000000001,36.75672413793102,58,0,2138.5,2168.5,2157.25,2127.25,503.30000000000007,553.3000000000001
10,76,2177.875,528.3000000000001,30.795135135135144,74,0,2168.5,2198.5,2187.25,2157.25,503.30000000000007,553.3000000000001
10,77,2207.875,528.3000000000001,37.393275862068975,58,0,2198.5,2228.5,2217.25,2187.25,503.30000000000007,553.3000000000001
10,78,2237.875,528.3000000000001,42.230344827586215,29,0,2228.5,2258.5,2247.25,2217.25,503.30000000000007,553.3000000000001
10,79,2267.875,528.3000000000001,42.01299999999999,40,0,2258.5,2288.5,2277.25,2247.25,503.30000000000007,553.3000000000001
10,80,2297.875,528.3000000000001,37.36211538461538,52,0,2288.5,2318.5,2307.25,2277.25,503.30000000000007,553.3000000000001
10,81,2327.875,528.3000000000001,36.54692307692307,52,0,2318.5,2348.5,2337.25,2307.25,503.30000000000007,553.3000000000001
10,82,2357.875,528.3000000000001,31.32218750000001,64,0,2348.5,2378.5,2367.25,2337.25,503.30000000000007,553.3000000000001
10,83,2387.875,528.3000000000001,26.73619047619049,84,0,2378.5,2408.5,2397.25,2367.25,503.30000000000007,553.3000000000001
10,84,2417.875,528.3000000000001,20.531012658227855,79,0,2408.5,2438.5,2427.25,2397.25,503.30000000000007,553.3000000000001
10,85,2447.875,528.3000000000001,23.253209876543206,81,0,2438.5,2468.5,2457.25,2427.25,503.30000000000007,553.3000000000001
10,86,2477.875,528.3000000000001,23.668918918918926,74,0,2468.5,2498.5,2487.25,2457.25,503.30000000000007,553.3000000000001
10,87,2507.875,528.3000000000001,27.159571428571432,70,0,2498.5,2528.5,2517.25,2487.25,503.30000000000007,553.3000000000001
10,88,2537.875,528.3000000000001,28.699277108433733,83,0,2528.5,2558.5,2547.25,2517.25,503.30000000000007,553.3000000000001
10,89,2567.875,528.3000000000001,30.86492063492063,63,0,2558.5,2588.5,2577.25,2547.25,503.30000000000007,553.3000000000001
10,90,2597.875,528.3000000000001,35.33483333333333,60,0,2588.5,2618.5,2607.25,2577.25,503.30000000000007,553.3000000000001
10,91,2627.875,528.3000000000001,38.443188405797095,46,0,2618.5,2648.5,2637.25,2607.25,503.30000000000007,553.3000000000001
10,92,2657.875,528.3000000000001,33.3151724137931,58,0,2648.5,2678.5,2667.25,2637.25,503.30000000000007,553.3000000000001
10,93,2687.875,528.3000000000001,33.83516666666667,60,0,2678.5,2708.5,2697.25,2667.25,503.30000000000007,553.3000000000001
10,94,2717.875,528.3000000000001,35.97372807017545,57,0,2708.5,2738.5,2727.25,2697.25,503.30000000000007,553.3000000000001
10,95,2747.875,528.3000000000001,38.312105263157896,57,0,2738.5,2768.5,2757.25,2727.25,503.30000000000007,553.3000000000001
10,96,2777.875,528.3000000000001,36.78,51,0,2768.5,2798.5,2787.25,2757.25,503.30000000000007,553.3000000000001
10,97,2807.875,528.3000000000001,35.86140350877193,57,0,2798.5,2828.5,2817.25,2787.25,503.30000000000007,553.3000000000001
10,98,2837.875,528.3000000000001,33.90333333333334,48,0,2828.5,2858.5,2847.25,2817.25,503.30000000000007,553.3000000000001
10,99,2867.875,528.3000000000001,33.84993055555555,72,0,2858.5,2888.5,2877.25,2847.25,503.30000000000007,553.3000000000001
10,100,2897.875,528.3000000000001,40.857307692307685,52,0,2888.5,2918.5,2907.25,2877.25,503.30000000000007,553.3000000000001
10,101,2927.875,528.3000000000001,40.13777777777778,54,0,2918.5,2948.5,2937.25,2907.25,503.30000000000007,553.3000000000001
10,102,2957.875,528.3000000000001,44.125789473684215,57,0,2948.5,2978.5,2967.25,2937.25,503.30000000000007,553.3000000000001
10,103,2987.875,528.3000000000001,47.01829268292683,41,0,2978.5,3008.5,2997.25,2967.25,503.30000000000007,553.3000000000001
10,104,3017.875,528.3000000000001,51.02083333333334,48,0,3008.5,3038.5,3027.25,2997.25,503.30000000000007,553.3000000000001
10,105,3047.875,528.3000000000001,47.544772727272715,44,0,3038.5,3068.5,3057.25,3027.25,503.30000000000007,553.3000000000001
10,106,3077.875,528.3000000000001,47.689047619047614,42,0,3068.5,3098.5,3087.25,3057.25,503.30000000000007,553.3000000000001
10,107,3107.875,528.3000000000001,49.159375,32,0,3098.5,3128.5,3117.25,3087.25,503.30000000000007,553.3000000000001
10,108,3137.875,528.3000000000001,45.2963829787234,47,0,3128.5,3158.5,3147.25,3117.25,503.30000000000007,553.3000000000001
10,109,3167.875,528.3000000000001,41.3940425531915,47,0,3158.5,3188.5,3177.25,3147.25,503.30000000000007,553.3000000000001
10,110,3197.875,528.3000000000001,38.546862745098046,51,0,3188.5,3218.5,3207.25,3177.25,503.30000000000007,553.3000000000001
10,111,3227.875,528.3000000000001,40.55957746478875,71,0,3218.5,3248.5,3237.25,3207.25,503.30000000000007,553.3000000000001
10,112,3257.875,528.3000000000001,38.72,36,0,3248.5,3278.5,3267.25,3237.25,503.30000000000007,553.3000000000001
10,113,3287.875,528.3000000000001,32.18162162162161,74,0,3278.5,3308.5,3297.25,3267.25,503.30000000000007,553.3000000000001
10,114,3317.875,528.3000000000001,35.211499999999994,60,0,3308.5,3338.5,3327.25,3297.25,503.30000000000007,553.3000000000001
10,115,3347.875,528.3000000000001,32.34566037735849,53,0,3338.5,3368.5,3357.25,3327.25,503.30000000000007,553.3000000000001
10,116,3377.875,528.3000000000001,27.85357142857142,70,0,3368.5,3398.5,3387.25,3357.25,503.30000000000007,553.3000000000001
10,117,3407.875,528.3000000000001,19.994675324675327,77,0,3398.5,3428.5,3417.25,3387.25,503.30000000000007,553.3000000000001
10,118,3437.875,528.3000000000001,25.706338028169025,71,0,3428.5,3458.5,3447.25,3417.25,503.30000000000007,553.3000000000001
10,119,3467.875,528.3000000000001,28.66675,80,0,3458.5,3488.5,3477.25,3447.25,503.30000000000007,553.3000000000001
10,120,3497.875,528.3000000000001,32.8013924050633,79,0,3488.5,3518.5,3507.25,3477.25,503.30000000000007,553.3000000000001
10,121,3527.875,528.3000000000001,38.116935483870975,62,0,3518.5,3548.5,3537.25,3507.25,503.30000000000007,553.3000000000001
10,122,3557.875,528.3000000000001,42.81666666666667,45,0,3548.5,3578.5,3567.25,3537.25,503.30000000000007,553.3000000000001
10,123,3587.875,528.3000000000001,38.297924528301884,53,0,3578.5,3608.5,3597.25,3567.25,503.30000000000007,553.3000000000001
10,124,3617.875,528.3000000000001,36.499999999999986,54,0,3608.5,3638.5,3627.25,3597.25,503.30000000000007,553.3000000000001
10,125,3647.875,528.3000000000001,45.04648648648648,37,0,3638.5,3668.5,3657.25,3627.25,503.30000000000007,553.3000000000001
10,126,3677.875,528.3000000000001,,0,0,3668.5,3698.5,3687.25,3657.25,503.30000000000007,553.3000000000001
10,127,3707.875,528.3000000000001,,0,0,3698.5,3728.5,3717.25,3687.25,503.30000000000007,553.3000000000001
10,128,3737.875,528.3000000000001,,0,0,3728.5,3758.5,3747.25,3717.25,503.30000000000007,553.3000000000001
10,129,3767.875,528.3000000000001,,0,0,3758.5,3788.5,3777.25,3747.25,503.30000000000007,553.3000000000001
10,130,3797.875,528.3000000000001,,0,0,3788.5,3818.5,3807.25,3777.25,503.30000000000007,553.3000000000001
10,131,3827.875,528.3000000000001,,0,0,3818.5,3848.5,3837.25,3807.25,503.30000000000007,553.3000000000001
11,4,6.625,578.3000000000001,69.09454545454544,11,0,-2.75,27.25,16.0,-14.0,553.3000000000001,603.3000000000001
11,5,36.625,578.3000000000001,69.92166666666665,18,0,27.25,57.25,46.0,16.0,553.3000000000001,603.3000000000001
11,6,66.625,578.3000000000001,76.36727272727272,11,0,57.25,87.25,76.0,46.0,553.3000000000001,603.3000000000001
11,7,96.625,578.3000000000001,64.39,24,0,87.25,117.25,106.0,76.0,553.3000000000001,603.3000000000001
11,8,126.625,578.3000000000001,63.97918918918919,37,0,117.25,147.25,136.0,106.0,553.3000000000001,603.3000000000001
11,9,156.625,578.3000000000001,67.69678571428571,28,0,147.25,177.25,166.0,136.0,553.3000000000001,603.3000000000001
11,10,186.625,578.3000000000001,74.54380952380951,21,0,177.25,207.25,196.0,166.0,553.3000000000001,603.3000000000001
11,11,216.625,578.3000000000001,71.3741935483871,31,0,207.25,237.25,226.0,196.0,553.3000000000001,603.3000000000001
11,12,246.625,578.3000000000001,73.15388888888889,18,0,237.25,267.25,256.0,226.0,553.3000000000001,603.3000000000001
11,13,276.625,578.3000000000001,66.29692307692308,26,0,267.25,297.25,286.0,256.0,553.3000000000001,603.3000000000001
11,14,306.625,578.3000000000001,67.46600000000001,20,0,297.25,327.25,316.0,286.0,553.3000000000001,603.3000000000001
11,15,336.625,578.3000000000001,76.15025,10,0,327.25,357.25,346.0,316.0,553.3000000000001,603.3000000000001
11,16,366.625,578.3000000000001,73.374,10,0,357.25,387.25,376.0,346.0,553.3000000000001,603.3000000000001
11,17,396.625,578.3000000000001,72.23249999999999,12,0,387.25,417.25,406.0,376.0,553.3000000000001,603.3000000000001
11,18,426.625,578.3000000000001,60.34000000000001,40,0,417.25,447.25,436.0,406.0,553.3000000000001,603.3000000000001
11,19,456.625,578.3000000000001,64.67939393939395,33,0,447.25,477.25,466.0,436.0,553.3000000000001,603.3000000000001
11,20,486.625,578.3000000000001,61.56230769230769,26,0,477.25,507.25,496.0,466.0,553.3000000000001,603.3000000000001
11,21,516.625,578.3000000000001,63.43878787878788,33,0,507.25,537.25,526.0,496.0,553.3000000000001,603.3000000000001
11,22,546.625,578.3000000000001,63.58885714285714,35,0,537.25,567.25,556.0,526.0,553.3000000000001,603.3000000000001
11,23,576.625,578.3000000000001,62.36042857142859,35,0,567.25,597.25,586.0,556.0,553.3000000000001,603.3000000000001
11,24,606.625,578.3000000000001,61.96675675675676,37,0,597.25,627.25,616.0,586.0,553.3000000000001,603.3000000000001
11,25,636.625,578.3000000000001,60.74441176470588,34,0,627.25,657.25,646.0,616.0,553.3000000000001,603.3000000000001
11,26,666.625,578.3000000000001,65.43142857142855,28,0,657.25,687.25,676.0,646.0,553.3000000000001,603.3000000000001
11,27,696.625,578.3000000000001,69.716875,16,0,687.25,717.25,706.0,676.0,553.3000000000001,603.3000000000001
11,28,726.625,578.3000000000001,57.842291666666654,48,0,717.25,747.25,736.0,706.0,553.3000000000001,603.3000000000001
11,29,756.625,578.3000000000001,63.24181818181817,33,0,747.25,777.25,766.0,736.0,553.3000000000001,603.3000000000001
11,30,786.625,578.3000000000001,61.848214285714285,28,0,777.25,807.25,796.0,766.0,553.3000000000001,603.3000000000001
11,31,816.625,578.3000000000001,65.36333333333334,33,0,807.25,837.25,826.0,796.0,553.3000000000001,603.3000000000001
11,32,846.625,578.3000000000001,66.68857142857142,35,0,837.25,867.25,856.0,826.0,553.3000000000001,603.3000000000001
11,33,876.625,578.3000000000001,63.779024390243926,41,0,867.25,897.25,886.0,856.0,553.3000000000001,603.3000000000001
11,34,906.625,578.3000000000001,63.306285714285735,35,0,897.25,927.25,916.0,886.0,553.3000000000001,603.3000000000001
11,35,936.625,578.3000000000001,60.57173913043481,46,0,927.25,957.25,946.0,916.0,553.3000000000001,603.3000000000001
11,36,966.625,578.3000000000001,52.65458333333334,24,0,957.25,987.25,976.0,946.0,553.3000000000001,603.3000000000001
11,37,996.625,578.3000000000001,45.21787878787879,33,0,987.25,1017.25,1006.0,976.0,553.3000000000001,603.3000000000001
11,38,1026.625,578.3000000000001,47.89,47,0,1017.25,1047.25,1036.0,1006.0,553.3000000000001,603.3000000000001
11,39,1056.625,578.3000000000001,53.142653061224486,49,0,1047.25,1077.25,1066.0,1036.0,553.3000000000001,603.3000000000001
11,40,1086.625,578.3000000000001,56.80533333333333,45,0,1077.25,1107.25,1096.0,1066.0,553.3000000000001,603.3000000000001
11,41,1116.625,578.3000000000001,59.46266666666665,45,0,1107.25,1137.25,1126.0,1096.0,553.3000000000001,603.3000000000001
11,42,1146.625,578.3000000000001,63.46899999999998,20,0,1137.25,1167.25,1156.0,1126.0,553.3000000000001,603.3000000000001
11,43,1176.625,578.3000000000001,57.15171428571428,35,0,1167.25,1197.25,1186.0,1156.0,553.3000000000001,603.3000000000001
11,44,1206.625,578.3000000000001,58.009,40,0,1197.25,1227.25,1216.0,1186.0,553.3000000000001,603.3000000000001
11,45,1236.625,578.3000000000001,46.57651162790698,43,0,1227.25,1257.25,1246.0,1216.0,553.3000000000001,603.3000000000001
11,46,1266.625,578.3000000000001,48.83090277777777,48,0,1257.25,1287.25,1276.0,1246.0,553.3000000000001,603.3000000000001
11,47,1296.625,578.3000000000001,43.24689655172413,58,0,1287.25,1317.25,1306.0,1276.0,553.3000000000001,603.3000000000001
11,48,1326.625,578.3000000000001,31.50275000000001,80,0,1317.25,1347.25,1336.0,1306.0,553.3000000000001,603.3000000000001
11,49,1356.625,578.3000000000001,30.85643835616439,73,0,1347.25,1377.25,1366.0,1336.0,553.3000000000001,603.3000000000001
11,50,1386.625,578.3000000000001,37.00599999999999,60,0,1377.25,1407.25,1396.0,1366.0,553.3000000000001,603.3000000000001
11,51,1416.625,578.3000000000001,36.21762711864407,59,0,1407.25,1437.25,1426.0,1396.0,553.3000000000001,603.3000000000001
11,52,1446.625,578.3000000000001,49.438222222222215,45,0,1437.25,1467.25,1456.0,1426.0,553.3000000000001,603.3000000000001
11,53,1476.625,578.3000000000001,52.51148936170214,47,0,1467.25,1497.25,1486.0,1456.0,553.3000000000001,603.3000000000001
11,54,1506.625,578.3000000000001,41.02963636363636,55,0,1497.25,1527.25,1516.0,1486.0,553.3000000000001,603.3000000000001
11,55,1536.625,578.3000000000001,40.37909090909091,66,0,1527.25,1557.25,1546.0,1516.0,553.3000000000001,603.3000000000001
11,56,1566.625,578.3000000000001,42.24391304347825,46,0,1557.25,1587.25,1576.0,1546.0,553.3000000000001,603.3000000000001
11,57,1596.625,578.3000000000001,36.9584745762712,59,0,1587.25,1617.25,1606.0,1576.0,553.3000000000001,603.3000000000001
11,58,1626.625,578.3000000000001,40.7280303030303,66,0,1617.25,1647.25,1636.0,1606.0,553.3000000000001,603.3000000000001
11,59,1656.625,578.3000000000001,40.689310344827604,58,0,1647.25,1677.25,1666.0,1636.0,553.3000000000001,603.3000000000001
11,60,1686.625,578.3000000000001,39.95491525423729,59,0,1677.25,1707.25,1696.0,1666.0,553.3000000000001,603.3000000000001
11,61,1716.625,578.3000000000001,41.787636363636366,55,0,1707.25,1737.25,1726.0,1696.0,553.3000000000001,603.3000000000001
11,62,1746.625,578.3000000000001,31.810128205128212,78,0,1737.25,1767.25,1756.0,1726.0,553.3000000000001,603.3000000000001
11,63,1776.625,578.3000000000001,22.645168539325844,89,0,1767.25,1797.25,1786.0,1756.0,553.3000000000001,603.3000000000001
11,64,1806.625,578.3000000000001,24.815862068965522,87,0,1797.25,1827.25,1816.0,1786.0,553.3000000000001,603.3000000000001
11,65,1836.625,578.3000000000001,35.43732142857142,56,0,1827.25,1857.25,1846.0,1816.0,553.3000000000001,603.3000000000001
11,66,1866.625,578.3000000000001,35.828093220338985,59,0,1857.25,1887.25,1876.0,1846.0,553.3000000000001,603.3000000000001
11,67,1896.625,578.3000000000001,29.947090909090903,55,0,1887.25,1917.25,1906.0,1876.0,553.3000000000001,603.3000000000001
11,68,1926.625,578.3000000000001,23.995081967213125,61,0,1917.25,1947.25,1936.0,1906.0,553.3000000000001,603.3000000000001
11,69,1956.625,578.3000000000001,28.544857142857136,70,0,1947.25,1977.25,1966.0,1936.0,553.3000000000001,603.3000000000001
11,70,1986.625,578.3000000000001,38.14190476190477,42,0,1977.25,2007.25,1996.0,1966.0,553.3000000000001,603.3000000000001
11,71,2016.625,578.3000000000001,38.788305084745765,59,0,2007.25,2037.25,2026.0,1996.0,553.3000000000001,603.3000000000001
11,72,2046.625,578.3000000000001,43.2065306122449,49,0,2037.25,2067.25,2056.0,2026.0,553.3000000000001,603.3000000000001
11,73,2076.625,578.3000000000001,42.88956521739131,46,0,2067.25,2097.25,2086.0,2056.0,553.3000000000001,603.3000000000001
11,74,2106.625,578.3000000000001,39.849272727272734,55,0,2097.25,2127.25,2116.0,2086.0,553.3000000000001,603.3000000000001
11,75,2136.625,578.3000000000001,34.03466666666666,60,0,2127.25,2157.25,2146.0,2116.0,553.3000000000001,603.3000000000001
11,76,2166.625,578.3000000000001,25.29426829268293,82,0,2157.25,2187.25,2176.0,2146.0,553.3000000000001,603.3000000000001
11,77,2196.625,578.3000000000001,28.03151898734177,79,0,2187.25,2217.25,2206.0,2176.0,553.3000000000001,603.3000000000001
11,78,2226.625,578.3000000000001,38.895625,48,0,2217.25,2247.25,2236.0,2206.0,553.3000000000001,603.3000000000001
11,79,2256.625,578.3000000000001,41.57525000000001,40,0,2247.25,2277.25,2266.0,2236.0,553.3000000000001,603.3000000000001
11,80,2286.625,578.3000000000001,34.22568181818181,44,0,2277.25,2307.25,2296.0,2266.0,553.3000000000001,603.3000000000001
11,81,2316.625,578.3000000000001,32.351525423728816,59,0,2307.25,2337.25,2326.0,2296.0,553.3000000000001,603.3000000000001
11,82,2346.625,578.3000000000001,27.18662337662337,77,0,2337.25,2367.25,2356.0,2326.0,553.3000000000001,603.3000000000001
11,83,2376.625,578.3000000000001,23.889740259740257,77,0,2367.25,2397.25,2386.0,2356.0,553.3000000000001,603.3000000000001
11,84,2406.625,578.3000000000001,21.733855421686755,83,0,2397.25,2427.25,2416.0,2386.0,553.3000000000001,603.3000000000001
11,85,2436.625,578.3000000000001,25.384333333333327,60,0,2427.25,2457.25,2446.0,2416.0,553.3000000000001,603.3000000000001
11,86,2466.625,578.3000000000001,20.974047619047617,84,0,2457.25,2487.25,2476.0,2446.0,553.3000000000001,603.3000000000001
11,87,2496.625,578.3000000000001,25.66054794520548,73,0,2487.25,2517.25,2506.0,2476.0,553.3000000000001,603.3000000000001
11,88,2526.625,578.3000000000001,26.303289473684206,76,0,2517.25,2547.25,2536.0,2506.0,553.3000000000001,603.3000000000001
11,89,2556.625,578.3000000000001,29.678604651162793,86,0,2547.25,2577.25,2566.0,2536.0,553.3000000000001,603.3000000000001
11,90,2586.625,578.3000000000001,33.51788461538461,52,0,2577.25,2607.25,2596.0,2566.0,553.3000000000001,603.3000000000001
11,91,2616.625,578.3000000000001,36.698035714285716,56,0,2607.25,2637.25,2626.0,2596.0,553.3000000000001,603.3000000000001
11,92,2646.625,578.3000000000001,30.97563636363637,55,0,2637.25,2667.25,2656.0,2626.0,553.3000000000001,603.3000000000001
11,93,2676.625,578.3000000000001,29.859999999999996,73,0,2667.25,2697.25,2686.0,2656.0,553.3000000000001,603.3000000000001
11,94,2706.625,578.3000000000001,30.180547945205472,73,0,2697.25,2727.25,2716.0,2686.0,553.3000000000001,603.3000000000001
11,95,2736.625,578.3000000000001,29.3997619047619,84,0,2727.25,2757.25,2746.0,2716.0,553.3000000000001,603.3000000000001
11,96,2766.625,578.3000000000001,36.944107142857135,56,0,2757.25,2787.25,2776.0,2746.0,553.3000000000001,603.3000000000001
11,97,2796.625,578.3000000000001,35.00934782608695,46,0,2787.25,2817.25,2806.0,2776.0,553.3000000000001,603.3000000000001
11,98,2826.625,578.3000000000001,32.086499999999994,60,0,2817.25,2847.25,2836.0,2806.0,553.3000000000001,603.3000000000001
11,99,2856.625,578.3000000000001,33.547799999999995,50,0,2847.25,2877.25,2866.0,2836.0,553.3000000000001,603.3000000000001
11,100,2886.625,578.3000000000001,36.103239436619724,71,0,2877.25,2907.25,2896.0,2866.0,553.3000000000001,603.3000000000001
11,101,2916.625,578.3000000000001,38.294576271186436,59,0,2907.25,2937.25,2926.0,2896.0,553.3000000000001,603.3000000000001
11,102,2946.625,578.3000000000001,41.54473684210527,57,0,2937.25,2967.25,2956.0,2926.0,553.3000000000001,603.3000000000001
11,103,2976.625,578.3000000000001,45.343600000000016,50,0,2967.25,2997.25,2986.0,2956.0,553.3000000000001,603.3000000000001
11,104,3006.625,578.3000000000001,49.402,40,0,2997.25,3027.25,3016.0,2986.0,553.3000000000001,603.3000000000001
11,105,3036.625,578.3000000000001,48.524074074074065,45,0,3027.25,3057.25,3046.0,3016.0,553.3000000000001,603.3000000000001
11,106,3066.625,578.3000000000001,49.280833333333305,36,0,3057.25,3087.25,3076.0,3046.0,553.3000000000001,603.3000000000001
11,107,3096.625,578.3000000000001,45.36565217391305,46,0,3087.25,3117.25,3106.0,3076.0,553.3000000000001,603.3000000000001
11,108,3126.625,578.3000000000001,37.113846153846154,39,0,3117.25,3147.25,3136.0,3106.0,553.3000000000001,603.3000000000001
11,109,3156.625,578.3000000000001,40.27818181818183,55,0,3147.25,3177.25,3166.0,3136.0,553.3000000000001,603.3000000000001
11,110,3186.625,578.3000000000001,35.58826923076922,52,0,3177.25,3207.25,3196.0,3166.0,553.3000000000001,603.3000000000001
11,111,3216.625,578.3000000000001,36.646865671641805,67,0,3207.25,3237.25,3226.0,3196.0,553.3000000000001,603.3000000000001
11,112,3246.625,578.3000000000001,35.472000000000016,70,0,3237.25,3267.25,3256.0,3226.0,553.3000000000001,603.3000000000001
11,113,3276.625,578.3000000000001,31.952553191489365,47,0,3267.25,3297.25,3286.0,3256.0,553.3000000000001,603.3000000000001
11,114,3306.625,578.3000000000001,29.28693333333334,75,0,3297.25,3327.25,3316.0,3286.0,553.3000000000001,603.3000000000001
11,115,3336.625,578.3000000000001,22.142098765432102,81,0,3327.25,3357.25,3346.0,3316.0,553.3000000000001,603.3000000000001
11,116,3366.625,578.3000000000001,26.090454545454545,66,0,3357.25,3387.25,3376.0,3346.0,553.3000000000001,603.3000000000001
11,117,3396.625,578.3000000000001,18.410694444444445,72,0,3387.25,3417.25,3406.0,3376.0,553.3000000000001,603.3000000000001
11,118,3426.625,578.3000000000001,24.668225806451616,62,0,3417.25,3447.25,3436.0,3406.0,553.3000000000001,603.3000000000001
11,119,3456.625,578.3000000000001,26.321084337349404,83,0,3447.25,3477.25,3466.0,3436.0,553.3000000000001,603.3000000000001
11,120,3486.625,578.3000000000001,28.945064935064934,77,0,3477.25,3507.25,3496.0,3466.0,553.3000000000001,603.3000000000001
11,121,3516.625,578.3000000000001,32.47246913580248,81,0,3507.25,3537.25,3526.0,3496.0,553.3000000000001,603.3000000000001
11,122,3546.625,578.3000000000001,37.8475,52,0,3537.25,3567.25,3556.0,3526.0,553.3000000000001,603.3000000000001
11,123,3576.625,578.3000000000001,38.61981481481483,54,0,3567.25,3597.25,3586.0,3556.0,553.3000000000001,603.3000000000001
11,124,3606.625,578.3000000000001,34.394,50,0,3597.25,3627.25,3616.0,3586.0,553.3000000000001,603.3000000000001
11,125,3636.625,578.3000000000001,35.81539682539682,63,0,3627.25,3657.25,3646.0,3616.0,553.3000000000001,603.3000000000001
11,126,3666.625,578.3000000000001,39.72611111111112,18,0,3657.25,3687.25,3676.0,3646.0,553.3000000000001,603.3000000000001
11,127,3696.625,578.3000000000001,,0,0,3687.25,3717.25,3706.0,3676.0,553.3000000000001,603.3000000000001
11,128,3726.625,578.3000000000001,,0,0,3717.25,3747.25,3736.0,3706.0,553.3000000000001,603.3000000000001
11,129,3756.625,578.3000000000001,,0,0,3747.25,3777.25,3766.0,3736.0,553.3000000000001,603.3000000000001
11,130,3786.625,578.3000000000001,,0,0,3777.25,3807.25,3796.0,3766.0,553.3000000000001,603.3000000000001
11,131,3816.625,578.3000000000001,,0,0,3807.25,3837.25,3826.0,3796.0,553.3000000000001,603.3000000000001
12,4,-4.625,628.3000000000001,67.36857142857141,7,0,-14.0,16.0,4.75,-25.25,603.3000000000001,653.3000000000001
12,5,25.375,628.3000000000001,70.19166666666666,18,0,16.0,46.0,34.75,4.75,603.3000000000001,653.3000000000001
12,6,55.375,628.3000000000001,73.00214285714284,14,0,46.0,76.0,64.75,34.75,603.3000000000001,653.3000000000001
12,7,85.375,628.3000000000001,76.83111111111111,9,0,76.0,106.0,94.75,64.75,603.3000000000001,653.3000000000001
12,8,115.375,628.3000000000001,61.146904761904764,42,0,106.0,136.0,124.75,94.75,603.3000000000001,653.3000000000001
12,9,145.375,628.3000000000001,67.5755,20,0,136.0,166.0,154.75,124.75,603.3000000000001,653.3000000000001
12,10,175.375,628.3000000000001,69.24468749999998,32,0,166.0,196.0,184.75,154.75,603.3000000000001,653.3000000000001
12,11,205.375,628.3000000000001,76.30722222222222,18,0,196.0,226.0,214.75,184.75,603.3000000000001,653.3000000000001
12,12,235.375,628.3000000000001,72.30785714285712,28,0,226.0,256.0,244.75,214.75,603.3000000000001,653.3000000000001
12,13,265.375,628.3000000000001,67.13772727272728,22,0,256.0,286.0,274.75,244.75,603.3000000000001,653.3000000000001
12,14,295.375,628.3000000000001,71.63625,16,0,286.0,316.0,304.75,274.75,603.3000000000001,653.3000000000001
12,15,325.375,628.3000000000001,67.35411764705883,17,0,316.0,346.0,334.75,304.75,603.3000000000001,653.3000000000001
12,16,355.375,628.3000000000001,75.975,10,0,346.0,376.0,364.75,334.75,603.3000000000001,653.3000000000001
12,17,385.375,628.3000000000001,73.88666666666666,12,0,376.0,406.0,394.75,364.75,603.3000000000001,653.3000000000001
12,18,415.375,628.3000000000001,61.66620689655173,29,0,406.0,436.0,424.75,394.75,603.3000000000001,653.3000000000001
12,19,445.375,628.3000000000001,63.63692307692308,39,0,436.0,466.0,454.75,424.75,603.3000000000001,653.3000000000001
12,20,475.375,628.3000000000001,60.908181818181816,22,0,466.0,496.0,484.75,454.75,603.3000000000001,653.3000000000001
12,21,505.375,628.3000000000001,63.30083333333336,36,0,496.0,526.0,514.75,484.75,603.3000000000001,653.3000000000001
12,22,535.375,628.3000000000001,65.20567567567569,37,0,526.0,556.0,544.75,514.75,603.3000000000001,653.3000000000001
12,23,565.375,628.3000000000001,63.815416666666685,24,0,556.0,586.0,574.75,544.75,603.3000000000001,653.3000000000001
12,24,595.375,628.3000000000001,63.241499999999995,40,0,586.0,616.0,604.75,574.75,603.3000000000001,653.3000000000001
12,25,625.375,628.3000000000001,62.448181818181816,33,0,616.0,646.0,634.75,604.75,603.3000000000001,653.3000000000001
12,26,655.375,628.3000000000001,64.79486486486485,37,0,646.0,676.0,664.75,634.75,603.3000000000001,653.3000000000001
12,27,685.375,628.3000000000001,70.65941176470588,17,0,676.0,706.0,694.75,664.75,603.3000000000001,653.3000000000001
12,28,715.375,628.3000000000001,60.149354838709684,31,0,706.0,736.0,724.75,694.75,603.3000000000001,653.3000000000001
12,29,745.375,628.3000000000001,61.92674418604652,43,0,736.0,766.0,754.75,724.75,603.3000000000001,653.3000000000001
12,30,775.375,628.3000000000001,65.47600000000003,20,0,766.0,796.0,784.75,754.75,603.3000000000001,653.3000000000001
12,31,805.375,628.3000000000001,62.95176470588237,34,0,796.0,826.0,814.75,784.75,603.3000000000001,653.3000000000001
12,32,835.375,628.3000000000001,66.9610344827586,29,0,826.0,856.0,844.75,814.75,603.3000000000001,653.3000000000001
12,33,865.375,628.3000000000001,66.14675,40,0,856.0,886.0,874.75,844.75,603.3000000000001,653.3000000000001
12,34,895.375,628.3000000000001,65.32725490196079,34,0,886.0,916.0,904.75,874.75,603.3000000000001,653.3000000000001
12,35,925.375,628.3000000000001,54.61785714285714,56,0,916.0,946.0,934.75,904.75,603.3000000000001,653.3000000000001
12,36,955.375,628.3000000000001,46.47288888888888,45,0,946.0,976.0,964.75,934.75,603.3000000000001,653.3000000000001
12,37,985.375,628.3000000000001,48.183749999999996,16,0,976.0,1006.0,994.75,964.75,603.3000000000001,653.3000000000001
12,38,1015.375,628.3000000000001,47.31365853658535,41,0,1006.0,1036.0,1024.75,994.75,603.3000000000001,653.3000000000001
12,39,1045.375,628.3000000000001,51.98795918367347,49,0,1036.0,1066.0,1054.75,1024.75,603.3000000000001,653.3000000000001
12,40,1075.375,628.3000000000001,56.376590909090915,44,0,1066.0,1096.0,1084.75,1054.75,603.3000000000001,653.3000000000001
12,41,1105.375,628.3000000000001,59.122000000000014,45,0,1096.0,1126.0,1114.75,1084.75,603.3000000000001,653.3000000000001
12,42,1135.375,628.3000000000001,62.958124999999995,32,0,1126.0,1156.0,1144.75,1114.75,603.3000000000001,653.3000000000001
12,43,1165.375,628.3000000000001,58.795500000000004,20,0,1156.0,1186.0,1174.75,1144.75,603.3000000000001,653.3000000000001
12,44,1195.375,628.3000000000001,58.05609756097564,41,0,1186.0,1216.0,1204.75,1174.75,603.3000000000001,653.3000000000001
12,45,1225.375,628.3000000000001,50.84486486486487,37,0,1216.0,1246.0,1234.75,1204.75,603.3000000000001,653.3000000000001
12,46,1255.375,628.3000000000001,46.99754716981131,53,0,1246.0,1276.0,1264.75,1234.75,603.3000000000001,653.3000000000001
12,47,1285.375,628.3000000000001,47.52142857142859,49,0,1276.0,1306.0,1294.75,1264.75,603.3000000000001,653.3000000000001
12,48,1315.375,628.3000000000001,37.68783333333334,60,0,1306.0,1336.0,1324.75,1294.75,603.3000000000001,653.3000000000001
12,49,1345.375,628.3000000000001,29.370352941176478,85,0,1336.0,1366.0,1354.75,1324.75,603.3000000000001,653.3000000000001
12,50,1375.375,628.3000000000001,36.54838235294118,68,0,1366.0,1396.0,1384.75,1354.75,603.3000000000001,653.3000000000001
12,51,1405.375,628.3000000000001,34.365625,64,0,1396.0,1426.0,1414.75,1384.75,603.3000000000001,653.3000000000001
12,52,1435.375,628.3000000000001,39.67725490196079,51,0,1426.0,1456.0,1444.75,1414.75,603.3000000000001,653.3000000000001
12,53,1465.375,628.3000000000001,47.463137254901966,51,0,1456.0,1486.0,1474.75,1444.75,603.3000000000001,653.3000000000001
12,54,1495.375,628.3000000000001,43.70659574468086,47,0,1486.0,1516.0,1504.75,1474.75,603.3000000000001,653.3000000000001
12,55,1525.375,628.3000000000001,33.564342105263165,76,0,1516.0,1546.0,1534.75,1504.75,603.3000000000001,653.3000000000001
12,56,1555.375,628.3000000000001,38.9191525423729,59,0,1546.0,1576.0,1564.75,1534.75,603.3000000000001,653.3000000000001
12,57,1585.375,628.3000000000001,42.69018867924528,53,0,1576.0,1606.0,1594.75,1564.75,603.3000000000001,653.3000000000001
12,58,1615.375,628.3000000000001,41.68754098360656,61,0,1606.0,1636.0,1624.75,1594.75,603.3000000000001,653.3000000000001
12,59,1645.375,628.3000000000001,43.80051724137931,58,0,1636.0,1666.0,1654.75,1624.75,603.3000000000001,653.3000000000001
12,60,1675.375,628.3000000000001,41.6422222222222,54,0,1666.0,1696.0,1684.75,1654.75,603.3000000000001,653.3000000000001
12,61,1705.375,628.3000000000001,37.9428787878788,66,0,1696.0,1726.0,1714.75,1684.75,603.3000000000001,653.3000000000001
12,62,1735.375,628.3000000000001,31.329599999999996,75,0,1726.0,1756.0,1744.75,1714.75,603.3000000000001,653.3000000000001
12,63,1765.375,628.3000000000001,20.764387755102035,98,0,1756.0,1786.0,1774.75,1744.75,603.3000000000001,653.3000000000001
12,64,1795.375,628.3000000000001,21.909895833333323,96,0,1786.0,1816.0,1804.75,1774.75,603.3000000000001,653.3000000000001
12,65,1825.375,628.3000000000001,33.81045454545454,66,0,1816.0,1846.0,1834.75,1804.75,603.3000000000001,653.3000000000001
12,66,1855.375,628.3000000000001,38.82351851851851,54,0,1846.0,1876.0,1864.75,1834.75,603.3000000000001,653.3000000000001
12,67,1885.375,628.3000000000001,32.250175438596486,57,0,1876.0,1906.0,1894.75,1864.75,603.3000000000001,653.3000000000001
12,68,1915.375,628.3000000000001,26.62896666666666,75,0,1906.0,1936.0,1924.75,1894.75,603.3000000000001,653.3000000000001
12,69,1945.375,628.3000000000001,29.48913793103449,58,0,1936.0,1966.0,1954.75,1924.75,603.3000000000001,653.3000000000001
12,70,1975.375,628.3000000000001,30.82819172113288,51,0,1966.0,1996.0,1984.75,1954.75,603.3000000000001,653.3000000000001
12,71,2005.375,628.3000000000001,34.10637681159421,69,0,1996.0,2026.0,2014.75,1984.75,603.3000000000001,653.3000000000001
12,72,2035.375,628.3000000000001,34.28576271186441,59,0,2026.0,2056.0,2044.75,2014.75,603.3000000000001,653.3000000000001
12,73,2065.375,628.3000000000001,42.32826923076922,52,0,2056.0,2086.0,2074.75,2044.75,603.3000000000001,653.3000000000001
12,74,2095.375,628.3000000000001,43.89925,40,0,2086.0,2116.0,2104.75,2074.75,603.3000000000001,653.3000000000001
12,75,2125.375,628.3000000000001,30.621857142857138,70,0,2116.0,2146.0,2134.75,2104.75,603.3000000000001,653.3000000000001
12,76,2155.375,628.3000000000001,23.41686046511628,86,0,2146.0,2176.0,2164.75,2134.75,603.3000000000001,653.3000000000001
12,77,2185.375,628.3000000000001,25.78395061728395,81,0,2176.0,2206.0,2194.75,2164.75,603.3000000000001,653.3000000000001
12,78,2215.375,628.3000000000001,32.54146666666667,75,0,2206.0,2236.0,2224.75,2194.75,603.3000000000001,653.3000000000001
12,79,2245.375,628.3000000000001,39.64878048780487,41,0,2236.0,2266.0,2254.75,2224.75,603.3000000000001,653.3000000000001
12,80,2275.375,628.3000000000001,36.255625,48,0,2266.0,2296.0,2284.75,2254.75,603.3000000000001,653.3000000000001
12,81,2305.375,628.3000000000001,31.64375,56,0,2296.0,2326.0,2314.75,2284.75,603.3000000000001,653.3000000000001
12,82,2335.375,628.3000000000001,30.624,55,0,2326.0,2356.0,2344.75,2314.75,603.3000000000001,653.3000000000001
12,83,2365.375,628.3000000000001,26.070714285714285,70,0,2356.0,2386.0,2374.75,2344.75,603.3000000000001,653.3000000000001
12,84,2395.375,628.3000000000001,22.02012195121951,82,0,2386.0,2416.0,2404.75,2374.75,603.3000000000001,653.3000000000001
12,85,2425.375,628.3000000000001,26.935616438356163,73,0,2416.0,2446.0,2434.75,2404.75,603.3000000000001,653.3000000000001
12,86,2455.375,628.3000000000001,25.721525423728814,59,0,2446.0,2476.0,2464.75,2434.75,603.3000000000001,653.3000000000001
12,87,2485.375,628.3000000000001,28.13867647058823,68,0,2476.0,2506.0,2494.75,2464.75,603.3000000000001,653.3000000000001
12,88,2515.375,628.3000000000001,26.03986301369863,73,0,2506.0,2536.0,2524.75,2494.75,603.3000000000001,653.3000000000001
12,89,2545.375,628.3000000000001,27.932409638554216,83,0,2536.0,2566.0,2554.75,2524.75,603.3000000000001,653.3000000000001
12,90,2575.375,628.3000000000001,31.978194444444437,72,0,2566.0,2596.0,2584.75,2554.75,603.3000000000001,653.3000000000001
12,91,2605.375,628.3000000000001,33.15923076923077,65,0,2596.0,2626.0,2614.75,2584.75,603.3000000000001,653.3000000000001
12,92,2635.375,628.3000000000001,31.642068965517236,58,0,2626.0,2656.0,2644.75,2614.75,603.3000000000001,653.3000000000001
12,93,2665.375,628.3000000000001,29.689523809523806,63,0,2656.0,2686.0,2674.75,2644.75,603.3000000000001,653.3000000000001
12,94,2695.375,628.3000000000001,28.35493150684932,73,0,2686.0,2716.0,2704.75,2674.75,603.3000000000001,653.3000000000001
12,95,2725.375,628.3000000000001,23.187373737373743,99,0,2716.0,2746.0,2734.75,2704.75,603.3000000000001,653.3000000000001
12,96,2755.375,628.3000000000001,29.303678160919542,87,0,2746.0,2776.0,2764.75,2734.75,603.3000000000001,653.3000000000001
12,97,2785.375,628.3000000000001,34.40603448275862,58,0,2776.0,2806.0,2794.75,2764.75,603.3000000000001,653.3000000000001
12,98,2815.375,628.3000000000001,34.57237288135594,59,0,2806.0,2836.0,2824.75,2794.75,603.3000000000001,653.3000000000001
12,99,2845.375,628.3000000000001,33.50277777777779,54,0,2836.0,2866.0,2854.75,2824.75,603.3000000000001,653.3000000000001
12,100,2875.375,628.3000000000001,37.643709677419345,62,0,2866.0,2896.0,2884.75,2854.75,603.3000000000001,653.3000000000001
12,101,2905.375,628.3000000000001,37.61268656716419,67,0,2896.0,2926.0,2914.75,2884.75,603.3000000000001,653.3000000000001
12,102,2935.375,628.3000000000001,39.761016949152534,59,0,2926.0,2956.0,2944.75,2914.75,603.3000000000001,653.3000000000001
12,103,2965.375,628.3000000000001,45.15224137931036,58,0,2956.0,2986.0,2974.75,2944.75,603.3000000000001,653.3000000000001
12,104,2995.375,628.3000000000001,45.68347826086958,46,0,2986.0,3016.0,3004.75,2974.75,603.3000000000001,653.3000000000001
12,105,3025.375,628.3000000000001,50.92176470588236,51,0,3016.0,3046.0,3034.75,3004.75,603.3000000000001,653.3000000000001
12,106,3055.375,628.3000000000001,47.54043478260869,46,0,3046.0,3076.0,3064.75,3034.75,603.3000000000001,653.3000000000001
12,107,3085.375,628.3000000000001,44.26799319727892,42,0,3076.0,3106.0,3094.75,3064.75,603.3000000000001,653.3000000000001
12,108,3115.375,628.3000000000001,37.04169811320754,53,0,3106.0,3136.0,3124.75,3094.75,603.3000000000001,653.3000000000001
12,109,3145.375,628.3000000000001,32.03338461538463,65,0,3136.0,3166.0,3154.75,3124.75,603.3000000000001,653.3000000000001
12,110,3175.375,628.3000000000001,36.96709090909089,55,0,3166.0,3196.0,3184.75,3154.75,603.3000000000001,653.3000000000001
12,111,3205.375,628.3000000000001,36.71311475409836,61,0,3196.0,3226.0,3214.75,3184.75,603.3000000000001,653.3000000000001
12,112,3235.375,628.3000000000001,30.91988372093025,86,0,3226.0,3256.0,3244.75,3214.75,603.3000000000001,653.3000000000001
12,113,3265.375,628.3000000000001,23.616406249999994,64,0,3256.0,3286.0,3274.75,3244.75,603.3000000000001,653.3000000000001
12,114,3295.375,628.3000000000001,30.802894736842116,76,0,3286.0,3316.0,3304.75,3274.75,603.3000000000001,653.3000000000001
12,115,3325.375,628.3000000000001,20.248064516129034,93,0,3316.0,3346.0,3334.75,3304.75,603.3000000000001,653.3000000000001
12,116,3355.375,628.3000000000001,22.105581395348835,86,0,3346.0,3376.0,3364.75,3334.75,603.3000000000001,653.3000000000001
12,117,3385.375,628.3000000000001,14.736875000000001,112,0,3376.0,3406.0,3394.75,3364.75,603.3000000000001,653.3000000000001
12,118,3415.375,628.3000000000001,17.56047058823529,85,0,3406.0,3436.0,3424.75,3394.75,603.3000000000001,653.3000000000001
12,119,3445.375,628.3000000000001,22.603176470588235,85,0,3436.0,3466.0,3454.75,3424.75,603.3000000000001,653.3000000000001
12,120,3475.375,628.3000000000001,30.430370370370373,81,0,3466.0,3496.0,3484.75,3454.75,603.3000000000001,653.3000000000001
12,121,3505.375,628.3000000000001,32.339879518072294,83,0,3496.0,3526.0,3514.75,3484.75,603.3000000000001,653.3000000000001
12,122,3535.375,628.3000000000001,29.743913043478265,92,0,3526.0,3556.0,3544.75,3514.75,603.3000000000001,653.3000000000001
12,123,3565.375,628.3000000000001,36.34169811320754,53,0,3556.0,3586.0,3574.75,3544.75,603.3000000000001,653.3000000000001
12,124,3595.375,628.3000000000001,37.66660714285713,56,0,3586.0,3616.0,3604.75,3574.75,603.3000000000001,653.3000000000001
12,125,3625.375,628.3000000000001,34.202777777777776,54,0,3616.0,3646.0,3634.75,3604.75,603.3000000000001,653.3000000000001
12,126,3655.375,628.3000000000001,30.66655737704918,61,0,3646.0,3676.0,3664.75,3634.75,603.3000000000001,653.3000000000001
12,127,3685.375,628.3000000000001,29.6,2,0,3676.0,3706.0,3694.75,3664.75,603.3000000000001,653.3000000000001
12,128,3715.375,628.3000000000001,,0,0,3706.0,3736.0,3724.75,3694.75,603.3000000000001,653.3000000000001
12,129,3745.375,628.3000000000001,,0,0,3736.0,3766.0,3754.75,3724.75,603.3000000000001,653.3000000000001
12,130,3775.375,628.3000000000001,,0,0,3766.0,3796.0,3784.75,3754.75,603.3000000000001,653.3000000000001
12,131,3805.375,628.3000000000001,,0,0,3796.0,3826.0,3814.75,3784.75,603.3000000000001,653.3000000000001
12,132,3835.375,628.3000000000001,,0,0,3826.0,3856.0,3844.75,3814.75,603.3000000000001,653.3000000000001
13,4,-15.875,678.3000000000001,64.565,2,0,-25.25,4.75,-6.5,-36.5,653.3000000000001,703.3000000000001
13,5,14.125,678.3000000000001,70.43625,16,0,4.75,34.75,23.5,-6.5,653.3000000000001,703.3000000000001
13,6,44.125,678.3000000000001,72.54,13,0,34.75,64.75,53.5,23.5,653.3000000000001,703.3000000000001
13,7,74.125,678.3000000000001,79.91,11,0,64.75,94.75,83.5,53.5,653.3000000000001,703.3000000000001
13,8,104.125,678.3000000000001,64.69153846153847,26,0,94.75,124.75,113.5,83.5,653.3000000000001,703.3000000000001
13,9,134.125,678.3000000000001,65.77548387096775,31,0,124.75,154.75,143.5,113.5,653.3000000000001,703.3000000000001
13,10,164.125,678.3000000000001,70.58758620689655,29,0,154.75,184.75,173.5,143.5,653.3000000000001,703.3000000000001
13,11,194.125,678.3000000000001,79.11944444444445,18,0,184.75,214.75,203.5,173.5,653.3000000000001,703.3000000000001
13,12,224.125,678.3000000000001,74.40346153846153,26,0,214.75,244.75,233.5,203.5,653.3000000000001,703.3000000000001
13,13,254.125,678.3000000000001,75.50833333333335,18,0,244.75,274.75,263.5,233.5,653.3000000000001,703.3000000000001
13,14,284.125,678.3000000000001,70.73478260869565,23,0,274.75,304.75,293.5,263.5,653.3000000000001,703.3000000000001
13,15,314.125,678.3000000000001,70.862,20,0,304.75,334.75,323.5,293.5,653.3000000000001,703.3000000000001
13,16,344.125,678.3000000000001,79.46555555555555,9,0,334.75,364.75,353.5,323.5,653.3000000000001,703.3000000000001
13,17,374.125,678.3000000000001,75.74272727272728,11,0,364.75,394.75,383.5,353.5,653.3000000000001,703.3000000000001
13,18,404.125,678.3000000000001,76.55666666666666,12,0,394.75,424.75,413.5,383.5,653.3000000000001,703.3000000000001
13,19,434.125,678.3000000000001,60.462439024390235,41,0,424.75,454.75,443.5,413.5,653.3000000000001,703.3000000000001
13,20,464.125,678.3000000000001,65.88735294117649,34,0,454.75,484.75,473.5,443.5,653.3000000000001,703.3000000000001
13,21,494.125,678.3000000000001,63.44444444444444,27,0,484.75,514.75,503.5,473.5,653.3000000000001,703.3000000000001
13,22,524.125,678.3000000000001,65.0075,28,0,514.75,544.75,533.5,503.5,653.3000000000001,703.3000000000001
13,23,554.125,678.3000000000001,67.16645161290322,31,0,544.75,574.75,563.5,533.5,653.3000000000001,703.3000000000001
13,24,584.125,678.3000000000001,65.475,36,0,574.75,604.75,593.5,563.5,653.3000000000001,703.3000000000001
13,25,614.125,678.3000000000001,66.62972222222224,36,0,604.75,634.75,623.5,593.5,653.3000000000001,703.3000000000001
13,26,644.125,678.3000000000001,63.99583333333333,36,0,634.75,664.75,653.5,623.5,653.3000000000001,703.3000000000001
13,27,674.125,678.3000000000001,69.69740740740741,27,0,664.75,694.75,683.5,653.5,653.3000000000001,703.3000000000001
13,28,704.125,678.3000000000001,74.80714285714285,14,0,694.75,724.75,713.5,683.5,653.3000000000001,703.3000000000001
13,29,734.125,678.3000000000001,59.4413725490196,51,0,724.75,754.75,743.5,713.5,653.3000000000001,703.3000000000001
13,30,764.125,678.3000000000001,67.20749999999998,28,0,754.75,784.75,773.5,743.5,653.3000000000001,703.3000000000001
13,31,794.125,678.3000000000001,63.41640000000001,25,0,784.75,814.75,803.5,773.5,653.3000000000001,703.3000000000001
13,32,824.125,678.3000000000001,66.92937500000001,32,0,814.75,844.75,833.5,803.5,653.3000000000001,703.3000000000001
13,33,854.125,678.3000000000001,68.82558823529412,34,0,844.75,874.75,863.5,833.5,653.3000000000001,703.3000000000001
13,34,884.125,678.3000000000001,66.35685714285717,35,0,874.75,904.75,893.5,863.5,653.3000000000001,703.3000000000001
13,35,914.125,678.3000000000001,60.03382352941177,34,0,904.75,934.75,923.5,893.5,653.3000000000001,703.3000000000001
13,36,944.125,678.3000000000001,43.157540983606566,61,0,934.75,964.75,953.5,923.5,653.3000000000001,703.3000000000001
13,37,974.125,678.3000000000001,41.66066176470587,34,0,964.75,994.75,983.5,953.5,653.3000000000001,703.3000000000001
13,38,1004.125,678.3000000000001,53.89068965517243,29,0,994.75,1024.75,1013.5,983.5,653.3000000000001,703.3000000000001
13,39,1034.125,678.3000000000001,52.42140000000001,50,0,1024.75,1054.75,1043.5,1013.5,653.3000000000001,703.3000000000001
13,40,1064.125,678.3000000000001,54.89312499999999,48,0,1054.75,1084.75,1073.5,1043.5,653.3000000000001,703.3000000000001
13,41,1094.125,678.3000000000001,58.826153846153865,39,0,1084.75,1114.75,1103.5,1073.5,653.3000000000001,703.3000000000001
13,42,1124.125,678.3000000000001,61.91659999999999,50,0,1114.75,1144.75,1133.5,1103.5,653.3000000000001,703.3000000000001
13,43,1154.125,678.3000000000001,65.49555555555555,18,0,1144.75,1174.75,1163.5,1133.5,653.3000000000001,703.3000000000001
13,44,1184.125,678.3000000000001,60.325882352941164,34,0,1174.75,1204.75,1193.5,1163.5,653.3000000000001,703.3000000000001
13,45,1214.125,678.3000000000001,52.96295454545455,44,0,1204.75,1234.75,1223.5,1193.5,653.3000000000001,703.3000000000001
13,46,1244.125,678.3000000000001,44.23416666666666,48,0,1234.75,1264.75,1253.5,1223.5,653.3000000000001,703.3000000000001
13,47,1274.125,678.3000000000001,52.44791666666668,48,0,1264.75,1294.75,1283.5,1253.5,653.3000000000001,703.3000000000001
13,48,1304.125,678.3000000000001,42.45238095238093,63,0,1294.75,1324.75,1313.5,1283.5,653.3000000000001,703.3000000000001
13,49,1334.125,678.3000000000001,34.84457627118643,59,0,1324.75,1354.75,1343.5,1313.5,653.3000000000001,703.3000000000001
13,50,1364.125,678.3000000000001,39.56909090909091,66,0,1354.75,1384.75,1373.5,1343.5,653.3000000000001,703.3000000000001
13,51,1394.125,678.3000000000001,37.55311475409836,61,0,1384.75,1414.75,1403.5,1373.5,653.3000000000001,703.3000000000001
13,52,1424.125,678.3000000000001,38.855789473684204,57,0,1414.75,1444.75,1433.5,1403.5,653.3000000000001,703.3000000000001
13,53,1454.125,678.3000000000001,45.32931818181819,44,0,1444.75,1474.75,1463.5,1433.5,653.3000000000001,703.3000000000001
13,54,1484.125,678.3000000000001,45.94910714285714,56,0,1474.75,1504.75,1493.5,1463.5,653.3000000000001,703.3000000000001
13,55,1514.125,678.3000000000001,39.27333333333332,51,0,1504.75,1534.75,1523.5,1493.5,653.3000000000001,703.3000000000001
13,56,1544.125,678.3000000000001,37.460555555555544,72,0,1534.75,1564.75,1553.5,1523.5,653.3000000000001,703.3000000000001
13,57,1574.125,678.3000000000001,43.9626,50,0,1564.75,1594.75,1583.5,1553.5,653.3000000000001,703.3000000000001
13,58,1604.125,678.3000000000001,47.81319148936171,47,0,1594.75,1624.75,1613.5,1583.5,653.3000000000001,703.3000000000001
13,59,1634.125,678.3000000000001,45.00196721311477,61,0,1624.75,1654.75,1643.5,1613.5,653.3000000000001,703.3000000000001
13,60,1664.125,678.3000000000001,46.99283018867924,53,0,1654.75,1684.75,1673.5,1643.5,653.3000000000001,703.3000000000001
13,61,1694.125,678.3000000000001,39.94610169491525,59,0,1684.75,1714.75,1703.5,1673.5,653.3000000000001,703.3000000000001
13,62,1724.125,678.3000000000001,33.503125,64,0,1714.75,1744.75,1733.5,1703.5,653.3000000000001,703.3000000000001
13,63,1754.125,678.3000000000001,25.364761904761902,84,0,1744.75,1774.75,1763.5,1733.5,653.3000000000001,703.3000000000001
13,64,1784.125,678.3000000000001,29.48714285714286,63,0,1774.75,1804.75,1793.5,1763.5,653.3000000000001,703.3000000000001
13,65,1814.125,678.3000000000001,34.97987704918033,61,0,1804.75,1834.75,1823.5,1793.5,653.3000000000001,703.3000000000001
13,66,1844.125,678.3000000000001,37.35310344827586,58,0,1834.75,1864.75,1853.5,1823.5,653.3000000000001,703.3000000000001
13,67,1874.125,678.3000000000001,34.39672413793103,58,0,1864.75,1894.75,1883.5,1853.5,653.3000000000001,703.3000000000001
13,68,1904.125,678.3000000000001,30.833278688524587,61,0,1894.75,1924.75,1913.5,1883.5,653.3000000000001,703.3000000000001
13,69,1934.125,678.3000000000001,30.87839285714285,56,0,1924.75,1954.75,1943.5,1913.5,653.3000000000001,703.3000000000001
13,70,1964.125,678.3000000000001,35.49309090909092,55,0,1954.75,1984.75,1973.5,1943.5,653.3000000000001,703.3000000000001
13,71,1994.125,678.3000000000001,31.88020408163265,49,0,1984.75,2014.75,2003.5,1973.5,653.3000000000001,703.3000000000001
13,72,2024.125,678.3000000000001,30.53675324675324,77,0,2014.75,2044.75,2033.5,2003.5,653.3000000000001,703.3000000000001
13,73,2054.125,678.3000000000001,39.39017241379309,58,0,2044.75,2074.75,2063.5,2033.5,653.3000000000001,703.3000000000001
13,74,2084.125,678.3000000000001,44.4054347826087,46,0,2074.75,2104.75,2093.5,2063.5,653.3000000000001,703.3000000000001
13,75,2114.125,678.3000000000001,38.56666666666667,42,0,2104.75,2134.75,2123.5,2093.5,653.3000000000001,703.3000000000001
13,76,2144.125,678.3000000000001,24.977611940298516,67,0,2134.75,2164.75,2153.5,2123.5,653.3000000000001,703.3000000000001
13,77,2174.125,678.3000000000001,27.2316,75,0,2164.75,2194.75,2183.5,2153.5,653.3000000000001,703.3000000000001
13,78,2204.125,678.3000000000001,32.990657894736856,76,0,2194.75,2224.75,2213.5,2183.5,653.3000000000001,703.3000000000001
13,79,2234.125,678.3000000000001,30.93514285714288,70,0,2224.75,2254.75,2243.5,2213.5,653.3000000000001,703.3000000000001
13,80,2264.125,678.3000000000001,33.722641509433956,53,0,2254.75,2284.75,2273.5,2243.5,653.3000000000001,703.3000000000001
13,81,2294.125,678.3000000000001,35.00687500000001,48,0,2284.75,2314.75,2303.5,2273.5,653.3000000000001,703.3000000000001
13,82,2324.125,678.3000000000001,35.83403846153846,52,0,2314.75,2344.75,2333.5,2303.5,653.3000000000001,703.3000000000001
13,83,2354.125,678.3000000000001,32.304,55,0,2344.75,2374.75,2363.5,2333.5,653.3000000000001,703.3000000000001
13,84,2384.125,678.3000000000001,26.592272727272732,66,0,2374.75,2404.75,2393.5,2363.5,653.3000000000001,703.3000000000001
13,85,2414.125,678.3000000000001,25.70240963855422,83,0,2404.75,2434.75,2423.5,2393.5,653.3000000000001,703.3000000000001
13,86,2444.125,678.3000000000001,28.317090909090904,55,0,2434.75,2464.75,2453.5,2423.5,653.3000000000001,703.3000000000001
13,87,2474.125,678.3000000000001,33.72086206896552,58,0,2464.75,2494.75,2483.5,2453.5,653.3000000000001,703.3000000000001
13,88,2504.125,678.3000000000001,30.604035087719296,57,0,2494.75,2524.75,2513.5,2483.5,653.3000000000001,703.3000000000001
13,89,2534.125,678.3000000000001,29.227857142857143,70,0,2524.75,2554.75,2543.5,2513.5,653.3000000000001,703.3000000000001
13,90,2564.125,678.3000000000001,31.093456790123454,81,0,2554.75,2584.75,2573.5,2543.5,653.3000000000001,703.3000000000001
13,91,2594.125,678.3000000000001,31.53053571428572,56,0,2584.75,2614.75,2603.5,2573.5,653.3000000000001,703.3000000000001
13,92,2624.125,678.3000000000001,32.11731343283582,67,0,2614.75,2644.75,2633.5,2603.5,653.3000000000001,703.3000000000001
13,93,2654.125,678.3000000000001,33.304901960784306,51,0,2644.75,2674.75,2663.5,2633.5,653.3000000000001,703.3000000000001
13,94,2684.125,678.3000000000001,29.748923076923074,65,0,2674.75,2704.75,2693.5,2663.5,653.3000000000001,703.3000000000001
13,95,2714.125,678.3000000000001,29.275161290322586,62,0,2704.75,2734.75,2723.5,2693.5,653.3000000000001,703.3000000000001
13,96,2744.125,678.3000000000001,30.141162790697674,86,0,2734.75,2764.75,2753.5,2723.5,653.3000000000001,703.3000000000001
13,97,2774.125,678.3000000000001,33.185,62,0,2764.75,2794.75,2783.5,2753.5,653.3000000000001,703.3000000000001
13,98,2804.125,678.3000000000001,35.7142857142857,49,0,2794.75,2824.75,2813.5,2783.5,653.3000000000001,703.3000000000001
13,99,2834.125,678.3000000000001,37.77795918367346,49,0,2824.75,2854.75,2843.5,2813.5,653.3000000000001,703.3000000000001
13,100,2864.125,678.3000000000001,41.065111111111115,45,0,2854.75,2884.75,2873.5,2843.5,653.3000000000001,703.3000000000001
13,101,2894.125,678.3000000000001,39.1790625,64,0,2884.75,2914.75,2903.5,2873.5,653.3000000000001,703.3000000000001
13,102,2924.125,678.3000000000001,41.38214285714286,56,0,2914.75,2944.75,2933.5,2903.5,653.3000000000001,703.3000000000001
13,103,2954.125,678.3000000000001,44.46464285714287,56,0,2944.75,2974.75,2963.5,2933.5,653.3000000000001,703.3000000000001
13,104,2984.125,678.3000000000001,47.896000000000015,50,0,2974.75,3004.75,2993.5,2963.5,653.3000000000001,703.3000000000001
13,105,3014.125,678.3000000000001,46.766976744186046,43,0,3004.75,3034.75,3023.5,2993.5,653.3000000000001,703.3000000000001
13,106,3044.125,678.3000000000001,49.44829787234042,47,0,3034.75,3064.75,3053.5,3023.5,653.3000000000001,703.3000000000001
13,107,3074.125,678.3000000000001,49.67484848484848,33,0,3064.75,3094.75,3083.5,3053.5,653.3000000000001,703.3000000000001
13,108,3104.125,678.3000000000001,37.0112962962963,54,0,3094.75,3124.75,3113.5,3083.5,653.3000000000001,703.3000000000001
13,109,3134.125,678.3000000000001,34.49434782608695,46,0,3124.75,3154.75,3143.5,3113.5,653.3000000000001,703.3000000000001
13,110,3164.125,678.3000000000001,34.28030303030304,66,0,3154.75,3184.75,3173.5,3143.5,653.3000000000001,703.3000000000001
13,111,3194.125,678.3000000000001,40.404883720930236,43,0,3184.75,3214.75,3203.5,3173.5,653.3000000000001,703.3000000000001
13,112,3224.125,678.3000000000001,36.715081967213116,61,0,3214.75,3244.75,3233.5,3203.5,653.3000000000001,703.3000000000001
13,113,3254.125,678.3000000000001,27.948780487804875,82,0,3244.75,3274.75,3263.5,3233.5,653.3000000000001,703.3000000000001
13,114,3284.125,678.3000000000001,30.867358490566037,53,0,3274.75,3304.75,3293.5,3263.5,653.3000000000001,703.3000000000001
13,115,3314.125,678.3000000000001,23.6289156626506,83,0,3304.75,3334.75,3323.5,3293.5,653.3000000000001,703.3000000000001
13,116,3344.125,678.3000000000001,23.496219512195125,82,0,3334.75,3364.75,3353.5,3323.5,653.3000000000001,703.3000000000001
13,117,3374.125,678.3000000000001,15.702340425531915,94,0,3364.75,3394.75,3383.5,3353.5,653.3000000000001,703.3000000000001
13,118,3404.125,678.3000000000001,21.316710526315788,76,0,3394.75,3424.75,3413.5,3383.5,653.3000000000001,703.3000000000001
13,119,3434.125,678.3000000000001,27.753,60,0,3424.75,3454.75,3443.5,3413.5,653.3000000000001,703.3000000000001
13,120,3464.125,678.3000000000001,34.97529411764706,68,0,3454.75,3484.75,3473.5,3443.5,653.3000000000001,703.3000000000001
13,121,3494.125,678.3000000000001,39.360868686868685,55,0,3484.75,3514.75,3503.5,3473.5,653.3000000000001,703.3000000000001
13,122,3524.125,678.3000000000001,34.60999999999999,69,0,3514.75,3544.75,3533.5,3503.5,653.3000000000001,703.3000000000001
13,123,3554.125,678.3000000000001,29.24066666666667,75,0,3544.75,3574.75,3563.5,3533.5,653.3000000000001,703.3000000000001
13,124,3584.125,678.3000000000001,35.37571428571428,63,0,3574.75,3604.75,3593.5,3563.5,653.3000000000001,703.3000000000001
13,125,3614.125,678.3000000000001,36.18803921568627,51,0,3604.75,3634.75,3623.5,3593.5,653.3000000000001,703.3000000000001
13,126,3644.125,678.3000000000001,33.770500000000006,60,0,3634.75,3664.75,3653.5,3623.5,653.3000000000001,703.3000000000001
13,127,3674.125,678.3000000000001,26.810000000000002,35,0,3664.75,3694.75,3683.5,3653.5,653.3000000000001,703.3000000000001
13,128,3704.125,678.3000000000001,,0,0,3694.75,3724.75,3713.5,3683.5,653.3000000000001,703.3000000000001
13,129,3734.125,678.3000000000001,,0,0,3724.75,3754.75,3743.5,3713.5,653.3000000000001,703.3000000000001
13,130,3764.125,678.3000000000001,,0,0,3754.75,3784.75,3773.5,3743.5,653.3000000000001,703.3000000000001
13,131,3794.125,678.3000000000001,,0,0,3784.75,3814.75,3803.5,3773.5,653.3000000000001,703.3000000000001
13,132,3824.125,678.3000000000001,,0,0,3814.75,3844.75,3833.5,3803.5,653.3000000000001,703.3000000000001
14,5,2.875,728.3000000000001,68.25461538461539,13,0,-6.5,23.5,12.25,-17.75,703.3000000000001,753.3000000000001
14,6,32.875,728.3000000000001,67.82181818181817,22,0,23.5,53.5,42.25,12.25,703.3000000000001,753.3000000000001
14,7,62.875,728.3000000000001,76.048,10,0,53.5,83.5,72.25,42.25,703.3000000000001,753.3000000000001
14,8,92.875,728.3000000000001,77.39636363636363,11,0,83.5,113.5,102.25,72.25,703.3000000000001,753.3000000000001
14,9,122.875,728.3000000000001,57.92313725490197,51,0,113.5,143.5,132.25,102.25,703.3000000000001,753.3000000000001
14,10,152.875,728.3000000000001,67.08176470588235,17,0,143.5,173.5,162.25,132.25,703.3000000000001,753.3000000000001
14,11,182.875,728.3000000000001,70.39176470588235,34,0,173.5,203.5,192.25,162.25,703.3000000000001,753.3000000000001
14,12,212.875,728.3000000000001,76.38754385964913,19,0,203.5,233.5,222.25,192.25,703.3000000000001,753.3000000000001
14,13,242.875,728.3000000000001,72.65706666666665,25,0,233.5,263.5,252.25,222.25,703.3000000000001,753.3000000000001
14,14,272.875,728.3000000000001,66.02499999999999,20,0,263.5,293.5,282.25,252.25,703.3000000000001,753.3000000000001
14,15,302.875,728.3000000000001,72.76066666666667,15,0,293.5,323.5,312.25,282.25,703.3000000000001,753.3000000000001
14,16,332.875,728.3000000000001,69.7235294117647,17,0,323.5,353.5,342.25,312.25,703.3000000000001,753.3000000000001
14,17,362.875,728.3000000000001,74.88625,8,0,353.5,383.5,372.25,342.25,703.3000000000001,753.3000000000001
14,18,392.875,728.3000000000001,72.60000000000001,11,0,383.5,413.5,402.25,372.25,703.3000000000001,753.3000000000001
14,19,422.875,728.3000000000001,60.05275862068965,29,0,413.5,443.5,432.25,402.25,703.3000000000001,753.3000000000001
14,20,452.875,728.3000000000001,59.927003484320565,41,0,443.5,473.5,462.25,432.25,703.3000000000001,753.3000000000001
14,21,482.875,728.3000000000001,59.14380952380952,21,0,473.5,503.5,492.25,462.25,703.3000000000001,753.3000000000001
14,22,512.875,728.3000000000001,60.97375000000001,40,0,503.5,533.5,522.25,492.25,703.3000000000001,753.3000000000001
14,23,542.875,728.3000000000001,65.7988888888889,36,0,533.5,563.5,552.25,522.25,703.3000000000001,753.3000000000001
14,24,572.875,728.3000000000001,62.67749999999999,28,0,563.5,593.5,582.25,552.25,703.3000000000001,753.3000000000001
14,25,602.875,728.3000000000001,62.48538461538461,39,0,593.5,623.5,612.25,582.25,703.3000000000001,753.3000000000001
14,26,632.875,728.3000000000001,61.033125000000005,32,0,623.5,653.5,642.25,612.25,703.3000000000001,753.3000000000001
14,27,662.875,728.3000000000001,63.9267441860465,43,0,653.5,683.5,672.25,642.25,703.3000000000001,753.3000000000001
14,28,692.875,728.3000000000001,71.98285714285716,14,0,683.5,713.5,702.25,672.25,703.3000000000001,753.3000000000001
14,29,722.875,728.3000000000001,57.65971428571427,35,0,713.5,743.5,732.25,702.25,703.3000000000001,753.3000000000001
14,30,752.875,728.3000000000001,60.81844444444447,45,0,743.5,773.5,762.25,732.25,703.3000000000001,753.3000000000001
14,31,782.875,728.3000000000001,64.10185185185186,18,0,773.5,803.5,792.25,762.25,703.3000000000001,753.3000000000001
14,32,812.875,728.3000000000001,61.95122807017543,38,0,803.5,833.5,822.25,792.25,703.3000000000001,753.3000000000001
14,33,842.875,728.3000000000001,66.98225806451612,31,0,833.5,863.5,852.25,822.25,703.3000000000001,753.3000000000001
14,34,872.875,728.3000000000001,66.14814814814815,39,0,863.5,893.5,882.25,852.25,703.3000000000001,753.3000000000001
14,35,902.875,728.3000000000001,64.19625,32,0,893.5,923.5,912.25,882.25,703.3000000000001,753.3000000000001
14,36,932.875,728.3000000000001,42.34966666666666,60,0,923.5,953.5,942.25,912.25,703.3000000000001,753.3000000000001
14,37,962.875,728.3000000000001,35.86034482758619,58,0,953.5,983.5,972.25,942.25,703.3000000000001,753.3000000000001
14,38,992.875,728.3000000000001,51.399375,28,0,983.5,1013.5,1002.25,972.25,703.3000000000001,753.3000000000001
14,39,1022.875,728.3000000000001,51.41473684210528,38,0,1013.5,1043.5,1032.25,1002.25,703.3000000000001,753.3000000000001
14,40,1052.875,728.3000000000001,50.64796610169489,59,0,1043.5,1073.5,1062.25,1032.25,703.3000000000001,753.3000000000001
14,41,1082.875,728.3000000000001,50.95358490566037,53,0,1073.5,1103.5,1092.25,1062.25,703.3000000000001,753.3000000000001
14,42,1112.875,728.3000000000001,57.24692307692308,52,0,1103.5,1133.5,1122.25,1092.25,703.3000000000001,753.3000000000001
14,43,1142.875,728.3000000000001,60.34270270270271,37,0,1133.5,1163.5,1152.25,1122.25,703.3000000000001,753.3000000000001
14,44,1172.875,728.3000000000001,58.97818181818181,22,0,1163.5,1193.5,1182.25,1152.25,703.3000000000001,753.3000000000001
14,45,1202.875,728.3000000000001,52.34041666666666,48,0,1193.5,1223.5,1212.25,1182.25,703.3000000000001,753.3000000000001
14,46,1232.875,728.3000000000001,42.14133333333333,45,0,1223.5,1253.5,1242.25,1212.25,703.3000000000001,753.3000000000001
14,47,1262.875,728.3000000000001,45.100363636363625,55,0,1253.5,1283.5,1272.25,1242.25,703.3000000000001,753.3000000000001
14,48,1292.875,728.3000000000001,43.892075471698114,53,0,1283.5,1313.5,1302.25,1272.25,703.3000000000001,753.3000000000001
14,49,1322.875,728.3000000000001,37.858448275862074,58,0,1313.5,1343.5,1332.25,1302.25,703.3000000000001,753.3000000000001
14,50,1352.875,728.3000000000001,39.26636363636363,66,0,1343.5,1373.5,1362.25,1332.25,703.3000000000001,753.3000000000001
14,51,1382.875,728.3000000000001,41.80222222222223,54,0,1373.5,1403.5,1392.25,1362.25,703.3000000000001,753.3000000000001
14,52,1412.875,728.3000000000001,40.41921568627452,51,0,1403.5,1433.5,1422.25,1392.25,703.3000000000001,753.3000000000001
14,53,1442.875,728.3000000000001,40.24039215686275,51,0,1433.5,1463.5,1452.25,1422.25,703.3000000000001,753.3000000000001
14,54,1472.875,728.3000000000001,41.45074074074074,54,0,1463.5,1493.5,1482.25,1452.25,703.3000000000001,753.3000000000001
14,55,1502.875,728.3000000000001,41.47585034013604,49,0,1493.5,1523.5,1512.25,1482.25,703.3000000000001,753.3000000000001
14,56,1532.875,728.3000000000001,41.492500000000014,56,0,1523.5,1553.5,1542.25,1512.25,703.3000000000001,753.3000000000001
14,57,1562.875,728.3000000000001,40.554237288135596,59,0,1553.5,1583.5,1572.25,1542.25,703.3000000000001,753.3000000000001
14,58,1592.875,728.3000000000001,46.04299999999999,50,0,1583.5,1613.5,1602.25,1572.25,703.3000000000001,753.3000000000001
14,59,1622.875,728.3000000000001,47.596000000000004,50,0,1613.5,1643.5,1632.25,1602.25,703.3000000000001,753.3000000000001
14,60,1652.875,728.3000000000001,45.07127272727272,55,0,1643.5,1673.5,1662.25,1632.25,703.3000000000001,753.3000000000001
14,61,1682.875,728.3000000000001,44.35459999999999,50,0,1673.5,1703.5,1692.25,1662.25,703.3000000000001,753.3000000000001
14,62,1712.875,728.3000000000001,35.075737704918026,61,0,1703.5,1733.5,1722.25,1692.25,703.3000000000001,753.3000000000001
14,63,1742.875,728.3000000000001,29.261739130434783,69,0,1733.5,1763.5,1752.25,1722.25,703.3000000000001,753.3000000000001
14,64,1772.875,728.3000000000001,33.93730158730158,63,0,1763.5,1793.5,1782.25,1752.25,703.3000000000001,753.3000000000001
14,65,1802.875,728.3000000000001,38.504255319148946,47,0,1793.5,1823.5,1812.25,1782.25,703.3000000000001,753.3000000000001
14,66,1832.875,728.3000000000001,35.8785,60,0,1823.5,1853.5,1842.25,1812.25,703.3000000000001,753.3000000000001
14,67,1862.875,728.3000000000001,33.10206896551725,58,0,1853.5,1883.5,1872.25,1842.25,703.3000000000001,753.3000000000001
14,68,1892.875,728.3000000000001,25.401917808219178,73,0,1883.5,1913.5,1902.25,1872.25,703.3000000000001,753.3000000000001
14,69,1922.875,728.3000000000001,27.663999999999987,70,0,1913.5,1943.5,1932.25,1902.25,703.3000000000001,753.3000000000001
14,70,1952.875,728.3000000000001,31.09901639344262,61,0,1943.5,1973.5,1962.25,1932.25,703.3000000000001,753.3000000000001
14,71,1982.875,728.3000000000001,30.736249999999995,56,0,1973.5,2003.5,1992.25,1962.25,703.3000000000001,753.3000000000001
14,72,2012.875,728.3000000000001,29.469285714285718,70,0,2003.5,2033.5,2022.25,1992.25,703.3000000000001,753.3000000000001
14,73,2042.875,728.3000000000001,33.8,62,0,2033.5,2063.5,2052.25,2022.25,703.3000000000001,753.3000000000001
14,74,2072.875,728.3000000000001,38.63942652329748,62,0,2063.5,2093.5,2082.25,2052.25,703.3000000000001,753.3000000000001
14,75,2102.875,728.3000000000001,42.07256410256411,39,0,2093.5,2123.5,2112.25,2082.25,703.3000000000001,753.3000000000001
14,76,2132.875,728.3000000000001,29.644500000000004,60,0,2123.5,2153.5,2142.25,2112.25,703.3000000000001,753.3000000000001
14,77,2162.875,728.3000000000001,28.314705882352943,68,0,2153.5,2183.5,2172.25,2142.25,703.3000000000001,753.3000000000001
14,78,2192.875,728.3000000000001,31.775383022774324,69,0,2183.5,2213.5,2202.25,2172.25,703.3000000000001,753.3000000000001
14,79,2222.875,728.3000000000001,27.563908045977012,87,0,2213.5,2243.5,2232.25,2202.25,703.3000000000001,753.3000000000001
14,80,2252.875,728.3000000000001,24.739714285714292,70,0,2243.5,2273.5,2262.25,2232.25,703.3000000000001,753.3000000000001
14,81,2282.875,728.3000000000001,32.41770833333332,48,0,2273.5,2303.5,2292.25,2262.25,703.3000000000001,753.3000000000001
14,82,2312.875,728.3000000000001,35.58083333333333,48,0,2303.5,2333.5,2322.25,2292.25,703.3000000000001,753.3000000000001
14,83,2342.875,728.3000000000001,35.2664,50,0,2333.5,2363.5,2352.25,2322.25,703.3000000000001,753.3000000000001
14,84,2372.875,728.3000000000001,28.655000000000005,66,0,2363.5,2393.5,2382.25,2352.25,703.3000000000001,753.3000000000001
14,85,2402.875,728.3000000000001,18.489782608695656,92,0,2393.5,2423.5,2412.25,2382.25,703.3000000000001,753.3000000000001
14,86,2432.875,728.3000000000001,25.11472527472527,91,0,2423.5,2453.5,2442.25,2412.25,703.3000000000001,753.3000000000001
14,87,2462.875,728.3000000000001,32.010204081632665,49,0,2453.5,2483.5,2472.25,2442.25,703.3000000000001,753.3000000000001
14,88,2492.875,728.3000000000001,32.44442622950819,61,0,2483.5,2513.5,2502.25,2472.25,703.3000000000001,753.3000000000001
14,89,2522.875,728.3000000000001,32.474067796610164,59,0,2513.5,2543.5,2532.25,2502.25,703.3000000000001,753.3000000000001
14,90,2552.875,728.3000000000001,32.24014925373135,67,0,2543.5,2573.5,2562.25,2532.25,703.3000000000001,753.3000000000001
14,91,2582.875,728.3000000000001,30.6424,75,0,2573.5,2603.5,2592.25,2562.25,703.3000000000001,753.3000000000001
14,92,2612.875,728.3000000000001,30.52439393939394,66,0,2603.5,2633.5,2622.25,2592.25,703.3000000000001,753.3000000000001
14,93,2642.875,728.3000000000001,28.351739130434787,69,0,2633.5,2663.5,2652.25,2622.25,703.3000000000001,753.3000000000001
14,94,2672.875,728.3000000000001,27.79130434782609,69,0,2663.5,2693.5,2682.25,2652.25,703.3000000000001,753.3000000000001
14,95,2702.875,728.3000000000001,28.544328358208954,67,0,2693.5,2723.5,2712.25,2682.25,703.3000000000001,753.3000000000001
14,96,2732.875,728.3000000000001,35.87762711864407,59,0,2723.5,2753.5,2742.25,2712.25,703.3000000000001,753.3000000000001
14,97,2762.875,728.3000000000001,34.54262672811061,62,0,2753.5,2783.5,2772.25,2742.25,703.3000000000001,753.3000000000001
14,98,2792.875,728.3000000000001,34.35035087719299,57,0,2783.5,2813.5,2802.25,2772.25,703.3000000000001,753.3000000000001
14,99,2822.875,728.3000000000001,37.313461538461524,52,0,2813.5,2843.5,2832.25,2802.25,703.3000000000001,753.3000000000001
14,100,2852.875,728.3000000000001,36.64452830188679,53,0,2843.5,2873.5,2862.25,2832.25,703.3000000000001,753.3000000000001
14,101,2882.875,728.3000000000001,41.06075471698114,53,0,2873.5,2903.5,2892.25,2862.25,703.3000000000001,753.3000000000001
14,102,2912.875,728.3000000000001,38.358983050847456,59,0,2903.5,2933.5,2922.25,2892.25,703.3000000000001,753.3000000000001
14,103,2942.875,728.3000000000001,41.323518518518505,54,0,2933.5,2963.5,2952.25,2922.25,703.3000000000001,753.3000000000001
14,104,2972.875,728.3000000000001,44.21449999999998,60,0,2963.5,2993.5,2982.25,2952.25,703.3000000000001,753.3000000000001
14,105,3002.875,728.3000000000001,42.73340425531915,47,0,2993.5,3023.5,3012.25,2982.25,703.3000000000001,753.3000000000001
14,106,3032.875,728.3000000000001,45.746249999999996,48,0,3023.5,3053.5,3042.25,3012.25,703.3000000000001,753.3000000000001
14,107,3062.875,728.3000000000001,44.4868085106383,47,0,3053.5,3083.5,3072.25,3042.25,703.3000000000001,753.3000000000001
14,108,3092.875,728.3000000000001,38.89352777777778,40,0,3083.5,3113.5,3102.25,3072.25,703.3000000000001,753.3000000000001
14,109,3122.875,728.3000000000001,34.91884615384616,52,0,3113.5,3143.5,3132.25,3102.25,703.3000000000001,753.3000000000001
14,110,3152.875,728.3000000000001,34.468703703703696,54,0,3143.5,3173.5,3162.25,3132.25,703.3000000000001,753.3000000000001
14,111,3182.875,728.3000000000001,36.95090909090909,55,0,3173.5,3203.5,3192.25,3162.25,703.3000000000001,753.3000000000001
14,112,3212.875,728.3000000000001,38.211481481481485,54,0,3203.5,3233.5,3222.25,3192.25,703.3000000000001,753.3000000000001
14,113,3242.875,728.3000000000001,29.782278481012668,79,0,3233.5,3263.5,3252.25,3222.25,703.3000000000001,753.3000000000001
14,114,3272.875,728.3000000000001,27.12196721311475,61,0,3263.5,3293.5,3282.25,3252.25,703.3000000000001,753.3000000000001
14,115,3302.875,728.3000000000001,22.1479268292683,82,0,3293.5,3323.5,3312.25,3282.25,703.3000000000001,753.3000000000001
14,116,3332.875,728.3000000000001,22.220459770114942,87,0,3323.5,3353.5,3342.25,3312.25,703.3000000000001,753.3000000000001
14,117,3362.875,728.3000000000001,17.946702127659577,94,0,3353.5,3383.5,3372.25,3342.25,703.3000000000001,753.3000000000001
14,118,3392.875,728.3000000000001,19.927613636363642,88,0,3383.5,3413.5,3402.25,3372.25,703.3000000000001,753.3000000000001
14,119,3422.875,728.3000000000001,29.07716981132075,53,0,3413.5,3443.5,3432.25,3402.25,703.3000000000001,753.3000000000001
14,120,3452.875,728.3000000000001,36.44301886792453,53,0,3443.5,3473.5,3462.25,3432.25,703.3000000000001,753.3000000000001
14,121,3482.875,728.3000000000001,40.32836363636363,55,0,3473.5,3503.5,3492.25,3462.25,703.3000000000001,753.3000000000001
14,122,3512.875,728.3000000000001,42.58057692307692,52,0,3503.5,3533.5,3522.25,3492.25,703.3000000000001,753.3000000000001
14,123,3542.875,728.3000000000001,32.82787878787878,66,0,3533.5,3563.5,3552.25,3522.25,703.3000000000001,753.3000000000001
14,124,3572.875,728.3000000000001,30.121153846153845,65,0,3563.5,3593.5,3582.25,3552.25,703.3000000000001,753.3000000000001
14,125,3602.875,728.3000000000001,35.71576271186441,59,0,3593.5,3623.5,3612.25,3582.25,703.3000000000001,753.3000000000001
14,126,3632.875,728.3000000000001,35.08666666666667,48,0,3623.5,3653.5,3642.25,3612.25,703.3000000000001,753.3000000000001
14,127,3662.875,728.3000000000001,22.49976470588235,85,0,3653.5,3683.5,3672.25,3642.25,703.3000000000001,753.3000000000001
14,128,3692.875,728.3000000000001,11.8332,25,0,3683.5,3713.5,3702.25,3672.25,703.3000000000001,753.3000000000001
14,129,3722.875,728.3000000000001,,0,0,3713.5,3743.5,3732.25,3702.25,703.3000000000001,753.3000000000001
14,130,3752.875,728.3000000000001,,0,0,3743.5,3773.5,3762.25,3732.25,703.3000000000001,753.3000000000001
14,131,3782.875,728.3000000000001,,0,0,3773.5,3803.5,3792.25,3762.25,703.3000000000001,753.3000000000001
14,132,3812.875,728.3000000000001,,0,0,3803.5,3833.5,3822.25,3792.25,703.3000000000001,753.3000000000001
15,5,-8.375,778.3000000000001,71.27309523809525,6,0,-17.75,12.25,1.0,-29.0,753.3000000000001,803.3000000000001
15,6,21.625,778.3000000000001,66.36863636363637,22,0,12.25,42.25,31.0,1.0,753.3000000000001,803.3000000000001
15,7,51.625,778.3000000000001,71.2370588235294,17,0,42.25,72.25,61.0,31.0,753.3000000000001,803.3000000000001
15,8,81.625,778.3000000000001,76.2188888888889,9,0,72.25,102.25,91.0,61.0,753.3000000000001,803.3000000000001
15,9,111.625,778.3000000000001,60.26653846153847,26,0,102.25,132.25,121.0,91.0,753.3000000000001,803.3000000000001
15,10,141.625,778.3000000000001,61.1921052631579,38,0,132.25,162.25,151.0,121.0,753.3000000000001,803.3000000000001
15,11,171.625,778.3000000000001,69.80592592592592,27,0,162.25,192.25,181.0,151.0,753.3000000000001,803.3000000000001
15,12,201.625,778.3000000000001,76.11928571428571,14,0,192.25,222.25,211.0,181.0,753.3000000000001,803.3000000000001
15,13,231.625,778.3000000000001,73.39,27,0,222.25,252.25,241.0,211.0,753.3000000000001,803.3000000000001
15,14,261.625,778.3000000000001,71.49619047619045,21,0,252.25,282.25,271.0,241.0,753.3000000000001,803.3000000000001
15,15,291.625,778.3000000000001,66.34826086956522,23,0,282.25,312.25,301.0,271.0,753.3000000000001,803.3000000000001
15,16,321.625,778.3000000000001,67.07400000000001,20,0,312.25,342.25,331.0,301.0,753.3000000000001,803.3000000000001
15,17,351.625,778.3000000000001,75.52666666666667,9,0,342.25,372.25,361.0,331.0,753.3000000000001,803.3000000000001
15,18,381.625,778.3000000000001,71.956,10,0,372.25,402.25,391.0,361.0,753.3000000000001,803.3000000000001
15,19,411.625,778.3000000000001,70.55111111111111,9,0,402.25,432.25,421.0,391.0,753.3000000000001,803.3000000000001
15,20,441.625,778.3000000000001,55.9480487804878,41,0,432.25,462.25,451.0,421.0,753.3000000000001,803.3000000000001
15,21,471.625,778.3000000000001,61.67212121212121,33,0,462.25,492.25,481.0,451.0,753.3000000000001,803.3000000000001
15,22,501.625,778.3000000000001,59.496,30,0,492.25,522.25,511.0,481.0,753.3000000000001,803.3000000000001
15,23,531.625,778.3000000000001,63.83935483870967,31,0,522.25,552.25,541.0,511.0,753.3000000000001,803.3000000000001
15,24,561.625,778.3000000000001,64.19793103448276,29,0,552.25,582.25,571.0,541.0,753.3000000000001,803.3000000000001
15,25,591.625,778.3000000000001,61.468378378378375,37,0,582.25,612.25,601.0,571.0,753.3000000000001,803.3000000000001
15,26,621.625,778.3000000000001,63.55285714285716,35,0,612.25,642.25,631.0,601.0,753.3000000000001,803.3000000000001
15,27,651.625,778.3000000000001,59.00604651162789,43,0,642.25,672.25,661.0,631.0,753.3000000000001,803.3000000000001
15,28,681.625,778.3000000000001,66.5853846153846,26,0,672.25,702.25,691.0,661.0,753.3000000000001,803.3000000000001
15,29,711.625,778.3000000000001,71.14000000000001,17,0,702.25,732.25,721.0,691.0,753.3000000000001,803.3000000000001
15,30,741.625,778.3000000000001,54.49686274509806,51,0,732.25,762.25,751.0,721.0,753.3000000000001,803.3000000000001
15,31,771.625,778.3000000000001,65.15384615384615,26,0,762.25,792.25,781.0,751.0,753.3000000000001,803.3000000000001
15,32,801.625,778.3000000000001,61.321724137931014,29,0,792.25,822.25,811.0,781.0,753.3000000000001,803.3000000000001
15,33,831.625,778.3000000000001,65.45771428571429,35,0,822.25,852.25,841.0,811.0,753.3000000000001,803.3000000000001
15,34,861.625,778.3000000000001,67.37242424242424,33,0,852.25,882.25,871.0,841.0,753.3000000000001,803.3000000000001
15,35,891.625,778.3000000000001,64.06972972972973,37,0,882.25,912.25,901.0,871.0,753.3000000000001,803.3000000000001
15,36,921.625,778.3000000000001,51.02472222222221,36,0,912.25,942.25,931.0,901.0,753.3000000000001,803.3000000000001
15,37,951.625,778.3000000000001,35.62823529411764,68,0,942.25,972.25,961.0,931.0,753.3000000000001,803.3000000000001
15,38,981.625,778.3000000000001,43.35142857142857,42,0,972.25,1002.25,991.0,961.0,753.3000000000001,803.3000000000001
15,39,1011.625,778.3000000000001,56.46857142857142,35,0,1002.25,1032.25,1021.0,991.0,753.3000000000001,803.3000000000001
15,40,1041.625,778.3000000000001,51.81404255319148,47,0,1032.25,1062.25,1051.0,1021.0,753.3000000000001,803.3000000000001
15,41,1071.625,778.3000000000001,46.62245283018868,53,0,1062.25,1092.25,1081.0,1051.0,753.3000000000001,803.3000000000001
15,42,1101.625,778.3000000000001,52.77692307692307,52,0,1092.25,1122.25,1111.0,1081.0,753.3000000000001,803.3000000000001
15,43,1131.625,778.3000000000001,55.99923076923076,52,0,1122.25,1152.25,1141.0,1111.0,753.3000000000001,803.3000000000001
15,44,1161.625,778.3000000000001,60.46055555555555,18,0,1152.25,1182.25,1171.0,1141.0,753.3000000000001,803.3000000000001
15,45,1191.625,778.3000000000001,53.467499999999994,40,0,1182.25,1212.25,1201.0,1171.0,753.3000000000001,803.3000000000001
15,46,1221.625,778.3000000000001,40.435624999999995,56,0,1212.25,1242.25,1231.0,1201.0,753.3000000000001,803.3000000000001
15,47,1251.625,778.3000000000001,43.80425531914893,47,0,1242.25,1272.25,1261.0,1231.0,753.3000000000001,803.3000000000001
15,48,1281.625,778.3000000000001,44.53452830188678,53,0,1272.25,1302.25,1291.0,1261.0,753.3000000000001,803.3000000000001
15,49,1311.625,778.3000000000001,37.601774193548394,62,0,1302.25,1332.25,1321.0,1291.0,753.3000000000001,803.3000000000001
15,50,1341.625,778.3000000000001,40.81803921568627,51,0,1332.25,1362.25,1351.0,1321.0,753.3000000000001,803.3000000000001
15,51,1371.625,778.3000000000001,44.35852459016394,61,0,1362.25,1392.25,1381.0,1351.0,753.3000000000001,803.3000000000001
15,52,1401.625,778.3000000000001,44.10612244897959,49,0,1392.25,1422.25,1411.0,1381.0,753.3000000000001,803.3000000000001
15,53,1431.625,778.3000000000001,40.36980392156863,51,0,1422.25,1452.25,1441.0,1411.0,753.3000000000001,803.3000000000001
15,54,1461.625,778.3000000000001,41.02612244897959,49,0,1452.25,1482.25,1471.0,1441.0,753.3000000000001,803.3000000000001
15,55,1491.625,778.3000000000001,39.122280701754384,57,0,1482.25,1512.25,1501.0,1471.0,753.3000000000001,803.3000000000001
15,56,1521.625,778.3000000000001,46.02239130434783,46,0,1512.25,1542.25,1531.0,1501.0,753.3000000000001,803.3000000000001
15,57,1551.625,778.3000000000001,44.49228070175438,57,0,1542.25,1572.25,1561.0,1531.0,753.3000000000001,803.3000000000001
15,58,1581.625,778.3000000000001,43.947659574468084,47,0,1572.25,1602.25,1591.0,1561.0,753.3000000000001,803.3000000000001
15,59,1611.625,778.3000000000001,51.13282608695651,46,0,1602.25,1632.25,1621.0,1591.0,753.3000000000001,803.3000000000001
15,60,1641.625,778.3000000000001,47.97185185185186,54,0,1632.25,1662.25,1651.0,1621.0,753.3000000000001,803.3000000000001
15,61,1671.625,778.3000000000001,46.83040000000001,50,0,1662.25,1692.25,1681.0,1651.0,753.3000000000001,803.3000000000001
15,62,1701.625,778.3000000000001,39.68236363636365,55,0,1692.25,1722.25,1711.0,1681.0,753.3000000000001,803.3000000000001
15,63,1731.625,778.3000000000001,30.92866666666666,60,0,1722.25,1752.25,1741.0,1711.0,753.3000000000001,803.3000000000001
15,64,1761.625,778.3000000000001,36.005438596491224,57,0,1752.25,1782.25,1771.0,1741.0,753.3000000000001,803.3000000000001
15,65,1791.625,778.3000000000001,41.1365306122449,49,0,1782.25,1812.25,1801.0,1771.0,753.3000000000001,803.3000000000001
15,66,1821.625,778.3000000000001,43.03488888888888,45,0,1812.25,1842.25,1831.0,1801.0,753.3000000000001,803.3000000000001
15,67,1851.625,778.3000000000001,32.03876923076923,65,0,1842.25,1872.25,1861.0,1831.0,753.3000000000001,803.3000000000001
15,68,1881.625,778.3000000000001,20.058000000000007,85,0,1872.25,1902.25,1891.0,1861.0,753.3000000000001,803.3000000000001
15,69,1911.625,778.3000000000001,26.501232876712333,73,0,1902.25,1932.25,1921.0,1891.0,753.3000000000001,803.3000000000001
15,70,1941.625,778.3000000000001,25.62435897435898,78,0,1932.25,1962.25,1951.0,1921.0,753.3000000000001,803.3000000000001
15,71,1971.625,778.3000000000001,27.136,65,0,1962.25,1992.25,1981.0,1951.0,753.3000000000001,803.3000000000001
15,72,2001.625,778.3000000000001,32.02634146341464,41,0,1992.25,2022.25,2011.0,1981.0,753.3000000000001,803.3000000000001
15,73,2031.625,778.3000000000001,35.41428571428572,63,0,2022.25,2052.25,2041.0,2011.0,753.3000000000001,803.3000000000001
15,74,2061.625,778.3000000000001,33.824666666666666,60,0,2052.25,2082.25,2071.0,2041.0,753.3000000000001,803.3000000000001
15,75,2091.625,778.3000000000001,38.5825,60,0,2082.25,2112.25,2101.0,2071.0,753.3000000000001,803.3000000000001
15,76,2121.625,778.3000000000001,31.005454545454544,44,0,2112.25,2142.25,2131.0,2101.0,753.3000000000001,803.3000000000001
15,77,2151.625,778.3000000000001,28.869830508474575,59,0,2142.25,2172.25,2161.0,2131.0,753.3000000000001,803.3000000000001
15,78,2181.625,778.3000000000001,33.95967213114755,61,0,2172.25,2202.25,2191.0,2161.0,753.3000000000001,803.3000000000001
15,79,2211.625,778.3000000000001,28.18438356164384,73,0,2202.25,2232.25,2221.0,2191.0,753.3000000000001,803.3000000000001
15,80,2241.625,778.3000000000001,26.120641025641028,78,0,2232.25,2262.25,2251.0,2221.0,753.3000000000001,803.3000000000001
15,81,2271.625,778.3000000000001,30.977959183673462,49,0,2262.25,2292.25,2281.0,2251.0,753.3000000000001,803.3000000000001
15,82,2301.625,778.3000000000001,34.916888888888906,45,0,2292.25,2322.25,2311.0,2281.0,753.3000000000001,803.3000000000001
15,83,2331.625,778.3000000000001,36.890600000000006,50,0,2322.25,2352.25,2341.0,2311.0,753.3000000000001,803.3000000000001
15,84,2361.625,778.3000000000001,22.406111111111116,72,0,2352.25,2382.25,2371.0,2341.0,753.3000000000001,803.3000000000001
15,85,2391.625,778.3000000000001,14.344545454545454,99,0,2382.25,2412.25,2401.0,2371.0,753.3000000000001,803.3000000000001
15,86,2421.625,778.3000000000001,27.796428571428567,70,0,2412.25,2442.25,2431.0,2401.0,753.3000000000001,803.3000000000001
15,87,2451.625,778.3000000000001,32.14327272727273,55,0,2442.25,2472.25,2461.0,2431.0,753.3000000000001,803.3000000000001
15,88,2481.625,778.3000000000001,32.06912280701755,57,0,2472.25,2502.25,2491.0,2461.0,753.3000000000001,803.3000000000001
15,89,2511.625,778.3000000000001,32.866200000000006,50,0,2502.25,2532.25,2521.0,2491.0,753.3000000000001,803.3000000000001
15,90,2541.625,778.3000000000001,38.94416666666667,48,0,2532.25,2562.25,2551.0,2521.0,753.3000000000001,803.3000000000001
15,91,2571.625,778.3000000000001,36.45106060606061,66,0,2562.25,2592.25,2581.0,2551.0,753.3000000000001,803.3000000000001
15,92,2601.625,778.3000000000001,34.14092592592593,54,0,2592.25,2622.25,2611.0,2581.0,753.3000000000001,803.3000000000001
15,93,2631.625,778.3000000000001,26.038378378378383,74,0,2622.25,2652.25,2641.0,2611.0,753.3000000000001,803.3000000000001
15,94,2661.625,778.3000000000001,24.63151515151516,66,0,2652.25,2682.25,2671.0,2641.0,753.3000000000001,803.3000000000001
15,95,2691.625,778.3000000000001,27.44134328358209,67,0,2682.25,2712.25,2701.0,2671.0,753.3000000000001,803.3000000000001
15,96,2721.625,778.3000000000001,34.87603448275861,58,0,2712.25,2742.25,2731.0,2701.0,753.3000000000001,803.3000000000001
15,97,2751.625,778.3000000000001,40.36719298245614,57,0,2742.25,2772.25,2761.0,2731.0,753.3000000000001,803.3000000000001
15,98,2781.625,778.3000000000001,40.758043478260866,46,0,2772.25,2802.25,2791.0,2761.0,753.3000000000001,803.3000000000001
15,99,2811.625,778.3000000000001,38.3746511627907,43,0,2802.25,2832.25,2821.0,2791.0,753.3000000000001,803.3000000000001
15,100,2841.625,778.3000000000001,38.52979166666667,48,0,2832.25,2862.25,2851.0,2821.0,753.3000000000001,803.3000000000001
15,101,2871.625,778.3000000000001,33.05448275862069,58,0,2862.25,2892.25,2881.0,2851.0,753.3000000000001,803.3000000000001
15,102,2901.625,778.3000000000001,41.99931034482758,58,0,2892.25,2922.25,2911.0,2881.0,753.3000000000001,803.3000000000001
15,103,2931.625,778.3000000000001,42.58404255319149,47,0,2922.25,2952.25,2941.0,2911.0,753.3000000000001,803.3000000000001
15,104,2961.625,778.3000000000001,41.47298245614034,57,0,2952.25,2982.25,2971.0,2941.0,753.3000000000001,803.3000000000001
15,105,2991.625,778.3000000000001,40.55525423728816,59,0,2982.25,3012.25,3001.0,2971.0,753.3000000000001,803.3000000000001
15,106,3021.625,778.3000000000001,42.51755102040816,49,0,3012.25,3042.25,3031.0,3001.0,753.3000000000001,803.3000000000001
15,107,3051.625,778.3000000000001,44.927555555555564,45,0,3042.25,3072.25,3061.0,3031.0,753.3000000000001,803.3000000000001
15,108,3081.625,778.3000000000001,43.317297297297294,37,0,3072.25,3102.25,3091.0,3061.0,753.3000000000001,803.3000000000001
15,109,3111.625,778.3000000000001,39.87340909090907,44,0,3102.25,3132.25,3121.0,3091.0,753.3000000000001,803.3000000000001
15,110,3141.625,778.3000000000001,39.90222222222222,36,0,3132.25,3162.25,3151.0,3121.0,753.3000000000001,803.3000000000001
15,111,3171.625,778.3000000000001,36.23967741935484,62,0,3162.25,3192.25,3181.0,3151.0,753.3000000000001,803.3000000000001
15,112,3201.625,778.3000000000001,38.05953488372094,43,0,3192.25,3222.25,3211.0,3181.0,753.3000000000001,803.3000000000001
15,113,3231.625,778.3000000000001,33.21559322033898,59,0,3222.25,3252.25,3241.0,3211.0,753.3000000000001,803.3000000000001
15,114,3261.625,778.3000000000001,27.8032142857143,84,0,3252.25,3282.25,3271.0,3241.0,753.3000000000001,803.3000000000001
15,115,3291.625,778.3000000000001,16.666705882352947,85,0,3282.25,3312.25,3301.0,3271.0,753.3000000000001,803.3000000000001
15,116,3321.625,778.3000000000001,20.70829545454546,88,0,3312.25,3342.25,3331.0,3301.0,753.3000000000001,803.3000000000001
15,117,3351.625,778.3000000000001,18.97805194805194,77,0,3342.25,3372.25,3361.0,3331.0,753.3000000000001,803.3000000000001
15,118,3381.625,778.3000000000001,15.133495145631063,103,0,3372.25,3402.25,3391.0,3361.0,753.3000000000001,803.3000000000001
15,119,3411.625,778.3000000000001,30.994458128078808,58,0,3402.25,3432.25,3421.0,3391.0,753.3000000000001,803.3000000000001
15,120,3441.625,778.3000000000001,38.407954545454544,44,0,3432.25,3462.25,3451.0,3421.0,753.3000000000001,803.3000000000001
15,121,3471.625,778.3000000000001,42.27410714285715,56,0,3462.25,3492.25,3481.0,3451.0,753.3000000000001,803.3000000000001
15,122,3501.625,778.3000000000001,45.525386904761895,48,0,3492.25,3522.25,3511.0,3481.0,753.3000000000001,803.3000000000001
15,123,3531.625,778.3000000000001,39.853846153846156,52,0,3522.25,3552.25,3541.0,3511.0,753.3000000000001,803.3000000000001
15,124,3561.625,778.3000000000001,34.83810344827586,58,0,3552.25,3582.25,3571.0,3541.0,753.3000000000001,803.3000000000001
15,125,3591.625,778.3000000000001,35.76820895522388,67,0,3582.25,3612.25,3601.0,3571.0,753.3000000000001,803.3000000000001
15,126,3621.625,778.3000000000001,37.66311111111112,45,0,3612.25,3642.25,3631.0,3601.0,753.3000000000001,803.3000000000001
15,127,3651.625,778.3000000000001,20.592195121951217,82,0,3642.25,3672.25,3661.0,3631.0,753.3000000000001,803.3000000000001
15,128,3681.625,778.3000000000001,17.468589743589742,78,0,3672.25,3702.25,3691.0,3661.0,753.3000000000001,803.3000000000001
15,129,3711.625,778.3000000000001,27.22,1,0,3702.25,3732.25,3721.0,3691.0,753.3000000000001,803.3000000000001
15,130,3741.625,778.3000000000001,,0,0,3732.25,3762.25,3751.0,3721.0,753.3000000000001,803.3000000000001
15,131,3771.625,778.3000000000001,,0,0,3762.25,3792.25,3781.0,3751.0,753.3000000000001,803.3000000000001
15,132,3801.625,778.3000000000001,,0,0,3792.25,3822.25,3811.0,3781.0,753.3000000000001,803.3000000000001
15,133,3831.625,778.3000000000001,,0,0,3822.25,3852.25,3841.0,3811.0,753.3000000000001,803.3000000000001
16,6,10.375,828.3000000000001,65.86714285714285,14,0,1.0,31.0,19.75,-10.25,803.3000000000001,853.3000000000001
16,7,40.375,828.3000000000001,69.7064705882353,17,0,31.0,61.0,49.75,19.75,803.3000000000001,853.3000000000001
16,8,70.375,828.3000000000001,76.0,11,0,61.0,91.0,79.75,49.75,803.3000000000001,853.3000000000001
16,9,100.375,828.3000000000001,77.12636363636362,11,0,91.0,121.0,109.75,79.75,803.3000000000001,853.3000000000001
16,10,130.375,828.3000000000001,58.31173913043477,46,0,121.0,151.0,139.75,109.75,803.3000000000001,853.3000000000001
16,11,160.375,828.3000000000001,70.00629870129869,22,0,151.0,181.0,169.75,139.75,803.3000000000001,853.3000000000001
16,12,190.375,828.3000000000001,73.03285714285714,28,0,181.0,211.0,199.75,169.75,803.3000000000001,853.3000000000001
16,13,220.375,828.3000000000001,75.71232142857141,16,0,211.0,241.0,229.75,199.75,803.3000000000001,853.3000000000001
16,14,250.375,828.3000000000001,74.28166666666668,24,0,241.0,271.0,259.75,229.75,803.3000000000001,853.3000000000001
16,15,280.375,828.3000000000001,65.7644,25,0,271.0,301.0,289.75,259.75,803.3000000000001,853.3000000000001
16,16,310.375,828.3000000000001,69.93055555555556,18,0,301.0,331.0,319.75,289.75,803.3000000000001,853.3000000000001
16,17,340.375,828.3000000000001,66.46142857142857,14,0,331.0,361.0,349.75,319.75,803.3000000000001,853.3000000000001
16,18,370.375,828.3000000000001,75.21777777777778,9,0,361.0,391.0,379.75,349.75,803.3000000000001,853.3000000000001
16,19,400.375,828.3000000000001,74.951,10,0,391.0,421.0,409.75,379.75,803.3000000000001,853.3000000000001
16,20,430.375,828.3000000000001,58.69037037037038,27,0,421.0,451.0,439.75,409.75,803.3000000000001,853.3000000000001
16,21,460.375,828.3000000000001,60.74384615384615,39,0,451.0,481.0,469.75,439.75,803.3000000000001,853.3000000000001
16,22,490.375,828.3000000000001,59.526818181818186,22,0,481.0,511.0,499.75,469.75,803.3000000000001,853.3000000000001
16,23,520.375,828.3000000000001,62.0988888888889,36,0,511.0,541.0,529.75,499.75,803.3000000000001,853.3000000000001
16,24,550.375,828.3000000000001,65.96055555555554,36,0,541.0,571.0,559.75,529.75,803.3000000000001,853.3000000000001
16,25,580.375,828.3000000000001,62.52233333333334,30,0,571.0,601.0,589.75,559.75,803.3000000000001,853.3000000000001
16,26,610.375,828.3000000000001,63.45574999999999,40,0,601.0,631.0,619.75,589.75,803.3000000000001,853.3000000000001
16,27,640.375,828.3000000000001,61.3441935483871,31,0,631.0,661.0,649.75,619.75,803.3000000000001,853.3000000000001
16,28,670.375,828.3000000000001,63.32909090909092,44,0,661.0,691.0,679.75,649.75,803.3000000000001,853.3000000000001
16,29,700.375,828.3000000000001,75.53769230769231,13,0,691.0,721.0,709.75,679.75,803.3000000000001,853.3000000000001
16,30,730.375,828.3000000000001,57.30599999999999,35,0,721.0,751.0,739.75,709.75,803.3000000000001,853.3000000000001
16,31,760.375,828.3000000000001,60.99211111111111,45,0,751.0,781.0,769.75,739.75,803.3000000000001,853.3000000000001
16,32,790.375,828.3000000000001,65.87588235294118,17,0,781.0,811.0,799.75,769.75,803.3000000000001,853.3000000000001
16,33,820.375,828.3000000000001,65.03485714285715,35,0,811.0,841.0,829.75,799.75,803.3000000000001,853.3000000000001
16,34,850.375,828.3000000000001,67.13838709677418,31,0,841.0,871.0,859.75,829.75,803.3000000000001,853.3000000000001
16,35,880.375,828.3000000000001,68.62743055555555,36,0,871.0,901.0,889.75,859.75,803.3000000000001,853.3000000000001
16,36,910.375,828.3000000000001,63.486551724137925,29,0,901.0,931.0,919.75,889.75,803.3000000000001,853.3000000000001
16,37,940.375,828.3000000000001,41.024363636363624,55,0,931.0,961.0,949.75,919.75,803.3000000000001,853.3000000000001
16,38,970.375,828.3000000000001,40.53981132075472,53,0,961.0,991.0,979.75,949.75,803.3000000000001,853.3000000000001
16,39,1000.375,828.3000000000001,60.56206896551724,29,0,991.0,1021.0,1009.75,979.75,803.3000000000001,853.3000000000001
16,40,1030.375,828.3000000000001,56.42314285714285,35,0,1021.0,1051.0,1039.75,1009.75,803.3000000000001,853.3000000000001
16,41,1060.375,828.3000000000001,52.70270833333334,48,0,1051.0,1081.0,1069.75,1039.75,803.3000000000001,853.3000000000001
16,42,1090.375,828.3000000000001,49.71941176470587,51,0,1081.0,1111.0,1099.75,1069.75,803.3000000000001,853.3000000000001
16,43,1120.375,828.3000000000001,53.99981481481481,54,0,1111.0,1141.0,1129.75,1099.75,803.3000000000001,853.3000000000001
16,44,1150.375,828.3000000000001,55.928421052631585,38,0,1141.0,1171.0,1159.75,1129.75,803.3000000000001,853.3000000000001
16,45,1180.375,828.3000000000001,56.71095238095237,21,0,1171.0,1201.0,1189.75,1159.75,803.3000000000001,853.3000000000001
16,46,1210.375,828.3000000000001,47.45630434782609,46,0,1201.0,1231.0,1219.75,1189.75,803.3000000000001,853.3000000000001
16,47,1240.375,828.3000000000001,46.20000000000001,40,0,1231.0,1261.0,1249.75,1219.75,803.3000000000001,853.3000000000001
16,48,1270.375,828.3000000000001,47.311538461538476,52,0,1261.0,1291.0,1279.75,1249.75,803.3000000000001,853.3000000000001
16,49,1300.375,828.3000000000001,40.82471698113207,53,0,1291.0,1321.0,1309.75,1279.75,803.3000000000001,853.3000000000001
16,50,1330.375,828.3000000000001,40.01509090909092,55,0,1321.0,1351.0,1339.75,1309.75,803.3000000000001,853.3000000000001
16,51,1360.375,828.3000000000001,45.5106896551724,58,0,1351.0,1381.0,1369.75,1339.75,803.3000000000001,853.3000000000001
16,52,1390.375,828.3000000000001,47.13895833333331,48,0,1381.0,1411.0,1399.75,1369.75,803.3000000000001,853.3000000000001
16,53,1420.375,828.3000000000001,45.6709523809524,45,0,1411.0,1441.0,1429.75,1399.75,803.3000000000001,853.3000000000001
16,54,1450.375,828.3000000000001,39.285961538461535,52,0,1441.0,1471.0,1459.75,1429.75,803.3000000000001,853.3000000000001
16,55,1480.375,828.3000000000001,39.962142857142865,56,0,1471.0,1501.0,1489.75,1459.75,803.3000000000001,853.3000000000001
16,56,1510.375,828.3000000000001,45.221363636363634,44,0,1501.0,1531.0,1519.75,1489.75,803.3000000000001,853.3000000000001
16,57,1540.375,828.3000000000001,49.93640000000001,50,0,1531.0,1561.0,1549.75,1519.75,803.3000000000001,853.3000000000001
16,58,1570.375,828.3000000000001,45.580625,48,0,1561.0,1591.0,1579.75,1549.75,803.3000000000001,853.3000000000001
16,59,1600.375,828.3000000000001,48.028541666666676,48,0,1591.0,1621.0,1609.75,1579.75,803.3000000000001,853.3000000000001
16,60,1630.375,828.3000000000001,53.21738095238096,42,0,1621.0,1651.0,1639.75,1609.75,803.3000000000001,853.3000000000001
16,61,1660.375,828.3000000000001,48.11395555555557,50,0,1651.0,1681.0,1669.75,1639.75,803.3000000000001,853.3000000000001
16,62,1690.375,828.3000000000001,44.97148936170215,47,0,1681.0,1711.0,1699.75,1669.75,803.3000000000001,853.3000000000001
16,63,1720.375,828.3000000000001,38.128750000000004,56,0,1711.0,1741.0,1729.75,1699.75,803.3000000000001,853.3000000000001
16,64,1750.375,828.3000000000001,38.12300411522634,54,0,1741.0,1771.0,1759.75,1729.75,803.3000000000001,853.3000000000001
16,65,1780.375,828.3000000000001,42.107547169811326,53,0,1771.0,1801.0,1789.75,1759.75,803.3000000000001,853.3000000000001
16,66,1810.375,828.3000000000001,46.26547619047618,42,0,1801.0,1831.0,1819.75,1789.75,803.3000000000001,853.3000000000001
16,67,1840.375,828.3000000000001,38.483571428571416,56,0,1831.0,1861.0,1849.75,1819.75,803.3000000000001,853.3000000000001
16,68,1870.375,828.3000000000001,26.56333333333333,60,0,1861.0,1891.0,1879.75,1849.75,803.3000000000001,853.3000000000001
16,69,1900.375,828.3000000000001,25.434084507042257,71,0,1891.0,1921.0,1909.75,1879.75,803.3000000000001,853.3000000000001
16,70,1930.375,828.3000000000001,23.210124999999998,80,0,1921.0,1951.0,1939.75,1909.75,803.3000000000001,853.3000000000001
16,71,1960.375,828.3000000000001,29.860645161290332,62,0,1951.0,1981.0,1969.75,1939.75,803.3000000000001,853.3000000000001
16,72,1990.375,828.3000000000001,33.87276595744681,47,0,1981.0,2011.0,1999.75,1969.75,803.3000000000001,853.3000000000001
16,73,2020.375,828.3000000000001,36.05204081632652,49,0,2011.0,2041.0,2029.75,1999.75,803.3000000000001,853.3000000000001
16,74,2050.375,828.3000000000001,38.843265306122454,49,0,2041.0,2071.0,2059.75,2029.75,803.3000000000001,853.3000000000001
16,75,2080.375,828.3000000000001,36.211929824561395,57,0,2071.0,2101.0,2089.75,2059.75,803.3000000000001,853.3000000000001
16,76,2110.375,828.3000000000001,36.81904761904762,42,0,2101.0,2131.0,2119.75,2089.75,803.3000000000001,853.3000000000001
16,77,2140.375,828.3000000000001,27.451754385964904,57,0,2131.0,2161.0,2149.75,2119.75,803.3000000000001,853.3000000000001
16,78,2170.375,828.3000000000001,33.6996881091618,57,0,2161.0,2191.0,2179.75,2149.75,803.3000000000001,853.3000000000001
16,79,2200.375,828.3000000000001,25.648243243243243,74,0,2191.0,2221.0,2209.75,2179.75,803.3000000000001,853.3000000000001
16,80,2230.375,828.3000000000001,26.813076923076924,78,0,2221.0,2251.0,2239.75,2209.75,803.3000000000001,853.3000000000001
16,81,2260.375,828.3000000000001,29.28761904761905,63,0,2251.0,2281.0,2269.75,2239.75,803.3000000000001,853.3000000000001
16,82,2290.375,828.3000000000001,29.541228070175446,57,0,2281.0,2311.0,2299.75,2269.75,803.3000000000001,853.3000000000001
16,83,2320.375,828.3000000000001,31.00666666666667,57,0,2311.0,2341.0,2329.75,2299.75,803.3000000000001,853.3000000000001
16,84,2350.375,828.3000000000001,19.35817073170732,82,0,2341.0,2371.0,2359.75,2329.75,803.3000000000001,853.3000000000001
16,85,2380.375,828.3000000000001,15.828947368421053,95,0,2371.0,2401.0,2389.75,2359.75,803.3000000000001,853.3000000000001
16,86,2410.375,828.3000000000001,30.596774193548384,62,0,2401.0,2431.0,2419.75,2389.75,803.3000000000001,853.3000000000001
16,87,2440.375,828.3000000000001,31.812000000000005,80,0,2431.0,2461.0,2449.75,2419.75,803.3000000000001,853.3000000000001
16,88,2470.375,828.3000000000001,30.799230769230764,52,0,2461.0,2491.0,2479.75,2449.75,803.3000000000001,853.3000000000001
16,89,2500.375,828.3000000000001,34.49018518518518,54,0,2491.0,2521.0,2509.75,2479.75,803.3000000000001,853.3000000000001
16,90,2530.375,828.3000000000001,39.04078431372549,51,0,2521.0,2551.0,2539.75,2509.75,803.3000000000001,853.3000000000001
16,91,2560.375,828.3000000000001,39.37196428571428,56,0,2551.0,2581.0,2569.75,2539.75,803.3000000000001,853.3000000000001
16,92,2590.375,828.3000000000001,40.731666666666655,54,0,2581.0,2611.0,2599.75,2569.75,803.3000000000001,853.3000000000001
16,93,2620.375,828.3000000000001,29.166428571428575,56,0,2611.0,2641.0,2629.75,2599.75,803.3000000000001,853.3000000000001
16,94,2650.375,828.3000000000001,24.203157894736833,76,0,2641.0,2671.0,2659.75,2629.75,803.3000000000001,853.3000000000001
16,95,2680.375,828.3000000000001,31.218070175438605,57,0,2671.0,2701.0,2689.75,2659.75,803.3000000000001,853.3000000000001
16,96,2710.375,828.3000000000001,31.209682539682543,63,0,2701.0,2731.0,2719.75,2689.75,803.3000000000001,853.3000000000001
16,97,2740.375,828.3000000000001,36.2460655737705,61,0,2731.0,2761.0,2749.75,2719.75,803.3000000000001,853.3000000000001
16,98,2770.375,828.3000000000001,42.8979245283019,53,0,2761.0,2791.0,2779.75,2749.75,803.3000000000001,853.3000000000001
16,99,2800.375,828.3000000000001,38.945882352941176,51,0,2791.0,2821.0,2809.75,2779.75,803.3000000000001,853.3000000000001
16,100,2830.375,828.3000000000001,36.900925925925925,54,0,2821.0,2851.0,2839.75,2809.75,803.3000000000001,853.3000000000001
16,101,2860.375,828.3000000000001,35.61176470588235,51,0,2851.0,2881.0,2869.75,2839.75,803.3000000000001,853.3000000000001
16,102,2890.375,828.3000000000001,40.66785714285714,56,0,2881.0,2911.0,2899.75,2869.75,803.3000000000001,853.3000000000001
16,103,2920.375,828.3000000000001,41.60740740740741,54,0,2911.0,2941.0,2929.75,2899.75,803.3000000000001,853.3000000000001
16,104,2950.375,828.3000000000001,43.32469387755102,49,0,2941.0,2971.0,2959.75,2929.75,803.3000000000001,853.3000000000001
16,105,2980.375,828.3000000000001,39.070923076923066,65,0,2971.0,3001.0,2989.75,2959.75,803.3000000000001,853.3000000000001
16,106,3010.375,828.3000000000001,39.26,50,0,3001.0,3031.0,3019.75,2989.75,803.3000000000001,853.3000000000001
16,107,3040.375,828.3000000000001,42.93051724137932,58,0,3031.0,3061.0,3049.75,3019.75,803.3000000000001,853.3000000000001
16,108,3070.375,828.3000000000001,41.34122448979592,49,0,3061.0,3091.0,3079.75,3049.75,803.3000000000001,853.3000000000001
16,109,3100.375,828.3000000000001,45.041999999999994,30,0,3091.0,3121.0,3109.75,3079.75,803.3000000000001,853.3000000000001
16,110,3130.375,828.3000000000001,43.65953488372093,43,0,3121.0,3151.0,3139.75,3109.75,803.3000000000001,853.3000000000001
16,111,3160.375,828.3000000000001,40.18250000000001,44,0,3151.0,3181.0,3169.75,3139.75,803.3000000000001,853.3000000000001
16,112,3190.375,828.3000000000001,35.37114754098361,61,0,3181.0,3211.0,3199.75,3169.75,803.3000000000001,853.3000000000001
16,113,3220.375,828.3000000000001,31.717457627118645,59,0,3211.0,3241.0,3229.75,3199.75,803.3000000000001,853.3000000000001
16,114,3250.375,828.3000000000001,29.27253521126761,71,0,3241.0,3271.0,3259.75,3229.75,803.3000000000001,853.3000000000001
16,115,3280.375,828.3000000000001,16.04572727272728,110,0,3271.0,3301.0,3289.75,3259.75,803.3000000000001,853.3000000000001
16,116,3310.375,828.3000000000001,23.950285714285712,70,0,3301.0,3331.0,3319.75,3289.75,803.3000000000001,853.3000000000001
16,117,3340.375,828.3000000000001,21.029655172413783,87,0,3331.0,3361.0,3349.75,3319.75,803.3000000000001,853.3000000000001
16,118,3370.375,828.3000000000001,14.840101010101007,99,0,3361.0,3391.0,3379.75,3349.75,803.3000000000001,853.3000000000001
16,119,3400.375,828.3000000000001,29.01637931034483,58,0,3391.0,3421.0,3409.75,3379.75,803.3000000000001,853.3000000000001
16,120,3430.375,828.3000000000001,37.008200000000016,50,0,3421.0,3451.0,3439.75,3409.75,803.3000000000001,853.3000000000001
16,121,3460.375,828.3000000000001,36.92649122807018,57,0,3451.0,3481.0,3469.75,3439.75,803.3000000000001,853.3000000000001
16,122,3490.375,828.3000000000001,42.97964285714285,56,0,3481.0,3511.0,3499.75,3469.75,803.3000000000001,853.3000000000001
16,123,3520.375,828.3000000000001,44.08386363636363,44,0,3511.0,3541.0,3529.75,3499.75,803.3000000000001,853.3000000000001
16,124,3550.375,828.3000000000001,34.309264705882356,68,0,3541.0,3571.0,3559.75,3529.75,803.3000000000001,853.3000000000001
16,125,3580.375,828.3000000000001,37.68962264150943,53,0,3571.0,3601.0,3589.75,3559.75,803.3000000000001,853.3000000000001
16,126,3610.375,828.3000000000001,38.48982456140352,57,0,3601.0,3631.0,3619.75,3589.75,803.3000000000001,853.3000000000001
16,127,3640.375,828.3000000000001,21.13641791044776,67,0,3631.0,3661.0,3649.75,3619.75,803.3000000000001,853.3000000000001
16,128,3670.375,828.3000000000001,21.466086956521746,69,0,3661.0,3691.0,3679.75,3649.75,803.3000000000001,853.3000000000001
16,129,3700.375,828.3000000000001,30.611785714285705,28,0,3691.0,3721.0,3709.75,3679.75,803.3000000000001,853.3000000000001
16,130,3730.375,828.3000000000001,,0,0,3721.0,3751.0,3739.75,3709.75,803.3000000000001,853.3000000000001
16,131,3760.375,828.3000000000001,,0,0,3751.0,3781.0,3769.75,3739.75,803.3000000000001,853.3000000000001
16,132,3790.375,828.3000000000001,,0,0,3781.0,3811.0,3799.75,3769.75,803.3000000000001,853.3000000000001
16,133,3820.375,828.3000000000001,,0,0,3811.0,3841.0,3829.75,3799.75,803.3000000000001,853.3000000000001
17,6,-0.875,878.3000000000001,68.83625,8,0,-10.25,19.75,8.5,-21.5,853.3000000000001,903.3000000000001
17,7,29.125,878.3000000000001,65.4047619047619,21,0,19.75,49.75,38.5,8.5,853.3000000000001,903.3000000000001
17,8,59.125,878.3000000000001,70.52666666666667,18,0,49.75,79.75,68.5,38.5,853.3000000000001,903.3000000000001
17,9,89.125,878.3000000000001,77.16272727272728,11,0,79.75,109.75,98.5,68.5,853.3000000000001,903.3000000000001
17,10,119.125,878.3000000000001,59.17645161290322,31,0,109.75,139.75,128.5,98.5,853.3000000000001,903.3000000000001
17,11,149.125,878.3000000000001,60.07613636363636,44,0,139.75,169.75,158.5,128.5,853.3000000000001,903.3000000000001
17,12,179.125,878.3000000000001,69.86424242424245,33,0,169.75,199.75,188.5,158.5,853.3000000000001,903.3000000000001
17,13,209.125,878.3000000000001,74.07615384615384,13,0,199.75,229.75,218.5,188.5,853.3000000000001,903.3000000000001
17,14,239.125,878.3000000000001,72.56838709677419,31,0,229.75,259.75,248.5,218.5,853.3000000000001,903.3000000000001
17,15,269.125,878.3000000000001,71.53578947368422,19,0,259.75,289.75,278.5,248.5,853.3000000000001,903.3000000000001
17,16,299.125,878.3000000000001,63.38851851851851,27,0,289.75,319.75,308.5,278.5,853.3000000000001,903.3000000000001
17,17,329.125,878.3000000000001,63.221666666666664,18,0,319.75,349.75,338.5,308.5,853.3000000000001,903.3000000000001
17,18,359.125,878.3000000000001,73.418,10,0,349.75,379.75,368.5,338.5,853.3000000000001,903.3000000000001
17,19,389.125,878.3000000000001,71.9890909090909,11,0,379.75,409.75,398.5,368.5,853.3000000000001,903.3000000000001
17,20,419.125,878.3000000000001,70.61749999999999,12,0,409.75,439.75,428.5,398.5,853.3000000000001,903.3000000000001
17,21,449.125,878.3000000000001,55.01409090909092,44,0,439.75,469.75,458.5,428.5,853.3000000000001,903.3000000000001
17,22,479.125,878.3000000000001,60.51882352941176,34,0,469.75,499.75,488.5,458.5,853.3000000000001,903.3000000000001
17,23,509.125,878.3000000000001,59.1877142857143,35,0,499.75,529.75,518.5,488.5,853.3000000000001,903.3000000000001
17,24,539.125,878.3000000000001,63.59,35,0,529.75,559.75,548.5,518.5,853.3000000000001,903.3000000000001
17,25,569.125,878.3000000000001,63.5271875,32,0,559.75,589.75,578.5,548.5,853.3000000000001,903.3000000000001
17,26,599.125,878.3000000000001,61.04219512195123,41,0,589.75,619.75,608.5,578.5,853.3000000000001,903.3000000000001
17,27,629.125,878.3000000000001,62.35270270270271,37,0,619.75,649.75,638.5,608.5,853.3000000000001,903.3000000000001
17,28,659.125,878.3000000000001,57.273599999999995,50,0,649.75,679.75,668.5,638.5,853.3000000000001,903.3000000000001
17,29,689.125,878.3000000000001,64.28333333333333,27,0,679.75,709.75,698.5,668.5,853.3000000000001,903.3000000000001
17,30,719.125,878.3000000000001,69.5,18,0,709.75,739.75,728.5,698.5,853.3000000000001,903.3000000000001
17,31,749.125,878.3000000000001,54.01637931034483,58,0,739.75,769.75,758.5,728.5,853.3000000000001,903.3000000000001
17,32,779.125,878.3000000000001,62.23566666666667,30,0,769.75,799.75,788.5,758.5,853.3000000000001,903.3000000000001
17,33,809.125,878.3000000000001,60.931250000000006,32,0,799.75,829.75,818.5,788.5,853.3000000000001,903.3000000000001
17,34,839.125,878.3000000000001,64.35153846153845,39,0,829.75,859.75,848.5,818.5,853.3000000000001,903.3000000000001
17,35,869.125,878.3000000000001,67.60236842105263,38,0,859.75,889.75,878.5,848.5,853.3000000000001,903.3000000000001
17,36,899.125,878.3000000000001,61.637894736842114,38,0,889.75,919.75,908.5,878.5,853.3000000000001,903.3000000000001
17,37,929.125,878.3000000000001,45.792391304347824,46,0,919.75,949.75,938.5,908.5,853.3000000000001,903.3000000000001
17,38,959.125,878.3000000000001,40.515081967213106,61,0,949.75,979.75,968.5,938.5,853.3000000000001,903.3000000000001
17,39,989.125,878.3000000000001,50.128,40,0,979.75,1009.75,998.5,968.5,853.3000000000001,903.3000000000001
17,40,1019.125,878.3000000000001,58.83666666666667,33,0,1009.75,1039.75,1028.5,998.5,853.3000000000001,903.3000000000001
17,41,1049.125,878.3000000000001,52.04000000000001,48,0,1039.75,1069.75,1058.5,1028.5,853.3000000000001,903.3000000000001
17,42,1079.125,878.3000000000001,50.926727272727284,55,0,1069.75,1099.75,1088.5,1058.5,853.3000000000001,903.3000000000001
17,43,1109.125,878.3000000000001,47.71156249999999,64,0,1099.75,1129.75,1118.5,1088.5,853.3000000000001,903.3000000000001
17,44,1139.125,878.3000000000001,48.07338461538461,65,0,1129.75,1159.75,1148.5,1118.5,853.3000000000001,903.3000000000001
17,45,1169.125,878.3000000000001,53.349565217391316,23,0,1159.75,1189.75,1178.5,1148.5,853.3000000000001,903.3000000000001
17,46,1199.125,878.3000000000001,49.34692307692307,39,0,1189.75,1219.75,1208.5,1178.5,853.3000000000001,903.3000000000001
17,47,1229.125,878.3000000000001,45.8394642857143,56,0,1219.75,1249.75,1238.5,1208.5,853.3000000000001,903.3000000000001
17,48,1259.125,878.3000000000001,43.78244897959184,49,0,1249.75,1279.75,1268.5,1238.5,853.3000000000001,903.3000000000001
17,49,1289.125,878.3000000000001,40.16754098360655,61,0,1279.75,1309.75,1298.5,1268.5,853.3000000000001,903.3000000000001
17,50,1319.125,878.3000000000001,37.5489705882353,68,0,1309.75,1339.75,1328.5,1298.5,853.3000000000001,903.3000000000001
17,51,1349.125,878.3000000000001,43.29719298245615,57,0,1339.75,1369.75,1358.5,1328.5,853.3000000000001,903.3000000000001
17,52,1379.125,878.3000000000001,45.314098360655755,61,0,1369.75,1399.75,1388.5,1358.5,853.3000000000001,903.3000000000001
17,53,1409.125,878.3000000000001,47.05377777777777,45,0,1399.75,1429.75,1418.5,1388.5,853.3000000000001,903.3000000000001
17,54,1439.125,878.3000000000001,39.42431372549019,51,0,1429.75,1459.75,1448.5,1418.5,853.3000000000001,903.3000000000001
17,55,1469.125,878.3000000000001,37.13689655172414,58,0,1459.75,1489.75,1478.5,1448.5,853.3000000000001,903.3000000000001
17,56,1499.125,878.3000000000001,42.660925925925916,54,0,1489.75,1519.75,1508.5,1478.5,853.3000000000001,903.3000000000001
17,57,1529.125,878.3000000000001,50.05043478260869,46,0,1519.75,1549.75,1538.5,1508.5,853.3000000000001,903.3000000000001
17,58,1559.125,878.3000000000001,47.81454545454545,55,0,1549.75,1579.75,1568.5,1538.5,853.3000000000001,903.3000000000001
17,59,1589.125,878.3000000000001,45.5462962962963,54,0,1579.75,1609.75,1598.5,1568.5,853.3000000000001,903.3000000000001
17,60,1619.125,878.3000000000001,50.055,50,0,1609.75,1639.75,1628.5,1598.5,853.3000000000001,903.3000000000001
17,61,1649.125,878.3000000000001,50.850392156862746,51,0,1639.75,1669.75,1658.5,1628.5,853.3000000000001,903.3000000000001
17,62,1679.125,878.3000000000001,44.118983050847454,59,0,1669.75,1699.75,1688.5,1658.5,853.3000000000001,903.3000000000001
17,63,1709.125,878.3000000000001,41.057000000000016,50,0,1699.75,1729.75,1718.5,1688.5,853.3000000000001,903.3000000000001
17,64,1739.125,878.3000000000001,39.65500000000001,42,0,1729.75,1759.75,1748.5,1718.5,853.3000000000001,903.3000000000001
17,65,1769.125,878.3000000000001,39.699836065573756,61,0,1759.75,1789.75,1778.5,1748.5,853.3000000000001,903.3000000000001
17,66,1799.125,878.3000000000001,42.499670329670316,52,0,1789.75,1819.75,1808.5,1778.5,853.3000000000001,903.3000000000001
17,67,1829.125,878.3000000000001,43.381400000000006,50,0,1819.75,1849.75,1838.5,1808.5,853.3000000000001,903.3000000000001
17,68,1859.125,878.3000000000001,30.78774193548386,62,0,1849.75,1879.75,1868.5,1838.5,853.3000000000001,903.3000000000001
17,69,1889.125,878.3000000000001,27.845087719298252,57,0,1879.75,1909.75,1898.5,1868.5,853.3000000000001,903.3000000000001
17,70,1919.125,878.3000000000001,24.91493333333333,75,0,1909.75,1939.75,1928.5,1898.5,853.3000000000001,903.3000000000001
17,71,1949.125,878.3000000000001,28.360125000000004,80,0,1939.75,1969.75,1958.5,1928.5,853.3000000000001,903.3000000000001
17,72,1979.125,878.3000000000001,32.42090909090908,66,0,1969.75,1999.75,1988.5,1958.5,853.3000000000001,903.3000000000001
17,73,2009.125,878.3000000000001,33.732857142857156,42,0,1999.75,2029.75,2018.5,1988.5,853.3000000000001,903.3000000000001
17,74,2039.125,878.3000000000001,37.30117647058823,68,0,2029.75,2059.75,2048.5,2018.5,853.3000000000001,903.3000000000001
17,75,2069.125,878.3000000000001,37.6476,50,0,2059.75,2089.75,2078.5,2048.5,853.3000000000001,903.3000000000001
17,76,2099.125,878.3000000000001,32.75041666666666,72,0,2089.75,2119.75,2108.5,2078.5,853.3000000000001,903.3000000000001
17,77,2129.125,878.3000000000001,25.140000000000004,49,0,2119.75,2149.75,2138.5,2108.5,853.3000000000001,903.3000000000001
17,78,2159.125,878.3000000000001,29.477692307692312,65,0,2149.75,2179.75,2168.5,2138.5,853.3000000000001,903.3000000000001
17,79,2189.125,878.3000000000001,23.17585365853658,82,0,2179.75,2209.75,2198.5,2168.5,853.3000000000001,903.3000000000001
17,80,2219.125,878.3000000000001,26.469759036144588,83,0,2209.75,2239.75,2228.5,2198.5,853.3000000000001,903.3000000000001
17,81,2249.125,878.3000000000001,28.15308641975308,81,0,2239.75,2269.75,2258.5,2228.5,853.3000000000001,903.3000000000001
17,82,2279.125,878.3000000000001,23.727323943661975,71,0,2269.75,2299.75,2288.5,2258.5,853.3000000000001,903.3000000000001
17,83,2309.125,878.3000000000001,22.967682926829266,82,0,2299.75,2329.75,2318.5,2288.5,853.3000000000001,903.3000000000001
17,84,2339.125,878.3000000000001,14.035789473684204,114,0,2329.75,2359.75,2348.5,2318.5,853.3000000000001,903.3000000000001
17,85,2369.125,878.3000000000001,16.38149425287357,87,0,2359.75,2389.75,2378.5,2348.5,853.3000000000001,903.3000000000001
17,86,2399.125,878.3000000000001,25.117750000000008,80,0,2389.75,2419.75,2408.5,2378.5,853.3000000000001,903.3000000000001
17,87,2429.125,878.3000000000001,24.45202247191011,89,0,2419.75,2449.75,2438.5,2408.5,853.3000000000001,903.3000000000001
17,88,2459.125,878.3000000000001,22.08861111111111,88,0,2449.75,2479.75,2468.5,2438.5,853.3000000000001,903.3000000000001
17,89,2489.125,878.3000000000001,37.14607142857143,56,0,2479.75,2509.75,2498.5,2468.5,853.3000000000001,903.3000000000001
17,90,2519.125,878.3000000000001,36.7145283018868,53,0,2509.75,2539.75,2528.5,2498.5,853.3000000000001,903.3000000000001
17,91,2549.125,878.3000000000001,39.49415094339622,53,0,2539.75,2569.75,2558.5,2528.5,853.3000000000001,903.3000000000001
17,92,2579.125,878.3000000000001,39.224202898550715,69,0,2569.75,2599.75,2588.5,2558.5,853.3000000000001,903.3000000000001
17,93,2609.125,878.3000000000001,32.96913793103448,58,0,2599.75,2629.75,2618.5,2588.5,853.3000000000001,903.3000000000001
17,94,2639.125,878.3000000000001,23.234810126582282,79,0,2629.75,2659.75,2648.5,2618.5,853.3000000000001,903.3000000000001
17,95,2669.125,878.3000000000001,25.69894736842105,76,0,2659.75,2689.75,2678.5,2648.5,853.3000000000001,903.3000000000001
17,96,2699.125,878.3000000000001,25.520133333333323,75,0,2689.75,2719.75,2708.5,2678.5,853.3000000000001,903.3000000000001
17,97,2729.125,878.3000000000001,30.723194444444434,72,0,2719.75,2749.75,2738.5,2708.5,853.3000000000001,903.3000000000001
17,98,2759.125,878.3000000000001,31.744337349397597,83,0,2749.75,2779.75,2768.5,2738.5,853.3000000000001,903.3000000000001
17,99,2789.125,878.3000000000001,34.148852459016396,61,0,2779.75,2809.75,2798.5,2768.5,853.3000000000001,903.3000000000001
17,100,2819.125,878.3000000000001,29.72544117647059,68,0,2809.75,2839.75,2828.5,2798.5,853.3000000000001,903.3000000000001
17,101,2849.125,878.3000000000001,33.11524590163935,61,0,2839.75,2869.75,2858.5,2828.5,853.3000000000001,903.3000000000001
17,102,2879.125,878.3000000000001,36.95946428571428,56,0,2869.75,2899.75,2888.5,2858.5,853.3000000000001,903.3000000000001
17,103,2909.125,878.3000000000001,39.62885714285715,70,0,2899.75,2929.75,2918.5,2888.5,853.3000000000001,903.3000000000001
17,104,2939.125,878.3000000000001,36.14833333333334,66,0,2929.75,2959.75,2948.5,2918.5,853.3000000000001,903.3000000000001
17,105,2969.125,878.3000000000001,38.982307692307685,65,0,2959.75,2989.75,2978.5,2948.5,853.3000000000001,903.3000000000001
17,106,2999.125,878.3000000000001,36.616376811594215,69,0,2989.75,3019.75,3008.5,2978.5,853.3000000000001,903.3000000000001
17,107,3029.125,878.3000000000001,35.935428571428574,70,0,3019.75,3049.75,3038.5,3008.5,853.3000000000001,903.3000000000001
17,108,3059.125,878.3000000000001,34.097727272727276,66,0,3049.75,3079.75,3068.5,3038.5,853.3000000000001,903.3000000000001
17,109,3089.125,878.3000000000001,39.8566,50,0,3079.75,3109.75,3098.5,3068.5,853.3000000000001,903.3000000000001
17,110,3119.125,878.3000000000001,43.152,45,0,3109.75,3139.75,3128.5,3098.5,853.3000000000001,903.3000000000001
17,111,3149.125,878.3000000000001,38.860697674418596,43,0,3139.75,3169.75,3158.5,3128.5,853.3000000000001,903.3000000000001
17,112,3179.125,878.3000000000001,32.92028985507247,69,0,3169.75,3199.75,3188.5,3158.5,853.3000000000001,903.3000000000001
17,113,3209.125,878.3000000000001,25.965555555555557,72,0,3199.75,3229.75,3218.5,3188.5,853.3000000000001,903.3000000000001
17,114,3239.125,878.3000000000001,18.85382608695653,115,0,3229.75,3259.75,3248.5,3218.5,853.3000000000001,903.3000000000001
17,115,3269.125,878.3000000000001,14.368319327731092,119,0,3259.75,3289.75,3278.5,3248.5,853.3000000000001,903.3000000000001
17,116,3299.125,878.3000000000001,23.60234567901235,81,0,3289.75,3319.75,3308.5,3278.5,853.3000000000001,903.3000000000001
17,117,3329.125,878.3000000000001,17.186666666666664,108,0,3319.75,3349.75,3338.5,3308.5,853.3000000000001,903.3000000000001
17,118,3359.125,878.3000000000001,11.860555555555559,126,0,3349.75,3379.75,3368.5,3338.5,853.3000000000001,903.3000000000001
17,119,3389.125,878.3000000000001,23.994470588235295,85,0,3379.75,3409.75,3398.5,3368.5,853.3000000000001,903.3000000000001
17,120,3419.125,878.3000000000001,27.73106666666666,75,0,3409.75,3439.75,3428.5,3398.5,853.3000000000001,903.3000000000001
17,121,3449.125,878.3000000000001,28.09983333333333,60,0,3439.75,3469.75,3458.5,3428.5,853.3000000000001,903.3000000000001
17,122,3479.125,878.3000000000001,32.44149051490514,82,0,3469.75,3499.75,3488.5,3458.5,853.3000000000001,903.3000000000001
17,123,3509.125,878.3000000000001,32.21391891891892,74,0,3499.75,3529.75,3518.5,3488.5,853.3000000000001,903.3000000000001
17,124,3539.125,878.3000000000001,19.295370370370367,108,0,3529.75,3559.75,3548.5,3518.5,853.3000000000001,903.3000000000001
17,125,3569.125,878.3000000000001,31.88653333333333,75,0,3559.75,3589.75,3578.5,3548.5,853.3000000000001,903.3000000000001
17,126,3599.125,878.3000000000001,33.86493827160495,81,0,3589.75,3619.75,3608.5,3578.5,853.3000000000001,903.3000000000001
17,127,3629.125,878.3000000000001,15.060357142857137,112,0,3619.75,3649.75,3638.5,3608.5,853.3000000000001,903.3000000000001
17,128,3659.125,878.3000000000001,18.91040000000001,75,0,3649.75,3679.75,3668.5,3638.5,853.3000000000001,903.3000000000001
17,129,3689.125,878.3000000000001,31.155312500000008,64,0,3679.75,3709.75,3698.5,3668.5,853.3000000000001,903.3000000000001
17,130,3719.125,878.3000000000001,32.663333333333334,3,0,3709.75,3739.75,3728.5,3698.5,853.3000000000001,903.3000000000001
17,131,3749.125,878.3000000000001,,0,0,3739.75,3769.75,3758.5,3728.5,853.3000000000001,903.3000000000001
17,132,3779.125,878.3000000000001,,0,0,3769.75,3799.75,3788.5,3758.5,853.3000000000001,903.3000000000001
17,133,3809.125,878.3000000000001,,0,0,3799.75,3829.75,3818.5,3788.5,853.3000000000001,903.3000000000001
18,6,-12.125,928.3000000000001,74.1,1,0,-21.5,8.5,-2.75,-32.75,903.3000000000001,953.3000000000001
18,7,17.875,928.3000000000001,63.6005,20,0,8.5,38.5,27.25,-2.75,903.3000000000001,953.3000000000001
18,8,47.875,928.3000000000001,66.55318181818181,22,0,38.5,68.5,57.25,27.25,903.3000000000001,953.3000000000001
18,9,77.875,928.3000000000001,72.32,13,0,68.5,98.5,87.25,57.25,903.3000000000001,953.3000000000001
18,10,107.875,928.3000000000001,74.30090909090909,11,0,98.5,128.5,117.25,87.25,903.3000000000001,953.3000000000001
18,11,137.875,928.3000000000001,55.43038461538462,52,0,128.5,158.5,147.25,117.25,903.3000000000001,953.3000000000001
18,12,167.875,928.3000000000001,66.4503448275862,29,0,158.5,188.5,177.25,147.25,903.3000000000001,953.3000000000001
18,13,197.875,928.3000000000001,68.62793103448277,29,0,188.5,218.5,207.25,177.25,903.3000000000001,953.3000000000001
18,14,227.875,928.3000000000001,72.30250000000001,16,0,218.5,248.5,237.25,207.25,903.3000000000001,953.3000000000001
18,15,257.875,928.3000000000001,72.18826086956521,23,0,248.5,278.5,267.25,237.25,903.3000000000001,953.3000000000001
18,16,287.875,928.3000000000001,61.316388888888895,24,0,278.5,308.5,297.25,267.25,903.3000000000001,953.3000000000001
18,17,317.875,928.3000000000001,64.995,14,0,308.5,338.5,327.25,297.25,903.3000000000001,953.3000000000001
18,18,347.875,928.3000000000001,63.550000000000004,14,0,338.5,368.5,357.25,327.25,903.3000000000001,953.3000000000001
18,19,377.875,928.3000000000001,73.39666666666666,9,0,368.5,398.5,387.25,357.25,903.3000000000001,953.3000000000001
18,20,407.875,928.3000000000001,71.66545454545454,11,0,398.5,428.5,417.25,387.25,903.3000000000001,953.3000000000001
18,21,437.875,928.3000000000001,55.74419354838711,31,0,428.5,458.5,447.25,417.25,903.3000000000001,953.3000000000001
18,22,467.875,928.3000000000001,58.78513513513514,37,0,458.5,488.5,477.25,447.25,903.3000000000001,953.3000000000001
18,23,497.875,928.3000000000001,58.1390909090909,22,0,488.5,518.5,507.25,477.25,903.3000000000001,953.3000000000001
18,24,527.875,928.3000000000001,59.51257142857143,35,0,518.5,548.5,537.25,507.25,903.3000000000001,953.3000000000001
18,25,557.875,928.3000000000001,62.28888888888888,36,0,548.5,578.5,567.25,537.25,903.3000000000001,953.3000000000001
18,26,587.875,928.3000000000001,60.2096875,32,0,578.5,608.5,597.25,567.25,903.3000000000001,953.3000000000001
18,27,617.875,928.3000000000001,60.469761904761924,42,0,608.5,638.5,627.25,597.25,903.3000000000001,953.3000000000001
18,28,647.875,928.3000000000001,57.25548387096774,31,0,638.5,668.5,657.25,627.25,903.3000000000001,953.3000000000001
18,29,677.875,928.3000000000001,57.33904761904761,42,0,668.5,698.5,687.25,657.25,903.3000000000001,953.3000000000001
18,30,707.875,928.3000000000001,69.19294117647057,17,0,698.5,728.5,717.25,687.25,903.3000000000001,953.3000000000001
18,31,737.875,928.3000000000001,55.536874999999974,32,0,728.5,758.5,747.25,717.25,903.3000000000001,953.3000000000001
18,32,767.875,928.3000000000001,56.465,44,0,758.5,788.5,777.25,747.25,903.3000000000001,953.3000000000001
18,33,797.875,928.3000000000001,60.99941176470588,17,0,788.5,818.5,807.25,777.25,903.3000000000001,953.3000000000001
18,34,827.875,928.3000000000001,60.89976190476192,42,0,818.5,848.5,837.25,807.25,903.3000000000001,953.3000000000001
18,35,857.875,928.3000000000001,63.358571428571445,35,0,848.5,878.5,867.25,837.25,903.3000000000001,953.3000000000001
18,36,887.875,928.3000000000001,64.08315789473683,38,0,878.5,908.5,897.25,867.25,903.3000000000001,953.3000000000001
18,37,917.875,928.3000000000001,57.9441935483871,31,0,908.5,938.5,927.25,897.25,903.3000000000001,953.3000000000001
18,38,947.875,928.3000000000001,44.83509803921568,51,0,938.5,968.5,957.25,927.25,903.3000000000001,953.3000000000001
18,39,977.875,928.3000000000001,47.710416666666674,48,0,968.5,998.5,987.25,957.25,903.3000000000001,953.3000000000001
18,40,1007.875,928.3000000000001,59.321111111111115,27,0,998.5,1028.5,1017.25,987.25,903.3000000000001,953.3000000000001
18,41,1037.875,928.3000000000001,55.48166666666667,36,0,1028.5,1058.5,1047.25,1017.25,903.3000000000001,953.3000000000001
18,42,1067.875,928.3000000000001,53.49550000000001,40,0,1058.5,1088.5,1077.25,1047.25,903.3000000000001,953.3000000000001
18,43,1097.875,928.3000000000001,49.04192307692309,52,0,1088.5,1118.5,1107.25,1077.25,903.3000000000001,953.3000000000001
18,44,1127.875,928.3000000000001,44.165156249999995,64,0,1118.5,1148.5,1137.25,1107.25,903.3000000000001,953.3000000000001
18,45,1157.875,928.3000000000001,46.69208333333333,48,0,1148.5,1178.5,1167.25,1137.25,903.3000000000001,953.3000000000001
18,46,1187.875,928.3000000000001,49.38155555555556,30,0,1178.5,1208.5,1197.25,1167.25,903.3000000000001,953.3000000000001
18,47,1217.875,928.3000000000001,50.00205128205128,39,0,1208.5,1238.5,1227.25,1197.25,903.3000000000001,953.3000000000001
18,48,1247.875,928.3000000000001,46.784285714285716,42,0,1238.5,1268.5,1257.25,1227.25,903.3000000000001,953.3000000000001
18,49,1277.875,928.3000000000001,38.85765624999999,64,0,1268.5,1298.5,1287.25,1257.25,903.3000000000001,953.3000000000001
18,50,1307.875,928.3000000000001,40.45562499999999,48,0,1298.5,1328.5,1317.25,1287.25,903.3000000000001,953.3000000000001
18,51,1337.875,928.3000000000001,38.391864406779646,59,0,1328.5,1358.5,1347.25,1317.25,903.3000000000001,953.3000000000001
18,52,1367.875,928.3000000000001,45.608833333333344,60,0,1358.5,1388.5,1377.25,1347.25,903.3000000000001,953.3000000000001
18,53,1397.875,928.3000000000001,46.08333333333332,45,0,1388.5,1418.5,1407.25,1377.25,903.3000000000001,953.3000000000001
18,54,1427.875,928.3000000000001,42.896875,48,0,1418.5,1448.5,1437.25,1407.25,903.3000000000001,953.3000000000001
18,55,1457.875,928.3000000000001,37.686603773584906,53,0,1448.5,1478.5,1467.25,1437.25,903.3000000000001,953.3000000000001
18,56,1487.875,928.3000000000001,42.04210526315789,57,0,1478.5,1508.5,1497.25,1467.25,903.3000000000001,953.3000000000001
18,57,1517.875,928.3000000000001,48.08522727272727,44,0,1508.5,1538.5,1527.25,1497.25,903.3000000000001,953.3000000000001
18,58,1547.875,928.3000000000001,51.383749999999985,48,0,1538.5,1568.5,1557.25,1527.25,903.3000000000001,953.3000000000001
18,59,1577.875,928.3000000000001,48.16326086956522,46,0,1568.5,1598.5,1587.25,1557.25,903.3000000000001,953.3000000000001
18,60,1607.875,928.3000000000001,47.24722222222222,54,0,1598.5,1628.5,1617.25,1587.25,903.3000000000001,953.3000000000001
18,61,1637.875,928.3000000000001,49.68022727272727,44,0,1628.5,1658.5,1647.25,1617.25,903.3000000000001,953.3000000000001
18,62,1667.875,928.3000000000001,48.7355319148936,47,0,1658.5,1688.5,1677.25,1647.25,903.3000000000001,953.3000000000001
18,63,1697.875,928.3000000000001,38.56872727272728,55,0,1688.5,1718.5,1707.25,1677.25,903.3000000000001,953.3000000000001
18,64,1727.875,928.3000000000001,42.607708333333335,48,0,1718.5,1748.5,1737.25,1707.25,903.3000000000001,953.3000000000001
18,65,1757.875,928.3000000000001,39.08434782608695,46,0,1748.5,1778.5,1767.25,1737.25,903.3000000000001,953.3000000000001
18,66,1787.875,928.3000000000001,38.76305084745763,59,0,1778.5,1808.5,1797.25,1767.25,903.3000000000001,953.3000000000001
18,67,1817.875,928.3000000000001,42.80000000000001,49,0,1808.5,1838.5,1827.25,1797.25,903.3000000000001,953.3000000000001
18,68,1847.875,928.3000000000001,37.79571428571429,49,0,1838.5,1868.5,1857.25,1827.25,903.3000000000001,953.3000000000001
18,69,1877.875,928.3000000000001,30.60660377358491,53,0,1868.5,1898.5,1887.25,1857.25,903.3000000000001,953.3000000000001
18,70,1907.875,928.3000000000001,29.457962962962956,54,0,1898.5,1928.5,1917.25,1887.25,903.3000000000001,953.3000000000001
18,71,1937.875,928.3000000000001,31.490000000000006,57,0,1928.5,1958.5,1947.25,1917.25,903.3000000000001,953.3000000000001
18,72,1967.875,928.3000000000001,30.506290322580643,62,0,1958.5,1988.5,1977.25,1947.25,903.3000000000001,953.3000000000001
18,73,1997.875,928.3000000000001,32.54714285714285,56,0,1988.5,2018.5,2007.25,1977.25,903.3000000000001,953.3000000000001
18,74,2027.875,928.3000000000001,34.88854166666666,48,0,2018.5,2048.5,2037.25,2007.25,903.3000000000001,953.3000000000001
18,75,2057.875,928.3000000000001,34.93636363636363,55,0,2048.5,2078.5,2067.25,2037.25,903.3000000000001,953.3000000000001
18,76,2087.875,928.3000000000001,32.107213114754096,61,0,2078.5,2108.5,2097.25,2067.25,903.3000000000001,953.3000000000001
18,77,2117.875,928.3000000000001,20.742749999999994,80,0,2108.5,2138.5,2127.25,2097.25,903.3000000000001,953.3000000000001
18,78,2147.875,928.3000000000001,27.58653846153847,52,0,2138.5,2168.5,2157.25,2127.25,903.3000000000001,953.3000000000001
18,79,2177.875,928.3000000000001,23.14014084507043,71,0,2168.5,2198.5,2187.25,2157.25,903.3000000000001,953.3000000000001
18,80,2207.875,928.3000000000001,25.51272727272727,66,0,2198.5,2228.5,2217.25,2187.25,903.3000000000001,953.3000000000001
18,81,2237.875,928.3000000000001,27.92597402597402,77,0,2228.5,2258.5,2247.25,2217.25,903.3000000000001,953.3000000000001
18,82,2267.875,928.3000000000001,19.74829787234043,94,0,2258.5,2288.5,2277.25,2247.25,903.3000000000001,953.3000000000001
18,83,2297.875,928.3000000000001,17.52380000000001,100,0,2288.5,2318.5,2307.25,2277.25,903.3000000000001,953.3000000000001
18,84,2327.875,928.3000000000001,12.449133858267716,127,0,2318.5,2348.5,2337.25,2307.25,903.3000000000001,953.3000000000001
18,85,2357.875,928.3000000000001,19.109866666666655,75,0,2348.5,2378.5,2367.25,2337.25,903.3000000000001,953.3000000000001
18,86,2387.875,928.3000000000001,22.755735294117645,68,0,2378.5,2408.5,2397.25,2367.25,903.3000000000001,953.3000000000001
18,87,2417.875,928.3000000000001,22.160919540229884,87,0,2408.5,2438.5,2427.25,2397.25,903.3000000000001,953.3000000000001
18,88,2447.875,928.3000000000001,23.90161290322582,93,0,2438.5,2468.5,2457.25,2427.25,903.3000000000001,953.3000000000001
18,89,2477.875,928.3000000000001,32.35981818181818,55,0,2468.5,2498.5,2487.25,2457.25,903.3000000000001,953.3000000000001
18,90,2507.875,928.3000000000001,39.620217391304344,46,0,2498.5,2528.5,2517.25,2487.25,903.3000000000001,953.3000000000001
18,91,2537.875,928.3000000000001,38.22450980392157,51,0,2528.5,2558.5,2547.25,2517.25,903.3000000000001,953.3000000000001
18,92,2567.875,928.3000000000001,36.674807692307695,52,0,2558.5,2588.5,2577.25,2547.25,903.3000000000001,953.3000000000001
18,93,2597.875,928.3000000000001,31.177012987012983,77,0,2588.5,2618.5,2607.25,2577.25,903.3000000000001,953.3000000000001
18,94,2627.875,928.3000000000001,20.780000000000005,67,0,2618.5,2648.5,2637.25,2607.25,903.3000000000001,953.3000000000001
18,95,2657.875,928.3000000000001,27.324857142857155,70,0,2648.5,2678.5,2667.25,2637.25,903.3000000000001,953.3000000000001
18,96,2687.875,928.3000000000001,28.1237037037037,54,0,2678.5,2708.5,2697.25,2667.25,903.3000000000001,953.3000000000001
18,97,2717.875,928.3000000000001,28.7634375,64,0,2708.5,2738.5,2727.25,2697.25,903.3000000000001,953.3000000000001
18,98,2747.875,928.3000000000001,33.58864406779661,59,0,2738.5,2768.5,2757.25,2727.25,903.3000000000001,953.3000000000001
18,99,2777.875,928.3000000000001,30.164861111111115,72,0,2768.5,2798.5,2787.25,2757.25,903.3000000000001,953.3000000000001
18,100,2807.875,928.3000000000001,24.360147058823532,68,0,2798.5,2828.5,2817.25,2787.25,903.3000000000001,953.3000000000001
18,101,2837.875,928.3000000000001,34.90782608695653,46,0,2828.5,2858.5,2847.25,2817.25,903.3000000000001,953.3000000000001
18,102,2867.875,928.3000000000001,36.77729166666666,48,0,2858.5,2888.5,2877.25,2847.25,903.3000000000001,953.3000000000001
18,103,2897.875,928.3000000000001,38.718545454545456,55,0,2888.5,2918.5,2907.25,2877.25,903.3000000000001,953.3000000000001
18,104,2927.875,928.3000000000001,33.428730158730154,63,0,2918.5,2948.5,2937.25,2907.25,903.3000000000001,953.3000000000001
18,105,2957.875,928.3000000000001,35.25758620689655,58,0,2948.5,2978.5,2967.25,2937.25,903.3000000000001,953.3000000000001
18,106,2987.875,928.3000000000001,38.44080645161291,62,0,2978.5,3008.5,2997.25,2967.25,903.3000000000001,953.3000000000001
18,107,3017.875,928.3000000000001,32.33966101694915,59,0,3008.5,3038.5,3027.25,2997.25,903.3000000000001,953.3000000000001
18,108,3047.875,928.3000000000001,25.097659574468082,94,0,3038.5,3068.5,3057.25,3027.25,903.3000000000001,953.3000000000001
18,109,3077.875,928.3000000000001,33.617543859649125,57,0,3068.5,3098.5,3087.25,3057.25,903.3000000000001,953.3000000000001
18,110,3107.875,928.3000000000001,41.631764705882354,34,0,3098.5,3128.5,3117.25,3087.25,903.3000000000001,953.3000000000001
18,111,3137.875,928.3000000000001,37.59559999999999,50,0,3128.5,3158.5,3147.25,3117.25,903.3000000000001,953.3000000000001
18,112,3167.875,928.3000000000001,31.463076923076926,52,0,3158.5,3188.5,3177.25,3147.25,903.3000000000001,953.3000000000001
18,113,3197.875,928.3000000000001,26.069135802469134,81,0,3188.5,3218.5,3207.25,3177.25,903.3000000000001,953.3000000000001
18,114,3227.875,928.3000000000001,17.57816326530613,98,0,3218.5,3248.5,3237.25,3207.25,903.3000000000001,953.3000000000001
18,115,3257.875,928.3000000000001,17.647659574468083,94,0,3248.5,3278.5,3267.25,3237.25,903.3000000000001,953.3000000000001
18,116,3287.875,928.3000000000001,23.28164705882353,85,0,3278.5,3308.5,3297.25,3267.25,903.3000000000001,953.3000000000001
18,117,3317.875,928.3000000000001,14.061666666666664,108,0,3308.5,3338.5,3327.25,3297.25,903.3000000000001,953.3000000000001
18,118,3347.875,928.3000000000001,13.955948275862074,116,0,3338.5,3368.5,3357.25,3327.25,903.3000000000001,953.3000000000001
18,119,3377.875,928.3000000000001,17.61136363636363,88,0,3368.5,3398.5,3387.25,3357.25,903.3000000000001,953.3000000000001
18,120,3407.875,928.3000000000001,21.07364583333334,96,0,3398.5,3428.5,3417.25,3387.25,903.3000000000001,953.3000000000001
18,121,3437.875,928.3000000000001,26.423098591549294,71,0,3428.5,3458.5,3447.25,3417.25,903.3000000000001,953.3000000000001
18,122,3467.875,928.3000000000001,26.34243243243244,74,0,3458.5,3488.5,3477.25,3447.25,903.3000000000001,953.3000000000001
18,123,3497.875,928.3000000000001,23.61351063829788,94,0,3488.5,3518.5,3507.25,3477.25,903.3000000000001,953.3000000000001
18,124,3527.875,928.3000000000001,17.0245918367347,98,0,3518.5,3548.5,3537.25,3507.25,903.3000000000001,953.3000000000001
18,125,3557.875,928.3000000000001,28.045714285714293,84,0,3548.5,3578.5,3567.25,3537.25,903.3000000000001,953.3000000000001
18,126,3587.875,928.3000000000001,29.40602739726027,73,0,3578.5,3608.5,3597.25,3567.25,903.3000000000001,953.3000000000001
18,127,3617.875,928.3000000000001,17.82352083333334,120,0,3608.5,3638.5,3627.25,3597.25,903.3000000000001,953.3000000000001
18,128,3647.875,928.3000000000001,18.55426666666667,75,0,3638.5,3668.5,3657.25,3627.25,903.3000000000001,953.3000000000001
18,129,3677.875,928.3000000000001,29.021754385964908,57,0,3668.5,3698.5,3687.25,3657.25,903.3000000000001,953.3000000000001
18,130,3707.875,928.3000000000001,32.02294117647058,34,0,3698.5,3728.5,3717.25,3687.25,903.3000000000001,953.3000000000001
18,131,3737.875,928.3000000000001,,0,0,3728.5,3758.5,3747.25,3717.25,903.3000000000001,953.3000000000001
18,132,3767.875,928.3000000000001,,0,0,3758.5,3788.5,3777.25,3747.25,903.3000000000001,953.3000000000001
18,133,3797.875,928.3000000000001,,0,0,3788.5,3818.5,3807.25,3777.25,903.3000000000001,953.3000000000001
18,134,3827.875,928.3000000000001,,0,0,3818.5,3848.5,3837.25,3807.25,903.3000000000001,953.3000000000001
19,7,6.625,978.3000000000001,62.73846153846153,13,0,-2.75,27.25,16.0,-14.0,953.3000000000001,1003.3000000000001
19,8,36.625,978.3000000000001,63.564285714285724,21,0,27.25,57.25,46.0,16.0,953.3000000000001,1003.3000000000001
19,9,66.625,978.3000000000001,66.93166666666667,18,0,57.25,87.25,76.0,46.0,953.3000000000001,1003.3000000000001
19,10,96.625,978.3000000000001,72.82083333333334,12,0,87.25,117.25,106.0,76.0,953.3000000000001,1003.3000000000001
19,11,126.625,978.3000000000001,55.40000000000001,30,0,117.25,147.25,136.0,106.0,953.3000000000001,1003.3000000000001
19,12,156.625,978.3000000000001,58.24333333333332,42,0,147.25,177.25,166.0,136.0,953.3000000000001,1003.3000000000001
19,13,186.625,978.3000000000001,66.52058823529414,34,0,177.25,207.25,196.0,166.0,953.3000000000001,1003.3000000000001
19,14,216.625,978.3000000000001,70.216,15,0,207.25,237.25,226.0,196.0,953.3000000000001,1003.3000000000001
19,15,246.625,978.3000000000001,68.87032258064515,31,0,237.25,267.25,256.0,226.0,953.3000000000001,1003.3000000000001
19,16,276.625,978.3000000000001,68.88823529411764,17,0,267.25,297.25,286.0,256.0,953.3000000000001,1003.3000000000001
19,17,306.625,978.3000000000001,62.92079999999998,25,0,297.25,327.25,316.0,286.0,953.3000000000001,1003.3000000000001
19,18,336.625,978.3000000000001,60.839999999999996,17,0,327.25,357.25,346.0,316.0,953.3000000000001,1003.3000000000001
19,19,366.625,978.3000000000001,71.68400000000001,10,0,357.25,387.25,376.0,346.0,953.3000000000001,1003.3000000000001
19,20,396.625,978.3000000000001,66.02636363636366,11,0,387.25,417.25,406.0,376.0,953.3000000000001,1003.3000000000001
19,21,426.625,978.3000000000001,64.69642857142857,14,0,417.25,447.25,436.0,406.0,953.3000000000001,1003.3000000000001
19,22,456.625,978.3000000000001,54.21279069767442,43,0,447.25,477.25,466.0,436.0,953.3000000000001,1003.3000000000001
19,23,486.625,978.3000000000001,58.87586206896551,29,0,477.25,507.25,496.0,466.0,953.3000000000001,1003.3000000000001
19,24,516.625,978.3000000000001,56.95657894736842,38,0,507.25,537.25,526.0,496.0,953.3000000000001,1003.3000000000001
19,25,546.625,978.3000000000001,59.68322580645161,31,0,537.25,567.25,556.0,526.0,953.3000000000001,1003.3000000000001
19,26,576.625,978.3000000000001,60.28764705882354,34,0,567.25,597.25,586.0,556.0,953.3000000000001,1003.3000000000001
19,27,606.625,978.3000000000001,58.18073170731707,41,0,597.25,627.25,616.0,586.0,953.3000000000001,1003.3000000000001
19,28,636.625,978.3000000000001,61.63322580645162,31,0,627.25,657.25,646.0,616.0,953.3000000000001,1003.3000000000001
19,29,666.625,978.3000000000001,54.63673913043479,46,0,657.25,687.25,676.0,646.0,953.3000000000001,1003.3000000000001
19,30,696.625,978.3000000000001,61.6524,25,0,687.25,717.25,706.0,676.0,953.3000000000001,1003.3000000000001
19,31,726.625,978.3000000000001,63.040769230769236,13,0,717.25,747.25,736.0,706.0,953.3000000000001,1003.3000000000001
19,32,756.625,978.3000000000001,53.580192307692315,52,0,747.25,777.25,766.0,736.0,953.3000000000001,1003.3000000000001
19,33,786.625,978.3000000000001,59.48392857142857,28,0,777.25,807.25,796.0,766.0,953.3000000000001,1003.3000000000001
19,34,816.625,978.3000000000001,57.93333333333332,30,0,807.25,837.25,826.0,796.0,953.3000000000001,1003.3000000000001
19,35,846.625,978.3000000000001,60.442749999999975,40,0,837.25,867.25,856.0,826.0,953.3000000000001,1003.3000000000001
19,36,876.625,978.3000000000001,62.83974358974359,39,0,867.25,897.25,886.0,856.0,953.3000000000001,1003.3000000000001
19,37,906.625,978.3000000000001,55.10380952380954,42,0,897.25,927.25,916.0,886.0,953.3000000000001,1003.3000000000001
19,38,936.625,978.3000000000001,49.99783783783784,37,0,927.25,957.25,946.0,916.0,953.3000000000001,1003.3000000000001
19,39,966.625,978.3000000000001,50.24318181818182,44,0,957.25,987.25,976.0,946.0,953.3000000000001,1003.3000000000001
19,40,996.625,978.3000000000001,54.181052631578964,38,0,987.25,1017.25,1006.0,976.0,953.3000000000001,1003.3000000000001
19,41,1026.625,978.3000000000001,55.719166666666666,36,0,1017.25,1047.25,1036.0,1006.0,953.3000000000001,1003.3000000000001
19,42,1056.625,978.3000000000001,53.021627906976754,43,0,1047.25,1077.25,1066.0,1036.0,953.3000000000001,1003.3000000000001
19,43,1086.625,978.3000000000001,52.50479166666667,48,0,1077.25,1107.25,1096.0,1066.0,953.3000000000001,1003.3000000000001
19,44,1116.625,978.3000000000001,40.880307692307696,65,0,1107.25,1137.25,1126.0,1096.0,953.3000000000001,1003.3000000000001
19,45,1146.625,978.3000000000001,38.92013157894739,76,0,1137.25,1167.25,1156.0,1126.0,953.3000000000001,1003.3000000000001
19,46,1176.625,978.3000000000001,45.25909090909091,22,0,1167.25,1197.25,1186.0,1156.0,953.3000000000001,1003.3000000000001
19,47,1206.625,978.3000000000001,50.41641025641026,39,0,1197.25,1227.25,1216.0,1186.0,953.3000000000001,1003.3000000000001
19,48,1236.625,978.3000000000001,47.95977272727273,44,0,1227.25,1257.25,1246.0,1216.0,953.3000000000001,1003.3000000000001
19,49,1266.625,978.3000000000001,40.3609090909091,44,0,1257.25,1287.25,1276.0,1246.0,953.3000000000001,1003.3000000000001
19,50,1296.625,978.3000000000001,38.42112903225808,62,0,1287.25,1317.25,1306.0,1276.0,953.3000000000001,1003.3000000000001
19,51,1326.625,978.3000000000001,37.629464285714285,56,0,1317.25,1347.25,1336.0,1306.0,953.3000000000001,1003.3000000000001
19,52,1356.625,978.3000000000001,42.3106896551724,58,0,1347.25,1377.25,1366.0,1336.0,953.3000000000001,1003.3000000000001
19,53,1386.625,978.3000000000001,45.48508474576271,59,0,1377.25,1407.25,1396.0,1366.0,953.3000000000001,1003.3000000000001
19,54,1416.625,978.3000000000001,40.99739130434782,46,0,1407.25,1437.25,1426.0,1396.0,953.3000000000001,1003.3000000000001
19,55,1446.625,978.3000000000001,40.3930612244898,49,0,1437.25,1467.25,1456.0,1426.0,953.3000000000001,1003.3000000000001
19,56,1476.625,978.3000000000001,40.50333333333333,45,0,1467.25,1497.25,1486.0,1456.0,953.3000000000001,1003.3000000000001
19,57,1506.625,978.3000000000001,47.123541666666675,48,0,1497.25,1527.25,1516.0,1486.0,953.3000000000001,1003.3000000000001
19,58,1536.625,978.3000000000001,51.10219512195121,41,0,1527.25,1557.25,1546.0,1516.0,953.3000000000001,1003.3000000000001
19,59,1566.625,978.3000000000001,51.20044444444446,45,0,1557.25,1587.25,1576.0,1546.0,953.3000000000001,1003.3000000000001
19,60,1596.625,978.3000000000001,48.643488372093024,43,0,1587.25,1617.25,1606.0,1576.0,953.3000000000001,1003.3000000000001
19,61,1626.625,978.3000000000001,49.01326530612245,49,0,1617.25,1647.25,1636.0,1606.0,953.3000000000001,1003.3000000000001
19,62,1656.625,978.3000000000001,50.035555555555554,45,0,1647.25,1677.25,1666.0,1636.0,953.3000000000001,1003.3000000000001
19,63,1686.625,978.3000000000001,38.186271186440685,59,0,1677.25,1707.25,1696.0,1666.0,953.3000000000001,1003.3000000000001
19,64,1716.625,978.3000000000001,40.9077358490566,53,0,1707.25,1737.25,1726.0,1696.0,953.3000000000001,1003.3000000000001
19,65,1746.625,978.3000000000001,40.728750000000005,40,0,1737.25,1767.25,1756.0,1726.0,953.3000000000001,1003.3000000000001
19,66,1776.625,978.3000000000001,35.07241935483871,62,0,1767.25,1797.25,1786.0,1756.0,953.3000000000001,1003.3000000000001
19,67,1806.625,978.3000000000001,39.745200000000004,50,0,1797.25,1827.25,1816.0,1786.0,953.3000000000001,1003.3000000000001
19,68,1836.625,978.3000000000001,40.738181818181815,55,0,1827.25,1857.25,1846.0,1816.0,953.3000000000001,1003.3000000000001
19,69,1866.625,978.3000000000001,30.762187500000003,64,0,1857.25,1887.25,1876.0,1846.0,953.3000000000001,1003.3000000000001
19,70,1896.625,978.3000000000001,21.286666666666658,75,0,1887.25,1917.25,1906.0,1876.0,953.3000000000001,1003.3000000000001
19,71,1926.625,978.3000000000001,29.39820895522388,67,0,1917.25,1947.25,1936.0,1906.0,953.3000000000001,1003.3000000000001
19,72,1956.625,978.3000000000001,32.25716417910449,67,0,1947.25,1977.25,1966.0,1936.0,953.3000000000001,1003.3000000000001
19,73,1986.625,978.3000000000001,30.919696969696975,66,0,1977.25,2007.25,1996.0,1966.0,953.3000000000001,1003.3000000000001
19,74,2016.625,978.3000000000001,29.7272340425532,47,0,2007.25,2037.25,2026.0,1996.0,953.3000000000001,1003.3000000000001
19,75,2046.625,978.3000000000001,30.105125000000022,80,0,2037.25,2067.25,2056.0,2026.0,953.3000000000001,1003.3000000000001
19,76,2076.625,978.3000000000001,17.239504950495053,101,0,2067.25,2097.25,2086.0,2056.0,953.3000000000001,1003.3000000000001
19,77,2106.625,978.3000000000001,15.283706896551722,116,0,2097.25,2127.25,2116.0,2086.0,953.3000000000001,1003.3000000000001
19,78,2136.625,978.3000000000001,19.438441558441557,77,0,2127.25,2157.25,2146.0,2116.0,953.3000000000001,1003.3000000000001
19,79,2166.625,978.3000000000001,20.616162790697675,86,0,2157.25,2187.25,2176.0,2146.0,953.3000000000001,1003.3000000000001
19,80,2196.625,978.3000000000001,24.25849315068492,73,0,2187.25,2217.25,2206.0,2176.0,953.3000000000001,1003.3000000000001
19,81,2226.625,978.3000000000001,26.602289156626494,83,0,2217.25,2247.25,2236.0,2206.0,953.3000000000001,1003.3000000000001
19,82,2256.625,978.3000000000001,18.779607843137246,102,0,2247.25,2277.25,2266.0,2236.0,953.3000000000001,1003.3000000000001
19,83,2286.625,978.3000000000001,17.968369565217394,92,0,2277.25,2307.25,2296.0,2266.0,953.3000000000001,1003.3000000000001
19,84,2316.625,978.3000000000001,13.532710280373834,107,0,2307.25,2337.25,2326.0,2296.0,953.3000000000001,1003.3000000000001
19,85,2346.625,978.3000000000001,18.56092857142857,80,0,2337.25,2367.25,2356.0,2326.0,953.3000000000001,1003.3000000000001
19,86,2376.625,978.3000000000001,19.918588235294123,85,0,2367.25,2397.25,2386.0,2356.0,953.3000000000001,1003.3000000000001
19,87,2406.625,978.3000000000001,20.4225,88,0,2397.25,2427.25,2416.0,2386.0,953.3000000000001,1003.3000000000001
19,88,2436.625,978.3000000000001,22.689529411764706,85,0,2427.25,2457.25,2446.0,2416.0,953.3000000000001,1003.3000000000001
19,89,2466.625,978.3000000000001,26.253152173913055,92,0,2457.25,2487.25,2476.0,2446.0,953.3000000000001,1003.3000000000001
19,90,2496.625,978.3000000000001,29.998333333333335,72,0,2487.25,2517.25,2506.0,2476.0,953.3000000000001,1003.3000000000001
19,91,2526.625,978.3000000000001,36.948431372549024,51,0,2517.25,2547.25,2536.0,2506.0,953.3000000000001,1003.3000000000001
19,92,2556.625,978.3000000000001,34.04478260869564,69,0,2547.25,2577.25,2566.0,2536.0,953.3000000000001,1003.3000000000001
19,93,2586.625,978.3000000000001,22.26075471698114,106,0,2577.25,2607.25,2596.0,2566.0,953.3000000000001,1003.3000000000001
19,94,2616.625,978.3000000000001,15.71277227722773,101,0,2607.25,2637.25,2626.0,2596.0,953.3000000000001,1003.3000000000001
19,95,2646.625,978.3000000000001,26.443970588235285,68,0,2637.25,2667.25,2656.0,2626.0,953.3000000000001,1003.3000000000001
19,96,2676.625,978.3000000000001,32.97903225806453,62,0,2667.25,2697.25,2686.0,2656.0,953.3000000000001,1003.3000000000001
19,97,2706.625,978.3000000000001,34.13339622641509,53,0,2697.25,2727.25,2716.0,2686.0,953.3000000000001,1003.3000000000001
19,98,2736.625,978.3000000000001,31.417887323943663,71,0,2727.25,2757.25,2746.0,2716.0,953.3000000000001,1003.3000000000001
19,99,2766.625,978.3000000000001,25.130217391304342,92,0,2757.25,2787.25,2776.0,2746.0,953.3000000000001,1003.3000000000001
19,100,2796.625,978.3000000000001,17.76909090909091,110,0,2787.25,2817.25,2806.0,2776.0,953.3000000000001,1003.3000000000001
19,101,2826.625,978.3000000000001,27.142749999999996,80,0,2817.25,2847.25,2836.0,2806.0,953.3000000000001,1003.3000000000001
19,102,2856.625,978.3000000000001,34.40196428571428,56,0,2847.25,2877.25,2866.0,2836.0,953.3000000000001,1003.3000000000001
19,103,2886.625,978.3000000000001,36.928867924528305,53,0,2877.25,2907.25,2896.0,2866.0,953.3000000000001,1003.3000000000001
19,104,2916.625,978.3000000000001,25.375588235294117,102,0,2907.25,2937.25,2926.0,2896.0,953.3000000000001,1003.3000000000001
19,105,2946.625,978.3000000000001,30.035921052631586,76,0,2937.25,2967.25,2956.0,2926.0,953.3000000000001,1003.3000000000001
19,106,2976.625,978.3000000000001,30.2048717948718,78,0,2967.25,2997.25,2986.0,2956.0,953.3000000000001,1003.3000000000001
19,107,3006.625,978.3000000000001,28.18272727272728,88,0,2997.25,3027.25,3016.0,2986.0,953.3000000000001,1003.3000000000001
19,108,3036.625,978.3000000000001,20.3227380952381,84,0,3027.25,3057.25,3046.0,3016.0,953.3000000000001,1003.3000000000001
19,109,3066.625,978.3000000000001,29.2132142857143,84,0,3057.25,3087.25,3076.0,3046.0,953.3000000000001,1003.3000000000001
19,110,3096.625,978.3000000000001,36.816428571428574,56,0,3087.25,3117.25,3106.0,3076.0,953.3000000000001,1003.3000000000001
19,111,3126.625,978.3000000000001,32.12254545454545,55,0,3117.25,3147.25,3136.0,3106.0,953.3000000000001,1003.3000000000001
19,112,3156.625,978.3000000000001,29.232456140350884,57,0,3147.25,3177.25,3166.0,3136.0,953.3000000000001,1003.3000000000001
19,113,3186.625,978.3000000000001,23.122954545454547,88,0,3177.25,3207.25,3196.0,3166.0,953.3000000000001,1003.3000000000001
19,114,3216.625,978.3000000000001,13.459075630252102,119,0,3207.25,3237.25,3226.0,3196.0,953.3000000000001,1003.3000000000001
19,115,3246.625,978.3000000000001,16.734158415841584,101,0,3237.25,3267.25,3256.0,3226.0,953.3000000000001,1003.3000000000001
19,116,3276.625,978.3000000000001,19.541666666666668,102,0,3267.25,3297.25,3286.0,3256.0,953.3000000000001,1003.3000000000001
19,117,3306.625,978.3000000000001,12.158153846153844,130,0,3297.25,3327.25,3316.0,3286.0,953.3000000000001,1003.3000000000001
19,118,3336.625,978.3000000000001,12.937403846153842,104,0,3327.25,3357.25,3346.0,3316.0,953.3000000000001,1003.3000000000001
19,119,3366.625,978.3000000000001,12.497611940298505,134,0,3357.25,3387.25,3376.0,3346.0,953.3000000000001,1003.3000000000001
19,120,3396.625,978.3000000000001,18.63755102040816,98,0,3387.25,3417.25,3406.0,3376.0,953.3000000000001,1003.3000000000001
19,121,3426.625,978.3000000000001,23.99441860465116,86,0,3417.25,3447.25,3436.0,3406.0,953.3000000000001,1003.3000000000001
19,122,3456.625,978.3000000000001,24.4869696969697,66,0,3447.25,3477.25,3466.0,3436.0,953.3000000000001,1003.3000000000001
19,123,3486.625,978.3000000000001,22.16941176470588,102,0,3477.25,3507.25,3496.0,3466.0,953.3000000000001,1003.3000000000001
19,124,3516.625,978.3000000000001,15.602870370370374,108,0,3507.25,3537.25,3526.0,3496.0,953.3000000000001,1003.3000000000001
19,125,3546.625,978.3000000000001,27.57987804878049,82,0,3537.25,3567.25,3556.0,3526.0,953.3000000000001,1003.3000000000001
19,126,3576.625,978.3000000000001,22.943679245283008,106,0,3567.25,3597.25,3586.0,3556.0,953.3000000000001,1003.3000000000001
19,127,3606.625,978.3000000000001,14.49042372881356,118,0,3597.25,3627.25,3616.0,3586.0,953.3000000000001,1003.3000000000001
19,128,3636.625,978.3000000000001,17.319363636363633,110,0,3627.25,3657.25,3646.0,3616.0,953.3000000000001,1003.3000000000001
19,129,3666.625,978.3000000000001,28.566666666666666,57,0,3657.25,3687.25,3676.0,3646.0,953.3000000000001,1003.3000000000001
19,130,3696.625,978.3000000000001,30.36742424242425,66,0,3687.25,3717.25,3706.0,3676.0,953.3000000000001,1003.3000000000001
19,131,3726.625,978.3000000000001,27.03636363636364,11,0,3717.25,3747.25,3736.0,3706.0,953.3000000000001,1003.3000000000001
19,132,3756.625,978.3000000000001,,0,0,3747.25,3777.25,3766.0,3736.0,953.3000000000001,1003.3000000000001
19,133,3786.625,978.3000000000001,,0,0,3777.25,3807.25,3796.0,3766.0,953.3000000000001,1003.3000000000001
19,134,3816.625,978.3000000000001,,0,0,3807.25,3837.25,3826.0,3796.0,953.3000000000001,1003.3000000000001
20,7,-4.625,1028.3000000000002,68.55499999999999,6,0,-14.0,16.0,4.75,-25.25,1003.3000000000001,1053.3000000000002
20,8,25.375,1028.3000000000002,63.08944444444445,18,0,16.0,46.0,34.75,4.75,1003.3000000000001,1053.3000000000002
20,9,55.375,1028.3000000000002,66.40999999999998,21,0,46.0,76.0,64.75,34.75,1003.3000000000001,1053.3000000000002
20,10,85.375,1028.3000000000002,71.14076923076921,13,0,76.0,106.0,94.75,64.75,1003.3000000000001,1053.3000000000002
20,11,115.375,1028.3000000000002,68.266,10,0,106.0,136.0,124.75,94.75,1003.3000000000001,1053.3000000000002
20,12,145.375,1028.3000000000002,55.768076923076926,52,0,136.0,166.0,154.75,124.75,1003.3000000000001,1053.3000000000002
20,13,175.375,1028.3000000000002,64.8382142857143,28,0,166.0,196.0,184.75,154.75,1003.3000000000001,1053.3000000000002
20,14,205.375,1028.3000000000002,67.26173913043478,23,0,196.0,226.0,214.75,184.75,1003.3000000000001,1053.3000000000002
20,15,235.375,1028.3000000000002,70.90238095238095,21,0,226.0,256.0,244.75,214.75,1003.3000000000001,1053.3000000000002
20,16,265.375,1028.3000000000002,69.25250000000001,24,0,256.0,286.0,274.75,244.75,1003.3000000000001,1053.3000000000002
20,17,295.375,1028.3000000000002,61.520434782608696,23,0,286.0,316.0,304.75,274.75,1003.3000000000001,1053.3000000000002
20,18,325.375,1028.3000000000002,63.45846153846154,13,0,316.0,346.0,334.75,304.75,1003.3000000000001,1053.3000000000002
20,19,355.375,1028.3000000000002,64.820625,16,0,346.0,376.0,364.75,334.75,1003.3000000000001,1053.3000000000002
20,20,385.375,1028.3000000000002,69.59777777777778,9,0,376.0,406.0,394.75,364.75,1003.3000000000001,1053.3000000000002
20,21,415.375,1028.3000000000002,68.57000000000001,9,0,406.0,436.0,424.75,394.75,1003.3000000000001,1053.3000000000002
20,22,445.375,1028.3000000000002,53.97147058823529,34,0,436.0,466.0,454.75,424.75,1003.3000000000001,1053.3000000000002
20,23,475.375,1028.3000000000002,58.01578947368422,38,0,466.0,496.0,484.75,454.75,1003.3000000000001,1053.3000000000002
20,24,505.375,1028.3000000000002,59.2688,25,0,496.0,526.0,514.75,484.75,1003.3000000000001,1053.3000000000002
20,25,535.375,1028.3000000000002,58.37361111111112,36,0,526.0,556.0,544.75,514.75,1003.3000000000001,1053.3000000000002
20,26,565.375,1028.3000000000002,61.072894736842095,38,0,556.0,586.0,574.75,544.75,1003.3000000000001,1053.3000000000002
20,27,595.375,1028.3000000000002,58.26771428571429,35,0,586.0,616.0,604.75,574.75,1003.3000000000001,1053.3000000000002
20,28,625.375,1028.3000000000002,59.756666666666675,42,0,616.0,646.0,634.75,604.75,1003.3000000000001,1053.3000000000002
20,29,655.375,1028.3000000000002,57.468,30,0,646.0,676.0,664.75,634.75,1003.3000000000001,1053.3000000000002
20,30,685.375,1028.3000000000002,59.0135,40,0,676.0,706.0,694.75,664.75,1003.3000000000001,1053.3000000000002
20,31,715.375,1028.3000000000002,67.10941176470588,17,0,706.0,736.0,724.75,694.75,1003.3000000000001,1053.3000000000002
20,32,745.375,1028.3000000000002,56.12323529411765,34,0,736.0,766.0,754.75,724.75,1003.3000000000001,1053.3000000000002
20,33,775.375,1028.3000000000002,57.41422222222222,45,0,766.0,796.0,784.75,754.75,1003.3000000000001,1053.3000000000002
20,34,805.375,1028.3000000000002,59.65761904761906,21,0,796.0,826.0,814.75,784.75,1003.3000000000001,1053.3000000000002
20,35,835.375,1028.3000000000002,57.71380952380954,42,0,826.0,856.0,844.75,814.75,1003.3000000000001,1053.3000000000002
20,36,865.375,1028.3000000000002,60.18195121951221,41,0,856.0,886.0,874.75,844.75,1003.3000000000001,1053.3000000000002
20,37,895.375,1028.3000000000002,55.76951219512195,41,0,886.0,916.0,904.75,874.75,1003.3000000000001,1053.3000000000002
20,38,925.375,1028.3000000000002,49.36547619047619,42,0,916.0,946.0,934.75,904.75,1003.3000000000001,1053.3000000000002
20,39,955.375,1028.3000000000002,50.19714285714286,49,0,946.0,976.0,964.75,934.75,1003.3000000000001,1053.3000000000002
20,40,985.375,1028.3000000000002,51.674583333333324,48,0,976.0,1006.0,994.75,964.75,1003.3000000000001,1053.3000000000002
20,41,1015.375,1028.3000000000002,55.71833333333335,30,0,1006.0,1036.0,1024.75,994.75,1003.3000000000001,1053.3000000000002
20,42,1045.375,1028.3000000000002,52.35595238095239,42,0,1036.0,1066.0,1054.75,1024.75,1003.3000000000001,1053.3000000000002
20,43,1075.375,1028.3000000000002,50.096346153846135,52,0,1066.0,1096.0,1084.75,1054.75,1003.3000000000001,1053.3000000000002
20,44,1105.375,1028.3000000000002,36.372307692307686,78,0,1096.0,1126.0,1114.75,1084.75,1003.3000000000001,1053.3000000000002
20,45,1135.375,1028.3000000000002,30.408105263157896,95,0,1126.0,1156.0,1144.75,1114.75,1003.3000000000001,1053.3000000000002
20,46,1165.375,1028.3000000000002,37.605999999999995,65,0,1156.0,1186.0,1174.75,1144.75,1003.3000000000001,1053.3000000000002
20,47,1195.375,1028.3000000000002,49.83481481481481,27,0,1186.0,1216.0,1204.75,1174.75,1003.3000000000001,1053.3000000000002
20,48,1225.375,1028.3000000000002,47.3648,50,0,1216.0,1246.0,1234.75,1204.75,1003.3000000000001,1053.3000000000002
20,49,1255.375,1028.3000000000002,43.98086956521741,46,0,1246.0,1276.0,1264.75,1234.75,1003.3000000000001,1053.3000000000002
20,50,1285.375,1028.3000000000002,38.02266666666666,60,0,1276.0,1306.0,1294.75,1264.75,1003.3000000000001,1053.3000000000002
20,51,1315.375,1028.3000000000002,39.256379310344826,58,0,1306.0,1336.0,1324.75,1294.75,1003.3000000000001,1053.3000000000002
20,52,1345.375,1028.3000000000002,39.59206896551725,58,0,1336.0,1366.0,1354.75,1324.75,1003.3000000000001,1053.3000000000002
20,53,1375.375,1028.3000000000002,42.55202702702702,74,0,1366.0,1396.0,1384.75,1354.75,1003.3000000000001,1053.3000000000002
20,54,1405.375,1028.3000000000002,36.88380952380952,63,0,1396.0,1426.0,1414.75,1384.75,1003.3000000000001,1053.3000000000002
20,55,1435.375,1028.3000000000002,39.29375,56,0,1426.0,1456.0,1444.75,1414.75,1003.3000000000001,1053.3000000000002
20,56,1465.375,1028.3000000000002,41.28326923076923,52,0,1456.0,1486.0,1474.75,1444.75,1003.3000000000001,1053.3000000000002
20,57,1495.375,1028.3000000000002,44.94745454545455,55,0,1486.0,1516.0,1504.75,1474.75,1003.3000000000001,1053.3000000000002
20,58,1525.375,1028.3000000000002,48.64895833333333,48,0,1516.0,1546.0,1534.75,1504.75,1003.3000000000001,1053.3000000000002
20,59,1555.375,1028.3000000000002,53.9092,50,0,1546.0,1576.0,1564.75,1534.75,1003.3000000000001,1053.3000000000002
20,60,1585.375,1028.3000000000002,50.14612244897956,49,0,1576.0,1606.0,1594.75,1564.75,1003.3000000000001,1053.3000000000002
20,61,1615.375,1028.3000000000002,49.02561403508771,57,0,1606.0,1636.0,1624.75,1594.75,1003.3000000000001,1053.3000000000002
20,62,1645.375,1028.3000000000002,48.884716981132065,53,0,1636.0,1666.0,1654.75,1624.75,1003.3000000000001,1053.3000000000002
20,63,1675.375,1028.3000000000002,37.19080645161289,62,0,1666.0,1696.0,1684.75,1654.75,1003.3000000000001,1053.3000000000002
20,64,1705.375,1028.3000000000002,34.500555555555565,72,0,1696.0,1726.0,1714.75,1684.75,1003.3000000000001,1053.3000000000002
20,65,1735.375,1028.3000000000002,37.27967741935483,62,0,1726.0,1756.0,1744.75,1714.75,1003.3000000000001,1053.3000000000002
20,66,1765.375,1028.3000000000002,34.83905660377359,53,0,1756.0,1786.0,1774.75,1744.75,1003.3000000000001,1053.3000000000002
20,67,1795.375,1028.3000000000002,35.27414285714286,70,0,1786.0,1816.0,1804.75,1774.75,1003.3000000000001,1053.3000000000002
20,68,1825.375,1028.3000000000002,38.7088524590164,61,0,1816.0,1846.0,1834.75,1804.75,1003.3000000000001,1053.3000000000002
20,69,1855.375,1028.3000000000002,22.80317073170731,82,0,1846.0,1876.0,1864.75,1834.75,1003.3000000000001,1053.3000000000002
20,70,1885.375,1028.3000000000002,18.99581395348837,86,0,1876.0,1906.0,1894.75,1864.75,1003.3000000000001,1053.3000000000002
20,71,1915.375,1028.3000000000002,22.1075294117647,85,0,1906.0,1936.0,1924.75,1894.75,1003.3000000000001,1053.3000000000002
20,72,1945.375,1028.3000000000002,27.481282051282044,78,0,1936.0,1966.0,1954.75,1924.75,1003.3000000000001,1053.3000000000002
20,73,1975.375,1028.3000000000002,30.443285714285718,70,0,1966.0,1996.0,1984.75,1954.75,1003.3000000000001,1053.3000000000002
20,74,2005.375,1028.3000000000002,24.318235294117656,85,0,1996.0,2026.0,2014.75,1984.75,1003.3000000000001,1053.3000000000002
20,75,2035.375,1028.3000000000002,24.395,70,0,2026.0,2056.0,2044.75,2014.75,1003.3000000000001,1053.3000000000002
20,76,2065.375,1028.3000000000002,14.99415929203541,113,0,2056.0,2086.0,2074.75,2044.75,1003.3000000000001,1053.3000000000002
20,77,2095.375,1028.3000000000002,15.574018691588785,107,0,2086.0,2116.0,2104.75,2074.75,1003.3000000000001,1053.3000000000002
20,78,2125.375,1028.3000000000002,16.37982905982906,117,0,2116.0,2146.0,2134.75,2104.75,1003.3000000000001,1053.3000000000002
20,79,2155.375,1028.3000000000002,18.672926829268288,82,0,2146.0,2176.0,2164.75,2134.75,1003.3000000000001,1053.3000000000002
20,80,2185.375,1028.3000000000002,17.25397959183673,98,0,2176.0,2206.0,2194.75,2164.75,1003.3000000000001,1053.3000000000002
20,81,2215.375,1028.3000000000002,22.11329896907216,97,0,2206.0,2236.0,2224.75,2194.75,1003.3000000000001,1053.3000000000002
20,82,2245.375,1028.3000000000002,20.71632653061224,98,0,2236.0,2266.0,2254.75,2224.75,1003.3000000000001,1053.3000000000002
20,83,2275.375,1028.3000000000002,15.97449541284404,109,0,2266.0,2296.0,2284.75,2254.75,1003.3000000000001,1053.3000000000002
20,84,2305.375,1028.3000000000002,14.126346153846153,104,0,2296.0,2326.0,2314.75,2284.75,1003.3000000000001,1053.3000000000002
20,85,2335.375,1028.3000000000002,18.943888888888896,90,0,2326.0,2356.0,2344.75,2314.75,1003.3000000000001,1053.3000000000002
20,86,2365.375,1028.3000000000002,15.750396039603963,101,0,2356.0,2386.0,2374.75,2344.75,1003.3000000000001,1053.3000000000002
20,87,2395.375,1028.3000000000002,19.019438202247194,89,0,2386.0,2416.0,2404.75,2374.75,1003.3000000000001,1053.3000000000002
20,88,2425.375,1028.3000000000002,21.29444444444444,90,0,2416.0,2446.0,2434.75,2404.75,1003.3000000000001,1053.3000000000002
20,89,2455.375,1028.3000000000002,23.953979591836738,98,0,2446.0,2476.0,2464.75,2434.75,1003.3000000000001,1053.3000000000002
20,90,2485.375,1028.3000000000002,22.23553191489361,94,0,2476.0,2506.0,2494.75,2464.75,1003.3000000000001,1053.3000000000002
20,91,2515.375,1028.3000000000002,27.990568181818198,88,0,2506.0,2536.0,2524.75,2494.75,1003.3000000000001,1053.3000000000002
20,92,2545.375,1028.3000000000002,23.65872093023256,86,0,2536.0,2566.0,2554.75,2524.75,1003.3000000000001,1053.3000000000002
20,93,2575.375,1028.3000000000002,17.60504672897196,107,0,2566.0,2596.0,2584.75,2554.75,1003.3000000000001,1053.3000000000002
20,94,2605.375,1028.3000000000002,14.410492957746479,142,0,2596.0,2626.0,2614.75,2584.75,1003.3000000000001,1053.3000000000002
20,95,2635.375,1028.3000000000002,23.462266666666657,75,0,2626.0,2656.0,2644.75,2614.75,1003.3000000000001,1053.3000000000002
20,96,2665.375,1028.3000000000002,29.948571428571434,77,0,2656.0,2686.0,2674.75,2644.75,1003.3000000000001,1053.3000000000002
20,97,2695.375,1028.3000000000002,32.35718750000001,64,0,2686.0,2716.0,2704.75,2674.75,1003.3000000000001,1053.3000000000002
20,98,2725.375,1028.3000000000002,33.39803030303031,66,0,2716.0,2746.0,2734.75,2704.75,1003.3000000000001,1053.3000000000002
20,99,2755.375,1028.3000000000002,20.70860215053763,93,0,2746.0,2776.0,2764.75,2734.75,1003.3000000000001,1053.3000000000002
20,100,2785.375,1028.3000000000002,15.660240000000002,125,0,2776.0,2806.0,2794.75,2764.75,1003.3000000000001,1053.3000000000002
20,101,2815.375,1028.3000000000002,24.220752688172034,93,0,2806.0,2836.0,2824.75,2794.75,1003.3000000000001,1053.3000000000002
20,102,2845.375,1028.3000000000002,26.265421686746986,83,0,2836.0,2866.0,2854.75,2824.75,1003.3000000000001,1053.3000000000002
20,103,2875.375,1028.3000000000002,28.865375,80,0,2866.0,2896.0,2884.75,2854.75,1003.3000000000001,1053.3000000000002
20,104,2905.375,1028.3000000000002,19.354953271028045,107,0,2896.0,2926.0,2914.75,2884.75,1003.3000000000001,1053.3000000000002
20,105,2935.375,1028.3000000000002,25.21,102,0,2926.0,2956.0,2944.75,2914.75,1003.3000000000001,1053.3000000000002
20,106,2965.375,1028.3000000000002,22.7884761904762,105,0,2956.0,2986.0,2974.75,2944.75,1003.3000000000001,1053.3000000000002
20,107,2995.375,1028.3000000000002,19.612560000000002,125,0,2986.0,3016.0,3004.75,2974.75,1003.3000000000001,1053.3000000000002
20,108,3025.375,1028.3000000000002,19.449052631578947,95,0,3016.0,3046.0,3034.75,3004.75,1003.3000000000001,1053.3000000000002
20,109,3055.375,1028.3000000000002,28.027752808988772,89,0,3046.0,3076.0,3064.75,3034.75,1003.3000000000001,1053.3000000000002
20,110,3085.375,1028.3000000000002,27.174175824175837,91,0,3076.0,3106.0,3094.75,3064.75,1003.3000000000001,1053.3000000000002
20,111,3115.375,1028.3000000000002,18.6321686746988,83,0,3106.0,3136.0,3124.75,3094.75,1003.3000000000001,1053.3000000000002
20,112,3145.375,1028.3000000000002,20.89195652173913,92,0,3136.0,3166.0,3154.75,3124.75,1003.3000000000001,1053.3000000000002
20,113,3175.375,1028.3000000000002,17.177375000000005,80,0,3166.0,3196.0,3184.75,3154.75,1003.3000000000001,1053.3000000000002
20,114,3205.375,1028.3000000000002,11.660896551724129,145,0,3196.0,3226.0,3214.75,3184.75,1003.3000000000001,1053.3000000000002
20,115,3235.375,1028.3000000000002,18.375257731958765,97,0,3226.0,3256.0,3244.75,3214.75,1003.3000000000001,1053.3000000000002
20,116,3265.375,1028.3000000000002,18.282843137254908,102,0,3256.0,3286.0,3274.75,3244.75,1003.3000000000001,1053.3000000000002
20,117,3295.375,1028.3000000000002,13.517130434782604,115,0,3286.0,3316.0,3304.75,3274.75,1003.3000000000001,1053.3000000000002
20,118,3325.375,1028.3000000000002,12.907459016393444,122,0,3316.0,3346.0,3334.75,3304.75,1003.3000000000001,1053.3000000000002
20,119,3355.375,1028.3000000000002,11.838793103448275,116,0,3346.0,3376.0,3364.75,3334.75,1003.3000000000001,1053.3000000000002
20,120,3385.375,1028.3000000000002,19.077830188679247,106,0,3376.0,3406.0,3394.75,3364.75,1003.3000000000001,1053.3000000000002
20,121,3415.375,1028.3000000000002,21.259716981132073,106,0,3406.0,3436.0,3424.75,3394.75,1003.3000000000001,1053.3000000000002
20,122,3445.375,1028.3000000000002,23.457282608695653,92,0,3436.0,3466.0,3454.75,3424.75,1003.3000000000001,1053.3000000000002
20,123,3475.375,1028.3000000000002,20.840232558139537,86,0,3466.0,3496.0,3484.75,3454.75,1003.3000000000001,1053.3000000000002
20,124,3505.375,1028.3000000000002,16.265267857142856,112,0,3496.0,3526.0,3514.75,3484.75,1003.3000000000001,1053.3000000000002
20,125,3535.375,1028.3000000000002,21.26394736842104,114,0,3526.0,3556.0,3544.75,3514.75,1003.3000000000001,1053.3000000000002
20,126,3565.375,1028.3000000000002,20.457364341085263,129,0,3556.0,3586.0,3574.75,3544.75,1003.3000000000001,1053.3000000000002
20,127,3595.375,1028.3000000000002,11.548648648648646,148,0,3586.0,3616.0,3604.75,3574.75,1003.3000000000001,1053.3000000000002
20,128,3625.375,1028.3000000000002,18.164653465346532,101,0,3616.0,3646.0,3634.75,3604.75,1003.3000000000001,1053.3000000000002
20,129,3655.375,1028.3000000000002,26.636538461538457,78,0,3646.0,3676.0,3664.75,3634.75,1003.3000000000001,1053.3000000000002
20,130,3685.375,1028.3000000000002,29.152499999999996,64,0,3676.0,3706.0,3694.75,3664.75,1003.3000000000001,1053.3000000000002
20,131,3715.375,1028.3000000000002,25.68540983606558,61,0,3706.0,3736.0,3724.75,3694.75,1003.3000000000001,1053.3000000000002
20,132,3745.375,1028.3000000000002,,0,0,3736.0,3766.0,3754.75,3724.75,1003.3000000000001,1053.3000000000002
20,133,3775.375,1028.3000000000002,,0,0,3766.0,3796.0,3784.75,3754.75,1003.3000000000001,1053.3000000000002
20,134,3805.375,1028.3000000000002,,0,0,3796.0,3826.0,3814.75,3784.75,1003.3000000000001,1053.3000000000002
20,135,3835.375,1028.3000000000002,,0,0,3826.0,3856.0,3844.75,3814.75,1003.3000000000001,1053.3000000000002
21,7,-15.875,1078.3000000000002,,0,0,-25.25,4.75,-6.5,-36.5,1053.3000000000002,1103.3000000000002
21,8,14.125,1078.3000000000002,66.120625,16,0,4.75,34.75,23.5,-6.5,1053.3000000000002,1103.3000000000002
21,9,44.125,1078.3000000000002,67.213,20,0,34.75,64.75,53.5,23.5,1053.3000000000002,1103.3000000000002
21,10,74.125,1078.3000000000002,70.13615384615385,13,0,64.75,94.75,83.5,53.5,1053.3000000000002,1103.3000000000002
21,11,104.125,1078.3000000000002,73.88071428571428,14,0,94.75,124.75,113.5,83.5,1053.3000000000002,1103.3000000000002
21,12,134.125,1078.3000000000002,57.37814814814815,27,0,124.75,154.75,143.5,113.5,1053.3000000000002,1103.3000000000002
21,13,164.125,1078.3000000000002,59.84581560283687,47,0,154.75,184.75,173.5,143.5,1053.3000000000002,1103.3000000000002
21,14,194.125,1078.3000000000002,68.70124999999999,32,0,184.75,214.75,203.5,173.5,1053.3000000000002,1103.3000000000002
21,15,224.125,1078.3000000000002,73.17666666666668,15,0,214.75,244.75,233.5,203.5,1053.3000000000002,1103.3000000000002
21,16,254.125,1078.3000000000002,71.18,26,0,244.75,274.75,263.5,233.5,1053.3000000000002,1103.3000000000002
21,17,284.125,1078.3000000000002,68.10428571428571,14,0,274.75,304.75,293.5,263.5,1053.3000000000002,1103.3000000000002
21,18,314.125,1078.3000000000002,64.92782608695653,23,0,304.75,334.75,323.5,293.5,1053.3000000000002,1103.3000000000002
21,19,344.125,1078.3000000000002,63.676874999999995,16,0,334.75,364.75,353.5,323.5,1053.3000000000002,1103.3000000000002
21,20,374.125,1078.3000000000002,74.095,8,0,364.75,394.75,383.5,353.5,1053.3000000000002,1103.3000000000002
21,21,404.125,1078.3000000000002,68.19272727272727,11,0,394.75,424.75,413.5,383.5,1053.3000000000002,1103.3000000000002
21,22,434.125,1078.3000000000002,66.0509090909091,11,0,424.75,454.75,443.5,413.5,1053.3000000000002,1103.3000000000002
21,23,464.125,1078.3000000000002,58.19878048780488,41,0,454.75,484.75,473.5,443.5,1053.3000000000002,1103.3000000000002
21,24,494.125,1078.3000000000002,59.713793103448275,29,0,484.75,514.75,503.5,473.5,1053.3000000000002,1103.3000000000002
21,25,524.125,1078.3000000000002,60.68588235294117,34,0,514.75,544.75,533.5,503.5,1053.3000000000002,1103.3000000000002
21,26,554.125,1078.3000000000002,63.280000000000015,29,0,544.75,574.75,563.5,533.5,1053.3000000000002,1103.3000000000002
21,27,584.125,1078.3000000000002,62.12730769230769,26,0,574.75,604.75,593.5,563.5,1053.3000000000002,1103.3000000000002
21,28,614.125,1078.3000000000002,59.02048780487803,41,0,604.75,634.75,623.5,593.5,1053.3000000000002,1103.3000000000002
21,29,644.125,1078.3000000000002,62.63225806451613,31,0,634.75,664.75,653.5,623.5,1053.3000000000002,1103.3000000000002
21,30,674.125,1078.3000000000002,57.382291666666674,48,0,664.75,694.75,683.5,653.5,1053.3000000000002,1103.3000000000002
21,31,704.125,1078.3000000000002,63.52120000000001,25,0,694.75,724.75,713.5,683.5,1053.3000000000002,1103.3000000000002
21,32,734.125,1078.3000000000002,61.87533333333334,15,0,724.75,754.75,743.5,713.5,1053.3000000000002,1103.3000000000002
21,33,764.125,1078.3000000000002,54.802222222222206,54,0,754.75,784.75,773.5,743.5,1053.3000000000002,1103.3000000000002
21,34,794.125,1078.3000000000002,59.43379310344828,29,0,784.75,814.75,803.5,773.5,1053.3000000000002,1103.3000000000002
21,35,824.125,1078.3000000000002,56.56542857142856,35,0,814.75,844.75,833.5,803.5,1053.3000000000002,1103.3000000000002
21,36,854.125,1078.3000000000002,54.67395348837209,43,0,844.75,874.75,863.5,833.5,1053.3000000000002,1103.3000000000002
21,37,884.125,1078.3000000000002,54.220681818181816,44,0,874.75,904.75,893.5,863.5,1053.3000000000002,1103.3000000000002
21,38,914.125,1078.3000000000002,42.81818181818181,55,0,904.75,934.75,923.5,893.5,1053.3000000000002,1103.3000000000002
21,39,944.125,1078.3000000000002,51.05315789473685,38,0,934.75,964.75,953.5,923.5,1053.3000000000002,1103.3000000000002
21,40,974.125,1078.3000000000002,49.74076923076921,52,0,964.75,994.75,983.5,953.5,1053.3000000000002,1103.3000000000002
21,41,1004.125,1078.3000000000002,47.60795454545455,44,0,994.75,1024.75,1013.5,983.5,1053.3000000000002,1103.3000000000002
21,42,1034.125,1078.3000000000002,51.826578947368425,38,0,1024.75,1054.75,1043.5,1013.5,1053.3000000000002,1103.3000000000002
21,43,1064.125,1078.3000000000002,44.436727272727275,55,0,1054.75,1084.75,1073.5,1043.5,1053.3000000000002,1103.3000000000002
21,44,1094.125,1078.3000000000002,31.389200000000002,75,0,1084.75,1114.75,1103.5,1073.5,1053.3000000000002,1103.3000000000002
21,45,1124.125,1078.3000000000002,27.840851063829795,94,0,1114.75,1144.75,1133.5,1103.5,1053.3000000000002,1103.3000000000002
21,46,1154.125,1078.3000000000002,31.093333333333337,99,0,1144.75,1174.75,1163.5,1133.5,1053.3000000000002,1103.3000000000002
21,47,1184.125,1078.3000000000002,35.891794871794886,39,0,1174.75,1204.75,1193.5,1163.5,1053.3000000000002,1103.3000000000002
21,48,1214.125,1078.3000000000002,49.29880952380953,42,0,1204.75,1234.75,1223.5,1193.5,1053.3000000000002,1103.3000000000002
21,49,1244.125,1078.3000000000002,42.64436363636366,55,0,1234.75,1264.75,1253.5,1223.5,1053.3000000000002,1103.3000000000002
21,50,1274.125,1078.3000000000002,40.53837209302325,43,0,1264.75,1294.75,1283.5,1253.5,1053.3000000000002,1103.3000000000002
21,51,1304.125,1078.3000000000002,38.43171875,64,0,1294.75,1324.75,1313.5,1283.5,1053.3000000000002,1103.3000000000002
21,52,1334.125,1078.3000000000002,41.40560000000001,50,0,1324.75,1354.75,1343.5,1313.5,1053.3000000000002,1103.3000000000002
21,53,1364.125,1078.3000000000002,41.151290322580635,62,0,1354.75,1384.75,1373.5,1343.5,1053.3000000000002,1103.3000000000002
21,54,1394.125,1078.3000000000002,33.958101265822776,79,0,1384.75,1414.75,1403.5,1373.5,1053.3000000000002,1103.3000000000002
21,55,1424.125,1078.3000000000002,33.52928571428573,56,0,1414.75,1444.75,1433.5,1403.5,1053.3000000000002,1103.3000000000002
21,56,1454.125,1078.3000000000002,42.53639455782311,49,0,1444.75,1474.75,1463.5,1433.5,1053.3000000000002,1103.3000000000002
21,57,1484.125,1078.3000000000002,42.9258,50,0,1474.75,1504.75,1493.5,1463.5,1053.3000000000002,1103.3000000000002
21,58,1514.125,1078.3000000000002,47.73000000000001,44,0,1504.75,1534.75,1523.5,1493.5,1053.3000000000002,1103.3000000000002
21,59,1544.125,1078.3000000000002,52.841555555555566,45,0,1534.75,1564.75,1553.5,1523.5,1053.3000000000002,1103.3000000000002
21,60,1574.125,1078.3000000000002,49.68218181818181,55,0,1564.75,1594.75,1583.5,1553.5,1053.3000000000002,1103.3000000000002
21,61,1604.125,1078.3000000000002,46.17854166666665,48,0,1594.75,1624.75,1613.5,1583.5,1053.3000000000002,1103.3000000000002
21,62,1634.125,1078.3000000000002,44.31725806451614,62,0,1624.75,1654.75,1643.5,1613.5,1053.3000000000002,1103.3000000000002
21,63,1664.125,1078.3000000000002,30.323246753246764,77,0,1654.75,1684.75,1673.5,1643.5,1053.3000000000002,1103.3000000000002
21,64,1694.125,1078.3000000000002,24.038999999999998,90,0,1684.75,1714.75,1703.5,1673.5,1053.3000000000002,1103.3000000000002
21,65,1724.125,1078.3000000000002,29.901219512195112,82,0,1714.75,1744.75,1733.5,1703.5,1053.3000000000002,1103.3000000000002
21,66,1754.125,1078.3000000000002,31.37881355932203,59,0,1744.75,1774.75,1763.5,1733.5,1053.3000000000002,1103.3000000000002
21,67,1784.125,1078.3000000000002,34.458125,64,0,1774.75,1804.75,1793.5,1763.5,1053.3000000000002,1103.3000000000002
21,68,1814.125,1078.3000000000002,32.00217391304348,69,0,1804.75,1834.75,1823.5,1793.5,1053.3000000000002,1103.3000000000002
21,69,1844.125,1078.3000000000002,18.037884615384613,104,0,1834.75,1864.75,1853.5,1823.5,1053.3000000000002,1103.3000000000002
21,70,1874.125,1078.3000000000002,16.69123711340206,97,0,1864.75,1894.75,1883.5,1853.5,1053.3000000000002,1103.3000000000002
21,71,1904.125,1078.3000000000002,22.07835616438356,73,0,1894.75,1924.75,1913.5,1883.5,1053.3000000000002,1103.3000000000002
21,72,1934.125,1078.3000000000002,25.812051282051282,78,0,1924.75,1954.75,1943.5,1913.5,1053.3000000000002,1103.3000000000002
21,73,1964.125,1078.3000000000002,28.387333333333324,75,0,1954.75,1984.75,1973.5,1943.5,1053.3000000000002,1103.3000000000002
21,74,1994.125,1078.3000000000002,26.870000000000005,70,0,1984.75,2014.75,2003.5,1973.5,1053.3000000000002,1103.3000000000002
21,75,2024.125,1078.3000000000002,25.154603174603167,63,0,2014.75,2044.75,2033.5,2003.5,1053.3000000000002,1103.3000000000002
21,76,2054.125,1078.3000000000002,19.15163043478261,92,0,2044.75,2074.75,2063.5,2033.5,1053.3000000000002,1103.3000000000002
21,77,2084.125,1078.3000000000002,19.18253012048193,83,0,2074.75,2104.75,2093.5,2063.5,1053.3000000000002,1103.3000000000002
21,78,2114.125,1078.3000000000002,20.179662921348314,89,0,2104.75,2134.75,2123.5,2093.5,1053.3000000000002,1103.3000000000002
21,79,2144.125,1078.3000000000002,21.75337209302326,86,0,2134.75,2164.75,2153.5,2123.5,1053.3000000000002,1103.3000000000002
21,80,2174.125,1078.3000000000002,18.786533333333335,75,0,2164.75,2194.75,2183.5,2153.5,1053.3000000000002,1103.3000000000002
21,81,2204.125,1078.3000000000002,21.992682926829268,82,0,2194.75,2224.75,2213.5,2183.5,1053.3000000000002,1103.3000000000002
21,82,2234.125,1078.3000000000002,21.90932584269662,89,0,2224.75,2254.75,2243.5,2213.5,1053.3000000000002,1103.3000000000002
21,83,2264.125,1078.3000000000002,16.467663551401873,107,0,2254.75,2284.75,2273.5,2243.5,1053.3000000000002,1103.3000000000002
21,84,2294.125,1078.3000000000002,18.040919540229876,87,0,2284.75,2314.75,2303.5,2273.5,1053.3000000000002,1103.3000000000002
21,85,2324.125,1078.3000000000002,20.826052631578946,76,0,2314.75,2344.75,2333.5,2303.5,1053.3000000000002,1103.3000000000002
21,86,2354.125,1078.3000000000002,18.303012048192773,83,0,2344.75,2374.75,2363.5,2333.5,1053.3000000000002,1103.3000000000002
21,87,2384.125,1078.3000000000002,21.569178082191787,73,0,2374.75,2404.75,2393.5,2363.5,1053.3000000000002,1103.3000000000002
21,88,2414.125,1078.3000000000002,25.697285714285716,70,0,2404.75,2434.75,2423.5,2393.5,1053.3000000000002,1103.3000000000002
21,89,2444.125,1078.3000000000002,28.72223880597016,67,0,2434.75,2464.75,2453.5,2423.5,1053.3000000000002,1103.3000000000002
21,90,2474.125,1078.3000000000002,26.085411764705885,85,0,2464.75,2494.75,2483.5,2453.5,1053.3000000000002,1103.3000000000002
21,91,2504.125,1078.3000000000002,26.776891891891896,74,0,2494.75,2524.75,2513.5,2483.5,1053.3000000000002,1103.3000000000002
21,92,2534.125,1078.3000000000002,21.693170731707333,82,0,2524.75,2554.75,2543.5,2513.5,1053.3000000000002,1103.3000000000002
21,93,2564.125,1078.3000000000002,18.112526315789474,95,0,2554.75,2584.75,2573.5,2543.5,1053.3000000000002,1103.3000000000002
21,94,2594.125,1078.3000000000002,19.146979166666664,96,0,2584.75,2614.75,2603.5,2573.5,1053.3000000000002,1103.3000000000002
21,95,2624.125,1078.3000000000002,25.497954545454544,88,0,2614.75,2644.75,2633.5,2603.5,1053.3000000000002,1103.3000000000002
21,96,2654.125,1078.3000000000002,28.46596774193549,62,0,2644.75,2674.75,2663.5,2633.5,1053.3000000000002,1103.3000000000002
21,97,2684.125,1078.3000000000002,28.21805194805194,77,0,2674.75,2704.75,2693.5,2663.5,1053.3000000000002,1103.3000000000002
21,98,2714.125,1078.3000000000002,29.115970149253727,67,0,2704.75,2734.75,2723.5,2693.5,1053.3000000000002,1103.3000000000002
21,99,2744.125,1078.3000000000002,21.97953488372093,86,0,2734.75,2764.75,2753.5,2723.5,1053.3000000000002,1103.3000000000002
21,100,2774.125,1078.3000000000002,20.79364705882352,85,0,2764.75,2794.75,2783.5,2753.5,1053.3000000000002,1103.3000000000002
21,101,2804.125,1078.3000000000002,27.587662337662344,77,0,2794.75,2824.75,2813.5,2783.5,1053.3000000000002,1103.3000000000002
21,102,2834.125,1078.3000000000002,26.3674358974359,78,0,2824.75,2854.75,2843.5,2813.5,1053.3000000000002,1103.3000000000002
21,103,2864.125,1078.3000000000002,22.481647058823533,85,0,2854.75,2884.75,2873.5,2843.5,1053.3000000000002,1103.3000000000002
21,104,2894.125,1078.3000000000002,19.44481927710844,83,0,2884.75,2914.75,2903.5,2873.5,1053.3000000000002,1103.3000000000002
21,105,2924.125,1078.3000000000002,25.454444444444444,90,0,2914.75,2944.75,2933.5,2903.5,1053.3000000000002,1103.3000000000002
21,106,2954.125,1078.3000000000002,25.45524390243903,82,0,2944.75,2974.75,2963.5,2933.5,1053.3000000000002,1103.3000000000002
21,107,2984.125,1078.3000000000002,23.836516853932586,89,0,2974.75,3004.75,2993.5,2963.5,1053.3000000000002,1103.3000000000002
21,108,3014.125,1078.3000000000002,24.253483146067413,89,0,3004.75,3034.75,3023.5,2993.5,1053.3000000000002,1103.3000000000002
21,109,3044.125,1078.3000000000002,28.30811594202899,69,0,3034.75,3064.75,3053.5,3023.5,1053.3000000000002,1103.3000000000002
21,110,3074.125,1078.3000000000002,26.482258064516124,93,0,3064.75,3094.75,3083.5,3053.5,1053.3000000000002,1103.3000000000002
21,111,3104.125,1078.3000000000002,20.188750000000002,88,0,3094.75,3124.75,3113.5,3083.5,1053.3000000000002,1103.3000000000002
21,112,3134.125,1078.3000000000002,21.230724637681163,69,0,3124.75,3154.75,3143.5,3113.5,1053.3000000000002,1103.3000000000002
21,113,3164.125,1078.3000000000002,16.088190476190487,90,0,3154.75,3184.75,3173.5,3143.5,1053.3000000000002,1103.3000000000002
21,114,3194.125,1078.3000000000002,13.240113636363635,88,0,3184.75,3214.75,3203.5,3173.5,1053.3000000000002,1103.3000000000002
21,115,3224.125,1078.3000000000002,19.680202020202007,99,0,3214.75,3244.75,3233.5,3203.5,1053.3000000000002,1103.3000000000002
21,116,3254.125,1078.3000000000002,21.39292682926829,82,0,3244.75,3274.75,3263.5,3233.5,1053.3000000000002,1103.3000000000002
21,117,3284.125,1078.3000000000002,16.284086021505374,93,0,3274.75,3304.75,3293.5,3263.5,1053.3000000000002,1103.3000000000002
21,118,3314.125,1078.3000000000002,17.552325581395348,86,0,3304.75,3334.75,3323.5,3293.5,1053.3000000000002,1103.3000000000002
21,119,3344.125,1078.3000000000002,12.259913793103452,116,0,3334.75,3364.75,3353.5,3323.5,1053.3000000000002,1103.3000000000002
21,120,3374.125,1078.3000000000002,23.731558441558448,77,0,3364.75,3394.75,3383.5,3353.5,1053.3000000000002,1103.3000000000002
21,121,3404.125,1078.3000000000002,23.916153846153854,78,0,3394.75,3424.75,3413.5,3383.5,1053.3000000000002,1103.3000000000002
21,122,3434.125,1078.3000000000002,27.43555555555556,81,0,3424.75,3454.75,3443.5,3413.5,1053.3000000000002,1103.3000000000002
21,123,3464.125,1078.3000000000002,24.517014925373136,67,0,3454.75,3484.75,3473.5,3443.5,1053.3000000000002,1103.3000000000002
21,124,3494.125,1078.3000000000002,20.23986842105263,76,0,3484.75,3514.75,3503.5,3473.5,1053.3000000000002,1103.3000000000002
21,125,3524.125,1078.3000000000002,21.24423913043478,92,0,3514.75,3544.75,3533.5,3503.5,1053.3000000000002,1103.3000000000002
21,126,3554.125,1078.3000000000002,24.5204761904762,84,0,3544.75,3574.75,3563.5,3533.5,1053.3000000000002,1103.3000000000002
21,127,3584.125,1078.3000000000002,18.013854166666672,96,0,3574.75,3604.75,3593.5,3563.5,1053.3000000000002,1103.3000000000002
21,128,3614.125,1078.3000000000002,19.5928409090909,88,0,3604.75,3634.75,3623.5,3593.5,1053.3000000000002,1103.3000000000002
21,129,3644.125,1078.3000000000002,28.338289473684206,76,0,3634.75,3664.75,3653.5,3623.5,1053.3000000000002,1103.3000000000002
21,130,3674.125,1078.3000000000002,27.85333333333334,63,0,3664.75,3694.75,3683.5,3653.5,1053.3000000000002,1103.3000000000002
21,131,3704.125,1078.3000000000002,24.929999999999996,73,0,3694.75,3724.75,3713.5,3683.5,1053.3000000000002,1103.3000000000002
21,132,3734.125,1078.3000000000002,23.826774193548392,31,0,3724.75,3754.75,3743.5,3713.5,1053.3000000000002,1103.3000000000002
21,133,3764.125,1078.3000000000002,,0,0,3754.75,3784.75,3773.5,3743.5,1053.3000000000002,1103.3000000000002
21,134,3794.125,1078.3000000000002,,0,0,3784.75,3814.75,3803.5,3773.5,1053.3000000000002,1103.3000000000002
21,135,3824.125,1078.3000000000002,,0,0,3814.75,3844.75,3833.5,3803.5,1053.3000000000002,1103.3000000000002
22,8,2.875,1128.3000000000002,69.195,8,0,-6.5,23.5,12.25,-17.75,1103.3000000000002,1153.3000000000002
22,9,32.875,1128.3000000000002,64.43380952380951,21,0,23.5,53.5,42.25,12.25,1103.3000000000002,1153.3000000000002
22,10,62.875,1128.3000000000002,66.16250000000001,20,0,53.5,83.5,72.25,42.25,1103.3000000000002,1153.3000000000002
22,11,92.875,1128.3000000000002,72.08272727272728,11,0,83.5,113.5,102.25,72.25,1103.3000000000002,1153.3000000000002
22,12,122.875,1128.3000000000002,68.36272727272727,11,0,113.5,143.5,132.25,102.25,1103.3000000000002,1153.3000000000002
22,13,152.875,1128.3000000000002,55.25588235294118,51,0,143.5,173.5,162.25,132.25,1103.3000000000002,1153.3000000000002
22,14,182.875,1128.3000000000002,63.20235294117647,34,0,173.5,203.5,192.25,162.25,1103.3000000000002,1153.3000000000002
22,15,212.875,1128.3000000000002,69.4924,25,0,203.5,233.5,222.25,192.25,1103.3000000000002,1153.3000000000002
22,16,242.875,1128.3000000000002,70.4981818181818,22,0,233.5,263.5,252.25,222.25,1103.3000000000002,1153.3000000000002
22,17,272.875,1128.3000000000002,69.0516,25,0,263.5,293.5,282.25,252.25,1103.3000000000002,1153.3000000000002
22,18,302.875,1128.3000000000002,60.89565217391304,23,0,293.5,323.5,312.25,282.25,1103.3000000000002,1153.3000000000002
22,19,332.875,1128.3000000000002,65.57461538461538,13,0,323.5,353.5,342.25,312.25,1103.3000000000002,1153.3000000000002
22,20,362.875,1128.3000000000002,67.31176470588235,17,0,353.5,383.5,372.25,342.25,1103.3000000000002,1153.3000000000002
22,21,392.875,1128.3000000000002,71.33714285714287,7,0,383.5,413.5,402.25,372.25,1103.3000000000002,1153.3000000000002
22,22,422.875,1128.3000000000002,69.891,10,0,413.5,443.5,432.25,402.25,1103.3000000000002,1153.3000000000002
22,23,452.875,1128.3000000000002,55.976285714285716,35,0,443.5,473.5,462.25,432.25,1103.3000000000002,1153.3000000000002
22,24,482.875,1128.3000000000002,58.708461538461556,39,0,473.5,503.5,492.25,462.25,1103.3000000000002,1153.3000000000002
22,25,512.875,1128.3000000000002,60.242000000000004,25,0,503.5,533.5,522.25,492.25,1103.3000000000002,1153.3000000000002
22,26,542.875,1128.3000000000002,60.13885714285715,35,0,533.5,563.5,552.25,522.25,1103.3000000000002,1153.3000000000002
22,27,572.875,1128.3000000000002,62.75499999999999,38,0,563.5,593.5,582.25,552.25,1103.3000000000002,1153.3000000000002
22,28,602.875,1128.3000000000002,58.91738775510204,35,0,593.5,623.5,612.25,582.25,1103.3000000000002,1153.3000000000002
22,29,632.875,1128.3000000000002,60.72439024390245,41,0,623.5,653.5,642.25,612.25,1103.3000000000002,1153.3000000000002
22,30,662.875,1128.3000000000002,58.12838709677418,31,0,653.5,683.5,672.25,642.25,1103.3000000000002,1153.3000000000002
22,31,692.875,1128.3000000000002,59.076,40,0,683.5,713.5,702.25,672.25,1103.3000000000002,1153.3000000000002
22,32,722.875,1128.3000000000002,62.364736842105266,19,0,713.5,743.5,732.25,702.25,1103.3000000000002,1153.3000000000002
22,33,752.875,1128.3000000000002,54.068157894736835,38,0,743.5,773.5,762.25,732.25,1103.3000000000002,1153.3000000000002
22,34,782.875,1128.3000000000002,54.59844444444446,45,0,773.5,803.5,792.25,762.25,1103.3000000000002,1153.3000000000002
22,35,812.875,1128.3000000000002,58.521666666666675,24,0,803.5,833.5,822.25,792.25,1103.3000000000002,1153.3000000000002
22,36,842.875,1128.3000000000002,50.98422222222222,45,0,833.5,863.5,852.25,822.25,1103.3000000000002,1153.3000000000002
22,37,872.875,1128.3000000000002,51.7068888888889,45,0,863.5,893.5,882.25,852.25,1103.3000000000002,1153.3000000000002
22,38,902.875,1128.3000000000002,46.53021276595745,47,0,893.5,923.5,912.25,882.25,1103.3000000000002,1153.3000000000002
22,39,932.875,1128.3000000000002,46.40166666666666,42,0,923.5,953.5,942.25,912.25,1103.3000000000002,1153.3000000000002
22,40,962.875,1128.3000000000002,49.37306122448981,49,0,953.5,983.5,972.25,942.25,1103.3000000000002,1153.3000000000002
22,41,992.875,1128.3000000000002,41.08636363636363,55,0,983.5,1013.5,1002.25,972.25,1103.3000000000002,1153.3000000000002
22,42,1022.875,1128.3000000000002,45.383235294117654,34,0,1013.5,1043.5,1032.25,1002.25,1103.3000000000002,1153.3000000000002
22,43,1052.875,1128.3000000000002,42.568958333333335,48,0,1043.5,1073.5,1062.25,1032.25,1103.3000000000002,1153.3000000000002
22,44,1082.875,1128.3000000000002,28.079999999999995,79,0,1073.5,1103.5,1092.25,1062.25,1103.3000000000002,1153.3000000000002
22,45,1112.875,1128.3000000000002,30.339729729729747,74,0,1103.5,1133.5,1122.25,1092.25,1103.3000000000002,1153.3000000000002
22,46,1142.875,1128.3000000000002,32.90952941176471,85,0,1133.5,1163.5,1152.25,1122.25,1103.3000000000002,1153.3000000000002
22,47,1172.875,1128.3000000000002,31.104250000000008,80,0,1163.5,1193.5,1182.25,1152.25,1103.3000000000002,1153.3000000000002
22,48,1202.875,1128.3000000000002,46.410000000000004,31,0,1193.5,1223.5,1212.25,1182.25,1103.3000000000002,1153.3000000000002
22,49,1232.875,1128.3000000000002,42.478478260869565,46,0,1223.5,1253.5,1242.25,1212.25,1103.3000000000002,1153.3000000000002
22,50,1262.875,1128.3000000000002,41.67530612244897,49,0,1253.5,1283.5,1272.25,1242.25,1103.3000000000002,1153.3000000000002
22,51,1292.875,1128.3000000000002,41.42135000000001,50,0,1283.5,1313.5,1302.25,1272.25,1103.3000000000002,1153.3000000000002
22,52,1322.875,1128.3000000000002,40.434736842105266,57,0,1313.5,1343.5,1332.25,1302.25,1103.3000000000002,1153.3000000000002
22,53,1352.875,1128.3000000000002,42.97362068965518,58,0,1343.5,1373.5,1362.25,1332.25,1103.3000000000002,1153.3000000000002
22,54,1382.875,1128.3000000000002,33.844430379746825,79,0,1373.5,1403.5,1392.25,1362.25,1103.3000000000002,1153.3000000000002
22,55,1412.875,1128.3000000000002,33.53590909090907,66,0,1403.5,1433.5,1422.25,1392.25,1103.3000000000002,1153.3000000000002
22,56,1442.875,1128.3000000000002,40.28982142857142,56,0,1433.5,1463.5,1452.25,1422.25,1103.3000000000002,1153.3000000000002
22,57,1472.875,1128.3000000000002,43.638205128205136,39,0,1463.5,1493.5,1482.25,1452.25,1103.3000000000002,1153.3000000000002
22,58,1502.875,1128.3000000000002,45.39793103448275,58,0,1493.5,1523.5,1512.25,1482.25,1103.3000000000002,1153.3000000000002
22,59,1532.875,1128.3000000000002,49.16976190476192,42,0,1523.5,1553.5,1542.25,1512.25,1103.3000000000002,1153.3000000000002
22,60,1562.875,1128.3000000000002,49.72142857142858,49,0,1553.5,1583.5,1572.25,1542.25,1103.3000000000002,1153.3000000000002
22,61,1592.875,1128.3000000000002,43.75745098039217,51,0,1583.5,1613.5,1602.25,1572.25,1103.3000000000002,1153.3000000000002
22,62,1622.875,1128.3000000000002,38.077945205479466,73,0,1613.5,1643.5,1632.25,1602.25,1103.3000000000002,1153.3000000000002
22,63,1652.875,1128.3000000000002,27.035063291139235,79,0,1643.5,1673.5,1662.25,1632.25,1103.3000000000002,1153.3000000000002
22,64,1682.875,1128.3000000000002,20.77044943820225,89,0,1673.5,1703.5,1692.25,1662.25,1103.3000000000002,1153.3000000000002
22,65,1712.875,1128.3000000000002,24.34239130434783,92,0,1703.5,1733.5,1722.25,1692.25,1103.3000000000002,1153.3000000000002
22,66,1742.875,1128.3000000000002,30.146666666666672,69,0,1733.5,1763.5,1752.25,1722.25,1103.3000000000002,1153.3000000000002
22,67,1772.875,1128.3000000000002,35.05204081632653,49,0,1763.5,1793.5,1782.25,1752.25,1103.3000000000002,1153.3000000000002
22,68,1802.875,1128.3000000000002,32.569850746268656,67,0,1793.5,1823.5,1812.25,1782.25,1103.3000000000002,1153.3000000000002
22,69,1832.875,1128.3000000000002,20.373086419753083,81,0,1823.5,1853.5,1842.25,1812.25,1103.3000000000002,1153.3000000000002
22,70,1862.875,1128.3000000000002,14.318859649122805,114,0,1853.5,1883.5,1872.25,1842.25,1103.3000000000002,1153.3000000000002
22,71,1892.875,1128.3000000000002,19.889277108433742,83,0,1883.5,1913.5,1902.25,1872.25,1103.3000000000002,1153.3000000000002
22,72,1922.875,1128.3000000000002,28.63553846153845,65,0,1913.5,1943.5,1932.25,1902.25,1103.3000000000002,1153.3000000000002
22,73,1952.875,1128.3000000000002,31.10058823529411,68,0,1943.5,1973.5,1962.25,1932.25,1103.3000000000002,1153.3000000000002
22,74,1982.875,1128.3000000000002,28.20246575342466,73,0,1973.5,2003.5,1992.25,1962.25,1103.3000000000002,1153.3000000000002
22,75,2012.875,1128.3000000000002,30.99822580645161,62,0,2003.5,2033.5,2022.25,1992.25,1103.3000000000002,1153.3000000000002
22,76,2042.875,1128.3000000000002,25.498124999999998,48,0,2033.5,2063.5,2052.25,2022.25,1103.3000000000002,1153.3000000000002
22,77,2072.875,1128.3000000000002,23.84736842105263,76,0,2063.5,2093.5,2082.25,2052.25,1103.3000000000002,1153.3000000000002
22,78,2102.875,1128.3000000000002,22.58260273972603,73,0,2093.5,2123.5,2112.25,2082.25,1103.3000000000002,1153.3000000000002
22,79,2132.875,1128.3000000000002,20.66175824175824,91,0,2123.5,2153.5,2142.25,2112.25,1103.3000000000002,1153.3000000000002
22,80,2162.875,1128.3000000000002,20.288108108108112,74,0,2153.5,2183.5,2172.25,2142.25,1103.3000000000002,1153.3000000000002
22,81,2192.875,1128.3000000000002,24.20386666666667,75,0,2183.5,2213.5,2202.25,2172.25,1103.3000000000002,1153.3000000000002
22,82,2222.875,1128.3000000000002,22.967590361445776,83,0,2213.5,2243.5,2232.25,2202.25,1103.3000000000002,1153.3000000000002
22,83,2252.875,1128.3000000000002,17.964700000000004,100,0,2243.5,2273.5,2262.25,2232.25,1103.3000000000002,1153.3000000000002
22,84,2282.875,1128.3000000000002,18.347448979591835,98,0,2273.5,2303.5,2292.25,2262.25,1103.3000000000002,1153.3000000000002
22,85,2312.875,1128.3000000000002,26.00564516129032,62,0,2303.5,2333.5,2322.25,2292.25,1103.3000000000002,1153.3000000000002
22,86,2342.875,1128.3000000000002,22.180000000000003,70,0,2333.5,2363.5,2352.25,2322.25,1103.3000000000002,1153.3000000000002
22,87,2372.875,1128.3000000000002,20.73893333333332,75,0,2363.5,2393.5,2382.25,2352.25,1103.3000000000002,1153.3000000000002
22,88,2402.875,1128.3000000000002,24.90771428571429,70,0,2393.5,2423.5,2412.25,2382.25,1103.3000000000002,1153.3000000000002
22,89,2432.875,1128.3000000000002,31.993174603174598,63,0,2423.5,2453.5,2442.25,2412.25,1103.3000000000002,1153.3000000000002
22,90,2462.875,1128.3000000000002,32.91432835820894,67,0,2453.5,2483.5,2472.25,2442.25,1103.3000000000002,1153.3000000000002
22,91,2492.875,1128.3000000000002,34.9155172413793,58,0,2483.5,2513.5,2502.25,2472.25,1103.3000000000002,1153.3000000000002
22,92,2522.875,1128.3000000000002,24.199277108433726,83,0,2513.5,2543.5,2532.25,2502.25,1103.3000000000002,1153.3000000000002
22,93,2552.875,1128.3000000000002,18.21955555555556,90,0,2543.5,2573.5,2562.25,2532.25,1103.3000000000002,1153.3000000000002
22,94,2582.875,1128.3000000000002,22.439230769230765,78,0,2573.5,2603.5,2592.25,2562.25,1103.3000000000002,1153.3000000000002
22,95,2612.875,1128.3000000000002,25.010344827586213,87,0,2603.5,2633.5,2622.25,2592.25,1103.3000000000002,1153.3000000000002
22,96,2642.875,1128.3000000000002,30.440972222222236,72,0,2633.5,2663.5,2652.25,2622.25,1103.3000000000002,1153.3000000000002
22,97,2672.875,1128.3000000000002,29.3404109589041,73,0,2663.5,2693.5,2682.25,2652.25,1103.3000000000002,1153.3000000000002
22,98,2702.875,1128.3000000000002,28.501408450704226,71,0,2693.5,2723.5,2712.25,2682.25,1103.3000000000002,1153.3000000000002
22,99,2732.875,1128.3000000000002,20.99151898734178,79,0,2723.5,2753.5,2742.25,2712.25,1103.3000000000002,1153.3000000000002
22,100,2762.875,1128.3000000000002,23.06328947368421,76,0,2753.5,2783.5,2772.25,2742.25,1103.3000000000002,1153.3000000000002
22,101,2792.875,1128.3000000000002,30.544929577464796,71,0,2783.5,2813.5,2802.25,2772.25,1103.3000000000002,1153.3000000000002
22,102,2822.875,1128.3000000000002,33.689275362318824,69,0,2813.5,2843.5,2832.25,2802.25,1103.3000000000002,1153.3000000000002
22,103,2852.875,1128.3000000000002,31.23774193548386,62,0,2843.5,2873.5,2862.25,2832.25,1103.3000000000002,1153.3000000000002
22,104,2882.875,1128.3000000000002,26.91161764705883,68,0,2873.5,2903.5,2892.25,2862.25,1103.3000000000002,1153.3000000000002
22,105,2912.875,1128.3000000000002,30.702615384615388,65,0,2903.5,2933.5,2922.25,2892.25,1103.3000000000002,1153.3000000000002
22,106,2942.875,1128.3000000000002,32.251688311688305,77,0,2933.5,2963.5,2952.25,2922.25,1103.3000000000002,1153.3000000000002
22,107,2972.875,1128.3000000000002,31.306969696969702,66,0,2963.5,2993.5,2982.25,2952.25,1103.3000000000002,1153.3000000000002
22,108,3002.875,1128.3000000000002,30.2488,75,0,2993.5,3023.5,3012.25,2982.25,1103.3000000000002,1153.3000000000002
22,109,3032.875,1128.3000000000002,32.592686567164186,67,0,3023.5,3053.5,3042.25,3012.25,1103.3000000000002,1153.3000000000002
22,110,3062.875,1128.3000000000002,28.04415584415584,77,0,3053.5,3083.5,3072.25,3042.25,1103.3000000000002,1153.3000000000002
22,111,3092.875,1128.3000000000002,24.482999999999997,90,0,3083.5,3113.5,3102.25,3072.25,1103.3000000000002,1153.3000000000002
22,112,3122.875,1128.3000000000002,24.046206896551716,58,0,3113.5,3143.5,3132.25,3102.25,1103.3000000000002,1153.3000000000002
22,113,3152.875,1128.3000000000002,19.179870129870128,77,0,3143.5,3173.5,3162.25,3132.25,1103.3000000000002,1153.3000000000002
22,114,3182.875,1128.3000000000002,14.667792207792205,77,0,3173.5,3203.5,3192.25,3162.25,1103.3000000000002,1153.3000000000002
22,115,3212.875,1128.3000000000002,23.853281250000006,64,0,3203.5,3233.5,3222.25,3192.25,1103.3000000000002,1153.3000000000002
22,116,3242.875,1128.3000000000002,24.788875,80,0,3233.5,3263.5,3252.25,3222.25,1103.3000000000002,1153.3000000000002
22,117,3272.875,1128.3000000000002,15.711276595744687,94,0,3263.5,3293.5,3282.25,3252.25,1103.3000000000002,1153.3000000000002
22,118,3302.875,1128.3000000000002,15.715370370370378,108,0,3293.5,3323.5,3312.25,3282.25,1103.3000000000002,1153.3000000000002
22,119,3332.875,1128.3000000000002,14.033818181818178,110,0,3323.5,3353.5,3342.25,3312.25,1103.3000000000002,1153.3000000000002
22,120,3362.875,1128.3000000000002,28.236666666666668,60,0,3353.5,3383.5,3372.25,3342.25,1103.3000000000002,1153.3000000000002
22,121,3392.875,1128.3000000000002,28.405945945945938,74,0,3383.5,3413.5,3402.25,3372.25,1103.3000000000002,1153.3000000000002
22,122,3422.875,1128.3000000000002,29.803648648648654,74,0,3413.5,3443.5,3432.25,3402.25,1103.3000000000002,1153.3000000000002
22,123,3452.875,1128.3000000000002,28.113888888888894,72,0,3443.5,3473.5,3462.25,3432.25,1103.3000000000002,1153.3000000000002
22,124,3482.875,1128.3000000000002,23.561269841269837,63,0,3473.5,3503.5,3492.25,3462.25,1103.3000000000002,1153.3000000000002
22,125,3512.875,1128.3000000000002,23.50962025316456,79,0,3503.5,3533.5,3522.25,3492.25,1103.3000000000002,1153.3000000000002
22,126,3542.875,1128.3000000000002,30.301249999999996,72,0,3533.5,3563.5,3552.25,3522.25,1103.3000000000002,1153.3000000000002
22,127,3572.875,1128.3000000000002,24.855342465753427,73,0,3563.5,3593.5,3582.25,3552.25,1103.3000000000002,1153.3000000000002
22,128,3602.875,1128.3000000000002,21.55932584269663,89,0,3593.5,3623.5,3612.25,3582.25,1103.3000000000002,1153.3000000000002
22,129,3632.875,1128.3000000000002,27.590135135135142,74,0,3623.5,3653.5,3642.25,3612.25,1103.3000000000002,1153.3000000000002
22,130,3662.875,1128.3000000000002,29.317464788732387,71,0,3653.5,3683.5,3672.25,3642.25,1103.3000000000002,1153.3000000000002
22,131,3692.875,1128.3000000000002,25.10015384615384,65,0,3683.5,3713.5,3702.25,3672.25,1103.3000000000002,1153.3000000000002
22,132,3722.875,1128.3000000000002,22.650506329113934,79,0,3713.5,3743.5,3732.25,3702.25,1103.3000000000002,1153.3000000000002
22,133,3752.875,1128.3000000000002,22.624,5,0,3743.5,3773.5,3762.25,3732.25,1103.3000000000002,1153.3000000000002
22,134,3782.875,1128.3000000000002,,0,0,3773.5,3803.5,3792.25,3762.25,1103.3000000000002,1153.3000000000002
22,135,3812.875,1128.3000000000002,,0,0,3803.5,3833.5,3822.25,3792.25,1103.3000000000002,1153.3000000000002
23,8,-8.375,1178.3000000000002,69.33000000000001,8,0,-17.75,12.25,1.0,-29.0,1153.3000000000002,1203.3000000000002
23,9,21.625,1178.3000000000002,66.35111111111112,18,0,12.25,42.25,31.0,1.0,1153.3000000000002,1203.3000000000002
23,10,51.625,1178.3000000000002,68.13578947368421,19,0,42.25,72.25,61.0,31.0,1153.3000000000002,1203.3000000000002
23,11,81.625,1178.3000000000002,71.10285714285716,14,0,72.25,102.25,91.0,61.0,1153.3000000000002,1203.3000000000002
23,12,111.625,1178.3000000000002,75.12636363636364,11,0,102.25,132.25,121.0,91.0,1153.3000000000002,1203.3000000000002
23,13,141.625,1178.3000000000002,56.85103448275862,29,0,132.25,162.25,151.0,121.0,1153.3000000000002,1203.3000000000002
23,14,171.625,1178.3000000000002,58.292653061224485,49,0,162.25,192.25,181.0,151.0,1153.3000000000002,1203.3000000000002
23,15,201.625,1178.3000000000002,68.41444444444443,27,0,192.25,222.25,211.0,181.0,1153.3000000000002,1203.3000000000002
23,16,231.625,1178.3000000000002,70.87266666666667,15,0,222.25,252.25,241.0,211.0,1153.3000000000002,1203.3000000000002
23,17,261.625,1178.3000000000002,68.28448275862068,29,0,252.25,282.25,271.0,241.0,1153.3000000000002,1203.3000000000002
23,18,291.625,1178.3000000000002,63.680000000000014,15,0,282.25,312.25,301.0,271.0,1153.3000000000002,1203.3000000000002
23,19,321.625,1178.3000000000002,63.786666666666655,21,0,312.25,342.25,331.0,301.0,1153.3000000000002,1203.3000000000002
23,20,351.625,1178.3000000000002,66.33923076923077,13,0,342.25,372.25,361.0,331.0,1153.3000000000002,1203.3000000000002
23,21,381.625,1178.3000000000002,73.65333333333334,9,0,372.25,402.25,391.0,361.0,1153.3000000000002,1203.3000000000002
23,22,411.625,1178.3000000000002,68.32666666666667,9,0,402.25,432.25,421.0,391.0,1153.3000000000002,1203.3000000000002
23,23,441.625,1178.3000000000002,66.54545454545455,11,0,432.25,462.25,451.0,421.0,1153.3000000000002,1203.3000000000002
23,24,471.625,1178.3000000000002,56.18391304347825,46,0,462.25,492.25,481.0,451.0,1153.3000000000002,1203.3000000000002
23,25,501.625,1178.3000000000002,57.048799999999986,25,0,492.25,522.25,511.0,481.0,1153.3000000000002,1203.3000000000002
23,26,531.625,1178.3000000000002,60.03923076923078,39,0,522.25,552.25,541.0,511.0,1153.3000000000002,1203.3000000000002
23,27,561.625,1178.3000000000002,62.06944444444444,36,0,552.25,582.25,571.0,541.0,1153.3000000000002,1203.3000000000002
23,28,591.625,1178.3000000000002,59.18111111111112,27,0,582.25,612.25,601.0,571.0,1153.3000000000002,1203.3000000000002
23,29,621.625,1178.3000000000002,57.479523809523805,42,0,612.25,642.25,631.0,601.0,1153.3000000000002,1203.3000000000002
23,30,651.625,1178.3000000000002,62.51464285714286,28,0,642.25,672.25,661.0,631.0,1153.3000000000002,1203.3000000000002
23,31,681.625,1178.3000000000002,56.61579999999999,50,0,672.25,702.25,691.0,661.0,1153.3000000000002,1203.3000000000002
23,32,711.625,1178.3000000000002,56.97233333333334,30,0,702.25,732.25,721.0,691.0,1153.3000000000002,1203.3000000000002
23,33,741.625,1178.3000000000002,57.27133333333334,15,0,732.25,762.25,751.0,721.0,1153.3000000000002,1203.3000000000002
23,34,771.625,1178.3000000000002,53.61327272727273,55,0,762.25,792.25,781.0,751.0,1153.3000000000002,1203.3000000000002
23,35,801.625,1178.3000000000002,58.50230769230769,26,0,792.25,822.25,811.0,781.0,1153.3000000000002,1203.3000000000002
23,36,831.625,1178.3000000000002,53.17589743589744,39,0,822.25,852.25,841.0,811.0,1153.3000000000002,1203.3000000000002
23,37,861.625,1178.3000000000002,48.092941176470596,51,0,852.25,882.25,871.0,841.0,1153.3000000000002,1203.3000000000002
23,38,891.625,1178.3000000000002,49.52456521739132,46,0,882.25,912.25,901.0,871.0,1153.3000000000002,1203.3000000000002
23,39,921.625,1178.3000000000002,46.20740740740741,54,0,912.25,942.25,931.0,901.0,1153.3000000000002,1203.3000000000002
23,40,951.625,1178.3000000000002,52.038787878787886,33,0,942.25,972.25,961.0,931.0,1153.3000000000002,1203.3000000000002
23,41,981.625,1178.3000000000002,43.32016666666667,60,0,972.25,1002.25,991.0,961.0,1153.3000000000002,1203.3000000000002
23,42,1011.625,1178.3000000000002,38.115849056603786,53,0,1002.25,1032.25,1021.0,991.0,1153.3000000000002,1203.3000000000002
23,43,1041.625,1178.3000000000002,41.97239130434782,46,0,1032.25,1062.25,1051.0,1021.0,1153.3000000000002,1203.3000000000002
23,44,1071.625,1178.3000000000002,36.212909090909086,55,0,1062.25,1092.25,1081.0,1051.0,1153.3000000000002,1203.3000000000002
23,45,1101.625,1178.3000000000002,37.03491525423729,59,0,1092.25,1122.25,1111.0,1081.0,1153.3000000000002,1203.3000000000002
23,46,1131.625,1178.3000000000002,35.195373134328364,67,0,1122.25,1152.25,1141.0,1111.0,1153.3000000000002,1203.3000000000002
23,47,1161.625,1178.3000000000002,36.91946666666667,75,0,1152.25,1182.25,1171.0,1141.0,1153.3000000000002,1203.3000000000002
23,48,1191.625,1178.3000000000002,36.1495744680851,47,0,1182.25,1212.25,1201.0,1171.0,1153.3000000000002,1203.3000000000002
23,49,1221.625,1178.3000000000002,48.356,40,0,1212.25,1242.25,1231.0,1201.0,1153.3000000000002,1203.3000000000002
23,50,1251.625,1178.3000000000002,42.7934,50,0,1242.25,1272.25,1261.0,1231.0,1153.3000000000002,1203.3000000000002
23,51,1281.625,1178.3000000000002,43.439210526315804,38,0,1272.25,1302.25,1291.0,1261.0,1153.3000000000002,1203.3000000000002
23,52,1311.625,1178.3000000000002,42.974363636363634,55,0,1302.25,1332.25,1321.0,1291.0,1153.3000000000002,1203.3000000000002
23,53,1341.625,1178.3000000000002,43.10169811320756,53,0,1332.25,1362.25,1351.0,1321.0,1153.3000000000002,1203.3000000000002
23,54,1371.625,1178.3000000000002,36.18158730158731,63,0,1362.25,1392.25,1381.0,1351.0,1153.3000000000002,1203.3000000000002
23,55,1401.625,1178.3000000000002,35.78166666666668,72,0,1392.25,1422.25,1411.0,1381.0,1153.3000000000002,1203.3000000000002
23,56,1431.625,1178.3000000000002,40.320800000000006,50,0,1422.25,1452.25,1441.0,1411.0,1153.3000000000002,1203.3000000000002
23,57,1461.625,1178.3000000000002,43.36808510638298,47,0,1452.25,1482.25,1471.0,1441.0,1153.3000000000002,1203.3000000000002
23,58,1491.625,1178.3000000000002,45.292083333333345,48,0,1482.25,1512.25,1501.0,1471.0,1153.3000000000002,1203.3000000000002
23,59,1521.625,1178.3000000000002,48.09040000000001,50,0,1512.25,1542.25,1531.0,1501.0,1153.3000000000002,1203.3000000000002
23,60,1551.625,1178.3000000000002,49.28086956521738,46,0,1542.25,1572.25,1561.0,1531.0,1153.3000000000002,1203.3000000000002
23,61,1581.625,1178.3000000000002,42.57578947368421,57,0,1572.25,1602.25,1591.0,1561.0,1153.3000000000002,1203.3000000000002
23,62,1611.625,1178.3000000000002,38.706078431372546,51,0,1602.25,1632.25,1621.0,1591.0,1153.3000000000002,1203.3000000000002
23,63,1641.625,1178.3000000000002,29.591707317073176,82,0,1632.25,1662.25,1651.0,1621.0,1153.3000000000002,1203.3000000000002
23,64,1671.625,1178.3000000000002,19.464489795918368,98,0,1662.25,1692.25,1681.0,1651.0,1153.3000000000002,1203.3000000000002
23,65,1701.625,1178.3000000000002,31.779696969696964,66,0,1692.25,1722.25,1711.0,1681.0,1153.3000000000002,1203.3000000000002
23,66,1731.625,1178.3000000000002,31.676486486486485,74,0,1722.25,1752.25,1741.0,1711.0,1153.3000000000002,1203.3000000000002
23,67,1761.625,1178.3000000000002,34.2542857142857,56,0,1752.25,1782.25,1771.0,1741.0,1153.3000000000002,1203.3000000000002
23,68,1791.625,1178.3000000000002,33.76253968253968,63,0,1782.25,1812.25,1801.0,1771.0,1153.3000000000002,1203.3000000000002
23,69,1821.625,1178.3000000000002,20.556601941747576,103,0,1812.25,1842.25,1831.0,1801.0,1153.3000000000002,1203.3000000000002
23,70,1851.625,1178.3000000000002,15.468775510204077,98,0,1842.25,1872.25,1861.0,1831.0,1153.3000000000002,1203.3000000000002
23,71,1881.625,1178.3000000000002,20.045,94,0,1872.25,1902.25,1891.0,1861.0,1153.3000000000002,1203.3000000000002
23,72,1911.625,1178.3000000000002,27.130135135135138,74,0,1902.25,1932.25,1921.0,1891.0,1153.3000000000002,1203.3000000000002
23,73,1941.625,1178.3000000000002,32.479696969696974,66,0,1932.25,1962.25,1951.0,1921.0,1153.3000000000002,1203.3000000000002
23,74,1971.625,1178.3000000000002,30.657042253521126,71,0,1962.25,1992.25,1981.0,1951.0,1153.3000000000002,1203.3000000000002
23,75,2001.625,1178.3000000000002,29.114179104477618,67,0,1992.25,2022.25,2011.0,1981.0,1153.3000000000002,1203.3000000000002
23,76,2031.625,1178.3000000000002,27.390937500000007,64,0,2022.25,2052.25,2041.0,2011.0,1153.3000000000002,1203.3000000000002
23,77,2061.625,1178.3000000000002,24.277500000000003,64,0,2052.25,2082.25,2071.0,2041.0,1153.3000000000002,1203.3000000000002
23,78,2091.625,1178.3000000000002,23.604358974358973,78,0,2082.25,2112.25,2101.0,2071.0,1153.3000000000002,1203.3000000000002
23,79,2121.625,1178.3000000000002,21.73616279069768,86,0,2112.25,2142.25,2131.0,2101.0,1153.3000000000002,1203.3000000000002
23,80,2151.625,1178.3000000000002,22.35766666666667,90,0,2142.25,2172.25,2161.0,2131.0,1153.3000000000002,1203.3000000000002
23,81,2181.625,1178.3000000000002,23.143225806451614,62,0,2172.25,2202.25,2191.0,2161.0,1153.3000000000002,1203.3000000000002
23,82,2211.625,1178.3000000000002,24.00782051282052,78,0,2202.25,2232.25,2221.0,2191.0,1153.3000000000002,1203.3000000000002
23,83,2241.625,1178.3000000000002,20.305652173913042,92,0,2232.25,2262.25,2251.0,2221.0,1153.3000000000002,1203.3000000000002
23,84,2271.625,1178.3000000000002,21.55107142857143,84,0,2262.25,2292.25,2281.0,2251.0,1153.3000000000002,1203.3000000000002
23,85,2301.625,1178.3000000000002,27.97985915492958,71,0,2292.25,2322.25,2311.0,2281.0,1153.3000000000002,1203.3000000000002
23,86,2331.625,1178.3000000000002,25.011333333333337,60,0,2322.25,2352.25,2341.0,2311.0,1153.3000000000002,1203.3000000000002
23,87,2361.625,1178.3000000000002,25.36515151515151,66,0,2352.25,2382.25,2371.0,2341.0,1153.3000000000002,1203.3000000000002
23,88,2391.625,1178.3000000000002,26.061355932203377,59,0,2382.25,2412.25,2401.0,2371.0,1153.3000000000002,1203.3000000000002
23,89,2421.625,1178.3000000000002,32.597419354838706,62,0,2412.25,2442.25,2431.0,2401.0,1153.3000000000002,1203.3000000000002
23,90,2451.625,1178.3000000000002,35.071228070175444,57,0,2442.25,2472.25,2461.0,2431.0,1153.3000000000002,1203.3000000000002
23,91,2481.625,1178.3000000000002,38.5509090909091,66,0,2472.25,2502.25,2491.0,2461.0,1153.3000000000002,1203.3000000000002
23,92,2511.625,1178.3000000000002,25.0250724637681,69,0,2502.25,2532.25,2521.0,2491.0,1153.3000000000002,1203.3000000000002
23,93,2541.625,1178.3000000000002,18.105523809523813,105,0,2532.25,2562.25,2551.0,2521.0,1153.3000000000002,1203.3000000000002
23,94,2571.625,1178.3000000000002,21.049772727272728,88,0,2562.25,2592.25,2581.0,2551.0,1153.3000000000002,1203.3000000000002
23,95,2601.625,1178.3000000000002,28.050144927536234,69,0,2592.25,2622.25,2611.0,2581.0,1153.3000000000002,1203.3000000000002
23,96,2631.625,1178.3000000000002,29.111379310344827,87,0,2622.25,2652.25,2641.0,2611.0,1153.3000000000002,1203.3000000000002
23,97,2661.625,1178.3000000000002,32.46125000000001,56,0,2652.25,2682.25,2671.0,2641.0,1153.3000000000002,1203.3000000000002
23,98,2691.625,1178.3000000000002,29.847567567567566,74,0,2682.25,2712.25,2701.0,2671.0,1153.3000000000002,1203.3000000000002
23,99,2721.625,1178.3000000000002,25.843749999999996,64,0,2712.25,2742.25,2731.0,2701.0,1153.3000000000002,1203.3000000000002
23,100,2751.625,1178.3000000000002,26.09898550724638,69,0,2742.25,2772.25,2761.0,2731.0,1153.3000000000002,1203.3000000000002
23,101,2781.625,1178.3000000000002,29.250684931506846,73,0,2772.25,2802.25,2791.0,2761.0,1153.3000000000002,1203.3000000000002
23,102,2811.625,1178.3000000000002,33.925342465753424,73,0,2802.25,2832.25,2821.0,2791.0,1153.3000000000002,1203.3000000000002
23,103,2841.625,1178.3000000000002,33.660156249999986,64,0,2832.25,2862.25,2851.0,2821.0,1153.3000000000002,1203.3000000000002
23,104,2871.625,1178.3000000000002,28.20698412698412,63,0,2862.25,2892.25,2881.0,2851.0,1153.3000000000002,1203.3000000000002
23,105,2901.625,1178.3000000000002,32.58483870967742,62,0,2892.25,2922.25,2911.0,2881.0,1153.3000000000002,1203.3000000000002
23,106,2931.625,1178.3000000000002,33.312739726027395,73,0,2922.25,2952.25,2941.0,2911.0,1153.3000000000002,1203.3000000000002
23,107,2961.625,1178.3000000000002,31.777638888888898,72,0,2952.25,2982.25,2971.0,2941.0,1153.3000000000002,1203.3000000000002
23,108,2991.625,1178.3000000000002,32.859999999999985,65,0,2982.25,3012.25,3001.0,2971.0,1153.3000000000002,1203.3000000000002
23,109,3021.625,1178.3000000000002,33.742753623188406,69,0,3012.25,3042.25,3031.0,3001.0,1153.3000000000002,1203.3000000000002
23,110,3051.625,1178.3000000000002,33.65721311475409,61,0,3042.25,3072.25,3061.0,3031.0,1153.3000000000002,1203.3000000000002
23,111,3081.625,1178.3000000000002,26.641379310344814,87,0,3072.25,3102.25,3091.0,3061.0,1153.3000000000002,1203.3000000000002
23,112,3111.625,1178.3000000000002,27.77014492753624,69,0,3102.25,3132.25,3121.0,3091.0,1153.3000000000002,1203.3000000000002
23,113,3141.625,1178.3000000000002,21.10984615384615,65,0,3132.25,3162.25,3151.0,3121.0,1153.3000000000002,1203.3000000000002
23,114,3171.625,1178.3000000000002,15.231111111111115,99,0,3162.25,3192.25,3181.0,3151.0,1153.3000000000002,1203.3000000000002
23,115,3201.625,1178.3000000000002,22.62650793650795,63,0,3192.25,3222.25,3211.0,3181.0,1153.3000000000002,1203.3000000000002
23,116,3231.625,1178.3000000000002,25.109310344827584,87,0,3222.25,3252.25,3241.0,3211.0,1153.3000000000002,1203.3000000000002
23,117,3261.625,1178.3000000000002,18.90659090909091,88,0,3252.25,3282.25,3271.0,3241.0,1153.3000000000002,1203.3000000000002
23,118,3291.625,1178.3000000000002,16.425051546391742,97,0,3282.25,3312.25,3301.0,3271.0,1153.3000000000002,1203.3000000000002
23,119,3321.625,1178.3000000000002,17.263636363636362,99,0,3312.25,3342.25,3331.0,3301.0,1153.3000000000002,1203.3000000000002
23,120,3351.625,1178.3000000000002,26.928607594936704,79,0,3342.25,3372.25,3361.0,3331.0,1153.3000000000002,1203.3000000000002
23,121,3381.625,1178.3000000000002,29.812272727272727,66,0,3372.25,3402.25,3391.0,3361.0,1153.3000000000002,1203.3000000000002
23,122,3411.625,1178.3000000000002,32.847049180327865,61,0,3402.25,3432.25,3421.0,3391.0,1153.3000000000002,1203.3000000000002
23,123,3441.625,1178.3000000000002,30.340759493670877,79,0,3432.25,3462.25,3451.0,3421.0,1153.3000000000002,1203.3000000000002
23,124,3471.625,1178.3000000000002,28.059411764705885,68,0,3462.25,3492.25,3481.0,3451.0,1153.3000000000002,1203.3000000000002
23,125,3501.625,1178.3000000000002,27.227142857142855,56,0,3492.25,3522.25,3511.0,3481.0,1153.3000000000002,1203.3000000000002
23,126,3531.625,1178.3000000000002,33.08542857142857,70,0,3522.25,3552.25,3541.0,3511.0,1153.3000000000002,1203.3000000000002
23,127,3561.625,1178.3000000000002,28.906447368421055,76,0,3552.25,3582.25,3571.0,3541.0,1153.3000000000002,1203.3000000000002
23,128,3591.625,1178.3000000000002,18.984905660377358,106,0,3582.25,3612.25,3601.0,3571.0,1153.3000000000002,1203.3000000000002
23,129,3621.625,1178.3000000000002,25.889756097560976,82,0,3612.25,3642.25,3631.0,3601.0,1153.3000000000002,1203.3000000000002
23,130,3651.625,1178.3000000000002,30.681578947368436,76,0,3642.25,3672.25,3661.0,3631.0,1153.3000000000002,1203.3000000000002
23,131,3681.625,1178.3000000000002,28.797199999999997,50,0,3672.25,3702.25,3691.0,3661.0,1153.3000000000002,1203.3000000000002
23,132,3711.625,1178.3000000000002,26.263015873015867,63,0,3702.25,3732.25,3721.0,3691.0,1153.3000000000002,1203.3000000000002
23,133,3741.625,1178.3000000000002,28.99595238095239,42,0,3732.25,3762.25,3751.0,3721.0,1153.3000000000002,1203.3000000000002
23,134,3771.625,1178.3000000000002,,0,0,3762.25,3792.25,3781.0,3751.0,1153.3000000000002,1203.3000000000002
23,135,3801.625,1178.3000000000002,,0,0,3792.25,3822.25,3811.0,3781.0,1153.3000000000002,1203.3000000000002
23,136,3831.625,1178.3000000000002,,0,0,3822.25,3852.25,3841.0,3811.0,1153.3000000000002,1203.3000000000002
24,9,10.375,1228.3000000000002,66.90227272727272,22,0,1.0,31.0,19.75,-10.25,1203.3000000000002,1253.3000000000002
24,10,40.375,1228.3000000000002,65.85454545454546,22,0,31.0,61.0,49.75,19.75,1203.3000000000002,1253.3000000000002
24,11,70.375,1228.3000000000002,70.08842105263157,19,0,61.0,91.0,79.75,49.75,1203.3000000000002,1253.3000000000002
24,12,100.375,1228.3000000000002,75.16,10,0,91.0,121.0,109.75,79.75,1203.3000000000002,1253.3000000000002
24,13,130.375,1228.3000000000002,62.711,10,0,121.0,151.0,139.75,109.75,1203.3000000000002,1253.3000000000002
24,14,160.375,1228.3000000000002,55.844313725490174,51,0,151.0,181.0,169.75,139.75,1203.3000000000002,1253.3000000000002
24,15,190.375,1228.3000000000002,63.59605263157895,38,0,181.0,211.0,199.75,169.75,1203.3000000000002,1253.3000000000002
24,16,220.375,1228.3000000000002,69.46,19,0,211.0,241.0,229.75,199.75,1203.3000000000002,1253.3000000000002
24,17,250.375,1228.3000000000002,68.69602564102564,26,0,241.0,271.0,259.75,229.75,1203.3000000000002,1253.3000000000002
24,18,280.375,1228.3000000000002,69.22766666666665,20,0,271.0,301.0,289.75,259.75,1203.3000000000002,1253.3000000000002
24,19,310.375,1228.3000000000002,61.24913043478262,23,0,301.0,331.0,319.75,289.75,1203.3000000000002,1253.3000000000002
24,20,340.375,1228.3000000000002,67.74285714285715,14,0,331.0,361.0,349.75,319.75,1203.3000000000002,1253.3000000000002
24,21,370.375,1228.3000000000002,71.12857142857143,12,0,361.0,391.0,379.75,349.75,1203.3000000000002,1253.3000000000002
24,22,400.375,1228.3000000000002,70.596,5,0,391.0,421.0,409.75,379.75,1203.3000000000002,1253.3000000000002
24,23,430.375,1228.3000000000002,70.41333333333334,9,0,421.0,451.0,439.75,409.75,1203.3000000000002,1253.3000000000002
24,24,460.375,1228.3000000000002,55.1790625,32,0,451.0,481.0,469.75,439.75,1203.3000000000002,1253.3000000000002
24,25,490.375,1228.3000000000002,55.59000000000001,43,0,481.0,511.0,499.75,469.75,1203.3000000000002,1253.3000000000002
24,26,520.375,1228.3000000000002,59.54920000000002,25,0,511.0,541.0,529.75,499.75,1203.3000000000002,1253.3000000000002
24,27,550.375,1228.3000000000002,60.6951515151515,33,0,541.0,571.0,559.75,529.75,1203.3000000000002,1253.3000000000002
24,28,580.375,1228.3000000000002,57.67449999999999,40,0,571.0,601.0,589.75,559.75,1203.3000000000002,1253.3000000000002
24,29,610.375,1228.3000000000002,55.97057142857144,35,0,601.0,631.0,619.75,589.75,1203.3000000000002,1253.3000000000002
24,30,640.375,1228.3000000000002,56.83695652173914,46,0,631.0,661.0,649.75,619.75,1203.3000000000002,1253.3000000000002
24,31,670.375,1228.3000000000002,54.48942857142858,35,0,661.0,691.0,679.75,649.75,1203.3000000000002,1253.3000000000002
24,32,700.375,1228.3000000000002,48.842264150943386,53,0,691.0,721.0,709.75,679.75,1203.3000000000002,1253.3000000000002
24,33,730.375,1228.3000000000002,55.7578947368421,19,0,721.0,751.0,739.75,709.75,1203.3000000000002,1253.3000000000002
24,34,760.375,1228.3000000000002,53.518333333333324,36,0,751.0,781.0,769.75,739.75,1203.3000000000002,1253.3000000000002
24,35,790.375,1228.3000000000002,53.3742,50,0,781.0,811.0,799.75,769.75,1203.3000000000002,1253.3000000000002
24,36,820.375,1228.3000000000002,56.81576923076924,26,0,811.0,841.0,829.75,799.75,1203.3000000000002,1253.3000000000002
24,37,850.375,1228.3000000000002,44.48160714285716,56,0,841.0,871.0,859.75,829.75,1203.3000000000002,1253.3000000000002
24,38,880.375,1228.3000000000002,43.781272727272714,55,0,871.0,901.0,889.75,859.75,1203.3000000000002,1253.3000000000002
24,39,910.375,1228.3000000000002,47.969090909090895,44,0,901.0,931.0,919.75,889.75,1203.3000000000002,1253.3000000000002
24,40,940.375,1228.3000000000002,47.99565217391305,46,0,931.0,961.0,949.75,919.75,1203.3000000000002,1253.3000000000002
24,41,970.375,1228.3000000000002,44.88814814814814,54,0,961.0,991.0,979.75,949.75,1203.3000000000002,1253.3000000000002
24,42,1000.375,1228.3000000000002,34.986417910447756,67,0,991.0,1021.0,1009.75,979.75,1203.3000000000002,1253.3000000000002
24,43,1030.375,1228.3000000000002,35.63249999999999,48,0,1021.0,1051.0,1039.75,1009.75,1203.3000000000002,1253.3000000000002
24,44,1060.375,1228.3000000000002,39.116041666666675,48,0,1051.0,1081.0,1069.75,1039.75,1203.3000000000002,1253.3000000000002
24,45,1090.375,1228.3000000000002,38.80618181818183,55,0,1081.0,1111.0,1099.75,1069.75,1203.3000000000002,1253.3000000000002
24,46,1120.375,1228.3000000000002,39.54913793103449,58,0,1111.0,1141.0,1129.75,1099.75,1203.3000000000002,1253.3000000000002
24,47,1150.375,1228.3000000000002,39.59103896103896,77,0,1141.0,1171.0,1159.75,1129.75,1203.3000000000002,1253.3000000000002
24,48,1180.375,1228.3000000000002,38.60154929577464,71,0,1171.0,1201.0,1189.75,1159.75,1203.3000000000002,1253.3000000000002
24,49,1210.375,1228.3000000000002,47.17225806451612,31,0,1201.0,1231.0,1219.75,1189.75,1203.3000000000002,1253.3000000000002
24,50,1240.375,1228.3000000000002,44.81266666666667,45,0,1231.0,1261.0,1249.75,1219.75,1203.3000000000002,1253.3000000000002
24,51,1270.375,1228.3000000000002,40.59395833333333,48,0,1261.0,1291.0,1279.75,1249.75,1203.3000000000002,1253.3000000000002
24,52,1300.375,1228.3000000000002,42.87897959183672,49,0,1291.0,1321.0,1309.75,1279.75,1203.3000000000002,1253.3000000000002
24,53,1330.375,1228.3000000000002,42.8073076923077,52,0,1321.0,1351.0,1339.75,1309.75,1203.3000000000002,1253.3000000000002
24,54,1360.375,1228.3000000000002,40.07051724137931,58,0,1351.0,1381.0,1369.75,1339.75,1203.3000000000002,1253.3000000000002
24,55,1390.375,1228.3000000000002,35.78876712328768,73,0,1381.0,1411.0,1399.75,1369.75,1203.3000000000002,1253.3000000000002
24,56,1420.375,1228.3000000000002,36.893030303030294,66,0,1411.0,1441.0,1429.75,1399.75,1203.3000000000002,1253.3000000000002
24,57,1450.375,1228.3000000000002,40.72175438596492,57,0,1441.0,1471.0,1459.75,1429.75,1203.3000000000002,1253.3000000000002
24,58,1480.375,1228.3000000000002,44.1485,40,0,1471.0,1501.0,1489.75,1459.75,1203.3000000000002,1253.3000000000002
24,59,1510.375,1228.3000000000002,45.62933333333332,60,0,1501.0,1531.0,1519.75,1489.75,1203.3000000000002,1253.3000000000002
24,60,1540.375,1228.3000000000002,46.42999999999998,47,0,1531.0,1561.0,1549.75,1519.75,1203.3000000000002,1253.3000000000002
24,61,1570.375,1228.3000000000002,40.579166666666666,60,0,1561.0,1591.0,1579.75,1549.75,1203.3000000000002,1253.3000000000002
24,62,1600.375,1228.3000000000002,37.94516129032258,62,0,1591.0,1621.0,1609.75,1579.75,1203.3000000000002,1253.3000000000002
24,63,1630.375,1228.3000000000002,31.878734177215197,79,0,1621.0,1651.0,1639.75,1609.75,1203.3000000000002,1253.3000000000002
24,64,1660.375,1228.3000000000002,19.51282608695652,92,0,1651.0,1681.0,1669.75,1639.75,1203.3000000000002,1253.3000000000002
24,65,1690.375,1228.3000000000002,32.887051282051274,78,0,1681.0,1711.0,1699.75,1669.75,1203.3000000000002,1253.3000000000002
24,66,1720.375,1228.3000000000002,31.954999999999995,76,0,1711.0,1741.0,1729.75,1699.75,1203.3000000000002,1253.3000000000002
24,67,1750.375,1228.3000000000002,30.105882352941183,85,0,1741.0,1771.0,1759.75,1729.75,1203.3000000000002,1253.3000000000002
24,68,1780.375,1228.3000000000002,24.229736842105268,76,0,1771.0,1801.0,1789.75,1759.75,1203.3000000000002,1253.3000000000002
24,69,1810.375,1228.3000000000002,15.740362318840576,138,0,1801.0,1831.0,1819.75,1789.75,1203.3000000000002,1253.3000000000002
24,70,1840.375,1228.3000000000002,19.8483695652174,92,0,1831.0,1861.0,1849.75,1819.75,1203.3000000000002,1253.3000000000002
24,71,1870.375,1228.3000000000002,22.538444444444444,90,0,1861.0,1891.0,1879.75,1849.75,1203.3000000000002,1253.3000000000002
24,72,1900.375,1228.3000000000002,24.606785714285717,84,0,1891.0,1921.0,1909.75,1879.75,1203.3000000000002,1253.3000000000002
24,73,1930.375,1228.3000000000002,26.16048780487805,82,0,1921.0,1951.0,1939.75,1909.75,1203.3000000000002,1253.3000000000002
24,74,1960.375,1228.3000000000002,28.983205128205128,78,0,1951.0,1981.0,1969.75,1939.75,1203.3000000000002,1253.3000000000002
24,75,1990.375,1228.3000000000002,26.034482758620694,87,0,1981.0,2011.0,1999.75,1969.75,1203.3000000000002,1253.3000000000002
24,76,2020.375,1228.3000000000002,27.01657534246575,73,0,2011.0,2041.0,2029.75,1999.75,1203.3000000000002,1253.3000000000002
24,77,2050.375,1228.3000000000002,21.512615384615394,65,0,2041.0,2071.0,2059.75,2029.75,1203.3000000000002,1253.3000000000002
24,78,2080.375,1228.3000000000002,20.753699999999995,100,0,2071.0,2101.0,2089.75,2059.75,1203.3000000000002,1253.3000000000002
24,79,2110.375,1228.3000000000002,22.64649350649351,77,0,2101.0,2131.0,2119.75,2089.75,1203.3000000000002,1253.3000000000002
24,80,2140.375,1228.3000000000002,21.37593406593406,91,0,2131.0,2161.0,2149.75,2119.75,1203.3000000000002,1253.3000000000002
24,81,2170.375,1228.3000000000002,22.444482758620694,87,0,2161.0,2191.0,2179.75,2149.75,1203.3000000000002,1253.3000000000002
24,82,2200.375,1228.3000000000002,23.893684210526317,76,0,2191.0,2221.0,2209.75,2179.75,1203.3000000000002,1253.3000000000002
24,83,2230.375,1228.3000000000002,21.686847826086968,92,0,2221.0,2251.0,2239.75,2209.75,1203.3000000000002,1253.3000000000002
24,84,2260.375,1228.3000000000002,19.42595744680851,94,0,2251.0,2281.0,2269.75,2239.75,1203.3000000000002,1253.3000000000002
24,85,2290.375,1228.3000000000002,28.049397590361455,83,0,2281.0,2311.0,2299.75,2269.75,1203.3000000000002,1253.3000000000002
24,86,2320.375,1228.3000000000002,22.50202380952382,84,0,2311.0,2341.0,2329.75,2299.75,1203.3000000000002,1253.3000000000002
24,87,2350.375,1228.3000000000002,24.42413333333333,75,0,2341.0,2371.0,2359.75,2329.75,1203.3000000000002,1253.3000000000002
24,88,2380.375,1228.3000000000002,30.65875,56,0,2371.0,2401.0,2389.75,2359.75,1203.3000000000002,1253.3000000000002
24,89,2410.375,1228.3000000000002,31.65599999999999,65,0,2401.0,2431.0,2419.75,2389.75,1203.3000000000002,1253.3000000000002
24,90,2440.375,1228.3000000000002,34.094558823529404,68,0,2431.0,2461.0,2449.75,2419.75,1203.3000000000002,1253.3000000000002
24,91,2470.375,1228.3000000000002,33.048467908902694,69,0,2461.0,2491.0,2479.75,2449.75,1203.3000000000002,1253.3000000000002
24,92,2500.375,1228.3000000000002,27.395444444444458,90,0,2491.0,2521.0,2509.75,2479.75,1203.3000000000002,1253.3000000000002
24,93,2530.375,1228.3000000000002,18.139130434782604,92,0,2521.0,2551.0,2539.75,2509.75,1203.3000000000002,1253.3000000000002
24,94,2560.375,1228.3000000000002,22.83086956521739,92,0,2551.0,2581.0,2569.75,2539.75,1203.3000000000002,1253.3000000000002
24,95,2590.375,1228.3000000000002,27.20948717948717,78,0,2581.0,2611.0,2599.75,2569.75,1203.3000000000002,1253.3000000000002
24,96,2620.375,1228.3000000000002,28.959066666666665,75,0,2611.0,2641.0,2629.75,2599.75,1203.3000000000002,1253.3000000000002
24,97,2650.375,1228.3000000000002,29.357375,80,0,2641.0,2671.0,2659.75,2629.75,1203.3000000000002,1253.3000000000002
24,98,2680.375,1228.3000000000002,29.499189189189188,74,0,2671.0,2701.0,2689.75,2659.75,1203.3000000000002,1253.3000000000002
24,99,2710.375,1228.3000000000002,26.26337662337662,77,0,2701.0,2731.0,2719.75,2689.75,1203.3000000000002,1253.3000000000002
24,100,2740.375,1228.3000000000002,29.793749999999996,56,0,2731.0,2761.0,2749.75,2719.75,1203.3000000000002,1253.3000000000002
24,101,2770.375,1228.3000000000002,29.2027868852459,61,0,2761.0,2791.0,2779.75,2749.75,1203.3000000000002,1253.3000000000002
24,102,2800.375,1228.3000000000002,32.39283783783784,74,0,2791.0,2821.0,2809.75,2779.75,1203.3000000000002,1253.3000000000002
24,103,2830.375,1228.3000000000002,30.054430379746844,79,0,2821.0,2851.0,2839.75,2809.75,1203.3000000000002,1253.3000000000002
24,104,2860.375,1228.3000000000002,30.037536231884065,69,0,2851.0,2881.0,2869.75,2839.75,1203.3000000000002,1253.3000000000002
24,105,2890.375,1228.3000000000002,32.09825396825397,63,0,2881.0,2911.0,2899.75,2869.75,1203.3000000000002,1253.3000000000002
24,106,2920.375,1228.3000000000002,34.676610169491525,59,0,2911.0,2941.0,2929.75,2899.75,1203.3000000000002,1253.3000000000002
24,107,2950.375,1228.3000000000002,33.27311688311689,77,0,2941.0,2971.0,2959.75,2929.75,1203.3000000000002,1253.3000000000002
24,108,2980.375,1228.3000000000002,32.69514285714285,70,0,2971.0,3001.0,2989.75,2959.75,1203.3000000000002,1253.3000000000002
24,109,3010.375,1228.3000000000002,32.78094594594595,74,0,3001.0,3031.0,3019.75,2989.75,1203.3000000000002,1253.3000000000002
24,110,3040.375,1228.3000000000002,31.360649350649357,77,0,3031.0,3061.0,3049.75,3019.75,1203.3000000000002,1253.3000000000002
24,111,3070.375,1228.3000000000002,30.64731343283582,67,0,3061.0,3091.0,3079.75,3049.75,1203.3000000000002,1253.3000000000002
24,112,3100.375,1228.3000000000002,27.894367816091957,87,0,3091.0,3121.0,3109.75,3079.75,1203.3000000000002,1253.3000000000002
24,113,3130.375,1228.3000000000002,17.994411764705884,102,0,3121.0,3151.0,3139.75,3109.75,1203.3000000000002,1253.3000000000002
24,114,3160.375,1228.3000000000002,16.918750000000003,72,0,3151.0,3181.0,3169.75,3139.75,1203.3000000000002,1253.3000000000002
24,115,3190.375,1228.3000000000002,18.403801169590647,95,0,3181.0,3211.0,3199.75,3169.75,1203.3000000000002,1253.3000000000002
24,116,3220.375,1228.3000000000002,18.86344827586207,87,0,3211.0,3241.0,3229.75,3199.75,1203.3000000000002,1253.3000000000002
24,117,3250.375,1228.3000000000002,21.74329896907218,97,0,3241.0,3271.0,3259.75,3229.75,1203.3000000000002,1253.3000000000002
24,118,3280.375,1228.3000000000002,15.605819672131144,122,0,3271.0,3301.0,3289.75,3259.75,1203.3000000000002,1253.3000000000002
24,119,3310.375,1228.3000000000002,16.6530909090909,110,0,3301.0,3331.0,3319.75,3289.75,1203.3000000000002,1253.3000000000002
24,120,3340.375,1228.3000000000002,21.91923076923077,104,0,3331.0,3361.0,3349.75,3319.75,1203.3000000000002,1253.3000000000002
24,121,3370.375,1228.3000000000002,26.373733333333337,75,0,3361.0,3391.0,3379.75,3349.75,1203.3000000000002,1253.3000000000002
24,122,3400.375,1228.3000000000002,32.033333333333324,72,0,3391.0,3421.0,3409.75,3379.75,1203.3000000000002,1253.3000000000002
24,123,3430.375,1228.3000000000002,32.40308823529413,68,0,3421.0,3451.0,3439.75,3409.75,1203.3000000000002,1253.3000000000002
24,124,3460.375,1228.3000000000002,28.010789473684202,76,0,3451.0,3481.0,3469.75,3439.75,1203.3000000000002,1253.3000000000002
24,125,3490.375,1228.3000000000002,28.69566037735849,53,0,3481.0,3511.0,3499.75,3469.75,1203.3000000000002,1253.3000000000002
24,126,3520.375,1228.3000000000002,31.813174603174595,63,0,3511.0,3541.0,3529.75,3499.75,1203.3000000000002,1253.3000000000002
24,127,3550.375,1228.3000000000002,29.830987654320992,81,0,3541.0,3571.0,3559.75,3529.75,1203.3000000000002,1253.3000000000002
24,128,3580.375,1228.3000000000002,15.900982142857142,112,0,3571.0,3601.0,3589.75,3559.75,1203.3000000000002,1253.3000000000002
24,129,3610.375,1228.3000000000002,25.312413793103453,87,0,3601.0,3631.0,3619.75,3589.75,1203.3000000000002,1253.3000000000002
24,130,3640.375,1228.3000000000002,30.52887323943661,71,0,3631.0,3661.0,3649.75,3619.75,1203.3000000000002,1253.3000000000002
24,131,3670.375,1228.3000000000002,31.04756756756758,74,0,3661.0,3691.0,3679.75,3649.75,1203.3000000000002,1253.3000000000002
24,132,3700.375,1228.3000000000002,27.74859649122807,57,0,3691.0,3721.0,3709.75,3679.75,1203.3000000000002,1253.3000000000002
24,133,3730.375,1228.3000000000002,29.791212121212133,66,0,3721.0,3751.0,3739.75,3709.75,1203.3000000000002,1253.3000000000002
24,134,3760.375,1228.3000000000002,28.47307692307692,13,0,3751.0,3781.0,3769.75,3739.75,1203.3000000000002,1253.3000000000002
24,135,3790.375,1228.3000000000002,,0,0,3781.0,3811.0,3799.75,3769.75,1203.3000000000002,1253.3000000000002
24,136,3820.375,1228.3000000000002,,0,0,3811.0,3841.0,3829.75,3799.75,1203.3000000000002,1253.3000000000002
25,9,-0.875,1278.3000000000002,62.16217391304348,23,0,-10.25,19.75,8.5,-21.5,1253.3000000000002,1303.3000000000002
25,10,29.125,1278.3000000000002,61.97599999999999,25,0,19.75,49.75,38.5,8.5,1253.3000000000002,1303.3000000000002
25,11,59.125,1278.3000000000002,68.44269999999997,25,0,49.75,79.75,68.5,38.5,1253.3000000000002,1303.3000000000002
25,12,89.125,1278.3000000000002,64.27,22,0,79.75,109.75,98.5,68.5,1253.3000000000002,1303.3000000000002
25,13,119.125,1278.3000000000002,68.0321568627451,17,0,109.75,139.75,128.5,98.5,1253.3000000000002,1303.3000000000002
25,14,149.125,1278.3000000000002,54.60371428571429,35,0,139.75,169.75,158.5,128.5,1253.3000000000002,1303.3000000000002
25,15,179.125,1278.3000000000002,56.57059523809523,48,0,169.75,199.75,188.5,158.5,1253.3000000000002,1303.3000000000002
25,16,209.125,1278.3000000000002,66.71638888888889,36,0,199.75,229.75,218.5,188.5,1253.3000000000002,1303.3000000000002
25,17,239.125,1278.3000000000002,62.64153846153845,26,0,229.75,259.75,248.5,218.5,1253.3000000000002,1303.3000000000002
25,18,269.125,1278.3000000000002,63.370959595959604,44,0,259.75,289.75,278.5,248.5,1253.3000000000002,1303.3000000000002
25,19,299.125,1278.3000000000002,58.529629629629625,27,0,289.75,319.75,308.5,278.5,1253.3000000000002,1303.3000000000002
25,20,329.125,1278.3000000000002,61.99,22,0,319.75,349.75,338.5,308.5,1253.3000000000002,1303.3000000000002
25,21,359.125,1278.3000000000002,65.30875,16,0,349.75,379.75,368.5,338.5,1253.3000000000002,1303.3000000000002
25,22,389.125,1278.3000000000002,65.97588235294117,17,0,379.75,409.75,398.5,368.5,1253.3000000000002,1303.3000000000002
25,23,419.125,1278.3000000000002,63.067708333333314,16,0,409.75,439.75,428.5,398.5,1253.3000000000002,1303.3000000000002
25,24,449.125,1278.3000000000002,64.02666666666666,18,0,439.75,469.75,458.5,428.5,1253.3000000000002,1303.3000000000002
25,25,479.125,1278.3000000000002,50.936808080808085,55,0,469.75,499.75,488.5,458.5,1253.3000000000002,1303.3000000000002
25,26,509.125,1278.3000000000002,53.36945945945945,37,0,499.75,529.75,518.5,488.5,1253.3000000000002,1303.3000000000002
25,27,539.125,1278.3000000000002,57.82738372093023,43,0,529.75,559.75,548.5,518.5,1253.3000000000002,1303.3000000000002
25,28,569.125,1278.3000000000002,53.953097484276746,53,0,559.75,589.75,578.5,548.5,1253.3000000000002,1303.3000000000002
25,29,599.125,1278.3000000000002,52.13807291666666,48,0,589.75,619.75,608.5,578.5,1253.3000000000002,1303.3000000000002
25,30,629.125,1278.3000000000002,52.739661016949164,59,0,619.75,649.75,638.5,608.5,1253.3000000000002,1303.3000000000002
25,31,659.125,1278.3000000000002,51.505945945945946,37,0,649.75,679.75,668.5,638.5,1253.3000000000002,1303.3000000000002
25,32,689.125,1278.3000000000002,48.41818965517241,58,0,679.75,709.75,698.5,668.5,1253.3000000000002,1303.3000000000002
25,33,719.125,1278.3000000000002,45.27372222222222,45,0,709.75,739.75,728.5,698.5,1253.3000000000002,1303.3000000000002
25,34,749.125,1278.3000000000002,51.76960317460317,30,0,739.75,769.75,758.5,728.5,1253.3000000000002,1303.3000000000002
25,35,779.125,1278.3000000000002,51.806491228070186,57,0,769.75,799.75,788.5,758.5,1253.3000000000002,1303.3000000000002
25,36,809.125,1278.3000000000002,55.64656250000001,32,0,799.75,829.75,818.5,788.5,1253.3000000000002,1303.3000000000002
25,37,839.125,1278.3000000000002,46.9082659478886,53,0,829.75,859.75,848.5,818.5,1253.3000000000002,1303.3000000000002
25,38,869.125,1278.3000000000002,36.95649572649574,78,0,859.75,889.75,878.5,848.5,1253.3000000000002,1303.3000000000002
25,39,899.125,1278.3000000000002,46.25038251366122,61,0,889.75,919.75,908.5,878.5,1253.3000000000002,1303.3000000000002
25,40,929.125,1278.3000000000002,49.790980392156854,51,0,919.75,949.75,938.5,908.5,1253.3000000000002,1303.3000000000002
25,41,959.125,1278.3000000000002,49.3427659574468,47,0,949.75,979.75,968.5,938.5,1253.3000000000002,1303.3000000000002
25,42,989.125,1278.3000000000002,35.98894112919428,79,0,979.75,1009.75,998.5,968.5,1253.3000000000002,1303.3000000000002
25,43,1019.125,1278.3000000000002,35.85298507462686,67,0,1009.75,1039.75,1028.5,998.5,1253.3000000000002,1303.3000000000002
25,44,1049.125,1278.3000000000002,42.18090909090909,44,0,1039.75,1069.75,1058.5,1028.5,1253.3000000000002,1303.3000000000002
25,45,1079.125,1278.3000000000002,40.48597255851492,59,0,1069.75,1099.75,1088.5,1058.5,1253.3000000000002,1303.3000000000002
25,46,1109.125,1278.3000000000002,38.81908023483366,73,0,1099.75,1129.75,1118.5,1088.5,1253.3000000000002,1303.3000000000002
25,47,1139.125,1278.3000000000002,39.398787878787864,66,0,1129.75,1159.75,1148.5,1118.5,1253.3000000000002,1303.3000000000002
25,48,1169.125,1278.3000000000002,41.93694444444443,72,0,1159.75,1189.75,1178.5,1148.5,1253.3000000000002,1303.3000000000002
25,49,1199.125,1278.3000000000002,40.23,46,0,1189.75,1219.75,1208.5,1178.5,1253.3000000000002,1303.3000000000002
25,50,1229.125,1278.3000000000002,50.9005,40,0,1219.75,1249.75,1238.5,1208.5,1253.3000000000002,1303.3000000000002
25,51,1259.125,1278.3000000000002,40.66389344262294,61,0,1249.75,1279.75,1268.5,1238.5,1253.3000000000002,1303.3000000000002
25,52,1289.125,1278.3000000000002,40.25310263653484,59,0,1279.75,1309.75,1298.5,1268.5,1253.3000000000002,1303.3000000000002
25,53,1319.125,1278.3000000000002,43.966885245901636,61,0,1309.75,1339.75,1328.5,1298.5,1253.3000000000002,1303.3000000000002
25,54,1349.125,1278.3000000000002,41.330740740740744,54,0,1339.75,1369.75,1358.5,1328.5,1253.3000000000002,1303.3000000000002
25,55,1379.125,1278.3000000000002,39.6668220338983,59,0,1369.75,1399.75,1388.5,1358.5,1253.3000000000002,1303.3000000000002
25,56,1409.125,1278.3000000000002,38.82882173382173,78,0,1399.75,1429.75,1418.5,1388.5,1253.3000000000002,1303.3000000000002
25,57,1439.125,1278.3000000000002,36.91130434782608,69,0,1429.75,1459.75,1448.5,1418.5,1253.3000000000002,1303.3000000000002
25,58,1469.125,1278.3000000000002,42.80121794871795,52,0,1459.75,1489.75,1478.5,1448.5,1253.3000000000002,1303.3000000000002
25,59,1499.125,1278.3000000000002,42.74509433962264,53,0,1489.75,1519.75,1508.5,1478.5,1253.3000000000002,1303.3000000000002
25,60,1529.125,1278.3000000000002,45.937384987893466,59,0,1519.75,1549.75,1538.5,1508.5,1253.3000000000002,1303.3000000000002
25,61,1559.125,1278.3000000000002,40.61663594470046,62,0,1549.75,1579.75,1568.5,1538.5,1253.3000000000002,1303.3000000000002
25,62,1589.125,1278.3000000000002,41.21360774818402,59,0,1579.75,1609.75,1598.5,1568.5,1253.3000000000002,1303.3000000000002
25,63,1619.125,1278.3000000000002,34.185333333333354,60,0,1609.75,1639.75,1628.5,1598.5,1253.3000000000002,1303.3000000000002
25,64,1649.125,1278.3000000000002,26.877454844006557,87,0,1639.75,1669.75,1658.5,1628.5,1253.3000000000002,1303.3000000000002
25,65,1679.125,1278.3000000000002,31.708461538461524,78,0,1669.75,1699.75,1688.5,1658.5,1253.3000000000002,1303.3000000000002
25,66,1709.125,1278.3000000000002,33.7136,75,0,1699.75,1729.75,1718.5,1688.5,1253.3000000000002,1303.3000000000002
25,67,1739.125,1278.3000000000002,29.198720930232543,86,0,1729.75,1759.75,1748.5,1718.5,1253.3000000000002,1303.3000000000002
25,68,1769.125,1278.3000000000002,22.46475663716814,113,0,1759.75,1789.75,1778.5,1748.5,1253.3000000000002,1303.3000000000002
25,69,1799.125,1278.3000000000002,16.3543409090909,110,0,1789.75,1819.75,1808.5,1778.5,1253.3000000000002,1303.3000000000002
25,70,1829.125,1278.3000000000002,18.19867256637168,113,0,1819.75,1849.75,1838.5,1808.5,1253.3000000000002,1303.3000000000002
25,71,1859.125,1278.3000000000002,17.548383838383838,99,0,1849.75,1879.75,1868.5,1838.5,1253.3000000000002,1303.3000000000002
25,72,1889.125,1278.3000000000002,24.219111111111104,90,0,1879.75,1909.75,1898.5,1868.5,1253.3000000000002,1303.3000000000002
25,73,1919.125,1278.3000000000002,25.463478260869582,92,0,1909.75,1939.75,1928.5,1898.5,1253.3000000000002,1303.3000000000002
25,74,1949.125,1278.3000000000002,27.72132875143185,97,0,1939.75,1969.75,1958.5,1928.5,1253.3000000000002,1303.3000000000002
25,75,1979.125,1278.3000000000002,27.80953201970443,87,0,1969.75,1999.75,1988.5,1958.5,1253.3000000000002,1303.3000000000002
25,76,2009.125,1278.3000000000002,29.244567901234568,81,0,1999.75,2029.75,2018.5,1988.5,1253.3000000000002,1303.3000000000002
25,77,2039.125,1278.3000000000002,27.236329113924064,79,0,2029.75,2059.75,2048.5,2018.5,1253.3000000000002,1303.3000000000002
25,78,2069.125,1278.3000000000002,25.24505330490406,67,0,2059.75,2089.75,2078.5,2048.5,1253.3000000000002,1303.3000000000002
25,79,2099.125,1278.3000000000002,27.20226351351352,74,0,2089.75,2119.75,2108.5,2078.5,1253.3000000000002,1303.3000000000002
25,80,2129.125,1278.3000000000002,26.125934343434345,88,0,2119.75,2149.75,2138.5,2108.5,1253.3000000000002,1303.3000000000002
25,81,2159.125,1278.3000000000002,23.831495956873308,106,0,2149.75,2179.75,2168.5,2138.5,1253.3000000000002,1303.3000000000002
25,82,2189.125,1278.3000000000002,26.783593749999994,64,0,2179.75,2209.75,2198.5,2168.5,1253.3000000000002,1303.3000000000002
25,83,2219.125,1278.3000000000002,26.34718040621267,93,0,2209.75,2239.75,2228.5,2198.5,1253.3000000000002,1303.3000000000002
25,84,2249.125,1278.3000000000002,23.06813131313132,88,0,2239.75,2269.75,2258.5,2228.5,1253.3000000000002,1303.3000000000002
25,85,2279.125,1278.3000000000002,26.960998751560556,89,0,2269.75,2299.75,2288.5,2258.5,1253.3000000000002,1303.3000000000002
25,86,2309.125,1278.3000000000002,25.676728395061723,90,0,2299.75,2329.75,2318.5,2288.5,1253.3000000000002,1303.3000000000002
25,87,2339.125,1278.3000000000002,24.31250677506775,82,0,2329.75,2359.75,2348.5,2318.5,1253.3000000000002,1303.3000000000002
25,88,2369.125,1278.3000000000002,29.948450704225348,71,0,2359.75,2389.75,2378.5,2348.5,1253.3000000000002,1303.3000000000002
25,89,2399.125,1278.3000000000002,34.29729242979242,65,0,2389.75,2419.75,2408.5,2378.5,1253.3000000000002,1303.3000000000002
25,90,2429.125,1278.3000000000002,31.67880658436215,81,0,2419.75,2449.75,2438.5,2408.5,1253.3000000000002,1303.3000000000002
25,91,2459.125,1278.3000000000002,26.108236842105267,95,0,2449.75,2479.75,2468.5,2438.5,1253.3000000000002,1303.3000000000002
25,92,2489.125,1278.3000000000002,25.526455026455032,99,0,2479.75,2509.75,2498.5,2468.5,1253.3000000000002,1303.3000000000002
25,93,2519.125,1278.3000000000002,16.770546911834042,101,0,2509.75,2539.75,2528.5,2498.5,1253.3000000000002,1303.3000000000002
25,94,2549.125,1278.3000000000002,22.81651305683563,93,0,2539.75,2569.75,2558.5,2528.5,1253.3000000000002,1303.3000000000002
25,95,2579.125,1278.3000000000002,25.283396739130442,92,0,2569.75,2599.75,2588.5,2558.5,1253.3000000000002,1303.3000000000002
25,96,2609.125,1278.3000000000002,24.542235294117642,85,0,2599.75,2629.75,2618.5,2588.5,1253.3000000000002,1303.3000000000002
25,97,2639.125,1278.3000000000002,25.86633663366337,101,0,2629.75,2659.75,2648.5,2618.5,1253.3000000000002,1303.3000000000002
25,98,2669.125,1278.3000000000002,23.94779069767441,86,0,2659.75,2689.75,2678.5,2648.5,1253.3000000000002,1303.3000000000002
25,99,2699.125,1278.3000000000002,26.50693181818182,88,0,2689.75,2719.75,2708.5,2678.5,1253.3000000000002,1303.3000000000002
25,100,2729.125,1278.3000000000002,29.127500000000005,64,0,2719.75,2749.75,2738.5,2708.5,1253.3000000000002,1303.3000000000002
25,101,2759.125,1278.3000000000002,33.902833333333334,60,0,2749.75,2779.75,2768.5,2738.5,1253.3000000000002,1303.3000000000002
25,102,2789.125,1278.3000000000002,33.70189655172414,58,0,2779.75,2809.75,2798.5,2768.5,1253.3000000000002,1303.3000000000002
25,103,2819.125,1278.3000000000002,31.482679012345695,90,0,2809.75,2839.75,2828.5,2798.5,1253.3000000000002,1303.3000000000002
25,104,2849.125,1278.3000000000002,30.524358974358993,78,0,2839.75,2869.75,2858.5,2828.5,1253.3000000000002,1303.3000000000002
25,105,2879.125,1278.3000000000002,34.42230769230769,52,0,2869.75,2899.75,2888.5,2858.5,1253.3000000000002,1303.3000000000002
25,106,2909.125,1278.3000000000002,36.62882352941176,51,0,2899.75,2929.75,2918.5,2888.5,1253.3000000000002,1303.3000000000002
25,107,2939.125,1278.3000000000002,36.711857142857134,70,0,2929.75,2959.75,2948.5,2918.5,1253.3000000000002,1303.3000000000002
25,108,2969.125,1278.3000000000002,35.55276315789473,76,0,2959.75,2989.75,2978.5,2948.5,1253.3000000000002,1303.3000000000002
25,109,2999.125,1278.3000000000002,34.461935483870974,62,0,2989.75,3019.75,3008.5,2978.5,1253.3000000000002,1303.3000000000002
25,110,3029.125,1278.3000000000002,29.33945652173912,92,0,3019.75,3049.75,3038.5,3008.5,1253.3000000000002,1303.3000000000002
25,111,3059.125,1278.3000000000002,26.994993464052282,85,0,3049.75,3079.75,3068.5,3038.5,1253.3000000000002,1303.3000000000002
25,112,3089.125,1278.3000000000002,27.78785185185185,90,0,3079.75,3109.75,3098.5,3068.5,1253.3000000000002,1303.3000000000002
25,113,3119.125,1278.3000000000002,23.805868686868667,110,0,3109.75,3139.75,3128.5,3098.5,1253.3000000000002,1303.3000000000002
25,114,3149.125,1278.3000000000002,22.25146031746032,105,0,3139.75,3169.75,3158.5,3128.5,1253.3000000000002,1303.3000000000002
25,115,3179.125,1278.3000000000002,20.728612637362644,104,0,3169.75,3199.75,3188.5,3158.5,1253.3000000000002,1303.3000000000002
25,116,3209.125,1278.3000000000002,17.91243119266055,109,0,3199.75,3229.75,3218.5,3188.5,1253.3000000000002,1303.3000000000002
25,117,3239.125,1278.3000000000002,18.486410256410263,117,0,3229.75,3259.75,3248.5,3218.5,1253.3000000000002,1303.3000000000002
25,118,3269.125,1278.3000000000002,16.346279761904768,112,0,3259.75,3289.75,3278.5,3248.5,1253.3000000000002,1303.3000000000002
25,119,3299.125,1278.3000000000002,16.88558571428571,100,0,3289.75,3319.75,3308.5,3278.5,1253.3000000000002,1303.3000000000002
25,120,3329.125,1278.3000000000002,25.790194444444445,80,0,3319.75,3349.75,3338.5,3308.5,1253.3000000000002,1303.3000000000002
25,121,3359.125,1278.3000000000002,28.029285714285713,84,0,3349.75,3379.75,3368.5,3338.5,1253.3000000000002,1303.3000000000002
25,122,3389.125,1278.3000000000002,32.95772727272728,66,0,3379.75,3409.75,3398.5,3368.5,1253.3000000000002,1303.3000000000002
25,123,3419.125,1278.3000000000002,33.4153947368421,76,0,3409.75,3439.75,3428.5,3398.5,1253.3000000000002,1303.3000000000002
25,124,3449.125,1278.3000000000002,31.465343045112785,76,0,3439.75,3469.75,3458.5,3428.5,1253.3000000000002,1303.3000000000002
25,125,3479.125,1278.3000000000002,30.096266666666665,75,0,3469.75,3499.75,3488.5,3458.5,1253.3000000000002,1303.3000000000002
25,126,3509.125,1278.3000000000002,33.090666666666664,60,0,3499.75,3529.75,3518.5,3488.5,1253.3000000000002,1303.3000000000002
25,127,3539.125,1278.3000000000002,31.96409909909909,74,0,3529.75,3559.75,3548.5,3518.5,1253.3000000000002,1303.3000000000002
25,128,3569.125,1278.3000000000002,24.663106830747278,89,0,3559.75,3589.75,3578.5,3548.5,1253.3000000000002,1303.3000000000002
25,129,3599.125,1278.3000000000002,28.051069958847737,81,0,3589.75,3619.75,3608.5,3578.5,1253.3000000000002,1303.3000000000002
25,130,3629.125,1278.3000000000002,32.941323529411775,68,0,3619.75,3649.75,3638.5,3608.5,1253.3000000000002,1303.3000000000002
25,131,3659.125,1278.3000000000002,33.95126984126985,63,0,3649.75,3679.75,3668.5,3638.5,1253.3000000000002,1303.3000000000002
25,132,3689.125,1278.3000000000002,27.25147540983607,61,0,3679.75,3709.75,3698.5,3668.5,1253.3000000000002,1303.3000000000002
25,133,3719.125,1278.3000000000002,28.53627118644068,59,0,3709.75,3739.75,3728.5,3698.5,1253.3000000000002,1303.3000000000002
25,134,3749.125,1278.3000000000002,29.95645833333333,48,0,3739.75,3769.75,3758.5,3728.5,1253.3000000000002,1303.3000000000002
25,135,3779.125,1278.3000000000002,,0,0,3769.75,3799.75,3788.5,3758.5,1253.3000000000002,1303.3000000000002
25,136,3809.125,1278.3000000000002,,0,0,3799.75,3829.75,3818.5,3788.5,1253.3000000000002,1303.3000000000002
26,9,-12.125,1328.3000000000002,63.923333333333325,3,0,-21.5,8.5,-2.75,-32.75,1303.3000000000002,1353.3000000000002
26,10,17.875,1328.3000000000002,62.023142857142865,35,0,8.5,38.5,27.25,-2.75,1303.3000000000002,1353.3000000000002
26,11,47.875,1328.3000000000002,66.24791666666665,24,0,38.5,68.5,57.25,27.25,1303.3000000000002,1353.3000000000002
26,12,77.875,1328.3000000000002,71.87272727272726,22,0,68.5,98.5,87.25,57.25,1303.3000000000002,1353.3000000000002
26,13,107.875,1328.3000000000002,65.42217391304348,23,0,98.5,128.5,117.25,87.25,1303.3000000000002,1353.3000000000002
26,14,137.875,1328.3000000000002,67.26071428571429,14,0,128.5,158.5,147.25,117.25,1303.3000000000002,1353.3000000000002
26,15,167.875,1328.3000000000002,55.108196721311465,61,0,158.5,188.5,177.25,147.25,1303.3000000000002,1353.3000000000002
26,16,197.875,1328.3000000000002,64.3975,40,0,188.5,218.5,207.25,177.25,1303.3000000000002,1353.3000000000002
26,17,227.875,1328.3000000000002,67.56966666666668,30,0,218.5,248.5,237.25,207.25,1303.3000000000002,1353.3000000000002
26,18,257.875,1328.3000000000002,65.78372093023258,43,0,248.5,278.5,267.25,237.25,1303.3000000000002,1353.3000000000002
26,19,287.875,1328.3000000000002,63.557037037037055,27,0,278.5,308.5,297.25,267.25,1303.3000000000002,1353.3000000000002
26,20,317.875,1328.3000000000002,61.16148148148148,27,0,308.5,338.5,327.25,297.25,1303.3000000000002,1353.3000000000002
26,21,347.875,1328.3000000000002,67.04307692307692,13,0,338.5,368.5,357.25,327.25,1303.3000000000002,1353.3000000000002
26,22,377.875,1328.3000000000002,67.50470588235294,17,0,368.5,398.5,387.25,357.25,1303.3000000000002,1353.3000000000002
26,23,407.875,1328.3000000000002,66.49,14,0,398.5,428.5,417.25,387.25,1303.3000000000002,1353.3000000000002
26,24,437.875,1328.3000000000002,71.41733333333335,15,0,428.5,458.5,447.25,417.25,1303.3000000000002,1353.3000000000002
26,25,467.875,1328.3000000000002,54.52810810810811,37,0,458.5,488.5,477.25,447.25,1303.3000000000002,1353.3000000000002
26,26,497.875,1328.3000000000002,53.9845283018868,53,0,488.5,518.5,507.25,477.25,1303.3000000000002,1353.3000000000002
26,27,527.875,1328.3000000000002,60.19576923076924,26,0,518.5,548.5,537.25,507.25,1303.3000000000002,1353.3000000000002
26,28,557.875,1328.3000000000002,57.271666666666675,42,0,548.5,578.5,567.25,537.25,1303.3000000000002,1353.3000000000002
26,29,587.875,1328.3000000000002,53.854098360655726,61,0,578.5,608.5,597.25,567.25,1303.3000000000002,1353.3000000000002
26,30,617.875,1328.3000000000002,56.15499999999998,46,0,608.5,638.5,627.25,597.25,1303.3000000000002,1353.3000000000002
26,31,647.875,1328.3000000000002,53.08735849056604,53,0,638.5,668.5,657.25,627.25,1303.3000000000002,1353.3000000000002
26,32,677.875,1328.3000000000002,53.555757575757575,33,0,668.5,698.5,687.25,657.25,1303.3000000000002,1353.3000000000002
26,33,707.875,1328.3000000000002,46.74357142857141,56,0,698.5,728.5,717.25,687.25,1303.3000000000002,1353.3000000000002
26,34,737.875,1328.3000000000002,56.32758620689656,29,0,728.5,758.5,747.25,717.25,1303.3000000000002,1353.3000000000002
26,35,767.875,1328.3000000000002,51.6988,50,0,758.5,788.5,777.25,747.25,1303.3000000000002,1353.3000000000002
26,36,797.875,1328.3000000000002,55.159111111111095,45,0,788.5,818.5,807.25,777.25,1303.3000000000002,1353.3000000000002
26,37,827.875,1328.3000000000002,56.090857142857146,35,0,818.5,848.5,837.25,807.25,1303.3000000000002,1353.3000000000002
26,38,857.875,1328.3000000000002,42.7088524590164,61,0,848.5,878.5,867.25,837.25,1303.3000000000002,1353.3000000000002
26,39,887.875,1328.3000000000002,43.67428571428571,63,0,878.5,908.5,897.25,867.25,1303.3000000000002,1353.3000000000002
26,40,917.875,1328.3000000000002,51.95104166666666,48,0,908.5,938.5,927.25,897.25,1303.3000000000002,1353.3000000000002
26,41,947.875,1328.3000000000002,54.614250000000006,40,0,938.5,968.5,957.25,927.25,1303.3000000000002,1353.3000000000002
26,42,977.875,1328.3000000000002,49.03857142857145,56,0,968.5,998.5,987.25,957.25,1303.3000000000002,1353.3000000000002
26,43,1007.875,1328.3000000000002,41.09892307692308,65,0,998.5,1028.5,1017.25,987.25,1303.3000000000002,1353.3000000000002
26,44,1037.875,1328.3000000000002,45.09681818181817,44,0,1028.5,1058.5,1047.25,1017.25,1303.3000000000002,1353.3000000000002
26,45,1067.875,1328.3000000000002,45.808723404255346,47,0,1058.5,1088.5,1077.25,1047.25,1303.3000000000002,1353.3000000000002
26,46,1097.875,1328.3000000000002,45.87519230769231,52,0,1088.5,1118.5,1107.25,1077.25,1303.3000000000002,1353.3000000000002
26,47,1127.875,1328.3000000000002,39.655588235294125,68,0,1118.5,1148.5,1137.25,1107.25,1303.3000000000002,1353.3000000000002
26,48,1157.875,1328.3000000000002,44.45391304347827,69,0,1148.5,1178.5,1167.25,1137.25,1303.3000000000002,1353.3000000000002
26,49,1187.875,1328.3000000000002,44.404444444444444,63,0,1178.5,1208.5,1197.25,1167.25,1303.3000000000002,1353.3000000000002
26,50,1217.875,1328.3000000000002,51.915,28,0,1208.5,1238.5,1227.25,1197.25,1303.3000000000002,1353.3000000000002
26,51,1247.875,1328.3000000000002,52.334999999999994,42,0,1238.5,1268.5,1257.25,1227.25,1303.3000000000002,1353.3000000000002
26,52,1277.875,1328.3000000000002,42.13984615384616,65,0,1268.5,1298.5,1287.25,1257.25,1303.3000000000002,1353.3000000000002
26,53,1307.875,1328.3000000000002,46.50102040816326,49,0,1298.5,1328.5,1317.25,1287.25,1303.3000000000002,1353.3000000000002
26,54,1337.875,1328.3000000000002,46.74791666666665,48,0,1328.5,1358.5,1347.25,1317.25,1303.3000000000002,1353.3000000000002
26,55,1367.875,1328.3000000000002,41.72254237288136,59,0,1358.5,1388.5,1377.25,1347.25,1303.3000000000002,1353.3000000000002
26,56,1397.875,1328.3000000000002,44.86750000000001,56,0,1388.5,1418.5,1407.25,1377.25,1303.3000000000002,1353.3000000000002
26,57,1427.875,1328.3000000000002,42.92463768115943,69,0,1418.5,1448.5,1437.25,1407.25,1303.3000000000002,1353.3000000000002
26,58,1457.875,1328.3000000000002,42.523773584905676,53,0,1448.5,1478.5,1467.25,1437.25,1303.3000000000002,1353.3000000000002
26,59,1487.875,1328.3000000000002,46.26465116279069,43,0,1478.5,1508.5,1497.25,1467.25,1303.3000000000002,1353.3000000000002
26,60,1517.875,1328.3000000000002,46.352631578947374,57,0,1508.5,1538.5,1527.25,1497.25,1303.3000000000002,1353.3000000000002
26,61,1547.875,1328.3000000000002,48.39477272727274,44,0,1538.5,1568.5,1557.25,1527.25,1303.3000000000002,1353.3000000000002
26,62,1577.875,1328.3000000000002,46.08528301886793,53,0,1568.5,1598.5,1587.25,1557.25,1303.3000000000002,1353.3000000000002
26,63,1607.875,1328.3000000000002,43.101063829787236,47,0,1598.5,1628.5,1617.25,1587.25,1303.3000000000002,1353.3000000000002
26,64,1637.875,1328.3000000000002,33.778970588235296,68,0,1628.5,1658.5,1647.25,1617.25,1303.3000000000002,1353.3000000000002
26,65,1667.875,1328.3000000000002,34.38380281690141,71,0,1658.5,1688.5,1677.25,1647.25,1303.3000000000002,1353.3000000000002
26,66,1697.875,1328.3000000000002,35.661095238095236,70,0,1688.5,1718.5,1707.25,1677.25,1303.3000000000002,1353.3000000000002
26,67,1727.875,1328.3000000000002,34.70972602739726,73,0,1718.5,1748.5,1737.25,1707.25,1303.3000000000002,1353.3000000000002
26,68,1757.875,1328.3000000000002,30.94866666666668,90,0,1748.5,1778.5,1767.25,1737.25,1303.3000000000002,1353.3000000000002
26,69,1787.875,1328.3000000000002,20.120571428571427,105,0,1778.5,1808.5,1797.25,1767.25,1303.3000000000002,1353.3000000000002
26,70,1817.875,1328.3000000000002,20.299905660377366,106,0,1808.5,1838.5,1827.25,1797.25,1303.3000000000002,1353.3000000000002
26,71,1847.875,1328.3000000000002,20.361684210526306,95,0,1838.5,1868.5,1857.25,1827.25,1303.3000000000002,1353.3000000000002
26,72,1877.875,1328.3000000000002,29.27264705882353,68,0,1868.5,1898.5,1887.25,1857.25,1303.3000000000002,1353.3000000000002
26,73,1907.875,1328.3000000000002,32.47452054794519,73,0,1898.5,1928.5,1917.25,1887.25,1303.3000000000002,1353.3000000000002
26,74,1937.875,1328.3000000000002,34.35367647058825,68,0,1928.5,1958.5,1947.25,1917.25,1303.3000000000002,1353.3000000000002
26,75,1967.875,1328.3000000000002,30.958292682926825,82,0,1958.5,1988.5,1977.25,1947.25,1303.3000000000002,1353.3000000000002
26,76,1997.875,1328.3000000000002,32.02202247191012,89,0,1988.5,2018.5,2007.25,1977.25,1303.3000000000002,1353.3000000000002
26,77,2027.875,1328.3000000000002,37.47800000000001,55,0,2018.5,2048.5,2037.25,2007.25,1303.3000000000002,1353.3000000000002
26,78,2057.875,1328.3000000000002,33.89867647058824,68,0,2048.5,2078.5,2067.25,2037.25,1303.3000000000002,1353.3000000000002
26,79,2087.875,1328.3000000000002,27.10333333333333,75,0,2078.5,2108.5,2097.25,2067.25,1303.3000000000002,1353.3000000000002
26,80,2117.875,1328.3000000000002,35.25474576271184,59,0,2108.5,2138.5,2127.25,2097.25,1303.3000000000002,1353.3000000000002
26,81,2147.875,1328.3000000000002,32.94753246753246,77,0,2138.5,2168.5,2157.25,2127.25,1303.3000000000002,1353.3000000000002
26,82,2177.875,1328.3000000000002,32.695125000000004,80,0,2168.5,2198.5,2187.25,2157.25,1303.3000000000002,1353.3000000000002
26,83,2207.875,1328.3000000000002,32.73454545454546,66,0,2198.5,2228.5,2217.25,2187.25,1303.3000000000002,1353.3000000000002
26,84,2237.875,1328.3000000000002,34.11863636363637,66,0,2228.5,2258.5,2247.25,2217.25,1303.3000000000002,1353.3000000000002
26,85,2267.875,1328.3000000000002,33.420303030303025,66,0,2258.5,2288.5,2277.25,2247.25,1303.3000000000002,1353.3000000000002
26,86,2297.875,1328.3000000000002,30.11871794871795,78,0,2288.5,2318.5,2307.25,2277.25,1303.3000000000002,1353.3000000000002
26,87,2327.875,1328.3000000000002,28.989864864864863,74,0,2318.5,2348.5,2337.25,2307.25,1303.3000000000002,1353.3000000000002
26,88,2357.875,1328.3000000000002,35.480500000000006,60,0,2348.5,2378.5,2367.25,2337.25,1303.3000000000002,1353.3000000000002
26,89,2387.875,1328.3000000000002,37.11299999999999,50,0,2378.5,2408.5,2397.25,2367.25,1303.3000000000002,1353.3000000000002
26,90,2417.875,1328.3000000000002,34.512142857142855,84,0,2408.5,2438.5,2427.25,2397.25,1303.3000000000002,1353.3000000000002
26,91,2447.875,1328.3000000000002,29.128181818181826,88,0,2438.5,2468.5,2457.25,2427.25,1303.3000000000002,1353.3000000000002
26,92,2477.875,1328.3000000000002,28.961363636363636,88,0,2468.5,2498.5,2487.25,2457.25,1303.3000000000002,1353.3000000000002
26,93,2507.875,1328.3000000000002,22.844947368421064,95,0,2498.5,2528.5,2517.25,2487.25,1303.3000000000002,1353.3000000000002
26,94,2537.875,1328.3000000000002,29.36612903225806,62,0,2528.5,2558.5,2547.25,2517.25,1303.3000000000002,1353.3000000000002
26,95,2567.875,1328.3000000000002,29.028089887640466,89,0,2558.5,2588.5,2577.25,2547.25,1303.3000000000002,1353.3000000000002
26,96,2597.875,1328.3000000000002,23.182264150943404,106,0,2588.5,2618.5,2607.25,2577.25,1303.3000000000002,1353.3000000000002
26,97,2627.875,1328.3000000000002,25.772098765432094,81,0,2618.5,2648.5,2637.25,2607.25,1303.3000000000002,1353.3000000000002
26,98,2657.875,1328.3000000000002,28.643763440860212,93,0,2648.5,2678.5,2667.25,2637.25,1303.3000000000002,1353.3000000000002
26,99,2687.875,1328.3000000000002,31.715999999999994,60,0,2678.5,2708.5,2697.25,2667.25,1303.3000000000002,1353.3000000000002
26,100,2717.875,1328.3000000000002,34.172982456140346,57,0,2708.5,2738.5,2727.25,2697.25,1303.3000000000002,1353.3000000000002
26,101,2747.875,1328.3000000000002,38.30619047619048,48,0,2738.5,2768.5,2757.25,2727.25,1303.3000000000002,1353.3000000000002
26,102,2777.875,1328.3000000000002,37.8154,50,0,2768.5,2798.5,2787.25,2757.25,1303.3000000000002,1353.3000000000002
26,103,2807.875,1328.3000000000002,40.53666666666666,60,0,2798.5,2828.5,2817.25,2787.25,1303.3000000000002,1353.3000000000002
26,104,2837.875,1328.3000000000002,35.34610389610391,77,0,2828.5,2858.5,2847.25,2817.25,1303.3000000000002,1353.3000000000002
26,105,2867.875,1328.3000000000002,37.17391304347825,69,0,2858.5,2888.5,2877.25,2847.25,1303.3000000000002,1353.3000000000002
26,106,2897.875,1328.3000000000002,38.56894736842105,57,0,2888.5,2918.5,2907.25,2877.25,1303.3000000000002,1353.3000000000002
26,107,2927.875,1328.3000000000002,42.59179999999999,50,0,2918.5,2948.5,2937.25,2907.25,1303.3000000000002,1353.3000000000002
26,108,2957.875,1328.3000000000002,40.804626865671636,67,0,2948.5,2978.5,2967.25,2937.25,1303.3000000000002,1353.3000000000002
26,109,2987.875,1328.3000000000002,38.35848484848485,66,0,2978.5,3008.5,2997.25,2967.25,1303.3000000000002,1353.3000000000002
26,110,3017.875,1328.3000000000002,35.84690140845071,71,0,3008.5,3038.5,3027.25,2997.25,1303.3000000000002,1353.3000000000002
26,111,3047.875,1328.3000000000002,32.67142857142858,84,0,3038.5,3068.5,3057.25,3027.25,1303.3000000000002,1353.3000000000002
26,112,3077.875,1328.3000000000002,30.582058823529405,68,0,3068.5,3098.5,3087.25,3057.25,1303.3000000000002,1353.3000000000002
26,113,3107.875,1328.3000000000002,30.658163265306122,98,0,3098.5,3128.5,3117.25,3087.25,1303.3000000000002,1353.3000000000002
26,114,3137.875,1328.3000000000002,27.25510204081631,98,0,3128.5,3158.5,3147.25,3117.25,1303.3000000000002,1353.3000000000002
26,115,3167.875,1328.3000000000002,25.50779069767442,86,0,3158.5,3188.5,3177.25,3147.25,1303.3000000000002,1353.3000000000002
26,116,3197.875,1328.3000000000002,24.31142857142857,105,0,3188.5,3218.5,3207.25,3177.25,1303.3000000000002,1353.3000000000002
26,117,3227.875,1328.3000000000002,25.59604938271604,81,0,3218.5,3248.5,3237.25,3207.25,1303.3000000000002,1353.3000000000002
26,118,3257.875,1328.3000000000002,24.44241071428572,112,0,3248.5,3278.5,3267.25,3237.25,1303.3000000000002,1353.3000000000002
26,119,3287.875,1328.3000000000002,21.3043023255814,86,0,3278.5,3308.5,3297.25,3267.25,1303.3000000000002,1353.3000000000002
26,120,3317.875,1328.3000000000002,31.39953125,64,0,3308.5,3338.5,3327.25,3297.25,1303.3000000000002,1353.3000000000002
26,121,3347.875,1328.3000000000002,34.69101449275363,69,0,3338.5,3368.5,3357.25,3327.25,1303.3000000000002,1353.3000000000002
26,122,3377.875,1328.3000000000002,36.46484848484846,66,0,3368.5,3398.5,3387.25,3357.25,1303.3000000000002,1353.3000000000002
26,123,3407.875,1328.3000000000002,40.135,60,0,3398.5,3428.5,3417.25,3387.25,1303.3000000000002,1353.3000000000002
26,124,3437.875,1328.3000000000002,36.91656716417911,67,0,3428.5,3458.5,3447.25,3417.25,1303.3000000000002,1353.3000000000002
26,125,3467.875,1328.3000000000002,36.605000000000004,66,0,3458.5,3488.5,3477.25,3447.25,1303.3000000000002,1353.3000000000002
26,126,3497.875,1328.3000000000002,37.915306122448975,49,0,3488.5,3518.5,3507.25,3477.25,1303.3000000000002,1353.3000000000002
26,127,3527.875,1328.3000000000002,34.85337837837838,74,0,3518.5,3548.5,3537.25,3507.25,1303.3000000000002,1353.3000000000002
26,128,3557.875,1328.3000000000002,36.37636363636365,66,0,3548.5,3578.5,3567.25,3537.25,1303.3000000000002,1353.3000000000002
26,129,3587.875,1328.3000000000002,36.68129032258065,62,0,3578.5,3608.5,3597.25,3567.25,1303.3000000000002,1353.3000000000002
26,130,3617.875,1328.3000000000002,37.883606557377064,61,0,3608.5,3638.5,3627.25,3597.25,1303.3000000000002,1353.3000000000002
26,131,3647.875,1328.3000000000002,40.10039999999999,50,0,3638.5,3668.5,3657.25,3627.25,1303.3000000000002,1353.3000000000002
26,132,3677.875,1328.3000000000002,37.46982142857143,56,0,3668.5,3698.5,3687.25,3657.25,1303.3000000000002,1353.3000000000002
26,133,3707.875,1328.3000000000002,30.88020408163265,49,0,3698.5,3728.5,3717.25,3687.25,1303.3000000000002,1353.3000000000002
26,134,3737.875,1328.3000000000002,35.94039215686274,51,0,3728.5,3758.5,3747.25,3717.25,1303.3000000000002,1353.3000000000002
26,135,3767.875,1328.3000000000002,36.455,14,0,3758.5,3788.5,3777.25,3747.25,1303.3000000000002,1353.3000000000002
26,136,3797.875,1328.3000000000002,,0,0,3788.5,3818.5,3807.25,3777.25,1303.3000000000002,1353.3000000000002
26,137,3827.875,1328.3000000000002,,0,0,3818.5,3848.5,3837.25,3807.25,1303.3000000000002,1353.3000000000002
27,10,6.625,1378.3000000000002,61.830606060606065,33,0,-2.75,27.25,16.0,-14.0,1353.3000000000002,1403.3000000000002
27,11,36.625,1378.3000000000002,63.15730769230768,26,0,27.25,57.25,46.0,16.0,1353.3000000000002,1403.3000000000002
27,12,66.625,1378.3000000000002,68.4503846153846,26,0,57.25,87.25,76.0,46.0,1353.3000000000002,1403.3000000000002
27,13,96.625,1378.3000000000002,66.7011111111111,27,0,87.25,117.25,106.0,76.0,1353.3000000000002,1403.3000000000002
27,14,126.625,1378.3000000000002,70.72285714285714,14,0,117.25,147.25,136.0,106.0,1353.3000000000002,1403.3000000000002
27,15,156.625,1378.3000000000002,54.10447368421052,38,0,147.25,177.25,166.0,136.0,1353.3000000000002,1403.3000000000002
27,16,186.625,1378.3000000000002,57.59901960784314,51,0,177.25,207.25,196.0,166.0,1353.3000000000002,1403.3000000000002
27,17,216.625,1378.3000000000002,65.59255813953487,43,0,207.25,237.25,226.0,196.0,1353.3000000000002,1403.3000000000002
27,18,246.625,1378.3000000000002,66.03,27,0,237.25,267.25,256.0,226.0,1353.3000000000002,1403.3000000000002
27,19,276.625,1378.3000000000002,63.93874999999999,48,0,267.25,297.25,286.0,256.0,1353.3000000000002,1403.3000000000002
27,20,306.625,1378.3000000000002,59.83291666666667,24,0,297.25,327.25,316.0,286.0,1353.3000000000002,1403.3000000000002
27,21,336.625,1378.3000000000002,61.60699999999999,20,0,327.25,357.25,346.0,316.0,1353.3000000000002,1403.3000000000002
27,22,366.625,1378.3000000000002,66.24066666666667,15,0,357.25,387.25,376.0,346.0,1353.3000000000002,1403.3000000000002
27,23,396.625,1378.3000000000002,69.09722222222223,18,0,387.25,417.25,406.0,376.0,1353.3000000000002,1403.3000000000002
27,24,426.625,1378.3000000000002,67.989375,16,0,417.25,447.25,436.0,406.0,1353.3000000000002,1403.3000000000002
27,25,456.625,1378.3000000000002,63.42875000000001,16,0,447.25,477.25,466.0,436.0,1353.3000000000002,1403.3000000000002
27,26,486.625,1378.3000000000002,52.58125,56,0,477.25,507.25,496.0,466.0,1353.3000000000002,1403.3000000000002
27,27,516.625,1378.3000000000002,52.805833333333325,36,0,507.25,537.25,526.0,496.0,1353.3000000000002,1403.3000000000002
27,28,546.625,1378.3000000000002,58.49488372093024,43,0,537.25,567.25,556.0,526.0,1353.3000000000002,1403.3000000000002
27,29,576.625,1378.3000000000002,52.93,56,0,567.25,597.25,586.0,556.0,1353.3000000000002,1403.3000000000002
27,30,606.625,1378.3000000000002,52.905283018867934,53,0,597.25,627.25,616.0,586.0,1353.3000000000002,1403.3000000000002
27,31,636.625,1378.3000000000002,52.45741379310344,58,0,627.25,657.25,646.0,616.0,1353.3000000000002,1403.3000000000002
27,32,666.625,1378.3000000000002,51.693488372093036,43,0,657.25,687.25,676.0,646.0,1353.3000000000002,1403.3000000000002
27,33,696.625,1378.3000000000002,48.053448275862074,58,0,687.25,717.25,706.0,676.0,1353.3000000000002,1403.3000000000002
27,34,726.625,1378.3000000000002,49.591999999999985,45,0,717.25,747.25,736.0,706.0,1353.3000000000002,1403.3000000000002
27,35,756.625,1378.3000000000002,50.46272727272728,33,0,747.25,777.25,766.0,736.0,1353.3000000000002,1403.3000000000002
27,36,786.625,1378.3000000000002,48.348484848484865,66,0,777.25,807.25,796.0,766.0,1353.3000000000002,1403.3000000000002
27,37,816.625,1378.3000000000002,56.6428125,32,0,807.25,837.25,826.0,796.0,1353.3000000000002,1403.3000000000002
27,38,846.625,1378.3000000000002,50.5432558139535,43,0,837.25,867.25,856.0,826.0,1353.3000000000002,1403.3000000000002
27,39,876.625,1378.3000000000002,38.45181818181819,77,0,867.25,897.25,886.0,856.0,1353.3000000000002,1403.3000000000002
27,40,906.625,1378.3000000000002,46.7626153846154,65,0,897.25,927.25,916.0,886.0,1353.3000000000002,1403.3000000000002
27,41,936.625,1378.3000000000002,54.18519999999999,50,0,927.25,957.25,946.0,916.0,1353.3000000000002,1403.3000000000002
27,42,966.625,1378.3000000000002,53.07977777777777,45,0,957.25,987.25,976.0,946.0,1353.3000000000002,1403.3000000000002
27,43,996.625,1378.3000000000002,47.17753846153845,65,0,987.25,1017.25,1006.0,976.0,1353.3000000000002,1403.3000000000002
27,44,1026.625,1378.3000000000002,41.0931746031746,63,0,1017.25,1047.25,1036.0,1006.0,1353.3000000000002,1403.3000000000002
27,45,1056.625,1378.3000000000002,49.29733333333335,45,0,1047.25,1077.25,1066.0,1036.0,1353.3000000000002,1403.3000000000002
27,46,1086.625,1378.3000000000002,46.30854166666666,48,0,1077.25,1107.25,1096.0,1066.0,1353.3000000000002,1403.3000000000002
27,47,1116.625,1378.3000000000002,44.578360655737704,61,0,1107.25,1137.25,1126.0,1096.0,1353.3000000000002,1403.3000000000002
27,48,1146.625,1378.3000000000002,41.534516129032255,62,0,1137.25,1167.25,1156.0,1126.0,1353.3000000000002,1403.3000000000002
27,49,1176.625,1378.3000000000002,44.58098591549295,71,0,1167.25,1197.25,1186.0,1156.0,1353.3000000000002,1403.3000000000002
27,50,1206.625,1378.3000000000002,46.157073170731714,41,0,1197.25,1227.25,1216.0,1186.0,1353.3000000000002,1403.3000000000002
27,51,1236.625,1378.3000000000002,54.38029411764707,34,0,1227.25,1257.25,1246.0,1216.0,1353.3000000000002,1403.3000000000002
27,52,1266.625,1378.3000000000002,46.48618181818181,55,0,1257.25,1287.25,1276.0,1246.0,1353.3000000000002,1403.3000000000002
27,53,1296.625,1378.3000000000002,40.98126984126983,63,0,1287.25,1317.25,1306.0,1276.0,1353.3000000000002,1403.3000000000002
27,54,1326.625,1378.3000000000002,45.593272727272726,55,0,1317.25,1347.25,1336.0,1306.0,1353.3000000000002,1403.3000000000002
27,55,1356.625,1378.3000000000002,45.252888888888876,45,0,1347.25,1377.25,1366.0,1336.0,1353.3000000000002,1403.3000000000002
27,56,1386.625,1378.3000000000002,43.05813559322032,59,0,1377.25,1407.25,1396.0,1366.0,1353.3000000000002,1403.3000000000002
27,57,1416.625,1378.3000000000002,46.34537313432836,67,0,1407.25,1437.25,1426.0,1396.0,1353.3000000000002,1403.3000000000002
27,58,1446.625,1378.3000000000002,41.94078124999999,64,0,1437.25,1467.25,1456.0,1426.0,1353.3000000000002,1403.3000000000002
27,59,1476.625,1378.3000000000002,43.8423076923077,52,0,1467.25,1497.25,1486.0,1456.0,1353.3000000000002,1403.3000000000002
27,60,1506.625,1378.3000000000002,43.69872340425531,47,0,1497.25,1527.25,1516.0,1486.0,1353.3000000000002,1403.3000000000002
27,61,1536.625,1378.3000000000002,45.753499999999995,60,0,1527.25,1557.25,1546.0,1516.0,1353.3000000000002,1403.3000000000002
27,62,1566.625,1378.3000000000002,47.77568627450981,51,0,1557.25,1587.25,1576.0,1546.0,1353.3000000000002,1403.3000000000002
27,63,1596.625,1378.3000000000002,44.9057894736842,57,0,1587.25,1617.25,1606.0,1576.0,1353.3000000000002,1403.3000000000002
27,64,1626.625,1378.3000000000002,39.71999999999999,52,0,1617.25,1647.25,1636.0,1606.0,1353.3000000000002,1403.3000000000002
27,65,1656.625,1378.3000000000002,35.490999999999985,70,0,1647.25,1677.25,1666.0,1636.0,1353.3000000000002,1403.3000000000002
27,66,1686.625,1378.3000000000002,35.370000000000005,66,0,1677.25,1707.25,1696.0,1666.0,1353.3000000000002,1403.3000000000002
27,67,1716.625,1378.3000000000002,31.540389610389614,77,0,1707.25,1737.25,1726.0,1696.0,1353.3000000000002,1403.3000000000002
27,68,1746.625,1378.3000000000002,27.972087912087908,91,0,1737.25,1767.25,1756.0,1726.0,1353.3000000000002,1403.3000000000002
27,69,1776.625,1378.3000000000002,21.6033695652174,92,0,1767.25,1797.25,1786.0,1756.0,1353.3000000000002,1403.3000000000002
27,70,1806.625,1378.3000000000002,27.57260869565218,69,0,1797.25,1827.25,1816.0,1786.0,1353.3000000000002,1403.3000000000002
27,71,1836.625,1378.3000000000002,27.43957746478873,71,0,1827.25,1857.25,1846.0,1816.0,1353.3000000000002,1403.3000000000002
27,72,1866.625,1378.3000000000002,32.2595081967213,61,0,1857.25,1887.25,1876.0,1846.0,1353.3000000000002,1403.3000000000002
27,73,1896.625,1378.3000000000002,36.204354838709676,62,0,1887.25,1917.25,1906.0,1876.0,1353.3000000000002,1403.3000000000002
27,74,1926.625,1378.3000000000002,35.36602739726027,73,0,1917.25,1947.25,1936.0,1906.0,1353.3000000000002,1403.3000000000002
27,75,1956.625,1378.3000000000002,36.025217391304345,69,0,1947.25,1977.25,1966.0,1936.0,1353.3000000000002,1403.3000000000002
27,76,1986.625,1378.3000000000002,33.95054794520547,73,0,1977.25,2007.25,1996.0,1966.0,1353.3000000000002,1403.3000000000002
27,77,2016.625,1378.3000000000002,33.45756410256409,78,0,2007.25,2037.25,2026.0,1996.0,1353.3000000000002,1403.3000000000002
27,78,2046.625,1378.3000000000002,39.68862068965517,58,0,2037.25,2067.25,2056.0,2026.0,1353.3000000000002,1403.3000000000002
27,79,2076.625,1378.3000000000002,33.006792452830176,53,0,2067.25,2097.25,2086.0,2056.0,1353.3000000000002,1403.3000000000002
27,80,2106.625,1378.3000000000002,32.008428571428574,70,0,2097.25,2127.25,2116.0,2086.0,1353.3000000000002,1403.3000000000002
27,81,2136.625,1378.3000000000002,37.84400000000001,65,0,2127.25,2157.25,2146.0,2116.0,1353.3000000000002,1403.3000000000002
27,82,2166.625,1378.3000000000002,34.942876712328776,73,0,2157.25,2187.25,2176.0,2146.0,1353.3000000000002,1403.3000000000002
27,83,2196.625,1378.3000000000002,34.686206896551724,58,0,2187.25,2217.25,2206.0,2176.0,1353.3000000000002,1403.3000000000002
27,84,2226.625,1378.3000000000002,35.220555555555535,72,0,2217.25,2247.25,2236.0,2206.0,1353.3000000000002,1403.3000000000002
27,85,2256.625,1378.3000000000002,38.27333333333334,57,0,2247.25,2277.25,2266.0,2236.0,1353.3000000000002,1403.3000000000002
27,86,2286.625,1378.3000000000002,36.74468749999999,64,0,2277.25,2307.25,2296.0,2266.0,1353.3000000000002,1403.3000000000002
27,87,2316.625,1378.3000000000002,33.57913043478261,69,0,2307.25,2337.25,2326.0,2296.0,1353.3000000000002,1403.3000000000002
27,88,2346.625,1378.3000000000002,35.70383333333333,60,0,2337.25,2367.25,2356.0,2326.0,1353.3000000000002,1403.3000000000002
27,89,2376.625,1378.3000000000002,39.66254901960784,51,0,2367.25,2397.25,2386.0,2356.0,1353.3000000000002,1403.3000000000002
27,90,2406.625,1378.3000000000002,37.18944444444445,54,0,2397.25,2427.25,2416.0,2386.0,1353.3000000000002,1403.3000000000002
27,91,2436.625,1378.3000000000002,28.51400000000001,80,0,2427.25,2457.25,2446.0,2416.0,1353.3000000000002,1403.3000000000002
27,92,2466.625,1378.3000000000002,25.192653061224487,98,0,2457.25,2487.25,2476.0,2446.0,1353.3000000000002,1403.3000000000002
27,93,2496.625,1378.3000000000002,20.04726315789474,95,0,2487.25,2517.25,2506.0,2476.0,1353.3000000000002,1403.3000000000002
27,94,2526.625,1378.3000000000002,29.561749999999996,80,0,2517.25,2547.25,2536.0,2506.0,1353.3000000000002,1403.3000000000002
27,95,2556.625,1378.3000000000002,29.040609756097556,82,0,2547.25,2577.25,2566.0,2536.0,1353.3000000000002,1403.3000000000002
27,96,2586.625,1378.3000000000002,25.007882352941166,85,0,2577.25,2607.25,2596.0,2566.0,1353.3000000000002,1403.3000000000002
27,97,2616.625,1378.3000000000002,27.43125,80,0,2607.25,2637.25,2626.0,2596.0,1353.3000000000002,1403.3000000000002
27,98,2646.625,1378.3000000000002,29.15085365853659,82,0,2637.25,2667.25,2656.0,2626.0,1353.3000000000002,1403.3000000000002
27,99,2676.625,1378.3000000000002,32.327121212121206,66,0,2667.25,2697.25,2686.0,2656.0,1353.3000000000002,1403.3000000000002
27,100,2706.625,1378.3000000000002,36.15902777777777,72,0,2697.25,2727.25,2716.0,2686.0,1353.3000000000002,1403.3000000000002
27,101,2736.625,1378.3000000000002,34.15204081632653,49,0,2727.25,2757.25,2746.0,2716.0,1353.3000000000002,1403.3000000000002
27,102,2766.625,1378.3000000000002,37.247384615384604,65,0,2757.25,2787.25,2776.0,2746.0,1353.3000000000002,1403.3000000000002
27,103,2796.625,1378.3000000000002,40.03942307692308,52,0,2787.25,2817.25,2806.0,2776.0,1353.3000000000002,1403.3000000000002
27,104,2826.625,1378.3000000000002,40.63608695652173,69,0,2817.25,2847.25,2836.0,2806.0,1353.3000000000002,1403.3000000000002
27,105,2856.625,1378.3000000000002,37.5125352112676,71,0,2847.25,2877.25,2866.0,2836.0,1353.3000000000002,1403.3000000000002
27,106,2886.625,1378.3000000000002,35.489107142857144,56,0,2877.25,2907.25,2896.0,2866.0,1353.3000000000002,1403.3000000000002
27,107,2916.625,1378.3000000000002,38.63032258064515,62,0,2907.25,2937.25,2926.0,2896.0,1353.3000000000002,1403.3000000000002
27,108,2946.625,1378.3000000000002,41.00861111111111,72,0,2937.25,2967.25,2956.0,2926.0,1353.3000000000002,1403.3000000000002
27,109,2976.625,1378.3000000000002,38.17999999999999,80,0,2967.25,2997.25,2986.0,2956.0,1353.3000000000002,1403.3000000000002
27,110,3006.625,1378.3000000000002,34.15555555555555,72,0,2997.25,3027.25,3016.0,2986.0,1353.3000000000002,1403.3000000000002
27,111,3036.625,1378.3000000000002,31.61902173913043,92,0,3027.25,3057.25,3046.0,3016.0,1353.3000000000002,1403.3000000000002
27,112,3066.625,1378.3000000000002,28.129727891156467,84,0,3057.25,3087.25,3076.0,3046.0,1353.3000000000002,1403.3000000000002
27,113,3096.625,1378.3000000000002,29.48697674418606,86,0,3087.25,3117.25,3106.0,3076.0,1353.3000000000002,1403.3000000000002
27,114,3126.625,1378.3000000000002,28.124700000000004,100,0,3117.25,3147.25,3136.0,3106.0,1353.3000000000002,1403.3000000000002
27,115,3156.625,1378.3000000000002,26.723058823529396,85,0,3147.25,3177.25,3166.0,3136.0,1353.3000000000002,1403.3000000000002
27,116,3186.625,1378.3000000000002,23.989772727272722,88,0,3177.25,3207.25,3196.0,3166.0,1353.3000000000002,1403.3000000000002
27,117,3216.625,1378.3000000000002,24.42802197802198,91,0,3207.25,3237.25,3226.0,3196.0,1353.3000000000002,1403.3000000000002
27,118,3246.625,1378.3000000000002,18.30495412844037,109,0,3237.25,3267.25,3256.0,3226.0,1353.3000000000002,1403.3000000000002
27,119,3276.625,1378.3000000000002,19.883380614657213,94,0,3267.25,3297.25,3286.0,3256.0,1353.3000000000002,1403.3000000000002
27,120,3306.625,1378.3000000000002,33.22968253968254,63,0,3297.25,3327.25,3316.0,3286.0,1353.3000000000002,1403.3000000000002
27,121,3336.625,1378.3000000000002,34.545000000000016,68,0,3327.25,3357.25,3346.0,3316.0,1353.3000000000002,1403.3000000000002
27,122,3366.625,1378.3000000000002,39.08742424242425,66,0,3357.25,3387.25,3376.0,3346.0,1353.3000000000002,1403.3000000000002
27,123,3396.625,1378.3000000000002,41.058852459016386,61,0,3387.25,3417.25,3406.0,3376.0,1353.3000000000002,1403.3000000000002
27,124,3426.625,1378.3000000000002,39.73220588235295,68,0,3417.25,3447.25,3436.0,3406.0,1353.3000000000002,1403.3000000000002
27,125,3456.625,1378.3000000000002,37.814657534246564,73,0,3447.25,3477.25,3466.0,3436.0,1353.3000000000002,1403.3000000000002
27,126,3486.625,1378.3000000000002,38.16253731343283,67,0,3477.25,3507.25,3496.0,3466.0,1353.3000000000002,1403.3000000000002
27,127,3516.625,1378.3000000000002,39.10280000000001,50,0,3507.25,3537.25,3526.0,3496.0,1353.3000000000002,1403.3000000000002
27,128,3546.625,1378.3000000000002,33.69666666666667,72,0,3537.25,3567.25,3556.0,3526.0,1353.3000000000002,1403.3000000000002
27,129,3576.625,1378.3000000000002,37.8163768115942,69,0,3567.25,3597.25,3586.0,3556.0,1353.3000000000002,1403.3000000000002
27,130,3606.625,1378.3000000000002,41.26896551724138,58,0,3597.25,3627.25,3616.0,3586.0,1353.3000000000002,1403.3000000000002
27,131,3636.625,1378.3000000000002,40.76863636363635,66,0,3627.25,3657.25,3646.0,3616.0,1353.3000000000002,1403.3000000000002
27,132,3666.625,1378.3000000000002,40.18622641509435,53,0,3657.25,3687.25,3676.0,3646.0,1353.3000000000002,1403.3000000000002
27,133,3696.625,1378.3000000000002,36.142391304347825,46,0,3687.25,3717.25,3706.0,3676.0,1353.3000000000002,1403.3000000000002
27,134,3726.625,1378.3000000000002,36.63615384615385,52,0,3717.25,3747.25,3736.0,3706.0,1353.3000000000002,1403.3000000000002
27,135,3756.625,1378.3000000000002,37.63888888888889,45,0,3747.25,3777.25,3766.0,3736.0,1353.3000000000002,1403.3000000000002
27,136,3786.625,1378.3000000000002,,0,0,3777.25,3807.25,3796.0,3766.0,1353.3000000000002,1403.3000000000002
27,137,3816.625,1378.3000000000002,,0,0,3807.25,3837.25,3826.0,3796.0,1353.3000000000002,1403.3000000000002
28,10,-4.625,1428.3000000000002,61.95727272727272,11,0,-14.0,16.0,4.75,-25.25,1403.3000000000002,1453.3000000000002
28,11,25.375,1428.3000000000002,60.01972972972974,37,0,16.0,46.0,34.75,4.75,1403.3000000000002,1453.3000000000002
28,12,55.375,1428.3000000000002,64.36999999999999,26,0,46.0,76.0,64.75,34.75,1403.3000000000002,1453.3000000000002
28,13,85.375,1428.3000000000002,69.26217391304348,23,0,76.0,106.0,94.75,64.75,1403.3000000000002,1453.3000000000002
28,14,115.375,1428.3000000000002,65.24217391304347,23,0,106.0,136.0,124.75,94.75,1403.3000000000002,1453.3000000000002
28,15,145.375,1428.3000000000002,67.0375,12,0,136.0,166.0,154.75,124.75,1403.3000000000002,1453.3000000000002
28,16,175.375,1428.3000000000002,53.71492307692306,65,0,166.0,196.0,184.75,154.75,1403.3000000000002,1453.3000000000002
28,17,205.375,1428.3000000000002,60.58136363636363,44,0,196.0,226.0,214.75,184.75,1403.3000000000002,1453.3000000000002
28,18,235.375,1428.3000000000002,66.41875,24,0,226.0,256.0,244.75,214.75,1403.3000000000002,1453.3000000000002
28,19,265.375,1428.3000000000002,63.81627906976743,43,0,256.0,286.0,274.75,244.75,1403.3000000000002,1453.3000000000002
28,20,295.375,1428.3000000000002,64.27285714285715,28,0,286.0,316.0,304.75,274.75,1403.3000000000002,1453.3000000000002
28,21,325.375,1428.3000000000002,57.372857142857136,28,0,316.0,346.0,334.75,304.75,1403.3000000000002,1453.3000000000002
28,22,355.375,1428.3000000000002,64.28294117647057,17,0,346.0,376.0,364.75,334.75,1403.3000000000002,1453.3000000000002
28,23,385.375,1428.3000000000002,69.22266666666668,15,0,376.0,406.0,394.75,364.75,1403.3000000000002,1453.3000000000002
28,24,415.375,1428.3000000000002,65.89500000000001,14,0,406.0,436.0,424.75,394.75,1403.3000000000002,1453.3000000000002
28,25,445.375,1428.3000000000002,71.26642857142856,14,0,436.0,466.0,454.75,424.75,1403.3000000000002,1453.3000000000002
28,26,475.375,1428.3000000000002,51.29142857142856,35,0,466.0,496.0,484.75,454.75,1403.3000000000002,1453.3000000000002
28,27,505.375,1428.3000000000002,51.21099999999999,60,0,496.0,526.0,514.75,484.75,1403.3000000000002,1453.3000000000002
28,28,535.375,1428.3000000000002,57.60214285714286,28,0,526.0,556.0,544.75,514.75,1403.3000000000002,1453.3000000000002
28,29,565.375,1428.3000000000002,54.566590909090934,44,0,556.0,586.0,574.75,544.75,1403.3000000000002,1453.3000000000002
28,30,595.375,1428.3000000000002,47.31409090909089,66,0,586.0,616.0,604.75,574.75,1403.3000000000002,1453.3000000000002
28,31,625.375,1428.3000000000002,51.824901960784324,51,0,616.0,646.0,634.75,604.75,1403.3000000000002,1453.3000000000002
28,32,655.375,1428.3000000000002,47.97035087719296,57,0,646.0,676.0,664.75,634.75,1403.3000000000002,1453.3000000000002
28,33,685.375,1428.3000000000002,51.589189189189185,37,0,676.0,706.0,694.75,664.75,1403.3000000000002,1453.3000000000002
28,34,715.375,1428.3000000000002,45.07999999999999,59,0,706.0,736.0,724.75,694.75,1403.3000000000002,1453.3000000000002
28,35,745.375,1428.3000000000002,53.723103448275864,29,0,736.0,766.0,754.75,724.75,1403.3000000000002,1453.3000000000002
28,36,775.375,1428.3000000000002,43.66999999999999,54,0,766.0,796.0,784.75,754.75,1403.3000000000002,1453.3000000000002
28,37,805.375,1428.3000000000002,49.442884615384614,52,0,796.0,826.0,814.75,784.75,1403.3000000000002,1453.3000000000002
28,38,835.375,1428.3000000000002,53.45199999999999,35,0,826.0,856.0,844.75,814.75,1403.3000000000002,1453.3000000000002
28,39,865.375,1428.3000000000002,45.06153846153845,52,0,856.0,886.0,874.75,844.75,1403.3000000000002,1453.3000000000002
28,40,895.375,1428.3000000000002,39.47864864864865,74,0,886.0,916.0,904.75,874.75,1403.3000000000002,1453.3000000000002
28,41,925.375,1428.3000000000002,48.087704918032784,61,0,916.0,946.0,934.75,904.75,1403.3000000000002,1453.3000000000002
28,42,955.375,1428.3000000000002,53.304999999999986,46,0,946.0,976.0,964.75,934.75,1403.3000000000002,1453.3000000000002
28,43,985.375,1428.3000000000002,49.70039215686275,51,0,976.0,1006.0,994.75,964.75,1403.3000000000002,1453.3000000000002
28,44,1015.375,1428.3000000000002,44.43898305084746,59,0,1006.0,1036.0,1024.75,994.75,1403.3000000000002,1453.3000000000002
28,45,1045.375,1428.3000000000002,44.35717391304348,46,0,1036.0,1066.0,1054.75,1024.75,1403.3000000000002,1453.3000000000002
28,46,1075.375,1428.3000000000002,48.82199999999999,45,0,1066.0,1096.0,1084.75,1054.75,1403.3000000000002,1453.3000000000002
28,47,1105.375,1428.3000000000002,48.20139999999999,50,0,1096.0,1126.0,1114.75,1084.75,1403.3000000000002,1453.3000000000002
28,48,1135.375,1428.3000000000002,42.71189655172413,58,0,1126.0,1156.0,1144.75,1114.75,1403.3000000000002,1453.3000000000002
28,49,1165.375,1428.3000000000002,42.19718309859155,71,0,1156.0,1186.0,1174.75,1144.75,1403.3000000000002,1453.3000000000002
28,50,1195.375,1428.3000000000002,45.47598214285713,56,0,1186.0,1216.0,1204.75,1174.75,1403.3000000000002,1453.3000000000002
28,51,1225.375,1428.3000000000002,51.162499999999994,32,0,1216.0,1246.0,1234.75,1204.75,1403.3000000000002,1453.3000000000002
28,52,1255.375,1428.3000000000002,53.974,35,0,1246.0,1276.0,1264.75,1234.75,1403.3000000000002,1453.3000000000002
28,53,1285.375,1428.3000000000002,41.8738615664845,61,0,1276.0,1306.0,1294.75,1264.75,1403.3000000000002,1453.3000000000002
28,54,1315.375,1428.3000000000002,41.777272727272724,55,0,1306.0,1336.0,1324.75,1294.75,1403.3000000000002,1453.3000000000002
28,55,1345.375,1428.3000000000002,44.87086956521739,46,0,1336.0,1366.0,1354.75,1324.75,1403.3000000000002,1453.3000000000002
28,56,1375.375,1428.3000000000002,45.26796296296295,54,0,1366.0,1396.0,1384.75,1354.75,1403.3000000000002,1453.3000000000002
28,57,1405.375,1428.3000000000002,46.071960784313724,51,0,1396.0,1426.0,1414.75,1384.75,1403.3000000000002,1453.3000000000002
28,58,1435.375,1428.3000000000002,45.165555555555564,63,0,1426.0,1456.0,1444.75,1414.75,1403.3000000000002,1453.3000000000002
28,59,1465.375,1428.3000000000002,41.49140350877193,57,0,1456.0,1486.0,1474.75,1444.75,1403.3000000000002,1453.3000000000002
28,60,1495.375,1428.3000000000002,42.39409090909092,44,0,1486.0,1516.0,1504.75,1474.75,1403.3000000000002,1453.3000000000002
28,61,1525.375,1428.3000000000002,42.734776119402994,67,0,1516.0,1546.0,1534.75,1504.75,1403.3000000000002,1453.3000000000002
28,62,1555.375,1428.3000000000002,45.906346153846144,52,0,1546.0,1576.0,1564.75,1534.75,1403.3000000000002,1453.3000000000002
28,63,1585.375,1428.3000000000002,44.68228070175439,57,0,1576.0,1606.0,1594.75,1564.75,1403.3000000000002,1453.3000000000002
28,64,1615.375,1428.3000000000002,43.15088888888887,45,0,1606.0,1636.0,1624.75,1594.75,1403.3000000000002,1453.3000000000002
28,65,1645.375,1428.3000000000002,36.9605,60,0,1636.0,1666.0,1654.75,1624.75,1403.3000000000002,1453.3000000000002
28,66,1675.375,1428.3000000000002,37.90861538461537,65,0,1666.0,1696.0,1684.75,1654.75,1403.3000000000002,1453.3000000000002
28,67,1705.375,1428.3000000000002,31.375921052631575,76,0,1696.0,1726.0,1714.75,1684.75,1403.3000000000002,1453.3000000000002
28,68,1735.375,1428.3000000000002,27.555476190476185,84,0,1726.0,1756.0,1744.75,1714.75,1403.3000000000002,1453.3000000000002
28,69,1765.375,1428.3000000000002,25.56443181818182,88,0,1756.0,1786.0,1774.75,1744.75,1403.3000000000002,1453.3000000000002
28,70,1795.375,1428.3000000000002,31.4715625,64,0,1786.0,1816.0,1804.75,1774.75,1403.3000000000002,1453.3000000000002
28,71,1825.375,1428.3000000000002,33.76861607142856,56,0,1816.0,1846.0,1834.75,1804.75,1403.3000000000002,1453.3000000000002
28,72,1855.375,1428.3000000000002,34.032542372881366,59,0,1846.0,1876.0,1864.75,1834.75,1403.3000000000002,1453.3000000000002
28,73,1885.375,1428.3000000000002,38.660961538461535,52,0,1876.0,1906.0,1894.75,1864.75,1403.3000000000002,1453.3000000000002
28,74,1915.375,1428.3000000000002,38.76109375,64,0,1906.0,1936.0,1924.75,1894.75,1403.3000000000002,1453.3000000000002
28,75,1945.375,1428.3000000000002,38.4875,64,0,1936.0,1966.0,1954.75,1924.75,1403.3000000000002,1453.3000000000002
28,76,1975.375,1428.3000000000002,37.56968253968255,63,0,1966.0,1996.0,1984.75,1954.75,1403.3000000000002,1453.3000000000002
28,77,2005.375,1428.3000000000002,35.00735159817353,73,0,1996.0,2026.0,2014.75,1984.75,1403.3000000000002,1453.3000000000002
28,78,2035.375,1428.3000000000002,34.39138461538461,65,0,2026.0,2056.0,2044.75,2014.75,1403.3000000000002,1453.3000000000002
28,79,2065.375,1428.3000000000002,38.46532258064515,62,0,2056.0,2086.0,2074.75,2044.75,1403.3000000000002,1453.3000000000002
28,80,2095.375,1428.3000000000002,33.078333333333326,54,0,2086.0,2116.0,2104.75,2074.75,1403.3000000000002,1453.3000000000002
28,81,2125.375,1428.3000000000002,39.65733333333334,60,0,2116.0,2146.0,2134.75,2104.75,1403.3000000000002,1453.3000000000002
28,82,2155.375,1428.3000000000002,36.068999999999996,70,0,2146.0,2176.0,2164.75,2134.75,1403.3000000000002,1453.3000000000002
28,83,2185.375,1428.3000000000002,36.582676056338016,71,0,2176.0,2206.0,2194.75,2164.75,1403.3000000000002,1453.3000000000002
28,84,2215.375,1428.3000000000002,35.22288461538461,52,0,2206.0,2236.0,2224.75,2194.75,1403.3000000000002,1453.3000000000002
28,85,2245.375,1428.3000000000002,34.98647887323943,71,0,2236.0,2266.0,2254.75,2224.75,1403.3000000000002,1453.3000000000002
28,86,2275.375,1428.3000000000002,38.468596491228055,57,0,2266.0,2296.0,2284.75,2254.75,1403.3000000000002,1453.3000000000002
28,87,2305.375,1428.3000000000002,40.641929824561416,57,0,2296.0,2326.0,2314.75,2284.75,1403.3000000000002,1453.3000000000002
28,88,2335.375,1428.3000000000002,37.19892857142857,56,0,2326.0,2356.0,2344.75,2314.75,1403.3000000000002,1453.3000000000002
28,89,2365.375,1428.3000000000002,38.04280701754386,57,0,2356.0,2386.0,2374.75,2344.75,1403.3000000000002,1453.3000000000002
28,90,2395.375,1428.3000000000002,40.63458333333333,48,0,2386.0,2416.0,2404.75,2374.75,1403.3000000000002,1453.3000000000002
28,91,2425.375,1428.3000000000002,36.97050847457628,59,0,2416.0,2446.0,2434.75,2404.75,1403.3000000000002,1453.3000000000002
28,92,2455.375,1428.3000000000002,30.190714285714286,70,0,2446.0,2476.0,2464.75,2434.75,1403.3000000000002,1453.3000000000002
28,93,2485.375,1428.3000000000002,23.535697674418614,86,0,2476.0,2506.0,2494.75,2464.75,1403.3000000000002,1453.3000000000002
28,94,2515.375,1428.3000000000002,28.154374999999998,80,0,2506.0,2536.0,2524.75,2494.75,1403.3000000000002,1453.3000000000002
28,95,2545.375,1428.3000000000002,31.504696969696962,66,0,2536.0,2566.0,2554.75,2524.75,1403.3000000000002,1453.3000000000002
28,96,2575.375,1428.3000000000002,30.34102564102564,78,0,2566.0,2596.0,2584.75,2554.75,1403.3000000000002,1453.3000000000002
28,97,2605.375,1428.3000000000002,28.7828947368421,76,0,2596.0,2626.0,2614.75,2584.75,1403.3000000000002,1453.3000000000002
28,98,2635.375,1428.3000000000002,30.871388888888898,72,0,2626.0,2656.0,2644.75,2614.75,1403.3000000000002,1453.3000000000002
28,99,2665.375,1428.3000000000002,31.50063291139242,79,0,2656.0,2686.0,2674.75,2644.75,1403.3000000000002,1453.3000000000002
28,100,2695.375,1428.3000000000002,35.693538461538445,65,0,2686.0,2716.0,2704.75,2674.75,1403.3000000000002,1453.3000000000002
28,101,2725.375,1428.3000000000002,36.39965517241379,58,0,2716.0,2746.0,2734.75,2704.75,1403.3000000000002,1453.3000000000002
28,102,2755.375,1428.3000000000002,33.8909523809524,63,0,2746.0,2776.0,2764.75,2734.75,1403.3000000000002,1453.3000000000002
28,103,2785.375,1428.3000000000002,34.9505172413793,58,0,2776.0,2806.0,2794.75,2764.75,1403.3000000000002,1453.3000000000002
28,104,2815.375,1428.3000000000002,39.788833333333336,60,0,2806.0,2836.0,2824.75,2794.75,1403.3000000000002,1453.3000000000002
28,105,2845.375,1428.3000000000002,40.88267605633801,71,0,2836.0,2866.0,2854.75,2824.75,1403.3000000000002,1453.3000000000002
28,106,2875.375,1428.3000000000002,36.63545454545454,66,0,2866.0,2896.0,2884.75,2854.75,1403.3000000000002,1453.3000000000002
28,107,2905.375,1428.3000000000002,35.879322033898305,59,0,2896.0,2926.0,2914.75,2884.75,1403.3000000000002,1453.3000000000002
28,108,2935.375,1428.3000000000002,37.615087719298245,57,0,2926.0,2956.0,2944.75,2914.75,1403.3000000000002,1453.3000000000002
28,109,2965.375,1428.3000000000002,37.58473684210528,76,0,2956.0,2986.0,2974.75,2944.75,1403.3000000000002,1453.3000000000002
28,110,2995.375,1428.3000000000002,33.158076923076926,78,0,2986.0,3016.0,3004.75,2974.75,1403.3000000000002,1453.3000000000002
28,111,3025.375,1428.3000000000002,29.328554216867474,83,0,3016.0,3046.0,3034.75,3004.75,1403.3000000000002,1453.3000000000002
28,112,3055.375,1428.3000000000002,27.911956521739146,92,0,3046.0,3076.0,3064.75,3034.75,1403.3000000000002,1453.3000000000002
28,113,3085.375,1428.3000000000002,30.81118421052631,76,0,3076.0,3106.0,3094.75,3064.75,1403.3000000000002,1453.3000000000002
28,114,3115.375,1428.3000000000002,29.734318181818175,88,0,3106.0,3136.0,3124.75,3094.75,1403.3000000000002,1453.3000000000002
28,115,3145.375,1428.3000000000002,27.275161290322583,93,0,3136.0,3166.0,3154.75,3124.75,1403.3000000000002,1453.3000000000002
28,116,3175.375,1428.3000000000002,28.277894736842097,76,0,3166.0,3196.0,3184.75,3154.75,1403.3000000000002,1453.3000000000002
28,117,3205.375,1428.3000000000002,27.122183908045972,87,0,3196.0,3226.0,3214.75,3184.75,1403.3000000000002,1453.3000000000002
28,118,3235.375,1428.3000000000002,22.467727272727277,88,0,3226.0,3256.0,3244.75,3214.75,1403.3000000000002,1453.3000000000002
28,119,3265.375,1428.3000000000002,21.53575,80,0,3256.0,3286.0,3274.75,3244.75,1403.3000000000002,1453.3000000000002
28,120,3295.375,1428.3000000000002,32.20314285714286,70,0,3286.0,3316.0,3304.75,3274.75,1403.3000000000002,1453.3000000000002
28,121,3325.375,1428.3000000000002,35.4196551724138,58,0,3316.0,3346.0,3334.75,3304.75,1403.3000000000002,1453.3000000000002
28,122,3355.375,1428.3000000000002,38.813098591549284,71,0,3346.0,3376.0,3364.75,3334.75,1403.3000000000002,1453.3000000000002
28,123,3385.375,1428.3000000000002,40.676000000000016,60,0,3376.0,3406.0,3394.75,3364.75,1403.3000000000002,1453.3000000000002
28,124,3415.375,1428.3000000000002,42.712881355932204,59,0,3406.0,3436.0,3424.75,3394.75,1403.3000000000002,1453.3000000000002
28,125,3445.375,1428.3000000000002,38.78281250000001,64,0,3436.0,3466.0,3454.75,3424.75,1403.3000000000002,1453.3000000000002
28,126,3475.375,1428.3000000000002,37.80434782608694,69,0,3466.0,3496.0,3484.75,3454.75,1403.3000000000002,1453.3000000000002
28,127,3505.375,1428.3000000000002,40.398399999999995,50,0,3496.0,3526.0,3514.75,3484.75,1403.3000000000002,1453.3000000000002
28,128,3535.375,1428.3000000000002,37.84103448275861,58,0,3526.0,3556.0,3544.75,3514.75,1403.3000000000002,1453.3000000000002
28,129,3565.375,1428.3000000000002,33.11987179487179,78,0,3556.0,3586.0,3574.75,3544.75,1403.3000000000002,1453.3000000000002
28,130,3595.375,1428.3000000000002,37.92727272727272,66,0,3586.0,3616.0,3604.75,3574.75,1403.3000000000002,1453.3000000000002
28,131,3625.375,1428.3000000000002,42.67120689655172,58,0,3616.0,3646.0,3634.75,3604.75,1403.3000000000002,1453.3000000000002
28,132,3655.375,1428.3000000000002,41.298113207547175,53,0,3646.0,3676.0,3664.75,3634.75,1403.3000000000002,1453.3000000000002
28,133,3685.375,1428.3000000000002,41.3111111111111,54,0,3676.0,3706.0,3694.75,3664.75,1403.3000000000002,1453.3000000000002
28,134,3715.375,1428.3000000000002,37.319285714285705,42,0,3706.0,3736.0,3724.75,3694.75,1403.3000000000002,1453.3000000000002
28,135,3745.375,1428.3000000000002,39.425,46,0,3736.0,3766.0,3754.75,3724.75,1403.3000000000002,1453.3000000000002
28,136,3775.375,1428.3000000000002,38.36388888888889,18,0,3766.0,3796.0,3784.75,3754.75,1403.3000000000002,1453.3000000000002
28,137,3805.375,1428.3000000000002,,0,0,3796.0,3826.0,3814.75,3784.75,1403.3000000000002,1453.3000000000002
28,138,3835.375,1428.3000000000002,,0,0,3826.0,3856.0,3844.75,3814.75,1403.3000000000002,1453.3000000000002
29,10,-15.875,1478.3000000000002,,0,0,-25.25,4.75,-6.5,-36.5,1453.3000000000002,1503.3000000000002
29,11,14.125,1478.3000000000002,61.644324324324316,37,0,4.75,34.75,23.5,-6.5,1453.3000000000002,1503.3000000000002
29,12,44.125,1478.3000000000002,63.7903846153846,26,0,34.75,64.75,53.5,23.5,1453.3000000000002,1503.3000000000002
29,13,74.125,1478.3000000000002,69.50518518518521,27,0,64.75,94.75,83.5,53.5,1453.3000000000002,1503.3000000000002
29,14,104.125,1478.3000000000002,65.96370370370371,27,0,94.75,124.75,113.5,83.5,1453.3000000000002,1503.3000000000002
29,15,134.125,1478.3000000000002,74.73538461538462,13,0,124.75,154.75,143.5,113.5,1453.3000000000002,1503.3000000000002
29,16,164.125,1478.3000000000002,54.47914285714286,35,0,154.75,184.75,173.5,143.5,1453.3000000000002,1503.3000000000002
29,17,194.125,1478.3000000000002,59.03562500000001,48,0,184.75,214.75,203.5,173.5,1453.3000000000002,1503.3000000000002
29,18,224.125,1478.3000000000002,64.6885,40,0,214.75,244.75,233.5,203.5,1453.3000000000002,1503.3000000000002
29,19,254.125,1478.3000000000002,68.93695652173912,23,0,244.75,274.75,263.5,233.5,1453.3000000000002,1503.3000000000002
29,20,284.125,1478.3000000000002,65.28190476190476,42,0,274.75,304.75,293.5,263.5,1453.3000000000002,1503.3000000000002
29,21,314.125,1478.3000000000002,61.91666666666666,21,0,304.75,334.75,323.5,293.5,1453.3000000000002,1503.3000000000002
29,22,344.125,1478.3000000000002,59.678,20,0,334.75,364.75,353.5,323.5,1453.3000000000002,1503.3000000000002
29,23,374.125,1478.3000000000002,67.71833333333332,18,0,364.75,394.75,383.5,353.5,1453.3000000000002,1503.3000000000002
29,24,404.125,1478.3000000000002,72.574375,16,0,394.75,424.75,413.5,383.5,1453.3000000000002,1503.3000000000002
29,25,434.125,1478.3000000000002,69.37857142857143,14,0,424.75,454.75,443.5,413.5,1453.3000000000002,1503.3000000000002
29,26,464.125,1478.3000000000002,64.27235294117648,17,0,454.75,484.75,473.5,443.5,1453.3000000000002,1503.3000000000002
29,27,494.125,1478.3000000000002,53.359807692307704,52,0,484.75,514.75,503.5,473.5,1453.3000000000002,1503.3000000000002
29,28,524.125,1478.3000000000002,53.60911764705882,34,0,514.75,544.75,533.5,503.5,1453.3000000000002,1503.3000000000002
29,29,554.125,1478.3000000000002,58.882439024390266,41,0,544.75,574.75,563.5,533.5,1453.3000000000002,1503.3000000000002
29,30,584.125,1478.3000000000002,51.49352941176469,51,0,574.75,604.75,593.5,563.5,1453.3000000000002,1503.3000000000002
29,31,614.125,1478.3000000000002,46.41033898305082,59,0,604.75,634.75,623.5,593.5,1453.3000000000002,1503.3000000000002
29,32,644.125,1478.3000000000002,49.63983050847457,59,0,634.75,664.75,653.5,623.5,1453.3000000000002,1503.3000000000002
29,33,674.125,1478.3000000000002,52.621860465116285,43,0,664.75,694.75,683.5,653.5,1453.3000000000002,1503.3000000000002
29,34,704.125,1478.3000000000002,49.12354166666668,48,0,694.75,724.75,713.5,683.5,1453.3000000000002,1503.3000000000002
29,35,734.125,1478.3000000000002,49.45829787234042,47,0,724.75,754.75,743.5,713.5,1453.3000000000002,1503.3000000000002
29,36,764.125,1478.3000000000002,52.943928571428565,28,0,754.75,784.75,773.5,743.5,1453.3000000000002,1503.3000000000002
29,37,794.125,1478.3000000000002,46.644,65,0,784.75,814.75,803.5,773.5,1453.3000000000002,1503.3000000000002
29,38,824.125,1478.3000000000002,55.60741935483871,31,0,814.75,844.75,833.5,803.5,1453.3000000000002,1503.3000000000002
29,39,854.125,1478.3000000000002,52.95341463414635,41,0,844.75,874.75,863.5,833.5,1453.3000000000002,1503.3000000000002
29,40,884.125,1478.3000000000002,42.6363492063492,63,0,874.75,904.75,893.5,863.5,1453.3000000000002,1503.3000000000002
29,41,914.125,1478.3000000000002,45.64298507462684,67,0,904.75,934.75,923.5,893.5,1453.3000000000002,1503.3000000000002
29,42,944.125,1478.3000000000002,51.953888888888876,54,0,934.75,964.75,953.5,923.5,1453.3000000000002,1503.3000000000002
29,43,974.125,1478.3000000000002,53.007555555555555,45,0,964.75,994.75,983.5,953.5,1453.3000000000002,1503.3000000000002
29,44,1004.125,1478.3000000000002,51.56539999999999,50,0,994.75,1024.75,1013.5,983.5,1453.3000000000002,1503.3000000000002
29,45,1034.125,1478.3000000000002,47.09905660377359,53,0,1024.75,1054.75,1043.5,1013.5,1453.3000000000002,1503.3000000000002
29,46,1064.125,1478.3000000000002,52.99631578947369,38,0,1054.75,1084.75,1073.5,1043.5,1453.3000000000002,1503.3000000000002
29,47,1094.125,1478.3000000000002,50.41434782608695,46,0,1084.75,1114.75,1103.5,1073.5,1453.3000000000002,1503.3000000000002
29,48,1124.125,1478.3000000000002,50.48265306122449,49,0,1114.75,1144.75,1133.5,1103.5,1453.3000000000002,1503.3000000000002
29,49,1154.125,1478.3000000000002,46.38423076923077,52,0,1144.75,1174.75,1163.5,1133.5,1453.3000000000002,1503.3000000000002
29,50,1184.125,1478.3000000000002,44.698529411764696,68,0,1174.75,1204.75,1193.5,1163.5,1453.3000000000002,1503.3000000000002
29,51,1214.125,1478.3000000000002,51.07939393939394,33,0,1204.75,1234.75,1223.5,1193.5,1453.3000000000002,1503.3000000000002
29,52,1244.125,1478.3000000000002,56.256571428571434,35,0,1234.75,1264.75,1253.5,1223.5,1453.3000000000002,1503.3000000000002
29,53,1274.125,1478.3000000000002,51.737249999999996,40,0,1264.75,1294.75,1283.5,1253.5,1453.3000000000002,1503.3000000000002
29,54,1304.125,1478.3000000000002,43.651481481481476,54,0,1294.75,1324.75,1313.5,1283.5,1453.3000000000002,1503.3000000000002
29,55,1334.125,1478.3000000000002,44.85517857142857,56,0,1324.75,1354.75,1343.5,1313.5,1453.3000000000002,1503.3000000000002
29,56,1364.125,1478.3000000000002,48.33885714285715,35,0,1354.75,1384.75,1373.5,1343.5,1453.3000000000002,1503.3000000000002
29,57,1394.125,1478.3000000000002,48.151698113207544,53,0,1384.75,1414.75,1403.5,1373.5,1453.3000000000002,1503.3000000000002
29,58,1424.125,1478.3000000000002,50.093620689655154,58,0,1414.75,1444.75,1433.5,1403.5,1453.3000000000002,1503.3000000000002
29,59,1454.125,1478.3000000000002,46.0910909090909,55,0,1444.75,1474.75,1463.5,1433.5,1453.3000000000002,1503.3000000000002
29,60,1484.125,1478.3000000000002,44.1821153846154,52,0,1474.75,1504.75,1493.5,1463.5,1453.3000000000002,1503.3000000000002
29,61,1514.125,1478.3000000000002,43.254666666666665,45,0,1504.75,1534.75,1523.5,1493.5,1453.3000000000002,1503.3000000000002
29,62,1544.125,1478.3000000000002,44.93929824561403,57,0,1534.75,1564.75,1553.5,1523.5,1453.3000000000002,1503.3000000000002
29,63,1574.125,1478.3000000000002,44.7952,50,0,1564.75,1594.75,1583.5,1553.5,1453.3000000000002,1503.3000000000002
29,64,1604.125,1478.3000000000002,45.818367346938786,49,0,1594.75,1624.75,1613.5,1583.5,1453.3000000000002,1503.3000000000002
29,65,1634.125,1478.3000000000002,42.93650000000001,40,0,1624.75,1654.75,1643.5,1613.5,1453.3000000000002,1503.3000000000002
29,66,1664.125,1478.3000000000002,37.76843749999998,64,0,1654.75,1684.75,1673.5,1643.5,1453.3000000000002,1503.3000000000002
29,67,1694.125,1478.3000000000002,32.632777777777775,72,0,1684.75,1714.75,1703.5,1673.5,1453.3000000000002,1503.3000000000002
29,68,1724.125,1478.3000000000002,32.20811594202898,69,0,1714.75,1744.75,1733.5,1703.5,1453.3000000000002,1503.3000000000002
29,69,1754.125,1478.3000000000002,33.158260869565225,69,0,1744.75,1774.75,1763.5,1733.5,1453.3000000000002,1503.3000000000002
29,70,1784.125,1478.3000000000002,33.51044117647058,68,0,1774.75,1804.75,1793.5,1763.5,1453.3000000000002,1503.3000000000002
29,71,1814.125,1478.3000000000002,38.5648,50,0,1804.75,1834.75,1823.5,1793.5,1453.3000000000002,1503.3000000000002
29,72,1844.125,1478.3000000000002,40.78354166666667,48,0,1834.75,1864.75,1853.5,1823.5,1453.3000000000002,1503.3000000000002
29,73,1874.125,1478.3000000000002,41.864444444444445,45,0,1864.75,1894.75,1883.5,1853.5,1453.3000000000002,1503.3000000000002
29,74,1904.125,1478.3000000000002,45.282599999999995,50,0,1894.75,1924.75,1913.5,1883.5,1453.3000000000002,1503.3000000000002
29,75,1934.125,1478.3000000000002,43.46385964912282,57,0,1924.75,1954.75,1943.5,1913.5,1453.3000000000002,1503.3000000000002
29,76,1964.125,1478.3000000000002,42.7108474576271,59,0,1954.75,1984.75,1973.5,1943.5,1453.3000000000002,1503.3000000000002
29,77,1994.125,1478.3000000000002,41.08944444444445,54,0,1984.75,2014.75,2003.5,1973.5,1453.3000000000002,1503.3000000000002
29,78,2024.125,1478.3000000000002,39.38769230769231,65,0,2014.75,2044.75,2033.5,2003.5,1453.3000000000002,1503.3000000000002
29,79,2054.125,1478.3000000000002,36.24415384615384,65,0,2044.75,2074.75,2063.5,2033.5,1453.3000000000002,1503.3000000000002
29,80,2084.125,1478.3000000000002,35.3992,50,0,2074.75,2104.75,2093.5,2063.5,1453.3000000000002,1503.3000000000002
29,81,2114.125,1478.3000000000002,39.561785714285705,56,0,2104.75,2134.75,2123.5,2093.5,1453.3000000000002,1503.3000000000002
29,82,2144.125,1478.3000000000002,44.06698113207547,53,0,2134.75,2164.75,2153.5,2123.5,1453.3000000000002,1503.3000000000002
29,83,2174.125,1478.3000000000002,38.61794117647058,68,0,2164.75,2194.75,2183.5,2153.5,1453.3000000000002,1503.3000000000002
29,84,2204.125,1478.3000000000002,40.331999999999994,50,0,2194.75,2224.75,2213.5,2183.5,1453.3000000000002,1503.3000000000002
29,85,2234.125,1478.3000000000002,37.928666666666665,60,0,2224.75,2254.75,2243.5,2213.5,1453.3000000000002,1503.3000000000002
29,86,2264.125,1478.3000000000002,38.62172413793102,58,0,2254.75,2284.75,2273.5,2243.5,1453.3000000000002,1503.3000000000002
29,87,2294.125,1478.3000000000002,43.53958333333333,48,0,2284.75,2314.75,2303.5,2273.5,1453.3000000000002,1503.3000000000002
29,88,2324.125,1478.3000000000002,44.84249999999999,52,0,2314.75,2344.75,2333.5,2303.5,1453.3000000000002,1503.3000000000002
29,89,2354.125,1478.3000000000002,41.41764705882353,51,0,2344.75,2374.75,2363.5,2333.5,1453.3000000000002,1503.3000000000002
29,90,2384.125,1478.3000000000002,42.0924,50,0,2374.75,2404.75,2393.5,2363.5,1453.3000000000002,1503.3000000000002
29,91,2414.125,1478.3000000000002,43.6554761904762,42,0,2404.75,2434.75,2423.5,2393.5,1453.3000000000002,1503.3000000000002
29,92,2444.125,1478.3000000000002,41.04109090909091,55,0,2434.75,2464.75,2453.5,2423.5,1453.3000000000002,1503.3000000000002
29,93,2474.125,1478.3000000000002,31.468939393939376,66,0,2464.75,2494.75,2483.5,2453.5,1453.3000000000002,1503.3000000000002
29,94,2504.125,1478.3000000000002,31.79983606557378,61,0,2494.75,2524.75,2513.5,2483.5,1453.3000000000002,1503.3000000000002
29,95,2534.125,1478.3000000000002,36.79582089552238,67,0,2524.75,2554.75,2543.5,2513.5,1453.3000000000002,1503.3000000000002
29,96,2564.125,1478.3000000000002,34.787384615384624,65,0,2554.75,2584.75,2573.5,2543.5,1453.3000000000002,1503.3000000000002
29,97,2594.125,1478.3000000000002,36.27950000000001,60,0,2584.75,2614.75,2603.5,2573.5,1453.3000000000002,1503.3000000000002
29,98,2624.125,1478.3000000000002,35.67111111111111,63,0,2614.75,2644.75,2633.5,2603.5,1453.3000000000002,1503.3000000000002
29,99,2654.125,1478.3000000000002,36.05671875,64,0,2644.75,2674.75,2663.5,2633.5,1453.3000000000002,1503.3000000000002
29,100,2684.125,1478.3000000000002,34.788493150684936,73,0,2674.75,2704.75,2693.5,2663.5,1453.3000000000002,1503.3000000000002
29,101,2714.125,1478.3000000000002,38.61179104477612,67,0,2704.75,2734.75,2723.5,2693.5,1453.3000000000002,1503.3000000000002
29,102,2744.125,1478.3000000000002,38.09,43,0,2734.75,2764.75,2753.5,2723.5,1453.3000000000002,1503.3000000000002
29,103,2774.125,1478.3000000000002,35.28176470588235,68,0,2764.75,2794.75,2783.5,2753.5,1453.3000000000002,1503.3000000000002
29,104,2804.125,1478.3000000000002,38.386315789473684,57,0,2794.75,2824.75,2813.5,2783.5,1453.3000000000002,1503.3000000000002
29,105,2834.125,1478.3000000000002,42.79327868852458,61,0,2824.75,2854.75,2843.5,2813.5,1453.3000000000002,1503.3000000000002
29,106,2864.125,1478.3000000000002,42.433538461538454,65,0,2854.75,2884.75,2873.5,2843.5,1453.3000000000002,1503.3000000000002
29,107,2894.125,1478.3000000000002,39.74538461538462,52,0,2884.75,2914.75,2903.5,2873.5,1453.3000000000002,1503.3000000000002
29,108,2924.125,1478.3000000000002,38.00152542372882,59,0,2914.75,2944.75,2933.5,2903.5,1453.3000000000002,1503.3000000000002
29,109,2954.125,1478.3000000000002,38.295733333333324,75,0,2944.75,2974.75,2963.5,2933.5,1453.3000000000002,1503.3000000000002
29,110,2984.125,1478.3000000000002,35.600595238095245,84,0,2974.75,3004.75,2993.5,2963.5,1453.3000000000002,1503.3000000000002
29,111,3014.125,1478.3000000000002,31.625945945945947,74,0,3004.75,3034.75,3023.5,2993.5,1453.3000000000002,1503.3000000000002
29,112,3044.125,1478.3000000000002,33.571794871794864,78,0,3034.75,3064.75,3053.5,3023.5,1453.3000000000002,1503.3000000000002
29,113,3074.125,1478.3000000000002,33.31378378378379,74,0,3064.75,3094.75,3083.5,3053.5,1453.3000000000002,1503.3000000000002
29,114,3104.125,1478.3000000000002,32.490384615384606,78,0,3094.75,3124.75,3113.5,3083.5,1453.3000000000002,1503.3000000000002
29,115,3134.125,1478.3000000000002,31.384301075268816,93,0,3124.75,3154.75,3143.5,3113.5,1453.3000000000002,1503.3000000000002
29,116,3164.125,1478.3000000000002,30.89036585365853,82,0,3154.75,3184.75,3173.5,3143.5,1453.3000000000002,1503.3000000000002
29,117,3194.125,1478.3000000000002,29.06194444444444,72,0,3184.75,3214.75,3203.5,3173.5,1453.3000000000002,1503.3000000000002
29,118,3224.125,1478.3000000000002,27.262637362637363,91,0,3214.75,3244.75,3233.5,3203.5,1453.3000000000002,1503.3000000000002
29,119,3254.125,1478.3000000000002,28.284426229508195,61,0,3244.75,3274.75,3263.5,3233.5,1453.3000000000002,1503.3000000000002
29,120,3284.125,1478.3000000000002,32.42940298507464,67,0,3274.75,3304.75,3293.5,3263.5,1453.3000000000002,1503.3000000000002
29,121,3314.125,1478.3000000000002,38.34349489795918,56,0,3304.75,3334.75,3323.5,3293.5,1453.3000000000002,1503.3000000000002
29,122,3344.125,1478.3000000000002,36.814166666666665,60,0,3334.75,3364.75,3353.5,3323.5,1453.3000000000002,1503.3000000000002
29,123,3374.125,1478.3000000000002,42.7296923076923,65,0,3364.75,3394.75,3383.5,3353.5,1453.3000000000002,1503.3000000000002
29,124,3404.125,1478.3000000000002,44.708245614035086,57,0,3394.75,3424.75,3413.5,3383.5,1453.3000000000002,1503.3000000000002
29,125,3434.125,1478.3000000000002,44.0677358490566,53,0,3424.75,3454.75,3443.5,3413.5,1453.3000000000002,1503.3000000000002
29,126,3464.125,1478.3000000000002,41.64333333333333,63,0,3454.75,3484.75,3473.5,3443.5,1453.3000000000002,1503.3000000000002
29,127,3494.125,1478.3000000000002,39.30861538461541,65,0,3484.75,3514.75,3503.5,3473.5,1453.3000000000002,1503.3000000000002
29,128,3524.125,1478.3000000000002,43.10918367346939,49,0,3514.75,3544.75,3533.5,3503.5,1453.3000000000002,1503.3000000000002
29,129,3554.125,1478.3000000000002,39.394062500000004,64,0,3544.75,3574.75,3563.5,3533.5,1453.3000000000002,1503.3000000000002
29,130,3584.125,1478.3000000000002,35.94885714285715,70,0,3574.75,3604.75,3593.5,3563.5,1453.3000000000002,1503.3000000000002
29,131,3614.125,1478.3000000000002,41.672205882352955,68,0,3604.75,3634.75,3623.5,3593.5,1453.3000000000002,1503.3000000000002
29,132,3644.125,1478.3000000000002,44.20280701754386,57,0,3634.75,3664.75,3653.5,3623.5,1453.3000000000002,1503.3000000000002
29,133,3674.125,1478.3000000000002,45.694705882352935,51,0,3664.75,3694.75,3683.5,3653.5,1453.3000000000002,1503.3000000000002
29,134,3704.125,1478.3000000000002,41.519999999999996,39,0,3694.75,3724.75,3713.5,3683.5,1453.3000000000002,1503.3000000000002
29,135,3734.125,1478.3000000000002,40.8204255319149,47,0,3724.75,3754.75,3743.5,3713.5,1453.3000000000002,1503.3000000000002
29,136,3764.125,1478.3000000000002,43.69512195121952,41,0,3754.75,3784.75,3773.5,3743.5,1453.3000000000002,1503.3000000000002
29,137,3794.125,1478.3000000000002,43.68,1,0,3784.75,3814.75,3803.5,3773.5,1453.3000000000002,1503.3000000000002
29,138,3824.125,1478.3000000000002,,0,0,3814.75,3844.75,3833.5,3803.5,1453.3000000000002,1503.3000000000002
30,11,2.875,1528.3000000000002,62.629,20,0,-6.5,23.5,12.25,-17.75,1503.3000000000002,1553.3000000000002
30,12,32.875,1528.3000000000002,62.15470588235295,34,0,23.5,53.5,42.25,12.25,1503.3000000000002,1553.3000000000002
30,13,62.875,1528.3000000000002,67.67458333333333,24,0,53.5,83.5,72.25,42.25,1503.3000000000002,1553.3000000000002
30,14,92.875,1528.3000000000002,70.1347619047619,21,0,83.5,113.5,102.25,72.25,1503.3000000000002,1553.3000000000002
30,15,122.875,1528.3000000000002,67.79684210526315,19,0,113.5,143.5,132.25,102.25,1503.3000000000002,1553.3000000000002
30,16,152.875,1528.3000000000002,65.15384615384616,13,0,143.5,173.5,162.25,132.25,1503.3000000000002,1553.3000000000002
30,17,182.875,1528.3000000000002,55.370500000000014,60,0,173.5,203.5,192.25,162.25,1503.3000000000002,1553.3000000000002
30,18,212.875,1528.3000000000002,61.28930232558142,43,0,203.5,233.5,222.25,192.25,1503.3000000000002,1553.3000000000002
30,19,242.875,1528.3000000000002,68.59125,24,0,233.5,263.5,252.25,222.25,1503.3000000000002,1553.3000000000002
30,20,272.875,1528.3000000000002,66.54950000000001,40,0,263.5,293.5,282.25,252.25,1503.3000000000002,1553.3000000000002
30,21,302.875,1528.3000000000002,67.38434782608695,23,0,293.5,323.5,312.25,282.25,1503.3000000000002,1553.3000000000002
30,22,332.875,1528.3000000000002,57.679310344827606,29,0,323.5,353.5,342.25,312.25,1503.3000000000002,1553.3000000000002
30,23,362.875,1528.3000000000002,64.8725,16,0,353.5,383.5,372.25,342.25,1503.3000000000002,1553.3000000000002
30,24,392.875,1528.3000000000002,73.46266666666666,15,0,383.5,413.5,402.25,372.25,1503.3000000000002,1553.3000000000002
30,25,422.875,1528.3000000000002,68.3209090909091,11,0,413.5,443.5,432.25,402.25,1503.3000000000002,1553.3000000000002
30,26,452.875,1528.3000000000002,74.35363636363637,11,0,443.5,473.5,462.25,432.25,1503.3000000000002,1553.3000000000002
30,27,482.875,1528.3000000000002,53.347500000000004,28,0,473.5,503.5,492.25,462.25,1503.3000000000002,1553.3000000000002
30,28,512.875,1528.3000000000002,53.12703703703705,54,0,503.5,533.5,522.25,492.25,1503.3000000000002,1553.3000000000002
30,29,542.875,1528.3000000000002,58.032500000000006,28,0,533.5,563.5,552.25,522.25,1503.3000000000002,1553.3000000000002
30,30,572.875,1528.3000000000002,55.64102564102564,39,0,563.5,593.5,582.25,552.25,1503.3000000000002,1553.3000000000002
30,31,602.875,1528.3000000000002,48.01684210526316,57,0,593.5,623.5,612.25,582.25,1503.3000000000002,1553.3000000000002
30,32,632.875,1528.3000000000002,45.443508771929835,57,0,623.5,653.5,642.25,612.25,1503.3000000000002,1553.3000000000002
30,33,662.875,1528.3000000000002,47.3465,60,0,653.5,683.5,672.25,642.25,1503.3000000000002,1553.3000000000002
30,34,692.875,1528.3000000000002,54.609117647058824,34,0,683.5,713.5,702.25,672.25,1503.3000000000002,1553.3000000000002
30,35,722.875,1528.3000000000002,48.731020408163275,49,0,713.5,743.5,732.25,702.25,1503.3000000000002,1553.3000000000002
30,36,752.875,1528.3000000000002,52.926129032258075,31,0,743.5,773.5,762.25,732.25,1503.3000000000002,1553.3000000000002
30,37,782.875,1528.3000000000002,47.33312499999999,48,0,773.5,803.5,792.25,762.25,1503.3000000000002,1553.3000000000002
30,38,812.875,1528.3000000000002,48.331454545454555,55,0,803.5,833.5,822.25,792.25,1503.3000000000002,1553.3000000000002
30,39,842.875,1528.3000000000002,56.208387096774196,31,0,833.5,863.5,852.25,822.25,1503.3000000000002,1553.3000000000002
30,40,872.875,1528.3000000000002,49.85255813953487,43,0,863.5,893.5,882.25,852.25,1503.3000000000002,1553.3000000000002
30,41,902.875,1528.3000000000002,41.681142857142866,70,0,893.5,923.5,912.25,882.25,1503.3000000000002,1553.3000000000002
30,42,932.875,1528.3000000000002,45.49196969696969,66,0,923.5,953.5,942.25,912.25,1503.3000000000002,1553.3000000000002
30,43,962.875,1528.3000000000002,50.075625,48,0,953.5,983.5,972.25,942.25,1503.3000000000002,1553.3000000000002
30,44,992.875,1528.3000000000002,52.217636363636366,55,0,983.5,1013.5,1002.25,972.25,1503.3000000000002,1553.3000000000002
30,45,1022.875,1528.3000000000002,48.86584905660377,53,0,1013.5,1043.5,1032.25,1002.25,1503.3000000000002,1553.3000000000002
30,46,1052.875,1528.3000000000002,49.76232558139535,43,0,1043.5,1073.5,1062.25,1032.25,1503.3000000000002,1553.3000000000002
30,47,1082.875,1528.3000000000002,52.3492105263158,38,0,1073.5,1103.5,1092.25,1062.25,1503.3000000000002,1553.3000000000002
30,48,1112.875,1528.3000000000002,51.6856,50,0,1103.5,1133.5,1122.25,1092.25,1503.3000000000002,1553.3000000000002
30,49,1142.875,1528.3000000000002,50.648478260869574,46,0,1133.5,1163.5,1152.25,1122.25,1503.3000000000002,1553.3000000000002
30,50,1172.875,1528.3000000000002,44.99564516129031,62,0,1163.5,1193.5,1182.25,1152.25,1503.3000000000002,1553.3000000000002
30,51,1202.875,1528.3000000000002,48.509411764705874,51,0,1193.5,1223.5,1212.25,1182.25,1503.3000000000002,1553.3000000000002
30,52,1232.875,1528.3000000000002,52.77379310344827,29,0,1223.5,1253.5,1242.25,1212.25,1503.3000000000002,1553.3000000000002
30,53,1262.875,1528.3000000000002,57.94833333333333,36,0,1253.5,1283.5,1272.25,1242.25,1503.3000000000002,1553.3000000000002
30,54,1292.875,1528.3000000000002,46.65062500000001,48,0,1283.5,1313.5,1302.25,1272.25,1503.3000000000002,1553.3000000000002
30,55,1322.875,1528.3000000000002,44.42877551020407,49,0,1313.5,1343.5,1332.25,1302.25,1503.3000000000002,1553.3000000000002
30,56,1352.875,1528.3000000000002,46.71812499999999,48,0,1343.5,1373.5,1362.25,1332.25,1503.3000000000002,1553.3000000000002
30,57,1382.875,1528.3000000000002,51.84640826873385,43,0,1373.5,1403.5,1392.25,1362.25,1503.3000000000002,1553.3000000000002
30,58,1412.875,1528.3000000000002,46.39321428571429,56,0,1403.5,1433.5,1422.25,1392.25,1503.3000000000002,1553.3000000000002
30,59,1442.875,1528.3000000000002,49.180877192982464,57,0,1433.5,1463.5,1452.25,1422.25,1503.3000000000002,1553.3000000000002
30,60,1472.875,1528.3000000000002,43.87755102040816,49,0,1463.5,1493.5,1482.25,1452.25,1503.3000000000002,1553.3000000000002
30,61,1502.875,1528.3000000000002,42.7307142857143,42,0,1493.5,1523.5,1512.25,1482.25,1503.3000000000002,1553.3000000000002
30,62,1532.875,1528.3000000000002,43.17923076923076,65,0,1523.5,1553.5,1542.25,1512.25,1503.3000000000002,1553.3000000000002
30,63,1562.875,1528.3000000000002,43.794705882352936,51,0,1553.5,1583.5,1572.25,1542.25,1503.3000000000002,1553.3000000000002
30,64,1592.875,1528.3000000000002,37.71132352941177,68,0,1583.5,1613.5,1602.25,1572.25,1503.3000000000002,1553.3000000000002
30,65,1622.875,1528.3000000000002,45.50090909090908,44,0,1613.5,1643.5,1632.25,1602.25,1503.3000000000002,1553.3000000000002
30,66,1652.875,1528.3000000000002,42.23191489361703,47,0,1643.5,1673.5,1662.25,1632.25,1503.3000000000002,1553.3000000000002
30,67,1682.875,1528.3000000000002,34.586999999999996,60,0,1673.5,1703.5,1692.25,1662.25,1503.3000000000002,1553.3000000000002
30,68,1712.875,1528.3000000000002,32.87285714285714,63,0,1703.5,1733.5,1722.25,1692.25,1503.3000000000002,1553.3000000000002
30,69,1742.875,1528.3000000000002,39.47283018867925,53,0,1733.5,1763.5,1752.25,1722.25,1503.3000000000002,1553.3000000000002
30,70,1772.875,1528.3000000000002,36.81627118644067,59,0,1763.5,1793.5,1782.25,1752.25,1503.3000000000002,1553.3000000000002
30,71,1802.875,1528.3000000000002,38.80354166666666,48,0,1793.5,1823.5,1812.25,1782.25,1503.3000000000002,1553.3000000000002
30,72,1832.875,1528.3000000000002,43.567272727272716,44,0,1823.5,1853.5,1842.25,1812.25,1503.3000000000002,1553.3000000000002
30,73,1862.875,1528.3000000000002,42.830000000000005,48,0,1853.5,1883.5,1872.25,1842.25,1503.3000000000002,1553.3000000000002
30,74,1892.875,1528.3000000000002,47.248333333333335,42,0,1883.5,1913.5,1902.25,1872.25,1503.3000000000002,1553.3000000000002
30,75,1922.875,1528.3000000000002,44.924821428571434,56,0,1913.5,1943.5,1932.25,1902.25,1503.3000000000002,1553.3000000000002
30,76,1952.875,1528.3000000000002,44.547962962962956,54,0,1943.5,1973.5,1962.25,1932.25,1503.3000000000002,1553.3000000000002
30,77,1982.875,1528.3000000000002,42.282321428571436,56,0,1973.5,2003.5,1992.25,1962.25,1503.3000000000002,1553.3000000000002
30,78,2012.875,1528.3000000000002,42.838148148148136,54,0,2003.5,2033.5,2022.25,1992.25,1503.3000000000002,1553.3000000000002
30,79,2042.875,1528.3000000000002,39.830363636363636,55,0,2033.5,2063.5,2052.25,2022.25,1503.3000000000002,1553.3000000000002
30,80,2072.875,1528.3000000000002,34.944576271186435,59,0,2063.5,2093.5,2082.25,2052.25,1503.3000000000002,1553.3000000000002
30,81,2102.875,1528.3000000000002,39.28976744186047,43,0,2093.5,2123.5,2112.25,2082.25,1503.3000000000002,1553.3000000000002
30,82,2132.875,1528.3000000000002,43.17017543859649,57,0,2123.5,2153.5,2142.25,2112.25,1503.3000000000002,1553.3000000000002
30,83,2162.875,1528.3000000000002,42.27207547169811,53,0,2153.5,2183.5,2172.25,2142.25,1503.3000000000002,1553.3000000000002
30,84,2192.875,1528.3000000000002,41.96229508196722,61,0,2183.5,2213.5,2202.25,2172.25,1503.3000000000002,1553.3000000000002
30,85,2222.875,1528.3000000000002,38.81999999999999,47,0,2213.5,2243.5,2232.25,2202.25,1503.3000000000002,1553.3000000000002
30,86,2252.875,1528.3000000000002,38.866,60,0,2243.5,2273.5,2262.25,2232.25,1503.3000000000002,1553.3000000000002
30,87,2282.875,1528.3000000000002,39.81446428571428,56,0,2273.5,2303.5,2292.25,2262.25,1503.3000000000002,1553.3000000000002
30,88,2312.875,1528.3000000000002,46.6356,50,0,2303.5,2333.5,2322.25,2292.25,1503.3000000000002,1553.3000000000002
30,89,2342.875,1528.3000000000002,45.39162790697674,43,0,2333.5,2363.5,2352.25,2322.25,1503.3000000000002,1553.3000000000002
30,90,2372.875,1528.3000000000002,40.278,50,0,2363.5,2393.5,2382.25,2352.25,1503.3000000000002,1553.3000000000002
30,91,2402.875,1528.3000000000002,44.67511627906977,43,0,2393.5,2423.5,2412.25,2382.25,1503.3000000000002,1553.3000000000002
30,92,2432.875,1528.3000000000002,43.75886363636363,44,0,2423.5,2453.5,2442.25,2412.25,1503.3000000000002,1553.3000000000002
30,93,2462.875,1528.3000000000002,41.106734693877556,49,0,2453.5,2483.5,2472.25,2442.25,1503.3000000000002,1553.3000000000002
30,94,2492.875,1528.3000000000002,36.12490196078431,51,0,2483.5,2513.5,2502.25,2472.25,1503.3000000000002,1553.3000000000002
30,95,2522.875,1528.3000000000002,37.52,63,0,2513.5,2543.5,2532.25,2502.25,1503.3000000000002,1553.3000000000002
30,96,2552.875,1528.3000000000002,38.112941176470585,51,0,2543.5,2573.5,2562.25,2532.25,1503.3000000000002,1553.3000000000002
30,97,2582.875,1528.3000000000002,39.349464285714284,56,0,2573.5,2603.5,2592.25,2562.25,1503.3000000000002,1553.3000000000002
30,98,2612.875,1528.3000000000002,40.46764705882353,51,0,2603.5,2633.5,2622.25,2592.25,1503.3000000000002,1553.3000000000002
30,99,2642.875,1528.3000000000002,38.88839285714284,56,0,2633.5,2663.5,2652.25,2622.25,1503.3000000000002,1553.3000000000002
30,100,2672.875,1528.3000000000002,38.92887096774194,62,0,2663.5,2693.5,2682.25,2652.25,1503.3000000000002,1553.3000000000002
30,101,2702.875,1528.3000000000002,39.635217391304344,46,0,2693.5,2723.5,2712.25,2682.25,1503.3000000000002,1553.3000000000002
30,102,2732.875,1528.3000000000002,40.61759999999998,50,0,2723.5,2753.5,2742.25,2712.25,1503.3000000000002,1553.3000000000002
30,103,2762.875,1528.3000000000002,39.596458333333324,48,0,2753.5,2783.5,2772.25,2742.25,1503.3000000000002,1553.3000000000002
30,104,2792.875,1528.3000000000002,35.005517241379316,58,0,2783.5,2813.5,2802.25,2772.25,1503.3000000000002,1553.3000000000002
30,105,2822.875,1528.3000000000002,43.18285714285715,56,0,2813.5,2843.5,2832.25,2802.25,1503.3000000000002,1553.3000000000002
30,106,2852.875,1528.3000000000002,42.86466666666666,60,0,2843.5,2873.5,2862.25,2832.25,1503.3000000000002,1553.3000000000002
30,107,2882.875,1528.3000000000002,45.03294117647059,51,0,2873.5,2903.5,2892.25,2862.25,1503.3000000000002,1553.3000000000002
30,108,2912.875,1528.3000000000002,40.77,48,0,2903.5,2933.5,2922.25,2892.25,1503.3000000000002,1553.3000000000002
30,109,2942.875,1528.3000000000002,37.636851851851844,54,0,2933.5,2963.5,2952.25,2922.25,1503.3000000000002,1553.3000000000002
30,110,2972.875,1528.3000000000002,37.609,70,0,2963.5,2993.5,2982.25,2952.25,1503.3000000000002,1553.3000000000002
30,111,3002.875,1528.3000000000002,33.40521126760564,71,0,2993.5,3023.5,3012.25,2982.25,1503.3000000000002,1553.3000000000002
30,112,3032.875,1528.3000000000002,35.92390625000001,64,0,3023.5,3053.5,3042.25,3012.25,1503.3000000000002,1553.3000000000002
30,113,3062.875,1528.3000000000002,35.33808219178083,73,0,3053.5,3083.5,3072.25,3042.25,1503.3000000000002,1553.3000000000002
30,114,3092.875,1528.3000000000002,35.539122807017534,57,0,3083.5,3113.5,3102.25,3072.25,1503.3000000000002,1553.3000000000002
30,115,3122.875,1528.3000000000002,33.42493150684931,73,0,3113.5,3143.5,3132.25,3102.25,1503.3000000000002,1553.3000000000002
30,116,3152.875,1528.3000000000002,29.968068181818186,88,0,3143.5,3173.5,3162.25,3132.25,1503.3000000000002,1553.3000000000002
30,117,3182.875,1528.3000000000002,27.802470588235295,85,0,3173.5,3203.5,3192.25,3162.25,1503.3000000000002,1553.3000000000002
30,118,3212.875,1528.3000000000002,29.583970588235292,68,0,3203.5,3233.5,3222.25,3192.25,1503.3000000000002,1553.3000000000002
30,119,3242.875,1528.3000000000002,30.696,65,0,3233.5,3263.5,3252.25,3222.25,1503.3000000000002,1553.3000000000002
30,120,3272.875,1528.3000000000002,32.863499999999995,60,0,3263.5,3293.5,3282.25,3252.25,1503.3000000000002,1553.3000000000002
30,121,3302.875,1528.3000000000002,37.329830508474586,59,0,3293.5,3323.5,3312.25,3282.25,1503.3000000000002,1553.3000000000002
30,122,3332.875,1528.3000000000002,36.4789090909091,55,0,3323.5,3353.5,3342.25,3312.25,1503.3000000000002,1553.3000000000002
30,123,3362.875,1528.3000000000002,39.00985507246377,69,0,3353.5,3383.5,3372.25,3342.25,1503.3000000000002,1553.3000000000002
30,124,3392.875,1528.3000000000002,44.44701754385965,57,0,3383.5,3413.5,3402.25,3372.25,1503.3000000000002,1553.3000000000002
30,125,3422.875,1528.3000000000002,47.554423076923065,52,0,3413.5,3443.5,3432.25,3402.25,1503.3000000000002,1553.3000000000002
30,126,3452.875,1528.3000000000002,44.04843137254902,51,0,3443.5,3473.5,3462.25,3432.25,1503.3000000000002,1553.3000000000002
30,127,3482.875,1528.3000000000002,40.447580645161274,62,0,3473.5,3503.5,3492.25,3462.25,1503.3000000000002,1553.3000000000002
30,128,3512.875,1528.3000000000002,37.688947368421054,57,0,3503.5,3533.5,3522.25,3492.25,1503.3000000000002,1553.3000000000002
30,129,3542.875,1528.3000000000002,44.60733333333334,45,0,3533.5,3563.5,3552.25,3522.25,1503.3000000000002,1553.3000000000002
30,130,3572.875,1528.3000000000002,38.84983606557375,61,0,3563.5,3593.5,3582.25,3552.25,1503.3000000000002,1553.3000000000002
30,131,3602.875,1528.3000000000002,38.996,65,0,3593.5,3623.5,3612.25,3582.25,1503.3000000000002,1553.3000000000002
30,132,3632.875,1528.3000000000002,44.893396226415085,53,0,3623.5,3653.5,3642.25,3612.25,1503.3000000000002,1553.3000000000002
30,133,3662.875,1528.3000000000002,45.167906976744185,43,0,3653.5,3683.5,3672.25,3642.25,1503.3000000000002,1553.3000000000002
30,134,3692.875,1528.3000000000002,47.98279069767441,43,0,3683.5,3713.5,3702.25,3672.25,1503.3000000000002,1553.3000000000002
30,135,3722.875,1528.3000000000002,41.11105263157896,38,0,3713.5,3743.5,3732.25,3702.25,1503.3000000000002,1553.3000000000002
30,136,3752.875,1528.3000000000002,44.353414634146354,41,0,3743.5,3773.5,3762.25,3732.25,1503.3000000000002,1553.3000000000002
30,137,3782.875,1528.3000000000002,46.18000000000001,17,0,3773.5,3803.5,3792.25,3762.25,1503.3000000000002,1553.3000000000002
30,138,3812.875,1528.3000000000002,,0,0,3803.5,3833.5,3822.25,3792.25,1503.3000000000002,1553.3000000000002
31,11,-8.375,1578.3000000000002,61.61722222222222,6,0,-17.75,12.25,1.0,-29.0,1553.3000000000002,1603.3000000000002
31,12,21.625,1578.3000000000002,61.77162790697672,43,0,12.25,42.25,31.0,1.0,1553.3000000000002,1603.3000000000002
31,13,51.625,1578.3000000000002,64.9948,25,0,42.25,72.25,61.0,31.0,1553.3000000000002,1603.3000000000002
31,14,81.625,1578.3000000000002,70.265,26,0,72.25,102.25,91.0,61.0,1553.3000000000002,1603.3000000000002
31,15,111.625,1578.3000000000002,67.48615384615385,26,0,102.25,132.25,121.0,91.0,1553.3000000000002,1603.3000000000002
31,16,141.625,1578.3000000000002,74.71500000000002,14,0,132.25,162.25,151.0,121.0,1553.3000000000002,1603.3000000000002
31,17,171.625,1578.3000000000002,55.42102564102562,39,0,162.25,192.25,181.0,151.0,1553.3000000000002,1603.3000000000002
31,18,201.625,1578.3000000000002,57.45945454545457,55,0,192.25,222.25,211.0,181.0,1553.3000000000002,1603.3000000000002
31,19,231.625,1578.3000000000002,62.26087209302324,43,0,222.25,252.25,241.0,211.0,1553.3000000000002,1603.3000000000002
31,20,261.625,1578.3000000000002,69.19500000000002,26,0,252.25,282.25,271.0,241.0,1553.3000000000002,1603.3000000000002
31,21,291.625,1578.3000000000002,66.32048780487804,41,0,282.25,312.25,301.0,271.0,1553.3000000000002,1603.3000000000002
31,22,321.625,1578.3000000000002,60.45400000000001,20,0,312.25,342.25,331.0,301.0,1553.3000000000002,1603.3000000000002
31,23,351.625,1578.3000000000002,57.9778947368421,19,0,342.25,372.25,361.0,331.0,1553.3000000000002,1603.3000000000002
31,24,381.625,1578.3000000000002,67.03187499999999,16,0,372.25,402.25,391.0,361.0,1553.3000000000002,1603.3000000000002
31,25,411.625,1578.3000000000002,72.20466666666667,15,0,402.25,432.25,421.0,391.0,1553.3000000000002,1603.3000000000002
31,26,441.625,1578.3000000000002,71.69687499999999,16,0,432.25,462.25,451.0,421.0,1553.3000000000002,1603.3000000000002
31,27,471.625,1578.3000000000002,60.86692307692309,13,0,462.25,492.25,481.0,451.0,1553.3000000000002,1603.3000000000002
31,28,501.625,1578.3000000000002,53.92714285714287,56,0,492.25,522.25,511.0,481.0,1553.3000000000002,1603.3000000000002
31,29,531.625,1578.3000000000002,54.75933333333334,35,0,522.25,552.25,541.0,511.0,1553.3000000000002,1603.3000000000002
31,30,561.625,1578.3000000000002,58.52945679012345,45,0,552.25,582.25,571.0,541.0,1553.3000000000002,1603.3000000000002
31,31,591.625,1578.3000000000002,53.98520833333334,48,0,582.25,612.25,601.0,571.0,1553.3000000000002,1603.3000000000002
31,32,621.625,1578.3000000000002,45.71351851851852,54,0,612.25,642.25,631.0,601.0,1553.3000000000002,1603.3000000000002
31,33,651.625,1578.3000000000002,44.33147540983606,61,0,642.25,672.25,661.0,631.0,1553.3000000000002,1603.3000000000002
31,34,681.625,1578.3000000000002,48.765217391304354,46,0,672.25,702.25,691.0,661.0,1553.3000000000002,1603.3000000000002
31,35,711.625,1578.3000000000002,52.992,50,0,702.25,732.25,721.0,691.0,1553.3000000000002,1603.3000000000002
31,36,741.625,1578.3000000000002,50.561777777777785,45,0,732.25,762.25,751.0,721.0,1553.3000000000002,1603.3000000000002
31,37,771.625,1578.3000000000002,52.4176,25,0,762.25,792.25,781.0,751.0,1553.3000000000002,1603.3000000000002
31,38,801.625,1578.3000000000002,47.025230769230774,65,0,792.25,822.25,811.0,781.0,1553.3000000000002,1603.3000000000002
31,39,831.625,1578.3000000000002,53.31378378378379,37,0,822.25,852.25,841.0,811.0,1553.3000000000002,1603.3000000000002
31,40,861.625,1578.3000000000002,53.8805,40,0,852.25,882.25,871.0,841.0,1553.3000000000002,1603.3000000000002
31,41,891.625,1578.3000000000002,44.72777777777778,54,0,882.25,912.25,901.0,871.0,1553.3000000000002,1603.3000000000002
31,42,921.625,1578.3000000000002,39.51615384615385,78,0,912.25,942.25,931.0,901.0,1553.3000000000002,1603.3000000000002
31,43,951.625,1578.3000000000002,43.137777777777764,63,0,942.25,972.25,961.0,931.0,1553.3000000000002,1603.3000000000002
31,44,981.625,1578.3000000000002,50.49764705882353,51,0,972.25,1002.25,991.0,961.0,1553.3000000000002,1603.3000000000002
31,45,1011.625,1578.3000000000002,48.46446428571428,56,0,1002.25,1032.25,1021.0,991.0,1553.3000000000002,1603.3000000000002
31,46,1041.625,1578.3000000000002,49.28345454545455,55,0,1032.25,1062.25,1051.0,1021.0,1553.3000000000002,1603.3000000000002
31,47,1071.625,1578.3000000000002,54.16166666666666,36,0,1062.25,1092.25,1081.0,1051.0,1553.3000000000002,1603.3000000000002
31,48,1101.625,1578.3000000000002,51.54622222222221,45,0,1092.25,1122.25,1111.0,1081.0,1553.3000000000002,1603.3000000000002
31,49,1131.625,1578.3000000000002,53.20395833333334,48,0,1122.25,1152.25,1141.0,1111.0,1553.3000000000002,1603.3000000000002
31,50,1161.625,1578.3000000000002,49.6628,50,0,1152.25,1182.25,1171.0,1141.0,1553.3000000000002,1603.3000000000002
31,51,1191.625,1578.3000000000002,44.81916666666669,72,0,1182.25,1212.25,1201.0,1171.0,1553.3000000000002,1603.3000000000002
31,52,1221.625,1578.3000000000002,52.124242424242425,33,0,1212.25,1242.25,1231.0,1201.0,1553.3000000000002,1603.3000000000002
31,53,1251.625,1578.3000000000002,55.342702702702695,37,0,1242.25,1272.25,1261.0,1231.0,1553.3000000000002,1603.3000000000002
31,54,1281.625,1578.3000000000002,53.31707317073172,41,0,1272.25,1302.25,1291.0,1261.0,1553.3000000000002,1603.3000000000002
31,55,1311.625,1578.3000000000002,45.65260000000002,50,0,1302.25,1332.25,1321.0,1291.0,1553.3000000000002,1603.3000000000002
31,56,1341.625,1578.3000000000002,44.366949152542375,59,0,1332.25,1362.25,1351.0,1321.0,1553.3000000000002,1603.3000000000002
31,57,1371.625,1578.3000000000002,50.16045045045045,37,0,1362.25,1392.25,1381.0,1351.0,1553.3000000000002,1603.3000000000002
31,58,1401.625,1578.3000000000002,47.9977551020408,49,0,1392.25,1422.25,1411.0,1381.0,1553.3000000000002,1603.3000000000002
31,59,1431.625,1578.3000000000002,46.941406249999986,64,0,1422.25,1452.25,1441.0,1411.0,1553.3000000000002,1603.3000000000002
31,60,1461.625,1578.3000000000002,48.22429769392033,53,0,1452.25,1482.25,1471.0,1441.0,1553.3000000000002,1603.3000000000002
31,61,1491.625,1578.3000000000002,42.24814814814816,54,0,1482.25,1512.25,1501.0,1471.0,1553.3000000000002,1603.3000000000002
31,62,1521.625,1578.3000000000002,41.85734693877551,49,0,1512.25,1542.25,1531.0,1501.0,1553.3000000000002,1603.3000000000002
31,63,1551.625,1578.3000000000002,42.380972222222226,72,0,1542.25,1572.25,1561.0,1531.0,1553.3000000000002,1603.3000000000002
31,64,1581.625,1578.3000000000002,40.50673469387756,49,0,1572.25,1602.25,1591.0,1561.0,1553.3000000000002,1603.3000000000002
31,65,1611.625,1578.3000000000002,40.8136507936508,63,0,1602.25,1632.25,1621.0,1591.0,1553.3000000000002,1603.3000000000002
31,66,1641.625,1578.3000000000002,46.70128205128206,39,0,1632.25,1662.25,1651.0,1621.0,1553.3000000000002,1603.3000000000002
31,67,1671.625,1578.3000000000002,42.76357142857143,56,0,1662.25,1692.25,1681.0,1651.0,1553.3000000000002,1603.3000000000002
31,68,1701.625,1578.3000000000002,39.70418181818181,55,0,1692.25,1722.25,1711.0,1681.0,1553.3000000000002,1603.3000000000002
31,69,1731.625,1578.3000000000002,40.412372881355935,59,0,1722.25,1752.25,1741.0,1711.0,1553.3000000000002,1603.3000000000002
31,70,1761.625,1578.3000000000002,41.29423728813559,59,0,1752.25,1782.25,1771.0,1741.0,1553.3000000000002,1603.3000000000002
31,71,1791.625,1578.3000000000002,40.85216666666666,60,0,1782.25,1812.25,1801.0,1771.0,1553.3000000000002,1603.3000000000002
31,72,1821.625,1578.3000000000002,43.43276595744679,47,0,1812.25,1842.25,1831.0,1801.0,1553.3000000000002,1603.3000000000002
31,73,1851.625,1578.3000000000002,46.022127659574465,47,0,1842.25,1872.25,1861.0,1831.0,1553.3000000000002,1603.3000000000002
31,74,1881.625,1578.3000000000002,45.83739130434782,46,0,1872.25,1902.25,1891.0,1861.0,1553.3000000000002,1603.3000000000002
31,75,1911.625,1578.3000000000002,48.6638,50,0,1902.25,1932.25,1921.0,1891.0,1553.3000000000002,1603.3000000000002
31,76,1941.625,1578.3000000000002,44.83596153846153,52,0,1932.25,1962.25,1951.0,1921.0,1553.3000000000002,1603.3000000000002
31,77,1971.625,1578.3000000000002,45.774285714285725,56,0,1962.25,1992.25,1981.0,1951.0,1553.3000000000002,1603.3000000000002
31,78,2001.625,1578.3000000000002,44.687358490566034,53,0,1992.25,2022.25,2011.0,1981.0,1553.3000000000002,1603.3000000000002
31,79,2031.625,1578.3000000000002,43.56140350877194,57,0,2022.25,2052.25,2041.0,2011.0,1553.3000000000002,1603.3000000000002
31,80,2061.625,1578.3000000000002,40.89199999999999,55,0,2052.25,2082.25,2071.0,2041.0,1553.3000000000002,1603.3000000000002
31,81,2091.625,1578.3000000000002,39.690888888888885,45,0,2082.25,2112.25,2101.0,2071.0,1553.3000000000002,1603.3000000000002
31,82,2121.625,1578.3000000000002,42.78209359605913,58,0,2112.25,2142.25,2131.0,2101.0,1553.3000000000002,1603.3000000000002
31,83,2151.625,1578.3000000000002,44.842962962962964,54,0,2142.25,2172.25,2161.0,2131.0,1553.3000000000002,1603.3000000000002
31,84,2181.625,1578.3000000000002,42.90873015873016,63,0,2172.25,2202.25,2191.0,2161.0,1553.3000000000002,1603.3000000000002
31,85,2211.625,1578.3000000000002,42.373958333333334,48,0,2202.25,2232.25,2221.0,2191.0,1553.3000000000002,1603.3000000000002
31,86,2241.625,1578.3000000000002,38.690153846153834,65,0,2232.25,2262.25,2251.0,2221.0,1553.3000000000002,1603.3000000000002
31,87,2271.625,1578.3000000000002,37.639193548387105,62,0,2262.25,2292.25,2281.0,2251.0,1553.3000000000002,1603.3000000000002
31,88,2301.625,1578.3000000000002,42.14397094430993,59,0,2292.25,2322.25,2311.0,2281.0,1553.3000000000002,1603.3000000000002
31,89,2331.625,1578.3000000000002,48.146734693877555,49,0,2322.25,2352.25,2341.0,2311.0,1553.3000000000002,1603.3000000000002
31,90,2361.625,1578.3000000000002,45.631086956521735,46,0,2352.25,2382.25,2371.0,2341.0,1553.3000000000002,1603.3000000000002
31,91,2391.625,1578.3000000000002,40.455555555555556,54,0,2382.25,2412.25,2401.0,2371.0,1553.3000000000002,1603.3000000000002
31,92,2421.625,1578.3000000000002,45.094249999999995,40,0,2412.25,2442.25,2431.0,2401.0,1553.3000000000002,1603.3000000000002
31,93,2451.625,1578.3000000000002,44.893010204081634,49,0,2442.25,2472.25,2461.0,2431.0,1553.3000000000002,1603.3000000000002
31,94,2481.625,1578.3000000000002,41.48666666666667,48,0,2472.25,2502.25,2491.0,2461.0,1553.3000000000002,1603.3000000000002
31,95,2511.625,1578.3000000000002,40.2246,50,0,2502.25,2532.25,2521.0,2491.0,1553.3000000000002,1603.3000000000002
31,96,2541.625,1578.3000000000002,40.84741935483872,62,0,2532.25,2562.25,2551.0,2521.0,1553.3000000000002,1603.3000000000002
31,97,2571.625,1578.3000000000002,41.11698113207548,53,0,2562.25,2592.25,2581.0,2551.0,1553.3000000000002,1603.3000000000002
31,98,2601.625,1578.3000000000002,43.49333333333334,57,0,2592.25,2622.25,2611.0,2581.0,1553.3000000000002,1603.3000000000002
31,99,2631.625,1578.3000000000002,41.85137931034484,58,0,2622.25,2652.25,2641.0,2611.0,1553.3000000000002,1603.3000000000002
31,100,2661.625,1578.3000000000002,39.331551724137924,58,0,2652.25,2682.25,2671.0,2641.0,1553.3000000000002,1603.3000000000002
31,101,2691.625,1578.3000000000002,45.2585714285714,53,0,2682.25,2712.25,2701.0,2671.0,1553.3000000000002,1603.3000000000002
31,102,2721.625,1578.3000000000002,42.69169811320754,53,0,2712.25,2742.25,2731.0,2701.0,1553.3000000000002,1603.3000000000002
31,103,2751.625,1578.3000000000002,43.57645502645502,42,0,2742.25,2772.25,2761.0,2731.0,1553.3000000000002,1603.3000000000002
31,104,2781.625,1578.3000000000002,36.91381818181818,55,0,2772.25,2802.25,2791.0,2761.0,1553.3000000000002,1603.3000000000002
31,105,2811.625,1578.3000000000002,40.4975,56,0,2802.25,2832.25,2821.0,2791.0,1553.3000000000002,1603.3000000000002
31,106,2841.625,1578.3000000000002,43.457666666666654,60,0,2832.25,2862.25,2851.0,2821.0,1553.3000000000002,1603.3000000000002
31,107,2871.625,1578.3000000000002,45.39180327868853,61,0,2862.25,2892.25,2881.0,2851.0,1553.3000000000002,1603.3000000000002
31,108,2901.625,1578.3000000000002,47.91975609756098,41,0,2892.25,2922.25,2911.0,2881.0,1553.3000000000002,1603.3000000000002
31,109,2931.625,1578.3000000000002,42.151372549019605,51,0,2922.25,2952.25,2941.0,2911.0,1553.3000000000002,1603.3000000000002
31,110,2961.625,1578.3000000000002,39.81147540983605,61,0,2952.25,2982.25,2971.0,2941.0,1553.3000000000002,1603.3000000000002
31,111,2991.625,1578.3000000000002,39.615223880597014,67,0,2982.25,3012.25,3001.0,2971.0,1553.3000000000002,1603.3000000000002
31,112,3021.625,1578.3000000000002,37.91111111111111,63,0,3012.25,3042.25,3031.0,3001.0,1553.3000000000002,1603.3000000000002
31,113,3051.625,1578.3000000000002,38.057120181405885,63,0,3042.25,3072.25,3061.0,3031.0,1553.3000000000002,1603.3000000000002
31,114,3081.625,1578.3000000000002,38.60676470588237,68,0,3072.25,3102.25,3091.0,3061.0,1553.3000000000002,1603.3000000000002
31,115,3111.625,1578.3000000000002,37.15464285714285,56,0,3102.25,3132.25,3121.0,3091.0,1553.3000000000002,1603.3000000000002
31,116,3141.625,1578.3000000000002,35.008142857142865,70,0,3132.25,3162.25,3151.0,3121.0,1553.3000000000002,1603.3000000000002
31,117,3171.625,1578.3000000000002,28.150000000000002,77,0,3162.25,3192.25,3181.0,3151.0,1553.3000000000002,1603.3000000000002
31,118,3201.625,1578.3000000000002,35.16646464646465,55,0,3192.25,3222.25,3211.0,3181.0,1553.3000000000002,1603.3000000000002
31,119,3231.625,1578.3000000000002,34.117571428571445,70,0,3222.25,3252.25,3241.0,3211.0,1553.3000000000002,1603.3000000000002
31,120,3261.625,1578.3000000000002,35.48820000000001,50,0,3252.25,3282.25,3271.0,3241.0,1553.3000000000002,1603.3000000000002
31,121,3291.625,1578.3000000000002,34.13048309178744,69,0,3282.25,3312.25,3301.0,3271.0,1553.3000000000002,1603.3000000000002
31,122,3321.625,1578.3000000000002,37.95574074074074,54,0,3312.25,3342.25,3331.0,3301.0,1553.3000000000002,1603.3000000000002
31,123,3351.625,1578.3000000000002,39.865467980295556,58,0,3342.25,3372.25,3361.0,3331.0,1553.3000000000002,1603.3000000000002
31,124,3381.625,1578.3000000000002,41.046,65,0,3372.25,3402.25,3391.0,3361.0,1553.3000000000002,1603.3000000000002
31,125,3411.625,1578.3000000000002,47.694150943396224,53,0,3402.25,3432.25,3421.0,3391.0,1553.3000000000002,1603.3000000000002
31,126,3441.625,1578.3000000000002,48.66829787234043,47,0,3432.25,3462.25,3451.0,3421.0,1553.3000000000002,1603.3000000000002
31,127,3471.625,1578.3000000000002,45.0465,60,0,3462.25,3492.25,3481.0,3451.0,1553.3000000000002,1603.3000000000002
31,128,3501.625,1578.3000000000002,39.78854545454547,55,0,3492.25,3522.25,3511.0,3481.0,1553.3000000000002,1603.3000000000002
31,129,3531.625,1578.3000000000002,42.454042553191485,47,0,3522.25,3552.25,3541.0,3511.0,1553.3000000000002,1603.3000000000002
31,130,3561.625,1578.3000000000002,45.18945454545455,55,0,3552.25,3582.25,3571.0,3541.0,1553.3000000000002,1603.3000000000002
31,131,3591.625,1578.3000000000002,41.24842105263158,57,0,3582.25,3612.25,3601.0,3571.0,1553.3000000000002,1603.3000000000002
31,132,3621.625,1578.3000000000002,43.52086206896552,58,0,3612.25,3642.25,3631.0,3601.0,1553.3000000000002,1603.3000000000002
31,133,3651.625,1578.3000000000002,47.53264150943397,53,0,3642.25,3672.25,3661.0,3631.0,1553.3000000000002,1603.3000000000002
31,134,3681.625,1578.3000000000002,48.79309523809526,42,0,3672.25,3702.25,3691.0,3661.0,1553.3000000000002,1603.3000000000002
31,135,3711.625,1578.3000000000002,46.375757575757575,33,0,3702.25,3732.25,3721.0,3691.0,1553.3000000000002,1603.3000000000002
31,136,3741.625,1578.3000000000002,44.775121951219504,41,0,3732.25,3762.25,3751.0,3721.0,1553.3000000000002,1603.3000000000002
31,137,3771.625,1578.3000000000002,47.29657142857144,35,0,3762.25,3792.25,3781.0,3751.0,1553.3000000000002,1603.3000000000002
31,138,3801.625,1578.3000000000002,,0,0,3792.25,3822.25,3811.0,3781.0,1553.3000000000002,1603.3000000000002
31,139,3831.625,1578.3000000000002,,0,0,3822.25,3852.25,3841.0,3811.0,1553.3000000000002,1603.3000000000002
32,12,10.375,1628.3000000000002,61.55666666666666,27,0,1.0,31.0,19.75,-10.25,1603.3000000000002,1653.3000000000002
32,13,40.375,1628.3000000000002,61.28666666666668,33,0,31.0,61.0,49.75,19.75,1603.3000000000002,1653.3000000000002
32,14,70.375,1628.3000000000002,67.7485,25,0,61.0,91.0,79.75,49.75,1603.3000000000002,1653.3000000000002
32,15,100.375,1628.3000000000002,67.70149999999998,20,0,91.0,121.0,109.75,79.75,1603.3000000000002,1653.3000000000002
32,16,130.375,1628.3000000000002,68.46047619047621,21,0,121.0,151.0,139.75,109.75,1603.3000000000002,1653.3000000000002
32,17,160.375,1628.3000000000002,65.78162962962963,15,0,151.0,181.0,169.75,139.75,1603.3000000000002,1653.3000000000002
32,18,190.375,1628.3000000000002,54.29473684210527,57,0,181.0,211.0,199.75,169.75,1603.3000000000002,1653.3000000000002
32,19,220.375,1628.3000000000002,59.1444,50,0,211.0,241.0,229.75,199.75,1603.3000000000002,1653.3000000000002
32,20,250.375,1628.3000000000002,68.76681818181818,22,0,241.0,271.0,259.75,229.75,1603.3000000000002,1653.3000000000002
32,21,280.375,1628.3000000000002,65.97658536585367,41,0,271.0,301.0,289.75,259.75,1603.3000000000002,1653.3000000000002
32,22,310.375,1628.3000000000002,69.92809523809525,21,0,301.0,331.0,319.75,289.75,1603.3000000000002,1653.3000000000002
32,23,340.375,1628.3000000000002,56.528400000000005,25,0,331.0,361.0,349.75,319.75,1603.3000000000002,1653.3000000000002
32,24,370.375,1628.3000000000002,64.68107142857143,21,0,361.0,391.0,379.75,349.75,1603.3000000000002,1653.3000000000002
32,25,400.375,1628.3000000000002,73.24846153846154,13,0,391.0,421.0,409.75,379.75,1603.3000000000002,1653.3000000000002
32,26,430.375,1628.3000000000002,70.27285714285715,14,0,421.0,451.0,439.75,409.75,1603.3000000000002,1653.3000000000002
32,27,460.375,1628.3000000000002,74.77642857142857,14,0,451.0,481.0,469.75,439.75,1603.3000000000002,1653.3000000000002
32,28,490.375,1628.3000000000002,55.16137931034483,29,0,481.0,511.0,499.75,469.75,1603.3000000000002,1653.3000000000002
32,29,520.375,1628.3000000000002,52.26381818181816,55,0,511.0,541.0,529.75,499.75,1603.3000000000002,1653.3000000000002
32,30,550.375,1628.3000000000002,58.64272727272728,33,0,541.0,571.0,559.75,529.75,1603.3000000000002,1653.3000000000002
32,31,580.375,1628.3000000000002,56.425000000000004,38,0,571.0,601.0,589.75,559.75,1603.3000000000002,1653.3000000000002
32,32,610.375,1628.3000000000002,53.700199999999995,50,0,601.0,631.0,619.75,589.75,1603.3000000000002,1653.3000000000002
32,33,640.375,1628.3000000000002,43.94322033898305,59,0,631.0,661.0,649.75,619.75,1603.3000000000002,1653.3000000000002
32,34,670.375,1628.3000000000002,44.80064516129033,62,0,661.0,691.0,679.75,649.75,1603.3000000000002,1653.3000000000002
32,35,700.375,1628.3000000000002,52.15052631578948,38,0,691.0,721.0,709.75,679.75,1603.3000000000002,1653.3000000000002
32,36,730.375,1628.3000000000002,53.39801749271137,49,0,721.0,751.0,739.75,709.75,1603.3000000000002,1653.3000000000002
32,37,760.375,1628.3000000000002,52.638064516129035,31,0,751.0,781.0,769.75,739.75,1603.3000000000002,1653.3000000000002
32,38,790.375,1628.3000000000002,51.06571428571429,42,0,781.0,811.0,799.75,769.75,1603.3000000000002,1653.3000000000002
32,39,820.375,1628.3000000000002,48.27507653061224,56,0,811.0,841.0,829.75,799.75,1603.3000000000002,1653.3000000000002
32,40,850.375,1628.3000000000002,56.82485714285715,35,0,841.0,871.0,859.75,829.75,1603.3000000000002,1653.3000000000002
32,41,880.375,1628.3000000000002,52.71441860465116,43,0,871.0,901.0,889.75,859.75,1603.3000000000002,1653.3000000000002
32,42,910.375,1628.3000000000002,40.01575757575758,66,0,901.0,931.0,919.75,889.75,1603.3000000000002,1653.3000000000002
32,43,940.375,1628.3000000000002,38.15860759493671,79,0,931.0,961.0,949.75,919.75,1603.3000000000002,1653.3000000000002
32,44,970.375,1628.3000000000002,42.71030075187968,57,0,961.0,991.0,979.75,949.75,1603.3000000000002,1653.3000000000002
32,45,1000.375,1628.3000000000002,48.74303571428572,56,0,991.0,1021.0,1009.75,979.75,1603.3000000000002,1653.3000000000002
32,46,1030.375,1628.3000000000002,47.549400000000006,50,0,1021.0,1051.0,1039.75,1009.75,1603.3000000000002,1653.3000000000002
32,47,1060.375,1628.3000000000002,51.82243902439025,41,0,1051.0,1081.0,1069.75,1039.75,1603.3000000000002,1653.3000000000002
32,48,1090.375,1628.3000000000002,52.545203252032515,41,0,1081.0,1111.0,1099.75,1069.75,1603.3000000000002,1653.3000000000002
32,49,1120.375,1628.3000000000002,51.83041666666666,48,0,1111.0,1141.0,1129.75,1099.75,1603.3000000000002,1653.3000000000002
32,50,1150.375,1628.3000000000002,53.36269841269842,42,0,1141.0,1171.0,1159.75,1129.75,1603.3000000000002,1653.3000000000002
32,51,1180.375,1628.3000000000002,46.398135593220346,59,0,1171.0,1201.0,1189.75,1159.75,1603.3000000000002,1653.3000000000002
32,52,1210.375,1628.3000000000002,47.79090909090909,55,0,1201.0,1231.0,1219.75,1189.75,1603.3000000000002,1653.3000000000002
32,53,1240.375,1628.3000000000002,52.74885714285713,35,0,1231.0,1261.0,1249.75,1219.75,1603.3000000000002,1653.3000000000002
32,54,1270.375,1628.3000000000002,57.69687499999999,32,0,1261.0,1291.0,1279.75,1249.75,1603.3000000000002,1653.3000000000002
32,55,1300.375,1628.3000000000002,45.87340000000001,50,0,1291.0,1321.0,1309.75,1279.75,1603.3000000000002,1653.3000000000002
32,56,1330.375,1628.3000000000002,45.4672340425532,47,0,1321.0,1351.0,1339.75,1309.75,1603.3000000000002,1653.3000000000002
32,57,1360.375,1628.3000000000002,46.29936170212766,47,0,1351.0,1381.0,1369.75,1339.75,1603.3000000000002,1653.3000000000002
32,58,1390.375,1628.3000000000002,50.30340909090909,44,0,1381.0,1411.0,1399.75,1369.75,1603.3000000000002,1653.3000000000002
32,59,1420.375,1628.3000000000002,43.096612903225825,62,0,1411.0,1441.0,1429.75,1399.75,1603.3000000000002,1653.3000000000002
32,60,1450.375,1628.3000000000002,48.85887096774193,62,0,1441.0,1471.0,1459.75,1429.75,1603.3000000000002,1653.3000000000002
32,61,1480.375,1628.3000000000002,45.87416666666666,48,0,1471.0,1501.0,1489.75,1459.75,1603.3000000000002,1653.3000000000002
32,62,1510.375,1628.3000000000002,43.25051282051282,39,0,1501.0,1531.0,1519.75,1489.75,1603.3000000000002,1653.3000000000002
32,63,1540.375,1628.3000000000002,40.50220370370371,60,0,1531.0,1561.0,1549.75,1519.75,1603.3000000000002,1653.3000000000002
32,64,1570.375,1628.3000000000002,41.103770491803274,61,0,1561.0,1591.0,1579.75,1549.75,1603.3000000000002,1653.3000000000002
32,65,1600.375,1628.3000000000002,41.41395833333333,48,0,1591.0,1621.0,1609.75,1579.75,1603.3000000000002,1653.3000000000002
32,66,1630.375,1628.3000000000002,46.98521739130436,46,0,1621.0,1651.0,1639.75,1609.75,1603.3000000000002,1653.3000000000002
32,67,1660.375,1628.3000000000002,46.59097560975609,41,0,1651.0,1681.0,1669.75,1639.75,1603.3000000000002,1653.3000000000002
32,68,1690.375,1628.3000000000002,47.01222222222223,45,0,1681.0,1711.0,1699.75,1669.75,1603.3000000000002,1653.3000000000002
32,69,1720.375,1628.3000000000002,42.26404255319148,47,0,1711.0,1741.0,1729.75,1699.75,1603.3000000000002,1653.3000000000002
32,70,1750.375,1628.3000000000002,44.42083333333333,48,0,1741.0,1771.0,1759.75,1729.75,1603.3000000000002,1653.3000000000002
32,71,1780.375,1628.3000000000002,40.89460905349794,54,0,1771.0,1801.0,1789.75,1759.75,1603.3000000000002,1653.3000000000002
32,72,1810.375,1628.3000000000002,44.662727272727274,44,0,1801.0,1831.0,1819.75,1789.75,1603.3000000000002,1653.3000000000002
32,73,1840.375,1628.3000000000002,47.637297297297295,37,0,1831.0,1861.0,1849.75,1819.75,1603.3000000000002,1653.3000000000002
32,74,1870.375,1628.3000000000002,46.17111111111111,45,0,1861.0,1891.0,1879.75,1849.75,1603.3000000000002,1653.3000000000002
32,75,1900.375,1628.3000000000002,47.580882352941174,34,0,1891.0,1921.0,1909.75,1879.75,1603.3000000000002,1653.3000000000002
32,76,1930.375,1628.3000000000002,48.13519379844961,43,0,1921.0,1951.0,1939.75,1909.75,1603.3000000000002,1653.3000000000002
32,77,1960.375,1628.3000000000002,45.40800000000001,50,0,1951.0,1981.0,1969.75,1939.75,1603.3000000000002,1653.3000000000002
32,78,1990.375,1628.3000000000002,45.552499999999995,52,0,1981.0,2011.0,1999.75,1969.75,1603.3000000000002,1653.3000000000002
32,79,2020.375,1628.3000000000002,45.2792,50,0,2011.0,2041.0,2029.75,1999.75,1603.3000000000002,1653.3000000000002
32,80,2050.375,1628.3000000000002,46.18355555555555,45,0,2041.0,2071.0,2059.75,2029.75,1603.3000000000002,1653.3000000000002
32,81,2080.375,1628.3000000000002,41.90574468085108,47,0,2071.0,2101.0,2089.75,2059.75,1603.3000000000002,1653.3000000000002
32,82,2110.375,1628.3000000000002,42.91756097560975,41,0,2101.0,2131.0,2119.75,2089.75,1603.3000000000002,1653.3000000000002
32,83,2140.375,1628.3000000000002,44.676964285714284,56,0,2131.0,2161.0,2149.75,2119.75,1603.3000000000002,1653.3000000000002
32,84,2170.375,1628.3000000000002,45.17018518518518,54,0,2161.0,2191.0,2179.75,2149.75,1603.3000000000002,1653.3000000000002
32,85,2200.375,1628.3000000000002,44.508965517241364,58,0,2191.0,2221.0,2209.75,2179.75,1603.3000000000002,1653.3000000000002
32,86,2230.375,1628.3000000000002,42.52487179487179,39,0,2221.0,2251.0,2239.75,2209.75,1603.3000000000002,1653.3000000000002
32,87,2260.375,1628.3000000000002,37.57383333333333,60,0,2251.0,2281.0,2269.75,2239.75,1603.3000000000002,1653.3000000000002
32,88,2290.375,1628.3000000000002,34.03885245901638,61,0,2281.0,2311.0,2299.75,2269.75,1603.3000000000002,1653.3000000000002
32,89,2320.375,1628.3000000000002,44.76130434782608,46,0,2311.0,2341.0,2329.75,2299.75,1603.3000000000002,1653.3000000000002
32,90,2350.375,1628.3000000000002,50.02743386243387,42,0,2341.0,2371.0,2359.75,2329.75,1603.3000000000002,1653.3000000000002
32,91,2380.375,1628.3000000000002,43.8355,45,0,2371.0,2401.0,2389.75,2359.75,1603.3000000000002,1653.3000000000002
32,92,2410.375,1628.3000000000002,41.26679999999998,50,0,2401.0,2431.0,2419.75,2389.75,1603.3000000000002,1653.3000000000002
32,93,2440.375,1628.3000000000002,45.98564102564102,39,0,2431.0,2461.0,2449.75,2419.75,1603.3000000000002,1653.3000000000002
32,94,2470.375,1628.3000000000002,46.30866666666667,45,0,2461.0,2491.0,2479.75,2449.75,1603.3000000000002,1653.3000000000002
32,95,2500.375,1628.3000000000002,42.51279069767443,43,0,2491.0,2521.0,2509.75,2479.75,1603.3000000000002,1653.3000000000002
32,96,2530.375,1628.3000000000002,43.097758620689646,58,0,2521.0,2551.0,2539.75,2509.75,1603.3000000000002,1653.3000000000002
32,97,2560.375,1628.3000000000002,42.12877551020409,49,0,2551.0,2581.0,2569.75,2539.75,1603.3000000000002,1653.3000000000002
32,98,2590.375,1628.3000000000002,42.27196078431371,51,0,2581.0,2611.0,2599.75,2569.75,1603.3000000000002,1653.3000000000002
32,99,2620.375,1628.3000000000002,42.95529411764707,51,0,2611.0,2641.0,2629.75,2599.75,1603.3000000000002,1653.3000000000002
32,100,2650.375,1628.3000000000002,41.091272727272724,55,0,2641.0,2671.0,2659.75,2629.75,1603.3000000000002,1653.3000000000002
32,101,2680.375,1628.3000000000002,46.148207792207806,55,0,2671.0,2701.0,2689.75,2659.75,1603.3000000000002,1653.3000000000002
32,102,2710.375,1628.3000000000002,47.052142857142854,42,0,2701.0,2731.0,2719.75,2689.75,1603.3000000000002,1653.3000000000002
32,103,2740.375,1628.3000000000002,43.733111111111114,45,0,2731.0,2761.0,2749.75,2719.75,1603.3000000000002,1653.3000000000002
32,104,2770.375,1628.3000000000002,42.75454545454545,44,0,2761.0,2791.0,2779.75,2749.75,1603.3000000000002,1653.3000000000002
32,105,2800.375,1628.3000000000002,39.04090909090911,55,0,2791.0,2821.0,2809.75,2779.75,1603.3000000000002,1653.3000000000002
32,106,2830.375,1628.3000000000002,42.43559322033899,59,0,2821.0,2851.0,2839.75,2809.75,1603.3000000000002,1653.3000000000002
32,107,2860.375,1628.3000000000002,43.3348484848485,66,0,2851.0,2881.0,2869.75,2839.75,1603.3000000000002,1653.3000000000002
32,108,2890.375,1628.3000000000002,49.76428571428573,49,0,2881.0,2911.0,2899.75,2869.75,1603.3000000000002,1653.3000000000002
32,109,2920.375,1628.3000000000002,44.826170212765945,47,0,2911.0,2941.0,2929.75,2899.75,1603.3000000000002,1653.3000000000002
32,110,2950.375,1628.3000000000002,43.19629629629629,54,0,2941.0,2971.0,2959.75,2929.75,1603.3000000000002,1653.3000000000002
32,111,2980.375,1628.3000000000002,41.058906249999986,64,0,2971.0,3001.0,2989.75,2959.75,1603.3000000000002,1653.3000000000002
32,112,3010.375,1628.3000000000002,40.987592592592605,54,0,3001.0,3031.0,3019.75,2989.75,1603.3000000000002,1653.3000000000002
32,113,3040.375,1628.3000000000002,39.82984126984126,58,0,3031.0,3061.0,3049.75,3019.75,1603.3000000000002,1653.3000000000002
32,114,3070.375,1628.3000000000002,37.509726027397264,73,0,3061.0,3091.0,3079.75,3049.75,1603.3000000000002,1653.3000000000002
32,115,3100.375,1628.3000000000002,41.75580645161289,62,0,3091.0,3121.0,3109.75,3079.75,1603.3000000000002,1653.3000000000002
32,116,3130.375,1628.3000000000002,38.13384615384616,65,0,3121.0,3151.0,3139.75,3109.75,1603.3000000000002,1653.3000000000002
32,117,3160.375,1628.3000000000002,35.63514705882355,68,0,3151.0,3181.0,3169.75,3139.75,1603.3000000000002,1653.3000000000002
32,118,3190.375,1628.3000000000002,38.16035714285715,56,0,3181.0,3211.0,3199.75,3169.75,1603.3000000000002,1653.3000000000002
32,119,3220.375,1628.3000000000002,38.37632653061223,49,0,3211.0,3241.0,3229.75,3199.75,1603.3000000000002,1653.3000000000002
32,120,3250.375,1628.3000000000002,38.620363636363635,55,0,3241.0,3271.0,3259.75,3229.75,1603.3000000000002,1653.3000000000002
32,121,3280.375,1628.3000000000002,35.39070707070707,55,0,3271.0,3301.0,3289.75,3259.75,1603.3000000000002,1653.3000000000002
32,122,3310.375,1628.3000000000002,35.83186440677966,59,0,3301.0,3331.0,3319.75,3289.75,1603.3000000000002,1653.3000000000002
32,123,3340.375,1628.3000000000002,41.77840000000001,50,0,3331.0,3361.0,3349.75,3319.75,1603.3000000000002,1653.3000000000002
32,124,3370.375,1628.3000000000002,41.596428571428554,56,0,3361.0,3391.0,3379.75,3349.75,1603.3000000000002,1653.3000000000002
32,125,3400.375,1628.3000000000002,45.65953995157384,59,0,3391.0,3421.0,3409.75,3379.75,1603.3000000000002,1653.3000000000002
32,126,3430.375,1628.3000000000002,50.16709090909091,55,0,3421.0,3451.0,3439.75,3409.75,1603.3000000000002,1653.3000000000002
32,127,3460.375,1628.3000000000002,47.72239130434782,46,0,3451.0,3481.0,3469.75,3439.75,1603.3000000000002,1653.3000000000002
32,128,3490.375,1628.3000000000002,44.09867924528301,53,0,3481.0,3511.0,3499.75,3469.75,1603.3000000000002,1653.3000000000002
32,129,3520.375,1628.3000000000002,41.06705882352942,51,0,3511.0,3541.0,3529.75,3499.75,1603.3000000000002,1653.3000000000002
32,130,3550.375,1628.3000000000002,45.133333333333326,48,0,3541.0,3571.0,3559.75,3529.75,1603.3000000000002,1653.3000000000002
32,131,3580.375,1628.3000000000002,45.36410714285713,56,0,3571.0,3601.0,3589.75,3559.75,1603.3000000000002,1653.3000000000002
32,132,3610.375,1628.3000000000002,44.474909090909094,55,0,3601.0,3631.0,3619.75,3589.75,1603.3000000000002,1653.3000000000002
32,133,3640.375,1628.3000000000002,46.040625000000006,48,0,3631.0,3661.0,3649.75,3619.75,1603.3000000000002,1653.3000000000002
32,134,3670.375,1628.3000000000002,49.01755555555555,45,0,3661.0,3691.0,3679.75,3649.75,1603.3000000000002,1653.3000000000002
32,135,3700.375,1628.3000000000002,48.012093023255815,43,0,3691.0,3721.0,3709.75,3679.75,1603.3000000000002,1653.3000000000002
32,136,3730.375,1628.3000000000002,44.7385,40,0,3721.0,3751.0,3739.75,3709.75,1603.3000000000002,1653.3000000000002
32,137,3760.375,1628.3000000000002,45.832291666666656,48,0,3751.0,3781.0,3769.75,3739.75,1603.3000000000002,1653.3000000000002
32,138,3790.375,1628.3000000000002,48.17055555555555,18,0,3781.0,3811.0,3799.75,3769.75,1603.3000000000002,1653.3000000000002
32,139,3820.375,1628.3000000000002,,0,0,3811.0,3841.0,3829.75,3799.75,1603.3000000000002,1653.3000000000002
33,12,-0.875,1678.3000000000002,62.87649572649572,13,0,-10.25,19.75,8.5,-21.5,1653.3000000000002,1703.3000000000002
33,13,29.125,1678.3000000000002,60.14829268292684,41,0,19.75,49.75,38.5,8.5,1653.3000000000002,1703.3000000000002
33,14,59.125,1678.3000000000002,65.70090909090908,22,0,49.75,79.75,68.5,38.5,1653.3000000000002,1703.3000000000002
33,15,89.125,1678.3000000000002,67.73380952380951,21,0,79.75,109.75,98.5,68.5,1653.3000000000002,1703.3000000000002
33,16,119.125,1678.3000000000002,67.55615384615388,26,0,109.75,139.75,128.5,98.5,1653.3000000000002,1703.3000000000002
33,17,149.125,1678.3000000000002,74.90333333333332,12,0,139.75,169.75,158.5,128.5,1653.3000000000002,1703.3000000000002
33,18,179.125,1678.3000000000002,55.048536585365845,41,0,169.75,199.75,188.5,158.5,1653.3000000000002,1703.3000000000002
33,19,209.125,1678.3000000000002,56.25706214689265,59,0,199.75,229.75,218.5,188.5,1653.3000000000002,1703.3000000000002
33,20,239.125,1678.3000000000002,60.056999999999995,40,0,229.75,259.75,248.5,218.5,1653.3000000000002,1703.3000000000002
33,21,269.125,1678.3000000000002,68.89851851851851,27,0,259.75,289.75,278.5,248.5,1653.3000000000002,1703.3000000000002
33,22,299.125,1678.3000000000002,66.62567567567568,37,0,289.75,319.75,308.5,278.5,1653.3000000000002,1703.3000000000002
33,23,329.125,1678.3000000000002,63.843068181818175,22,0,319.75,349.75,338.5,308.5,1653.3000000000002,1703.3000000000002
33,24,359.125,1678.3000000000002,59.96227272727272,22,0,349.75,379.75,368.5,338.5,1653.3000000000002,1703.3000000000002
33,25,389.125,1678.3000000000002,68.75842105263159,19,0,379.75,409.75,398.5,368.5,1653.3000000000002,1703.3000000000002
33,26,419.125,1678.3000000000002,70.31546875,16,0,409.75,439.75,428.5,398.5,1653.3000000000002,1703.3000000000002
33,27,449.125,1678.3000000000002,71.31500000000001,14,0,439.75,469.75,458.5,428.5,1653.3000000000002,1703.3000000000002
33,28,479.125,1678.3000000000002,61.117333333333335,15,0,469.75,499.75,488.5,458.5,1653.3000000000002,1703.3000000000002
33,29,509.125,1678.3000000000002,52.76981132075472,53,0,499.75,529.75,518.5,488.5,1653.3000000000002,1703.3000000000002
33,30,539.125,1678.3000000000002,55.89999999999999,41,0,529.75,559.75,548.5,518.5,1653.3000000000002,1703.3000000000002
33,31,569.125,1678.3000000000002,57.9375,44,0,559.75,589.75,578.5,548.5,1653.3000000000002,1703.3000000000002
33,32,599.125,1678.3000000000002,55.04918367346939,49,0,589.75,619.75,608.5,578.5,1653.3000000000002,1703.3000000000002
33,33,629.125,1678.3000000000002,50.73299999999999,50,0,619.75,649.75,638.5,608.5,1653.3000000000002,1703.3000000000002
33,34,659.125,1678.3000000000002,44.754531250000014,64,0,649.75,679.75,668.5,638.5,1653.3000000000002,1703.3000000000002
33,35,689.125,1678.3000000000002,46.53711538461538,52,0,679.75,709.75,698.5,668.5,1653.3000000000002,1703.3000000000002
33,36,719.125,1678.3000000000002,53.91533333333334,45,0,709.75,739.75,728.5,698.5,1653.3000000000002,1703.3000000000002
33,37,749.125,1678.3000000000002,52.54365853658536,41,0,739.75,769.75,758.5,728.5,1653.3000000000002,1703.3000000000002
33,38,779.125,1678.3000000000002,52.48749999999999,32,0,769.75,799.75,788.5,758.5,1653.3000000000002,1703.3000000000002
33,39,809.125,1678.3000000000002,48.399666666666675,60,0,799.75,829.75,818.5,788.5,1653.3000000000002,1703.3000000000002
33,40,839.125,1678.3000000000002,52.819428571428574,35,0,829.75,859.75,848.5,818.5,1653.3000000000002,1703.3000000000002
33,41,869.125,1678.3000000000002,56.020833333333336,36,0,859.75,889.75,878.5,848.5,1653.3000000000002,1703.3000000000002
33,42,899.125,1678.3000000000002,49.531489361702135,47,0,889.75,919.75,908.5,878.5,1653.3000000000002,1703.3000000000002
33,43,929.125,1678.3000000000002,41.24861111111112,72,0,919.75,949.75,938.5,908.5,1653.3000000000002,1703.3000000000002
33,44,959.125,1678.3000000000002,39.51138888888889,72,0,949.75,979.75,968.5,938.5,1653.3000000000002,1703.3000000000002
33,45,989.125,1678.3000000000002,48.632,50,0,979.75,1009.75,998.5,968.5,1653.3000000000002,1703.3000000000002
33,46,1019.125,1678.3000000000002,43.9984126984127,63,0,1009.75,1039.75,1028.5,998.5,1653.3000000000002,1703.3000000000002
33,47,1049.125,1678.3000000000002,47.998214285714305,56,0,1039.75,1069.75,1058.5,1028.5,1653.3000000000002,1703.3000000000002
33,48,1079.125,1678.3000000000002,52.84135135135135,37,0,1069.75,1099.75,1088.5,1058.5,1653.3000000000002,1703.3000000000002
33,49,1109.125,1678.3000000000002,52.64456521739132,46,0,1099.75,1129.75,1118.5,1088.5,1653.3000000000002,1703.3000000000002
33,50,1139.125,1678.3000000000002,53.83479166666667,48,0,1129.75,1159.75,1148.5,1118.5,1653.3000000000002,1703.3000000000002
33,51,1169.125,1678.3000000000002,51.241162790697665,43,0,1159.75,1189.75,1178.5,1148.5,1653.3000000000002,1703.3000000000002
33,52,1199.125,1678.3000000000002,45.04130434782609,69,0,1189.75,1219.75,1208.5,1178.5,1653.3000000000002,1703.3000000000002
33,53,1229.125,1678.3000000000002,50.541666666666686,42,0,1219.75,1249.75,1238.5,1208.5,1653.3000000000002,1703.3000000000002
33,54,1259.125,1678.3000000000002,53.52469387755103,49,0,1249.75,1279.75,1268.5,1238.5,1653.3000000000002,1703.3000000000002
33,55,1289.125,1678.3000000000002,53.22052631578948,38,0,1279.75,1309.75,1298.5,1268.5,1653.3000000000002,1703.3000000000002
33,56,1319.125,1678.3000000000002,45.63249999999999,48,0,1309.75,1339.75,1328.5,1298.5,1653.3000000000002,1703.3000000000002
33,57,1349.125,1678.3000000000002,44.43581818181819,55,0,1339.75,1369.75,1358.5,1328.5,1653.3000000000002,1703.3000000000002
33,58,1379.125,1678.3000000000002,47.29210526315788,38,0,1369.75,1399.75,1388.5,1358.5,1653.3000000000002,1703.3000000000002
33,59,1409.125,1678.3000000000002,46.009171428571435,50,0,1399.75,1429.75,1418.5,1388.5,1653.3000000000002,1703.3000000000002
33,60,1439.125,1678.3000000000002,44.790533333333336,75,0,1429.75,1459.75,1448.5,1418.5,1653.3000000000002,1703.3000000000002
33,61,1469.125,1678.3000000000002,47.348245614035086,57,0,1459.75,1489.75,1478.5,1448.5,1653.3000000000002,1703.3000000000002
33,62,1499.125,1678.3000000000002,45.15235294117647,51,0,1489.75,1519.75,1508.5,1478.5,1653.3000000000002,1703.3000000000002
33,63,1529.125,1678.3000000000002,42.442195121951215,41,0,1519.75,1549.75,1538.5,1508.5,1653.3000000000002,1703.3000000000002
33,64,1559.125,1678.3000000000002,39.39492537313431,67,0,1549.75,1579.75,1568.5,1538.5,1653.3000000000002,1703.3000000000002
33,65,1589.125,1678.3000000000002,42.12851063829787,47,0,1579.75,1609.75,1598.5,1568.5,1653.3000000000002,1703.3000000000002
33,66,1619.125,1678.3000000000002,48.123508771929835,57,0,1609.75,1639.75,1628.5,1598.5,1653.3000000000002,1703.3000000000002
33,67,1649.125,1678.3000000000002,48.94727272727273,44,0,1639.75,1669.75,1658.5,1628.5,1653.3000000000002,1703.3000000000002
33,68,1679.125,1678.3000000000002,48.360511111111094,50,0,1669.75,1699.75,1688.5,1658.5,1653.3000000000002,1703.3000000000002
33,69,1709.125,1678.3000000000002,46.775499999999994,40,0,1699.75,1729.75,1718.5,1688.5,1653.3000000000002,1703.3000000000002
33,70,1739.125,1678.3000000000002,46.30156862745096,51,0,1729.75,1759.75,1748.5,1718.5,1653.3000000000002,1703.3000000000002
33,71,1769.125,1678.3000000000002,45.576538461538476,52,0,1759.75,1789.75,1778.5,1748.5,1653.3000000000002,1703.3000000000002
33,72,1799.125,1678.3000000000002,45.270599999999995,50,0,1789.75,1819.75,1808.5,1778.5,1653.3000000000002,1703.3000000000002
33,73,1829.125,1678.3000000000002,45.90105263157894,38,0,1819.75,1849.75,1838.5,1808.5,1653.3000000000002,1703.3000000000002
33,74,1859.125,1678.3000000000002,48.81365853658536,41,0,1849.75,1879.75,1868.5,1838.5,1653.3000000000002,1703.3000000000002
33,75,1889.125,1678.3000000000002,46.223404255319146,47,0,1879.75,1909.75,1898.5,1868.5,1653.3000000000002,1703.3000000000002
33,76,1919.125,1678.3000000000002,50.26432773109244,34,0,1909.75,1939.75,1928.5,1898.5,1653.3000000000002,1703.3000000000002
33,77,1949.125,1678.3000000000002,46.30591836734693,49,0,1939.75,1969.75,1958.5,1928.5,1653.3000000000002,1703.3000000000002
33,78,1979.125,1678.3000000000002,46.7177358490566,53,0,1969.75,1999.75,1988.5,1958.5,1653.3000000000002,1703.3000000000002
33,79,2009.125,1678.3000000000002,47.4775,48,0,1999.75,2029.75,2018.5,1988.5,1653.3000000000002,1703.3000000000002
33,80,2039.125,1678.3000000000002,47.29960784313724,51,0,2029.75,2059.75,2048.5,2018.5,1653.3000000000002,1703.3000000000002
33,81,2069.125,1678.3000000000002,46.7422448979592,49,0,2059.75,2089.75,2078.5,2048.5,1653.3000000000002,1703.3000000000002
33,82,2099.125,1678.3000000000002,44.13731707317073,41,0,2089.75,2119.75,2108.5,2078.5,1653.3000000000002,1703.3000000000002
33,83,2129.125,1678.3000000000002,44.65452830188679,53,0,2119.75,2149.75,2138.5,2108.5,1653.3000000000002,1703.3000000000002
33,84,2159.125,1678.3000000000002,46.427142857142854,49,0,2149.75,2179.75,2168.5,2138.5,1653.3000000000002,1703.3000000000002
33,85,2189.125,1678.3000000000002,46.13520833333333,48,0,2179.75,2209.75,2198.5,2168.5,1653.3000000000002,1703.3000000000002
33,86,2219.125,1678.3000000000002,45.894761904761914,42,0,2209.75,2239.75,2228.5,2198.5,1653.3000000000002,1703.3000000000002
33,87,2249.125,1678.3000000000002,42.02508771929824,57,0,2239.75,2269.75,2258.5,2228.5,1653.3000000000002,1703.3000000000002
33,88,2279.125,1678.3000000000002,36.90096153846155,52,0,2269.75,2299.75,2288.5,2258.5,1653.3000000000002,1703.3000000000002
33,89,2309.125,1678.3000000000002,35.36824561403508,57,0,2299.75,2329.75,2318.5,2288.5,1653.3000000000002,1703.3000000000002
33,90,2339.125,1678.3000000000002,48.667692307692306,39,0,2329.75,2359.75,2348.5,2318.5,1653.3000000000002,1703.3000000000002
33,91,2369.125,1678.3000000000002,48.57116279069767,43,0,2359.75,2389.75,2378.5,2348.5,1653.3000000000002,1703.3000000000002
33,92,2399.125,1678.3000000000002,40.95979591836734,49,0,2389.75,2419.75,2408.5,2378.5,1653.3000000000002,1703.3000000000002
33,93,2429.125,1678.3000000000002,45.25931818181818,44,0,2419.75,2449.75,2438.5,2408.5,1653.3000000000002,1703.3000000000002
33,94,2459.125,1678.3000000000002,46.849999999999994,47,0,2449.75,2479.75,2468.5,2438.5,1653.3000000000002,1703.3000000000002
33,95,2489.125,1678.3000000000002,46.628541666666656,48,0,2479.75,2509.75,2498.5,2468.5,1653.3000000000002,1703.3000000000002
33,96,2519.125,1678.3000000000002,44.79791666666666,48,0,2509.75,2539.75,2528.5,2498.5,1653.3000000000002,1703.3000000000002
33,97,2549.125,1678.3000000000002,44.15278719397363,59,0,2539.75,2569.75,2558.5,2528.5,1653.3000000000002,1703.3000000000002
33,98,2579.125,1678.3000000000002,43.787555555555564,45,0,2569.75,2599.75,2588.5,2558.5,1653.3000000000002,1703.3000000000002
33,99,2609.125,1678.3000000000002,45.96658536585365,41,0,2599.75,2629.75,2618.5,2588.5,1653.3000000000002,1703.3000000000002
33,100,2639.125,1678.3000000000002,44.371200000000016,50,0,2629.75,2659.75,2648.5,2618.5,1653.3000000000002,1703.3000000000002
33,101,2669.125,1678.3000000000002,43.70854166666666,48,0,2659.75,2689.75,2678.5,2648.5,1653.3000000000002,1703.3000000000002
33,102,2699.125,1678.3000000000002,51.19547619047619,42,0,2689.75,2719.75,2708.5,2678.5,1653.3000000000002,1703.3000000000002
33,103,2729.125,1678.3000000000002,46.09106382978723,47,0,2719.75,2749.75,2738.5,2708.5,1653.3000000000002,1703.3000000000002
33,104,2759.125,1678.3000000000002,47.39128205128205,39,0,2749.75,2779.75,2768.5,2738.5,1653.3000000000002,1703.3000000000002
33,105,2789.125,1678.3000000000002,41.8026923076923,52,0,2779.75,2809.75,2798.5,2768.5,1653.3000000000002,1703.3000000000002
33,106,2819.125,1678.3000000000002,42.235324675324684,55,0,2809.75,2839.75,2828.5,2798.5,1653.3000000000002,1703.3000000000002
33,107,2849.125,1678.3000000000002,42.568499999999986,60,0,2839.75,2869.75,2858.5,2828.5,1653.3000000000002,1703.3000000000002
33,108,2879.125,1678.3000000000002,45.531999999999975,60,0,2869.75,2899.75,2888.5,2858.5,1653.3000000000002,1703.3000000000002
33,109,2909.125,1678.3000000000002,49.944102564102565,39,0,2899.75,2929.75,2918.5,2888.5,1653.3000000000002,1703.3000000000002
33,110,2939.125,1678.3000000000002,43.94807692307692,52,0,2929.75,2959.75,2948.5,2918.5,1653.3000000000002,1703.3000000000002
33,111,2969.125,1678.3000000000002,44.62803571428572,56,0,2959.75,2989.75,2978.5,2948.5,1653.3000000000002,1703.3000000000002
33,112,2999.125,1678.3000000000002,43.837894736842095,57,0,2989.75,3019.75,3008.5,2978.5,1653.3000000000002,1703.3000000000002
33,113,3029.125,1678.3000000000002,44.42729166666668,48,0,3019.75,3049.75,3038.5,3008.5,1653.3000000000002,1703.3000000000002
33,114,3059.125,1678.3000000000002,41.644482758620676,58,0,3049.75,3079.75,3068.5,3038.5,1653.3000000000002,1703.3000000000002
33,115,3089.125,1678.3000000000002,40.50009803921567,68,0,3079.75,3109.75,3098.5,3068.5,1653.3000000000002,1703.3000000000002
33,116,3119.125,1678.3000000000002,40.91466666666667,55,0,3109.75,3139.75,3128.5,3098.5,1653.3000000000002,1703.3000000000002
33,117,3149.125,1678.3000000000002,39.78075757575759,66,0,3139.75,3169.75,3158.5,3128.5,1653.3000000000002,1703.3000000000002
33,118,3179.125,1678.3000000000002,40.2196501457726,49,0,3169.75,3199.75,3188.5,3158.5,1653.3000000000002,1703.3000000000002
33,119,3209.125,1678.3000000000002,43.75000000000001,41,0,3199.75,3229.75,3218.5,3188.5,1653.3000000000002,1703.3000000000002
33,120,3239.125,1678.3000000000002,43.20370370370367,54,0,3229.75,3259.75,3248.5,3218.5,1653.3000000000002,1703.3000000000002
33,121,3269.125,1678.3000000000002,40.01545454545453,44,0,3259.75,3289.75,3278.5,3248.5,1653.3000000000002,1703.3000000000002
33,122,3299.125,1678.3000000000002,39.64472727272727,55,0,3289.75,3319.75,3308.5,3278.5,1653.3000000000002,1703.3000000000002
33,123,3329.125,1678.3000000000002,41.762499999999996,52,0,3319.75,3349.75,3338.5,3308.5,1653.3000000000002,1703.3000000000002
33,124,3359.125,1678.3000000000002,43.34910714285714,56,0,3349.75,3379.75,3368.5,3338.5,1653.3000000000002,1703.3000000000002
33,125,3389.125,1678.3000000000002,45.52811320754715,53,0,3379.75,3409.75,3398.5,3368.5,1653.3000000000002,1703.3000000000002
33,126,3419.125,1678.3000000000002,51.091999999999985,45,0,3409.75,3439.75,3428.5,3398.5,1653.3000000000002,1703.3000000000002
33,127,3449.125,1678.3000000000002,50.989534883720914,43,0,3439.75,3469.75,3458.5,3428.5,1653.3000000000002,1703.3000000000002
33,128,3479.125,1678.3000000000002,49.116170212765965,47,0,3469.75,3499.75,3488.5,3458.5,1653.3000000000002,1703.3000000000002
33,129,3509.125,1678.3000000000002,45.755434782608695,46,0,3499.75,3529.75,3518.5,3488.5,1653.3000000000002,1703.3000000000002
33,130,3539.125,1678.3000000000002,47.311052631578946,38,0,3529.75,3559.75,3548.5,3518.5,1653.3000000000002,1703.3000000000002
33,131,3569.125,1678.3000000000002,46.94666666666667,51,0,3559.75,3589.75,3578.5,3548.5,1653.3000000000002,1703.3000000000002
33,132,3599.125,1678.3000000000002,47.10875000000001,48,0,3589.75,3619.75,3608.5,3578.5,1653.3000000000002,1703.3000000000002
33,133,3629.125,1678.3000000000002,48.415102040816336,49,0,3619.75,3649.75,3638.5,3608.5,1653.3000000000002,1703.3000000000002
33,134,3659.125,1678.3000000000002,50.57777777777779,45,0,3649.75,3679.75,3668.5,3638.5,1653.3000000000002,1703.3000000000002
33,135,3689.125,1678.3000000000002,49.294130434782616,46,0,3679.75,3709.75,3698.5,3668.5,1653.3000000000002,1703.3000000000002
33,136,3719.125,1678.3000000000002,47.849032258064504,31,0,3709.75,3739.75,3728.5,3698.5,1653.3000000000002,1703.3000000000002
33,137,3749.125,1678.3000000000002,44.628157894736844,38,0,3739.75,3769.75,3758.5,3728.5,1653.3000000000002,1703.3000000000002
33,138,3779.125,1678.3000000000002,48.2171052631579,38,0,3769.75,3799.75,3788.5,3758.5,1653.3000000000002,1703.3000000000002
33,139,3809.125,1678.3000000000002,,0,0,3799.75,3829.75,3818.5,3788.5,1653.3000000000002,1703.3000000000002
34,12,-12.125,1728.3000000000002,,0,0,-21.5,8.5,-2.75,-32.75,1703.3000000000002,1753.3000000000002
34,13,17.875,1728.3000000000002,63.052664092664095,37,0,8.5,38.5,27.25,-2.75,1703.3000000000002,1753.3000000000002
34,14,47.875,1728.3000000000002,61.77916666666668,36,0,38.5,68.5,57.25,27.25,1703.3000000000002,1753.3000000000002
34,15,77.875,1728.3000000000002,66.95476190476191,21,0,68.5,98.5,87.25,57.25,1703.3000000000002,1753.3000000000002
34,16,107.875,1728.3000000000002,69.43470588235296,17,0,98.5,128.5,117.25,87.25,1703.3000000000002,1753.3000000000002
34,17,137.875,1728.3000000000002,68.7581818181818,22,0,128.5,158.5,147.25,117.25,1703.3000000000002,1753.3000000000002
34,18,167.875,1728.3000000000002,65.88933333333334,15,0,158.5,188.5,177.25,147.25,1703.3000000000002,1753.3000000000002
34,19,197.875,1728.3000000000002,54.29310344827588,58,0,188.5,218.5,207.25,177.25,1703.3000000000002,1753.3000000000002
34,20,227.875,1728.3000000000002,55.81380952380953,42,0,218.5,248.5,237.25,207.25,1703.3000000000002,1753.3000000000002
34,21,257.875,1728.3000000000002,67.47583333333334,24,0,248.5,278.5,267.25,237.25,1703.3000000000002,1753.3000000000002
34,22,287.875,1728.3000000000002,66.3251058201058,42,0,278.5,308.5,297.25,267.25,1703.3000000000002,1753.3000000000002
34,23,317.875,1728.3000000000002,71.35909090909091,22,0,308.5,338.5,327.25,297.25,1703.3000000000002,1753.3000000000002
34,24,347.875,1728.3000000000002,60.01159420289856,23,0,338.5,368.5,357.25,327.25,1703.3000000000002,1753.3000000000002
34,25,377.875,1728.3000000000002,64.42190476190476,21,0,368.5,398.5,387.25,357.25,1703.3000000000002,1753.3000000000002
34,26,407.875,1728.3000000000002,74.02969135802469,18,0,398.5,428.5,417.25,387.25,1703.3000000000002,1753.3000000000002
34,27,437.875,1728.3000000000002,70.51529411764707,17,0,428.5,458.5,447.25,417.25,1703.3000000000002,1753.3000000000002
34,28,467.875,1728.3000000000002,74.38000000000001,12,0,458.5,488.5,477.25,447.25,1703.3000000000002,1753.3000000000002
34,29,497.875,1728.3000000000002,57.26724137931034,29,0,488.5,518.5,507.25,477.25,1703.3000000000002,1753.3000000000002
34,30,527.875,1728.3000000000002,52.59648148148149,54,0,518.5,548.5,537.25,507.25,1703.3000000000002,1753.3000000000002
34,31,557.875,1728.3000000000002,59.49702702702704,37,0,548.5,578.5,567.25,537.25,1703.3000000000002,1753.3000000000002
34,32,587.875,1728.3000000000002,58.28736842105265,38,0,578.5,608.5,597.25,567.25,1703.3000000000002,1753.3000000000002
34,33,617.875,1728.3000000000002,53.016037735849046,53,0,608.5,638.5,627.25,597.25,1703.3000000000002,1753.3000000000002
34,34,647.875,1728.3000000000002,48.43960784313727,51,0,638.5,668.5,657.25,627.25,1703.3000000000002,1753.3000000000002
34,35,677.875,1728.3000000000002,45.164375,64,0,668.5,698.5,687.25,657.25,1703.3000000000002,1753.3000000000002
34,36,707.875,1728.3000000000002,49.86354166666667,48,0,698.5,728.5,717.25,687.25,1703.3000000000002,1753.3000000000002
34,37,737.875,1728.3000000000002,53.525,48,0,728.5,758.5,747.25,717.25,1703.3000000000002,1753.3000000000002
34,38,767.875,1728.3000000000002,53.21833333333333,30,0,758.5,788.5,777.25,747.25,1703.3000000000002,1753.3000000000002
34,39,797.875,1728.3000000000002,49.354883720930225,43,0,788.5,818.5,807.25,777.25,1703.3000000000002,1753.3000000000002
34,40,827.875,1728.3000000000002,48.78298245614036,57,0,818.5,848.5,837.25,807.25,1703.3000000000002,1753.3000000000002
34,41,857.875,1728.3000000000002,58.907741935483884,31,0,848.5,878.5,867.25,837.25,1703.3000000000002,1753.3000000000002
34,42,887.875,1728.3000000000002,55.997073170731696,41,0,878.5,908.5,897.25,867.25,1703.3000000000002,1753.3000000000002
34,43,917.875,1728.3000000000002,46.521578947368404,57,0,908.5,938.5,927.25,897.25,1703.3000000000002,1753.3000000000002
34,44,947.875,1728.3000000000002,42.20669117647059,68,0,938.5,968.5,957.25,927.25,1703.3000000000002,1753.3000000000002
34,45,977.875,1728.3000000000002,43.917,60,0,968.5,998.5,987.25,957.25,1703.3000000000002,1753.3000000000002
34,46,1007.875,1728.3000000000002,47.75927272727273,55,0,998.5,1028.5,1017.25,987.25,1703.3000000000002,1753.3000000000002
34,47,1037.875,1728.3000000000002,42.74467741935483,62,0,1028.5,1058.5,1047.25,1017.25,1703.3000000000002,1753.3000000000002
34,48,1067.875,1728.3000000000002,51.332051282051275,39,0,1058.5,1088.5,1077.25,1047.25,1703.3000000000002,1753.3000000000002
34,49,1097.875,1728.3000000000002,53.80162162162162,37,0,1088.5,1118.5,1107.25,1077.25,1703.3000000000002,1753.3000000000002
34,50,1127.875,1728.3000000000002,53.16826086956521,46,0,1118.5,1148.5,1137.25,1107.25,1703.3000000000002,1753.3000000000002
34,51,1157.875,1728.3000000000002,55.65692307692307,39,0,1148.5,1178.5,1167.25,1137.25,1703.3000000000002,1753.3000000000002
34,52,1187.875,1728.3000000000002,48.14200000000001,55,0,1178.5,1208.5,1197.25,1167.25,1703.3000000000002,1753.3000000000002
34,53,1217.875,1728.3000000000002,47.44719298245616,57,0,1208.5,1238.5,1227.25,1197.25,1703.3000000000002,1753.3000000000002
34,54,1247.875,1728.3000000000002,51.09971428571429,35,0,1238.5,1268.5,1257.25,1227.25,1703.3000000000002,1753.3000000000002
34,55,1277.875,1728.3000000000002,52.46261904761904,42,0,1268.5,1298.5,1287.25,1257.25,1703.3000000000002,1753.3000000000002
34,56,1307.875,1728.3000000000002,49.479565217391304,46,0,1298.5,1328.5,1317.25,1287.25,1703.3000000000002,1753.3000000000002
34,57,1337.875,1728.3000000000002,46.558780487804874,41,0,1328.5,1358.5,1347.25,1317.25,1703.3000000000002,1753.3000000000002
34,58,1367.875,1728.3000000000002,45.791224489795916,49,0,1358.5,1388.5,1377.25,1347.25,1703.3000000000002,1753.3000000000002
34,59,1397.875,1728.3000000000002,49.97500000000001,40,0,1388.5,1418.5,1407.25,1377.25,1703.3000000000002,1753.3000000000002
34,60,1427.875,1728.3000000000002,46.9421153846154,52,0,1418.5,1448.5,1437.25,1407.25,1703.3000000000002,1753.3000000000002
34,61,1457.875,1728.3000000000002,44.71014925373134,67,0,1448.5,1478.5,1467.25,1437.25,1703.3000000000002,1753.3000000000002
34,62,1487.875,1728.3000000000002,47.4351111111111,45,0,1478.5,1508.5,1497.25,1467.25,1703.3000000000002,1753.3000000000002
34,63,1517.875,1728.3000000000002,46.517499999999984,40,0,1508.5,1538.5,1527.25,1497.25,1703.3000000000002,1753.3000000000002
34,64,1547.875,1728.3000000000002,42.04381818181818,55,0,1538.5,1568.5,1557.25,1527.25,1703.3000000000002,1753.3000000000002
34,65,1577.875,1728.3000000000002,42.5929090909091,55,0,1568.5,1598.5,1587.25,1557.25,1703.3000000000002,1753.3000000000002
34,66,1607.875,1728.3000000000002,48.522499999999994,44,0,1598.5,1628.5,1617.25,1587.25,1703.3000000000002,1753.3000000000002
34,67,1637.875,1728.3000000000002,50.22244444444445,45,0,1628.5,1658.5,1647.25,1617.25,1703.3000000000002,1753.3000000000002
34,68,1667.875,1728.3000000000002,50.77738095238095,42,0,1658.5,1688.5,1677.25,1647.25,1703.3000000000002,1753.3000000000002
34,69,1697.875,1728.3000000000002,46.843333333333334,48,0,1688.5,1718.5,1707.25,1677.25,1703.3000000000002,1753.3000000000002
34,70,1727.875,1728.3000000000002,48.47878048780488,41,0,1718.5,1748.5,1737.25,1707.25,1703.3000000000002,1753.3000000000002
34,71,1757.875,1728.3000000000002,47.423829787234055,47,0,1748.5,1778.5,1767.25,1737.25,1703.3000000000002,1753.3000000000002
34,72,1787.875,1728.3000000000002,47.37066666666667,45,0,1778.5,1808.5,1797.25,1767.25,1703.3000000000002,1753.3000000000002
34,73,1817.875,1728.3000000000002,47.46789473684211,38,0,1808.5,1838.5,1827.25,1797.25,1703.3000000000002,1753.3000000000002
34,74,1847.875,1728.3000000000002,49.54314285714285,35,0,1838.5,1868.5,1857.25,1827.25,1703.3000000000002,1753.3000000000002
34,75,1877.875,1728.3000000000002,49.87093023255814,43,0,1868.5,1898.5,1887.25,1857.25,1703.3000000000002,1753.3000000000002
34,76,1907.875,1728.3000000000002,50.446,30,0,1898.5,1928.5,1917.25,1887.25,1703.3000000000002,1753.3000000000002
34,77,1937.875,1728.3000000000002,52.065937500000004,32,0,1928.5,1958.5,1947.25,1917.25,1703.3000000000002,1753.3000000000002
34,78,1967.875,1728.3000000000002,46.934,55,0,1958.5,1988.5,1977.25,1947.25,1703.3000000000002,1753.3000000000002
34,79,1997.875,1728.3000000000002,47.08673913043478,46,0,1988.5,2018.5,2007.25,1977.25,1703.3000000000002,1753.3000000000002
34,80,2027.875,1728.3000000000002,49.37304347826087,46,0,2018.5,2048.5,2037.25,2007.25,1703.3000000000002,1753.3000000000002
34,81,2057.875,1728.3000000000002,48.23355555555554,45,0,2048.5,2078.5,2067.25,2037.25,1703.3000000000002,1753.3000000000002
34,82,2087.875,1728.3000000000002,47.37782608695652,46,0,2078.5,2108.5,2097.25,2067.25,1703.3000000000002,1753.3000000000002
34,83,2117.875,1728.3000000000002,45.47424242424244,33,0,2108.5,2138.5,2127.25,2097.25,1703.3000000000002,1753.3000000000002
34,84,2147.875,1728.3000000000002,47.658983050847475,59,0,2138.5,2168.5,2157.25,2127.25,1703.3000000000002,1753.3000000000002
34,85,2177.875,1728.3000000000002,48.96744186046512,43,0,2168.5,2198.5,2187.25,2157.25,1703.3000000000002,1753.3000000000002
34,86,2207.875,1728.3000000000002,48.59078431372549,51,0,2198.5,2228.5,2217.25,2187.25,1703.3000000000002,1753.3000000000002
34,87,2237.875,1728.3000000000002,44.760285714285715,35,0,2228.5,2258.5,2247.25,2217.25,1703.3000000000002,1753.3000000000002
34,88,2267.875,1728.3000000000002,44.29361702127661,47,0,2258.5,2288.5,2277.25,2247.25,1703.3000000000002,1753.3000000000002
34,89,2297.875,1728.3000000000002,38.2928798185941,49,0,2288.5,2318.5,2307.25,2277.25,1703.3000000000002,1753.3000000000002
34,90,2327.875,1728.3000000000002,43.77784313725491,51,0,2318.5,2348.5,2337.25,2307.25,1703.3000000000002,1753.3000000000002
34,91,2357.875,1728.3000000000002,51.28486486486485,37,0,2348.5,2378.5,2367.25,2337.25,1703.3000000000002,1753.3000000000002
34,92,2387.875,1728.3000000000002,46.34948717948718,39,0,2378.5,2408.5,2397.25,2367.25,1703.3000000000002,1753.3000000000002
34,93,2417.875,1728.3000000000002,40.64604166666666,48,0,2408.5,2438.5,2427.25,2397.25,1703.3000000000002,1753.3000000000002
34,94,2447.875,1728.3000000000002,46.16613636363637,44,0,2438.5,2468.5,2457.25,2427.25,1703.3000000000002,1753.3000000000002
34,95,2477.875,1728.3000000000002,47.96133333333333,45,0,2468.5,2498.5,2487.25,2457.25,1703.3000000000002,1753.3000000000002
34,96,2507.875,1728.3000000000002,47.95731707317073,41,0,2498.5,2528.5,2517.25,2487.25,1703.3000000000002,1753.3000000000002
34,97,2537.875,1728.3000000000002,48.04108695652174,46,0,2528.5,2558.5,2547.25,2517.25,1703.3000000000002,1753.3000000000002
34,98,2567.875,1728.3000000000002,46.03488888888888,45,0,2558.5,2588.5,2577.25,2547.25,1703.3000000000002,1753.3000000000002
34,99,2597.875,1728.3000000000002,45.90792452830188,53,0,2588.5,2618.5,2607.25,2577.25,1703.3000000000002,1753.3000000000002
34,100,2627.875,1728.3000000000002,47.78999999999999,43,0,2618.5,2648.5,2637.25,2607.25,1703.3000000000002,1753.3000000000002
34,101,2657.875,1728.3000000000002,47.125106382978714,47,0,2648.5,2678.5,2667.25,2637.25,1703.3000000000002,1753.3000000000002
34,102,2687.875,1728.3000000000002,49.466122448979604,49,0,2678.5,2708.5,2697.25,2667.25,1703.3000000000002,1753.3000000000002
34,103,2717.875,1728.3000000000002,48.842571428571425,35,0,2708.5,2738.5,2727.25,2697.25,1703.3000000000002,1753.3000000000002
34,104,2747.875,1728.3000000000002,48.20463414634146,41,0,2738.5,2768.5,2757.25,2727.25,1703.3000000000002,1753.3000000000002
34,105,2777.875,1728.3000000000002,45.486250000000005,40,0,2768.5,2798.5,2787.25,2757.25,1703.3000000000002,1753.3000000000002
34,106,2807.875,1728.3000000000002,42.96022222222223,45,0,2798.5,2828.5,2817.25,2787.25,1703.3000000000002,1753.3000000000002
34,107,2837.875,1728.3000000000002,43.68226415094341,53,0,2828.5,2858.5,2847.25,2817.25,1703.3000000000002,1753.3000000000002
34,108,2867.875,1728.3000000000002,43.31540983606557,61,0,2858.5,2888.5,2877.25,2847.25,1703.3000000000002,1753.3000000000002
34,109,2897.875,1728.3000000000002,51.12020408163266,49,0,2888.5,2918.5,2907.25,2877.25,1703.3000000000002,1753.3000000000002
34,110,2927.875,1728.3000000000002,47.246249999999996,40,0,2918.5,2948.5,2937.25,2907.25,1703.3000000000002,1753.3000000000002
34,111,2957.875,1728.3000000000002,46.222000000000016,45,0,2948.5,2978.5,2967.25,2937.25,1703.3000000000002,1753.3000000000002
34,112,2987.875,1728.3000000000002,45.08237288135594,59,0,2978.5,3008.5,2997.25,2967.25,1703.3000000000002,1753.3000000000002
34,113,3017.875,1728.3000000000002,47.28846153846154,52,0,3008.5,3038.5,3027.25,2997.25,1703.3000000000002,1753.3000000000002
34,114,3047.875,1728.3000000000002,46.219111111111104,45,0,3038.5,3068.5,3057.25,3027.25,1703.3000000000002,1753.3000000000002
34,115,3077.875,1728.3000000000002,42.67214285714285,56,0,3068.5,3098.5,3087.25,3057.25,1703.3000000000002,1753.3000000000002
34,116,3107.875,1728.3000000000002,39.67694915254236,59,0,3098.5,3128.5,3117.25,3087.25,1703.3000000000002,1753.3000000000002
34,117,3137.875,1728.3000000000002,41.204666666666675,60,0,3128.5,3158.5,3147.25,3117.25,1703.3000000000002,1753.3000000000002
34,118,3167.875,1728.3000000000002,41.39955555555556,45,0,3158.5,3188.5,3177.25,3147.25,1703.3000000000002,1753.3000000000002
34,119,3197.875,1728.3000000000002,44.17914893617022,47,0,3188.5,3218.5,3207.25,3177.25,1703.3000000000002,1753.3000000000002
34,120,3227.875,1728.3000000000002,44.832051282051275,39,0,3218.5,3248.5,3237.25,3207.25,1703.3000000000002,1753.3000000000002
34,121,3257.875,1728.3000000000002,45.98199999999999,45,0,3248.5,3278.5,3267.25,3237.25,1703.3000000000002,1753.3000000000002
34,122,3287.875,1728.3000000000002,40.92836601307189,51,0,3278.5,3308.5,3297.25,3267.25,1703.3000000000002,1753.3000000000002
34,123,3317.875,1728.3000000000002,44.26117647058822,51,0,3308.5,3338.5,3327.25,3297.25,1703.3000000000002,1753.3000000000002
34,124,3347.875,1728.3000000000002,44.07490196078431,51,0,3338.5,3368.5,3357.25,3327.25,1703.3000000000002,1753.3000000000002
34,125,3377.875,1728.3000000000002,44.90423076923077,52,0,3368.5,3398.5,3387.25,3357.25,1703.3000000000002,1753.3000000000002
34,126,3407.875,1728.3000000000002,52.007843137254895,51,0,3398.5,3428.5,3417.25,3387.25,1703.3000000000002,1753.3000000000002
34,127,3437.875,1728.3000000000002,51.57166666666666,48,0,3428.5,3458.5,3447.25,3417.25,1703.3000000000002,1753.3000000000002
34,128,3467.875,1728.3000000000002,51.14926829268293,41,0,3458.5,3488.5,3477.25,3447.25,1703.3000000000002,1753.3000000000002
34,129,3497.875,1728.3000000000002,50.72121951219513,41,0,3488.5,3518.5,3507.25,3477.25,1703.3000000000002,1753.3000000000002
34,130,3527.875,1728.3000000000002,47.928249999999984,40,0,3518.5,3548.5,3537.25,3507.25,1703.3000000000002,1753.3000000000002
34,131,3557.875,1728.3000000000002,48.00409090909091,44,0,3548.5,3578.5,3567.25,3537.25,1703.3000000000002,1753.3000000000002
34,132,3587.875,1728.3000000000002,49.4140909090909,44,0,3578.5,3608.5,3597.25,3567.25,1703.3000000000002,1753.3000000000002
34,133,3617.875,1728.3000000000002,51.24285714285714,42,0,3608.5,3638.5,3627.25,3597.25,1703.3000000000002,1753.3000000000002
34,134,3647.875,1728.3000000000002,50.79863636363636,44,0,3638.5,3668.5,3657.25,3627.25,1703.3000000000002,1753.3000000000002
34,135,3677.875,1728.3000000000002,50.81342105263158,38,0,3668.5,3698.5,3687.25,3657.25,1703.3000000000002,1753.3000000000002
34,136,3707.875,1728.3000000000002,50.48000000000002,43,0,3698.5,3728.5,3717.25,3687.25,1703.3000000000002,1753.3000000000002
34,137,3737.875,1728.3000000000002,48.982500000000016,28,0,3728.5,3758.5,3747.25,3717.25,1703.3000000000002,1753.3000000000002
34,138,3767.875,1728.3000000000002,46.58119047619048,42,0,3758.5,3788.5,3777.25,3747.25,1703.3000000000002,1753.3000000000002
34,139,3797.875,1728.3000000000002,48.260000000000005,18,0,3788.5,3818.5,3807.25,3777.25,1703.3000000000002,1753.3000000000002
34,140,3827.875,1728.3000000000002,,0,0,3818.5,3848.5,3837.25,3807.25,1703.3000000000002,1753.3000000000002
35,13,6.625,1778.3000000000002,61.88101449275362,23,0,-2.75,27.25,16.0,-14.0,1753.3000000000002,1803.3000000000002
35,14,36.625,1778.3000000000002,61.272222222222226,45,0,27.25,57.25,46.0,16.0,1753.3000000000002,1803.3000000000002
35,15,66.625,1778.3000000000002,65.44428571428571,21,0,57.25,87.25,76.0,46.0,1753.3000000000002,1803.3000000000002
35,16,96.625,1778.3000000000002,68.34541666666667,24,0,87.25,117.25,106.0,76.0,1753.3000000000002,1803.3000000000002
35,17,126.625,1778.3000000000002,68.7708695652174,23,0,117.25,147.25,136.0,106.0,1753.3000000000002,1803.3000000000002
35,18,156.625,1778.3000000000002,76.41250000000001,12,0,147.25,177.25,166.0,136.0,1753.3000000000002,1803.3000000000002
35,19,186.625,1778.3000000000002,55.940989010989,39,0,177.25,207.25,196.0,166.0,1753.3000000000002,1803.3000000000002
35,20,216.625,1778.3000000000002,55.050399999999996,50,0,207.25,237.25,226.0,196.0,1753.3000000000002,1803.3000000000002
35,21,246.625,1778.3000000000002,56.64195121951221,41,0,237.25,267.25,256.0,226.0,1753.3000000000002,1803.3000000000002
35,22,276.625,1778.3000000000002,69.49948529411763,34,0,267.25,297.25,286.0,256.0,1753.3000000000002,1803.3000000000002
35,23,306.625,1778.3000000000002,67.44822222222221,35,0,297.25,327.25,316.0,286.0,1753.3000000000002,1803.3000000000002
35,24,336.625,1778.3000000000002,64.89882352941176,17,0,327.25,357.25,346.0,316.0,1753.3000000000002,1803.3000000000002
35,25,366.625,1778.3000000000002,62.9204347826087,23,0,357.25,387.25,376.0,346.0,1753.3000000000002,1803.3000000000002
35,26,396.625,1778.3000000000002,68.62090909090908,22,0,387.25,417.25,406.0,376.0,1753.3000000000002,1803.3000000000002
35,27,426.625,1778.3000000000002,74.70722222222223,18,0,417.25,447.25,436.0,406.0,1753.3000000000002,1803.3000000000002
35,28,456.625,1778.3000000000002,73.82444444444445,18,0,447.25,477.25,466.0,436.0,1753.3000000000002,1803.3000000000002
35,29,486.625,1778.3000000000002,59.811764705882354,17,0,477.25,507.25,496.0,466.0,1753.3000000000002,1803.3000000000002
35,30,516.625,1778.3000000000002,55.03962264150946,53,0,507.25,537.25,526.0,496.0,1753.3000000000002,1803.3000000000002
35,31,546.625,1778.3000000000002,58.584571428571415,35,0,537.25,567.25,556.0,526.0,1753.3000000000002,1803.3000000000002
35,32,576.625,1778.3000000000002,58.24488372093022,43,0,567.25,597.25,586.0,556.0,1753.3000000000002,1803.3000000000002
35,33,606.625,1778.3000000000002,55.34439999999998,50,0,597.25,627.25,616.0,586.0,1753.3000000000002,1803.3000000000002
35,34,636.625,1778.3000000000002,52.24528301886791,53,0,627.25,657.25,646.0,616.0,1753.3000000000002,1803.3000000000002
35,35,666.625,1778.3000000000002,49.21928571428571,56,0,657.25,687.25,676.0,646.0,1753.3000000000002,1803.3000000000002
35,36,696.625,1778.3000000000002,45.406607142857126,56,0,687.25,717.25,706.0,676.0,1753.3000000000002,1803.3000000000002
35,37,726.625,1778.3000000000002,49.97444444444442,54,0,717.25,747.25,736.0,706.0,1753.3000000000002,1803.3000000000002
35,38,756.625,1778.3000000000002,51.34608695652173,46,0,747.25,777.25,766.0,736.0,1753.3000000000002,1803.3000000000002
35,39,786.625,1778.3000000000002,50.631249999999994,32,0,777.25,807.25,796.0,766.0,1753.3000000000002,1803.3000000000002
35,40,816.625,1778.3000000000002,49.67178571428571,56,0,807.25,837.25,826.0,796.0,1753.3000000000002,1803.3000000000002
35,41,846.625,1778.3000000000002,55.502777777777766,36,0,837.25,867.25,856.0,826.0,1753.3000000000002,1803.3000000000002
35,42,876.625,1778.3000000000002,57.80631578947368,38,0,867.25,897.25,886.0,856.0,1753.3000000000002,1803.3000000000002
35,43,906.625,1778.3000000000002,54.778333333333336,42,0,897.25,927.25,916.0,886.0,1753.3000000000002,1803.3000000000002
35,44,936.625,1778.3000000000002,48.34491228070174,57,0,927.25,957.25,946.0,916.0,1753.3000000000002,1803.3000000000002
35,45,966.625,1778.3000000000002,43.81123076923076,65,0,957.25,987.25,976.0,946.0,1753.3000000000002,1803.3000000000002
35,46,996.625,1778.3000000000002,50.36,49,0,987.25,1017.25,1006.0,976.0,1753.3000000000002,1803.3000000000002
35,47,1026.625,1778.3000000000002,45.481612903225795,62,0,1017.25,1047.25,1036.0,1006.0,1753.3000000000002,1803.3000000000002
35,48,1056.625,1778.3000000000002,48.321052631578944,57,0,1047.25,1077.25,1066.0,1036.0,1753.3000000000002,1803.3000000000002
35,49,1086.625,1778.3000000000002,52.77837837837838,37,0,1077.25,1107.25,1096.0,1066.0,1753.3000000000002,1803.3000000000002
35,50,1116.625,1778.3000000000002,54.22785714285716,42,0,1107.25,1137.25,1126.0,1096.0,1753.3000000000002,1803.3000000000002
35,51,1146.625,1778.3000000000002,55.07130434782608,46,0,1137.25,1167.25,1156.0,1126.0,1753.3000000000002,1803.3000000000002
35,52,1176.625,1778.3000000000002,53.839501661129574,43,0,1167.25,1197.25,1186.0,1156.0,1753.3000000000002,1803.3000000000002
35,53,1206.625,1778.3000000000002,47.103593750000016,64,0,1197.25,1227.25,1216.0,1186.0,1753.3000000000002,1803.3000000000002
35,54,1236.625,1778.3000000000002,50.28690476190476,42,0,1227.25,1257.25,1246.0,1216.0,1753.3000000000002,1803.3000000000002
35,55,1266.625,1778.3000000000002,47.65980392156863,51,0,1257.25,1287.25,1276.0,1246.0,1753.3000000000002,1803.3000000000002
35,56,1296.625,1778.3000000000002,53.701904761904764,42,0,1287.25,1317.25,1306.0,1276.0,1753.3000000000002,1803.3000000000002
35,57,1326.625,1778.3000000000002,48.73682926829269,41,0,1317.25,1347.25,1336.0,1306.0,1753.3000000000002,1803.3000000000002
35,58,1356.625,1778.3000000000002,45.97,50,0,1347.25,1377.25,1366.0,1336.0,1753.3000000000002,1803.3000000000002
35,59,1386.625,1778.3000000000002,50.02868421052631,38,0,1377.25,1407.25,1396.0,1366.0,1753.3000000000002,1803.3000000000002
35,60,1416.625,1778.3000000000002,50.4995238095238,42,0,1407.25,1437.25,1426.0,1396.0,1753.3000000000002,1803.3000000000002
35,61,1446.625,1778.3000000000002,48.032923076923076,65,0,1437.25,1467.25,1456.0,1426.0,1753.3000000000002,1803.3000000000002
35,62,1476.625,1778.3000000000002,46.756379310344826,58,0,1467.25,1497.25,1486.0,1456.0,1753.3000000000002,1803.3000000000002
35,63,1506.625,1778.3000000000002,48.18760869565217,46,0,1497.25,1527.25,1516.0,1486.0,1753.3000000000002,1803.3000000000002
35,64,1536.625,1778.3000000000002,43.65707317073171,41,0,1527.25,1557.25,1546.0,1516.0,1753.3000000000002,1803.3000000000002
35,65,1566.625,1778.3000000000002,44.59120689655173,58,0,1557.25,1587.25,1576.0,1546.0,1753.3000000000002,1803.3000000000002
35,66,1596.625,1778.3000000000002,46.53326086956522,46,0,1587.25,1617.25,1606.0,1576.0,1753.3000000000002,1803.3000000000002
35,67,1626.625,1778.3000000000002,52.28553571428571,56,0,1617.25,1647.25,1636.0,1606.0,1753.3000000000002,1803.3000000000002
35,68,1656.625,1778.3000000000002,51.452325581395336,43,0,1647.25,1677.25,1666.0,1636.0,1753.3000000000002,1803.3000000000002
35,69,1686.625,1778.3000000000002,49.20645833333333,48,0,1677.25,1707.25,1696.0,1666.0,1753.3000000000002,1803.3000000000002
35,70,1716.625,1778.3000000000002,47.213249999999995,40,0,1707.25,1737.25,1726.0,1696.0,1753.3000000000002,1803.3000000000002
35,71,1746.625,1778.3000000000002,51.42613636363637,44,0,1737.25,1767.25,1756.0,1726.0,1753.3000000000002,1803.3000000000002
35,72,1776.625,1778.3000000000002,49.05155555555555,45,0,1767.25,1797.25,1786.0,1756.0,1753.3000000000002,1803.3000000000002
35,73,1806.625,1778.3000000000002,48.4268888888889,45,0,1797.25,1827.25,1816.0,1786.0,1753.3000000000002,1803.3000000000002
35,74,1836.625,1778.3000000000002,49.803333333333335,33,0,1827.25,1857.25,1846.0,1816.0,1753.3000000000002,1803.3000000000002
35,75,1866.625,1778.3000000000002,51.042820512820505,39,0,1857.25,1887.25,1876.0,1846.0,1753.3000000000002,1803.3000000000002
35,76,1896.625,1778.3000000000002,52.47540540540542,37,0,1887.25,1917.25,1906.0,1876.0,1753.3000000000002,1803.3000000000002
35,77,1926.625,1778.3000000000002,56.0860606060606,33,0,1917.25,1947.25,1936.0,1906.0,1753.3000000000002,1803.3000000000002
35,78,1956.625,1778.3000000000002,50.23359903381642,46,0,1947.25,1977.25,1966.0,1936.0,1753.3000000000002,1803.3000000000002
35,79,1986.625,1778.3000000000002,46.83701754385966,57,0,1977.25,2007.25,1996.0,1966.0,1753.3000000000002,1803.3000000000002
35,80,2016.625,1778.3000000000002,48.615624999999994,48,0,2007.25,2037.25,2026.0,1996.0,1753.3000000000002,1803.3000000000002
35,81,2046.625,1778.3000000000002,51.7532,50,0,2037.25,2067.25,2056.0,2026.0,1753.3000000000002,1803.3000000000002
35,82,2076.625,1778.3000000000002,48.046086956521734,46,0,2067.25,2097.25,2086.0,2056.0,1753.3000000000002,1803.3000000000002
35,83,2106.625,1778.3000000000002,49.36743589743588,39,0,2097.25,2127.25,2116.0,2086.0,1753.3000000000002,1803.3000000000002
35,84,2136.625,1778.3000000000002,48.68222222222223,45,0,2127.25,2157.25,2146.0,2116.0,1753.3000000000002,1803.3000000000002
35,85,2166.625,1778.3000000000002,50.9368085106383,47,0,2157.25,2187.25,2176.0,2146.0,1753.3000000000002,1803.3000000000002
35,86,2196.625,1778.3000000000002,49.95590909090909,44,0,2187.25,2217.25,2206.0,2176.0,1753.3000000000002,1803.3000000000002
35,87,2226.625,1778.3000000000002,49.23095238095237,42,0,2217.25,2247.25,2236.0,2206.0,1753.3000000000002,1803.3000000000002
35,88,2256.625,1778.3000000000002,45.7158,50,0,2247.25,2277.25,2266.0,2236.0,1753.3000000000002,1803.3000000000002
35,89,2286.625,1778.3000000000002,45.7823076923077,39,0,2277.25,2307.25,2296.0,2266.0,1753.3000000000002,1803.3000000000002
35,90,2316.625,1778.3000000000002,41.868070175438596,57,0,2307.25,2337.25,2326.0,2296.0,1753.3000000000002,1803.3000000000002
35,91,2346.625,1778.3000000000002,49.00675,40,0,2337.25,2367.25,2356.0,2326.0,1753.3000000000002,1803.3000000000002
35,92,2376.625,1778.3000000000002,52.04157894736843,38,0,2367.25,2397.25,2386.0,2356.0,1753.3000000000002,1803.3000000000002
35,93,2406.625,1778.3000000000002,44.126,45,0,2397.25,2427.25,2416.0,2386.0,1753.3000000000002,1803.3000000000002
35,94,2436.625,1778.3000000000002,42.684,45,0,2427.25,2457.25,2446.0,2416.0,1753.3000000000002,1803.3000000000002
35,95,2466.625,1778.3000000000002,50.2719512195122,41,0,2457.25,2487.25,2476.0,2446.0,1753.3000000000002,1803.3000000000002
35,96,2496.625,1778.3000000000002,49.728222222222215,45,0,2487.25,2517.25,2506.0,2476.0,1753.3000000000002,1803.3000000000002
35,97,2526.625,1778.3000000000002,50.25921052631578,38,0,2517.25,2547.25,2536.0,2506.0,1753.3000000000002,1803.3000000000002
35,98,2556.625,1778.3000000000002,49.45382978723404,47,0,2547.25,2577.25,2566.0,2536.0,1753.3000000000002,1803.3000000000002
35,99,2586.625,1778.3000000000002,45.84872340425532,47,0,2577.25,2607.25,2596.0,2566.0,1753.3000000000002,1803.3000000000002
35,100,2616.625,1778.3000000000002,49.633157894736826,38,0,2607.25,2637.25,2626.0,2596.0,1753.3000000000002,1803.3000000000002
35,101,2646.625,1778.3000000000002,49.86309523809524,42,0,2637.25,2667.25,2656.0,2626.0,1753.3000000000002,1803.3000000000002
35,102,2676.625,1778.3000000000002,48.08760869565218,46,0,2667.25,2697.25,2686.0,2656.0,1753.3000000000002,1803.3000000000002
35,103,2706.625,1778.3000000000002,51.478,35,0,2697.25,2727.25,2716.0,2686.0,1753.3000000000002,1803.3000000000002
35,104,2736.625,1778.3000000000002,49.92526315789474,38,0,2727.25,2757.25,2746.0,2716.0,1753.3000000000002,1803.3000000000002
35,105,2766.625,1778.3000000000002,49.362352941176475,34,0,2757.25,2787.25,2776.0,2746.0,1753.3000000000002,1803.3000000000002
35,106,2796.625,1778.3000000000002,43.37339999999998,50,0,2787.25,2817.25,2806.0,2776.0,1753.3000000000002,1803.3000000000002
35,107,2826.625,1778.3000000000002,47.10904761904762,42,0,2817.25,2847.25,2836.0,2806.0,1753.3000000000002,1803.3000000000002
35,108,2856.625,1778.3000000000002,45.1378431372549,51,0,2847.25,2877.25,2866.0,2836.0,1753.3000000000002,1803.3000000000002
35,109,2886.625,1778.3000000000002,48.60570621468927,59,0,2877.25,2907.25,2896.0,2866.0,1753.3000000000002,1803.3000000000002
35,110,2916.625,1778.3000000000002,54.22093749999999,32,0,2907.25,2937.25,2926.0,2896.0,1753.3000000000002,1803.3000000000002
35,111,2946.625,1778.3000000000002,47.29333333333334,45,0,2937.25,2967.25,2956.0,2926.0,1753.3000000000002,1803.3000000000002
35,112,2976.625,1778.3000000000002,47.97234042553191,47,0,2967.25,2997.25,2986.0,2956.0,1753.3000000000002,1803.3000000000002
35,113,3006.625,1778.3000000000002,48.08313725490194,51,0,2997.25,3027.25,3016.0,2986.0,1753.3000000000002,1803.3000000000002
35,114,3036.625,1778.3000000000002,50.46866666666667,45,0,3027.25,3057.25,3046.0,3016.0,1753.3000000000002,1803.3000000000002
35,115,3066.625,1778.3000000000002,45.225769230769224,52,0,3057.25,3087.25,3076.0,3046.0,1753.3000000000002,1803.3000000000002
35,116,3096.625,1778.3000000000002,43.7971186440678,59,0,3087.25,3117.25,3106.0,3076.0,1753.3000000000002,1803.3000000000002
35,117,3126.625,1778.3000000000002,42.3069696969697,55,0,3117.25,3147.25,3136.0,3106.0,1753.3000000000002,1803.3000000000002
35,118,3156.625,1778.3000000000002,42.814800000000005,50,0,3147.25,3177.25,3166.0,3136.0,1753.3000000000002,1803.3000000000002
35,119,3186.625,1778.3000000000002,47.317435897435885,39,0,3177.25,3207.25,3196.0,3166.0,1753.3000000000002,1803.3000000000002
35,120,3216.625,1778.3000000000002,46.625135135135146,37,0,3207.25,3237.25,3226.0,3196.0,1753.3000000000002,1803.3000000000002
35,121,3246.625,1778.3000000000002,48.13113636363637,44,0,3237.25,3267.25,3256.0,3226.0,1753.3000000000002,1803.3000000000002
35,122,3276.625,1778.3000000000002,44.45307692307693,39,0,3267.25,3297.25,3286.0,3256.0,1753.3000000000002,1803.3000000000002
35,123,3306.625,1778.3000000000002,44.47020000000001,50,0,3297.25,3327.25,3316.0,3286.0,1753.3000000000002,1803.3000000000002
35,124,3336.625,1778.3000000000002,47.328837209302336,43,0,3327.25,3357.25,3346.0,3316.0,1753.3000000000002,1803.3000000000002
35,125,3366.625,1778.3000000000002,43.82563636363636,55,0,3357.25,3387.25,3376.0,3346.0,1753.3000000000002,1803.3000000000002
35,126,3396.625,1778.3000000000002,52.03170212765958,47,0,3387.25,3417.25,3406.0,3376.0,1753.3000000000002,1803.3000000000002
35,127,3426.625,1778.3000000000002,53.35368421052632,38,0,3417.25,3447.25,3436.0,3406.0,1753.3000000000002,1803.3000000000002
35,128,3456.625,1778.3000000000002,53.38599999999999,35,0,3447.25,3477.25,3466.0,3436.0,1753.3000000000002,1803.3000000000002
35,129,3486.625,1778.3000000000002,53.610277777777775,36,0,3477.25,3507.25,3496.0,3466.0,1753.3000000000002,1803.3000000000002
35,130,3516.625,1778.3000000000002,51.16472222222224,36,0,3507.25,3537.25,3526.0,3496.0,1753.3000000000002,1803.3000000000002
35,131,3546.625,1778.3000000000002,51.650857142857156,35,0,3537.25,3567.25,3556.0,3526.0,1753.3000000000002,1803.3000000000002
35,132,3576.625,1778.3000000000002,50.552045454545464,44,0,3567.25,3597.25,3586.0,3556.0,1753.3000000000002,1803.3000000000002
35,133,3606.625,1778.3000000000002,53.151190476190465,42,0,3597.25,3627.25,3616.0,3586.0,1753.3000000000002,1803.3000000000002
35,134,3636.625,1778.3000000000002,53.59777777777777,36,0,3627.25,3657.25,3646.0,3616.0,1753.3000000000002,1803.3000000000002
35,135,3666.625,1778.3000000000002,53.357434210526336,38,0,3657.25,3687.25,3676.0,3646.0,1753.3000000000002,1803.3000000000002
35,136,3696.625,1778.3000000000002,51.97921052631579,38,0,3687.25,3717.25,3706.0,3676.0,1753.3000000000002,1803.3000000000002
35,137,3726.625,1778.3000000000002,52.56071428571427,28,0,3717.25,3747.25,3736.0,3706.0,1753.3000000000002,1803.3000000000002
35,138,3756.625,1778.3000000000002,49.23774193548387,31,0,3747.25,3777.25,3766.0,3736.0,1753.3000000000002,1803.3000000000002
35,139,3786.625,1778.3000000000002,48.6040625,32,0,3777.25,3807.25,3796.0,3766.0,1753.3000000000002,1803.3000000000002
35,140,3816.625,1778.3000000000002,,0,0,3807.25,3837.25,3826.0,3796.0,1753.3000000000002,1803.3000000000002
36,13,-4.625,1828.3000000000002,57.435064935064936,11,0,-14.0,16.0,4.75,-25.25,1803.3000000000002,1853.3000000000002
36,14,25.375,1828.3000000000002,63.199009009009,37,0,16.0,46.0,34.75,4.75,1803.3000000000002,1853.3000000000002
36,15,55.375,1828.3000000000002,62.81233333333333,30,0,46.0,76.0,64.75,34.75,1803.3000000000002,1853.3000000000002
36,16,85.375,1828.3000000000002,66.84,19,0,76.0,106.0,94.75,64.75,1803.3000000000002,1853.3000000000002
36,17,115.375,1828.3000000000002,69.82285714285715,21,0,106.0,136.0,124.75,94.75,1803.3000000000002,1853.3000000000002
36,18,145.375,1828.3000000000002,71.48863636363636,22,0,136.0,166.0,154.75,124.75,1803.3000000000002,1853.3000000000002
36,19,175.375,1828.3000000000002,66.455,14,0,166.0,196.0,184.75,154.75,1803.3000000000002,1853.3000000000002
36,20,205.375,1828.3000000000002,53.87188679245282,53,0,196.0,226.0,214.75,184.75,1803.3000000000002,1853.3000000000002
36,21,235.375,1828.3000000000002,54.47787234042552,47,0,226.0,256.0,244.75,214.75,1803.3000000000002,1853.3000000000002
36,22,265.375,1828.3000000000002,68.06772727272728,22,0,256.0,286.0,274.75,244.75,1803.3000000000002,1853.3000000000002
36,23,295.375,1828.3000000000002,67.12674999999999,40,0,286.0,316.0,304.75,274.75,1803.3000000000002,1853.3000000000002
36,24,325.375,1828.3000000000002,71.58833333333332,18,0,316.0,346.0,334.75,304.75,1803.3000000000002,1853.3000000000002
36,25,355.375,1828.3000000000002,60.344210526315784,19,0,346.0,376.0,364.75,334.75,1803.3000000000002,1853.3000000000002
36,26,385.375,1828.3000000000002,65.29238095238094,21,0,376.0,406.0,394.75,364.75,1803.3000000000002,1853.3000000000002
36,27,415.375,1828.3000000000002,75.0245,20,0,406.0,436.0,424.75,394.75,1803.3000000000002,1853.3000000000002
36,28,445.375,1828.3000000000002,71.77411764705882,17,0,436.0,466.0,454.75,424.75,1803.3000000000002,1853.3000000000002
36,29,475.375,1828.3000000000002,76.56583333333333,12,0,466.0,496.0,484.75,454.75,1803.3000000000002,1853.3000000000002
36,30,505.375,1828.3000000000002,59.01400793650794,36,0,496.0,526.0,514.75,484.75,1803.3000000000002,1853.3000000000002
36,31,535.375,1828.3000000000002,54.953529411764734,51,0,526.0,556.0,544.75,514.75,1803.3000000000002,1853.3000000000002
36,32,565.375,1828.3000000000002,58.338086419753076,36,0,556.0,586.0,574.75,544.75,1803.3000000000002,1853.3000000000002
36,33,595.375,1828.3000000000002,59.164722222222245,36,0,586.0,616.0,604.75,574.75,1803.3000000000002,1853.3000000000002
36,34,625.375,1828.3000000000002,53.67384615384614,52,0,616.0,646.0,634.75,604.75,1803.3000000000002,1853.3000000000002
36,35,655.375,1828.3000000000002,53.782411347517744,47,0,646.0,676.0,664.75,634.75,1803.3000000000002,1853.3000000000002
36,36,685.375,1828.3000000000002,45.99315789473685,57,0,676.0,706.0,694.75,664.75,1803.3000000000002,1853.3000000000002
36,37,715.375,1828.3000000000002,44.7238775510204,49,0,706.0,736.0,724.75,694.75,1803.3000000000002,1853.3000000000002
36,38,745.375,1828.3000000000002,46.33218181818181,55,0,736.0,766.0,754.75,724.75,1803.3000000000002,1853.3000000000002
36,39,775.375,1828.3000000000002,51.16606060606061,33,0,766.0,796.0,784.75,754.75,1803.3000000000002,1853.3000000000002
36,40,805.375,1828.3000000000002,49.466739130434746,46,0,796.0,826.0,814.75,784.75,1803.3000000000002,1853.3000000000002
36,41,835.375,1828.3000000000002,50.739999999999995,43,0,826.0,856.0,844.75,814.75,1803.3000000000002,1853.3000000000002
36,42,865.375,1828.3000000000002,58.92441176470588,34,0,856.0,886.0,874.75,844.75,1803.3000000000002,1853.3000000000002
36,43,895.375,1828.3000000000002,57.446666666666665,36,0,886.0,916.0,904.75,874.75,1803.3000000000002,1853.3000000000002
36,44,925.375,1828.3000000000002,53.166341463414625,41,0,916.0,946.0,934.75,904.75,1803.3000000000002,1853.3000000000002
36,45,955.375,1828.3000000000002,48.28771929824563,57,0,946.0,976.0,964.75,934.75,1803.3000000000002,1853.3000000000002
36,46,985.375,1828.3000000000002,44.856774193548375,62,0,976.0,1006.0,994.75,964.75,1803.3000000000002,1853.3000000000002
36,47,1015.375,1828.3000000000002,52.02688888888889,45,0,1006.0,1036.0,1024.75,994.75,1803.3000000000002,1853.3000000000002
36,48,1045.375,1828.3000000000002,45.37366666666665,60,0,1036.0,1066.0,1054.75,1024.75,1803.3000000000002,1853.3000000000002
36,49,1075.375,1828.3000000000002,51.207499999999996,40,0,1066.0,1096.0,1084.75,1054.75,1803.3000000000002,1853.3000000000002
36,50,1105.375,1828.3000000000002,56.10813725490196,34,0,1096.0,1126.0,1114.75,1084.75,1803.3000000000002,1853.3000000000002
36,51,1135.375,1828.3000000000002,53.71520833333333,48,0,1126.0,1156.0,1144.75,1114.75,1803.3000000000002,1853.3000000000002
36,52,1165.375,1828.3000000000002,56.528181818181814,33,0,1156.0,1186.0,1174.75,1144.75,1803.3000000000002,1853.3000000000002
36,53,1195.375,1828.3000000000002,49.55645833333333,48,0,1186.0,1216.0,1204.75,1174.75,1803.3000000000002,1853.3000000000002
36,54,1225.375,1828.3000000000002,48.59964285714286,56,0,1216.0,1246.0,1234.75,1204.75,1803.3000000000002,1853.3000000000002
36,55,1255.375,1828.3000000000002,48.95256613756615,42,0,1246.0,1276.0,1264.75,1234.75,1803.3000000000002,1853.3000000000002
36,56,1285.375,1828.3000000000002,49.82714285714285,42,0,1276.0,1306.0,1294.75,1264.75,1803.3000000000002,1853.3000000000002
36,57,1315.375,1828.3000000000002,53.06619047619048,42,0,1306.0,1336.0,1324.75,1294.75,1803.3000000000002,1853.3000000000002
36,58,1345.375,1828.3000000000002,49.20574999999999,40,0,1336.0,1366.0,1354.75,1324.75,1803.3000000000002,1853.3000000000002
36,59,1375.375,1828.3000000000002,47.07659090909092,44,0,1366.0,1396.0,1384.75,1354.75,1803.3000000000002,1853.3000000000002
36,60,1405.375,1828.3000000000002,53.690540540540546,37,0,1396.0,1426.0,1414.75,1384.75,1803.3000000000002,1853.3000000000002
36,61,1435.375,1828.3000000000002,49.6664,50,0,1426.0,1456.0,1444.75,1414.75,1803.3000000000002,1853.3000000000002
36,62,1465.375,1828.3000000000002,48.357857142857135,56,0,1456.0,1486.0,1474.75,1444.75,1803.3000000000002,1853.3000000000002
36,63,1495.375,1828.3000000000002,48.69880952380951,42,0,1486.0,1516.0,1504.75,1474.75,1803.3000000000002,1853.3000000000002
36,64,1525.375,1828.3000000000002,47.93114285714285,35,0,1516.0,1546.0,1534.75,1504.75,1803.3000000000002,1853.3000000000002
36,65,1555.375,1828.3000000000002,42.22134615384615,52,0,1546.0,1576.0,1564.75,1534.75,1803.3000000000002,1853.3000000000002
36,66,1585.375,1828.3000000000002,47.0096,50,0,1576.0,1606.0,1594.75,1564.75,1803.3000000000002,1853.3000000000002
36,67,1615.375,1828.3000000000002,50.80772727272726,44,0,1606.0,1636.0,1624.75,1594.75,1803.3000000000002,1853.3000000000002
36,68,1645.375,1828.3000000000002,52.4840909090909,44,0,1636.0,1666.0,1654.75,1624.75,1803.3000000000002,1853.3000000000002
36,69,1675.375,1828.3000000000002,49.842142857142846,42,0,1666.0,1696.0,1684.75,1654.75,1803.3000000000002,1853.3000000000002
36,70,1705.375,1828.3000000000002,47.37090909090909,44,0,1696.0,1726.0,1714.75,1684.75,1803.3000000000002,1853.3000000000002
36,71,1735.375,1828.3000000000002,50.98487804878048,41,0,1726.0,1756.0,1744.75,1714.75,1803.3000000000002,1853.3000000000002
36,72,1765.375,1828.3000000000002,50.96697674418604,43,0,1756.0,1786.0,1774.75,1744.75,1803.3000000000002,1853.3000000000002
36,73,1795.375,1828.3000000000002,50.36181818181819,44,0,1786.0,1816.0,1804.75,1774.75,1803.3000000000002,1853.3000000000002
36,74,1825.375,1828.3000000000002,48.93871794871796,39,0,1816.0,1846.0,1834.75,1804.75,1803.3000000000002,1853.3000000000002
36,75,1855.375,1828.3000000000002,51.83794117647058,34,0,1846.0,1876.0,1864.75,1834.75,1803.3000000000002,1853.3000000000002
36,76,1885.375,1828.3000000000002,53.485,38,0,1876.0,1906.0,1894.75,1864.75,1803.3000000000002,1853.3000000000002
36,77,1915.375,1828.3000000000002,56.01624999999999,24,0,1906.0,1936.0,1924.75,1894.75,1803.3000000000002,1853.3000000000002
36,78,1945.375,1828.3000000000002,55.347,30,0,1936.0,1966.0,1954.75,1924.75,1803.3000000000002,1853.3000000000002
36,79,1975.375,1828.3000000000002,47.58976744186045,43,0,1966.0,1996.0,1984.75,1954.75,1803.3000000000002,1853.3000000000002
36,80,2005.375,1828.3000000000002,48.85883720930233,43,0,1996.0,2026.0,2014.75,1984.75,1803.3000000000002,1853.3000000000002
36,81,2035.375,1828.3000000000002,51.943414634146336,41,0,2026.0,2056.0,2044.75,2014.75,1803.3000000000002,1853.3000000000002
36,82,2065.375,1828.3000000000002,48.959999999999994,43,0,2056.0,2086.0,2074.75,2044.75,1803.3000000000002,1853.3000000000002
36,83,2095.375,1828.3000000000002,49.66222222222223,45,0,2086.0,2116.0,2104.75,2074.75,1803.3000000000002,1853.3000000000002
36,84,2125.375,1828.3000000000002,49.567187499999996,32,0,2116.0,2146.0,2134.75,2104.75,1803.3000000000002,1853.3000000000002
36,85,2155.375,1828.3000000000002,50.70681818181819,44,0,2146.0,2176.0,2164.75,2134.75,1803.3000000000002,1853.3000000000002
36,86,2185.375,1828.3000000000002,51.72503875968992,43,0,2176.0,2206.0,2194.75,2164.75,1803.3000000000002,1853.3000000000002
36,87,2215.375,1828.3000000000002,51.464772727272724,44,0,2206.0,2236.0,2224.75,2194.75,1803.3000000000002,1853.3000000000002
36,88,2245.375,1828.3000000000002,45.86885714285716,35,0,2236.0,2266.0,2254.75,2224.75,1803.3000000000002,1853.3000000000002
36,89,2275.375,1828.3000000000002,48.12139534883722,43,0,2266.0,2296.0,2284.75,2254.75,1803.3000000000002,1853.3000000000002
36,90,2305.375,1828.3000000000002,44.11522727272728,44,0,2296.0,2326.0,2314.75,2284.75,1803.3000000000002,1853.3000000000002
36,91,2335.375,1828.3000000000002,45.49395348837209,43,0,2326.0,2356.0,2344.75,2314.75,1803.3000000000002,1853.3000000000002
36,92,2365.375,1828.3000000000002,54.68111111111111,36,0,2356.0,2386.0,2374.75,2344.75,1803.3000000000002,1853.3000000000002
36,93,2395.375,1828.3000000000002,50.06999999999999,31,0,2386.0,2416.0,2404.75,2374.75,1803.3000000000002,1853.3000000000002
36,94,2425.375,1828.3000000000002,44.06209302325581,43,0,2416.0,2446.0,2434.75,2404.75,1803.3000000000002,1853.3000000000002
36,95,2455.375,1828.3000000000002,48.8875,40,0,2446.0,2476.0,2464.75,2434.75,1803.3000000000002,1853.3000000000002
36,96,2485.375,1828.3000000000002,51.737380952380946,42,0,2476.0,2506.0,2494.75,2464.75,1803.3000000000002,1853.3000000000002
36,97,2515.375,1828.3000000000002,52.53263157894736,38,0,2506.0,2536.0,2524.75,2494.75,1803.3000000000002,1853.3000000000002
36,98,2545.375,1828.3000000000002,53.42179894179893,42,0,2536.0,2566.0,2554.75,2524.75,1803.3000000000002,1853.3000000000002
36,99,2575.375,1828.3000000000002,49.06815789473685,38,0,2566.0,2596.0,2584.75,2554.75,1803.3000000000002,1853.3000000000002
36,100,2605.375,1828.3000000000002,48.69354166666667,48,0,2596.0,2626.0,2614.75,2584.75,1803.3000000000002,1853.3000000000002
36,101,2635.375,1828.3000000000002,51.105,36,0,2626.0,2656.0,2644.75,2614.75,1803.3000000000002,1853.3000000000002
36,102,2665.375,1828.3000000000002,51.71307692307692,39,0,2656.0,2686.0,2674.75,2644.75,1803.3000000000002,1853.3000000000002
36,103,2695.375,1828.3000000000002,49.62500000000001,48,0,2686.0,2716.0,2704.75,2674.75,1803.3000000000002,1853.3000000000002
36,104,2725.375,1828.3000000000002,50.923870967741934,31,0,2716.0,2746.0,2734.75,2704.75,1803.3000000000002,1853.3000000000002
36,105,2755.375,1828.3000000000002,50.493823529411756,34,0,2746.0,2776.0,2764.75,2734.75,1803.3000000000002,1853.3000000000002
36,106,2785.375,1828.3000000000002,45.324390243902435,41,0,2776.0,2806.0,2794.75,2764.75,1803.3000000000002,1853.3000000000002
36,107,2815.375,1828.3000000000002,42.62354166666667,48,0,2806.0,2836.0,2824.75,2794.75,1803.3000000000002,1853.3000000000002
36,108,2845.375,1828.3000000000002,48.45270833333333,48,0,2836.0,2866.0,2854.75,2824.75,1803.3000000000002,1853.3000000000002
36,109,2875.375,1828.3000000000002,46.95616666666667,60,0,2866.0,2896.0,2884.75,2854.75,1803.3000000000002,1853.3000000000002
36,110,2905.375,1828.3000000000002,53.61097560975609,41,0,2896.0,2926.0,2914.75,2884.75,1803.3000000000002,1853.3000000000002
36,111,2935.375,1828.3000000000002,49.77029411764706,34,0,2926.0,2956.0,2944.75,2914.75,1803.3000000000002,1853.3000000000002
36,112,2965.375,1828.3000000000002,46.57734693877553,49,0,2956.0,2986.0,2974.75,2944.75,1803.3000000000002,1853.3000000000002
36,113,2995.375,1828.3000000000002,48.63203703703704,54,0,2986.0,3016.0,3004.75,2974.75,1803.3000000000002,1853.3000000000002
36,114,3025.375,1828.3000000000002,50.38897959183674,49,0,3016.0,3046.0,3034.75,3004.75,1803.3000000000002,1853.3000000000002
36,115,3055.375,1828.3000000000002,48.595853658536605,41,0,3046.0,3076.0,3064.75,3034.75,1803.3000000000002,1853.3000000000002
36,116,3085.375,1828.3000000000002,45.68884615384613,52,0,3076.0,3106.0,3094.75,3064.75,1803.3000000000002,1853.3000000000002
36,117,3115.375,1828.3000000000002,45.77058823529412,51,0,3106.0,3136.0,3124.75,3094.75,1803.3000000000002,1853.3000000000002
36,118,3145.375,1828.3000000000002,44.320689655172416,58,0,3136.0,3166.0,3154.75,3124.75,1803.3000000000002,1853.3000000000002
36,119,3175.375,1828.3000000000002,45.72804347826087,46,0,3166.0,3196.0,3184.75,3154.75,1803.3000000000002,1853.3000000000002
36,120,3205.375,1828.3000000000002,48.389024390243904,41,0,3196.0,3226.0,3214.75,3184.75,1803.3000000000002,1853.3000000000002
36,121,3235.375,1828.3000000000002,47.4975,36,0,3226.0,3256.0,3244.75,3214.75,1803.3000000000002,1853.3000000000002
36,122,3265.375,1828.3000000000002,50.14421052631579,38,0,3256.0,3286.0,3274.75,3244.75,1803.3000000000002,1853.3000000000002
36,123,3295.375,1828.3000000000002,40.199183673469385,49,0,3286.0,3316.0,3304.75,3274.75,1803.3000000000002,1853.3000000000002
36,124,3325.375,1828.3000000000002,48.50804347826088,46,0,3316.0,3346.0,3334.75,3304.75,1803.3000000000002,1853.3000000000002
36,125,3355.375,1828.3000000000002,46.38148936170214,47,0,3346.0,3376.0,3364.75,3334.75,1803.3000000000002,1853.3000000000002
36,126,3385.375,1828.3000000000002,45.70943396226416,53,0,3376.0,3406.0,3394.75,3364.75,1803.3000000000002,1853.3000000000002
36,127,3415.375,1828.3000000000002,54.67461538461539,39,0,3406.0,3436.0,3424.75,3394.75,1803.3000000000002,1853.3000000000002
36,128,3445.375,1828.3000000000002,53.615714285714276,42,0,3436.0,3466.0,3454.75,3424.75,1803.3000000000002,1853.3000000000002
36,129,3475.375,1828.3000000000002,55.03766666666668,40,0,3466.0,3496.0,3484.75,3454.75,1803.3000000000002,1853.3000000000002
36,130,3505.375,1828.3000000000002,54.25358974358974,39,0,3496.0,3526.0,3514.75,3484.75,1803.3000000000002,1853.3000000000002
36,131,3535.375,1828.3000000000002,52.567142857142855,35,0,3526.0,3556.0,3544.75,3514.75,1803.3000000000002,1853.3000000000002
36,132,3565.375,1828.3000000000002,51.20244444444445,40,0,3556.0,3586.0,3574.75,3544.75,1803.3000000000002,1853.3000000000002
36,133,3595.375,1828.3000000000002,53.22739130434782,46,0,3586.0,3616.0,3604.75,3574.75,1803.3000000000002,1853.3000000000002
36,134,3625.375,1828.3000000000002,55.044000000000004,40,0,3616.0,3646.0,3634.75,3604.75,1803.3000000000002,1853.3000000000002
36,135,3655.375,1828.3000000000002,53.12722222222222,36,0,3646.0,3676.0,3664.75,3634.75,1803.3000000000002,1853.3000000000002
36,136,3685.375,1828.3000000000002,52.975833333333334,36,0,3676.0,3706.0,3694.75,3664.75,1803.3000000000002,1853.3000000000002
36,137,3715.375,1828.3000000000002,52.73361111111112,36,0,3706.0,3736.0,3724.75,3694.75,1803.3000000000002,1853.3000000000002
36,138,3745.375,1828.3000000000002,53.301923076923075,26,0,3736.0,3766.0,3754.75,3724.75,1803.3000000000002,1853.3000000000002
36,139,3775.375,1828.3000000000002,48.9209756097561,41,0,3766.0,3796.0,3784.75,3754.75,1803.3000000000002,1853.3000000000002
36,140,3805.375,1828.3000000000002,45.930625000000006,16,0,3796.0,3826.0,3814.75,3784.75,1803.3000000000002,1853.3000000000002
36,141,3835.375,1828.3000000000002,,0,0,3826.0,3856.0,3844.75,3814.75,1803.3000000000002,1853.3000000000002
37,13,-15.875,1878.3000000000002,,0,0,-25.25,4.75,-6.5,-36.5,1853.3000000000002,1903.3000000000002
37,14,14.125,1878.3000000000002,63.08851851851851,27,0,4.75,34.75,23.5,-6.5,1853.3000000000002,1903.3000000000002
37,15,44.125,1878.3000000000002,63.92810810810811,37,0,34.75,64.75,53.5,23.5,1853.3000000000002,1903.3000000000002
37,16,74.125,1878.3000000000002,67.49277777777777,18,0,64.75,94.75,83.5,53.5,1853.3000000000002,1903.3000000000002
37,17,104.125,1878.3000000000002,71.96052631578947,19,0,94.75,124.75,113.5,83.5,1853.3000000000002,1903.3000000000002
37,18,134.125,1878.3000000000002,72.99590909090911,22,0,124.75,154.75,143.5,113.5,1853.3000000000002,1903.3000000000002
37,19,164.125,1878.3000000000002,79.125,10,0,154.75,184.75,173.5,143.5,1853.3000000000002,1903.3000000000002
37,20,194.125,1878.3000000000002,57.09361111111111,36,0,184.75,214.75,203.5,173.5,1853.3000000000002,1903.3000000000002
37,21,224.125,1878.3000000000002,55.26057692307691,52,0,214.75,244.75,233.5,203.5,1853.3000000000002,1903.3000000000002
37,22,254.125,1878.3000000000002,60.14948717948717,39,0,244.75,274.75,263.5,233.5,1853.3000000000002,1903.3000000000002
37,23,284.125,1878.3000000000002,72.7972,25,0,274.75,304.75,293.5,263.5,1853.3000000000002,1903.3000000000002
37,24,314.125,1878.3000000000002,71.07592592592592,27,0,304.75,334.75,323.5,293.5,1853.3000000000002,1903.3000000000002
37,25,344.125,1878.3000000000002,72.42,12,0,334.75,364.75,353.5,323.5,1853.3000000000002,1903.3000000000002
37,26,374.125,1878.3000000000002,65.13250000000001,20,0,364.75,394.75,383.5,353.5,1853.3000000000002,1903.3000000000002
37,27,404.125,1878.3000000000002,72.73947368421051,19,0,394.75,424.75,413.5,383.5,1853.3000000000002,1903.3000000000002
37,28,434.125,1878.3000000000002,79.27928571428572,14,0,424.75,454.75,443.5,413.5,1853.3000000000002,1903.3000000000002
37,29,464.125,1878.3000000000002,77.8775,16,0,454.75,484.75,473.5,443.5,1853.3000000000002,1903.3000000000002
37,30,494.125,1878.3000000000002,65.8611111111111,18,0,484.75,514.75,503.5,473.5,1853.3000000000002,1903.3000000000002
37,31,524.125,1878.3000000000002,59.863409090909116,44,0,514.75,544.75,533.5,503.5,1853.3000000000002,1903.3000000000002
37,32,554.125,1878.3000000000002,58.8179411764706,34,0,544.75,574.75,563.5,533.5,1853.3000000000002,1903.3000000000002
37,33,584.125,1878.3000000000002,60.61538461538463,39,0,574.75,604.75,593.5,563.5,1853.3000000000002,1903.3000000000002
37,34,614.125,1878.3000000000002,59.65324999999999,40,0,604.75,634.75,623.5,593.5,1853.3000000000002,1903.3000000000002
37,35,644.125,1878.3000000000002,56.81155555555556,45,0,634.75,664.75,653.5,623.5,1853.3000000000002,1903.3000000000002
37,36,674.125,1878.3000000000002,54.22999999999999,46,0,664.75,694.75,683.5,653.5,1853.3000000000002,1903.3000000000002
37,37,704.125,1878.3000000000002,46.36788461538462,52,0,694.75,724.75,713.5,683.5,1853.3000000000002,1903.3000000000002
37,38,734.125,1878.3000000000002,44.25913793103448,58,0,724.75,754.75,743.5,713.5,1853.3000000000002,1903.3000000000002
37,39,764.125,1878.3000000000002,47.18666666666668,51,0,754.75,784.75,773.5,743.5,1853.3000000000002,1903.3000000000002
37,40,794.125,1878.3000000000002,55.796666666666674,27,0,784.75,814.75,803.5,773.5,1853.3000000000002,1903.3000000000002
37,41,824.125,1878.3000000000002,51.339615384615406,52,0,814.75,844.75,833.5,803.5,1853.3000000000002,1903.3000000000002
37,42,854.125,1878.3000000000002,58.001736111111114,36,0,844.75,874.75,863.5,833.5,1853.3000000000002,1903.3000000000002
37,43,884.125,1878.3000000000002,62.18742857142857,35,0,874.75,904.75,893.5,863.5,1853.3000000000002,1903.3000000000002
37,44,914.125,1878.3000000000002,59.656666666666666,36,0,904.75,934.75,923.5,893.5,1853.3000000000002,1903.3000000000002
37,45,944.125,1878.3000000000002,55.01061224489795,49,0,934.75,964.75,953.5,923.5,1853.3000000000002,1903.3000000000002
37,46,974.125,1878.3000000000002,49.275714285714294,56,0,964.75,994.75,983.5,953.5,1853.3000000000002,1903.3000000000002
37,47,1004.125,1878.3000000000002,51.38265306122448,49,0,994.75,1024.75,1013.5,983.5,1853.3000000000002,1903.3000000000002
37,48,1034.125,1878.3000000000002,51.61045454545456,44,0,1024.75,1054.75,1043.5,1013.5,1853.3000000000002,1903.3000000000002
37,49,1064.125,1878.3000000000002,49.72321428571429,56,0,1054.75,1084.75,1073.5,1043.5,1853.3000000000002,1903.3000000000002
37,50,1094.125,1878.3000000000002,56.96531249999999,32,0,1084.75,1114.75,1103.5,1073.5,1853.3000000000002,1903.3000000000002
37,51,1124.125,1878.3000000000002,57.644594594594594,37,0,1114.75,1144.75,1133.5,1103.5,1853.3000000000002,1903.3000000000002
37,52,1154.125,1878.3000000000002,57.53579710144927,46,0,1144.75,1174.75,1163.5,1133.5,1853.3000000000002,1903.3000000000002
37,53,1184.125,1878.3000000000002,56.999117647058824,34,0,1174.75,1204.75,1193.5,1163.5,1853.3000000000002,1903.3000000000002
37,54,1214.125,1878.3000000000002,49.51517857142857,56,0,1204.75,1234.75,1223.5,1193.5,1853.3000000000002,1903.3000000000002
37,55,1244.125,1878.3000000000002,50.78809523809526,42,0,1234.75,1264.75,1253.5,1223.5,1853.3000000000002,1903.3000000000002
37,56,1274.125,1878.3000000000002,51.15142857142855,49,0,1264.75,1294.75,1283.5,1253.5,1853.3000000000002,1903.3000000000002
37,57,1304.125,1878.3000000000002,57.42827586206898,29,0,1294.75,1324.75,1313.5,1283.5,1853.3000000000002,1903.3000000000002
37,58,1334.125,1878.3000000000002,54.809705882352944,34,0,1324.75,1354.75,1343.5,1313.5,1853.3000000000002,1903.3000000000002
37,59,1364.125,1878.3000000000002,50.182195121951224,41,0,1354.75,1384.75,1373.5,1343.5,1853.3000000000002,1903.3000000000002
37,60,1394.125,1878.3000000000002,54.043939393939404,33,0,1384.75,1414.75,1403.5,1373.5,1853.3000000000002,1903.3000000000002
37,61,1424.125,1878.3000000000002,54.121282051282066,39,0,1414.75,1444.75,1433.5,1403.5,1853.3000000000002,1903.3000000000002
37,62,1454.125,1878.3000000000002,53.46690909090909,55,0,1444.75,1474.75,1463.5,1433.5,1853.3000000000002,1903.3000000000002
37,63,1484.125,1878.3000000000002,50.54844444444444,45,0,1474.75,1504.75,1493.5,1463.5,1853.3000000000002,1903.3000000000002
37,64,1514.125,1878.3000000000002,51.9695,40,0,1504.75,1534.75,1523.5,1493.5,1853.3000000000002,1903.3000000000002
37,65,1544.125,1878.3000000000002,46.59406250000001,32,0,1534.75,1564.75,1553.5,1523.5,1853.3000000000002,1903.3000000000002
37,66,1574.125,1878.3000000000002,45.43293103448274,58,0,1564.75,1594.75,1583.5,1553.5,1853.3000000000002,1903.3000000000002
37,67,1604.125,1878.3000000000002,50.85,40,0,1594.75,1624.75,1613.5,1583.5,1853.3000000000002,1903.3000000000002
37,68,1634.125,1878.3000000000002,54.34755102040817,49,0,1624.75,1654.75,1643.5,1613.5,1853.3000000000002,1903.3000000000002
37,69,1664.125,1878.3000000000002,51.15731707317074,41,0,1654.75,1684.75,1673.5,1643.5,1853.3000000000002,1903.3000000000002
37,70,1694.125,1878.3000000000002,47.243541666666665,48,0,1684.75,1714.75,1703.5,1673.5,1853.3000000000002,1903.3000000000002
37,71,1724.125,1878.3000000000002,50.67621621621621,37,0,1714.75,1744.75,1733.5,1703.5,1853.3000000000002,1903.3000000000002
37,72,1754.125,1878.3000000000002,55.08194444444444,36,0,1744.75,1774.75,1763.5,1733.5,1853.3000000000002,1903.3000000000002
37,73,1784.125,1878.3000000000002,51.60176136363636,44,0,1774.75,1804.75,1793.5,1763.5,1853.3000000000002,1903.3000000000002
37,74,1814.125,1878.3000000000002,51.98243243243244,37,0,1804.75,1834.75,1823.5,1793.5,1853.3000000000002,1903.3000000000002
37,75,1844.125,1878.3000000000002,55.675,32,0,1834.75,1864.75,1853.5,1823.5,1853.3000000000002,1903.3000000000002
37,76,1874.125,1878.3000000000002,55.031612903225806,31,0,1864.75,1894.75,1883.5,1853.5,1853.3000000000002,1903.3000000000002
37,77,1904.125,1878.3000000000002,57.73866666666667,30,0,1894.75,1924.75,1913.5,1883.5,1853.3000000000002,1903.3000000000002
37,78,1934.125,1878.3000000000002,61.75076923076924,26,0,1924.75,1954.75,1943.5,1913.5,1853.3000000000002,1903.3000000000002
37,79,1964.125,1878.3000000000002,55.90676470588236,34,0,1954.75,1984.75,1973.5,1943.5,1853.3000000000002,1903.3000000000002
37,80,1994.125,1878.3000000000002,49.62191489361703,47,0,1984.75,2014.75,2003.5,1973.5,1853.3000000000002,1903.3000000000002
37,81,2024.125,1878.3000000000002,54.283500000000004,40,0,2014.75,2044.75,2033.5,2003.5,1853.3000000000002,1903.3000000000002
37,82,2054.125,1878.3000000000002,55.89307692307692,39,0,2044.75,2074.75,2063.5,2033.5,1853.3000000000002,1903.3000000000002
37,83,2084.125,1878.3000000000002,49.79926829268292,41,0,2074.75,2104.75,2093.5,2063.5,1853.3000000000002,1903.3000000000002
37,84,2114.125,1878.3000000000002,52.6885294117647,34,0,2104.75,2134.75,2123.5,2093.5,1853.3000000000002,1903.3000000000002
37,85,2144.125,1878.3000000000002,52.84898809523809,42,0,2134.75,2164.75,2153.5,2123.5,1853.3000000000002,1903.3000000000002
37,86,2174.125,1878.3000000000002,56.50171428571429,35,0,2164.75,2194.75,2183.5,2153.5,1853.3000000000002,1903.3000000000002
37,87,2204.125,1878.3000000000002,53.19897435897436,39,0,2194.75,2224.75,2213.5,2183.5,1853.3000000000002,1903.3000000000002
37,88,2234.125,1878.3000000000002,53.763793103448286,29,0,2224.75,2254.75,2243.5,2213.5,1853.3000000000002,1903.3000000000002
37,89,2264.125,1878.3000000000002,50.03744186046511,43,0,2254.75,2284.75,2273.5,2243.5,1853.3000000000002,1903.3000000000002
37,90,2294.125,1878.3000000000002,49.35382352941174,34,0,2284.75,2314.75,2303.5,2273.5,1853.3000000000002,1903.3000000000002
37,91,2324.125,1878.3000000000002,47.06045454545454,44,0,2314.75,2344.75,2333.5,2303.5,1853.3000000000002,1903.3000000000002
37,92,2354.125,1878.3000000000002,51.579756097560974,41,0,2344.75,2374.75,2363.5,2333.5,1853.3000000000002,1903.3000000000002
37,93,2384.125,1878.3000000000002,57.38674242424242,33,0,2374.75,2404.75,2393.5,2363.5,1853.3000000000002,1903.3000000000002
37,94,2414.125,1878.3000000000002,49.791282051282046,39,0,2404.75,2434.75,2423.5,2393.5,1853.3000000000002,1903.3000000000002
37,95,2444.125,1878.3000000000002,49.26971428571428,35,0,2434.75,2464.75,2453.5,2423.5,1853.3000000000002,1903.3000000000002
37,96,2474.125,1878.3000000000002,54.82472222222223,36,0,2464.75,2494.75,2483.5,2453.5,1853.3000000000002,1903.3000000000002
37,97,2504.125,1878.3000000000002,55.33914285714287,35,0,2494.75,2524.75,2513.5,2483.5,1853.3000000000002,1903.3000000000002
37,98,2534.125,1878.3000000000002,55.87121212121212,33,0,2524.75,2554.75,2543.5,2513.5,1853.3000000000002,1903.3000000000002
37,99,2564.125,1878.3000000000002,55.54410256410256,39,0,2554.75,2584.75,2573.5,2543.5,1853.3000000000002,1903.3000000000002
37,100,2594.125,1878.3000000000002,48.47441860465116,43,0,2584.75,2614.75,2603.5,2573.5,1853.3000000000002,1903.3000000000002
37,101,2624.125,1878.3000000000002,52.4753125,32,0,2614.75,2644.75,2633.5,2603.5,1853.3000000000002,1903.3000000000002
37,102,2654.125,1878.3000000000002,52.59309523809524,42,0,2644.75,2674.75,2663.5,2633.5,1853.3000000000002,1903.3000000000002
37,103,2684.125,1878.3000000000002,52.15153846153845,39,0,2674.75,2704.75,2693.5,2663.5,1853.3000000000002,1903.3000000000002
37,104,2714.125,1878.3000000000002,51.77157894736844,38,0,2704.75,2734.75,2723.5,2693.5,1853.3000000000002,1903.3000000000002
37,105,2744.125,1878.3000000000002,52.39657142857144,35,0,2734.75,2764.75,2753.5,2723.5,1853.3000000000002,1903.3000000000002
37,106,2774.125,1878.3000000000002,50.661935483870955,31,0,2764.75,2794.75,2783.5,2753.5,1853.3000000000002,1903.3000000000002
37,107,2804.125,1878.3000000000002,42.69409090909092,44,0,2794.75,2824.75,2813.5,2783.5,1853.3000000000002,1903.3000000000002
37,108,2834.125,1878.3000000000002,50.453541666666666,48,0,2824.75,2854.75,2843.5,2813.5,1853.3000000000002,1903.3000000000002
37,109,2864.125,1878.3000000000002,49.58666666666666,45,0,2854.75,2884.75,2873.5,2843.5,1853.3000000000002,1903.3000000000002
37,110,2894.125,1878.3000000000002,49.81413793103448,58,0,2884.75,2914.75,2903.5,2873.5,1853.3000000000002,1903.3000000000002
37,111,2924.125,1878.3000000000002,57.69625000000001,24,0,2914.75,2944.75,2933.5,2903.5,1853.3000000000002,1903.3000000000002
37,112,2954.125,1878.3000000000002,47.76454545454545,44,0,2944.75,2974.75,2963.5,2933.5,1853.3000000000002,1903.3000000000002
37,113,2984.125,1878.3000000000002,49.731224489795906,49,0,2974.75,3004.75,2993.5,2963.5,1853.3000000000002,1903.3000000000002
37,114,3014.125,1878.3000000000002,49.83499999999999,52,0,3004.75,3034.75,3023.5,2993.5,1853.3000000000002,1903.3000000000002
37,115,3044.125,1878.3000000000002,53.56595238095239,42,0,3034.75,3064.75,3053.5,3023.5,1853.3000000000002,1903.3000000000002
37,116,3074.125,1878.3000000000002,47.889361702127665,47,0,3064.75,3094.75,3083.5,3053.5,1853.3000000000002,1903.3000000000002
37,117,3104.125,1878.3000000000002,46.40839285714287,56,0,3094.75,3124.75,3113.5,3083.5,1853.3000000000002,1903.3000000000002
37,118,3134.125,1878.3000000000002,46.63543209876543,54,0,3124.75,3154.75,3143.5,3113.5,1853.3000000000002,1903.3000000000002
37,119,3164.125,1878.3000000000002,47.867021276595764,47,0,3154.75,3184.75,3173.5,3143.5,1853.3000000000002,1903.3000000000002
37,120,3194.125,1878.3000000000002,49.04333333333333,42,0,3184.75,3214.75,3203.5,3173.5,1853.3000000000002,1903.3000000000002
37,121,3224.125,1878.3000000000002,48.49085714285717,35,0,3214.75,3244.75,3233.5,3203.5,1853.3000000000002,1903.3000000000002
37,122,3254.125,1878.3000000000002,50.78130434782608,46,0,3244.75,3274.75,3263.5,3233.5,1853.3000000000002,1903.3000000000002
37,123,3284.125,1878.3000000000002,46.15800000000001,35,0,3274.75,3304.75,3293.5,3263.5,1853.3000000000002,1903.3000000000002
37,124,3314.125,1878.3000000000002,44.08400000000002,55,0,3304.75,3334.75,3323.5,3293.5,1853.3000000000002,1903.3000000000002
37,125,3344.125,1878.3000000000002,50.428604651162786,43,0,3334.75,3364.75,3353.5,3323.5,1853.3000000000002,1903.3000000000002
37,126,3374.125,1878.3000000000002,46.82687500000002,48,0,3364.75,3394.75,3383.5,3353.5,1853.3000000000002,1903.3000000000002
37,127,3404.125,1878.3000000000002,54.985625,48,0,3394.75,3424.75,3413.5,3383.5,1853.3000000000002,1903.3000000000002
37,128,3434.125,1878.3000000000002,56.048684210526325,38,0,3424.75,3454.75,3443.5,3413.5,1853.3000000000002,1903.3000000000002
37,129,3464.125,1878.3000000000002,55.63131578947369,38,0,3454.75,3484.75,3473.5,3443.5,1853.3000000000002,1903.3000000000002
37,130,3494.125,1878.3000000000002,56.98874999999999,32,0,3484.75,3514.75,3503.5,3473.5,1853.3000000000002,1903.3000000000002
37,131,3524.125,1878.3000000000002,55.04945945945947,37,0,3514.75,3544.75,3533.5,3503.5,1853.3000000000002,1903.3000000000002
37,132,3554.125,1878.3000000000002,52.94636363636362,33,0,3544.75,3574.75,3563.5,3533.5,1853.3000000000002,1903.3000000000002
37,133,3584.125,1878.3000000000002,53.540232558139536,43,0,3574.75,3604.75,3593.5,3563.5,1853.3000000000002,1903.3000000000002
37,134,3614.125,1878.3000000000002,56.24613636363636,44,0,3604.75,3634.75,3623.5,3593.5,1853.3000000000002,1903.3000000000002
37,135,3644.125,1878.3000000000002,56.43868421052633,38,0,3634.75,3664.75,3653.5,3623.5,1853.3000000000002,1903.3000000000002
37,136,3674.125,1878.3000000000002,54.51075000000001,40,0,3664.75,3694.75,3683.5,3653.5,1853.3000000000002,1903.3000000000002
37,137,3704.125,1878.3000000000002,54.064146341463406,41,0,3694.75,3724.75,3713.5,3683.5,1853.3000000000002,1903.3000000000002
37,138,3734.125,1878.3000000000002,56.11866666666667,30,0,3724.75,3754.75,3743.5,3713.5,1853.3000000000002,1903.3000000000002
37,139,3764.125,1878.3000000000002,51.25822916666669,32,0,3754.75,3784.75,3773.5,3743.5,1853.3000000000002,1903.3000000000002
37,140,3794.125,1878.3000000000002,48.83666666666667,33,0,3784.75,3814.75,3803.5,3773.5,1853.3000000000002,1903.3000000000002
37,141,3824.125,1878.3000000000002,,0,0,3814.75,3844.75,3833.5,3803.5,1853.3000000000002,1903.3000000000002
38,14,2.875,1928.3000000000002,60.75857142857144,14,0,-6.5,23.5,12.25,-17.75,1903.3000000000002,1953.3000000000002
38,15,32.875,1928.3000000000002,66.09522556390978,38,0,23.5,53.5,42.25,12.25,1903.3000000000002,1953.3000000000002
38,16,62.875,1928.3000000000002,67.52391304347826,23,0,53.5,83.5,72.25,42.25,1903.3000000000002,1953.3000000000002
38,17,92.875,1928.3000000000002,69.78263157894736,19,0,83.5,113.5,102.25,72.25,1903.3000000000002,1953.3000000000002
38,18,122.875,1928.3000000000002,75.53299999999999,20,0,113.5,143.5,132.25,102.25,1903.3000000000002,1953.3000000000002
38,19,152.875,1928.3000000000002,74.911875,16,0,143.5,173.5,162.25,132.25,1903.3000000000002,1953.3000000000002
38,20,182.875,1928.3000000000002,69.84615384615384,13,0,173.5,203.5,192.25,162.25,1903.3000000000002,1953.3000000000002
38,21,212.875,1928.3000000000002,55.593773584905676,53,0,203.5,233.5,222.25,192.25,1903.3000000000002,1953.3000000000002
38,22,242.875,1928.3000000000002,56.865,44,0,233.5,263.5,252.25,222.25,1903.3000000000002,1953.3000000000002
38,23,272.875,1928.3000000000002,69.53346153846154,26,0,263.5,293.5,282.25,252.25,1903.3000000000002,1953.3000000000002
38,24,302.875,1928.3000000000002,70.98731707317073,41,0,293.5,323.5,312.25,282.25,1903.3000000000002,1953.3000000000002
38,25,332.875,1928.3000000000002,76.37375000000002,16,0,323.5,353.5,342.25,312.25,1903.3000000000002,1953.3000000000002
38,26,362.875,1928.3000000000002,64.89933333333333,15,0,353.5,383.5,372.25,342.25,1903.3000000000002,1953.3000000000002
38,27,392.875,1928.3000000000002,65.95950000000002,20,0,383.5,413.5,402.25,372.25,1903.3000000000002,1953.3000000000002
38,28,422.875,1928.3000000000002,81.06315789473683,19,0,413.5,443.5,432.25,402.25,1903.3000000000002,1953.3000000000002
38,29,452.875,1928.3000000000002,77.21333333333334,15,0,443.5,473.5,462.25,432.25,1903.3000000000002,1953.3000000000002
38,30,482.875,1928.3000000000002,82.21386363636363,11,0,473.5,503.5,492.25,462.25,1903.3000000000002,1953.3000000000002
38,31,512.875,1928.3000000000002,63.716111111111104,36,0,503.5,533.5,522.25,492.25,1903.3000000000002,1953.3000000000002
38,32,542.875,1928.3000000000002,59.260000000000005,43,0,533.5,563.5,552.25,522.25,1903.3000000000002,1953.3000000000002
38,33,572.875,1928.3000000000002,60.57242424242425,33,0,563.5,593.5,582.25,552.25,1903.3000000000002,1953.3000000000002
38,34,602.875,1928.3000000000002,61.25558823529412,34,0,593.5,623.5,612.25,582.25,1903.3000000000002,1953.3000000000002
38,35,632.875,1928.3000000000002,57.71166666666665,48,0,623.5,653.5,642.25,612.25,1903.3000000000002,1953.3000000000002
38,36,662.875,1928.3000000000002,59.13404761904762,42,0,653.5,683.5,672.25,642.25,1903.3000000000002,1953.3000000000002
38,37,692.875,1928.3000000000002,50.801666666666655,48,0,683.5,713.5,702.25,672.25,1903.3000000000002,1953.3000000000002
38,38,722.875,1928.3000000000002,44.52411764705882,51,0,713.5,743.5,732.25,702.25,1903.3000000000002,1953.3000000000002
38,39,752.875,1928.3000000000002,44.87903225806452,62,0,743.5,773.5,762.25,732.25,1903.3000000000002,1953.3000000000002
38,40,782.875,1928.3000000000002,52.62567567567568,37,0,773.5,803.5,792.25,762.25,1903.3000000000002,1953.3000000000002
38,41,812.875,1928.3000000000002,54.12874999999999,40,0,803.5,833.5,822.25,792.25,1903.3000000000002,1953.3000000000002
38,42,842.875,1928.3000000000002,54.792765957446804,47,0,833.5,863.5,852.25,822.25,1903.3000000000002,1953.3000000000002
38,43,872.875,1928.3000000000002,63.38058823529412,34,0,863.5,893.5,882.25,852.25,1903.3000000000002,1953.3000000000002
38,44,902.875,1928.3000000000002,61.62382352941178,34,0,893.5,923.5,912.25,882.25,1903.3000000000002,1953.3000000000002
38,45,932.875,1928.3000000000002,58.78891891891893,37,0,923.5,953.5,942.25,912.25,1903.3000000000002,1953.3000000000002
38,46,962.875,1928.3000000000002,54.613695652173924,46,0,953.5,983.5,972.25,942.25,1903.3000000000002,1953.3000000000002
38,47,992.875,1928.3000000000002,51.15511627906979,43,0,983.5,1013.5,1002.25,972.25,1903.3000000000002,1953.3000000000002
38,48,1022.875,1928.3000000000002,55.65737588652479,47,0,1013.5,1043.5,1032.25,1002.25,1903.3000000000002,1953.3000000000002
38,49,1052.875,1928.3000000000002,50.95620000000002,50,0,1043.5,1073.5,1062.25,1032.25,1903.3000000000002,1953.3000000000002
38,50,1082.875,1928.3000000000002,54.117,40,0,1073.5,1103.5,1092.25,1062.25,1903.3000000000002,1953.3000000000002
38,51,1112.875,1928.3000000000002,60.333666666666666,30,0,1103.5,1133.5,1122.25,1092.25,1903.3000000000002,1953.3000000000002
38,52,1142.875,1928.3000000000002,58.52073170731707,41,0,1133.5,1163.5,1152.25,1122.25,1903.3000000000002,1953.3000000000002
38,53,1172.875,1928.3000000000002,60.2928125,32,0,1163.5,1193.5,1182.25,1152.25,1903.3000000000002,1953.3000000000002
38,54,1202.875,1928.3000000000002,53.33638888888888,45,0,1193.5,1223.5,1212.25,1182.25,1903.3000000000002,1953.3000000000002
38,55,1232.875,1928.3000000000002,49.56875,48,0,1223.5,1253.5,1242.25,1212.25,1903.3000000000002,1953.3000000000002
38,56,1262.875,1928.3000000000002,51.79833333333334,36,0,1253.5,1283.5,1272.25,1242.25,1903.3000000000002,1953.3000000000002
38,57,1292.875,1928.3000000000002,54.081190476190486,42,0,1283.5,1313.5,1302.25,1272.25,1903.3000000000002,1953.3000000000002
38,58,1322.875,1928.3000000000002,57.347249999999995,40,0,1313.5,1343.5,1332.25,1302.25,1903.3000000000002,1953.3000000000002
38,59,1352.875,1928.3000000000002,53.18027027027027,37,0,1343.5,1373.5,1362.25,1332.25,1903.3000000000002,1953.3000000000002
38,60,1382.875,1928.3000000000002,48.65145833333335,48,0,1373.5,1403.5,1392.25,1362.25,1903.3000000000002,1953.3000000000002
38,61,1412.875,1928.3000000000002,59.016,30,0,1403.5,1433.5,1422.25,1392.25,1903.3000000000002,1953.3000000000002
38,62,1442.875,1928.3000000000002,51.82384615384615,52,0,1433.5,1463.5,1452.25,1422.25,1903.3000000000002,1953.3000000000002
38,63,1472.875,1928.3000000000002,54.124107142857135,56,0,1463.5,1493.5,1482.25,1452.25,1903.3000000000002,1953.3000000000002
38,64,1502.875,1928.3000000000002,51.1715909090909,44,0,1493.5,1523.5,1512.25,1482.25,1903.3000000000002,1953.3000000000002
38,65,1532.875,1928.3000000000002,52.5358064516129,31,0,1523.5,1553.5,1542.25,1512.25,1903.3000000000002,1953.3000000000002
38,66,1562.875,1928.3000000000002,44.684259259259264,54,0,1553.5,1583.5,1572.25,1542.25,1903.3000000000002,1953.3000000000002
38,67,1592.875,1928.3000000000002,45.55349999999999,65,0,1583.5,1613.5,1602.25,1572.25,1903.3000000000002,1953.3000000000002
38,68,1622.875,1928.3000000000002,52.66133333333333,45,0,1613.5,1643.5,1632.25,1602.25,1903.3000000000002,1953.3000000000002
38,69,1652.875,1928.3000000000002,53.402826086956544,46,0,1643.5,1673.5,1662.25,1632.25,1903.3000000000002,1953.3000000000002
38,70,1682.875,1928.3000000000002,41.16000000000001,56,0,1673.5,1703.5,1692.25,1662.25,1903.3000000000002,1953.3000000000002
38,71,1712.875,1928.3000000000002,43.66929824561403,57,0,1703.5,1733.5,1722.25,1692.25,1903.3000000000002,1953.3000000000002
38,72,1742.875,1928.3000000000002,54.30880952380952,42,0,1733.5,1763.5,1752.25,1722.25,1903.3000000000002,1953.3000000000002
38,73,1772.875,1928.3000000000002,53.5956875,40,0,1763.5,1793.5,1782.25,1752.25,1903.3000000000002,1953.3000000000002
38,74,1802.875,1928.3000000000002,54.359761904761896,42,0,1793.5,1823.5,1812.25,1782.25,1903.3000000000002,1953.3000000000002
38,75,1832.875,1928.3000000000002,54.069487179487155,39,0,1823.5,1853.5,1842.25,1812.25,1903.3000000000002,1953.3000000000002
38,76,1862.875,1928.3000000000002,55.81941176470588,34,0,1853.5,1883.5,1872.25,1842.25,1903.3000000000002,1953.3000000000002
38,77,1892.875,1928.3000000000002,56.95405405405406,37,0,1883.5,1913.5,1902.25,1872.25,1903.3000000000002,1953.3000000000002
38,78,1922.875,1928.3000000000002,61.24444444444445,27,0,1913.5,1943.5,1932.25,1902.25,1903.3000000000002,1953.3000000000002
38,79,1952.875,1928.3000000000002,59.085666666666654,30,0,1943.5,1973.5,1962.25,1932.25,1903.3000000000002,1953.3000000000002
38,80,1982.875,1928.3000000000002,52.5588888888889,45,0,1973.5,2003.5,1992.25,1962.25,1903.3000000000002,1953.3000000000002
38,81,2012.875,1928.3000000000002,52.223571428571425,42,0,2003.5,2033.5,2022.25,1992.25,1903.3000000000002,1953.3000000000002
38,82,2042.875,1928.3000000000002,54.20863636363635,44,0,2033.5,2063.5,2052.25,2022.25,1903.3000000000002,1953.3000000000002
38,83,2072.875,1928.3000000000002,52.659551282051275,39,0,2063.5,2093.5,2082.25,2052.25,1903.3000000000002,1953.3000000000002
38,84,2102.875,1928.3000000000002,51.09408163265306,49,0,2093.5,2123.5,2112.25,2082.25,1903.3000000000002,1953.3000000000002
38,85,2132.875,1928.3000000000002,54.029999999999994,30,0,2123.5,2153.5,2142.25,2112.25,1903.3000000000002,1953.3000000000002
38,86,2162.875,1928.3000000000002,54.465116279069754,43,0,2153.5,2183.5,2172.25,2142.25,1903.3000000000002,1953.3000000000002
38,87,2192.875,1928.3000000000002,54.628250000000016,40,0,2183.5,2213.5,2202.25,2172.25,1903.3000000000002,1953.3000000000002
38,88,2222.875,1928.3000000000002,55.746,40,0,2213.5,2243.5,2232.25,2202.25,1903.3000000000002,1953.3000000000002
38,89,2252.875,1928.3000000000002,48.88666666666667,33,0,2243.5,2273.5,2262.25,2232.25,1903.3000000000002,1953.3000000000002
38,90,2282.875,1928.3000000000002,52.37928571428572,42,0,2273.5,2303.5,2292.25,2262.25,1903.3000000000002,1953.3000000000002
38,91,2312.875,1928.3000000000002,48.451538461538476,39,0,2303.5,2333.5,2322.25,2292.25,1903.3000000000002,1953.3000000000002
38,92,2342.875,1928.3000000000002,47.3840909090909,44,0,2333.5,2363.5,2352.25,2322.25,1903.3000000000002,1953.3000000000002
38,93,2372.875,1928.3000000000002,57.065625,32,0,2363.5,2393.5,2382.25,2352.25,1903.3000000000002,1953.3000000000002
38,94,2402.875,1928.3000000000002,53.00766666666668,30,0,2393.5,2423.5,2412.25,2382.25,1903.3000000000002,1953.3000000000002
38,95,2432.875,1928.3000000000002,48.43731707317071,41,0,2423.5,2453.5,2442.25,2412.25,1903.3000000000002,1953.3000000000002
38,96,2462.875,1928.3000000000002,53.01167857142857,40,0,2453.5,2483.5,2472.25,2442.25,1903.3000000000002,1953.3000000000002
38,97,2492.875,1928.3000000000002,56.343823529411765,34,0,2483.5,2513.5,2502.25,2472.25,1903.3000000000002,1953.3000000000002
38,98,2522.875,1928.3000000000002,56.582631578947364,38,0,2513.5,2543.5,2532.25,2502.25,1903.3000000000002,1953.3000000000002
38,99,2552.875,1928.3000000000002,59.358000000000004,40,0,2543.5,2573.5,2562.25,2532.25,1903.3000000000002,1953.3000000000002
38,100,2582.875,1928.3000000000002,52.79902439024391,41,0,2573.5,2603.5,2592.25,2562.25,1903.3000000000002,1953.3000000000002
38,101,2612.875,1928.3000000000002,52.1,46,0,2603.5,2633.5,2622.25,2592.25,1903.3000000000002,1953.3000000000002
38,102,2642.875,1928.3000000000002,54.33285714285716,35,0,2633.5,2663.5,2652.25,2622.25,1903.3000000000002,1953.3000000000002
38,103,2672.875,1928.3000000000002,53.90424999999999,40,0,2663.5,2693.5,2682.25,2652.25,1903.3000000000002,1953.3000000000002
38,104,2702.875,1928.3000000000002,53.359800000000014,50,0,2693.5,2723.5,2712.25,2682.25,1903.3000000000002,1953.3000000000002
38,105,2732.875,1928.3000000000002,53.29451612903226,31,0,2723.5,2753.5,2742.25,2712.25,1903.3000000000002,1953.3000000000002
38,106,2762.875,1928.3000000000002,53.977222222222224,36,0,2753.5,2783.5,2772.25,2742.25,1903.3000000000002,1953.3000000000002
38,107,2792.875,1928.3000000000002,48.95216216216216,37,0,2783.5,2813.5,2802.25,2772.25,1903.3000000000002,1953.3000000000002
38,108,2822.875,1928.3000000000002,47.20659999999999,50,0,2813.5,2843.5,2832.25,2802.25,1903.3000000000002,1953.3000000000002
38,109,2852.875,1928.3000000000002,52.64714285714287,49,0,2843.5,2873.5,2862.25,2832.25,1903.3000000000002,1953.3000000000002
38,110,2882.875,1928.3000000000002,49.50224137931035,58,0,2873.5,2903.5,2892.25,2862.25,1903.3000000000002,1953.3000000000002
38,111,2912.875,1928.3000000000002,55.609591836734694,49,0,2903.5,2933.5,2922.25,2892.25,1903.3000000000002,1953.3000000000002
38,112,2942.875,1928.3000000000002,51.791515151515156,33,0,2933.5,2963.5,2952.25,2922.25,1903.3000000000002,1953.3000000000002
38,113,2972.875,1928.3000000000002,47.81727272727273,44,0,2963.5,2993.5,2982.25,2952.25,1903.3000000000002,1953.3000000000002
38,114,3002.875,1928.3000000000002,51.798245614035096,57,0,2993.5,3023.5,3012.25,2982.25,1903.3000000000002,1953.3000000000002
38,115,3032.875,1928.3000000000002,53.497021276595746,47,0,3023.5,3053.5,3042.25,3012.25,1903.3000000000002,1953.3000000000002
38,116,3062.875,1928.3000000000002,51.012272727272745,44,0,3053.5,3083.5,3072.25,3042.25,1903.3000000000002,1953.3000000000002
38,117,3092.875,1928.3000000000002,48.51,53,0,3083.5,3113.5,3102.25,3072.25,1903.3000000000002,1953.3000000000002
38,118,3122.875,1928.3000000000002,45.26824561403508,57,0,3113.5,3143.5,3132.25,3102.25,1903.3000000000002,1953.3000000000002
38,119,3152.875,1928.3000000000002,48.480350877192976,57,0,3143.5,3173.5,3162.25,3132.25,1903.3000000000002,1953.3000000000002
38,120,3182.875,1928.3000000000002,48.40326086956521,46,0,3173.5,3203.5,3192.25,3162.25,1903.3000000000002,1953.3000000000002
38,121,3212.875,1928.3000000000002,50.41395348837207,43,0,3203.5,3233.5,3222.25,3192.25,1903.3000000000002,1953.3000000000002
38,122,3242.875,1928.3000000000002,51.56121951219513,41,0,3233.5,3263.5,3252.25,3222.25,1903.3000000000002,1953.3000000000002
38,123,3272.875,1928.3000000000002,54.24710526315789,38,0,3263.5,3293.5,3282.25,3252.25,1903.3000000000002,1953.3000000000002
38,124,3302.875,1928.3000000000002,44.602,45,0,3293.5,3323.5,3312.25,3282.25,1903.3000000000002,1953.3000000000002
38,125,3332.875,1928.3000000000002,48.07296296296298,54,0,3323.5,3353.5,3342.25,3312.25,1903.3000000000002,1953.3000000000002
38,126,3362.875,1928.3000000000002,49.585416666666674,48,0,3353.5,3383.5,3372.25,3342.25,1903.3000000000002,1953.3000000000002
38,127,3392.875,1928.3000000000002,51.545102040816325,49,0,3383.5,3413.5,3402.25,3372.25,1903.3000000000002,1953.3000000000002
38,128,3422.875,1928.3000000000002,58.48350000000001,40,0,3413.5,3443.5,3432.25,3402.25,1903.3000000000002,1953.3000000000002
38,129,3452.875,1928.3000000000002,55.16895833333333,48,0,3443.5,3473.5,3462.25,3432.25,1903.3000000000002,1953.3000000000002
38,130,3482.875,1928.3000000000002,58.31589743589744,39,0,3473.5,3503.5,3492.25,3462.25,1903.3000000000002,1953.3000000000002
38,131,3512.875,1928.3000000000002,57.332631578947364,38,0,3503.5,3533.5,3522.25,3492.25,1903.3000000000002,1953.3000000000002
38,132,3542.875,1928.3000000000002,54.17871794871795,39,0,3533.5,3563.5,3552.25,3522.25,1903.3000000000002,1953.3000000000002
38,133,3572.875,1928.3000000000002,53.206808510638275,47,0,3563.5,3593.5,3582.25,3552.25,1903.3000000000002,1953.3000000000002
38,134,3602.875,1928.3000000000002,56.00586956521738,46,0,3593.5,3623.5,3612.25,3582.25,1903.3000000000002,1953.3000000000002
38,135,3632.875,1928.3000000000002,59.35590909090911,44,0,3623.5,3653.5,3642.25,3612.25,1903.3000000000002,1953.3000000000002
38,136,3662.875,1928.3000000000002,56.05823529411765,34,0,3653.5,3683.5,3672.25,3642.25,1903.3000000000002,1953.3000000000002
38,137,3692.875,1928.3000000000002,52.940232558139535,43,0,3683.5,3713.5,3702.25,3672.25,1903.3000000000002,1953.3000000000002
38,138,3722.875,1928.3000000000002,54.730277777777786,36,0,3713.5,3743.5,3732.25,3702.25,1903.3000000000002,1953.3000000000002
38,139,3752.875,1928.3000000000002,57.77925925925925,27,0,3743.5,3773.5,3762.25,3732.25,1903.3000000000002,1953.3000000000002
38,140,3782.875,1928.3000000000002,51.79648648648648,37,0,3773.5,3803.5,3792.25,3762.25,1903.3000000000002,1953.3000000000002
38,141,3812.875,1928.3000000000002,48.19888888888889,18,0,3803.5,3833.5,3822.25,3792.25,1903.3000000000002,1953.3000000000002
39,14,-8.375,1978.3000000000002,60.07,1,0,-17.75,12.25,1.0,-29.0,1953.3000000000002,2003.3000000000002
39,15,21.625,1978.3000000000002,62.80225806451614,31,0,12.25,42.25,31.0,1.0,1953.3000000000002,2003.3000000000002
39,16,51.625,1978.3000000000002,65.97243902439025,41,0,42.25,72.25,61.0,31.0,1953.3000000000002,2003.3000000000002
39,17,81.625,1978.3000000000002,67.64588235294117,17,0,72.25,102.25,91.0,61.0,1953.3000000000002,2003.3000000000002
39,18,111.625,1978.3000000000002,72.47800000000002,20,0,102.25,132.25,121.0,91.0,1953.3000000000002,2003.3000000000002
39,19,141.625,1978.3000000000002,74.06090909090909,22,0,132.25,162.25,151.0,121.0,1953.3000000000002,2003.3000000000002
39,20,171.625,1978.3000000000002,79.31083333333333,12,0,162.25,192.25,181.0,151.0,1953.3000000000002,2003.3000000000002
39,21,201.625,1978.3000000000002,57.023235294117654,34,0,192.25,222.25,211.0,181.0,1953.3000000000002,2003.3000000000002
39,22,231.625,1978.3000000000002,54.3677358490566,53,0,222.25,252.25,241.0,211.0,1953.3000000000002,2003.3000000000002
39,23,261.625,1978.3000000000002,57.89648809523808,42,0,252.25,282.25,271.0,241.0,1953.3000000000002,2003.3000000000002
39,24,291.625,1978.3000000000002,72.76,28,0,282.25,312.25,301.0,271.0,1953.3000000000002,2003.3000000000002
39,25,321.625,1978.3000000000002,71.61476190476192,21,0,312.25,342.25,331.0,301.0,1953.3000000000002,2003.3000000000002
39,26,351.625,1978.3000000000002,71.76933333333334,15,0,342.25,372.25,361.0,331.0,1953.3000000000002,2003.3000000000002
39,27,381.625,1978.3000000000002,64.2978947368421,19,0,372.25,402.25,391.0,361.0,1953.3000000000002,2003.3000000000002
39,28,411.625,1978.3000000000002,73.19913043478263,23,0,402.25,432.25,421.0,391.0,1953.3000000000002,2003.3000000000002
39,29,441.625,1978.3000000000002,78.20214285714287,14,0,432.25,462.25,451.0,421.0,1953.3000000000002,2003.3000000000002
39,30,471.625,1978.3000000000002,78.5618181818182,22,0,462.25,492.25,481.0,451.0,1953.3000000000002,2003.3000000000002
39,31,501.625,1978.3000000000002,64.63714285714286,21,0,492.25,522.25,511.0,481.0,1953.3000000000002,2003.3000000000002
39,32,531.625,1978.3000000000002,60.6002,50,0,522.25,552.25,541.0,511.0,1953.3000000000002,2003.3000000000002
39,33,561.625,1978.3000000000002,59.06750000000001,32,0,552.25,582.25,571.0,541.0,1953.3000000000002,2003.3000000000002
39,34,591.625,1978.3000000000002,59.26268292682928,41,0,582.25,612.25,601.0,571.0,1953.3000000000002,2003.3000000000002
39,35,621.625,1978.3000000000002,58.699767441860466,43,0,612.25,642.25,631.0,601.0,1953.3000000000002,2003.3000000000002
39,36,651.625,1978.3000000000002,55.621020408163254,49,0,642.25,672.25,661.0,631.0,1953.3000000000002,2003.3000000000002
39,37,681.625,1978.3000000000002,57.01425000000002,40,0,672.25,702.25,691.0,661.0,1953.3000000000002,2003.3000000000002
39,38,711.625,1978.3000000000002,46.196792452830174,53,0,702.25,732.25,721.0,691.0,1953.3000000000002,2003.3000000000002
39,39,741.625,1978.3000000000002,43.450161290322576,62,0,732.25,762.25,751.0,721.0,1953.3000000000002,2003.3000000000002
39,40,771.625,1978.3000000000002,45.33581481481482,60,0,762.25,792.25,781.0,751.0,1953.3000000000002,2003.3000000000002
39,41,801.625,1978.3000000000002,58.15785218253968,32,0,792.25,822.25,811.0,781.0,1953.3000000000002,2003.3000000000002
39,42,831.625,1978.3000000000002,52.53018518518517,54,0,822.25,852.25,841.0,811.0,1953.3000000000002,2003.3000000000002
39,43,861.625,1978.3000000000002,58.93638888888888,36,0,852.25,882.25,871.0,841.0,1953.3000000000002,2003.3000000000002
39,44,891.625,1978.3000000000002,61.99574999999997,40,0,882.25,912.25,901.0,871.0,1953.3000000000002,2003.3000000000002
39,45,921.625,1978.3000000000002,60.39729729729729,37,0,912.25,942.25,931.0,901.0,1953.3000000000002,2003.3000000000002
39,46,951.625,1978.3000000000002,56.88720930232557,43,0,942.25,972.25,961.0,931.0,1953.3000000000002,2003.3000000000002
39,47,981.625,1978.3000000000002,52.54087719298246,57,0,972.25,1002.25,991.0,961.0,1953.3000000000002,2003.3000000000002
39,48,1011.625,1978.3000000000002,54.41920289855072,46,0,1002.25,1032.25,1021.0,991.0,1953.3000000000002,2003.3000000000002
39,49,1041.625,1978.3000000000002,54.53837209302327,43,0,1032.25,1062.25,1051.0,1021.0,1953.3000000000002,2003.3000000000002
39,50,1071.625,1978.3000000000002,50.5448148148148,54,0,1062.25,1092.25,1081.0,1051.0,1953.3000000000002,2003.3000000000002
39,51,1101.625,1978.3000000000002,57.93575757575758,33,0,1092.25,1122.25,1111.0,1081.0,1953.3000000000002,2003.3000000000002
39,52,1131.625,1978.3000000000002,59.69857142857141,42,0,1122.25,1152.25,1141.0,1111.0,1953.3000000000002,2003.3000000000002
39,53,1161.625,1978.3000000000002,57.50354166666668,48,0,1152.25,1182.25,1171.0,1141.0,1953.3000000000002,2003.3000000000002
39,54,1191.625,1978.3000000000002,59.14562500000001,32,0,1182.25,1212.25,1201.0,1171.0,1953.3000000000002,2003.3000000000002
39,55,1221.625,1978.3000000000002,50.752592592592585,54,0,1212.25,1242.25,1231.0,1201.0,1953.3000000000002,2003.3000000000002
39,56,1251.625,1978.3000000000002,50.74921052631579,38,0,1242.25,1272.25,1261.0,1231.0,1953.3000000000002,2003.3000000000002
39,57,1281.625,1978.3000000000002,52.33877551020408,49,0,1272.25,1302.25,1291.0,1261.0,1953.3000000000002,2003.3000000000002
39,58,1311.625,1978.3000000000002,55.61666666666666,39,0,1302.25,1332.25,1321.0,1291.0,1953.3000000000002,2003.3000000000002
39,59,1341.625,1978.3000000000002,55.53814814814816,36,0,1332.25,1362.25,1351.0,1321.0,1953.3000000000002,2003.3000000000002
39,60,1371.625,1978.3000000000002,49.09673913043479,46,0,1362.25,1392.25,1381.0,1351.0,1953.3000000000002,2003.3000000000002
39,61,1401.625,1978.3000000000002,53.55947368421052,38,0,1392.25,1422.25,1411.0,1381.0,1953.3000000000002,2003.3000000000002
39,62,1431.625,1978.3000000000002,54.480624999999996,40,0,1422.25,1452.25,1441.0,1411.0,1953.3000000000002,2003.3000000000002
39,63,1461.625,1978.3000000000002,52.65763636363636,55,0,1452.25,1482.25,1471.0,1441.0,1953.3000000000002,2003.3000000000002
39,64,1491.625,1978.3000000000002,51.685599999999994,50,0,1482.25,1512.25,1501.0,1471.0,1953.3000000000002,2003.3000000000002
39,65,1521.625,1978.3000000000002,52.363658536585376,41,0,1512.25,1542.25,1531.0,1501.0,1953.3000000000002,2003.3000000000002
39,66,1551.625,1978.3000000000002,47.27484848484848,33,0,1542.25,1572.25,1561.0,1531.0,1953.3000000000002,2003.3000000000002
39,67,1581.625,1978.3000000000002,38.90661538461539,65,0,1572.25,1602.25,1591.0,1561.0,1953.3000000000002,2003.3000000000002
39,68,1611.625,1978.3000000000002,43.63368421052629,57,0,1602.25,1632.25,1621.0,1591.0,1953.3000000000002,2003.3000000000002
39,69,1641.625,1978.3000000000002,49.15183333333332,60,0,1632.25,1662.25,1651.0,1621.0,1953.3000000000002,2003.3000000000002
39,70,1671.625,1978.3000000000002,34.29678571428572,56,0,1662.25,1692.25,1681.0,1651.0,1953.3000000000002,2003.3000000000002
39,71,1701.625,1978.3000000000002,35.52291666666667,72,0,1692.25,1722.25,1711.0,1681.0,1953.3000000000002,2003.3000000000002
39,72,1731.625,1978.3000000000002,43.17411764705883,51,0,1722.25,1752.25,1741.0,1711.0,1953.3000000000002,2003.3000000000002
39,73,1761.625,1978.3000000000002,54.64170731707317,41,0,1752.25,1782.25,1771.0,1741.0,1953.3000000000002,2003.3000000000002
39,74,1791.625,1978.3000000000002,52.160638297872346,47,0,1782.25,1812.25,1801.0,1771.0,1953.3000000000002,2003.3000000000002
39,75,1821.625,1978.3000000000002,53.33243243243244,37,0,1812.25,1842.25,1831.0,1801.0,1953.3000000000002,2003.3000000000002
39,76,1851.625,1978.3000000000002,55.47777777777777,36,0,1842.25,1872.25,1861.0,1831.0,1953.3000000000002,2003.3000000000002
39,77,1881.625,1978.3000000000002,55.424594594594595,37,0,1872.25,1902.25,1891.0,1861.0,1953.3000000000002,2003.3000000000002
39,78,1911.625,1978.3000000000002,58.51096774193548,31,0,1902.25,1932.25,1921.0,1891.0,1953.3000000000002,2003.3000000000002
39,79,1941.625,1978.3000000000002,59.9493103448276,29,0,1932.25,1962.25,1951.0,1921.0,1953.3000000000002,2003.3000000000002
39,80,1971.625,1978.3000000000002,56.449411764705886,34,0,1962.25,1992.25,1981.0,1951.0,1953.3000000000002,2003.3000000000002
39,81,2001.625,1978.3000000000002,50.05411764705881,51,0,1992.25,2022.25,2011.0,1981.0,1953.3000000000002,2003.3000000000002
39,82,2031.625,1978.3000000000002,53.27,42,0,2022.25,2052.25,2041.0,2011.0,1953.3000000000002,2003.3000000000002
39,83,2061.625,1978.3000000000002,53.24282051282052,39,0,2052.25,2082.25,2071.0,2041.0,1953.3000000000002,2003.3000000000002
39,84,2091.625,1978.3000000000002,50.54902439024391,41,0,2082.25,2112.25,2101.0,2071.0,1953.3000000000002,2003.3000000000002
39,85,2121.625,1978.3000000000002,51.98538461538462,39,0,2112.25,2142.25,2131.0,2101.0,1953.3000000000002,2003.3000000000002
39,86,2151.625,1978.3000000000002,51.67355555555555,45,0,2142.25,2172.25,2161.0,2131.0,1953.3000000000002,2003.3000000000002
39,87,2181.625,1978.3000000000002,55.66947368421054,38,0,2172.25,2202.25,2191.0,2161.0,1953.3000000000002,2003.3000000000002
39,88,2211.625,1978.3000000000002,52.3940425531915,47,0,2202.25,2232.25,2221.0,2191.0,1953.3000000000002,2003.3000000000002
39,89,2241.625,1978.3000000000002,53.15045454545453,22,0,2232.25,2262.25,2251.0,2221.0,1953.3000000000002,2003.3000000000002
39,90,2271.625,1978.3000000000002,50.593953488372094,43,0,2262.25,2292.25,2281.0,2251.0,1953.3000000000002,2003.3000000000002
39,91,2301.625,1978.3000000000002,48.89874269005848,38,0,2292.25,2322.25,2311.0,2281.0,1953.3000000000002,2003.3000000000002
39,92,2331.625,1978.3000000000002,46.29767441860466,43,0,2322.25,2352.25,2341.0,2311.0,1953.3000000000002,2003.3000000000002
39,93,2361.625,1978.3000000000002,49.266046511627906,43,0,2352.25,2382.25,2371.0,2341.0,1953.3000000000002,2003.3000000000002
39,94,2391.625,1978.3000000000002,57.96491596638656,34,0,2382.25,2412.25,2401.0,2371.0,1953.3000000000002,2003.3000000000002
39,95,2421.625,1978.3000000000002,48.64261261261261,37,0,2412.25,2442.25,2431.0,2401.0,1953.3000000000002,2003.3000000000002
39,96,2451.625,1978.3000000000002,49.703023255813946,43,0,2442.25,2472.25,2461.0,2431.0,1953.3000000000002,2003.3000000000002
39,97,2481.625,1978.3000000000002,54.12133333333333,45,0,2472.25,2502.25,2491.0,2461.0,1953.3000000000002,2003.3000000000002
39,98,2511.625,1978.3000000000002,55.23736842105264,38,0,2502.25,2532.25,2521.0,2491.0,1953.3000000000002,2003.3000000000002
39,99,2541.625,1978.3000000000002,58.02281249999999,32,0,2532.25,2562.25,2551.0,2521.0,1953.3000000000002,2003.3000000000002
39,100,2571.625,1978.3000000000002,58.74624999999999,40,0,2562.25,2592.25,2581.0,2551.0,1953.3000000000002,2003.3000000000002
39,101,2601.625,1978.3000000000002,51.27609756097562,41,0,2592.25,2622.25,2611.0,2581.0,1953.3000000000002,2003.3000000000002
39,102,2631.625,1978.3000000000002,54.364594594594585,37,0,2622.25,2652.25,2641.0,2611.0,1953.3000000000002,2003.3000000000002
39,103,2661.625,1978.3000000000002,53.77804878048781,41,0,2652.25,2682.25,2671.0,2641.0,1953.3000000000002,2003.3000000000002
39,104,2691.625,1978.3000000000002,54.58124999999999,40,0,2682.25,2712.25,2701.0,2671.0,1953.3000000000002,2003.3000000000002
39,105,2721.625,1978.3000000000002,53.56675675675675,37,0,2712.25,2742.25,2731.0,2701.0,1953.3000000000002,2003.3000000000002
39,106,2751.625,1978.3000000000002,53.22424242424242,33,0,2742.25,2772.25,2761.0,2731.0,1953.3000000000002,2003.3000000000002
39,107,2781.625,1978.3000000000002,52.33828571428571,35,0,2772.25,2802.25,2791.0,2761.0,1953.3000000000002,2003.3000000000002
39,108,2811.625,1978.3000000000002,47.67736842105263,38,0,2802.25,2832.25,2821.0,2791.0,1953.3000000000002,2003.3000000000002
39,109,2841.625,1978.3000000000002,49.92139999999999,50,0,2832.25,2862.25,2851.0,2821.0,1953.3000000000002,2003.3000000000002
39,110,2871.625,1978.3000000000002,51.40119601328905,43,0,2862.25,2892.25,2881.0,2851.0,1953.3000000000002,2003.3000000000002
39,111,2901.625,1978.3000000000002,47.90580645161292,62,0,2892.25,2922.25,2911.0,2881.0,1953.3000000000002,2003.3000000000002
39,112,2931.625,1978.3000000000002,55.96740740740742,27,0,2922.25,2952.25,2941.0,2911.0,1953.3000000000002,2003.3000000000002
39,113,2961.625,1978.3000000000002,49.000750000000004,40,0,2952.25,2982.25,2971.0,2941.0,1953.3000000000002,2003.3000000000002
39,114,2991.625,1978.3000000000002,49.66187500000001,48,0,2982.25,3012.25,3001.0,2971.0,1953.3000000000002,2003.3000000000002
39,115,3021.625,1978.3000000000002,51.61559999999999,50,0,3012.25,3042.25,3031.0,3001.0,1953.3000000000002,2003.3000000000002
39,116,3051.625,1978.3000000000002,53.30822222222223,45,0,3042.25,3072.25,3061.0,3031.0,1953.3000000000002,2003.3000000000002
39,117,3081.625,1978.3000000000002,47.87404255319149,47,0,3072.25,3102.25,3091.0,3061.0,1953.3000000000002,2003.3000000000002
39,118,3111.625,1978.3000000000002,46.32636363636364,55,0,3102.25,3132.25,3121.0,3091.0,1953.3000000000002,2003.3000000000002
39,119,3141.625,1978.3000000000002,43.72846153846154,52,0,3132.25,3162.25,3151.0,3121.0,1953.3000000000002,2003.3000000000002
39,120,3171.625,1978.3000000000002,46.66176470588236,51,0,3162.25,3192.25,3181.0,3151.0,1953.3000000000002,2003.3000000000002
39,121,3201.625,1978.3000000000002,46.6468888888889,45,0,3192.25,3222.25,3211.0,3181.0,1953.3000000000002,2003.3000000000002
39,122,3231.625,1978.3000000000002,48.78027777777776,36,0,3222.25,3252.25,3241.0,3211.0,1953.3000000000002,2003.3000000000002
39,123,3261.625,1978.3000000000002,53.37172757475083,43,0,3252.25,3282.25,3271.0,3241.0,1953.3000000000002,2003.3000000000002
39,124,3291.625,1978.3000000000002,52.393214285714286,28,0,3282.25,3312.25,3301.0,3271.0,1953.3000000000002,2003.3000000000002
39,125,3321.625,1978.3000000000002,42.67535714285713,56,0,3312.25,3342.25,3331.0,3301.0,1953.3000000000002,2003.3000000000002
39,126,3351.625,1978.3000000000002,49.10604166666668,48,0,3342.25,3372.25,3361.0,3331.0,1953.3000000000002,2003.3000000000002
39,127,3381.625,1978.3000000000002,48.664130434782614,46,0,3372.25,3402.25,3391.0,3361.0,1953.3000000000002,2003.3000000000002
39,128,3411.625,1978.3000000000002,55.61448979591837,49,0,3402.25,3432.25,3421.0,3391.0,1953.3000000000002,2003.3000000000002
39,129,3441.625,1978.3000000000002,54.82324999999999,40,0,3432.25,3462.25,3451.0,3421.0,1953.3000000000002,2003.3000000000002
39,130,3471.625,1978.3000000000002,55.25864864864864,37,0,3462.25,3492.25,3481.0,3451.0,1953.3000000000002,2003.3000000000002
39,131,3501.625,1978.3000000000002,56.1642105263158,38,0,3492.25,3522.25,3511.0,3481.0,1953.3000000000002,2003.3000000000002
39,132,3531.625,1978.3000000000002,55.688857142857145,35,0,3522.25,3552.25,3541.0,3511.0,1953.3000000000002,2003.3000000000002
39,133,3561.625,1978.3000000000002,52.273823529411764,34,0,3552.25,3582.25,3571.0,3541.0,1953.3000000000002,2003.3000000000002
39,134,3591.625,1978.3000000000002,52.21409090909092,44,0,3582.25,3612.25,3601.0,3571.0,1953.3000000000002,2003.3000000000002
39,135,3621.625,1978.3000000000002,57.00857142857143,42,0,3612.25,3642.25,3631.0,3601.0,1953.3000000000002,2003.3000000000002
39,136,3651.625,1978.3000000000002,57.840731707317076,41,0,3642.25,3672.25,3661.0,3631.0,1953.3000000000002,2003.3000000000002
39,137,3681.625,1978.3000000000002,53.6578947368421,38,0,3672.25,3702.25,3691.0,3661.0,1953.3000000000002,2003.3000000000002
39,138,3711.625,1978.3000000000002,52.87272727272728,44,0,3702.25,3732.25,3721.0,3691.0,1953.3000000000002,2003.3000000000002
39,139,3741.625,1978.3000000000002,56.315769230769234,26,0,3732.25,3762.25,3751.0,3721.0,1953.3000000000002,2003.3000000000002
39,140,3771.625,1978.3000000000002,53.42920000000001,25,0,3762.25,3792.25,3781.0,3751.0,1953.3000000000002,2003.3000000000002
39,141,3801.625,1978.3000000000002,50.16151515151514,33,0,3792.25,3822.25,3811.0,3781.0,1953.3000000000002,2003.3000000000002
39,142,3831.625,1978.3000000000002,52.39,1,0,3822.25,3852.25,3841.0,3811.0,1953.3000000000002,2003.3000000000002
40,15,10.375,2028.3000000000002,57.37941176470588,17,0,1.0,31.0,19.75,-10.25,2003.3000000000002,2053.3
40,16,40.375,2028.3000000000002,62.8845238095238,42,0,31.0,61.0,49.75,19.75,2003.3000000000002,2053.3
40,17,70.375,2028.3000000000002,65.8184,25,0,61.0,91.0,79.75,49.75,2003.3000000000002,2053.3
40,18,100.375,2028.3000000000002,67.842,20,0,91.0,121.0,109.75,79.75,2003.3000000000002,2053.3
40,19,130.375,2028.3000000000002,73.45090909090908,22,0,121.0,151.0,139.75,109.75,2003.3000000000002,2053.3
40,20,160.375,2028.3000000000002,75.500625,16,0,151.0,181.0,169.75,139.75,2003.3000000000002,2053.3
40,21,190.375,2028.3000000000002,64.49461538461539,13,0,181.0,211.0,199.75,169.75,2003.3000000000002,2053.3
40,22,220.375,2028.3000000000002,54.02581818181818,55,0,211.0,241.0,229.75,199.75,2003.3000000000002,2053.3
40,23,250.375,2028.3000000000002,53.789622641509425,53,0,241.0,271.0,259.75,229.75,2003.3000000000002,2053.3
40,24,280.375,2028.3000000000002,67.73935483870966,31,0,271.0,301.0,289.75,259.75,2003.3000000000002,2053.3
40,25,310.375,2028.3000000000002,70.21216216216214,37,0,301.0,331.0,319.75,289.75,2003.3000000000002,2053.3
40,26,340.375,2028.3000000000002,74.68266666666666,15,0,331.0,361.0,349.75,319.75,2003.3000000000002,2053.3
40,27,370.375,2028.3000000000002,64.2294736842105,19,0,361.0,391.0,379.75,349.75,2003.3000000000002,2053.3
40,28,400.375,2028.3000000000002,66.58649999999999,20,0,391.0,421.0,409.75,379.75,2003.3000000000002,2053.3
40,29,430.375,2028.3000000000002,78.64857142857143,21,0,421.0,451.0,439.75,409.75,2003.3000000000002,2053.3
40,30,460.375,2028.3000000000002,72.90411764705883,17,0,451.0,481.0,469.75,439.75,2003.3000000000002,2053.3
40,31,490.375,2028.3000000000002,75.76071428571429,14,0,481.0,511.0,499.75,469.75,2003.3000000000002,2053.3
40,32,520.375,2028.3000000000002,58.504000000000005,45,0,511.0,541.0,529.75,499.75,2003.3000000000002,2053.3
40,33,550.375,2028.3000000000002,58.83999999999999,44,0,541.0,571.0,559.75,529.75,2003.3000000000002,2053.3
40,34,580.375,2028.3000000000002,56.525,38,0,571.0,601.0,589.75,559.75,2003.3000000000002,2053.3
40,35,610.375,2028.3000000000002,57.82093023255813,43,0,601.0,631.0,619.75,589.75,2003.3000000000002,2053.3
40,36,640.375,2028.3000000000002,55.94037037037037,54,0,631.0,661.0,649.75,619.75,2003.3000000000002,2053.3
40,37,670.375,2028.3000000000002,55.72666666666666,48,0,661.0,691.0,679.75,649.75,2003.3000000000002,2053.3
40,38,700.375,2028.3000000000002,48.56777777777776,54,0,691.0,721.0,709.75,679.75,2003.3000000000002,2053.3
40,39,730.375,2028.3000000000002,43.588703703703715,54,0,721.0,751.0,739.75,709.75,2003.3000000000002,2053.3
40,40,760.375,2028.3000000000002,43.86692307692308,65,0,751.0,781.0,769.75,739.75,2003.3000000000002,2053.3
40,41,790.375,2028.3000000000002,52.2854347826087,46,0,781.0,811.0,799.75,769.75,2003.3000000000002,2053.3
40,42,820.375,2028.3000000000002,55.17488372093023,43,0,811.0,841.0,829.75,799.75,2003.3000000000002,2053.3
40,43,850.375,2028.3000000000002,52.19654545454545,55,0,841.0,871.0,859.75,829.75,2003.3000000000002,2053.3
40,44,880.375,2028.3000000000002,60.510250000000006,40,0,871.0,901.0,889.75,859.75,2003.3000000000002,2053.3
40,45,910.375,2028.3000000000002,59.432894736842115,38,0,901.0,931.0,919.75,889.75,2003.3000000000002,2053.3
40,46,940.375,2028.3000000000002,57.42604651162791,43,0,931.0,961.0,949.75,919.75,2003.3000000000002,2053.3
40,47,970.375,2028.3000000000002,54.29615384615385,52,0,961.0,991.0,979.75,949.75,2003.3000000000002,2053.3
40,48,1000.375,2028.3000000000002,52.59062500000001,48,0,991.0,1021.0,1009.75,979.75,2003.3000000000002,2053.3
40,49,1030.375,2028.3000000000002,53.98416666666668,48,0,1021.0,1051.0,1039.75,1009.75,2003.3000000000002,2053.3
40,50,1060.375,2028.3000000000002,52.41154320987653,54,0,1051.0,1081.0,1069.75,1039.75,2003.3000000000002,2053.3
40,51,1090.375,2028.3000000000002,52.83195652173913,46,0,1081.0,1111.0,1099.75,1069.75,2003.3000000000002,2053.3
40,52,1120.375,2028.3000000000002,58.20459459459459,37,0,1111.0,1141.0,1129.75,1099.75,2003.3000000000002,2053.3
40,53,1150.375,2028.3000000000002,55.87142512077294,46,0,1141.0,1171.0,1159.75,1129.75,2003.3000000000002,2053.3
40,54,1180.375,2028.3000000000002,58.254166666666656,36,0,1171.0,1201.0,1189.75,1159.75,2003.3000000000002,2053.3
40,55,1210.375,2028.3000000000002,54.28510204081632,49,0,1201.0,1231.0,1219.75,1189.75,2003.3000000000002,2053.3
40,56,1240.375,2028.3000000000002,49.34885245901639,61,0,1231.0,1261.0,1249.75,1219.75,2003.3000000000002,2053.3
40,57,1270.375,2028.3000000000002,50.839268292682924,41,0,1261.0,1291.0,1279.75,1249.75,2003.3000000000002,2053.3
40,58,1300.375,2028.3000000000002,52.17618012422361,46,0,1291.0,1321.0,1309.75,1279.75,2003.3000000000002,2053.3
40,59,1330.375,2028.3000000000002,54.9638095238095,42,0,1321.0,1351.0,1339.75,1309.75,2003.3000000000002,2053.3
40,60,1360.375,2028.3000000000002,51.45162162162162,37,0,1351.0,1381.0,1369.75,1339.75,2003.3000000000002,2053.3
40,61,1390.375,2028.3000000000002,48.9234,50,0,1381.0,1411.0,1399.75,1369.75,2003.3000000000002,2053.3
40,62,1420.375,2028.3000000000002,55.905624999999986,32,0,1411.0,1441.0,1429.75,1399.75,2003.3000000000002,2053.3
40,63,1450.375,2028.3000000000002,50.640983606557384,61,0,1441.0,1471.0,1459.75,1429.75,2003.3000000000002,2053.3
40,64,1480.375,2028.3000000000002,52.59211538461539,52,0,1471.0,1501.0,1489.75,1459.75,2003.3000000000002,2053.3
40,65,1510.375,2028.3000000000002,49.6336170212766,47,0,1501.0,1531.0,1519.75,1489.75,2003.3000000000002,2053.3
40,66,1540.375,2028.3000000000002,53.218333333333334,30,0,1531.0,1561.0,1549.75,1519.75,2003.3000000000002,2053.3
40,67,1570.375,2028.3000000000002,44.32133333333333,55,0,1561.0,1591.0,1579.75,1549.75,2003.3000000000002,2053.3
40,68,1600.375,2028.3000000000002,38.17449275362319,69,0,1591.0,1621.0,1609.75,1579.75,2003.3000000000002,2053.3
40,69,1630.375,2028.3000000000002,45.114821428571425,56,0,1621.0,1651.0,1639.75,1609.75,2003.3000000000002,2053.3
40,70,1660.375,2028.3000000000002,32.84438356164383,73,0,1651.0,1681.0,1669.75,1639.75,2003.3000000000002,2053.3
40,71,1690.375,2028.3000000000002,33.283934426229514,61,0,1681.0,1711.0,1699.75,1669.75,2003.3000000000002,2053.3
40,72,1720.375,2028.3000000000002,36.83111111111111,63,0,1711.0,1741.0,1729.75,1699.75,2003.3000000000002,2053.3
40,73,1750.375,2028.3000000000002,48.18700000000002,50,0,1741.0,1771.0,1759.75,1729.75,2003.3000000000002,2053.3
40,74,1780.375,2028.3000000000002,51.74441860465118,43,0,1771.0,1801.0,1789.75,1759.75,2003.3000000000002,2053.3
40,75,1810.375,2028.3000000000002,53.33249999999999,44,0,1801.0,1831.0,1819.75,1789.75,2003.3000000000002,2053.3
40,76,1840.375,2028.3000000000002,53.40621621621621,37,0,1831.0,1861.0,1849.75,1819.75,2003.3000000000002,2053.3
40,77,1870.375,2028.3000000000002,54.814,35,0,1861.0,1891.0,1879.75,1849.75,2003.3000000000002,2053.3
40,78,1900.375,2028.3000000000002,55.13216216216216,37,0,1891.0,1921.0,1909.75,1879.75,2003.3000000000002,2053.3
40,79,1930.375,2028.3000000000002,61.23538461538461,26,0,1921.0,1951.0,1939.75,1909.75,2003.3000000000002,2053.3
40,80,1960.375,2028.3000000000002,57.18000000000001,31,0,1951.0,1981.0,1969.75,1939.75,2003.3000000000002,2053.3
40,81,1990.375,2028.3000000000002,51.84209302325581,43,0,1981.0,2011.0,1999.75,1969.75,2003.3000000000002,2053.3
40,82,2020.375,2028.3000000000002,51.857906976744175,43,0,2011.0,2041.0,2029.75,1999.75,2003.3000000000002,2053.3
40,83,2050.375,2028.3000000000002,52.152666666666676,45,0,2041.0,2071.0,2059.75,2029.75,2003.3000000000002,2053.3
40,84,2080.375,2028.3000000000002,53.007631578947375,38,0,2071.0,2101.0,2089.75,2059.75,2003.3000000000002,2053.3
40,85,2110.375,2028.3000000000002,49.62145833333333,48,0,2101.0,2131.0,2119.75,2089.75,2003.3000000000002,2053.3
40,86,2140.375,2028.3000000000002,50.2146875,32,0,2131.0,2161.0,2149.75,2119.75,2003.3000000000002,2053.3
40,87,2170.375,2028.3000000000002,51.95416666666665,48,0,2161.0,2191.0,2179.75,2149.75,2003.3000000000002,2053.3
40,88,2200.375,2028.3000000000002,51.66674418604652,43,0,2191.0,2221.0,2209.75,2179.75,2003.3000000000002,2053.3
40,89,2230.375,2028.3000000000002,50.922978723404235,47,0,2221.0,2251.0,2239.75,2209.75,2003.3000000000002,2053.3
40,90,2260.375,2028.3000000000002,48.582,30,0,2251.0,2281.0,2269.75,2239.75,2003.3000000000002,2053.3
40,91,2290.375,2028.3000000000002,52.706111111111106,36,0,2281.0,2311.0,2299.75,2269.75,2003.3000000000002,2053.3
40,92,2320.375,2028.3000000000002,44.33097560975609,41,0,2311.0,2341.0,2329.75,2299.75,2003.3000000000002,2053.3
40,93,2350.375,2028.3000000000002,48.2854347826087,46,0,2341.0,2371.0,2359.75,2329.75,2003.3000000000002,2053.3
40,94,2380.375,2028.3000000000002,54.743333333333325,39,0,2371.0,2401.0,2389.75,2359.75,2003.3000000000002,2053.3
40,95,2410.375,2028.3000000000002,51.932727272727284,33,0,2401.0,2431.0,2419.75,2389.75,2003.3000000000002,2053.3
40,96,2440.375,2028.3000000000002,46.604210526315796,38,0,2431.0,2461.0,2449.75,2419.75,2003.3000000000002,2053.3
40,97,2470.375,2028.3000000000002,48.53744186046511,43,0,2461.0,2491.0,2479.75,2449.75,2003.3000000000002,2053.3
40,98,2500.375,2028.3000000000002,53.614418604651156,43,0,2491.0,2521.0,2509.75,2479.75,2003.3000000000002,2053.3
40,99,2530.375,2028.3000000000002,55.525000000000006,38,0,2521.0,2551.0,2539.75,2509.75,2003.3000000000002,2053.3
40,100,2560.375,2028.3000000000002,58.610789473684214,38,0,2551.0,2581.0,2569.75,2539.75,2003.3000000000002,2053.3
40,101,2590.375,2028.3000000000002,53.516153846153834,39,0,2581.0,2611.0,2599.75,2569.75,2003.3000000000002,2053.3
40,102,2620.375,2028.3000000000002,50.5831914893617,47,0,2611.0,2641.0,2629.75,2599.75,2003.3000000000002,2053.3
40,103,2650.375,2028.3000000000002,53.30184210526316,38,0,2641.0,2671.0,2659.75,2629.75,2003.3000000000002,2053.3
40,104,2680.375,2028.3000000000002,52.96794871794871,39,0,2671.0,2701.0,2689.75,2659.75,2003.3000000000002,2053.3
40,105,2710.375,2028.3000000000002,54.52239999999999,50,0,2701.0,2731.0,2719.75,2689.75,2003.3000000000002,2053.3
40,106,2740.375,2028.3000000000002,52.6485185185185,27,0,2731.0,2761.0,2749.75,2719.75,2003.3000000000002,2053.3
40,107,2770.375,2028.3000000000002,53.78484848484848,33,0,2761.0,2791.0,2779.75,2749.75,2003.3000000000002,2053.3
40,108,2800.375,2028.3000000000002,50.534117647058835,34,0,2791.0,2821.0,2809.75,2779.75,2003.3000000000002,2053.3
40,109,2830.375,2028.3000000000002,48.74045454545455,44,0,2821.0,2851.0,2839.75,2809.75,2003.3000000000002,2053.3
40,110,2860.375,2028.3000000000002,51.111399999999975,50,0,2851.0,2881.0,2869.75,2839.75,2003.3000000000002,2053.3
40,111,2890.375,2028.3000000000002,49.31508474576271,59,0,2881.0,2911.0,2899.75,2869.75,2003.3000000000002,2053.3
40,112,2920.375,2028.3000000000002,50.45535714285715,56,0,2911.0,2941.0,2929.75,2899.75,2003.3000000000002,2053.3
40,113,2950.375,2028.3000000000002,51.37617647058823,34,0,2941.0,2971.0,2959.75,2929.75,2003.3000000000002,2053.3
40,114,2980.375,2028.3000000000002,47.47608695652173,46,0,2971.0,3001.0,2989.75,2959.75,2003.3000000000002,2053.3
40,115,3010.375,2028.3000000000002,52.00980769230767,52,0,3001.0,3031.0,3019.75,2989.75,2003.3000000000002,2053.3
40,116,3040.375,2028.3000000000002,50.70993055555555,48,0,3031.0,3061.0,3049.75,3019.75,2003.3000000000002,2053.3
40,117,3070.375,2028.3000000000002,49.994358974358974,39,0,3061.0,3091.0,3079.75,3049.75,2003.3000000000002,2053.3
40,118,3100.375,2028.3000000000002,48.15339622641509,53,0,3091.0,3121.0,3109.75,3079.75,2003.3000000000002,2053.3
40,119,3130.375,2028.3000000000002,44.93175438596491,57,0,3121.0,3151.0,3139.75,3109.75,2003.3000000000002,2053.3
40,120,3160.375,2028.3000000000002,44.88300000000002,60,0,3151.0,3181.0,3169.75,3139.75,2003.3000000000002,2053.3
40,121,3190.375,2028.3000000000002,45.505200000000016,50,0,3181.0,3211.0,3199.75,3169.75,2003.3000000000002,2053.3
40,122,3220.375,2028.3000000000002,46.64590909090908,44,0,3211.0,3241.0,3229.75,3199.75,2003.3000000000002,2053.3
40,123,3250.375,2028.3000000000002,52.05117647058824,34,0,3241.0,3271.0,3259.75,3229.75,2003.3000000000002,2053.3
40,124,3280.375,2028.3000000000002,52.63024999999999,40,0,3271.0,3301.0,3289.75,3259.75,2003.3000000000002,2053.3
40,125,3310.375,2028.3000000000002,47.34439024390245,41,0,3301.0,3331.0,3319.75,3289.75,2003.3000000000002,2053.3
40,126,3340.375,2028.3000000000002,43.1785,60,0,3331.0,3361.0,3349.75,3319.75,2003.3000000000002,2053.3
40,127,3370.375,2028.3000000000002,49.73892857142857,49,0,3361.0,3391.0,3379.75,3349.75,2003.3000000000002,2053.3
40,128,3400.375,2028.3000000000002,49.545588235294126,51,0,3391.0,3421.0,3409.75,3379.75,2003.3000000000002,2053.3
40,129,3430.375,2028.3000000000002,55.896756756756766,37,0,3421.0,3451.0,3439.75,3409.75,2003.3000000000002,2053.3
40,130,3460.375,2028.3000000000002,53.27204081632653,49,0,3451.0,3481.0,3469.75,3439.75,2003.3000000000002,2053.3
40,131,3490.375,2028.3000000000002,55.735263157894735,38,0,3481.0,3511.0,3499.75,3469.75,2003.3000000000002,2053.3
40,132,3520.375,2028.3000000000002,55.308499999999995,40,0,3511.0,3541.0,3529.75,3499.75,2003.3000000000002,2053.3
40,133,3550.375,2028.3000000000002,52.60055555555555,36,0,3541.0,3571.0,3559.75,3529.75,2003.3000000000002,2053.3
40,134,3580.375,2028.3000000000002,50.89826086956522,46,0,3571.0,3601.0,3589.75,3559.75,2003.3000000000002,2053.3
40,135,3610.375,2028.3000000000002,53.76823529411766,51,0,3601.0,3631.0,3619.75,3589.75,2003.3000000000002,2053.3
40,136,3640.375,2028.3000000000002,56.18926829268292,41,0,3631.0,3661.0,3649.75,3619.75,2003.3000000000002,2053.3
40,137,3670.375,2028.3000000000002,55.912121212121214,33,0,3661.0,3691.0,3679.75,3649.75,2003.3000000000002,2053.3
40,138,3700.375,2028.3000000000002,51.59030303030304,44,0,3691.0,3721.0,3709.75,3679.75,2003.3000000000002,2053.3
40,139,3730.375,2028.3000000000002,51.79560975609757,41,0,3721.0,3751.0,3739.75,3709.75,2003.3000000000002,2053.3
40,140,3760.375,2028.3000000000002,56.962142857142865,28,0,3751.0,3781.0,3769.75,3739.75,2003.3000000000002,2053.3
40,141,3790.375,2028.3000000000002,52.90030303030304,33,0,3781.0,3811.0,3799.75,3769.75,2003.3000000000002,2053.3
40,142,3820.375,2028.3000000000002,48.60176470588235,17,0,3811.0,3841.0,3829.75,3799.75,2003.3000000000002,2053.3
41,15,2.5530357142858975,2063.064285714285,53.64,1,0,-10.25,19.75,15.356071428571795,-14.643928571428205,2053.3,2072.82857142857
41,16,32.5530357142859,2063.064285714285,61.129603174603176,14,0,19.75,49.75,45.356071428571795,15.356071428571795,2053.3,2072.82857142857
41,17,62.5530357142859,2063.064285714285,63.495894179894165,15,0,49.75,79.75,75.3560714285718,45.356071428571795,2053.3,2072.82857142857
41,18,92.5530357142859,2063.064285714285,65.89083333333333,9,0,79.75,109.75,105.3560714285718,75.3560714285718,2053.3,2072.82857142857
41,19,122.5530357142859,2063.064285714285,71.84270833333335,8,0,109.75,139.75,135.3560714285718,105.3560714285718,2053.3,2072.82857142857
41,20,152.5530357142859,2063.064285714285,74.89387896825394,8,0,139.75,169.75,165.3560714285718,135.3560714285718,2053.3,2072.82857142857
41,21,182.5530357142859,2063.064285714285,75.7888888888889,1,0,169.75,199.75,195.3560714285718,165.3560714285718,2053.3,2072.82857142857
41,22,212.5530357142859,2063.064285714285,56.320841269841274,15,0,199.75,229.75,225.3560714285718,195.3560714285718,2053.3,2072.82857142857
41,23,242.5530357142859,2063.064285714285,53.3740350877193,19,0,229.75,259.75,255.3560714285718,225.3560714285718,2053.3,2072.82857142857
41,24,272.5530357142859,2063.064285714285,59.10594907407407,12,0,259.75,289.75,285.3560714285718,255.3560714285718,2053.3,2072.82857142857
41,25,302.5530357142859,2063.064285714285,71.47967532467534,11,0,289.75,319.75,315.3560714285718,285.3560714285718,2053.3,2072.82857142857
41,26,332.5530357142859,2063.064285714285,72.51756944444445,8,0,319.75,349.75,345.3560714285718,315.3560714285718,2053.3,2072.82857142857
41,27,362.5530357142859,2063.064285714285,66.52857142857142,6,0,349.75,379.75,375.3560714285718,345.3560714285718,2053.3,2072.82857142857
41,28,392.5530357142859,2063.064285714285,63.14991071428572,8,0,379.75,409.75,405.3560714285718,375.3560714285718,2053.3,2072.82857142857
41,29,422.5530357142859,2063.064285714285,72.57380952380952,6,0,409.75,439.75,435.3560714285718,405.3560714285718,2053.3,2072.82857142857
41,30,452.5530357142859,2063.064285714285,74.37224489795918,7,0,439.75,469.75,465.3560714285718,435.3560714285718,2053.3,2072.82857142857
41,31,482.5530357142859,2063.064285714285,72.09,4,0,469.75,499.75,495.3560714285718,465.3560714285718,2053.3,2072.82857142857
41,32,512.5530357142859,2063.064285714285,59.35592403628119,14,0,499.75,529.75,525.3560714285718,495.3560714285718,2053.3,2072.82857142857
41,33,542.5530357142859,2063.064285714285,60.09346405228758,17,0,529.75,559.75,555.3560714285718,525.3560714285718,2053.3,2072.82857142857
41,34,572.5530357142859,2063.064285714285,58.26567901234567,9,0,559.75,589.75,585.3560714285718,555.3560714285718,2053.3,2072.82857142857
41,35,602.5530357142859,2063.064285714285,56.098717948717955,13,0,589.75,619.75,615.3560714285718,585.3560714285718,2053.3,2072.82857142857
41,36,632.5530357142859,2063.064285714285,58.319526143790846,17,0,619.75,649.75,645.3560714285718,615.3560714285718,2053.3,2072.82857142857
41,37,662.5530357142859,2063.064285714285,53.895179738562085,17,0,649.75,679.75,675.3560714285718,645.3560714285718,2053.3,2072.82857142857
41,38,692.5530357142859,2063.064285714285,55.657083333333325,16,0,679.75,709.75,705.3560714285718,675.3560714285718,2053.3,2072.82857142857
41,39,722.5530357142859,2063.064285714285,41.969420995671,22,0,709.75,739.75,735.3560714285718,705.3560714285718,2053.3,2072.82857142857
41,40,752.5530357142859,2063.064285714285,46.82979166666666,24,0,739.75,769.75,765.3560714285718,735.3560714285718,2053.3,2072.82857142857
41,41,782.5530357142859,2063.064285714285,47.53898611111111,20,0,769.75,799.75,795.3560714285718,765.3560714285718,2053.3,2072.82857142857
41,42,812.5530357142859,2063.064285714285,58.192040816326525,14,0,799.75,829.75,825.3560714285718,795.3560714285718,2053.3,2072.82857142857
41,43,842.5530357142859,2063.064285714285,51.71496031746032,21,0,829.75,859.75,855.3560714285718,825.3560714285718,2053.3,2072.82857142857
41,44,872.5530357142859,2063.064285714285,61.879259259259264,12,0,859.75,889.75,885.3560714285718,855.3560714285718,2053.3,2072.82857142857
41,45,902.5530357142859,2063.064285714285,59.60248329156226,19,0,889.75,919.75,915.3560714285718,885.3560714285718,2053.3,2072.82857142857
41,46,932.5530357142859,2063.064285714285,58.87696428571428,16,0,919.75,949.75,945.3560714285718,915.3560714285718,2053.3,2072.82857142857
41,47,962.5530357142859,2063.064285714285,56.57438988095238,16,0,949.75,979.75,975.3560714285718,945.3560714285718,2053.3,2072.82857142857
41,48,992.5530357142859,2063.064285714285,53.03840608465608,24,0,979.75,1009.75,1005.3560714285718,975.3560714285718,2053.3,2072.82857142857
41,49,1022.5530357142859,2063.064285714285,53.77708994708994,18,0,1009.75,1039.75,1035.3560714285718,1005.3560714285718,2053.3,2072.82857142857
41,50,1052.553035714286,2063.064285714285,57.39172619047619,16,0,1039.75,1069.75,1065.3560714285718,1035.3560714285718,2053.3,2072.82857142857
41,51,1082.553035714286,2063.064285714285,50.58535714285714,14,0,1069.75,1099.75,1095.3560714285718,1065.3560714285718,2053.3,2072.82857142857
41,52,1112.553035714286,2063.064285714285,58.7146560846561,12,0,1099.75,1129.75,1125.3560714285718,1095.3560714285718,2053.3,2072.82857142857
41,53,1142.553035714286,2063.064285714285,56.49674603174605,14,0,1129.75,1159.75,1155.3560714285718,1125.3560714285718,2053.3,2072.82857142857
41,54,1172.553035714286,2063.064285714285,55.805476190476185,15,0,1159.75,1189.75,1185.3560714285718,1155.3560714285718,2053.3,2072.82857142857
41,55,1202.553035714286,2063.064285714285,57.172201213818866,17,0,1189.75,1219.75,1215.3560714285718,1185.3560714285718,2053.3,2072.82857142857
41,56,1232.553035714286,2063.064285714285,50.408636363636376,22,0,1219.75,1249.75,1245.3560714285718,1215.3560714285718,2053.3,2072.82857142857
41,57,1262.553035714286,2063.064285714285,51.51968253968254,11,0,1249.75,1279.75,1275.3560714285718,1245.3560714285718,2053.3,2072.82857142857
41,58,1292.553035714286,2063.064285714285,52.26566358024692,18,0,1279.75,1309.75,1305.3560714285718,1275.3560714285718,2053.3,2072.82857142857
41,59,1322.553035714286,2063.064285714285,55.25194444444444,14,0,1309.75,1339.75,1335.3560714285718,1305.3560714285718,2053.3,2072.82857142857
41,60,1352.553035714286,2063.064285714285,53.40956018518518,12,0,1339.75,1369.75,1365.3560714285718,1335.3560714285718,2053.3,2072.82857142857
41,61,1382.5530357142861,2063.064285714285,50.18685374149661,14,0,1369.75,1399.75,1395.3560714285718,1365.3560714285718,2053.3,2072.82857142857
41,62,1412.5530357142861,2063.064285714285,54.4260515873016,18,0,1399.75,1429.75,1425.3560714285718,1395.3560714285718,2053.3,2072.82857142857
41,63,1442.5530357142861,2063.064285714285,52.86004629629628,18,0,1429.75,1459.75,1455.3560714285718,1425.3560714285718,2053.3,2072.82857142857
41,64,1472.5530357142861,2063.064285714285,51.38581547619047,20,0,1459.75,1489.75,1485.3560714285718,1455.3560714285718,2053.3,2072.82857142857
41,65,1502.5530357142861,2063.064285714285,50.60623949579832,17,0,1489.75,1519.75,1515.3560714285718,1485.3560714285718,2053.3,2072.82857142857
41,66,1532.5530357142861,2063.064285714285,52.459492481203,19,0,1519.75,1549.75,1545.3560714285718,1515.3560714285718,2053.3,2072.82857142857
41,67,1562.5530357142861,2063.064285714285,45.94653521825396,16,0,1549.75,1579.75,1575.3560714285718,1545.3560714285718,2053.3,2072.82857142857
41,68,1592.5530357142861,2063.064285714285,41.2957298136646,23,0,1579.75,1609.75,1605.3560714285718,1575.3560714285718,2053.3,2072.82857142857
41,69,1622.5530357142861,2063.064285714285,42.5872833994709,24,0,1609.75,1639.75,1635.3560714285718,1605.3560714285718,2053.3,2072.82857142857
41,70,1652.5530357142861,2063.064285714285,33.51735449735449,27,0,1639.75,1669.75,1665.3560714285718,1635.3560714285718,2053.3,2072.82857142857
41,71,1682.5530357142861,2063.064285714285,35.40953968253969,20,0,1669.75,1699.75,1695.3560714285718,1665.3560714285718,2053.3,2072.82857142857
41,72,1712.5530357142861,2063.064285714285,37.40533446712018,28,0,1699.75,1729.75,1725.3560714285718,1695.3560714285718,2053.3,2072.82857142857
41,73,1742.5530357142861,2063.064285714285,41.77292397660818,19,0,1729.75,1759.75,1755.3560714285718,1725.3560714285718,2053.3,2072.82857142857
41,74,1772.5530357142861,2063.064285714285,53.05023809523809,14,0,1759.75,1789.75,1785.3560714285718,1755.3560714285718,2053.3,2072.82857142857
41,75,1802.5530357142861,2063.064285714285,51.41724519632415,19,0,1789.75,1819.75,1815.3560714285718,1785.3560714285718,2053.3,2072.82857142857
41,76,1832.5530357142861,2063.064285714285,54.03645723104055,18,0,1819.75,1849.75,1845.3560714285718,1815.3560714285718,2053.3,2072.82857142857
41,77,1862.5530357142861,2063.064285714285,54.75654761904761,12,0,1849.75,1879.75,1875.3560714285718,1845.3560714285718,2053.3,2072.82857142857
41,78,1892.5530357142861,2063.064285714285,53.925753968253964,14,0,1879.75,1909.75,1905.3560714285718,1875.3560714285718,2053.3,2072.82857142857
41,79,1922.5530357142861,2063.064285714285,60.18155844155842,11,0,1909.75,1939.75,1935.3560714285718,1905.3560714285718,2053.3,2072.82857142857
41,80,1952.5530357142861,2063.064285714285,60.163333333333334,10,0,1939.75,1969.75,1965.3560714285718,1935.3560714285718,2053.3,2072.82857142857
41,81,1982.5530357142861,2063.064285714285,54.533363095238094,12,0,1969.75,1999.75,1995.3560714285718,1965.3560714285718,2053.3,2072.82857142857
41,82,2012.5530357142861,2063.064285714285,50.17209401709402,26,0,1999.75,2029.75,2025.3560714285718,1995.3560714285718,2053.3,2072.82857142857
41,83,2042.5530357142861,2063.064285714285,54.13083333333332,13,0,2029.75,2059.75,2055.356071428572,2025.3560714285718,2053.3,2072.82857142857
41,84,2072.553035714286,2063.064285714285,52.418124999999996,12,0,2059.75,2089.75,2085.356071428572,2055.356071428572,2053.3,2072.82857142857
41,85,2102.553035714286,2063.064285714285,51.480063025210086,17,0,2089.75,2119.75,2115.356071428572,2085.356071428572,2053.3,2072.82857142857
41,86,2132.553035714286,2063.064285714285,49.90187499999998,16,0,2119.75,2149.75,2145.356071428572,2115.356071428572,2053.3,2072.82857142857
41,87,2162.553035714286,2063.064285714285,49.31950710108604,19,0,2149.75,2179.75,2175.356071428572,2145.356071428572,2053.3,2072.82857142857
41,88,2192.553035714286,2063.064285714285,54.35899267399266,13,0,2179.75,2209.75,2205.356071428572,2175.356071428572,2053.3,2072.82857142857
41,89,2222.553035714286,2063.064285714285,47.03864126984127,25,0,2209.75,2239.75,2235.356071428572,2205.356071428572,2053.3,2072.82857142857
41,90,2252.553035714286,2063.064285714285,49.38981601731601,11,0,2239.75,2269.75,2265.356071428572,2235.356071428572,2053.3,2072.82857142857
41,91,2282.553035714286,2063.064285714285,51.48296874999998,16,0,2269.75,2299.75,2295.356071428572,2265.356071428572,2053.3,2072.82857142857
41,92,2312.553035714286,2063.064285714285,45.49217195767196,15,0,2299.75,2329.75,2325.356071428572,2295.356071428572,2053.3,2072.82857142857
41,93,2342.553035714286,2063.064285714285,47.30317271352986,21,0,2329.75,2359.75,2355.356071428572,2325.356071428572,2053.3,2072.82857142857
41,94,2372.553035714286,2063.064285714285,50.69801807760141,18,0,2359.75,2389.75,2385.356071428572,2355.356071428572,2053.3,2072.82857142857
41,95,2402.553035714286,2063.064285714285,55.84170274170274,11,0,2389.75,2419.75,2415.356071428572,2385.356071428572,2053.3,2072.82857142857
41,96,2432.553035714286,2063.064285714285,49.99747023809523,16,0,2419.75,2449.75,2445.356071428572,2415.356071428572,2053.3,2072.82857142857
41,97,2462.553035714286,2063.064285714285,44.89052631578948,19,0,2449.75,2479.75,2475.356071428572,2445.356071428572,2053.3,2072.82857142857
41,98,2492.553035714286,2063.064285714285,51.57599673202615,17,0,2479.75,2509.75,2505.356071428572,2475.356071428572,2053.3,2072.82857142857
41,99,2522.553035714286,2063.064285714285,53.32708020050124,19,0,2509.75,2539.75,2535.356071428572,2505.356071428572,2053.3,2072.82857142857
41,100,2552.553035714286,2063.064285714285,57.72680097680097,13,0,2539.75,2569.75,2565.356071428572,2535.356071428572,2053.3,2072.82857142857
41,101,2582.553035714286,2063.064285714285,56.179038461538454,13,0,2569.75,2599.75,2595.356071428572,2565.356071428572,2053.3,2072.82857142857
41,102,2612.553035714286,2063.064285714285,50.77577380952381,18,0,2599.75,2629.75,2625.356071428572,2595.356071428572,2053.3,2072.82857142857
41,103,2642.553035714286,2063.064285714285,51.73039682539683,14,0,2629.75,2659.75,2655.356071428572,2625.356071428572,2053.3,2072.82857142857
41,104,2672.553035714286,2063.064285714285,52.70546485260771,14,0,2659.75,2689.75,2685.356071428572,2655.356071428572,2053.3,2072.82857142857
41,105,2702.553035714286,2063.064285714285,53.660539682539664,20,0,2689.75,2719.75,2715.356071428572,2685.356071428572,2053.3,2072.82857142857
41,106,2732.553035714286,2063.064285714285,55.06014880952381,12,0,2719.75,2749.75,2745.356071428572,2715.356071428572,2053.3,2072.82857142857
41,107,2762.553035714286,2063.064285714285,52.72155612244898,14,0,2749.75,2779.75,2775.356071428572,2745.356071428572,2053.3,2072.82857142857
41,108,2792.553035714286,2063.064285714285,51.24374149659864,14,0,2779.75,2809.75,2805.356071428572,2775.356071428572,2053.3,2072.82857142857
41,109,2822.553035714286,2063.064285714285,51.92787037037038,12,0,2809.75,2839.75,2835.356071428572,2805.356071428572,2053.3,2072.82857142857
41,110,2852.553035714286,2063.064285714285,51.19719298245614,19,0,2839.75,2869.75,2865.356071428572,2835.356071428572,2053.3,2072.82857142857
41,111,2882.553035714286,2063.064285714285,51.265507936507944,20,0,2869.75,2899.75,2895.356071428572,2865.356071428572,2053.3,2072.82857142857
41,112,2912.553035714286,2063.064285714285,47.76642857142858,22,0,2899.75,2929.75,2925.356071428572,2895.356071428572,2053.3,2072.82857142857
41,113,2942.553035714286,2063.064285714285,53.432444444444435,10,0,2929.75,2959.75,2955.356071428572,2925.356071428572,2053.3,2072.82857142857
41,114,2972.553035714286,2063.064285714285,49.11128151260504,17,0,2959.75,2989.75,2985.356071428572,2955.356071428572,2053.3,2072.82857142857
41,115,3002.553035714286,2063.064285714285,50.77660808767952,21,0,2989.75,3019.75,3015.356071428572,2985.356071428572,2053.3,2072.82857142857
41,116,3032.553035714286,2063.064285714285,51.94443253968253,20,0,3019.75,3049.75,3045.356071428572,3015.356071428572,2053.3,2072.82857142857
41,117,3062.553035714286,2063.064285714285,50.983467261904764,16,0,3049.75,3079.75,3075.356071428572,3045.356071428572,2053.3,2072.82857142857
41,118,3092.553035714286,2063.064285714285,48.91159565580617,19,0,3079.75,3109.75,3105.356071428572,3075.356071428572,2053.3,2072.82857142857
41,119,3122.553035714286,2063.064285714285,47.275281385281374,22,0,3109.75,3139.75,3135.356071428572,3105.356071428572,2053.3,2072.82857142857
41,120,3152.553035714286,2063.064285714285,42.72795634920635,24,0,3139.75,3169.75,3165.356071428572,3135.356071428572,2053.3,2072.82857142857
41,121,3182.553035714286,2063.064285714285,44.044375,16,0,3169.75,3199.75,3195.356071428572,3165.356071428572,2053.3,2072.82857142857
41,122,3212.553035714286,2063.064285714285,46.95264770723105,18,0,3199.75,3229.75,3225.356071428572,3195.356071428572,2053.3,2072.82857142857
41,123,3242.553035714286,2063.064285714285,48.225901360544206,14,0,3229.75,3259.75,3255.356071428572,3225.356071428572,2053.3,2072.82857142857
41,124,3272.553035714286,2063.064285714285,54.555892857142865,14,0,3259.75,3289.75,3285.356071428572,3255.356071428572,2053.3,2072.82857142857
41,125,3302.553035714286,2063.064285714285,52.37992063492063,12,0,3289.75,3319.75,3315.356071428572,3285.356071428572,2053.3,2072.82857142857
41,126,3332.553035714286,2063.064285714285,40.87519274376417,21,0,3319.75,3349.75,3345.356071428572,3315.356071428572,2053.3,2072.82857142857
41,127,3362.553035714286,2063.064285714285,48.772777777777776,14,0,3349.75,3379.75,3375.356071428572,3345.356071428572,2053.3,2072.82857142857
41,128,3392.553035714286,2063.064285714285,48.03111111111111,17,0,3379.75,3409.75,3405.356071428572,3375.356071428572,2053.3,2072.82857142857
41,129,3422.553035714286,2063.064285714285,54.643891223155926,17,0,3409.75,3439.75,3435.356071428572,3405.356071428572,2053.3,2072.82857142857
41,130,3452.553035714286,2063.064285714285,50.95485714285714,15,0,3439.75,3469.75,3465.356071428572,3435.356071428572,2053.3,2072.82857142857
41,131,3482.553035714286,2063.064285714285,55.839821428571426,14,0,3469.75,3499.75,3495.356071428572,3465.356071428572,2053.3,2072.82857142857
41,132,3512.553035714286,2063.064285714285,54.802083333333336,12,0,3499.75,3529.75,3525.356071428572,3495.356071428572,2053.3,2072.82857142857
41,133,3542.553035714286,2063.064285714285,55.73429894179895,12,0,3529.75,3559.75,3555.356071428572,3525.356071428572,2053.3,2072.82857142857
41,134,3572.553035714286,2063.064285714285,52.10356060606061,11,0,3559.75,3589.75,3585.356071428572,3555.356071428572,2053.3,2072.82857142857
41,135,3602.553035714286,2063.064285714285,51.16168430335097,18,0,3589.75,3619.75,3615.356071428572,3585.356071428572,2053.3,2072.82857142857
41,136,3632.553035714286,2063.064285714285,55.13982026143792,17,0,3619.75,3649.75,3645.356071428572,3615.356071428572,2053.3,2072.82857142857
41,137,3662.553035714286,2063.064285714285,57.81579365079365,13,0,3649.75,3679.75,3675.356071428572,3645.356071428572,2053.3,2072.82857142857
41,138,3692.553035714286,2063.064285714285,53.49680555555555,12,0,3679.75,3709.75,3705.356071428572,3675.356071428572,2053.3,2072.82857142857
41,139,3722.553035714286,2063.064285714285,49.74272408963585,17,0,3709.75,3739.75,3735.356071428572,3705.356071428572,2053.3,2072.82857142857
41,140,3752.553035714286,2063.064285714285,56.03142857142857,7,0,3739.75,3769.75,3765.356071428572,3735.356071428572,2053.3,2072.82857142857
41,141,3782.553035714286,2063.064285714285,53.07418803418803,13,0,3769.75,3799.75,3795.356071428572,3765.356071428572,2053.3,2072.82857142857
41,142,3812.553035714286,2063.064285714285,50.97948015873015,10,0,3799.75,3829.75,3825.356071428572,3795.356071428572,2053.3,2072.82857142857
